Site_Code,POC_Code,Nwk_Code,Gen_Code,Fuel_Code,Tech_Code,Trading_Date,TP1,TP2,TP3,TP4,TP5,TP6,TP7,TP8,TP9,TP10,TP11,TP12,TP13,TP14,TP15,TP16,TP17,TP18,TP19,TP20,TP21,TP22,TP23,TP24,TP25,TP26,TP27,TP28,TP29,TP30,TP31,TP32,TP33,TP34,TP35,TP36,TP37,TP38,TP39,TP40,TP41,TP42,TP43,TP44,TP45,TP46,TP47,TP48,TP49,TP50
ARA,ARA2201,MRPL,aratiatia,Hydro,Hydro,2026-08-01,23820,23550,23470,23670,23610,23690,23660,23570,23680,23570,23650,23530,24080,24060,24130,24320,25240,25610,25590,25520,25440,24230,21650,21760,20570,12340,12320,12290,12260,12310,12310,12230,12400,12690,12770,20390,24550,24720,25090,25090,25070,25020,25190,25090,25090,13100,12800,12800,,
ARA,ARA2201,MRPL,aratiatia,Hydro,Hydro,2026-08-02,12800,12790,12770,12730,23140,24870,25160,25120,25100,26110,26080,26080,26120,26100,26130,25980,26070,25970,26070,26070,26020,26130,25360,24600,24600,24600,24610,24590,24570,24840,24450,25000,26050,26260,25650,31660,32450,33170,34440,34320,32160,26090,26180,25960,15670,12920,12730,12650,,
ARA,ARA2201,MRPL,aratiatia,Hydro,Hydro,2026-08-03,12320,11990,11320,11290,11320,11200,11410,11320,11330,10790,10310,10320,10290,25290,26040,25950,26050,26080,26050,25880,25990,25980,26010,26060,25980,25910,25980,26050,25920,25990,26150,26070,26150,25970,25960,26010,25780,26190,26550,26670,26180,24890,24690,24610,24630,24560,24770,24560,,
ARA,ARA2201,MRPL,aratiatia,Hydro,Hydro,2026-08-04,24580,24790,24510,24550,12090,11810,11750,11820,11800,10860,10790,12050,12440,23700,31360,32120,32560,32140,31970,31730,31810,31840,32430,34290,34060,33790,34360,33840,33480,32990,33170,32950,32690,32970,33130,38250,39030,38850,38670,38400,38120,36290,35490,35530,36010,36240,36410,36300,,
ARA,ARA2201,MRPL,aratiatia,Hydro,Hydro,2026-08-05,36220,36240,34630,34430,34420,34520,34600,34440,34510,34430,35140,35510,36330,37780,37490,38710,37600,37180,37160,35100,27030,36800,36660,36870,36680,36550,28280,37000,32620,36180,34600,33420,33430,33560,33540,33460,36420,37560,37220,37900,39140,38890,38690,37230,36980,37150,37060,36990,,
ARA,ARA2201,MRPL,aratiatia,Hydro,Hydro,2026-08-06,37000,36920,36860,36430,35720,23550,23200,23150,24930,34270,34770,36570,36980,38230,37580,37270,37300,37440,37430,36540,35920,35560,35410,35420,35400,35450,35450,35450,35350,35560,35480,35340,35310,35470,35540,35380,35490,35600,35390,35520,35380,35430,35460,35370,35460,36040,35910,35900,,
ARA,ARA2201,MRPL,aratiatia,Hydro,Hydro,2026-08-07,36020,35990,35750,36050,36010,35920,36010,35870,35930,34420,33910,33600,33840,34500,35490,37570,38150,38350,36030,34670,34260,34430,34460,34540,34350,34490,34380,34500,34460,34540,35500,35390,35430,35220,35590,35180,35340,35930,36460,36470,36460,36370,36310,36400,36440,36510,36500,36450,,
ARA,ARA2201,MRPL,aratiatia,Hydro,Hydro,2026-08-08,36420,35620,35470,35960,35920,35960,35960,35950,35960,35880,35970,35930,35930,36770,27170,25890,25470,23150,23080,22980,18500,22190,22930,23240,23120,23100,22730,22330,21160,20510,22960,23590,23530,24120,24020,24030,35660,37280,36370,35970,35880,35640,35300,35330,35470,35540,31820,31550,,
ARA,ARA2201,MRPL,aratiatia,Hydro,Hydro,2026-08-09,34830,34900,34960,35020,35510,35520,35440,35110,35880,35530,35520,35660,36150,35560,36090,35870,35940,35960,35920,35860,35910,35960,34710,34270,34590,34490,34220,34440,34530,34510,34770,34240,34320,34500,34430,34320,34330,34470,34450,34490,34500,34450,27470,26570,17620,12940,12930,12790,,
ARA,ARA2201,MRPL,aratiatia,Hydro,Hydro,2026-08-10,12780,12770,12390,12300,12300,12330,12350,12120,12330,13300,24340,24850,25120,25030,29270,34560,34310,34480,34440,34430,34530,34270,34770,34460,34380,34360,34550,34400,34560,34440,34500,36590,37030,36750,37100,36700,36840,36060,28670,23600,23600,23480,23200,23030,23260,23110,23250,23120,,
ARA,ARA2201,MRPL,aratiatia,Hydro,Hydro,2026-08-11,23140,23220,23100,23180,24600,35930,35950,35930,35920,35880,35910,35850,36110,35690,36030,37300,37200,37500,36640,34530,27630,26340,26550,26500,26420,25930,25560,22640,22640,22620,22970,22530,22470,23560,27640,36550,36110,36380,36470,36220,36280,30890,32600,35350,34950,34930,34800,26790,,
ARA,ARA2201,MRPL,aratiatia,Hydro,Hydro,2026-08-12,13030,12870,12780,12760,12830,12800,12830,12880,12870,12870,12860,13200,23700,21300,30910,33970,33600,33740,30330,25100,25440,25990,25950,26020,25980,25610,25560,25750,25500,25620,25510,25470,25220,25080,25120,25030,35360,36840,36920,36760,29380,23160,23140,23210,23100,23090,23170,23230,,
ARA,ARA2201,MRPL,aratiatia,Hydro,Hydro,2026-08-13,23150,23150,23110,23100,23230,22180,22190,22100,22220,22130,22490,22130,25620,35810,35780,35980,35400,34650,28970,25110,24880,23720,23610,22690,22500,22680,21680,21610,21720,21580,21680,21650,21570,21540,24880,35040,35390,35550,35450,35460,35360,35510,35620,35410,33510,23300,23680,23650,,
ARA,ARA2201,MRPL,aratiatia,Hydro,Hydro,2026-08-14,23730,23620,23670,23620,23690,23660,23630,23640,23660,23620,23440,23480,23670,23730,22940,22510,22520,22820,21900,21640,21680,21600,21720,21580,21640,21620,21570,21650,21650,21730,21730,21610,21220,21130,21100,20750,14380,11550,11300,11320,11290,11290,11320,11310,11280,10530,10360,10330,,
ARA,ARA2201,MRPL,aratiatia,Hydro,Hydro,2026-08-15,10320,10340,10340,10330,10330,10310,10350,10310,10340,10340,10330,10290,10330,10340,8120,7850,7850,8760,10690,10880,9420,7850,7850,7830,7840,7990,10970,11730,11870,11860,11820,11750,11810,11920,12790,12770,19430,22560,22570,24300,24630,24580,24640,18670,21310,13680,12830,11600,,
ARA,ARA2201,MRPL,aratiatia,Hydro,Hydro,2026-08-16,10610,10830,10820,10830,10790,10830,10820,10830,10850,10830,10810,10870,10760,10830,10930,11830,11810,17880,25140,26090,25330,24630,24410,23590,21140,21110,21190,22060,22580,22660,22940,24680,24590,24650,26010,26020,35580,35980,35970,25050,26030,25610,25580,25590,25560,25660,25590,25610,,
ARA,ARA2201,MRPL,aratiatia,Hydro,Hydro,2026-08-17,23960,23600,23610,24620,24630,24650,24600,24640,24670,24620,25100,23760,35480,35380,35410,35360,35550,35580,35310,35430,35700,35400,34320,32950,24930,24670,24480,24640,24530,24700,24590,24270,24850,24680,31770,35290,35910,35590,35450,35480,35490,35390,35590,34510,34640,34110,34100,33960,,
ARA,ARA2201,MRPL,aratiatia,Hydro,Hydro,2026-08-18,33840,33820,33220,25140,25580,25690,26210,26110,26100,26040,26010,26100,28200,36180,35800,35430,35340,35880,35360,35460,23930,23640,23520,23710,23730,23600,23600,23580,23610,23720,23300,23880,23600,23770,23630,23490,36160,36420,36550,36310,36410,34410,34600,34270,28260,26490,26440,26040,,
ARA,ARA2201,MRPL,aratiatia,Hydro,Hydro,2026-08-19,26060,26070,26030,26100,26040,26080,26040,26030,26070,26030,30650,34450,33670,33320,33510,33300,34750,36450,28700,28640,27990,24510,24540,24620,24820,26120,29250,29220,26680,26580,26810,26420,27710,27590,28830,30940,30790,32920,34580,34440,34430,34840,35380,35500,35550,35560,35370,35440,,
ARA,ARA2201,MRPL,aratiatia,Hydro,Hydro,2026-08-20,35490,35270,24690,24670,24550,24610,24570,24710,34860,34910,35010,34900,34890,34660,36460,38140,37760,32470,33580,33900,24490,27800,34150,35200,34410,34560,34350,34480,34590,34280,34700,33660,25540,30510,30580,30540,32750,35800,35760,36150,35930,35600,36210,35970,36000,35980,35190,35080,,
ARA,ARA2201,MRPL,aratiatia,Hydro,Hydro,2026-08-21,34870,35030,34740,35080,34840,35100,35010,35040,35000,34950,35030,34760,34880,34860,34850,35020,30190,22650,22570,22640,22990,24020,24220,17780,11270,10820,10690,10930,10100,9800,9780,9790,9800,9700,11320,11850,11740,11740,11690,11750,11890,11180,9860,9780,9830,9810,9820,9830,,
ARA,ARA2201,MRPL,aratiatia,Hydro,Hydro,2026-08-22,9840,9810,9810,9830,10260,10310,10350,10310,9950,10310,8010,8180,8290,8330,8320,8310,8450,8240,8310,8360,8310,8310,8390,8330,8330,8290,8330,8340,8410,8300,8330,8330,8300,8340,8270,8310,8380,8310,8290,8330,7870,7840,7800,7810,7880,7790,7910,7820,,
ARA,ARA2201,MRPL,aratiatia,Hydro,Hydro,2026-08-23,7770,7860,7920,7850,7870,7870,7820,7840,8520,8350,8330,8350,8400,8320,8300,8270,8270,8290,8330,8300,8300,8310,8230,8200,8160,8120,8750,11320,11470,11440,11270,11310,12310,12340,15490,25950,26020,26040,26070,26030,26070,26090,25950,26220,18180,12290,12320,12820,,
ARA,ARA2201,MRPL,aratiatia,Hydro,Hydro,2026-08-24,12840,12750,12780,12940,12940,12940,12920,12900,12870,12850,12850,12830,13090,21580,21550,22760,24620,25070,25070,12260,10900,11120,11330,11350,11280,11310,11140,11340,11370,11410,11220,11820,12280,12240,12390,12790,12740,12740,12820,12750,12790,12780,12730,12770,12790,12860,12770,9780,,
ARA,ARA2201,MRPL,aratiatia,Hydro,Hydro,2026-08-25,8830,8860,8860,8810,8870,9190,8720,8340,8370,8340,8220,8250,8390,8370,8260,8220,8310,7920,7710,8360,8460,8340,8310,8300,8340,8240,8080,7880,7630,7940,7900,7980,8340,8340,8790,21260,21190,21760,21660,21660,15000,11750,11720,11760,11840,11750,11850,10500,,
ARA,ARA2201,MRPL,aratiatia,Hydro,Hydro,2026-08-26,7840,7840,7820,7800,7830,7860,7940,7790,7760,7820,8290,9750,9810,9790,10010,10260,10240,11250,11250,11280,11380,11290,10090,8820,8780,8860,8810,8830,8840,8810,8820,8790,8840,8820,18210,21640,21420,21610,21640,21590,21580,21670,21750,21540,21490,21590,21750,16370,,
ARA,ARA2201,MRPL,aratiatia,Hydro,Hydro,2026-08-27,10780,10860,8200,8850,9820,11170,10330,8840,10650,10630,9170,8270,8340,8290,8830,15090,18210,18200,18200,16160,13170,18050,18300,18170,18120,18130,18220,18190,18210,18240,18150,18140,18220,18170,18250,18180,18090,18040,18160,13320,10800,10830,10050,8400,8330,8320,7910,7800,,
ARA,ARA2201,MRPL,aratiatia,Hydro,Hydro,2026-08-28,7810,7850,7820,7800,7830,7840,7830,7800,7860,7820,7820,7780,7800,7880,9160,17510,17890,17680,13000,12520,9160,11890,12750,12780,12760,12790,12810,12730,12720,12740,8080,8140,9900,9620,9880,9830,9060,8280,9620,9790,9760,9770,8360,8290,8380,8330,8350,8350,,
ARA,ARA2201,MRPL,aratiatia,Hydro,Hydro,2026-08-29,8320,8370,8370,8320,8410,8340,8320,8360,8320,8380,8310,8310,8360,8310,8230,8280,8290,8190,8070,8040,7990,8040,7830,7810,7780,7750,7830,7800,7760,7820,7770,7810,7800,7780,7790,7810,7820,7740,7830,7790,7800,7790,7870,7850,7840,7850,7870,7820,,
ARA,ARA2201,MRPL,aratiatia,Hydro,Hydro,2026-08-30,7890,7850,7870,7790,7910,7850,7830,7880,7840,7860,7850,7860,7860,7830,7850,7800,7900,7830,7830,7870,7770,7870,7890,7770,7870,7730,7830,7940,7880,7820,7810,7870,7780,7850,7860,7760,7850,7660,7870,7800,7840,7790,7800,7840,7830,7890,7810,7830,,
ARA,ARA2201,MRPL,aratiatia,Hydro,Hydro,2026-08-31,7860,7880,7850,7820,7890,7810,7890,7840,7870,7830,7830,7870,7810,7740,7940,7780,7830,7880,10300,10880,10770,10650,10900,10810,10770,10840,12790,9640,7930,7760,10230,10260,10270,10380,10280,10300,19810,21470,21720,21610,21560,21690,21650,21610,15210,11850,12090,12300,,
ARG,ARG1101,CNIR,argyle_wairau,Hydro,Hydro,2026-08-01,5167,5161,5143,5147,5130,5129,5124,89,0,0,4075,5245,5272,5259,5220,5176,5108,5104,5096,5105,5105,5068,5124,3619,3233,3582,40,0,0,0,0,0,3829,5271,5276,5237,5209,5167,5133,5115,5111,5123,5131,5121,5115,5138,5189,5208,,
ARG,ARG1101,CNIR,argyle_wairau,Hydro,Hydro,2026-08-02,5208,216,0,0,0,0,0,0,3884,3345,3608,4593,5263,5278,5243,5192,5140,5107,5105,5105,5122,5124,3161,7,0,0,0,0,0,0,2930,3411,3855,3489,5183,5257,5298,5293,5253,5186,5137,5120,5131,5116,5137,5147,5116,5130,,
ARG,ARG1101,CNIR,argyle_wairau,Hydro,Hydro,2026-08-03,131,0,0,0,0,0,0,0,0,0,2852,3268,3250,5192,5253,5275,5258,5220,5170,5113,5133,3253,3120,3125,3137,3126,5,0,0,0,2315,3234,3245,3234,5136,5243,5262,5289,5261,5207,5148,5113,5119,5131,5140,5130,5136,3188,,
ARG,ARG1101,CNIR,argyle_wairau,Hydro,Hydro,2026-08-04,43,0,0,0,0,0,0,0,0,0,0,0,2753,5096,5177,5248,5275,5239,5200,3262,3134,3437,3158,3272,3203,3205,3228,3223,3232,3254,3865,5218,5250,4952,5229,5207,5144,5328,5142,5232,5365,5217,5304,5116,5108,5102,5139,5169,,
ARG,ARG1101,CNIR,argyle_wairau,Hydro,Hydro,2026-08-05,145,0,0,0,0,0,0,0,0,0,4202,5250,5219,5201,5120,5091,5095,5085,5096,3181,135,0,4,4,0,0,0,0,0,0,4,0,0,0,952,1105,1028,1468,3736,4110,1130,1027,1035,1024,3459,5207,5208,5202,,
ARG,ARG1101,CNIR,argyle_wairau,Hydro,Hydro,2026-08-06,5197,3368,3194,52,0,0,0,0,0,0,0,0,3167,5189,5316,4684,1545,1371,1391,1370,1368,77,0,0,0,0,0,0,0,81,0,0,0,2771,4251,5107,5111,5116,5119,5136,5131,5109,5138,5136,5128,5116,5119,3240,,
ARG,ARG1101,CNIR,argyle_wairau,Hydro,Hydro,2026-08-07,497,0,0,0,0,0,0,0,0,0,0,0,3990,5144,5226,5226,5167,4534,3432,3147,4764,4578,4835,4564,47,0,0,0,0,0,0,0,0,0,4461,5282,5242,5179,5058,3840,3450,3893,4801,3523,3893,3583,3945,3219,,
ARG,ARG1101,CNIR,argyle_wairau,Hydro,Hydro,2026-08-08,0,0,0,0,0,0,0,0,0,0,0,0,0,0,3492,4304,3317,3237,3224,3211,3236,3225,3216,3249,3609,3276,3936,3336,3320,3328,4554,5289,4929,4411,3576,4848,3189,3138,3153,3178,3202,3215,3224,3237,3259,3269,3285,3292,,
ARG,ARG1101,CNIR,argyle_wairau,Hydro,Hydro,2026-08-09,69,0,0,0,0,0,0,0,0,0,0,0,0,0,0,0,0,0,0,0,2989,3315,3305,3286,5214,5305,5313,5283,5245,5186,5144,5118,5129,5137,5140,5138,5130,4869,5067,4617,5004,4019,3406,3385,3688,3378,3419,3365,,
ARG,ARG1101,CNIR,argyle_wairau,Hydro,Hydro,2026-08-10,3348,3341,3332,3319,3310,3308,3310,3237,3287,3594,501,0,0,2916,3576,3878,4257,5202,5325,5333,5300,5240,3356,3177,3142,3162,3199,3203,3229,3242,3247,4149,4937,5271,4027,5249,5221,5195,5167,5142,5128,5142,5142,5135,5141,5141,5146,3251,,
ARG,ARG1101,CNIR,argyle_wairau,Hydro,Hydro,2026-08-11,3203,3209,3219,221,0,0,0,0,0,0,0,0,3856,3802,4745,5245,5257,4978,4594,3837,3161,3511,3510,3231,5161,4949,3366,3341,3343,5243,5327,5318,5279,5214,5172,5137,5117,5137,5159,4914,3518,3481,3505,3212,3223,3242,75,0,,
ARG,ARG1101,CNIR,argyle_wairau,Hydro,Hydro,2026-08-12,0,0,0,0,0,0,0,0,0,0,0,0,4240,5241,5023,5230,5205,5169,5117,5115,5115,5130,5111,3789,3924,3163,3180,3208,3208,3236,3244,4523,4293,4639,4602,5192,5165,5133,5135,5127,4571,3821,4148,3150,16,0,0,0,,
ARG,ARG1101,CNIR,argyle_wairau,Hydro,Hydro,2026-08-13,0,0,0,0,0,0,0,0,0,0,0,0,0,0,2017,2527,2422,2333,2253,2183,2158,2159,2157,2157,2598,2447,2160,2161,2161,2163,2160,2164,2164,2162,2162,2163,2161,2161,2165,2220,2285,2319,2338,2349,2364,2377,2376,2382,,
ARG,ARG1101,CNIR,argyle_wairau,Hydro,Hydro,2026-08-14,2386,2391,2402,2408,2420,2422,2410,2404,2399,2400,2399,2399,2395,2389,2388,2389,2386,2384,2383,2382,2374,2369,2361,2352,2335,2323,2305,2287,2265,2246,2229,2213,2202,2193,3342,2989,2987,2710,2656,2652,2650,2650,2649,2580,2492,2419,2351,2304,,
ARG,ARG1101,CNIR,argyle_wairau,Hydro,Hydro,2026-08-15,2273,1404,1420,1419,1418,1418,19,0,0,0,0,0,1387,2593,2542,2509,2480,2456,2442,2451,2461,2468,2475,2480,2491,2491,2483,2468,683,0,0,2064,3258,3467,3581,3621,3648,3614,3573,3514,3251,2930,2293,2308,2193,2305,2296,1963,,
ARG,ARG1101,CNIR,argyle_wairau,Hydro,Hydro,2026-08-16,1862,45,0,0,0,0,0,0,0,0,0,0,1320,2322,2353,2374,2395,2459,2609,2658,2647,2638,2594,2586,2586,2585,2585,2575,2569,2560,2554,2540,2506,2468,2468,2469,2474,2626,2787,2754,2788,2802,2805,2811,2817,2818,2823,2832,,
ARG,ARG1101,CNIR,argyle_wairau,Hydro,Hydro,2026-08-17,72,0,0,0,0,0,0,0,0,0,0,1645,2061,3389,3477,3475,3477,3476,3511,3563,2786,2685,2670,2657,597,0,0,0,0,0,0,0,2179,2634,3472,3536,3574,3614,3671,3670,3382,3226,3214,2808,2626,2731,2749,2749,,
ARG,ARG1101,CNIR,argyle_wairau,Hydro,Hydro,2026-08-18,2748,2748,2749,2747,2445,2114,1823,0,0,0,0,0,0,652,2090,528,0,2331,2372,2358,2342,30,0,0,0,0,0,0,0,0,0,0,0,0,2634,2781,3588,3412,3423,3465,3490,3510,3529,3541,3551,2835,2621,2574,,
ARG,ARG1101,CNIR,argyle_wairau,Hydro,Hydro,2026-08-19,256,0,0,0,0,0,0,0,0,0,0,2066,2399,3365,3376,3379,3439,3496,2457,2368,144,0,0,0,0,0,0,0,0,0,0,0,2056,2788,3639,3558,3518,3485,3457,3439,3423,3410,3400,3389,3378,2475,2445,2408,,
ARG,ARG1101,CNIR,argyle_wairau,Hydro,Hydro,2026-08-20,91,0,0,0,0,0,0,0,0,0,0,1951,2398,3349,3372,3374,3372,3412,3457,3485,2388,2361,2352,2336,487,0,0,0,0,0,0,0,1444,2534,2453,2408,2723,2513,2167,2172,2177,2183,2189,2190,2193,2616,2845,3264,,
ARG,ARG1101,CNIR,argyle_wairau,Hydro,Hydro,2026-08-21,56,0,0,0,0,0,0,0,0,0,0,0,1922,3563,3585,3587,3580,3550,2612,2367,2349,111,0,0,0,0,0,0,0,0,0,0,0,0,1829,3414,3381,3380,3380,3381,3379,3382,3384,3382,2469,45,0,0,,
ARG,ARG1101,CNIR,argyle_wairau,Hydro,Hydro,2026-08-22,0,0,0,0,0,0,0,0,0,0,0,0,0,0,0,1810,2160,2161,2161,2162,2160,261,0,0,0,0,0,0,1709,2212,2210,2204,2180,2181,2211,2212,2213,2214,2211,2216,2211,2214,2213,2214,2220,2254,2259,2219,,
ARG,ARG1101,CNIR,argyle_wairau,Hydro,Hydro,2026-08-23,2167,2163,2165,2167,2166,2166,380,0,0,0,0,0,1977,2403,2404,2389,2227,96,0,0,0,0,0,0,0,0,2657,2746,3327,3191,3381,3381,3554,3581,3577,3600,3635,3641,3630,3625,3625,3625,3617,3611,3613,3618,3625,3626,,
ARG,ARG1101,CNIR,argyle_wairau,Hydro,Hydro,2026-08-24,3622,3619,3621,3624,3624,3623,3621,3625,3621,3614,3608,3610,3614,3618,3625,3633,3640,3635,3598,3566,3549,43,1780,3372,3371,3374,3374,3375,3374,3378,3378,3379,3382,3382,3485,3579,3583,3577,3578,3579,3580,3582,3582,3582,3581,3579,3580,3579,,
ARG,ARG1101,CNIR,argyle_wairau,Hydro,Hydro,2026-08-25,3581,3578,3579,102,0,0,0,0,0,0,2045,3410,3400,3469,3478,3478,3476,3475,3490,3651,3666,2781,2614,2572,2534,2501,2464,51,0,0,0,0,1801,2467,3347,3381,3423,3478,3522,3660,3677,3677,3678,3677,3677,3676,3677,3674,,
ARG,ARG1101,CNIR,argyle_wairau,Hydro,Hydro,2026-08-26,2866,81,0,0,2496,3524,3550,3589,3619,3644,3667,3678,3673,3673,3674,3674,3669,3671,3666,3665,117,0,0,0,0,0,0,208,2547,2481,2546,2706,2682,3299,3481,3479,3482,3479,3482,3479,3485,3486,3497,3519,3538,3553,3564,3576,,
ARG,ARG1101,CNIR,argyle_wairau,Hydro,Hydro,2026-08-27,3591,3607,3618,3634,3639,3628,3622,3616,3620,3625,3638,3644,3650,3653,3639,3624,3610,3596,3590,3587,3585,2603,80,0,0,0,0,0,0,0,1966,2774,3654,3647,3609,3582,3566,3555,3549,3548,3551,3552,3558,3567,3575,3584,3594,3598,,
ARG,ARG1101,CNIR,argyle_wairau,Hydro,Hydro,2026-08-28,3598,3594,776,0,0,0,0,0,0,0,0,1466,2705,3542,3524,3515,3513,3510,3515,3517,2651,2597,2565,2535,73,0,0,0,0,0,0,0,0,0,2126,2552,2478,2418,2407,2407,2406,2407,2401,2319,15,0,0,0,,
ARG,ARG1101,CNIR,argyle_wairau,Hydro,Hydro,2026-08-29,0,0,0,0,0,0,0,0,0,0,0,0,0,0,0,0,0,0,0,0,0,0,0,0,0,0,0,0,0,0,0,0,0,0,0,0,0,0,0,0,0,0,0,0,0,0,0,0,,
ARG,ARG1101,CNIR,argyle_wairau,Hydro,Hydro,2026-08-30,0,0,0,0,0,0,0,0,0,0,0,0,0,0,0,0,0,0,0,0,0,0,0,0,0,0,0,0,0,0,0,0,0,3367,3673,3670,3646,3603,3582,3563,3555,3558,3560,3564,3567,2485,77,0,,
ARG,ARG1101,CNIR,argyle_wairau,Hydro,Hydro,2026-08-31,0,0,0,0,0,0,0,0,0,0,0,0,2555,113,2846,3590,3585,3582,3472,3381,203,0,0,0,0,0,0,0,2640,3031,2135,2987,3657,3665,3648,3697,5142,5130,5151,5153,5162,5162,5135,5140,5127,5129,5133,5139,,
ARI,ARI1101,MRPL,arapuni,Hydro,Hydro,2026-08-01,34013,36175,35415,35121,35491,33707,33562,34905,27543,23247,33562,30399,29964,35652,35752,35417,34559,35487,35322,35285,35157,34732,35333,36741,37336,36260,35314,34997,35230,35406,35519,35723,37057,36536,36575,35094,36294,37732,35767,35307,35633,35227,35315,35272,35490,34974,34901,34985,,
ARI,ARI1101,MRPL,arapuni,Hydro,Hydro,2026-08-02,34988,35021,35301,34626,25235,24057,24539,24326,24293,24106,23932,24052,24093,23923,34330,35616,36024,35742,36522,35962,36042,36865,36195,35299,35338,35217,35266,33863,23471,23642,23296,29232,35246,35662,34639,35571,36525,36246,35132,35281,34816,35854,36051,34897,35975,35227,25343,23981,,
ARI,ARI1101,MRPL,arapuni,Hydro,Hydro,2026-08-03,15828,11334,5861,0,0,0,0,0,0,8171,13559,21364,33356,35994,35699,35523,35474,36146,36158,36423,36904,36844,36855,36833,28187,24179,24115,16896,13589,7434,8472,21743,25551,35795,36096,36159,35647,36394,36903,36292,36227,35945,36204,34873,35418,33834,31846,23313,,
ARI,ARI1101,MRPL,arapuni,Hydro,Hydro,2026-08-04,18819,16159,22756,23658,24150,35021,21611,17786,19769,16475,28953,36541,36701,36180,35252,37057,37288,37063,36750,36496,36612,36587,36753,36991,36882,36692,36993,36656,36660,36657,36925,36855,36505,36650,36784,39097,39643,39664,39465,39810,39771,39485,39725,39735,37401,37137,37453,36905,,
ARI,ARI1101,MRPL,arapuni,Hydro,Hydro,2026-08-05,36683,36728,36713,36680,36702,36754,36800,34741,33812,33752,35301,35045,36291,36711,35478,39308,39807,39710,37612,36913,37332,37280,36196,36073,35843,35626,35665,35756,35285,36088,35076,35663,36394,36947,37431,37262,36660,38188,36577,37187,36660,39379,39736,38407,35173,35385,35312,35507,,
ARI,ARI1101,MRPL,arapuni,Hydro,Hydro,2026-08-06,35850,35738,35724,35756,35883,36226,36679,36115,36231,32443,23404,35657,36285,37157,37059,36611,36496,38471,38335,28016,25410,25546,25476,25461,25462,25485,25538,24034,23643,24095,24229,24069,23503,27212,37796,37029,37601,37812,37039,37174,37149,37204,37288,36793,37164,36379,36150,36038,,
ARI,ARI1101,MRPL,arapuni,Hydro,Hydro,2026-08-07,36194,35986,36099,36317,36327,36220,36212,29146,23678,23016,19500,20525,33784,34891,36433,36486,35706,35212,35001,35201,34853,34988,36141,35875,35868,35992,34843,36360,35175,35093,34978,35773,36061,35207,36533,34669,36781,36300,36199,36589,36230,35761,35182,35316,35307,35383,35369,35378,,
ARI,ARI1101,MRPL,arapuni,Hydro,Hydro,2026-08-08,35269,34000,33823,33827,33784,33809,33815,33808,33807,33741,33825,33804,33792,33888,36615,36537,37543,38235,38169,38174,38431,35160,34796,35180,35007,34911,35046,35310,35752,36234,36114,35591,35147,36311,35859,36195,35598,35907,35591,34771,33861,33759,33780,33737,33873,33922,33899,33844,,
ARI,ARI1101,MRPL,arapuni,Hydro,Hydro,2026-08-09,33749,33808,33799,22347,22252,23597,23437,22430,13971,11322,23594,23505,23793,33321,35617,35050,35210,35317,35739,35711,35866,35584,35838,35620,35923,35501,35592,35890,36175,36356,36985,31201,34342,35717,36178,36193,35607,36359,35631,35712,36087,35748,36239,32039,23272,23867,24370,23827,,
ARI,ARI1101,MRPL,arapuni,Hydro,Hydro,2026-08-10,23035,22975,23444,20017,23390,23929,20404,22931,24476,25040,23632,23003,33510,34704,36067,36220,35607,35876,35882,35442,35859,34988,36196,35578,35662,33835,29411,35435,36159,30352,27455,35978,36008,34996,36551,36339,36667,37398,37260,36903,36115,36277,37095,36047,37177,36503,36429,35934,,
ARI,ARI1101,MRPL,arapuni,Hydro,Hydro,2026-08-11,36474,36090,36018,36103,35792,36269,36367,36241,31512,29841,36192,36159,36418,35619,35797,39157,38429,35558,35327,35395,35330,35296,35393,35212,35324,35022,35463,35329,35332,35261,35678,35178,35066,35297,35163,35436,35741,36721,36875,36660,36857,36715,36733,37870,37038,35808,35348,36198,,
ARI,ARI1101,MRPL,arapuni,Hydro,Hydro,2026-08-12,36764,24035,23387,22763,24438,23931,16472,12418,20570,23502,23285,23441,23661,23380,23678,23415,24400,24198,23518,22936,22535,22544,22447,22549,23230,22665,22889,23702,23442,23545,23461,32022,35499,35280,35318,35162,35206,35230,35437,35238,35275,35287,35294,35409,35172,35290,35332,35442,,
ARI,ARI1101,MRPL,arapuni,Hydro,Hydro,2026-08-13,35302,36019,35459,24424,24318,23670,24161,23934,24407,23760,32865,35828,35374,35319,35494,37098,24826,23587,23889,24745,23108,24152,23804,24365,23499,24925,23281,24497,23547,23383,24510,24254,23827,23457,23733,24741,24152,24391,24034,24108,23639,24257,24235,23794,23780,24097,24265,24114,,
ARI,ARI1101,MRPL,arapuni,Hydro,Hydro,2026-08-14,24064,23260,23810,23423,23945,24003,23490,23752,23794,24059,23322,23026,22555,22613,22654,24981,25058,24961,24358,23984,24804,24590,25195,25045,24510,24412,22485,20890,10960,12093,10666,18134,23306,25461,25189,24135,24873,24964,23391,23369,23516,23291,23345,23332,23277,23219,23375,23420,,
ARI,ARI1101,MRPL,arapuni,Hydro,Hydro,2026-08-15,23292,24053,22484,23967,22432,23083,22060,23315,24105,24401,19166,19166,22014,24029,24081,24021,24201,23842,22695,24729,24161,24031,24269,23983,24151,24256,25051,35022,36476,36064,35584,35198,36008,35681,35621,35732,35740,35706,35712,35989,35873,35760,35715,35800,35479,35302,35561,34745,,
ARI,ARI1101,MRPL,arapuni,Hydro,Hydro,2026-08-16,35661,31854,16932,8625,8496,14499,23286,10212,1025,17220,23991,24071,23828,24064,23861,34749,35846,35628,35513,35724,35493,36728,35104,36451,35493,34854,35195,35795,35194,35482,34410,33944,34758,35357,34634,33627,35013,35323,35319,35283,35223,35918,35633,35794,35369,35770,35830,35915,,
ARI,ARI1101,MRPL,arapuni,Hydro,Hydro,2026-08-17,25200,23630,23521,23647,23643,23649,23603,23687,23646,23635,35548,36194,36638,36031,36085,36014,36823,36798,35948,36001,36625,35700,35865,35225,36003,35990,35003,36119,35934,36254,35742,34287,36354,35527,35724,33827,35674,35669,36134,36143,35905,35808,36450,34635,34013,34771,35395,34234,,
ARI,ARI1101,MRPL,arapuni,Hydro,Hydro,2026-08-18,35301,34537,35075,35307,35803,24098,24530,23471,23781,29027,31253,31956,34811,34686,34989,34222,34849,35658,35224,35742,35859,35777,35614,36506,37080,37217,36895,35463,35367,35491,33808,36276,35550,35803,35238,34521,35697,35852,35228,34850,35094,34949,35119,34833,35002,35002,35338,24108,,
ARI,ARI1101,MRPL,arapuni,Hydro,Hydro,2026-08-19,23677,24039,23816,24136,23613,23955,24047,23586,24118,23991,24078,33864,35814,35253,35687,34822,35007,35051,34840,35144,34959,34886,34995,34983,35275,34836,34879,35288,34993,34995,35283,34724,34929,35058,34920,34947,34868,34813,35114,34986,34975,35018,34926,35020,35031,35132,34972,35158,,
ARI,ARI1101,MRPL,arapuni,Hydro,Hydro,2026-08-20,36024,36182,35705,35573,34891,35570,35899,35836,35822,35624,36193,35378,35348,34553,37692,39673,39883,37907,38870,35846,35095,35219,35358,36796,35654,35939,35392,33815,33987,24335,33874,35345,35338,35793,35778,35340,35130,35072,35037,35353,35228,34883,35439,33965,33862,33850,33792,33952,,
ARI,ARI1101,MRPL,arapuni,Hydro,Hydro,2026-08-21,33719,33864,35053,34062,33685,35274,33874,33860,35196,35255,35269,35111,35213,35166,35222,35336,35443,35314,35208,35278,35400,35156,35422,35772,37502,36362,36338,35673,34901,23826,27481,32298,36960,35667,35969,34837,35397,35134,34839,35170,35129,35750,35873,35645,35858,35667,35889,35918,,
ARI,ARI1101,MRPL,arapuni,Hydro,Hydro,2026-08-22,35808,35238,35134,35710,24776,23946,24350,24025,24369,23989,23120,23611,23529,23855,23155,23151,25326,23442,24092,24051,23981,23960,24109,24378,24470,29856,23167,21483,24419,26236,24985,23135,23082,23194,28862,32981,35928,35784,35747,35810,35357,33862,33716,33762,33956,33631,28905,21439,,
ARI,ARI1101,MRPL,arapuni,Hydro,Hydro,2026-08-23,15783,10662,10735,14394,30662,26088,14882,7749,838,0,0,1413,32545,34177,36250,35537,34850,34938,25675,23307,23833,23476,27163,33102,34174,33173,31571,23261,31865,25259,35019,28330,36374,30766,29922,34876,35473,35666,35797,35359,35883,35727,35049,35343,35283,34655,32032,27745,,
ARI,ARI1101,MRPL,arapuni,Hydro,Hydro,2026-08-24,25835,34943,35215,32603,26379,17526,13785,23214,11841,22517,22624,25974,36344,35535,35857,35086,35447,35487,35706,35068,34967,34257,36484,32137,32014,34043,22984,23901,23301,23256,22828,20299,15378,28849,26901,35644,35338,35117,35194,35293,35481,35465,35432,35433,36177,36687,35396,36277,,
ARI,ARI1101,MRPL,arapuni,Hydro,Hydro,2026-08-25,35343,34518,27428,5138,14418,7956,121,0,9160,6042,19464,23318,26511,36000,35496,36099,35979,32028,29287,23691,23968,23013,19713,34536,35749,31314,21681,22362,22328,25772,34585,37642,38318,36572,36117,37842,37560,37288,35927,36426,35947,35848,35497,34031,35291,37200,32333,22488,,
ARI,ARI1101,MRPL,arapuni,Hydro,Hydro,2026-08-26,11034,11333,12451,22094,22142,626,0,0,0,0,13804,33859,33799,34157,35817,36885,37386,37920,35757,35505,26722,24189,24047,24326,23642,22530,22493,24557,22563,23365,24437,25035,25495,25465,35758,38151,37072,38268,38431,35314,35344,35384,35546,35133,35094,32586,33433,22449,,
ARI,ARI1101,MRPL,arapuni,Hydro,Hydro,2026-08-27,12857,14371,15886,10592,4743,348,0,17953,14074,23082,23949,23775,30140,35620,35439,36049,36138,35990,36149,36950,36631,36781,36916,36677,36737,36705,36780,36752,36811,36841,36699,36581,36789,36724,36821,36871,36468,38415,38210,36871,36579,34773,30873,30558,33852,33804,33882,33589,,
ARI,ARI1101,MRPL,arapuni,Hydro,Hydro,2026-08-28,25283,26976,19311,16186,15304,15264,15484,15172,15594,15329,19890,28200,33007,36627,36577,36364,35838,36260,37274,35707,37124,36723,35911,26609,23192,23481,24214,23417,23474,23104,22881,21341,22850,21369,22708,22416,21900,21905,22244,21938,23417,23611,23662,23562,23739,14833,17867,16968,,
ARI,ARI1101,MRPL,arapuni,Hydro,Hydro,2026-08-29,11311,0,0,0,0,0,0,0,0,0,0,0,3431,17252,24719,25101,34422,26263,33448,24019,23630,24278,24383,24231,32977,23159,23720,24443,23635,23797,23502,23722,30992,33658,34814,36001,35937,34430,35616,35649,35634,35517,36227,31944,32562,24662,9040,5947,,
ARI,ARI1101,MRPL,arapuni,Hydro,Hydro,2026-08-30,6079,6140,6159,6078,6208,6142,6124,6164,6145,6150,6132,6150,6145,7547,22147,30300,33586,25745,31729,27290,23213,18831,24263,23404,24207,22025,12102,11117,10717,10845,11127,11176,21925,23085,32048,35859,35455,34853,23498,23259,23303,23240,23205,23248,23227,23229,17719,86,,
ARI,ARI1101,MRPL,arapuni,Hydro,Hydro,2026-08-31,0,0,0,0,0,0,0,0,0,0,0,14085,21953,22995,31512,35329,35613,35354,35566,34348,23717,22839,24297,22668,23788,24429,23335,23173,24301,23599,24150,23993,23810,24358,24241,24099,24843,22739,23888,23609,23416,24527,23722,23088,22860,23655,23614,23419,,
ARI,ARI1102,MRPL,arapuni,Hydro,Hydro,2026-08-01,4820,3783,2176,121,0,0,0,0,23,3721,4843,7410,434,9763,14102,31504,44174,44505,44501,32098,30660,21964,20526,13805,11989,11929,11173,11841,10112,15131,18649,19454,23495,23578,25134,49523,56955,56959,53418,53192,43099,31447,31671,27627,26767,26884,21100,20805,,
ARI,ARI1102,MRPL,arapuni,Hydro,Hydro,2026-08-02,20802,10618,10382,10386,8944,6220,0,0,0,0,3508,8833,10356,10362,17297,31439,32617,32615,32626,32633,31188,13185,17396,15586,10780,10019,10513,10582,10588,8749,19329,19784,19786,19786,22519,40306,44423,43190,41538,41550,41536,34865,31175,24392,20920,20795,20477,9016,,
ARI,ARI1102,MRPL,arapuni,Hydro,Hydro,2026-08-03,9610,5620,0,8822,10135,10378,10380,10378,10379,9653,10197,9907,25251,31131,31150,31124,31127,31742,42469,43628,41704,37508,31131,30611,30472,30046,20007,21419,20041,15747,18732,16115,16569,15079,17649,18490,29875,30271,31150,29712,29724,22607,13647,10966,10931,10888,10736,7535,,
ARI,ARI1102,MRPL,arapuni,Hydro,Hydro,2026-08-04,0,0,0,0,0,0,0,0,0,0,0,0,18739,33532,34248,29268,27194,27600,27030,26943,26981,26971,27027,27104,27065,27012,27098,26994,29669,37352,42270,34983,34374,39361,48312,54484,56428,56668,56593,57470,57574,57479,57577,57565,57135,57010,57162,56732,,
ARI,ARI1102,MRPL,arapuni,Hydro,Hydro,2026-08-05,56560,56583,56568,56547,56552,56543,56537,52413,50774,50756,50763,50764,56143,56782,56733,57089,57160,57141,57291,57280,57268,57288,56401,53774,53219,53162,52660,45463,45274,42994,45248,45777,51021,54264,52694,56457,55943,52848,52697,56364,55149,56050,56638,55584,47212,44886,44861,44847,,
ARI,ARI1102,MRPL,arapuni,Hydro,Hydro,2026-08-06,42320,41409,41398,33938,34547,41080,40820,39143,46893,34829,33749,52935,53700,54400,53339,57038,57037,53428,52228,52266,52940,54219,54195,54189,54202,54247,50824,50348,50301,50333,52062,56207,57357,57189,56994,57095,57056,57051,57085,57094,57072,57070,46414,45875,45616,35158,34228,34243,,
ARI,ARI1102,MRPL,arapuni,Hydro,Hydro,2026-08-07,34253,34915,36171,36507,34335,34236,38814,33890,21512,21698,21694,24161,34183,51526,55573,51852,49462,48054,46982,53092,53143,53197,53183,43208,42823,32621,21443,20785,20794,20788,20785,20776,20770,37142,44994,54560,55774,55999,55851,54315,53306,53272,53258,47332,47287,37771,30338,15353,,
ARI,ARI1102,MRPL,arapuni,Hydro,Hydro,2026-08-08,11403,11013,10935,10937,10920,10929,10935,10933,10928,10914,10938,10923,10913,10944,33028,51762,46653,45086,45073,42274,44190,33519,31925,27369,30257,28243,25763,23642,13112,17708,29914,30137,29719,29759,30995,50785,55275,44908,42376,41737,27565,25816,12839,11081,10914,10936,10927,479,,
ARI,ARI1102,MRPL,arapuni,Hydro,Hydro,2026-08-09,0,0,0,0,0,0,7866,6805,442,4286,80,0,0,0,8241,9477,8553,8555,9247,16621,16779,22872,25211,25216,25212,27161,28177,28227,24988,11492,11472,11313,11337,19588,21098,27461,28511,28987,20873,20735,20742,20761,19380,10392,9883,9943,8991,8096,,
ARI,ARI1102,MRPL,arapuni,Hydro,Hydro,2026-08-10,7558,8422,8488,8706,7498,8224,9165,7633,9483,10438,7934,7887,17410,30158,28608,36124,36843,36475,33908,36205,29097,22093,28646,28408,26686,11352,3103,0,9034,4085,0,8168,11361,12187,8868,29154,37487,44167,46353,46366,46352,46372,46402,46330,46427,42059,37247,29290,,
ARI,ARI1102,MRPL,arapuni,Hydro,Hydro,2026-08-11,16215,8184,8127,8124,8125,8123,8123,8128,8128,8125,8102,8098,8093,8078,37515,56173,55929,53191,51493,41885,42534,39915,32922,20172,21171,21209,17230,12919,11378,13703,19222,21018,31960,42991,48013,51341,53773,55709,55768,55702,49440,37873,30018,22090,20937,20416,20290,1106,,
ARI,ARI1102,MRPL,arapuni,Hydro,Hydro,2026-08-12,0,0,0,780,0,0,45,0,0,0,0,0,0,1369,18921,41358,51661,50839,45389,43813,42904,42904,42863,42912,37115,33667,31623,35348,36935,36991,36933,30803,28327,29284,37427,48946,51293,51312,50172,47401,45937,45443,48915,29899,33418,24671,19045,12811,,
ARI,ARI1102,MRPL,arapuni,Hydro,Hydro,2026-08-13,230,0,239,39,0,0,0,0,0,11143,11380,21263,35669,36942,37423,47311,53335,56256,51346,42477,45738,46051,46073,46094,46036,41942,41181,37609,40612,37474,30828,33503,43443,44117,50392,57282,57579,57740,57720,56262,54860,43145,28320,28245,36742,28506,28289,28020,,
ARI,ARI1102,MRPL,arapuni,Hydro,Hydro,2026-08-14,26694,21397,21344,21323,21356,20074,18442,19005,18864,19490,18758,25142,35387,39446,44898,55454,54864,29322,43988,42779,43175,38983,33436,40473,28486,29440,29025,27207,19325,10451,9134,12304,21008,27440,18924,25326,33950,33019,30878,22918,14261,8916,22376,20347,25535,22623,20901,20650,,
ARI,ARI1102,MRPL,arapuni,Hydro,Hydro,2026-08-15,20778,10100,8049,8437,7971,8010,8744,8433,8572,9197,8168,7142,8500,8494,4625,868,8792,14318,14737,21875,31042,31022,31535,31541,31552,26982,19290,11734,11492,11446,11475,18320,19165,19611,47276,51295,51261,51258,51244,49344,38624,31393,36788,26856,39763,38329,32775,16010,,
ARI,ARI1102,MRPL,arapuni,Hydro,Hydro,2026-08-16,9251,0,0,0,0,4177,0,371,7671,3823,3393,14239,18456,16770,12469,11304,11399,11389,11362,11385,11388,11859,11739,11125,9894,10989,16018,18964,18564,18597,18520,18622,18897,19089,19603,24693,43606,45350,45351,45335,45310,45343,45337,42804,41391,28636,26313,23970,,
ARI,ARI1102,MRPL,arapuni,Hydro,Hydro,2026-08-17,23459,25635,19955,16807,21696,27956,22038,22008,29801,31975,31894,35317,46201,55335,53750,51537,51788,50882,48710,46212,40565,39976,31011,28257,28249,27785,21486,18279,15794,8661,2139,20836,26512,32365,35474,45471,51270,51306,51342,50327,45448,43031,38336,30381,18853,14003,11432,11047,,
ARI,ARI1102,MRPL,arapuni,Hydro,Hydro,2026-08-18,777,0,0,0,0,0,0,0,9229,11757,5843,11677,9187,20317,28669,37156,36493,34097,33525,35179,34954,37262,39944,40582,34142,37916,39449,30113,28084,30951,34846,32470,27830,33298,39883,40899,45027,45353,42939,42797,31319,31158,31175,31188,32558,31300,21026,9560,,
ARI,ARI1102,MRPL,arapuni,Hydro,Hydro,2026-08-19,10365,10380,10386,10388,10385,10384,10386,10386,10384,10384,10376,20600,32471,41169,41377,49951,51198,44848,40973,37568,31123,27968,25586,26477,27706,28417,27601,18855,18739,18746,18838,20198,26077,27377,34129,49637,51219,51195,51302,51251,51233,51265,51226,51246,51259,42919,37188,36080,,
ARI,ARI1102,MRPL,arapuni,Hydro,Hydro,2026-08-20,30031,20316,19781,26560,28475,20347,19759,19773,19764,18418,18409,31892,35987,45807,55001,56693,56783,54049,55560,51929,51278,47087,41176,41664,41102,30990,18808,18827,18878,18745,20122,23830,30964,30989,31009,39307,50808,50803,50785,50912,47673,45335,45523,44989,44966,44978,42986,32224,,
ARI,ARI1102,MRPL,arapuni,Hydro,Hydro,2026-08-21,26368,19001,11487,11000,10881,11405,10951,10943,11390,11410,20009,27530,29445,37228,45893,49354,49408,45979,36659,33033,20100,19173,16150,11357,11377,11379,11317,11660,11021,10133,10890,10915,11368,11295,11335,11446,20206,20069,19775,19856,19569,19738,18941,20036,16543,21388,20939,13557,,
ARI,ARI1102,MRPL,arapuni,Hydro,Hydro,2026-08-22,2530,0,0,0,0,0,0,0,0,0,9161,1086,6885,5247,11774,12588,11728,12133,12584,12631,12596,11238,5882,10651,10370,11161,3327,0,3080,8810,3241,0,6307,2661,10704,14219,18078,21002,19833,19852,12896,6891,0,2727,10708,11106,5489,10802,,
ARI,ARI1102,MRPL,arapuni,Hydro,Hydro,2026-08-23,11095,3983,0,0,0,0,0,0,0,0,0,0,2358,7421,9239,17390,10888,10396,10368,10365,10359,10362,10363,12461,14603,15502,13695,10309,10360,10356,9208,10315,17962,16605,17527,29941,40360,36546,31192,30988,14980,15977,14156,8036,8527,12053,4768,0,,
ARI,ARI1102,MRPL,arapuni,Hydro,Hydro,2026-08-24,0,0,0,0,0,0,0,0,0,0,0,1150,8800,21317,33006,43028,42247,32584,32420,22517,21797,22135,11195,8875,9161,8674,7967,9238,10264,10364,10710,7524,8364,9753,10351,16784,31930,30739,30634,20055,15549,11268,13787,21233,22768,22254,21139,17296,,
ARI,ARI1102,MRPL,arapuni,Hydro,Hydro,2026-08-25,12445,16564,9411,8926,68,0,0,0,868,0,0,2821,7048,3532,23007,32004,26849,11211,10664,10897,9970,754,0,0,0,0,626,770,6315,0,0,5622,10893,9379,8841,18957,25382,32123,31832,32265,31739,17383,11683,11166,4146,0,0,0,,
ARI,ARI1102,MRPL,arapuni,Hydro,Hydro,2026-08-26,0,0,0,0,0,0,0,0,0,0,0,7472,14099,23223,31780,30139,32980,17366,11404,7330,10948,11345,16668,14651,11822,19992,20514,12242,10918,14804,16252,22659,23593,23578,23419,24583,32999,32679,26663,31299,28326,20396,18933,18802,12694,2223,3928,0,,
ARI,ARI1102,MRPL,arapuni,Hydro,Hydro,2026-08-27,0,0,911,0,0,0,8667,2302,0,3950,15074,20132,16215,21531,20869,27996,27051,23356,18156,17713,20142,15862,15588,18907,16388,14842,14844,14839,11158,7095,7373,10052,10075,10077,11447,16544,28262,33824,33285,30056,33759,29441,25130,25026,25080,25073,23870,12998,,
ARI,ARI1102,MRPL,arapuni,Hydro,Hydro,2026-08-28,7776,0,0,0,0,0,0,0,0,0,0,0,5051,25597,30920,33138,32172,27535,27559,22807,19845,19826,19788,19909,18648,18864,18864,11131,8464,9728,758,14603,18495,18872,19139,19064,18982,19017,18733,18541,18518,12029,10879,10850,10942,3715,0,0,,
ARI,ARI1102,MRPL,arapuni,Hydro,Hydro,2026-08-29,0,0,0,0,0,0,0,0,0,0,0,0,1822,11566,19801,14984,11755,17181,12785,20908,20123,12154,11374,8087,11362,11347,7924,9623,8130,8354,7539,13004,15233,19292,18400,20222,20438,21259,21715,22024,19863,19538,7668,3740,0,7464,304,0,,
ARI,ARI1102,MRPL,arapuni,Hydro,Hydro,2026-08-30,0,0,0,0,0,0,0,0,0,0,0,0,0,2435,8061,1591,0,2335,2760,0,0,0,4060,0,0,0,0,0,0,8012,9057,9898,3506,8319,2992,4006,8850,11234,11470,11389,11416,11376,11372,11386,11374,7331,0,0,,
ARI,ARI1102,MRPL,arapuni,Hydro,Hydro,2026-08-31,0,0,0,0,0,0,0,0,0,0,0,0,6957,7059,6371,11280,11373,7422,0,0,12763,17632,11490,10898,10889,13120,13792,11989,4042,0,3491,6909,19141,25095,42255,51270,51770,55042,55251,55218,53418,51284,41932,32859,23219,19872,5973,1475,,
ARI,ARI1102,POCO,arapuni,Hydro,Hydro,2026-08-01,0,0,0,0,0,0,0,0,0,0,0,0,0,0,0,0,0,0,0,0,0,0,0,0,0,0,0,0,0,0,0,0,0,0,0,0,0,0,0,0,0,0,0,0,0,0,0,0,,
ARI,ARI1102,POCO,arapuni,Hydro,Hydro,2026-08-02,0,0,0,0,0,0,0,0,0,0,0,0,0,0,0,0,0,0,0,0,0,0,0,0,0,0,0,0,0,0,0,0,0,0,0,0,0,0,0,0,0,0,0,0,0,0,0,0,,
ARI,ARI1102,POCO,arapuni,Hydro,Hydro,2026-08-03,0,0,0,0,0,0,0,0,0,0,0,0,0,0,0,0,0,0,0,0,0,0,0,0,0,0,0,0,0,0,0,0,0,0,0,0,0,0,0,0,0,0,0,0,0,0,0,0,,
ARI,ARI1102,POCO,arapuni,Hydro,Hydro,2026-08-04,0,0,0,0,0,0,0,0,0,0,0,0,0,0,0,0,0,0,0,0,0,0,0,0,0,0,0,0,0,0,0,0,0,0,0,0,0,0,0,0,0,0,0,0,0,0,0,0,,
ARI,ARI1102,POCO,arapuni,Hydro,Hydro,2026-08-05,0,0,0,0,0,0,0,0,0,0,0,0,0,0,0,0,0,0,0,0,0,0,0,0,0,0,0,0,0,0,0,0,0,0,0,0,0,0,0,0,0,0,0,0,0,0,0,0,,
ARI,ARI1102,POCO,arapuni,Hydro,Hydro,2026-08-06,0,0,0,0,0,0,0,0,0,0,0,0,0,0,0,0,0,0,0,0,0,0,0,0,0,0,0,0,0,0,0,0,0,0,0,0,0,0,0,0,0,0,0,0,0,0,0,0,,
ARI,ARI1102,POCO,arapuni,Hydro,Hydro,2026-08-07,0,0,0,0,0,0,0,0,0,0,0,0,0,0,0,0,0,0,0,0,0,0,0,0,0,0,0,0,0,0,0,0,0,0,0,0,0,0,0,0,0,0,0,0,0,0,0,0,,
ARI,ARI1102,POCO,arapuni,Hydro,Hydro,2026-08-08,0,0,0,0,0,0,0,0,0,0,0,0,0,0,0,0,0,0,0,0,0,0,0,0,0,0,0,0,0,0,0,0,0,0,0,0,0,0,0,0,0,0,0,0,0,0,0,0,,
ARI,ARI1102,POCO,arapuni,Hydro,Hydro,2026-08-09,0,0,0,0,0,0,0,0,0,0,0,0,0,0,0,0,0,0,0,0,0,0,0,0,0,0,0,0,0,0,0,0,0,0,0,0,0,0,0,0,0,0,0,0,0,0,0,0,,
ARI,ARI1102,POCO,arapuni,Hydro,Hydro,2026-08-10,0,0,0,0,0,0,0,0,0,0,0,0,0,0,0,0,0,0,0,0,0,0,0,0,0,0,0,0,0,0,0,0,0,0,0,0,0,0,0,0,0,0,0,0,0,0,0,0,,
ARI,ARI1102,POCO,arapuni,Hydro,Hydro,2026-08-11,0,0,0,0,0,0,0,0,0,0,0,0,0,0,0,0,0,0,0,0,0,0,0,0,0,0,0,0,0,0,0,0,0,0,0,0,0,0,0,0,0,0,0,0,0,0,0,0,,
ARI,ARI1102,POCO,arapuni,Hydro,Hydro,2026-08-12,0,0,0,0,0,0,0,0,0,0,0,0,0,0,0,0,0,0,0,0,0,0,0,0,0,0,0,0,0,0,0,0,0,0,0,0,0,0,0,0,0,0,0,0,0,0,0,0,,
ARI,ARI1102,POCO,arapuni,Hydro,Hydro,2026-08-13,0,0,0,0,0,0,0,0,0,0,0,0,0,0,0,0,0,0,0,0,0,0,0,0,0,0,0,0,0,0,0,0,0,0,0,0,0,0,0,0,0,0,0,0,0,0,0,0,,
ARI,ARI1102,POCO,arapuni,Hydro,Hydro,2026-08-14,0,0,0,0,0,0,0,0,0,0,0,0,0,0,0,0,0,0,0,0,0,0,0,0,0,0,0,0,0,0,0,0,0,0,0,0,0,0,0,0,0,0,0,0,0,0,0,0,,
ARI,ARI1102,POCO,arapuni,Hydro,Hydro,2026-08-15,0,0,0,0,0,0,0,0,0,0,0,0,0,0,0,0,0,0,0,0,0,0,0,0,0,0,0,0,0,0,0,0,0,0,0,0,0,0,0,0,0,0,0,0,0,0,0,0,,
ARI,ARI1102,POCO,arapuni,Hydro,Hydro,2026-08-16,0,0,0,0,0,0,0,0,0,0,0,0,0,0,0,0,0,0,0,0,0,0,0,0,0,0,0,0,0,0,0,0,0,0,0,0,0,0,0,0,0,0,0,0,0,0,0,0,,
ARI,ARI1102,POCO,arapuni,Hydro,Hydro,2026-08-17,0,0,0,0,0,0,0,0,0,0,0,0,0,0,0,0,0,0,0,0,0,0,0,0,0,0,0,0,0,0,0,0,0,0,0,0,0,0,0,0,0,0,0,0,0,0,0,0,,
ARI,ARI1102,POCO,arapuni,Hydro,Hydro,2026-08-18,0,0,0,0,0,0,0,0,0,0,0,0,0,0,0,0,0,0,0,0,0,0,0,0,0,0,0,0,0,0,0,0,0,0,0,0,0,0,0,0,0,0,0,0,0,0,0,0,,
ARI,ARI1102,POCO,arapuni,Hydro,Hydro,2026-08-19,0,0,0,0,0,0,0,0,0,0,0,0,0,0,0,0,0,0,0,0,0,0,0,0,0,0,0,0,0,0,0,0,0,0,0,0,0,0,0,0,0,0,0,0,0,0,0,0,,
ARI,ARI1102,POCO,arapuni,Hydro,Hydro,2026-08-20,0,0,0,0,0,0,0,0,0,0,0,0,0,0,0,0,0,0,0,0,0,0,0,0,0,0,0,0,0,0,0,0,0,0,0,0,0,0,0,0,0,0,0,0,0,0,0,0,,
ARI,ARI1102,POCO,arapuni,Hydro,Hydro,2026-08-21,0,0,0,0,0,0,0,0,0,0,0,0,0,0,0,0,0,0,0,0,0,0,0,0,0,0,0,0,0,0,0,0,0,0,0,0,0,0,0,0,0,0,0,0,0,0,0,0,,
ARI,ARI1102,POCO,arapuni,Hydro,Hydro,2026-08-22,0,0,0,0,0,0,0,0,0,0,0,0,0,0,0,0,0,0,0,0,0,0,0,0,0,0,0,0,0,0,0,0,0,0,0,0,0,0,0,0,0,0,0,0,0,0,0,0,,
ARI,ARI1102,POCO,arapuni,Hydro,Hydro,2026-08-23,0,0,0,0,0,0,0,0,0,0,0,0,0,0,0,0,0,0,0,0,0,0,0,0,0,0,0,0,0,0,0,0,0,0,0,0,0,0,0,0,0,0,0,0,0,0,0,0,,
ARI,ARI1102,POCO,arapuni,Hydro,Hydro,2026-08-24,0,0,0,0,0,0,0,0,0,0,0,0,0,0,0,0,0,0,0,0,0,0,0,0,0,0,0,0,0,0,0,0,0,0,0,0,0,0,0,0,0,0,0,0,0,0,0,0,,
ARI,ARI1102,POCO,arapuni,Hydro,Hydro,2026-08-25,0,0,0,0,0,0,0,0,0,0,0,0,0,0,0,0,0,0,0,0,0,0,0,0,0,0,0,0,0,0,0,0,0,0,0,0,0,0,0,0,0,0,0,0,0,0,0,0,,
ARI,ARI1102,POCO,arapuni,Hydro,Hydro,2026-08-26,0,0,0,0,0,0,0,0,0,0,0,0,0,0,0,0,0,0,0,0,0,0,0,0,0,0,0,0,0,0,0,0,0,0,0,0,0,0,0,0,0,0,0,0,0,0,0,0,,
ARI,ARI1102,POCO,arapuni,Hydro,Hydro,2026-08-27,0,0,0,0,0,0,0,0,0,0,0,0,0,0,0,0,0,0,0,0,0,0,0,0,0,0,0,0,0,0,0,0,0,0,0,0,0,0,0,0,0,0,0,0,0,0,0,0,,
ARI,ARI1102,POCO,arapuni,Hydro,Hydro,2026-08-28,0,0,0,0,0,0,0,0,0,0,0,0,0,0,0,0,0,0,0,0,0,0,0,0,0,0,0,0,0,0,0,0,0,0,0,0,0,0,0,0,0,0,0,0,0,0,0,0,,
ARI,ARI1102,POCO,arapuni,Hydro,Hydro,2026-08-29,0,0,0,0,0,0,0,0,0,0,0,0,0,0,0,0,0,0,0,0,0,0,0,0,0,0,0,0,0,0,0,0,0,0,0,0,0,0,0,0,0,0,0,0,0,0,0,0,,
ARI,ARI1102,POCO,arapuni,Hydro,Hydro,2026-08-30,0,0,0,0,0,0,0,0,0,0,0,0,0,0,0,0,0,0,0,0,0,0,0,0,0,0,0,0,0,0,0,0,0,0,0,0,0,0,0,0,0,0,0,0,0,0,0,0,,
ARI,ARI1102,POCO,arapuni,Hydro,Hydro,2026-08-31,0,0,0,0,0,0,0,0,0,0,0,0,0,0,0,0,0,0,0,0,0,0,0,0,0,0,0,0,0,0,0,0,0,0,0,0,0,0,0,0,0,0,0,0,0,0,0,0,,
ASB,ASB0661,EASH,Lauriston,Solar,Solar,2026-08-01,0,0,0,0,0,0,0,0,0,0,0,0,0,0,0,77,830,4168,9413,13873,15633,10733,11685,13732,12986,12637,13334,13843,14754,15448,15278,11980,7595,3233,634,15,0,0,0,0,0,0,0,0,0,0,0,0,,
ASB,ASB0661,EASH,Lauriston,Solar,Solar,2026-08-02,0,0,0,0,0,0,0,0,0,0,0,0,0,0,0,93,935,4475,9407,14168,15937,15350,14357,13241,12603,12684,12948,7758,0,0,0,0,0,0,0,0,0,0,0,0,0,0,0,0,0,0,0,0,,
ASB,ASB0661,EASH,Lauriston,Solar,Solar,2026-08-03,0,0,0,0,0,0,0,0,0,0,0,0,0,0,0,40,554,1479,1882,11098,16257,15711,14606,13568,12548,11881,11401,12362,13169,6833,3311,3119,1670,1862,620,9,0,0,0,0,0,0,0,0,0,0,0,0,,
ASB,ASB0661,EASH,Lauriston,Solar,Solar,2026-08-04,0,0,0,0,0,0,0,0,0,0,0,0,0,0,0,86,1131,4975,10295,15032,17375,14245,14785,12778,13539,12883,12899,13917,13583,13242,13660,11549,4480,3743,514,12,0,0,0,0,0,0,0,0,0,0,0,0,,
ASB,ASB0661,EASH,Lauriston,Solar,Solar,2026-08-05,0,0,0,0,0,0,0,0,0,0,0,0,0,0,0,126,1260,5057,10151,14493,16376,15824,14827,13735,12957,13008,13273,14088,15038,15798,15936,12314,7688,3697,607,17,0,0,0,0,0,0,0,0,0,0,0,0,,
ASB,ASB0661,EASH,Lauriston,Solar,Solar,2026-08-06,0,0,0,0,0,0,0,0,0,0,0,0,0,0,0,173,1568,5436,10915,15731,17144,16434,15472,14477,13584,12908,12725,13824,15573,16353,16589,13055,9005,4143,764,13,0,0,0,0,0,0,0,0,0,0,0,0,,
ASB,ASB0661,EASH,Lauriston,Solar,Solar,2026-08-07,0,0,0,0,0,0,0,0,0,0,0,0,0,0,3,174,605,1048,1200,1362,1655,2277,8275,12946,10427,9171,11340,12915,13271,9588,6313,3098,2238,1208,291,2,0,0,0,0,0,0,0,0,0,0,0,0,,
ASB,ASB0661,EASH,Lauriston,Solar,Solar,2026-08-08,0,0,0,0,0,0,0,0,0,0,0,0,0,0,0,176,1125,3031,6883,11071,14788,7855,7212,12711,8396,8868,8986,9035,12678,13096,8082,3639,1811,619,172,0,0,0,0,0,0,0,0,0,0,0,0,0,,
ASB,ASB0661,EASH,Lauriston,Solar,Solar,2026-08-09,0,0,0,0,0,0,0,0,0,0,0,0,0,0,0,29,451,738,1424,1838,2305,3176,3907,4270,4662,5826,11525,6616,3872,2797,2201,1377,1636,751,502,28,0,0,0,0,0,0,0,0,0,0,0,0,,
ASB,ASB0661,EASH,Lauriston,Solar,Solar,2026-08-10,0,0,0,0,0,0,0,0,0,0,0,0,0,0,0,153,778,1368,1332,3297,3480,4379,3758,6684,8971,8476,8385,6787,12170,4863,4769,2617,1819,1326,257,4,0,0,0,0,0,0,0,0,0,0,0,0,,
ASB,ASB0661,EASH,Lauriston,Solar,Solar,2026-08-11,0,0,0,0,0,0,0,0,0,0,0,0,0,0,0,121,396,933,3630,11916,15027,16293,15408,14349,13043,13318,13997,14855,15758,16682,16674,13174,6971,2843,465,10,0,0,0,0,0,0,0,0,0,0,0,0,,
ASB,ASB0661,EASH,Lauriston,Solar,Solar,2026-08-12,0,0,0,0,0,0,0,0,0,0,0,0,0,0,0,193,1336,1989,2421,6177,11953,10990,11327,9558,13377,13013,9362,7056,3965,2941,4460,3331,2475,5858,1444,149,0,0,0,0,0,0,0,0,0,0,0,0,,
ASB,ASB0661,EASH,Lauriston,Solar,Solar,2026-08-13,0,0,0,0,0,0,0,0,0,0,0,0,0,0,5,500,2723,5311,3053,10813,15725,13060,11668,12165,12671,8515,8082,10314,8846,9589,14232,12413,9128,4330,738,46,0,0,0,0,0,0,0,0,0,0,0,0,,
ASB,ASB0661,EASH,Lauriston,Solar,Solar,2026-08-14,0,0,0,0,0,0,0,0,0,0,0,0,0,0,3,284,2608,7269,12183,16054,16378,16013,15204,9930,14006,13833,14104,14685,15527,16186,16281,14035,9538,4904,1266,89,0,0,0,0,0,0,0,0,0,0,0,0,,
ASB,ASB0661,EASH,Lauriston,Solar,Solar,2026-08-15,0,0,0,0,0,0,0,0,0,0,0,0,0,0,0,264,595,901,1409,1092,1189,831,811,862,772,1806,1910,2060,1557,1523,1790,1281,1193,757,283,80,0,0,0,0,0,0,0,0,0,0,0,0,,
ASB,ASB0661,EASH,Lauriston,Solar,Solar,2026-08-16,0,0,0,0,0,0,0,0,0,0,0,0,0,0,0,35,458,1740,3963,4889,5268,4437,6616,12617,13139,9649,11654,11696,9918,9244,11127,4343,1948,2930,1992,221,0,0,0,0,0,0,0,0,0,0,0,0,,
ASB,ASB0661,EASH,Lauriston,Solar,Solar,2026-08-17,0,0,0,0,0,0,0,0,0,0,0,0,0,0,35,678,3821,8852,14139,17900,17994,17300,16453,15713,15205,15022,15230,15856,16569,17225,17584,15631,11142,6183,1824,132,0,0,0,0,0,0,0,0,0,0,0,0,,
ASB,ASB0661,EASH,Lauriston,Solar,Solar,2026-08-18,0,0,0,0,0,0,0,0,0,0,0,0,0,0,42,619,3704,8978,14097,17779,17856,16957,16048,15364,14825,14846,15311,15893,16608,17274,17427,13542,8340,3506,683,66,0,0,0,0,0,0,0,0,0,0,0,0,,
ASB,ASB0661,EASH,Lauriston,Solar,Solar,2026-08-19,0,0,0,0,0,0,0,0,0,0,0,0,0,0,10,446,1305,2059,3182,5734,8777,16942,15314,12579,11440,7964,6233,6875,6346,4625,3987,5863,6250,2883,910,105,0,0,0,0,0,0,0,0,0,0,0,0,,
ASB,ASB0661,EASH,Lauriston,Solar,Solar,2026-08-20,0,0,0,0,0,0,0,0,0,0,0,0,0,0,0,210,1074,2163,2963,4557,5699,6760,11240,8999,11570,12030,9697,10061,5818,6454,4621,3682,3254,2269,703,153,0,0,0,0,0,0,0,0,0,0,0,0,,
ASB,ASB0661,EASH,Lauriston,Solar,Solar,2026-08-21,0,0,0,0,0,0,0,0,0,0,0,0,0,0,146,1387,5042,7033,12968,15769,17247,17479,17145,16312,15852,15778,16080,16649,17350,17906,17887,16366,12101,7303,2388,342,1,0,0,0,0,0,0,0,0,0,0,0,,
ASB,ASB0661,EASH,Lauriston,Solar,Solar,2026-08-22,0,0,0,0,0,0,0,0,0,0,0,0,0,0,44,371,1366,2675,4556,5747,6344,6963,7707,8423,8684,10365,11881,11522,11886,10997,9503,7270,6425,2770,1777,327,0,0,0,0,0,0,0,0,0,0,0,0,,
ASB,ASB0661,EASH,Lauriston,Solar,Solar,2026-08-23,0,0,0,0,0,0,0,0,0,0,0,0,0,0,96,1608,5340,10613,15822,18660,18569,18141,17685,17160,16485,16314,16464,17465,15529,12868,18931,17881,12009,8585,2834,211,0,0,0,0,0,0,0,0,0,0,0,0,,
ASB,ASB0661,EASH,Lauriston,Solar,Solar,2026-08-24,0,0,0,0,0,0,0,0,0,0,0,0,0,0,113,1261,5502,11029,16076,18887,18648,17969,17335,16646,15635,12469,14882,12847,4735,3476,5773,5634,2678,5700,3895,662,25,0,0,0,0,0,0,0,0,0,0,0,,
ASB,ASB0661,EASH,Lauriston,Solar,Solar,2026-08-25,0,0,0,0,0,0,0,0,0,0,0,0,0,0,80,1483,5824,11237,16314,18815,18624,18017,17313,16698,16162,16215,16236,13243,8562,9308,11323,4848,5989,7731,4324,718,1,0,0,0,0,0,0,0,0,0,0,0,,
ASB,ASB0661,EASH,Lauriston,Solar,Solar,2026-08-26,0,0,0,0,0,0,0,0,0,0,0,0,0,0,64,605,2547,6221,14321,16465,10699,10492,5716,4912,4435,4431,3813,3134,1928,1002,874,823,735,288,150,13,0,0,0,0,0,0,0,0,0,0,0,0,,
ASB,ASB0661,EASH,Lauriston,Solar,Solar,2026-08-27,0,0,0,0,0,0,0,0,0,0,0,0,0,0,8,260,810,1439,4101,2757,2470,3104,2526,4054,5003,4658,4191,4281,3994,2225,2441,1757,1355,1409,400,127,0,0,0,0,0,0,0,0,0,0,0,0,,
ASB,ASB0661,EASH,Lauriston,Solar,Solar,2026-08-28,0,0,0,0,0,0,0,0,0,0,0,0,0,0,66,928,4039,9365,7721,15630,15300,14763,14562,13950,13508,13958,18006,18806,19969,20812,19314,18026,13853,8669,3422,515,4,0,0,0,0,0,0,0,0,0,0,0,,
ASB,ASB0661,EASH,Lauriston,Solar,Solar,2026-08-29,0,0,0,0,0,0,0,0,0,0,0,0,0,0,207,2263,7363,12988,18073,19701,19445,18812,15415,13519,16199,17381,17789,16004,10530,19037,19425,18491,14253,9128,3448,647,1,0,0,0,0,0,0,0,0,0,0,0,,
ASB,ASB0661,EASH,Lauriston,Solar,Solar,2026-08-30,0,0,0,0,0,0,0,0,0,0,0,0,0,2,529,2015,4650,7573,18184,19899,16370,12777,15678,17406,17084,16408,17037,19074,19874,20084,20007,20461,12173,2331,3260,711,7,0,0,0,0,0,0,0,0,0,0,0,,
ASB,ASB0661,EASH,Lauriston,Solar,Solar,2026-08-31,0,0,0,0,0,0,0,0,0,0,0,0,0,3,355,2600,7718,13430,17698,18336,14680,13400,11895,12111,5252,5579,8956,16211,6111,3111,1393,972,444,356,93,63,0,0,0,0,0,0,0,0,0,0,0,0,,
ASB,ASB0661,EASH,highbank,Hydro,Hydro,2026-08-02,0,0,0,0,0,0,0,0,0,0,0,0,0,0,0,0,0,0,0,0,0,0,0,0,0,0,0,0,0,0,0,0,0,0,0,0,0,0,0,0,0,0,0,0,0,0,0,0,,
ASB,ASB0661,EASH,highbank,Hydro,Hydro,2026-08-03,0,0,0,0,0,0,0,0,0,0,0,0,0,0,0,0,0,0,0,0,0,0,0,0,0,0,0,0,0,0,0,0,0,0,0,0,0,0,0,0,0,0,0,0,0,0,0,0,,
ASB,ASB0661,EASH,highbank,Hydro,Hydro,2026-08-04,0,0,0,0,0,0,0,0,0,0,0,0,0,0,0,0,0,0,0,0,0,0,0,0,0,0,0,0,0,0,0,0,0,0,0,0,0,0,0,0,0,0,0,0,0,0,0,0,,
ASB,ASB0661,EASH,highbank,Hydro,Hydro,2026-08-05,0,0,0,0,0,0,0,0,0,0,0,0,0,0,0,0,0,0,0,0,0,0,0,0,0,0,0,0,0,0,0,0,0,0,0,0,0,0,0,0,0,0,0,0,0,0,0,0,,
ASB,ASB0661,EASH,highbank,Hydro,Hydro,2026-08-06,0,0,0,0,0,0,0,0,0,0,0,0,0,0,0,0,0,0,0,0,0,0,0,0,0,0,0,0,0,0,0,0,0,0,0,0,0,0,0,0,0,0,0,0,0,0,0,0,,
ASB,ASB0661,EASH,highbank,Hydro,Hydro,2026-08-07,0,0,0,0,0,0,0,0,0,0,0,0,0,0,0,0,0,0,0,0,0,0,0,0,0,0,0,0,0,0,0,0,0,0,0,0,0,0,0,0,0,0,0,0,0,0,0,0,,
ASB,ASB0661,EASH,highbank,Hydro,Hydro,2026-08-08,0,0,0,0,0,0,0,0,0,0,0,0,0,0,0,0,0,0,0,0,0,0,0,0,0,0,0,0,0,0,0,0,0,0,0,0,0,0,0,0,0,0,0,0,0,0,0,0,,
ASB,ASB0661,EASH,highbank,Hydro,Hydro,2026-08-09,0,0,0,0,0,0,0,0,0,0,0,0,0,0,0,0,0,0,0,0,0,0,0,0,0,0,0,0,0,0,0,0,0,0,0,0,0,0,0,0,0,0,0,0,0,0,0,0,,
ASB,ASB0661,EASH,highbank,Hydro,Hydro,2026-08-10,0,0,0,0,0,0,0,0,0,0,0,0,0,0,0,0,0,0,0,0,0,0,0,0,0,0,0,0,0,0,0,0,0,0,0,0,0,0,0,0,0,0,0,0,0,0,0,0,,
ASB,ASB0661,EASH,highbank,Hydro,Hydro,2026-08-11,0,0,0,0,0,0,0,0,0,0,0,0,0,0,0,0,0,0,0,0,0,0,0,0,0,0,0,0,0,0,0,0,0,0,0,0,0,0,0,0,0,0,0,0,0,0,0,0,,
ASB,ASB0661,EASH,highbank,Hydro,Hydro,2026-08-12,0,0,0,0,0,0,0,0,0,0,0,0,0,0,0,0,0,0,0,0,0,0,0,0,0,0,0,0,0,0,0,0,0,0,0,0,0,0,0,0,0,0,0,0,0,0,0,0,,
ASB,ASB0661,EASH,highbank,Hydro,Hydro,2026-08-13,0,0,0,0,0,0,0,0,0,0,0,0,0,0,0,0,0,0,0,0,0,0,0,0,0,0,0,0,0,0,0,0,0,0,0,0,0,0,0,0,0,0,0,0,0,0,0,0,,
ASB,ASB0661,EASH,highbank,Hydro,Hydro,2026-08-14,0,0,0,0,0,0,0,0,0,0,0,0,0,0,0,0,0,0,0,0,0,0,0,0,0,0,0,0,0,0,0,0,0,0,0,0,0,0,0,0,0,0,0,0,0,0,0,0,,
ASB,ASB0661,EASH,highbank,Hydro,Hydro,2026-08-15,0,0,0,0,0,0,0,0,0,0,0,0,0,0,0,0,0,0,0,0,0,0,0,0,0,0,0,0,0,0,0,0,0,0,0,0,0,0,0,0,0,0,0,0,0,0,0,0,,
ASB,ASB0661,EASH,highbank,Hydro,Hydro,2026-08-16,0,0,0,0,0,0,0,0,0,0,0,0,0,0,0,0,0,0,0,0,0,0,0,0,0,0,0,0,0,0,0,0,0,0,0,0,0,0,0,0,0,0,0,0,0,0,0,0,,
ASB,ASB0661,EASH,highbank,Hydro,Hydro,2026-08-17,0,0,0,0,0,0,0,0,0,0,0,0,0,0,0,0,0,0,0,0,0,0,0,0,0,0,0,0,0,0,0,0,0,0,0,0,0,0,0,0,0,0,0,0,0,0,0,0,,
ASB,ASB0661,EASH,highbank,Hydro,Hydro,2026-08-18,0,0,0,0,0,0,0,0,0,0,0,0,0,0,0,0,0,0,0,0,0,0,0,0,0,0,0,0,0,0,0,0,0,0,0,0,0,0,0,0,0,0,0,0,0,0,0,0,,
ASB,ASB0661,EASH,highbank,Hydro,Hydro,2026-08-19,0,0,0,0,0,0,0,0,0,0,0,0,0,0,0,0,0,0,0,0,0,0,0,0,0,0,0,0,0,0,0,0,0,0,0,0,0,0,0,0,0,0,0,0,0,0,0,0,,
ASB,ASB0661,EASH,highbank,Hydro,Hydro,2026-08-20,0,0,0,0,0,0,0,0,0,0,0,0,0,0,0,0,0,0,0,0,0,0,0,0,0,0,0,0,0,0,0,0,0,0,0,0,0,0,0,0,0,0,0,0,0,0,0,0,,
ASB,ASB0661,EASH,highbank,Hydro,Hydro,2026-08-21,0,0,0,0,0,0,0,0,0,0,0,0,0,0,0,0,0,0,0,0,0,0,0,0,0,0,0,0,0,0,0,0,0,0,0,0,0,0,0,0,0,0,0,0,0,0,0,0,,
ASB,ASB0661,EASH,highbank,Hydro,Hydro,2026-08-22,0,0,0,0,0,0,0,0,0,0,0,0,0,0,0,0,0,0,0,0,0,0,0,0,0,0,0,0,0,0,0,0,0,0,0,0,0,0,0,0,0,0,0,0,0,0,0,0,,
ASB,ASB0661,EASH,highbank,Hydro,Hydro,2026-08-23,0,0,0,0,0,0,0,0,0,0,0,0,0,0,0,0,0,0,0,0,0,0,0,0,0,0,0,0,0,0,0,0,0,0,0,0,0,0,0,0,0,0,0,0,0,0,0,0,,
ASB,ASB0661,EASH,highbank,Hydro,Hydro,2026-08-24,0,0,0,0,0,0,0,0,0,0,0,0,0,0,0,0,0,0,0,0,0,0,0,0,0,0,0,0,0,0,0,0,0,0,0,0,0,0,0,0,0,0,0,0,0,0,0,0,,
ASB,ASB0661,EASH,highbank,Hydro,Hydro,2026-08-25,0,0,0,0,0,0,0,0,0,0,0,0,0,0,0,0,0,0,0,0,0,0,0,0,0,0,0,0,0,0,0,0,0,0,0,0,0,0,0,0,0,0,0,0,0,0,0,0,,
ASB,ASB0661,EASH,highbank,Hydro,Hydro,2026-08-26,0,0,0,0,0,0,0,0,0,0,0,0,0,0,0,0,0,0,0,0,0,0,0,0,0,0,0,0,0,0,0,0,0,0,0,0,0,0,0,0,0,0,0,0,0,0,0,0,,
ASB,ASB0661,EASH,highbank,Hydro,Hydro,2026-08-27,0,0,0,0,0,0,0,0,0,0,0,0,0,0,0,0,0,0,0,0,0,0,0,0,0,0,0,0,0,0,0,0,0,0,0,0,0,0,0,0,0,0,0,0,0,0,0,0,,
ASB,ASB0661,EASH,highbank,Hydro,Hydro,2026-08-28,0,0,0,0,0,0,0,0,0,0,0,0,0,0,0,0,0,0,0,0,0,0,0,0,0,0,0,0,0,0,0,0,0,0,0,0,0,0,0,0,0,0,0,0,0,0,0,0,,
ASB,ASB0661,EASH,highbank,Hydro,Hydro,2026-08-29,0,0,0,0,0,0,0,0,0,0,0,0,0,0,0,0,0,0,0,0,0,0,0,0,0,0,0,0,0,0,0,0,0,0,0,0,0,0,0,0,0,0,0,0,0,0,0,0,,
ASB,ASB0661,EASH,highbank,Hydro,Hydro,2026-08-30,0,0,0,0,0,0,0,0,0,0,0,0,0,0,0,0,0,0,0,0,0,0,0,0,0,0,0,0,0,0,0,0,0,0,0,0,0,0,0,0,0,0,0,0,0,0,0,0,,
ASB,ASB0661,EASH,highbank,Hydro,Hydro,2026-08-31,0,0,0,0,0,0,0,0,0,0,0,0,0,0,0,0,0,0,0,0,0,0,0,0,0,0,0,0,0,0,0,0,0,0,0,0,0,0,0,0,0,0,0,0,0,0,0,0,,
ATI,ATI2201,MRPL,atiamuri,Hydro,Hydro,2026-08-01,12650,13710,13510,8670,8670,8680,9200,8120,8820,9350,9310,9310,10210,18160,22590,27580,27230,27540,27470,27430,27420,22880,16610,16150,15200,14170,11530,8540,8560,13640,16490,16200,16730,19170,28550,28030,27990,27590,27460,27560,27550,27500,27790,27650,27660,27670,18950,18900,,
ATI,ATI2201,MRPL,atiamuri,Hydro,Hydro,2026-08-02,18930,18870,18830,18660,16890,9480,9850,1680,0,0,4770,9860,17280,17640,24990,25900,20400,28530,28630,25680,25800,23130,19170,18640,18280,17930,16820,16780,16630,8490,8060,8100,9320,17440,23550,28470,29070,28970,27040,27050,27250,27540,27750,27430,27780,19270,18820,19100,,
ATI,ATI2201,MRPL,atiamuri,Hydro,Hydro,2026-08-03,5940,0,0,0,0,0,0,0,0,0,0,4810,17280,22540,25680,29230,29340,29440,28080,19690,18620,11400,9200,8200,8920,8760,8840,7660,4390,1650,3730,8950,8970,13000,17750,28470,29540,29750,29790,29890,29930,30010,30010,29950,29940,20970,20350,17260,,
ATI,ATI2201,MRPL,atiamuri,Hydro,Hydro,2026-08-04,8280,2820,6270,0,9860,10070,9970,9910,2980,3950,5960,10890,23920,26100,25810,26660,28340,29110,27080,26950,27070,27090,27270,27560,27380,27110,19410,18980,19400,19130,19000,18790,21230,22060,27310,37640,37920,37700,37690,37700,37700,37630,37610,36870,32550,32690,33080,26220,,
ATI,ATI2201,MRPL,atiamuri,Hydro,Hydro,2026-08-05,20450,16980,9920,8030,7950,8050,8900,8030,8040,7980,13610,16200,20950,26910,32540,37650,37520,35580,35210,31840,32030,31940,31660,32180,28610,26930,24970,19830,17290,18790,18620,18590,24580,26710,30000,34980,36610,37390,37300,37240,37240,37140,37140,36530,34090,28580,27450,11500,,
ATI,ATI2201,MRPL,atiamuri,Hydro,Hydro,2026-08-06,8940,280,0,0,4310,9100,9100,9080,4060,12530,24840,28800,36710,37830,37650,37550,37530,37540,37550,37550,36060,34270,34190,34240,34270,36190,34760,34630,34470,30800,32350,30650,31120,27450,19830,25530,37330,37070,36970,36900,36850,36810,36760,36730,33690,26740,15980,9070,,
ATI,ATI2201,MRPL,atiamuri,Hydro,Hydro,2026-08-07,7780,8830,8710,8850,8830,8790,8850,8770,8800,11330,18100,27930,31150,35470,37260,37220,37070,37150,37140,36710,36570,33990,28510,28760,28840,28950,28970,29100,29120,20220,19980,24790,34080,33500,33940,33360,37750,37690,36940,35430,27880,27870,33570,30240,30480,27940,24260,17110,,
ATI,ATI2201,MRPL,atiamuri,Hydro,Hydro,2026-08-08,15990,16080,16050,15950,9470,9770,9780,9760,9740,9700,9720,16620,24410,27430,31850,31340,31930,31820,31840,31710,32700,31880,31680,27660,24720,24060,21830,20620,20670,20660,23570,36080,35720,35800,35530,35730,35560,35710,34390,34470,34410,34250,26590,26660,26840,18480,18360,18350,,
ATI,ATI2201,MRPL,atiamuri,Hydro,Hydro,2026-08-09,9680,9470,9510,9530,9530,30,0,0,0,5420,9580,9150,18300,17730,18090,17930,18060,18140,28510,32860,32900,32850,32900,32570,26240,26020,26940,27160,26640,26430,26710,34240,35030,34470,34340,32960,33860,34280,34260,36040,27990,28350,28590,22630,23800,19530,17390,9030,,
ATI,ATI2201,MRPL,atiamuri,Hydro,Hydro,2026-08-10,9110,10110,5990,9400,8420,4290,0,2490,8890,10220,14610,24200,26580,26080,32530,33790,33440,33760,31510,23940,22740,15440,15180,17480,9640,18480,11740,12280,17150,10250,12270,25650,26600,35290,35360,35490,34930,35070,35090,34950,34900,34860,33720,19880,11830,9920,1070,0,,
ATI,ATI2201,MRPL,atiamuri,Hydro,Hydro,2026-08-11,0,0,0,0,0,0,0,0,0,0,370,8230,18890,27750,35380,37570,38260,38230,38130,35650,33250,34650,33170,36800,36690,28460,19860,20100,20160,24880,28000,31310,35590,33350,32490,35380,37000,37680,37290,36780,31200,28800,26290,19290,17190,17010,8780,8590,,
ATI,ATI2201,MRPL,atiamuri,Hydro,Hydro,2026-08-12,8690,8710,8620,8770,8220,8250,9830,9830,11250,17290,16810,16930,23300,32420,32340,33620,34690,34930,28860,27220,27080,18620,19590,17010,17050,17100,17500,19340,19930,19460,19340,19320,19360,22710,26890,34620,34660,37790,34350,34290,31750,25340,25520,20340,17560,17630,17770,17870,,
ATI,ATI2201,MRPL,atiamuri,Hydro,Hydro,2026-08-13,17750,11320,8990,8960,9050,9020,9050,8990,8300,8210,9000,12100,23830,26480,32340,35490,30770,25250,25370,25740,25260,25480,25540,25650,21290,17340,17300,17350,17760,17150,17200,21880,26600,31920,32580,34320,34040,34340,34200,34190,34110,29010,26670,25310,25650,17110,17300,15910,,
ATI,ATI2201,MRPL,atiamuri,Hydro,Hydro,2026-08-14,9310,9320,9360,9320,9390,9360,9360,9380,9360,9330,9200,10350,16920,24660,27410,27610,25780,22900,16620,16510,16600,16520,16720,16550,16670,16650,16630,16750,16750,16770,17020,18720,18610,24850,27990,28880,29760,30220,29900,23160,18410,17250,18920,25730,22680,18360,19100,9850,,
ATI,ATI2201,MRPL,atiamuri,Hydro,Hydro,2026-08-15,10440,9050,4790,1420,3030,9130,6140,4180,1430,0,0,4680,11800,18990,20440,22950,27060,26970,19810,12190,9000,16640,17570,9190,9050,13350,17810,16760,16760,18040,17810,22160,23520,24350,26860,26700,34480,28340,24010,16950,17330,16010,15080,10100,11740,11570,9830,8200,,
ATI,ATI2201,MRPL,atiamuri,Hydro,Hydro,2026-08-16,7810,7820,4230,0,0,0,2250,90,0,0,0,4990,8550,8010,8620,14190,15450,13670,16600,16600,16730,19230,23800,17650,17350,12640,9650,9790,19920,17140,24940,24430,26100,26710,34050,33270,33480,33590,33630,33590,33560,32900,26700,20340,9570,9340,6850,0,,
ATI,ATI2201,MRPL,atiamuri,Hydro,Hydro,2026-08-17,0,0,0,0,0,0,0,0,0,0,0,0,15650,17280,26230,32840,33100,33200,32890,33100,30440,26900,28470,27730,22070,22070,17710,17920,15780,18450,25170,31790,31630,33560,31090,32810,33490,33440,33570,33650,33710,33740,33980,33650,35430,29750,18640,16920,,
ATI,ATI2201,MRPL,atiamuri,Hydro,Hydro,2026-08-18,16880,16790,10000,9930,9380,5500,6070,8500,9870,8510,14700,24940,32000,33420,35420,37290,33810,27970,26620,21680,18960,19090,18980,19150,19200,19070,19120,19090,19140,17080,15960,16790,16390,16700,25020,33410,33790,33760,34020,35810,36030,35860,27950,27790,19560,19450,17740,17640,,
ATI,ATI2201,MRPL,atiamuri,Hydro,Hydro,2026-08-19,17950,17900,9030,8310,8950,8420,9800,9780,8770,8810,17360,17670,29850,34400,34420,34210,34540,34650,27570,26770,27620,29900,23960,19790,18900,18640,15450,17300,17150,16980,17210,23330,24710,24800,29080,35220,34780,34770,35160,34760,34720,34800,27030,27000,27140,27150,19300,18640,,
ATI,ATI2201,MRPL,atiamuri,Hydro,Hydro,2026-08-20,18660,18640,17250,9630,9570,9630,9600,9650,9610,9580,9600,22430,29950,34360,37790,38230,38200,37440,36330,35510,34130,29350,27160,27210,26260,27280,24890,17790,17970,17610,18990,22850,26630,26250,34490,35880,35550,35470,35430,35980,35720,32490,27870,27830,28770,26860,17860,17970,,
ATI,ATI2201,MRPL,atiamuri,Hydro,Hydro,2026-08-21,17760,17900,17670,17960,17720,10350,10140,10140,10120,10210,17710,18940,28810,33650,33340,33520,33630,33410,33350,33520,26110,26230,26660,26430,26480,26410,23120,18330,16880,16790,16740,16920,18090,17930,25730,27830,34770,34740,34550,34740,27430,23170,26420,28810,25930,22810,16990,16410,,
ATI,ATI2201,MRPL,atiamuri,Hydro,Hydro,2026-08-22,19110,16930,7870,8030,40,0,0,0,0,0,2610,950,11870,15330,19050,28630,19030,25200,18570,18460,17720,8710,9140,17570,15270,9480,8450,6530,730,0,7380,4740,10510,12370,19370,24710,31800,31830,32990,29380,25480,25790,33330,23130,34190,9630,220,0,,
ATI,ATI2201,MRPL,atiamuri,Hydro,Hydro,2026-08-23,0,0,0,0,0,0,0,0,0,0,0,0,0,3700,7700,9220,8950,7970,8160,9880,8260,8740,8650,8990,10290,8550,9090,8620,8740,9050,8140,8130,9360,16060,17980,17650,17800,26150,26610,26240,20680,18070,17970,17380,11560,9010,7550,8380,,
ATI,ATI2201,MRPL,atiamuri,Hydro,Hydro,2026-08-24,9800,9000,9100,10090,8440,4600,190,0,0,0,9060,8640,16780,24520,32280,34800,32220,20110,18920,10610,8850,9590,10350,9510,4650,0,0,0,0,0,0,8320,8580,17240,17930,25650,26000,26000,26350,23540,18040,18080,17940,10640,13390,10360,0,0,,
ATI,ATI2201,MRPL,atiamuri,Hydro,Hydro,2026-08-25,30,0,0,0,0,0,0,0,0,10,10380,10620,21540,28690,28530,33240,29100,22100,21700,17360,17040,7880,7680,7670,8670,7590,3160,0,1090,980,0,4780,8700,12790,12820,16280,19820,23660,20390,17480,17890,17210,12040,11030,8870,10900,5490,4020,,
ATI,ATI2201,MRPL,atiamuri,Hydro,Hydro,2026-08-26,30,0,0,0,0,0,0,0,0,0,0,14110,16960,25180,26850,31960,28460,26050,19500,11290,9890,9280,15830,16930,12660,9410,16540,18200,17240,17010,19290,20130,11010,19900,20200,27460,27340,27650,27690,24630,21740,22420,17890,10640,11190,8700,9890,1830,,
ATI,ATI2201,MRPL,atiamuri,Hydro,Hydro,2026-08-27,0,2020,10,0,0,0,0,0,0,0,8970,17880,25350,27640,29750,35840,29790,20230,15090,7310,11790,11570,8570,8530,8520,8540,8660,8680,8660,8540,8430,8420,8470,17040,20800,26240,24230,25990,26700,27340,27320,27420,27660,27320,27390,25200,13160,8860,,
ATI,ATI2201,MRPL,atiamuri,Hydro,Hydro,2026-08-28,8720,6310,0,0,0,0,0,0,0,0,2750,10600,15320,17360,22580,26030,26400,17960,18130,10660,9290,9280,9230,4020,6060,1690,8600,8560,8530,8520,6760,8320,8730,11570,17640,26160,25520,25630,25350,23830,16920,17060,16930,8680,8920,3240,0,0,,
ATI,ATI2201,MRPL,atiamuri,Hydro,Hydro,2026-08-29,0,0,0,0,0,0,0,0,0,0,0,0,0,230,4530,1930,4690,8830,9230,9470,8210,8300,8350,8350,8360,8210,8420,8370,8270,8250,8150,12280,16520,16310,17740,23690,24950,24580,9360,8670,8720,8680,8850,6700,640,0,0,0,,
ATI,ATI2201,MRPL,atiamuri,Hydro,Hydro,2026-08-30,0,0,0,0,0,0,0,0,0,0,0,0,0,0,8170,8330,8520,8470,9250,9830,10340,9040,9400,9380,9540,9350,810,0,0,0,0,0,4150,9450,9720,14670,18620,24780,25560,25300,21260,17260,13100,8770,9370,1580,0,0,,
ATI,ATI2201,MRPL,atiamuri,Hydro,Hydro,2026-08-31,0,0,0,0,0,0,0,0,0,0,0,700,6900,16480,24330,28250,26660,24660,26970,15420,16180,8920,9030,18010,9950,9360,9800,9920,9820,12560,8450,10580,17400,11880,26630,33250,34580,35650,27620,23390,18280,16980,23890,21090,18310,8790,8640,8660,,
AVI,AVI2201,MERI,aviemore,Hydro,Hydro,2026-08-01,26469,24400,23345,19474,18076,23998,23696,23612,25861,20894,22143,24460,24508,23959,24424,48278,58055,58262,71127,52634,49066,48654,51430,50584,25489,22141,23630,24062,23847,24103,32561,50224,71482,73886,76723,76089,75866,76252,65158,66267,77083,78004,78804,77821,69682,51982,51990,47471,,
AVI,AVI2201,MERI,aviemore,Hydro,Hydro,2026-08-02,50650,45313,38008,22980,22395,23595,24109,24152,24144,25618,22221,31823,49280,34248,57789,67690,75489,75185,50443,49832,49992,74274,54831,26421,25540,25057,25084,26091,50484,48605,51172,51448,51440,51968,50581,74135,77666,77495,77856,52977,51302,51442,51668,51202,51605,46790,25976,23882,,
AVI,AVI2201,MERI,aviemore,Hydro,Hydro,2026-08-03,23537,23606,23473,23053,20553,15623,20308,24298,46649,29333,47565,50122,66718,76241,101739,98995,99891,100790,102132,98447,101252,100815,104111,102326,100568,75592,74224,76462,76412,74889,76665,99615,106760,104006,87278,95013,86862,80869,79942,93113,94259,99431,104654,81128,71645,60932,46264,21809,,
AVI,AVI2201,MERI,aviemore,Hydro,Hydro,2026-08-04,22961,24678,22981,23035,23698,39020,48051,21755,21599,33070,62352,92440,103592,98574,102468,104093,106927,105575,102768,102298,105757,104750,105456,105222,104534,103813,103737,102705,103134,102997,105781,106752,105803,106572,107661,106411,106755,106238,105939,106297,105158,92395,88499,90753,86361,74651,78865,68693,,
AVI,AVI2201,MERI,aviemore,Hydro,Hydro,2026-08-05,72640,74978,49202,23286,22428,23634,23771,24336,23587,55954,75798,92843,102650,102682,105095,106833,105026,102132,100796,100066,103563,102381,100108,101463,91709,91703,75211,75477,74189,76356,61823,83909,101860,102026,82651,104705,105369,107549,105431,106473,106512,107892,107658,107347,105085,105975,105712,103826,,
AVI,AVI2201,MERI,aviemore,Hydro,Hydro,2026-08-06,102659,92836,56077,46768,59490,75899,73891,74290,75784,73724,80689,89090,102084,103723,105090,105088,103295,106680,107273,105896,107366,105802,104614,104740,101897,100446,95825,79676,79365,80003,80656,80978,101032,109292,109649,108013,107948,107680,107785,109039,108836,108949,106521,106656,107054,81388,78550,76410,,
AVI,AVI2201,MERI,aviemore,Hydro,Hydro,2026-08-07,82974,75350,75369,73439,73256,54959,51113,50804,50759,55880,75300,91188,101062,106019,107238,111576,110363,109967,110097,110925,109697,110394,109596,109203,109160,109178,105148,105872,105120,103537,104757,108675,108360,108937,110067,108927,109889,110334,110553,109749,109461,105320,105128,95993,85820,74825,71290,70262,,
AVI,AVI2201,MERI,aviemore,Hydro,Hydro,2026-08-08,64851,63203,55942,55512,53967,50905,58866,60598,60532,53558,60903,54465,51544,68333,86986,99214,100958,98603,100598,76321,56096,72162,69327,71828,74321,61786,63876,63225,64727,65938,65674,72249,72434,82147,102065,102096,100902,96227,96856,95776,94309,81712,81651,81697,82308,63519,52266,48710,,
AVI,AVI2201,MERI,aviemore,Hydro,Hydro,2026-08-09,45741,34840,27684,17426,16214,16854,15945,19567,25145,25172,25578,49845,27012,23976,24543,50053,62055,54670,77226,76712,92306,81166,75863,73917,76139,76794,75325,51995,50614,50564,50727,50403,50454,50554,58022,76391,76327,76205,75321,75794,75590,75882,76500,74678,51319,49754,48223,25050,,
AVI,AVI2201,MERI,aviemore,Hydro,Hydro,2026-08-10,24077,24488,24534,24669,24134,26125,40670,55044,69741,73255,75662,90133,98228,95196,105645,106663,105340,105992,105650,103270,103613,101501,103061,81362,67519,66845,67468,74932,75898,90648,104386,102696,96430,103782,106008,107528,109334,110468,110779,110185,109085,108691,110334,107365,106171,104888,105641,76054,,
AVI,AVI2201,MERI,aviemore,Hydro,Hydro,2026-08-11,59830,47765,72036,89298,70330,71468,77883,46597,40516,41623,43918,80559,90100,100630,101831,100998,100908,102893,101655,102351,102012,101550,101127,100941,89746,81482,82022,81913,81937,81899,82334,81578,81340,81388,81983,82529,81966,81973,83927,84177,84315,83963,83439,84403,83663,82121,80616,82756,,
AVI,AVI2201,MERI,aviemore,Hydro,Hydro,2026-08-12,51159,49632,52805,60684,28880,76433,67213,68360,73760,79319,55604,41108,71489,77518,79968,81178,78962,79461,80536,81268,81059,81335,80593,80923,80942,80898,80799,81300,80748,80938,80788,80725,81173,81151,80940,81112,81287,81344,87736,106822,107202,107079,107314,104761,102271,83192,77507,56142,,
AVI,AVI2201,MERI,aviemore,Hydro,Hydro,2026-08-13,49119,47933,50165,32268,34819,27645,32804,32488,43362,69981,67044,47453,53151,78279,105958,109187,107655,107702,108068,107384,104978,106931,106272,107093,106357,107683,102708,102606,105354,106173,107330,105849,106002,105103,97593,107461,106639,107483,82232,79315,79232,79420,79529,79284,79314,79345,79411,64921,,
AVI,AVI2201,MERI,aviemore,Hydro,Hydro,2026-08-14,11553,0,0,16313,0,0,0,19886,24243,25962,51308,58186,72138,77155,99284,97176,93620,101635,103075,77076,77351,71893,75353,76931,77398,76859,67352,75116,76900,75274,78092,78765,67094,77169,77475,79262,101503,78980,102475,78129,77260,70443,76843,68771,66917,66265,61135,48982,,
AVI,AVI2201,MERI,aviemore,Hydro,Hydro,2026-08-15,48994,23480,23597,22858,24130,23543,23552,23518,23441,23307,23626,23065,23387,23012,95861,101558,100890,101627,102196,76938,74107,50613,50628,48775,48944,34630,46605,47928,49540,49155,48690,50018,47854,98599,74009,71410,69656,49324,49942,49803,50157,50051,50114,45710,42737,27586,21026,22961,,
AVI,AVI2201,MERI,aviemore,Hydro,Hydro,2026-08-16,23384,23819,23342,23334,22119,23608,23597,22945,23004,22357,23819,21298,24174,23810,23584,49224,51923,49337,49715,49864,49153,47484,48644,50862,50160,24265,23977,23750,22003,21837,23063,24051,22974,45834,59413,69841,76288,76715,74611,76630,74021,76465,74105,61087,24132,39256,48727,42680,,
AVI,AVI2201,MERI,aviemore,Hydro,Hydro,2026-08-17,48484,38143,17779,16443,15545,15428,20886,23114,24189,23658,39649,53372,75407,84305,103995,107037,107385,107368,103880,105585,102510,103257,88367,78602,78456,77725,76707,54188,63143,68713,70114,76903,78817,80579,82347,81460,82339,82369,82483,82518,82565,82436,82264,82007,82644,79779,79942,78959,,
AVI,AVI2201,MERI,aviemore,Hydro,Hydro,2026-08-18,46646,50317,51066,24175,22962,23059,22966,22013,42213,48580,49114,43485,66088,75298,88687,102169,100375,101583,99059,74367,75549,72793,73976,72275,76665,76271,72432,73526,75066,75402,72413,83803,85067,101526,84937,100157,101758,101537,103602,100331,101297,98679,100514,67691,49012,47645,45339,49365,,
AVI,AVI2201,MERI,aviemore,Hydro,Hydro,2026-08-19,31435,23130,23027,21829,21132,19956,39076,47522,26276,21898,31660,48746,70620,77189,103352,100564,99602,97841,76263,77216,70857,69665,72281,50309,47788,49023,50630,51560,51002,75751,78951,74189,76307,53014,61372,94630,101345,87784,75298,75756,75167,75605,74967,75718,75206,74558,50963,49574,,
AVI,AVI2201,MERI,aviemore,Hydro,Hydro,2026-08-20,49604,57647,49624,49688,49408,49585,49482,49616,49532,49499,49673,51785,74879,75077,91538,101518,103827,105225,107718,108457,107672,108028,108843,108341,104009,103364,104234,91851,78493,76969,59057,49800,75844,83470,104385,86926,105147,107027,105618,86724,76836,59400,73718,74041,74589,72866,72944,47687,,
AVI,AVI2201,MERI,aviemore,Hydro,Hydro,2026-08-21,48207,48501,45152,48314,49134,49143,49053,49062,50150,55087,76410,82101,105448,103966,105541,109326,110774,109931,109490,109680,108942,108622,81356,79061,72454,63513,51498,51850,50826,50138,57127,79276,79075,53240,58952,79428,75272,69487,48837,49284,49514,46722,50021,68766,54743,50174,5588,4105,,
AVI,AVI2201,MERI,aviemore,Hydro,Hydro,2026-08-22,22080,22575,23871,22201,22270,23598,22457,21983,22499,25282,24314,23422,16859,20808,48088,49132,75862,75514,75614,77552,76874,74787,76198,75668,68938,23303,23362,44749,51881,51836,49992,34089,24723,50764,49626,72854,54056,63299,82518,47704,48323,50423,49888,51888,26353,23582,23590,21724,,
AVI,AVI2201,MERI,aviemore,Hydro,Hydro,2026-08-23,22591,22219,22623,18151,14954,14288,14163,15526,16931,17709,15369,23314,24578,23130,41884,49420,71205,74292,77525,74644,75052,50449,49716,65049,74931,72251,50947,49032,53610,51492,44188,46052,47044,75919,78846,74361,70894,74019,77858,76021,74928,70536,58099,49593,49830,46661,48697,25279,,
AVI,AVI2201,MERI,aviemore,Hydro,Hydro,2026-08-24,22316,28733,42500,32558,41408,40161,33986,33893,38428,42473,38794,58840,89226,93051,110072,109056,109729,109885,107760,108250,108002,104931,106400,106410,105998,88333,81840,82898,82853,82814,82393,82286,80200,78098,80194,78857,80238,79860,70675,79572,80018,78361,77488,59098,55264,50337,42292,18099,,
AVI,AVI2201,MERI,aviemore,Hydro,Hydro,2026-08-25,23368,23718,21279,21134,24220,15347,22056,20284,20090,25480,47596,38436,49822,58954,76476,75656,77549,75194,87878,80058,77031,76926,75907,76192,67250,54682,64292,87721,90666,62398,73487,71485,77991,77039,54595,63984,96472,80083,78080,52694,49559,49532,49442,49695,48714,40852,49717,48838,,
AVI,AVI2201,MERI,aviemore,Hydro,Hydro,2026-08-26,51248,24318,22487,36805,23132,41757,47335,48925,46131,47767,71255,72504,95788,86929,75758,88647,98469,99316,98364,76104,75470,70363,72819,72911,74037,50582,65443,70002,49396,50182,53494,78001,79858,74933,74363,73646,76303,75571,75724,75106,50145,67492,69644,70628,71341,57951,30525,22991,,
AVI,AVI2201,MERI,aviemore,Hydro,Hydro,2026-08-27,1231,0,0,0,0,0,24206,22359,21457,46008,51227,65642,77212,78886,103585,102596,104348,100854,104309,104803,103850,107498,108339,103000,95703,96025,107433,107894,107909,106584,105910,106289,86467,102915,103872,100490,98328,97599,98514,99311,74698,74286,98993,75121,73838,75384,70823,70758,,
AVI,AVI2201,MERI,aviemore,Hydro,Hydro,2026-08-28,70424,70972,70363,70145,70719,70824,70990,70559,71134,72999,74016,73370,72392,58959,74982,76753,75533,71822,74077,74058,73373,71914,74714,75423,74512,75460,76360,71221,63985,72357,71974,69403,72065,69219,56690,71837,72114,70568,71327,72232,84039,71673,72619,97322,82672,74547,105100,93830,,
AVI,AVI2201,MERI,aviemore,Hydro,Hydro,2026-08-29,76347,81453,86964,80278,81290,78625,85786,68370,83034,95385,99957,110276,110050,104006,92083,92705,93718,95948,94023,95934,95867,96191,105534,109082,102785,98351,99338,99235,99134,99282,98307,99881,101898,98834,94775,98234,98801,101710,103056,102552,102746,102403,100380,100973,101532,101120,94174,92974,,
AVI,AVI2201,MERI,aviemore,Hydro,Hydro,2026-08-30,71484,73397,71833,73212,74041,63026,70375,74210,73692,61069,58294,69647,73430,72873,73151,71872,70168,72951,73892,72725,72914,71768,72501,71122,71018,68671,69623,71628,71548,70831,71371,72239,70351,73619,74130,73483,73851,70157,73117,79159,71685,66192,70690,72066,69720,66767,66494,69348,,
AVI,AVI2201,MERI,aviemore,Hydro,Hydro,2026-08-31,69946,70227,69310,68636,70068,69083,70746,69385,74244,79009,78899,79258,77574,77475,82118,80979,75271,33156,47026,40573,39456,70857,74810,57075,73900,81991,71380,46019,42253,71659,81889,82528,82421,83217,82869,83533,84293,84127,83898,82411,81951,83160,82165,82640,81983,82307,82118,82123,,
BEN,BEN2202,MERI,benmore,Hydro,Hydro,2026-08-01,45088,66756,78272,91585,76185,70484,65769,77238,64962,57734,65608,87826,128957,86693,125837,83380,117337,154565,168624,192097,151434,117068,84819,78860,85801,78436,120803,119860,128611,128182,130872,120911,132955,184468,238037,256364,239313,204737,222824,184516,167723,190968,204178,187968,147570,118217,134805,117191,,
BEN,BEN2202,MERI,benmore,Hydro,Hydro,2026-08-02,115569,107195,94460,66407,38688,36382,61412,84317,84559,88497,40649,37813,51454,88252,110351,125356,155292,171851,158181,162285,167512,129949,119375,128948,129626,129449,123482,118176,101564,111028,85877,70324,69438,94347,143897,182458,218912,203308,172313,207593,191591,188318,183118,176306,97864,73553,37174,55314,,
BEN,BEN2202,MERI,benmore,Hydro,Hydro,2026-08-03,77743,41190,40160,54657,66674,58263,41055,31419,3759,23363,41352,115369,157131,223443,256341,241390,240911,247665,254455,240752,252410,218384,222628,213203,203079,206121,201608,173037,170897,196187,210699,209373,226821,239951,240484,261959,267022,270731,260572,225473,188531,174598,210749,177525,127458,137216,151195,124370,,
BEN,BEN2202,MERI,benmore,Hydro,Hydro,2026-08-04,121038,88570,40999,28294,30823,38868,47529,29832,34970,63883,81850,114511,165123,214489,249064,259059,269296,261176,255226,236403,264057,265704,262996,266861,262690,259523,219433,251011,252443,258176,264040,271460,269144,271290,273070,271441,271293,269838,268441,271589,271866,272992,280404,281333,210795,125670,180242,163228,,
BEN,BEN2202,MERI,benmore,Hydro,Hydro,2026-08-05,121855,82168,145654,161374,158374,109236,132616,80155,82038,114398,121733,167744,216929,229200,266407,269922,259394,230386,184730,172921,235970,214838,162803,125361,179063,209022,204528,198976,162024,175293,209312,210413,224309,249882,241872,268154,273125,276719,273756,275102,273738,271491,278739,278248,267857,265577,272694,260305,,
BEN,BEN2202,MERI,benmore,Hydro,Hydro,2026-08-06,212817,239384,239984,190084,227418,213404,195934,212032,171190,180950,220523,223522,243539,264292,268400,270749,266582,269811,269565,259909,266869,261021,259653,259684,202153,190055,189344,161236,155342,162145,173847,235091,250884,274664,275442,270982,268512,269738,275218,283182,282490,282625,283019,282295,282416,258209,252236,240041,,
BEN,BEN2202,MERI,benmore,Hydro,Hydro,2026-08-07,231378,234787,228491,199970,197263,188346,153039,159899,148143,154750,136740,192864,252706,282303,280320,282686,281943,284262,278748,276801,280889,282372,280611,273316,263153,264945,266897,240139,246991,246235,259169,273671,273827,273630,283683,280749,282299,283181,282700,278379,281736,281650,281085,256432,198027,150425,130204,97018,,
BEN,BEN2202,MERI,benmore,Hydro,Hydro,2026-08-08,121263,70061,55337,39780,45170,45678,67986,81334,94601,81429,103063,98141,92846,79609,141372,186869,203051,189355,178288,177935,182776,185436,162014,140966,173110,171040,144856,137775,138752,143368,167310,175642,218293,264603,277487,280902,280061,280729,280592,270206,247632,217408,217211,177135,158632,132977,123596,118634,,
BEN,BEN2202,MERI,benmore,Hydro,Hydro,2026-08-09,123950,95788,77008,57573,63399,40484,38244,37055,38705,49384,90809,86248,105417,126074,128245,104051,120599,133433,173059,208748,208061,177234,129013,105379,119433,114904,118759,95259,40611,66140,93734,143565,170476,207703,222676,251847,247544,188412,193369,195865,221191,200533,191613,159700,93606,63173,73376,83309,,
BEN,BEN2202,MERI,benmore,Hydro,Hydro,2026-08-10,73052,54044,41098,38672,37941,40196,28597,24678,27593,60621,97891,179975,174058,204665,272370,276605,275530,273613,279189,268487,261288,248552,247782,244771,234349,233695,235559,187618,187447,171864,169942,194837,239857,262915,269853,264568,264376,266691,266463,265382,274447,279017,279741,264267,219047,208760,164092,173181,,
BEN,BEN2202,MERI,benmore,Hydro,Hydro,2026-08-11,133553,89336,43437,6285,31980,9685,0,34566,68298,87435,145396,213880,233612,261614,265390,262911,261000,262190,259580,260596,263131,261574,253879,237494,264493,259842,246596,207129,252681,260652,239731,267444,272339,275136,275393,273044,266858,278130,283347,281919,272319,264082,276696,273203,253042,188491,177611,117765,,
BEN,BEN2202,MERI,benmore,Hydro,Hydro,2026-08-12,64887,20338,39573,1729,0,0,0,0,0,3435,51843,103685,184418,230890,274750,273284,269054,270433,267545,268115,267648,267976,266733,217537,232830,221120,201453,167562,172544,188949,245840,280935,282814,281165,281258,280448,280584,267818,273223,251437,252223,251897,269355,242825,165632,117249,92315,62413,,
BEN,BEN2202,MERI,benmore,Hydro,Hydro,2026-08-13,72360,37728,40093,28537,24262,19135,0,0,0,0,18382,80502,173307,228104,263012,274650,284320,283021,279653,281535,260288,265637,264670,264676,261794,267272,261138,261876,254726,276130,266520,261289,271248,270897,257775,276936,275647,277098,263038,239258,223917,180376,164305,135979,145216,138809,74083,50671,,
BEN,BEN2202,MERI,benmore,Hydro,Hydro,2026-08-14,53813,46730,29770,49748,22952,0,0,8445,36282,39324,50200,100159,150870,221788,278800,279723,278369,256541,242060,233538,202324,181528,159221,172193,210382,208279,141339,110736,120014,176736,210737,224671,183860,207557,251705,258633,250724,218420,171508,172611,166916,158709,158422,148474,118866,131653,127990,119129,,
BEN,BEN2202,MERI,benmore,Hydro,Hydro,2026-08-15,125369,124792,126612,119402,87691,82750,82219,83445,82299,79977,76895,78821,116252,156030,167172,203264,205181,212267,220619,169837,125207,126221,133527,124613,119445,120939,88373,82183,83889,84306,83291,85863,124351,144952,168257,202101,198321,198422,170087,160928,129582,127649,126920,118470,113324,101647,92857,89496,,
BEN,BEN2202,MERI,benmore,Hydro,Hydro,2026-08-16,105619,102453,94287,85540,47244,38471,38438,37272,38781,36878,42177,37525,40933,77175,77970,79003,87819,118274,127079,121743,119631,119362,126307,126972,119379,78328,129687,126425,118366,118811,117499,81599,91832,173927,208364,241369,255349,251047,238389,216788,222370,202066,196224,176124,106027,63782,66865,33229,,
BEN,BEN2202,MERI,benmore,Hydro,Hydro,2026-08-17,89041,59567,27073,26347,26027,25893,70797,77679,85103,121084,124599,99369,127982,190169,246280,271647,271000,268338,262660,261998,244039,270445,239187,222167,170524,169752,154993,165399,156267,149397,160114,197408,212158,252663,243759,262136,260506,254747,235472,217705,209406,178024,208847,199146,126017,152016,108652,157522,,
BEN,BEN2202,MERI,benmore,Hydro,Hydro,2026-08-18,151478,104992,89606,83640,77746,56817,77224,76775,75674,79763,80342,108717,145280,185447,244380,259113,224768,180566,193723,171264,125274,156753,158235,157526,169921,150516,185440,196593,173347,174046,201915,194590,202289,256483,213482,256531,256300,257996,226134,188776,161952,147712,179914,181238,159288,80547,56769,77258,,
BEN,BEN2202,MERI,benmore,Hydro,Hydro,2026-08-19,55762,45878,38419,36857,36624,35439,40835,38017,70962,71238,111495,124406,173030,231915,263245,257256,251519,255131,255947,253781,238025,226188,199062,202768,200610,178016,206607,210179,212194,213411,201160,244513,240962,251090,248891,239301,250524,247950,249334,253878,233362,186332,240924,215478,122233,80501,111216,97214,,
BEN,BEN2202,MERI,benmore,Hydro,Hydro,2026-08-20,86780,55606,40207,66943,53683,62973,63359,53546,58226,94561,114085,151688,239588,257160,234244,227820,254028,264345,265869,267568,269805,270582,278238,275144,254817,233783,257027,244304,256176,236695,210742,231078,227540,243771,269197,269866,269282,265319,274891,271242,267342,231592,229332,238281,191286,170356,121456,126033,,
BEN,BEN2202,MERI,benmore,Hydro,Hydro,2026-08-21,171745,129369,158830,95756,79864,71579,77250,81408,86451,123846,131562,197085,235715,263492,270367,282603,283262,282136,281677,282009,282310,275955,268378,246166,220731,216988,215930,187222,165961,162493,143846,131937,147164,175642,210130,222053,243240,225359,237104,216264,171825,155828,171897,117890,93366,59639,56160,28382,,
BEN,BEN2202,MERI,benmore,Hydro,Hydro,2026-08-22,39037,39721,14543,0,35689,39433,39048,38914,39139,44810,42831,42759,28079,37628,82681,120982,129266,163512,198079,174777,212158,205591,191214,119347,149414,175307,158649,125255,132389,135989,134966,154342,176966,153137,166908,159727,168768,107062,78278,105536,84299,84729,43280,43361,39106,38022,41653,46227,,
BEN,BEN2202,MERI,benmore,Hydro,Hydro,2026-08-23,44478,38573,38478,33565,27277,27375,26681,26765,26558,34349,26712,38651,38954,66373,54355,78258,86046,116322,131389,124252,119241,125290,119139,141237,191949,188400,201322,219359,209733,173522,148990,157029,177794,210110,168050,203509,183005,157901,131064,125919,121709,117534,133121,85744,41580,36591,78211,78462,,
BEN,BEN2202,MERI,benmore,Hydro,Hydro,2026-08-24,60132,39003,25557,25711,35379,31818,32093,53266,80044,124251,152237,161604,238596,248298,281277,282051,282299,282555,275574,274646,278242,255570,252802,206397,174725,182777,170052,138906,130925,146384,203177,247435,264468,248995,266843,252963,261136,249067,250255,212530,178739,169273,135245,118887,107797,84198,56837,65618,,
BEN,BEN2202,MERI,benmore,Hydro,Hydro,2026-08-25,40516,81342,71427,56459,41402,33593,37536,34228,27080,41696,42213,80138,120267,142585,211363,247583,263622,244435,218263,223341,210665,211569,185897,146994,150286,133976,120573,121565,123429,117697,116868,119598,136082,167940,223535,223086,213488,225972,228965,223451,212136,198915,168940,129622,84003,40724,38235,78520,,
BEN,BEN2202,MERI,benmore,Hydro,Hydro,2026-08-26,47542,42132,75633,32626,28861,63984,85742,109657,114698,116267,127294,140280,163848,181776,252311,253902,241345,234621,202280,204280,203946,186136,194837,162692,135727,121428,141308,120108,153557,203319,177128,162665,149771,174819,199642,248557,265374,260495,254060,206978,194634,171951,231957,238480,173411,79771,82227,41270,,
BEN,BEN2202,MERI,benmore,Hydro,Hydro,2026-08-27,47395,30046,27054,40380,88660,62281,81463,73650,35493,67232,121436,159292,162985,159298,222544,251829,256820,232957,223361,220348,233904,232322,237046,235264,234192,235885,234489,236771,230880,222577,224923,226539,218134,214655,225032,225883,245283,236591,235624,236531,237971,206555,193007,191845,124944,107408,105834,99664,,
BEN,BEN2202,MERI,benmore,Hydro,Hydro,2026-08-28,103908,101812,101077,100733,101481,101632,101874,101241,102140,88744,81205,81739,85718,176219,248220,242212,224818,193874,167034,161060,177621,172779,161264,193601,189119,164885,189588,201859,232482,228741,235000,230540,235468,230164,256699,280904,278210,279292,280920,279998,279772,280023,280137,278524,238045,265653,267291,241004,,
BEN,BEN2202,MERI,benmore,Hydro,Hydro,2026-08-29,201810,159746,117054,91844,148485,180881,216188,162753,187662,156189,204146,230292,237382,223186,194851,223856,214409,221322,238906,238966,237868,238895,237984,237901,244651,246781,248946,248317,246975,247432,246496,247801,246905,246395,246612,247667,247528,246301,232681,224452,225057,224713,235209,236771,237983,236450,243812,243085,,
BEN,BEN2202,MERI,benmore,Hydro,Hydro,2026-08-30,163795,165045,159091,166996,168883,172262,170366,166648,159312,138915,132642,120621,117796,117643,118104,118257,119616,118114,122953,119128,120416,118421,119328,117166,119832,116754,118011,119946,119379,118316,118927,120104,118035,128210,170303,171986,173129,162584,169088,181246,132576,116317,119137,123120,121002,127293,128021,116536,,
BEN,BEN2202,MERI,benmore,Hydro,Hydro,2026-08-31,117644,117321,116708,116226,118150,116832,119151,116993,115247,110849,110363,131761,227752,261137,278892,280179,259734,265252,254236,250026,231960,261649,235539,222555,255859,264867,250139,262725,264887,240294,250591,251922,251901,254118,252234,251490,253051,249684,260509,267365,239394,197219,225820,225847,165143,102204,123051,56594,,
BPE,BPE0331,POCO,twf_12,Wind,Wind,2026-08-01,10590,4092,435,69,82,0,0,2,186,4719,3846,9930,9978,5462,7751,6036,4008,10073,8351,4731,4244,5333,7399,8831,8087,10250,10582,7632,5992,1503,0,1432,130,0,0,928,2079,1761,2645,2607,1870,150,427,443,120,180,157,119,,
BPE,BPE0331,POCO,twf_12,Wind,Wind,2026-08-02,25,0,0,0,9,1108,1885,2863,4497,4564,3869,3715,3376,3881,4105,4773,5275,4872,4409,4306,2654,2447,2112,2127,2996,2752,2886,2605,2696,3177,3207,3364,3146,2207,3955,5897,5837,9019,9842,5866,7421,7599,6938,9503,11422,13110,15164,15736,,
BPE,BPE0331,POCO,twf_12,Wind,Wind,2026-08-03,15729,15726,15772,15737,15718,15753,15753,15746,15746,15734,15736,15744,15721,15718,15726,15721,15714,15704,15714,15716,15709,15686,15675,15666,15633,15637,15627,15656,15604,15497,15554,15655,15661,15667,15568,15427,15475,15682,15655,15585,15562,15477,14981,15615,15605,15603,15358,14587,,
BPE,BPE0331,POCO,twf_12,Wind,Wind,2026-08-04,14851,14366,7888,3767,1625,97,1,499,3469,6397,7182,6236,5163,6137,5741,8453,6194,7248,6515,6643,5221,9375,10753,8799,6765,3501,10453,7506,5224,4737,6973,3229,5393,5446,5435,4354,1398,6927,2249,436,1695,359,26,327,37,47,30,110,,
BPE,BPE0331,POCO,twf_12,Wind,Wind,2026-08-05,2,9,58,0,5,37,0,59,120,0,210,128,16,79,896,485,1316,1297,758,51,4,1,120,0,812,197,0,0,0,0,0,0,42,19,91,216,0,26,2,391,131,161,1054,808,841,843,235,2,,
BPE,BPE0331,POCO,twf_12,Wind,Wind,2026-08-06,2,7,0,170,208,26,2,0,0,0,0,0,0,0,0,0,0,0,0,0,0,0,0,0,0,0,0,0,342,838,758,700,513,2534,1518,1231,1098,799,723,1428,758,754,1104,1102,2148,3038,3385,4069,,
BPE,BPE0331,POCO,twf_12,Wind,Wind,2026-08-07,4021,4718,5151,6511,6240,6290,6884,6035,5516,7424,8782,7447,7373,7175,6314,5664,5865,7033,7700,6758,5757,5905,6993,9102,9698,11394,9444,10613,11968,11480,12798,13267,13954,14094,14695,15695,14755,13139,12637,11791,9672,8742,9717,10965,10032,11088,11162,11179,,
BPE,BPE0331,POCO,twf_12,Wind,Wind,2026-08-08,13043,13362,13282,10027,9242,9180,5783,2935,3061,6060,6969,9038,9671,10828,11382,11605,10632,10297,8544,8315,7861,7023,8180,7861,5592,5323,3734,3171,963,165,119,88,0,0,0,0,0,0,0,0,0,0,0,0,0,0,0,0,,
BPE,BPE0331,POCO,twf_12,Wind,Wind,2026-08-09,0,0,0,0,0,0,0,0,0,0,0,0,0,0,0,256,580,237,58,436,2825,3624,5769,6543,10976,14428,15427,14839,14270,13277,13148,12021,10630,9853,8959,8666,8391,9975,9414,8125,6650,7288,9705,14042,14483,14105,13156,14470,,
BPE,BPE0331,POCO,twf_12,Wind,Wind,2026-08-10,15453,15569,15296,15316,13770,13769,13772,12507,11467,9342,9591,8678,6565,5920,13868,15781,14755,14989,14576,14401,14670,14905,14884,15073,12679,13716,12023,11097,10744,11778,11180,12353,11292,8088,6382,3824,3145,5028,5237,3182,1751,16,3,5,293,358,17,0,,
BPE,BPE0331,POCO,twf_12,Wind,Wind,2026-08-11,0,7,13,5,0,0,25,217,817,1089,1035,561,23,497,1966,614,1005,1842,2604,1609,2095,1121,367,1,0,0,221,2852,1973,1469,601,1876,3151,4032,4216,3968,5989,5819,6144,4509,3828,6063,9071,8063,5617,4702,4806,4520,,
BPE,BPE0331,POCO,twf_12,Wind,Wind,2026-08-12,5431,6902,3993,5890,4664,2543,1951,1133,1470,1361,1174,438,600,254,238,860,1327,694,1101,989,1068,1043,1741,2662,4138,4831,5303,5871,4963,4577,4839,4009,3906,4311,3763,3102,2070,1806,1650,1636,807,925,1401,1772,2206,1940,1794,2133,,
BPE,BPE0331,POCO,twf_12,Wind,Wind,2026-08-13,1759,847,483,233,100,16,2,0,0,1,11,20,1,0,0,61,510,658,522,475,163,175,153,289,338,359,343,289,201,288,146,196,179,91,173,286,400,322,224,440,777,750,973,619,863,964,1520,1529,,
BPE,BPE0331,POCO,twf_12,Wind,Wind,2026-08-14,1621,792,862,725,871,454,608,235,278,277,676,1061,1854,2855,2892,2423,3403,4801,6436,6693,5699,5555,7588,6875,6462,5096,4272,5022,5235,6581,6889,5621,6833,7462,9109,7554,7584,7533,7196,6367,9045,7200,5561,4372,3773,3814,3300,1847,,
BPE,BPE0331,POCO,twf_12,Wind,Wind,2026-08-15,3478,5790,6009,6181,5843,5751,5599,4550,4377,3368,2423,3199,4660,5125,3800,2330,2139,2309,2048,1127,793,1235,2040,1908,1709,1864,1320,1011,301,138,153,481,509,723,953,1248,1513,1120,1184,4255,7329,8669,10435,10474,10002,8713,9031,10476,,
BPE,BPE0331,POCO,twf_12,Wind,Wind,2026-08-16,11118,12019,12110,11138,10147,10999,12514,11993,11498,11116,13233,14331,15097,14809,14880,15317,15343,15515,15459,15217,14976,14627,13779,13581,14570,15502,15723,15979,16063,15544,15516,15409,15096,15254,14793,15232,13825,12909,12587,10635,11017,11671,10521,11415,7324,6419,6669,5833,,
BPE,BPE0331,POCO,twf_12,Wind,Wind,2026-08-17,5825,6348,4467,4794,4109,2066,2682,3344,4443,5169,1670,230,68,60,469,520,346,696,1330,541,1083,2074,3501,1950,2454,1104,974,732,1361,141,0,0,0,0,0,0,138,310,311,559,1287,1155,727,1158,143,26,193,3,,
BPE,BPE0331,POCO,twf_12,Wind,Wind,2026-08-18,0,0,1,0,545,349,163,133,52,507,643,461,1151,1422,1734,980,2,102,65,4,67,13,35,0,0,0,0,154,0,339,1205,90,1858,4915,4360,6741,7835,4312,5349,7625,6950,4286,3289,1950,4438,3949,6463,6063,,
BPE,BPE0331,POCO,twf_12,Wind,Wind,2026-08-19,4282,5779,5601,3635,4036,2547,329,220,2,86,34,275,584,75,81,1265,635,771,1470,2922,1532,1659,2304,3103,3396,5530,5222,2534,2467,2097,522,4,62,0,0,0,0,0,0,0,0,0,0,0,333,187,0,0,,
BPE,BPE0331,POCO,twf_12,Wind,Wind,2026-08-20,28,0,0,0,0,0,0,0,0,0,0,0,0,0,0,0,0,0,0,0,0,0,1,571,710,1128,1297,1479,1326,1441,515,572,452,380,197,182,221,10,0,5,10,1,18,280,1302,635,217,255,,
BPE,BPE0331,POCO,twf_12,Wind,Wind,2026-08-21,176,84,17,180,1051,2010,2096,2187,600,457,1226,2042,2346,2822,2934,2912,3197,3944,5785,7109,6316,5438,4936,5974,8844,9869,10874,13771,14484,15168,15321,15671,15420,15480,15701,14294,14925,15886,15959,16014,16187,16206,16209,16187,16136,16239,16226,16237,,
BPE,BPE0331,POCO,twf_12,Wind,Wind,2026-08-22,16236,16204,16060,16021,15811,16079,16190,16246,16261,16258,16112,15686,16150,16212,16229,16177,16171,16244,16219,16206,16227,16158,15986,15972,16112,16151,16126,16116,16118,15984,16090,16136,16136,16125,16133,15990,16118,16150,16162,16157,15723,15923,15871,15780,14784,14779,16024,16250,,
BPE,BPE0331,POCO,twf_12,Wind,Wind,2026-08-23,16236,16201,15712,15931,15482,15126,13481,11023,14888,15838,16178,16208,16186,16100,16147,15978,15743,15687,15694,15668,15793,15427,15273,15283,15346,15502,15788,15630,15358,15205,15388,15547,15590,15405,15545,15688,15610,15463,15589,15670,15648,15477,15777,15794,15758,15748,15766,15052,,
BPE,BPE0331,POCO,twf_12,Wind,Wind,2026-08-24,13446,13178,12911,15048,15062,15591,15738,15248,12631,12588,12197,11113,9732,11397,12273,12616,13393,12532,12485,13214,13899,14180,14204,14300,14090,14415,14193,14471,15260,15923,15813,15767,15782,15768,15799,15801,15767,15760,15743,15771,15795,15792,15796,15793,15804,15789,15776,15798,,
BPE,BPE0331,POCO,twf_12,Wind,Wind,2026-08-25,15785,15428,15134,15444,15479,15492,15477,15482,15468,15378,14828,14858,15385,15501,15496,15275,12686,10066,10195,12060,15519,15808,15556,15057,15510,15504,15633,15538,15714,15656,15724,15713,15584,15510,15310,15188,13756,15390,15807,15787,15761,15731,15724,15764,15545,15798,15750,15527,,
BPE,BPE0331,POCO,twf_12,Wind,Wind,2026-08-26,12238,9467,9286,8348,10093,12870,11590,11532,11827,10148,10283,8052,8632,10633,12642,13140,14555,15054,14094,13945,14046,14187,14166,13888,13909,14188,14028,13594,13641,8904,4792,7926,11684,14105,13926,14595,14792,14259,14027,14114,14075,14313,14235,13346,11177,11641,11035,11126,,
BPE,BPE0331,POCO,twf_12,Wind,Wind,2026-08-27,11022,11492,10563,11572,11676,9577,1055,467,2002,2569,1991,1666,3125,3257,2828,3103,3656,2981,2756,2312,3280,3129,2953,2053,2404,2031,1729,1961,2922,3306,2918,3249,3675,3923,4766,4068,3153,3603,2965,1388,1263,483,150,0,0,0,0,0,,
BPE,BPE0331,POCO,twf_12,Wind,Wind,2026-08-28,2,0,52,1418,2658,4215,3025,2462,3585,3456,1626,941,499,0,234,68,1389,3542,2404,3501,4518,9575,10084,11665,14021,12834,11563,12107,12851,13582,10897,10700,11308,11642,13513,14896,15039,15037,14629,14988,14834,14873,14867,14861,14838,14666,14682,14415,,
BPE,BPE0331,POCO,twf_12,Wind,Wind,2026-08-29,12790,13600,12292,13136,14043,13857,14101,14143,13983,12367,10968,9887,10710,9745,6860,7380,10007,10891,13096,13894,13563,14247,14208,13751,13941,14061,13872,13332,13386,13220,12934,11914,11172,9637,10112,10556,10202,9213,6767,8737,9487,10252,11556,11197,13175,14329,14557,14661,,
BPE,BPE0331,POCO,twf_12,Wind,Wind,2026-08-30,14801,14879,14911,14913,14910,14925,14920,14916,14911,14906,14811,14833,14823,14891,14818,14872,14887,14887,14878,14875,14874,14855,14689,14239,14224,14483,14746,14763,14797,14351,14328,14002,14094,14177,14183,14177,14131,13784,13848,13801,13746,13437,13663,13285,13229,13406,13301,14395,,
BPE,BPE0331,POCO,twf_12,Wind,Wind,2026-08-31,14178,12398,11316,13835,13953,13932,14391,14529,14517,14210,12081,12528,13585,12481,14380,14200,13632,12877,9944,5289,971,48,162,0,0,0,35,39,96,132,40,206,198,1032,1266,7780,11225,12291,12637,12629,11957,12126,10184,5991,1791,187,247,398,,
BRB,BRB0331,MERI,ruakākā_energy_park,ELE,BAT,2026-08-01,0,74,93,123,95,0,24,135,0,0,0,0,67,71,22,116,26706,2408,19144,637,195,186,127,91,115,248,156,71,78,181,219,224,182,8763,19654,13509,16294,1369,243,208,0,203,20518,727,228,124,230,14549,,
BRB,BRB0331,MERI,ruakākā_energy_park,ELE,BAT,2026-08-02,5137,2326,248,259,1,0,0,0,0,0,0,72,168,407,2020,4080,3560,27465,30350,31112,965,301,239,258,0,112,0,0,0,0,0,18,160,3393,5308,4680,13536,13736,13953,14257,27441,674,21359,2341,0,0,1,0,,
BRB,BRB0331,MERI,ruakākā_energy_park,ELE,BAT,2026-08-03,28,0,0,0,0,0,0,0,105,188,220,218,231,2321,33192,35359,39371,746,13,0,0,2,7,15,0,84,137,62,57,75,88,246,12878,22790,9646,28154,26050,2389,135,0,3179,0,0,1,0,107,178,145,,
BRB,BRB0331,MERI,ruakākā_energy_park,ELE,BAT,2026-08-04,35,0,0,0,0,42,160,201,35,70,100,172,7437,3783,15930,27201,30317,950,52,4,14224,7167,11853,557,178,183,0,122,173,112,113,17337,10915,3530,1945,4566,11943,154,0,1071,5,0,1,0,0,0,0,0,,
BRB,BRB0331,MERI,ruakākā_energy_park,ELE,BAT,2026-08-05,0,0,7024,0,0,0,218,248,264,272,0,350,231,789,6613,19204,1094,0,12,8,13,10,6,28,9,4,0,10,0,2,19,18,11,26,28,8026,26907,27527,27529,27519,23074,1067,0,1,0,0,0,0,,
BRB,BRB0331,MERI,ruakākā_energy_park,ELE,BAT,2026-08-06,0,0,0,0,0,0,0,0,0,0,10,20,3250,1986,14906,48674,45239,4120,0,0,0,0,0,0,0,0,0,0,0,0,0,5245,3896,3162,4709,13163,2961,1595,200,31261,32329,27518,6101,371,198,118,0,0,,
BRB,BRB0331,MERI,ruakākā_energy_park,ELE,BAT,2026-08-07,0,0,0,0,0,0,0,0,244,245,2,275,6319,5416,12898,36847,25643,3616,0,4,121,1789,0,8,9,15,26,27,27,0,0,0,7993,18717,2425,15300,15758,3184,0,0,1178,10,0,566,0,1631,977,12088,,
BRB,BRB0331,MERI,ruakākā_energy_park,ELE,BAT,2026-08-08,90,8873,323,3208,63,0,101,101,10,24,69,1775,20829,26520,372,44,15,0,0,0,0,1,15,56,108,67,49,77,368,2037,27096,27521,19818,1535,22,12037,263,29,65,80,11,0,0,0,0,2301,4105,66,,
BRB,BRB0331,MERI,ruakākā_energy_park,ELE,BAT,2026-08-09,171,2584,7,6,88,0,0,0,0,0,12,48,2,129,90,22,20,110,3118,214,95,109,44,85,102,92,77,79,78,0,0,22,12768,2354,18552,17392,16861,19388,9098,0,0,0,1220,2631,0,0,0,0,,
BRB,BRB0331,MERI,ruakākā_energy_park,ELE,BAT,2026-08-10,0,0,0,2,7395,949,15883,12353,0,29,21115,909,8369,31069,18205,1008,0,151,0,0,0,0,0,0,0,0,0,0,0,0,0,0,0,0,24562,8185,24083,16896,2123,0,0,1933,26959,15302,21736,858,0,22,,
BRB,BRB0331,MERI,ruakākā_energy_park,ELE,BAT,2026-08-11,0,3,14,13,0,0,0,0,0,0,0,20,13,20415,2035,30643,18589,0,0,0,0,0,0,26123,818,0,0,0,0,0,7037,26834,14994,2547,8766,22639,20770,246,0,0,0,0,11251,0,30,0,0,0,,
BRB,BRB0331,MERI,ruakākā_energy_park,ELE,BAT,2026-08-12,0,1,0,0,0,0,1,0,1,0,172,40,0,302,672,5056,8938,63,27,9,81,32562,829,0,10,5,0,0,21452,1859,0,5313,4883,224,8948,18302,27524,1213,7234,22346,639,0,5744,3030,0,0,0,0,,
BRB,BRB0331,MERI,ruakākā_energy_park,ELE,BAT,2026-08-13,1,0,0,0,0,0,0,0,0,0,0,9,0,0,2141,367,0,0,136,283,3970,0,0,0,13090,15067,595,6,0,23282,2589,0,0,10466,2462,11019,17662,7682,247,0,216,0,20427,10341,0,0,0,0,,
BRB,BRB0331,MERI,ruakākā_energy_park,ELE,BAT,2026-08-14,0,0,0,0,0,0,0,0,0,0,0,0,0,0,8036,1737,0,8114,0,0,0,0,23730,340,0,0,0,0,2538,0,54,0,14,6276,1120,0,0,0,0,0,1868,0,1,21,26308,28468,780,8554,,
BRB,BRB0331,MERI,ruakākā_energy_park,ELE,BAT,2026-08-15,31,0,0,0,0,3784,0,0,3,0,0,0,2,0,1,0,12354,1156,0,0,0,0,0,17,0,0,0,2,2845,0,0,0,26411,2250,0,0,7726,0,0,0,0,0,8,42,10314,47,3,0,,
BRB,BRB0331,MERI,ruakākā_energy_park,ELE,BAT,2026-08-16,0,17,0,0,0,0,0,0,11,3,0,0,0,0,0,0,0,0,0,13,30,8709,1201,0,0,7,10,0,24,16173,904,0,0,807,6180,15174,1521,860,0,1,870,8230,42041,6720,22564,12284,0,0,,
BRB,BRB0331,MERI,ruakākā_energy_park,ELE,BAT,2026-08-17,0,0,0,0,0,0,19,0,0,0,5485,1279,3,11947,5164,10573,20370,2353,0,0,7,3,32,0,0,0,0,0,0,0,0,0,64,2132,4491,1602,4,0,0,0,0,0,0,0,0,84,55,62,,
BRB,BRB0331,MERI,ruakākā_energy_park,ELE,BAT,2026-08-18,102,107,111,110,98,101,102,103,4,68,98,97,347,12,22351,24479,18438,0,0,0,1715,0,0,0,26539,2282,294,179,238,243,206,2,8624,1049,39,4275,18799,924,47,0,331,3408,26711,36342,1953,228,0,128,,
BRB,BRB0331,MERI,ruakākā_energy_park,ELE,BAT,2026-08-19,329,163,33,0,0,0,139,0,66,18707,1296,92,158,6254,14426,27427,14485,0,0,0,60,61,232,145,125,248,26219,1842,248,132,274,17,0,16594,26708,1940,6513,17295,627,0,0,144,24014,14756,0,0,0,0,,
BRB,BRB0331,MERI,ruakākā_energy_park,ELE,BAT,2026-08-20,5860,11,194,229,251,260,264,14,0,42,242,252,247,243,20134,18411,3764,0,0,0,0,0,7477,756,6755,24,28,7146,1,30,26,25988,1353,0,4,12,986,15613,245,15,8229,27,4468,4825,3393,23,6426,41,,
BRB,BRB0331,MERI,ruakākā_energy_park,ELE,BAT,2026-08-21,53,12090,69,143,165,169,170,24,51,165,15109,15580,1220,48,19039,12427,605,0,0,0,0,0,26,2981,719,597,0,0,0,194,2,69,147,27213,2034,205,1273,20223,612,34,0,0,11751,1805,0,10564,14024,108,,
BRB,BRB0331,MERI,ruakākā_energy_park,ELE,BAT,2026-08-22,141,167,197,186,0,0,0,32,166,23346,602,131,139,187,4,0,0,0,0,16,154,2437,3,0,139,25957,27068,4685,8,0,0,0,21,2425,4959,17582,23302,25515,27410,14329,18642,1736,0,2084,6884,15,0,0,,
BRB,BRB0331,MERI,ruakākā_energy_park,ELE,BAT,2026-08-23,89,14,0,12861,11,0,0,79,0,2324,9054,17551,28018,11745,729,1,0,0,0,0,0,0,79,18638,15589,29342,30170,28683,18688,1419,208,1,991,14,1,124,3277,1819,3061,861,679,812,1915,0,0,0,1,0,,
BRB,BRB0331,MERI,ruakākā_energy_park,ELE,BAT,2026-08-24,21,4967,168,133,131,51,44,10,0,12,17,4810,1289,12309,32244,25379,688,0,0,0,0,0,0,0,0,0,0,0,0,0,0,19219,24556,571,0,5582,23342,14294,12897,0,11124,242,277,26502,16262,1141,10,25,,
BRB,BRB0331,MERI,ruakākā_energy_park,ELE,BAT,2026-08-25,1977,0,0,0,0,0,0,74,1106,14833,18001,9335,18837,15083,7653,324,0,0,72,62,0,0,0,0,20,0,7725,7656,19379,910,0,269,63,133,2047,6626,41650,14914,457,0,158,0,5357,48,7009,62,131,6051,,
BRB,BRB0331,MERI,ruakākā_energy_park,ELE,BAT,2026-08-26,162,166,174,31,13,24,14,0,0,130,0,0,11,0,0,14564,14934,310,0,0,1,276,0,0,0,0,0,0,0,0,0,0,5,9309,9962,9973,9868,2750,74,0,0,0,0,0,0,0,0,0,,
BRB,BRB0331,MERI,ruakākā_energy_park,ELE,BAT,2026-08-27,0,0,0,0,51,0,0,0,0,22,0,0,0,0,0,46559,49846,49850,49855,12767,9,0,0,0,0,0,0,0,0,0,0,0,18766,518,0,19023,18337,19944,8575,189,1135,26,12,0,0,12,26,20,,
BRB,BRB0331,MERI,ruakākā_energy_park,ELE,BAT,2026-08-28,29,31,0,26,0,0,7,16,4,5,43,89,14,0,0,0,4,67,30,20,0,0,6824,0,0,0,0,0,0,40,0,0,56,33,38241,39925,39898,39892,8266,50,10,0,16,0,0,0,0,0,,
BRB,BRB0331,MERI,ruakākā_energy_park,ELE,BAT,2026-08-29,0,0,0,0,0,0,0,0,0,57,0,0,0,0,0,0,86,11331,8660,0,0,0,0,4,0,0,0,0,0,0,20397,27435,13480,7845,350,0,0,0,0,0,0,0,0,0,0,0,0,0,,
BRB,BRB0331,MERI,ruakākā_energy_park,ELE,BAT,2026-08-30,0,0,156,76,15,0,0,0,0,0,18,0,0,0,0,0,85,0,3,0,0,0,0,0,19,10,20,38,0,0,0,0,0,0,0,14069,19900,26008,8540,9736,837,41,2535,16463,18,0,106,0,,
BRB,BRB0331,MERI,ruakākā_energy_park,ELE,BAT,2026-08-31,0,0,0,0,0,0,0,0,0,0,699,1556,286,7738,4113,11555,9817,1379,0,0,19048,5927,21,0,0,0,11489,6823,48,67,5,0,9177,19401,8911,5909,3403,264,0,0,0,0,251,116,0,146,0,0,,
BRB,BRB0331,NPOW,ruakākā_energy_park,ELE,BAT,2026-08-01,0,0,0,0,0,0,0,0,0,0,0,0,0,0,0,0,0,0,0,0,0,0,0,0,0,0,0,0,0,0,0,0,0,0,0,0,0,0,0,0,0,0,0,0,0,0,0,0,,
BRB,BRB0331,NPOW,ruakākā_energy_park,ELE,BAT,2026-08-02,0,0,0,0,0,0,0,0,0,0,0,0,0,0,0,0,0,0,0,0,0,0,0,0,0,0,0,0,0,0,0,0,0,0,0,0,0,0,0,0,0,0,0,0,0,0,0,0,,
BRB,BRB0331,NPOW,ruakākā_energy_park,ELE,BAT,2026-08-03,0,0,0,0,0,0,0,0,0,0,0,0,0,0,0,0,0,0,0,0,0,0,0,0,0,0,0,0,0,0,0,0,0,0,0,0,0,0,0,0,0,0,0,0,0,0,0,0,,
BRB,BRB0331,NPOW,ruakākā_energy_park,ELE,BAT,2026-08-04,0,0,0,0,0,0,0,0,0,0,0,0,0,0,0,0,0,0,0,0,0,0,0,0,0,0,0,0,0,0,0,0,0,0,0,0,0,0,0,0,0,0,0,0,0,0,0,0,,
BRB,BRB0331,NPOW,ruakākā_energy_park,ELE,BAT,2026-08-05,0,0,0,0,0,0,0,0,0,0,0,0,0,0,0,0,0,0,0,0,0,0,0,0,0,0,0,0,0,0,0,0,0,0,0,0,0,0,0,0,0,0,0,0,0,0,0,0,,
BRB,BRB0331,NPOW,ruakākā_energy_park,ELE,BAT,2026-08-06,0,0,0,0,0,0,0,0,0,0,0,0,0,0,0,0,0,0,0,0,0,0,0,0,0,0,0,0,0,0,0,0,0,0,0,0,0,0,0,0,0,0,0,0,0,0,0,0,,
BRB,BRB0331,NPOW,ruakākā_energy_park,ELE,BAT,2026-08-07,0,0,0,0,0,0,0,0,0,0,0,0,0,0,0,0,0,0,0,0,0,0,0,0,0,0,0,0,0,0,0,0,0,0,0,0,0,0,0,0,0,0,0,0,0,0,0,0,,
BRB,BRB0331,NPOW,ruakākā_energy_park,ELE,BAT,2026-08-08,0,0,0,0,0,0,0,0,0,0,0,0,0,0,0,0,0,0,0,0,0,0,0,0,0,0,0,0,0,0,0,0,0,0,0,0,0,0,0,0,0,0,0,0,0,0,0,0,,
BRB,BRB0331,NPOW,ruakākā_energy_park,ELE,BAT,2026-08-09,0,0,0,0,0,0,0,0,0,0,0,0,0,0,0,0,0,0,0,0,0,0,0,0,0,0,0,0,0,0,0,0,0,0,0,0,0,0,0,0,0,0,0,0,0,0,0,0,,
BRB,BRB0331,NPOW,ruakākā_energy_park,ELE,BAT,2026-08-10,0,0,0,0,0,0,0,0,0,0,0,0,0,0,0,0,0,0,0,0,0,0,0,0,0,0,0,0,0,0,0,0,0,0,0,0,0,0,0,0,0,0,0,0,0,0,0,0,,
BRB,BRB0331,NPOW,ruakākā_energy_park,ELE,BAT,2026-08-11,0,0,0,0,0,0,0,0,0,0,0,0,0,0,0,0,0,0,0,0,0,0,0,0,0,0,0,0,0,0,0,0,0,0,0,0,0,0,0,0,0,0,0,0,0,0,0,0,,
BRB,BRB0331,NPOW,ruakākā_energy_park,ELE,BAT,2026-08-12,0,0,0,0,0,0,0,0,0,0,0,0,0,0,0,0,0,0,0,0,0,0,0,0,0,0,0,0,0,0,0,0,0,0,0,0,0,0,0,0,0,0,0,0,0,0,0,0,,
BRB,BRB0331,NPOW,ruakākā_energy_park,ELE,BAT,2026-08-13,0,0,0,0,0,0,0,0,0,0,0,0,0,0,0,0,0,0,0,0,0,0,0,0,0,0,0,0,0,0,0,0,0,0,0,0,0,0,0,0,0,0,0,0,0,0,0,0,,
BRB,BRB0331,NPOW,ruakākā_energy_park,ELE,BAT,2026-08-14,0,0,0,0,0,0,0,0,0,0,0,0,0,0,0,0,0,0,0,0,0,0,0,0,0,0,0,0,0,0,0,0,0,0,0,0,0,0,0,0,0,0,0,0,0,0,0,0,,
BRB,BRB0331,NPOW,ruakākā_energy_park,ELE,BAT,2026-08-15,0,0,0,0,0,0,0,0,0,0,0,0,0,0,0,0,0,0,0,0,0,0,0,0,0,0,0,0,0,0,0,0,0,0,0,0,0,0,0,0,0,0,0,0,0,0,0,0,,
BRB,BRB0331,NPOW,ruakākā_energy_park,ELE,BAT,2026-08-16,0,0,0,0,0,0,0,0,0,0,0,0,0,0,0,0,0,0,0,0,0,0,0,0,0,0,0,0,0,0,0,0,0,0,0,0,0,0,0,0,0,0,0,0,0,0,0,0,,
BRB,BRB0331,NPOW,ruakākā_energy_park,ELE,BAT,2026-08-17,0,0,0,0,0,0,0,0,0,0,0,0,0,0,0,0,0,0,0,0,0,0,0,0,0,0,0,0,0,0,0,0,0,0,0,0,0,0,0,0,0,0,0,0,0,0,0,0,,
BRB,BRB0331,NPOW,ruakākā_energy_park,ELE,BAT,2026-08-18,0,0,0,0,0,0,0,0,0,0,0,0,0,0,0,0,0,0,0,0,0,0,0,0,0,0,0,0,0,0,0,0,0,0,0,0,0,0,0,0,0,0,0,0,0,0,0,0,,
BRB,BRB0331,NPOW,ruakākā_energy_park,ELE,BAT,2026-08-19,0,0,0,0,0,0,0,0,0,0,0,0,0,0,0,0,0,0,0,0,0,0,0,0,0,0,0,0,0,0,0,0,0,0,0,0,0,0,0,0,0,0,0,0,0,0,0,0,,
BRB,BRB0331,NPOW,ruakākā_energy_park,ELE,BAT,2026-08-20,0,0,0,0,0,0,0,0,0,0,0,0,0,0,0,0,0,0,0,0,0,0,0,0,0,0,0,0,0,0,0,0,0,0,0,0,0,0,0,0,0,0,0,0,0,0,0,0,,
BRB,BRB0331,NPOW,ruakākā_energy_park,ELE,BAT,2026-08-21,0,0,0,0,0,0,0,0,0,0,0,0,0,0,0,0,0,0,0,0,0,0,0,0,0,0,0,0,0,0,0,0,0,0,0,0,0,0,0,0,0,0,0,0,0,0,0,0,,
BRB,BRB0331,NPOW,ruakākā_energy_park,ELE,BAT,2026-08-22,0,0,0,0,0,0,0,0,0,0,0,0,0,0,0,0,0,0,0,0,0,0,0,0,0,0,0,0,0,0,0,0,0,0,0,0,0,0,0,0,0,0,0,0,0,0,0,0,,
BRB,BRB0331,NPOW,ruakākā_energy_park,ELE,BAT,2026-08-23,0,0,0,0,0,0,0,0,0,0,0,0,0,0,0,0,0,0,0,0,0,0,0,0,0,0,0,0,0,0,0,0,0,0,0,0,0,0,0,0,0,0,0,0,0,0,0,0,,
BRB,BRB0331,NPOW,ruakākā_energy_park,ELE,BAT,2026-08-24,0,0,0,0,0,0,0,0,0,0,0,0,0,0,0,0,0,0,0,0,0,0,0,0,0,0,0,0,0,0,0,0,0,0,0,0,0,0,0,0,0,0,0,0,0,0,0,0,,
BRB,BRB0331,NPOW,ruakākā_energy_park,ELE,BAT,2026-08-25,0,0,0,0,0,0,0,0,0,0,0,0,0,0,0,0,0,0,0,0,0,0,0,0,0,0,0,0,0,0,0,0,0,0,0,0,0,0,0,0,0,0,0,0,0,0,0,0,,
BRB,BRB0331,NPOW,ruakākā_energy_park,ELE,BAT,2026-08-26,0,0,0,0,0,0,0,0,0,0,0,0,0,0,0,0,0,0,0,0,0,0,0,0,0,0,0,0,0,0,0,0,0,0,0,0,0,0,0,0,0,0,0,0,0,0,0,0,,
BRB,BRB0331,NPOW,ruakākā_energy_park,ELE,BAT,2026-08-27,0,0,0,0,0,0,0,0,0,0,0,0,0,0,0,0,0,0,0,0,0,0,0,0,0,0,0,0,0,0,0,0,0,0,0,0,0,0,0,0,0,0,0,0,0,0,0,0,,
BRB,BRB0331,NPOW,ruakākā_energy_park,ELE,BAT,2026-08-28,0,0,0,0,0,0,0,0,0,0,0,0,0,0,0,0,0,0,0,0,0,0,0,0,0,0,0,0,0,0,0,0,0,0,0,0,0,0,0,0,0,0,0,0,0,0,0,0,,
BRB,BRB0331,NPOW,ruakākā_energy_park,ELE,BAT,2026-08-29,0,0,0,0,0,0,0,0,0,0,0,0,0,0,0,0,0,0,0,0,0,0,0,0,0,0,0,0,0,0,0,0,0,0,0,0,0,0,0,0,0,0,0,0,0,0,0,0,,
BRB,BRB0331,NPOW,ruakākā_energy_park,ELE,BAT,2026-08-30,0,0,0,0,0,0,0,0,0,0,0,0,0,0,0,0,0,0,0,0,0,0,0,0,0,0,0,0,0,0,0,0,0,0,0,0,0,0,0,0,0,0,0,0,0,0,0,0,,
BRB,BRB0331,NPOW,ruakākā_energy_park,ELE,BAT,2026-08-31,0,0,0,0,0,0,0,0,0,0,0,0,0,0,0,0,0,0,0,0,0,0,0,0,0,0,0,0,0,0,0,0,0,0,0,0,0,0,0,0,0,0,0,0,0,0,0,0,,
BWK,BWK1101,CNIR,waipori,Hydro,Hydro,2026-08-01,12116,20754,20947,21051,21069,20884,20845,20791,20766,20742,20748,20735,12324,20989,13515,17394,20848,20876,20764,20879,20911,20681,20671,15685,13726,19120,13052,10119,9951,16192,20423,20735,20384,21124,21232,21611,20712,20648,20609,20593,20558,20570,20562,20828,22138,22607,22265,22176,,
BWK,BWK1101,CNIR,waipori,Hydro,Hydro,2026-08-02,21822,21105,20694,20639,20617,20609,20591,19742,19803,20564,20324,20229,20768,20791,20788,20795,20818,20830,20842,19370,18078,10446,19179,12770,10071,11655,10944,10517,10762,9744,9800,12565,13417,17115,15501,19064,20880,20858,20834,20855,20979,20874,20937,21122,21426,20784,20771,18481,,
BWK,BWK1101,CNIR,waipori,Hydro,Hydro,2026-08-03,9907,11398,9787,9735,9853,10015,9935,9849,9773,10583,12226,12296,19057,19076,19171,20889,18016,11675,9883,9627,2995,84,23,23,24,25,25,25,26,26,24,25,12711,20838,20846,20921,20866,20823,20944,20986,20760,20835,20907,20971,21020,21056,13460,12939,,
BWK,BWK1101,CNIR,waipori,Hydro,Hydro,2026-08-04,11365,9892,10674,10158,10105,13338,15156,20697,16759,10060,16100,17102,21076,21432,20681,20749,20849,21030,20757,20792,21080,21413,21788,22542,22978,23114,21102,22199,22968,23086,23263,22472,22534,21968,20793,22127,21244,21288,21331,21448,21486,21524,21548,18536,16527,18453,22094,22278,,
BWK,BWK1101,CNIR,waipori,Hydro,Hydro,2026-08-05,20794,20779,20681,20637,20607,20591,20582,18644,15918,18357,17503,17350,22352,22937,22501,21105,19257,19812,20145,20710,20711,20708,20691,20691,20683,20655,20075,18406,21095,20968,20955,20839,20830,23956,24090,24150,21841,21810,21866,21916,20646,21401,22216,20595,17885,22729,21013,16804,,
BWK,BWK1101,CNIR,waipori,Hydro,Hydro,2026-08-06,16665,20259,20347,20369,20388,20388,20408,20399,20402,20400,20388,21375,17845,18015,19847,22284,22197,19512,19991,18502,18840,16921,15832,15658,8305,8112,8112,8103,8094,8081,8059,8041,7998,14579,17630,20749,19836,21220,20289,21458,22013,22113,22189,22200,21623,21285,19190,19986,,
BWK,BWK1101,CNIR,waipori,Hydro,Hydro,2026-08-07,19902,20544,20906,21103,21011,20956,20908,20876,20874,20864,20579,21220,21255,20184,18495,21823,21678,18904,16061,15815,15638,18276,16550,15477,11627,8295,9433,8158,8079,8652,12745,15608,16481,16873,17376,20233,21226,19529,19755,20116,20724,20819,20805,20808,20806,20802,16931,17400,,
BWK,BWK1101,CNIR,waipori,Hydro,Hydro,2026-08-08,19618,21112,19218,20409,21056,21011,21006,20998,21007,20974,20293,16405,16731,17769,15980,19208,16105,10758,9656,9768,9800,9707,9658,9619,17154,16759,20393,20992,16216,17696,20849,21063,21078,19689,16302,20706,21068,21114,16535,10002,10145,10093,10009,9938,16792,13176,19466,20604,,
BWK,BWK1101,CNIR,waipori,Hydro,Hydro,2026-08-09,20803,20026,17275,9813,10622,10120,10033,9971,9990,9929,9875,10198,10144,9667,9764,9835,9833,9833,9837,10156,10509,9755,19728,21030,20880,20971,21019,20880,21052,10791,9663,11442,15621,15479,11681,10284,9798,9734,9883,9865,9823,9781,9732,9670,9936,10127,10043,9983,,
BWK,BWK1101,CNIR,waipori,Hydro,Hydro,2026-08-10,9871,9683,9896,9939,10145,10029,9972,9819,9840,9742,9758,11017,20836,20885,21140,21030,20982,20956,20959,20962,20963,10938,9740,9743,9743,10183,10230,10214,9929,9682,9859,14152,17895,21697,16640,15616,17104,16081,15442,15525,15548,15579,15604,15602,15639,19936,20928,20909,,
BWK,BWK1101,CNIR,waipori,Hydro,Hydro,2026-08-11,20897,20910,20921,20923,20925,20924,20924,20922,20914,20874,20874,20843,21347,20851,20998,10695,9592,9692,9665,9618,9590,9581,9577,9572,9590,9565,9581,9573,9654,9787,10256,10148,19972,19234,18898,21436,21725,21867,20249,18792,15919,15717,15584,15534,15513,15496,15460,15476,,
BWK,BWK1101,CNIR,waipori,Hydro,Hydro,2026-08-12,15459,15465,15473,20145,20828,21040,21147,21159,21160,21170,20982,20900,20881,21701,21697,21780,21905,22041,22105,21068,21234,19587,20809,19518,20094,20824,20841,19350,21035,21026,21010,21558,20862,20440,20025,21821,21961,22070,22092,20382,21136,20801,21001,20988,20923,20882,20850,20842,,
BWK,BWK1101,CNIR,waipori,Hydro,Hydro,2026-08-13,20835,20829,20826,20812,20819,20813,20794,20803,20786,20790,20788,20748,21033,21016,20960,20954,20897,20845,20802,20866,20915,11276,16983,15863,11486,9926,13976,10033,14026,10948,14412,17356,21046,21013,21027,21001,21025,21137,20913,20932,20996,21058,21108,21170,21215,21151,20923,20927,,
BWK,BWK1101,CNIR,waipori,Hydro,Hydro,2026-08-14,20942,20952,20964,20973,20977,21000,21003,20998,21006,20994,20990,20412,21073,21069,21081,21049,21046,21054,21051,10880,14679,18490,20309,20176,13620,19301,20845,16895,9814,10057,10041,10018,9771,9890,10029,9992,9934,10200,10037,9966,9936,9914,15111,18855,18700,16502,19553,21055,,
BWK,BWK1101,CNIR,waipori,Hydro,Hydro,2026-08-15,19942,14862,9939,9946,9791,9885,9928,9870,9799,9730,9712,10002,9956,10234,12106,11310,15509,20815,19319,14317,10806,15008,20000,20024,15317,9652,19405,13522,9802,15594,19906,20969,20972,21054,21052,20982,20968,20248,14128,9582,9696,9773,9710,9667,14364,18440,19871,13318,,
BWK,BWK1101,CNIR,waipori,Hydro,Hydro,2026-08-16,11859,9625,10607,9739,9794,9849,9854,9807,9802,9752,9747,9761,13260,9957,10008,9959,13560,14611,10732,9748,9928,9958,19165,9829,10573,9946,9997,10739,20536,14802,20947,20999,21060,20977,21426,20701,17229,15715,15711,15695,15682,15684,16377,18272,16421,15496,15434,15426,,
BWK,BWK1101,CNIR,waipori,Hydro,Hydro,2026-08-17,15413,20227,20891,20047,20489,20572,19542,17429,18413,19343,20518,21297,20071,20108,17033,16205,17344,15726,16735,15546,15613,15616,15624,15657,14522,19722,19484,11044,21078,11457,13150,20761,20797,21151,21174,21167,21206,21212,21210,21232,21260,21253,21065,21020,20985,21600,21117,22492,,
BWK,BWK1101,CNIR,waipori,Hydro,Hydro,2026-08-18,18631,15839,15717,15669,15640,15625,15623,15619,15598,15578,15557,15566,15667,15720,15631,15598,13227,12868,12922,12952,14601,14783,14780,14781,14778,14779,14779,14777,14774,14452,11706,10655,11466,14517,14893,14907,14905,14893,14873,14851,14849,14843,14841,14836,14811,14808,14796,14802,,
BWK,BWK1101,CNIR,waipori,Hydro,Hydro,2026-08-19,14819,14819,14826,14512,14370,14427,14482,14530,14543,14622,14616,14781,14798,14931,15009,14953,14883,14844,14821,14818,14809,14821,12551,12184,12789,12840,11818,12250,12860,12843,12875,12885,12896,12921,12941,12960,12971,12987,12996,13014,13015,13021,13017,13022,13027,13031,13037,13044,,
BWK,BWK1101,CNIR,waipori,Hydro,Hydro,2026-08-20,13407,14131,14350,14459,14515,14471,14416,14390,14371,14357,14346,13833,14099,14117,13133,12927,12849,13040,14041,13995,12993,12567,12787,12883,12859,12880,12909,9215,7793,10805,12551,12683,12761,12796,12848,12917,12956,12917,12886,12885,12885,12887,12904,12906,12924,12925,12923,12928,,
BWK,BWK1101,CNIR,waipori,Hydro,Hydro,2026-08-21,12926,12933,12940,12947,12941,12951,12952,12958,12959,12963,12967,12966,12965,12968,12989,12982,12959,12922,12902,12892,12890,7597,9546,11746,11387,12113,10399,6867,7449,6770,6688,6620,9944,11847,12158,12453,12515,12587,12674,12772,12676,12693,12751,12800,12844,12891,12932,11708,,
BWK,BWK1101,CNIR,waipori,Hydro,Hydro,2026-08-22,11812,11873,12212,12751,12856,12208,12133,8061,9614,7096,11111,7856,12498,12600,12710,12776,12803,12807,12820,12823,12819,8232,7014,6870,6786,6745,6436,6012,6031,5990,5939,5893,5850,11129,11878,12202,12355,12376,12457,12581,12692,12756,12626,12683,12746,12796,7424,6674,,
BWK,BWK1101,CNIR,waipori,Hydro,Hydro,2026-08-23,6676,6706,6730,6568,6137,6058,5984,6070,6028,5987,5980,5982,5981,9264,6735,6041,6052,6028,6020,6016,6012,5600,846,0,0,1002,6185,11765,11905,12180,11486,10128,9175,12681,12618,12585,12574,12839,12953,12941,12929,12920,12903,12906,12895,12890,8206,11299,,
BWK,BWK1101,CNIR,waipori,Hydro,Hydro,2026-08-24,12640,12821,12880,12912,12939,12944,12955,12952,12955,12952,12950,12951,12956,12695,12479,13495,13610,14379,14679,14701,14697,10715,7005,6271,5975,5934,5899,6041,6014,5988,5972,5975,5982,13277,14915,14790,13585,13461,13388,13681,13942,14155,14323,14490,14611,14709,14786,15252,,
BWK,BWK1101,CNIR,waipori,Hydro,Hydro,2026-08-25,10250,6973,6933,6923,6912,6886,6861,6836,8087,5922,8551,9209,11860,11961,12144,13167,13721,13557,13330,13325,13333,13317,13317,13316,13321,12916,12864,12849,12823,12884,12935,12545,12187,11925,12712,12845,12910,12985,13006,12957,12914,12893,12900,13069,13055,13050,7735,6957,,
BWK,BWK1101,CNIR,waipori,Hydro,Hydro,2026-08-26,6923,6742,6562,6069,5993,5942,5904,5890,5987,5985,6412,7226,12122,12185,12279,12393,9321,9149,9159,9106,9119,9083,9019,9034,9025,9015,8989,8986,8977,8945,8976,8960,8951,8942,12376,12457,12614,12611,12735,12833,12807,12831,12908,12956,13005,13030,7384,6801,,
BWK,BWK1101,CNIR,waipori,Hydro,Hydro,2026-08-27,6725,6717,6704,6671,6388,6306,6236,6176,6132,6112,6057,6044,11619,12110,12173,12374,12494,12522,12657,12783,12693,7159,6763,6562,6425,6456,6311,6181,6078,6221,6221,6158,6122,11427,12175,12258,12448,12490,12627,12564,12677,12782,12827,12814,12874,12923,7198,6828,,
BWK,BWK1101,CNIR,waipori,Hydro,Hydro,2026-08-28,6767,6756,6731,6129,5892,4934,3712,3121,2812,4505,4585,5390,11725,12424,12537,12568,12586,12667,12750,12777,12746,6289,6037,4302,5547,5858,9030,2324,26,26,25,25,26,25,26,25,25,25,26,26,26,25,25,25,25,24,25,25,,
BWK,BWK1101,CNIR,waipori,Hydro,Hydro,2026-08-29,25,25,25,25,25,25,25,31,30,31,31,31,32,31,32,29,26,25,25,25,25,26,26,26,27,27,27,27,27,26,26,26,26,27,27,27,27,27,27,27,26,24,23,25,25,26,26,26,,
BWK,BWK1101,CNIR,waipori,Hydro,Hydro,2026-08-30,28,32,31,31,31,26,30,29,24,25,25,25,25,5499,9930,9724,10479,10428,8565,9336,1312,26,26,24,23,25,24,24,26,26,25,3951,9424,18624,20982,20851,20957,21005,20937,21098,20934,20965,21049,21125,20873,20843,10441,9515,,
BWK,BWK1101,CNIR,waipori,Hydro,Hydro,2026-08-31,9656,9724,9740,9444,9527,9499,8605,6206,9438,9731,9710,9677,19865,20887,20992,21009,20684,20998,21293,20944,20657,10493,9644,10089,10456,10192,17920,13790,9173,10762,12203,10310,13314,21111,21275,20793,22121,21870,16815,17172,20240,20318,21392,20642,20931,20959,10651,9607,,
CML,CML0331,DUNE,roaring_meg,HYD,HYD,2026-08-01,0,0,0,0,0,0,0,0,0,0,0,0,0,0,0,0,0,0,0,0,0,0,0,0,0,0,0,0,0,0,0,0,0,0,0,0,0,0,0,0,0,0,0,0,0,0,0,0,,
CML,CML0331,DUNE,roaring_meg,HYD,HYD,2026-08-02,0,0,0,0,0,0,0,0,0,0,0,0,0,0,0,0,0,0,0,0,0,0,0,0,0,0,0,0,0,0,0,0,0,0,0,0,0,0,0,0,0,0,0,0,0,0,0,0,,
CML,CML0331,DUNE,roaring_meg,HYD,HYD,2026-08-03,0,0,0,0,0,0,0,0,0,0,0,0,0,0,0,0,0,0,0,0,0,0,0,0,0,0,0,0,0,0,0,0,0,0,0,0,0,0,0,0,0,0,0,0,0,0,0,0,,
CML,CML0331,DUNE,roaring_meg,HYD,HYD,2026-08-04,0,0,0,0,0,0,0,0,0,0,0,0,0,0,0,0,0,0,0,0,0,0,0,0,0,0,0,0,0,0,0,0,0,0,0,0,0,0,0,0,0,0,0,0,0,0,0,0,,
CML,CML0331,DUNE,roaring_meg,HYD,HYD,2026-08-05,0,0,0,0,0,0,0,0,0,0,0,0,0,0,0,0,0,0,0,0,0,0,0,0,0,0,0,0,0,0,0,0,0,0,0,0,0,0,0,0,0,0,0,0,0,0,0,0,,
CML,CML0331,DUNE,roaring_meg,HYD,HYD,2026-08-06,0,0,0,0,0,0,0,0,0,0,0,0,0,0,0,0,0,0,0,0,0,0,0,0,0,0,0,0,0,0,0,0,0,0,0,0,0,0,0,0,0,0,0,0,0,0,0,0,,
CML,CML0331,DUNE,roaring_meg,HYD,HYD,2026-08-07,0,0,0,0,0,0,0,0,0,0,0,0,0,0,0,0,0,0,0,0,0,0,0,0,0,0,0,0,0,0,0,0,0,0,0,0,0,0,0,0,0,0,0,0,0,0,0,0,,
CML,CML0331,DUNE,roaring_meg,HYD,HYD,2026-08-08,0,0,0,0,0,0,0,0,0,0,0,0,0,0,0,0,0,0,0,0,0,0,0,0,0,0,0,0,0,0,0,0,0,0,0,0,0,0,0,0,0,0,0,0,0,0,0,0,,
CML,CML0331,DUNE,roaring_meg,HYD,HYD,2026-08-09,0,0,0,0,0,0,0,0,0,0,0,0,0,0,0,0,0,0,0,0,0,0,0,0,0,0,0,0,0,0,0,0,0,0,0,0,0,0,0,0,0,0,0,0,0,0,0,0,,
CML,CML0331,DUNE,roaring_meg,HYD,HYD,2026-08-10,0,0,0,0,0,0,0,0,0,0,0,0,0,0,0,0,0,0,0,0,0,0,0,0,0,0,0,0,0,0,0,0,0,0,0,0,0,0,0,0,0,0,0,0,0,0,0,0,,
CML,CML0331,DUNE,roaring_meg,HYD,HYD,2026-08-11,0,0,0,0,0,0,0,0,0,0,0,0,0,0,0,0,0,0,0,0,0,0,0,0,0,0,0,0,0,0,0,0,0,0,0,0,0,0,0,0,0,0,0,0,0,0,0,0,,
CML,CML0331,DUNE,roaring_meg,HYD,HYD,2026-08-12,0,0,0,0,0,0,0,0,0,0,0,0,0,0,0,0,0,0,0,0,0,0,0,0,0,0,0,0,0,0,0,0,0,0,0,0,0,0,0,0,0,0,0,0,0,0,0,0,,
CML,CML0331,DUNE,roaring_meg,HYD,HYD,2026-08-13,0,0,0,0,0,0,0,0,0,0,0,0,0,0,0,0,0,0,0,0,0,0,0,0,0,0,0,0,0,0,0,0,0,0,0,0,0,0,0,0,0,0,0,0,0,0,0,0,,
CML,CML0331,DUNE,roaring_meg,HYD,HYD,2026-08-14,0,0,0,0,0,0,0,0,0,0,0,0,0,0,0,0,0,0,0,0,0,0,0,0,0,0,0,0,0,0,0,0,0,0,0,0,0,0,0,0,0,0,0,0,0,0,0,0,,
CML,CML0331,DUNE,roaring_meg,HYD,HYD,2026-08-15,0,0,0,0,0,0,0,0,0,0,0,0,0,0,0,0,0,0,0,0,0,0,0,0,0,0,0,0,0,0,0,0,0,0,0,0,0,0,0,0,0,0,0,0,0,0,0,0,,
CML,CML0331,DUNE,roaring_meg,HYD,HYD,2026-08-16,0,0,0,0,0,0,0,0,0,0,0,0,0,0,0,0,0,0,0,0,0,0,0,0,0,0,0,0,0,0,0,0,0,0,0,0,0,0,0,0,0,0,0,0,0,0,0,0,,
CML,CML0331,DUNE,roaring_meg,HYD,HYD,2026-08-17,0,0,0,0,0,0,0,0,0,0,0,0,0,0,0,0,0,0,0,0,0,0,0,0,0,0,0,0,0,0,0,0,0,0,0,0,0,0,0,0,0,0,0,0,0,0,0,0,,
CML,CML0331,DUNE,roaring_meg,HYD,HYD,2026-08-18,0,0,0,0,0,0,0,0,0,0,0,0,0,0,0,0,0,0,0,0,0,0,0,0,0,0,0,0,0,0,0,0,0,0,0,0,0,0,0,0,0,0,0,0,0,0,0,0,,
CML,CML0331,DUNE,roaring_meg,HYD,HYD,2026-08-19,0,0,0,0,0,0,0,0,0,0,0,0,0,0,0,0,0,0,0,0,0,0,0,0,0,0,0,0,0,0,0,0,0,0,0,0,0,0,0,0,0,0,0,0,0,0,0,0,,
CML,CML0331,DUNE,roaring_meg,HYD,HYD,2026-08-20,0,0,0,0,0,0,0,0,0,0,0,0,0,0,0,0,0,0,0,0,0,0,0,0,0,0,0,0,0,0,0,0,0,0,0,0,0,0,0,0,0,0,0,0,0,0,0,0,,
CML,CML0331,DUNE,roaring_meg,HYD,HYD,2026-08-21,0,0,0,0,0,0,0,0,0,0,0,0,0,0,0,0,0,0,0,0,0,0,0,0,0,0,0,0,0,0,0,0,0,0,0,0,0,0,0,0,0,0,0,0,0,0,0,0,,
CML,CML0331,DUNE,roaring_meg,HYD,HYD,2026-08-22,0,0,0,0,0,0,0,0,0,0,0,0,0,0,0,0,0,0,0,0,0,0,0,0,0,0,0,0,0,0,0,0,0,0,0,0,0,0,0,0,0,0,0,0,0,0,0,0,,
CML,CML0331,DUNE,roaring_meg,HYD,HYD,2026-08-23,0,0,0,0,0,0,0,0,0,0,0,0,0,0,0,0,0,0,0,0,0,0,0,0,0,0,0,0,0,0,0,0,0,0,0,0,0,0,0,0,0,0,0,0,0,0,0,0,,
CML,CML0331,DUNE,roaring_meg,HYD,HYD,2026-08-24,0,0,0,0,0,0,0,0,0,0,0,0,0,0,0,0,0,0,0,0,0,0,0,0,0,0,0,0,0,0,0,0,0,0,0,0,0,0,0,0,0,0,0,0,0,0,0,0,,
CML,CML0331,DUNE,roaring_meg,HYD,HYD,2026-08-25,0,0,0,0,0,0,0,0,0,0,0,0,0,0,0,0,0,0,0,0,0,0,0,0,0,0,0,0,0,0,0,0,0,0,0,0,0,0,0,0,0,0,0,0,0,0,0,0,,
CML,CML0331,DUNE,roaring_meg,HYD,HYD,2026-08-26,0,0,0,0,0,0,0,0,0,0,0,0,0,0,0,0,0,0,0,0,0,0,0,0,0,0,0,0,0,0,0,0,0,0,0,0,0,0,0,0,0,0,0,0,0,0,0,0,,
CML,CML0331,DUNE,roaring_meg,HYD,HYD,2026-08-27,0,0,0,0,0,0,0,0,0,0,0,0,0,0,0,0,0,0,0,0,0,0,0,0,0,0,0,0,0,0,0,0,0,0,0,0,0,0,0,0,0,0,0,0,0,0,0,0,,
CML,CML0331,DUNE,roaring_meg,HYD,HYD,2026-08-28,0,0,0,0,0,0,0,0,0,0,0,0,0,0,0,0,0,0,0,0,0,0,0,0,0,0,0,0,0,0,0,0,0,0,0,0,0,0,0,0,0,0,0,0,0,0,0,0,,
CML,CML0331,DUNE,roaring_meg,HYD,HYD,2026-08-29,0,0,0,0,0,0,0,0,0,0,0,0,0,0,0,0,0,0,0,0,0,0,0,0,0,0,0,0,0,0,0,0,0,0,0,0,0,0,0,0,0,0,0,0,0,0,0,0,,
CML,CML0331,DUNE,roaring_meg,HYD,HYD,2026-08-30,0,0,0,0,0,0,0,0,0,0,0,0,0,0,0,0,0,0,0,0,0,0,0,0,0,0,0,0,0,0,0,0,0,0,0,0,0,0,0,0,0,0,0,0,0,0,0,0,,
CML,CML0331,DUNE,roaring_meg,HYD,HYD,2026-08-31,0,0,0,0,0,0,0,0,0,0,0,0,0,0,0,0,0,0,0,0,0,0,0,0,0,0,0,0,0,0,0,0,0,0,0,0,0,0,0,0,0,0,0,0,0,0,0,0,,
COL,COL0661,CNIR,coleridge,Hydro,Hydro,2026-08-01,15061,14991,15000,15011,15007,15014,15013,14995,15012,15005,15009,15000,15019,15010,15013,15017,14988,15012,15012,15003,15005,14941,15015,15027,15052,15032,15021,15010,14996,15012,15010,15001,15046,15006,15002,14970,15004,15021,15011,15006,15000,15007,15021,15012,15013,15013,15011,15010,,
COL,COL0661,CNIR,coleridge,Hydro,Hydro,2026-08-02,15016,15014,15010,14997,15028,15016,15014,15015,15011,15016,15005,15010,15016,15010,15021,15000,15013,15005,15020,15015,15021,15021,15013,15016,15013,15006,15015,15011,15002,15042,14993,15012,15002,15054,14958,15016,15007,15009,15010,15003,15005,15010,15023,14998,15018,15032,14994,15011,,
COL,COL0661,CNIR,coleridge,Hydro,Hydro,2026-08-03,15016,15012,15009,14999,15012,14974,15034,14998,15006,15004,15007,15003,15001,15010,15025,9435,9023,9029,9028,9013,856,0,6338,9026,9028,9012,9021,9027,9019,9020,9043,9021,9027,9010,9008,9020,9006,9032,9031,9031,9024,9027,9036,9027,9026,9024,9036,9025,,
COL,COL0661,CNIR,coleridge,Hydro,Hydro,2026-08-04,9022,9040,9020,9022,9036,9025,9018,9030,9024,9031,9023,9040,9034,9012,9004,9038,9055,9039,9027,9017,9027,9023,9029,9040,9034,9021,9043,9024,9023,9027,9031,9031,9014,9025,9029,9022,9029,9024,9025,9053,9037,9028,9036,9035,9032,9033,9046,9038,,
COL,COL0661,CNIR,coleridge,Hydro,Hydro,2026-08-05,9036,9032,9033,9029,9032,9032,9038,9032,9035,9035,9037,9044,9025,9037,9019,9033,9052,9035,9038,9035,9036,9041,9027,9039,9033,9021,9028,9045,9025,9028,9015,9022,13209,15016,15008,15016,15003,15032,15006,15016,15014,15015,15028,15016,15007,15021,15018,15013,,
COL,COL0661,CNIR,coleridge,Hydro,Hydro,2026-08-06,15017,15010,15016,15015,15010,15019,15017,15004,15010,15005,15012,15002,15020,15012,14998,15004,15007,15025,15031,15021,15009,15021,15010,15009,15008,15010,15003,15009,15003,15010,15001,14998,14989,15001,15009,14994,15012,15022,15004,15017,15008,15007,15022,15011,15011,15026,15010,15014,,
COL,COL0661,CNIR,coleridge,Hydro,Hydro,2026-08-07,15016,15014,14997,15030,15017,15010,15019,15007,15015,15012,15003,14972,14990,15027,14988,15013,15001,15046,15049,15023,14994,15004,15004,15013,14995,943,16,12590,15015,15016,15010,15004,15008,14998,15019,14994,15004,15023,15018,15014,15020,15009,15008,15015,15014,15016,15016,15014,,
COL,COL0661,CNIR,coleridge,Hydro,Hydro,2026-08-08,15015,15025,15015,15012,15019,15005,15013,15013,15013,15013,15012,15017,15009,15020,15032,14997,15037,15015,15018,15012,15056,15002,14993,15024,15006,15008,15014,15000,15008,15007,15006,15004,15003,15019,15014,15020,15009,15014,15013,15015,15012,15013,15016,15010,15015,15023,15027,15021,,
COL,COL0661,CNIR,coleridge,Hydro,Hydro,2026-08-09,15010,15011,15011,15021,15027,15015,15010,14982,15049,15018,15011,14989,15031,14979,15032,15009,15021,15015,15005,15002,15012,15019,15016,15000,15027,15017,14996,15009,15018,15008,15032,14992,15000,15015,15000,15007,15010,15018,15023,15026,15019,15021,15030,15019,15009,15012,15022,15018,,
COL,COL0661,CNIR,coleridge,Hydro,Hydro,2026-08-10,15011,15011,15015,15013,15025,15024,15030,14948,15015,15059,15017,14982,15014,14999,15028,15026,15002,15011,15007,15007,15020,14999,15043,15010,15007,14996,15007,15006,15020,15008,15013,15003,15016,14992,15029,14983,14998,15015,15020,15019,15007,15016,15020,15005,15036,15010,15032,15015,,
COL,COL0661,CNIR,coleridge,Hydro,Hydro,2026-08-11,15017,15012,15006,15011,15017,15008,15005,15012,15011,14999,14999,14993,15037,14991,15016,15004,14990,15033,15009,15013,15013,15007,15005,14996,15018,14984,15016,15009,15003,15000,15041,15019,14991,15007,14994,15017,14982,15010,15029,14998,15009,15007,15015,15045,15019,15021,15005,15017,,
COL,COL0661,CNIR,coleridge,Hydro,Hydro,2026-08-12,15024,15020,15016,15016,15023,15014,15007,15009,15011,15008,15001,14995,15035,15000,15010,15009,15025,15030,15002,15004,15005,15007,14994,15001,15031,15005,14998,15028,14993,15006,14992,14988,15032,15004,15016,15002,15004,15011,15021,15011,15015,15015,15015,15019,15006,15012,15021,15019,,
COL,COL0661,CNIR,coleridge,Hydro,Hydro,2026-08-13,15022,15018,15007,15007,15023,15012,15009,15001,15012,15010,15020,15011,14995,14993,14989,15016,15022,15008,15004,15020,14995,15011,15012,15009,14998,15007,15010,15009,15015,15002,15006,15009,15000,14995,14997,15016,15006,15019,15010,15009,15004,15012,15026,15013,15011,15018,15016,15011,,
COL,COL0661,CNIR,coleridge,Hydro,Hydro,2026-08-14,15028,15010,15013,15005,15016,15017,15009,15013,15011,15004,14999,14994,15006,15018,15039,14998,14995,15026,15019,15011,15012,15008,15019,15005,15003,15004,15000,15005,15001,15016,15016,14996,14992,14993,15003,15016,14992,14995,15008,15010,15011,15010,15027,15015,15002,15001,15035,15012,,
COL,COL0661,CNIR,coleridge,Hydro,Hydro,2026-08-15,15016,15015,15013,15015,15009,15008,15011,15009,15020,15017,15014,15000,15011,15018,15006,15014,15010,15008,14990,15025,15022,15007,15019,15011,15009,15059,14982,14998,15043,15024,15022,15002,15018,15012,15012,15008,15016,15013,15011,15030,15024,15016,15016,15024,15014,15012,15032,15011,,
COL,COL0661,CNIR,coleridge,Hydro,Hydro,2026-08-16,15021,15019,15018,15015,15009,15022,15023,15021,15024,15022,15007,15022,14995,15019,15008,15020,15020,15016,15010,15011,15021,15020,14996,15026,15010,15009,15027,15019,15013,15015,14997,15025,15005,15012,15022,14999,15008,15017,15018,15017,15016,15019,15022,15026,15027,15041,15025,15026,,
COL,COL0661,CNIR,coleridge,Hydro,Hydro,2026-08-17,15049,15020,15018,15029,15025,15021,15022,15025,15034,15024,15004,15029,15039,15023,15011,15020,9291,8992,8975,8987,8992,8984,8988,8976,8981,8990,8975,8987,8983,8987,8982,8963,9005,8996,8983,8962,8987,8987,8990,8986,8989,8985,9000,8981,8988,8993,8994,8988,,
COL,COL0661,CNIR,coleridge,Hydro,Hydro,2026-08-18,8986,8981,8983,8988,8985,8989,8993,8984,8983,8976,8980,8984,9014,8996,8974,8964,8979,8995,8975,8979,8980,8978,8976,8987,8988,8979,8980,8981,8982,8987,8961,9000,8977,8993,8983,8970,8979,8987,8994,8979,8993,8986,8992,8987,8996,8988,8991,8987,,
COL,COL0661,CNIR,coleridge,Hydro,Hydro,2026-08-19,8993,8991,8988,8996,8989,8991,8983,8986,8990,8980,8980,8988,8993,8975,8983,8976,8976,8982,8972,8988,8980,8975,8981,8980,8993,8977,8981,8999,8987,8984,8998,8971,8979,8981,8989,8987,8983,8988,8992,8989,8988,8993,8987,8991,9003,8992,8997,8987,,
COL,COL0661,CNIR,coleridge,Hydro,Hydro,2026-08-20,8989,8984,8991,8989,8978,8989,8985,8992,8984,8979,8987,8977,8983,8972,8961,8985,8991,8996,8982,8975,8973,8976,8986,8992,8983,8989,8981,8980,8986,8974,8992,8981,8981,8376,14374,14660,15001,14998,14999,15022,15013,14991,15039,15016,15022,15016,15011,15028,,
COL,COL0661,CNIR,coleridge,Hydro,Hydro,2026-08-21,15009,15019,15000,15021,14995,15020,15014,15014,15007,15007,15020,15002,15010,15011,15018,15017,15021,15011,15006,15007,15014,14998,15018,15001,15002,15001,14982,15031,14991,14996,15003,15000,15001,14977,14990,15034,15000,15001,14988,14993,15030,15009,15034,15000,15012,15013,15021,15015,,
COL,COL0661,CNIR,coleridge,Hydro,Hydro,2026-08-22,15006,15005,15005,15010,15013,15001,15018,14986,15025,14997,14999,15017,14996,15007,15005,15011,15035,14984,15001,15014,14999,15000,15020,15008,15004,14994,15005,15006,15033,14997,15013,15000,14992,15012,14992,14997,15017,15002,14995,15000,14998,15004,15003,14996,15010,14986,15023,14998,,
COL,COL0661,CNIR,coleridge,Hydro,Hydro,2026-08-23,14982,15009,15033,15021,15019,15016,14985,15005,15015,15000,15001,14996,15012,14991,15007,14995,15007,15005,15012,15004,15003,14998,15067,15020,14967,14947,14958,15018,15065,15067,14986,14985,14999,15010,15029,15004,15002,15001,15006,14996,15007,15006,14984,15032,14999,15003,15014,15014,,
COL,COL0661,CNIR,coleridge,Hydro,Hydro,2026-08-24,15022,14991,15013,15006,15008,15006,15001,15005,15011,15002,14995,15000,15010,14993,14996,14992,14999,15003,15003,15006,14998,14956,15016,15010,15000,15005,14950,15006,15023,15039,14977,14980,14993,14985,14998,14998,14997,14995,15011,14996,15009,15000,14987,14999,15006,15011,14993,15000,,
COL,COL0661,CNIR,coleridge,Hydro,Hydro,2026-08-25,15004,15010,15003,14992,15022,14995,14997,14997,14992,15000,14973,14977,15031,15043,14998,14984,15009,15027,14942,15008,15055,15014,15007,15001,15024,14972,15007,15017,14948,15057,15027,14949,15018,15016,15042,14965,14956,15017,15005,15006,15004,15000,14998,15006,15007,14990,15018,15004,,
COL,COL0661,CNIR,coleridge,Hydro,Hydro,2026-08-26,14999,15008,14997,15000,15004,15021,15043,14991,14976,15009,14988,14990,15013,15001,14992,14995,14994,15006,14997,14998,15032,15004,14965,15001,14990,15006,14994,15001,9553,9030,9031,13424,15001,15002,14998,14997,14982,15004,15009,15000,15002,15011,15039,14993,14991,14991,15021,15008,,
COL,COL0661,CNIR,coleridge,Hydro,Hydro,2026-08-27,14995,15031,14997,15017,15016,15003,15004,14989,15010,15023,15016,14991,15012,14997,14989,15006,15008,15010,15006,15020,14996,14994,15017,10421,3071,11756,15002,15005,15008,15007,15001,14997,15013,14995,15009,15001,15001,14996,15009,15011,15006,15015,15036,15006,15018,15003,15012,15000,,
COL,COL0661,CNIR,coleridge,Hydro,Hydro,2026-08-28,15009,15014,15010,15003,15009,15015,15008,15002,15011,15005,15001,14991,15003,15001,14999,14999,15037,15007,15013,14974,15004,15003,14991,15036,15000,14999,15003,14984,14987,15004,15049,14957,15049,14955,15035,15010,14978,14989,15014,14998,14994,15001,15007,14993,15020,15007,15011,15003,,
COL,COL0661,CNIR,coleridge,Hydro,Hydro,2026-08-29,15008,15004,15012,14999,15024,15003,14998,15009,14987,15008,14991,14996,15006,15008,14993,15002,15009,15016,15016,15006,14999,15003,15003,15006,15008,14989,15010,15004,14990,15001,14976,14996,14998,15000,15000,15004,15008,14992,15010,15004,15000,14996,15014,15002,15012,15011,15016,15000,,
COL,COL0661,CNIR,coleridge,Hydro,Hydro,2026-08-30,15012,15006,15019,14995,15012,15005,14999,15002,15008,15002,15005,15003,15003,14989,14998,14996,15033,14994,15002,15019,14982,15010,15023,14984,15011,14988,15005,15047,15024,14997,14994,15004,14986,15010,15007,15015,15015,14970,15019,15006,15017,15007,14996,15000,15010,15015,14991,15001,,
COL,COL0661,CNIR,coleridge,Hydro,Hydro,2026-08-31,15007,15017,15012,14993,15020,14998,15007,15006,15006,15000,14990,15024,15012,14982,15040,14988,14998,15012,14998,15017,15008,14976,15039,15008,15000,15013,14985,14995,15050,14982,15017,14988,14989,15026,14994,15007,15011,14990,15020,15012,15007,15014,15021,15012,15003,15018,15015,15018,,
CYD,CYD0331,DUNE,teviot,Hydro,Hydro,2026-08-01,31,161,261,655,2087,2256,900,1605,783,195,36,3,0,46,616,7,0,0,0,0,0,0,0,24,273,557,1118,1711,4072,3872,2092,545,611,283,13,0,5,160,1095,186,0,0,0,161,1371,1669,221,705,,
CYD,CYD0331,DUNE,teviot,Hydro,Hydro,2026-08-02,996,1258,1399,1488,1768,1860,2570,2590,1105,916,789,584,231,16,0,0,0,0,16,890,672,304,753,1267,1600,1868,2134,2012,2305,2338,1985,1943,1988,1602,836,1167,1165,158,280,363,641,472,1214,1520,2001,2406,2212,2350,,
CYD,CYD0331,DUNE,teviot,Hydro,Hydro,2026-08-03,2571,2671,2730,2775,2855,2941,2968,2784,2272,1896,1460,979,395,135,3,0,0,3,310,1315,1009,1621,1305,1220,710,115,277,659,733,1345,1378,1634,1568,1070,1237,1659,1101,1039,556,1,21,190,819,2118,2292,2667,2115,612,,
CYD,CYD0331,DUNE,teviot,Hydro,Hydro,2026-08-04,1203,1152,1268,1502,1529,1563,1417,1358,1374,849,952,1258,438,0,0,0,0,0,0,0,0,136,5,0,0,0,0,0,0,0,4,0,276,3229,3134,2555,2314,2373,2752,2954,2762,2944,2910,3116,2597,1482,17,119,,
CYD,CYD0331,DUNE,teviot,Hydro,Hydro,2026-08-05,369,378,491,563,552,892,1901,2172,1778,1623,1582,1890,1909,1362,422,0,0,0,0,0,390,871,1507,1942,2278,2096,303,79,183,208,181,749,1494,1864,2255,1771,1832,1713,1906,2088,2206,2551,2396,1598,2020,149,780,644,,
CYD,CYD0331,DUNE,teviot,Hydro,Hydro,2026-08-06,957,928,1051,1180,1247,1194,1226,982,897,726,223,17,0,639,246,551,903,1072,46,0,836,1940,2733,3904,4020,3160,1784,2321,2424,2564,3489,3354,2861,3128,3777,3054,2815,2710,2595,2639,2541,2549,1931,3011,3378,2966,2727,2988,,
CYD,CYD0331,DUNE,teviot,Hydro,Hydro,2026-08-07,3412,3415,3539,3615,3800,3785,3865,3838,3739,3537,3266,2862,2102,1916,1711,1595,1421,1526,1173,32,9,500,1938,2789,3027,3344,3462,3453,3241,2654,2073,1921,1908,3549,3730,3271,3005,2914,2993,2789,2601,2746,3056,3426,4005,4458,4069,3705,,
CYD,CYD0331,DUNE,teviot,Hydro,Hydro,2026-08-08,4295,2615,2554,2683,2637,2672,2590,2555,2575,2362,2045,1834,1938,3291,3148,2364,2036,1881,1772,2071,2199,2526,1570,1128,2226,4210,4355,4271,4235,3706,2194,3979,3955,3875,3360,344,0,0,0,0,339,1810,2111,3560,4014,4302,4266,4541,,
CYD,CYD0331,DUNE,teviot,Hydro,Hydro,2026-08-09,4714,2973,2962,3124,3426,3912,5349,5333,5245,5287,5170,5013,4189,3207,3051,2739,2369,2133,1440,1264,1063,1099,1202,1531,1688,2078,2415,2368,2490,2577,2662,2810,2308,531,331,37,2,61,144,266,1128,2933,2743,2990,3351,3804,4130,3980,,
CYD,CYD0331,DUNE,teviot,Hydro,Hydro,2026-08-10,4371,4457,4422,4345,4345,4275,4296,3864,2415,2265,1779,1949,2571,3749,3450,3304,3115,913,1578,1940,1766,2206,2580,2942,3152,3337,3549,3883,3521,3119,2900,2597,2847,2536,2268,1791,3559,3641,2976,1444,2430,2555,1916,1387,4227,4642,4635,4864,,
CYD,CYD0331,DUNE,teviot,Hydro,Hydro,2026-08-11,5227,5135,3002,2959,3057,3526,3734,3558,4877,4746,4316,3905,3244,3022,2749,2335,2091,2412,2809,3622,1930,2471,2848,3613,5361,6278,4291,4023,4367,5664,5660,5960,5803,5242,5058,4435,4069,4019,4162,4340,4371,4509,4519,4757,3202,3456,3392,3542,,
CYD,CYD0331,DUNE,teviot,Hydro,Hydro,2026-08-12,3864,3978,4097,4174,4347,4533,4421,4488,4398,4347,3874,3453,2833,2668,3095,2776,2938,2937,3188,3763,4352,4433,4504,3699,2878,3380,4534,4508,4492,4374,4297,5483,5338,4948,4437,3787,2964,2982,3247,3417,2664,2946,3083,3402,3507,3799,4161,4200,,
CYD,CYD0331,DUNE,teviot,Hydro,Hydro,2026-08-13,4647,4781,4891,4982,4989,4991,5028,4972,4730,4627,3915,2946,2329,4185,3967,3676,3558,2384,2058,2289,2646,4269,4442,4250,4122,4265,5156,5605,5565,5850,5645,5839,6493,6613,6593,6018,5718,5796,5865,4201,4142,4253,3979,4341,4704,5072,5188,6772,,
CYD,CYD0331,DUNE,teviot,Hydro,Hydro,2026-08-14,7076,7152,7253,7202,7112,7068,7000,6844,6633,6368,6003,5478,4794,4293,3586,3170,2091,1105,1439,1821,2221,2969,3801,3209,3517,3673,3921,3819,3993,4063,3926,3816,5127,4811,4606,4090,3798,3569,3573,3618,3707,3793,3669,4605,4886,5191,5050,5143,,
CYD,CYD0331,DUNE,teviot,Hydro,Hydro,2026-08-15,5479,5608,5703,5738,5665,5649,5654,5557,5374,5307,5087,3938,3658,3449,3372,2698,1574,725,677,1322,1921,2320,2450,2790,3054,3237,2791,1922,2165,2031,1812,1870,3200,2923,2378,2072,1945,1999,2230,2436,2565,2788,2892,3128,4197,4999,4990,5114,,
CYD,CYD0331,DUNE,teviot,Hydro,Hydro,2026-08-16,5487,5485,5615,5726,5706,5615,5616,5550,5232,5199,5031,4877,4280,2658,2219,1749,1340,1311,875,250,880,2131,2434,3080,3959,6277,7077,6952,6895,6695,6393,5946,5242,4643,4020,3324,2713,2715,2933,2551,2332,2433,2538,3025,3550,4072,4188,4411,,
CYD,CYD0331,DUNE,teviot,Hydro,Hydro,2026-08-17,4541,4675,4664,4615,4714,4658,4592,4505,4394,4169,3712,3199,2464,2075,1389,878,912,1120,7,415,973,1402,1976,4279,5638,5074,5052,4603,3221,2536,2127,2186,1740,893,723,1411,1221,1241,1509,1661,1303,718,724,1896,3061,3483,3569,3869,,
CYD,CYD0331,DUNE,teviot,Hydro,Hydro,2026-08-18,4490,4776,4808,4641,4711,4664,4681,4629,4603,4318,3911,3465,2696,1542,427,85,225,707,1509,2123,2677,3307,3637,4218,4492,3920,3174,2888,3049,3670,4591,4100,3719,3446,2192,411,161,93,178,257,387,914,1948,2735,3479,3881,3969,4683,,
CYD,CYD0331,DUNE,teviot,Hydro,Hydro,2026-08-19,5295,5422,5591,5846,6138,6369,6632,6700,6735,6547,6415,5858,5146,4580,4066,3467,3446,2461,3276,3892,4518,5374,6188,6599,6836,7005,6528,5820,7154,7290,7186,7195,6892,6510,6048,5480,2870,2085,2148,3108,3438,3743,3559,3970,5476,5672,5671,5719,,
CYD,CYD0331,DUNE,teviot,Hydro,Hydro,2026-08-20,6128,6477,6717,6785,6811,6731,6717,6613,6553,6378,6033,5593,4744,4166,3607,3155,3001,3044,3239,3550,3971,4281,4491,4577,5390,5778,6074,6158,6154,5949,6189,5990,5770,6025,5816,5196,4132,3966,3858,3918,3923,3979,3790,3846,4253,5037,5313,5633,,
CYD,CYD0331,DUNE,teviot,Hydro,Hydro,2026-08-21,6070,6269,6498,6498,6595,6622,6471,6449,6233,6003,5615,4939,4331,3595,2874,2329,2171,200,1026,2493,3209,3365,3763,4365,3683,4463,5134,5006,4178,3754,3390,3003,2925,2788,3099,3364,3496,3662,3850,3942,4190,4316,4097,4466,4758,5220,5242,5234,,
CYD,CYD0331,DUNE,teviot,Hydro,Hydro,2026-08-22,5504,5854,5965,5852,6025,6119,5885,5461,5010,4681,4599,4223,3721,3425,3461,2533,2627,3086,3021,3131,3370,3906,4425,5287,5506,5998,6216,5886,5716,5701,6004,6426,6236,5061,4035,3894,3447,3854,4147,3616,3867,3878,3665,3648,3915,4223,4107,4553,,
CYD,CYD0331,DUNE,teviot,Hydro,Hydro,2026-08-23,4890,4243,4488,4501,4459,4422,4277,4759,5584,5078,4286,4194,3741,3356,3041,2711,2207,2353,2975,2558,2099,3116,2410,2371,2295,2603,3350,3631,5141,6316,6578,6594,6276,5469,3985,2971,2384,2218,2228,1608,1156,1795,2008,2402,2805,3280,3249,3329,,
CYD,CYD0331,DUNE,teviot,Hydro,Hydro,2026-08-24,3335,3881,5586,6007,5949,5860,5596,5144,4372,4218,3653,2215,982,525,94,1,1247,3226,1069,1475,2079,2462,2704,3017,2938,3317,3690,3178,3466,2926,3241,4058,4955,3347,2076,1584,1221,1014,3506,3798,3969,4036,3950,4112,2762,2814,2685,3147,,
CYD,CYD0331,DUNE,teviot,Hydro,Hydro,2026-08-25,3460,3654,3691,3947,3935,3852,3941,4046,3908,4046,4152,4333,4074,4427,5938,5871,6273,7230,7834,8411,8441,8689,8803,8875,9409,9892,9796,9535,9997,9993,9829,9773,9103,8981,8469,7973,5598,5660,5666,5752,5805,5971,5892,6075,4927,5145,5187,5356,,
CYD,CYD0331,DUNE,teviot,Hydro,Hydro,2026-08-26,5699,5838,5862,5910,5819,5746,5742,5636,5468,5363,5123,5517,7077,6758,6414,5991,5726,5611,5766,3748,3560,3930,4065,3957,4129,4505,4658,4709,4876,4799,4949,5286,5626,6024,6257,5799,5697,5637,5595,5840,6008,6206,6211,6500,6777,7177,7179,7268,,
CYD,CYD0331,DUNE,teviot,Hydro,Hydro,2026-08-27,7238,7281,7163,6639,6407,6321,6141,6316,6192,5918,5496,5067,6536,6067,5580,5083,4792,4973,4685,2304,2543,3298,3314,3440,4893,5062,4856,5185,5703,6140,6043,5757,5460,5436,5229,4892,4740,4666,4813,4952,5298,5594,5603,6218,6673,7127,7179,7352,,
CYD,CYD0331,DUNE,teviot,Hydro,Hydro,2026-08-28,7843,8116,8438,8854,9305,9536,9429,9383,9295,9143,8789,8440,7727,7102,6624,6246,6170,6314,6472,6363,6285,7122,7599,8029,7685,6294,6802,7414,9065,9122,8949,8397,8564,8578,8543,8237,7943,7645,7718,7905,8110,8232,7980,7014,6412,6810,6829,6919,,
CYD,CYD0331,DUNE,teviot,Hydro,Hydro,2026-08-29,7299,7472,7635,7689,7720,7720,7775,7771,7604,7537,7561,7519,8853,8440,8088,7893,7903,7784,7966,5337,5113,6229,6791,7131,7520,8004,8215,7923,7384,7417,7310,6646,8069,7195,7007,6707,6365,6337,6572,6824,6810,5633,6024,6194,6412,6726,6739,6937,,
CYD,CYD0331,DUNE,teviot,Hydro,Hydro,2026-08-30,7133,7174,7191,7265,7301,7390,7439,7141,6957,7184,7070,6921,7947,7732,7514,7251,6905,7047,7035,5800,6422,6328,6362,7172,7136,7652,7691,7675,7603,7131,7507,6724,6933,6468,5978,5515,5276,5226,5457,5455,5602,5555,5462,5773,6153,6420,6283,6465,,
CYD,CYD0331,DUNE,teviot,Hydro,Hydro,2026-08-31,6741,6816,6874,6641,5926,5474,5390,5389,5877,5462,4822,5317,4849,4439,4017,3560,3463,3508,3561,3589,4380,6439,7158,7205,7340,7360,6966,7203,7556,7465,6664,6869,6657,6611,5837,5326,4982,5075,5275,5361,5603,5887,5929,6313,6775,7112,6978,6480,,
CYD,CYD2201,CTCT,clyde,Hydro,Hydro,2026-08-01,158048,110077,107207,108087,108091,108188,107982,107859,108244,107944,108033,108079,156831,162008,207688,213496,215562,216536,215717,216279,215847,213485,164250,162453,162694,161966,161640,161284,162036,161982,162501,160307,164162,212480,215796,212116,215290,218748,215912,215210,216135,215245,215336,215228,164517,161801,161657,162282,,
CYD,CYD2201,CTCT,clyde,Hydro,Hydro,2026-08-02,161114,162419,161619,159966,164389,162353,163409,163277,162851,162324,162081,162152,157270,160958,162282,160551,211965,206022,216136,216083,216139,210918,163011,161829,158194,104711,105781,103880,103725,149794,153883,158048,159171,161554,209625,215795,216276,216040,216034,215479,206145,206448,206402,163993,105029,103270,102035,107236,,
CYD,CYD2201,CTCT,clyde,Hydro,Hydro,2026-08-03,103626,103836,103062,102794,103034,52502,51691,51420,51508,51504,99075,104443,106716,159495,209474,215944,216119,209876,207640,204968,206798,158134,154388,154708,154849,158766,158092,155157,154329,154381,157840,161846,162324,161076,213461,215879,214905,216703,216164,216007,215876,215886,216325,216131,216140,163696,162421,161572,,
CYD,CYD2201,CTCT,clyde,Hydro,Hydro,2026-08-04,105452,103258,107433,103077,107221,55733,53864,54083,53991,51669,104382,103486,151411,153843,207544,232825,233322,216388,215595,215456,206160,157422,152000,152866,152024,151158,153203,151418,152024,152364,154076,167331,173052,214315,228797,228610,229279,223283,214187,222764,231547,228770,230780,216393,206086,206130,156512,154594,,
CYD,CYD2201,CTCT,clyde,Hydro,Hydro,2026-08-05,93902,92342,42462,42410,42410,42577,42632,51462,51534,51397,101421,103102,135596,155717,216636,232206,233110,207790,205978,205900,158482,154248,154149,154920,154944,153862,144484,139929,143991,144215,154245,154252,147859,190842,191990,210508,215798,216769,215582,216307,217525,220319,220832,224115,217672,219520,165745,162005,,
CYD,CYD2201,CTCT,clyde,Hydro,Hydro,2026-08-06,106189,102969,53995,51438,931,0,0,78,42136,51466,87657,109795,172320,170704,220534,231744,231863,218474,215925,215907,163404,161180,161805,159881,154697,154495,154615,151230,142440,139499,146920,152856,195586,209285,213784,220919,216642,216065,215878,231979,213722,212064,226797,220228,184063,165045,165850,110201,,
CYD,CYD2201,CTCT,clyde,Hydro,Hydro,2026-08-07,108113,108012,55080,53991,54013,54023,54029,53815,52548,51980,104828,108910,163647,166894,214865,217324,215436,214145,207933,205714,213930,215150,163296,161402,156951,154347,156371,155650,155128,155058,159873,161348,162226,207275,218093,221682,225765,226253,226099,210696,209466,215887,214464,209534,159108,155673,158354,108338,,
CYD,CYD2201,CTCT,clyde,Hydro,Hydro,2026-08-08,55492,53218,52263,52336,54062,54047,53969,54026,54052,53923,53660,100455,103899,104795,104593,105779,149599,202186,206116,205682,157543,153907,153986,106388,106135,103783,107782,108001,103175,104205,160189,161948,161898,160157,204342,214711,215964,213910,208619,206218,206278,206133,206158,206262,161958,156801,108484,107921,,
CYD,CYD2201,CTCT,clyde,Hydro,Hydro,2026-08-09,56192,52397,52380,51533,51569,51516,51494,51310,51547,51506,51458,51520,96789,102375,103068,103033,153422,201096,206157,205601,156478,154799,154510,153213,104862,102581,102634,102875,103063,153133,155079,154017,155019,162178,204766,206030,215661,213346,214292,206276,206143,207227,216335,216102,164573,162038,110540,107937,,
CYD,CYD2201,CTCT,clyde,Hydro,Hydro,2026-08-10,92912,92799,62482,51547,51451,51680,51495,50738,51613,51881,95060,102288,155213,154248,207159,209107,205746,206580,205623,206068,156117,153833,155033,105987,88262,101871,103078,102635,103293,142701,154496,154232,155110,158963,201901,212199,216112,216241,213668,215957,215865,213174,214000,206668,208239,160540,162230,109550,,
CYD,CYD2201,CTCT,clyde,Hydro,Hydro,2026-08-11,107966,106209,55866,54016,51522,51574,51504,51511,51482,51664,102078,102936,153129,154088,210785,231322,231709,214052,206832,206409,206169,155620,154616,154408,109340,103733,103122,103033,103041,103895,107876,154555,161515,205067,214685,216539,214763,215903,216669,212863,207292,206065,205873,207314,155049,154560,103906,102943,,
CYD,CYD2201,CTCT,clyde,Hydro,Hydro,2026-08-12,103102,102927,52519,51481,51578,51369,51539,51509,51545,51558,94703,102994,153295,154399,203820,214457,216260,210594,205216,206187,205979,155906,153975,154499,105947,102822,102764,103281,102619,102961,102918,102856,153938,154493,200605,209728,215870,213398,206231,187195,186165,186206,205673,206181,205821,155040,154753,154896,,
CYD,CYD2201,CTCT,clyde,Hydro,Hydro,2026-08-13,104107,103087,53211,51511,51576,51520,51522,51436,51657,51461,95042,102794,140394,150434,200880,206472,206606,205041,186217,186125,192628,153046,154534,154688,145349,139259,148347,139032,108358,102632,103073,102962,151232,154206,205040,206180,206041,206287,205791,206010,206042,206328,206278,206024,156158,154490,154761,154528,,
CYD,CYD2201,CTCT,clyde,Hydro,Hydro,2026-08-14,103400,83226,42255,41513,41624,41394,43629,51483,51527,51481,97118,102690,147086,152138,189908,198975,187316,189627,200666,193821,198542,154694,154354,154289,154683,153493,153229,154379,153723,139609,140657,146483,144754,152103,140791,187079,203505,197324,186257,185168,184721,185544,205888,204878,156655,153390,105299,103242,,
CYD,CYD2201,CTCT,clyde,Hydro,Hydro,2026-08-15,97092,93481,92657,92484,92497,47295,46598,46441,46546,46589,88444,93161,93936,94458,97159,140926,155031,153655,151373,156430,150127,154340,154736,154302,154635,152660,152538,154135,153722,155305,155564,154168,155058,154376,154979,202215,205745,204112,201765,186587,187408,184423,189937,190105,156035,154744,154236,154549,,
CYD,CYD2201,CTCT,clyde,Hydro,Hydro,2026-08-16,105798,103070,103132,102998,102552,53784,51510,51142,50956,50708,51505,51668,99139,103220,102691,103069,149170,154325,154773,154441,154583,154493,153764,155299,154438,154190,154722,154637,109550,102962,113830,128002,154467,154661,156228,206572,206310,216134,216043,215932,206124,206097,215718,216133,216023,216533,160124,154823,,
CYD,CYD2201,CTCT,clyde,Hydro,Hydro,2026-08-17,106477,55481,53964,54057,54059,54058,54021,53645,51951,51475,52842,52673,105743,153996,202655,215705,216214,212492,207661,157516,156711,106096,110501,110170,110621,110343,110068,110568,110190,110518,110446,109352,159005,161668,200547,199005,206431,205449,208468,207806,209401,205513,203178,201698,204920,158693,154541,108480,,
CYD,CYD2201,CTCT,clyde,Hydro,Hydro,2026-08-18,105313,102776,53878,52448,50561,50875,48143,45595,46950,46230,93124,102777,103003,143549,201740,205137,205416,208036,206038,157637,160983,114872,113125,107513,105191,105264,104928,102694,103108,103049,106619,108174,155659,162816,209816,205435,206215,206003,207410,205736,206267,205762,206452,206081,208099,158567,158391,108964,,
CYD,CYD2201,CTCT,clyde,Hydro,Hydro,2026-08-19,107710,54997,50549,50065,49974,50168,49900,50020,50087,49932,54000,104618,108102,157148,213360,215959,212364,205476,205449,158277,154547,154131,104754,102956,103158,102620,102965,102896,103257,102928,103257,102142,148084,194031,207957,215644,215086,216037,216185,215927,206085,206202,215008,216374,206445,205857,155542,154717,,
CYD,CYD2201,CTCT,clyde,Hydro,Hydro,2026-08-20,106234,56491,54018,54016,53924,54074,53954,54097,53998,54008,54032,102555,106810,155079,203081,206949,206698,206970,163744,158238,154021,154455,104969,102944,102835,103295,103558,100977,102196,102603,103460,145850,154794,154553,154565,201345,205847,205857,205650,206790,205903,205067,206896,205985,206177,158286,154617,108094,,
CYD,CYD2201,CTCT,clyde,Hydro,Hydro,2026-08-21,107797,57015,53642,53855,51464,51589,51061,51041,51016,51001,85727,87045,105550,152968,211333,232435,230632,213991,159136,139629,139517,138796,104205,102869,103026,102685,143391,146982,148961,139858,148423,146429,154432,154899,154374,200609,205415,205806,202437,203215,205629,204288,204732,204494,206453,156164,135118,104126,,
CYD,CYD2201,CTCT,clyde,Hydro,Hydro,2026-08-22,103088,52946,51535,51486,51535,51511,51556,51404,51675,51485,51400,96400,102730,147511,149418,139261,140456,143004,139609,139243,138904,139126,102568,102626,103126,102701,102717,102936,99036,102456,102914,145407,155975,152367,150816,195969,206477,205931,205698,206403,205772,206341,205339,206201,156573,154159,150164,101496,,
CYD,CYD2201,CTCT,clyde,Hydro,Hydro,2026-08-23,93946,49153,49595,987,0,0,0,0,0,0,42448,51313,50663,50530,95785,102994,150054,139497,139261,140680,139172,138829,141553,153892,153423,153692,159561,162431,160667,154812,153742,154395,154453,154561,203025,205304,206145,206083,206177,205873,206248,206129,205307,207131,205665,206034,157103,105647,,
CYD,CYD2201,CTCT,clyde,Hydro,Hydro,2026-08-24,53407,51246,1263,0,0,0,0,0,0,0,53755,105784,156527,206196,215582,214829,210838,196024,185519,140603,139182,133020,142797,139700,143258,139966,138603,139764,142852,142439,141427,153620,154585,154181,197362,205597,205873,206053,206545,205792,206195,206100,205433,205410,157784,154436,104940,102925,,
CYD,CYD2201,CTCT,clyde,Hydro,Hydro,2026-08-25,53433,51454,51534,51417,51631,51487,51563,51519,51486,51522,50671,98099,103214,145659,199275,205795,206560,202524,198998,141900,139659,153963,154333,154224,154760,153678,154376,154889,152748,155531,153702,152616,154654,155828,196722,202250,203997,207042,206205,206130,205830,206100,205995,206028,208248,157321,158498,154692,,
CYD,CYD2201,CTCT,clyde,Hydro,Hydro,2026-08-26,154652,154565,104059,102742,52526,51597,51559,51308,51443,95819,105941,104375,153438,202481,205900,206318,199032,188800,185019,150319,154403,149301,142153,143879,134439,134850,134413,154574,154659,154423,154429,154292,204334,206305,206090,206038,205307,205814,206207,206071,205481,206607,206420,205826,206231,206233,155917,154612,,
CYD,CYD2201,CTCT,clyde,Hydro,Hydro,2026-08-27,103831,103252,102700,52421,51474,51529,51588,51447,52318,98554,108151,107367,150082,201559,198500,191016,187466,185672,185416,186049,185243,185569,185978,185317,185471,185342,185499,186054,185836,185194,188175,213233,206391,205830,209679,205822,205821,205464,206242,206083,210441,213197,216438,215736,216260,216131,215908,212632,,
CYD,CYD2201,CTCT,clyde,Hydro,Hydro,2026-08-28,161491,106647,102681,51508,46535,45851,44288,44783,43736,47851,89839,143628,208565,214179,215775,216303,213519,202939,206617,196985,184830,184799,138385,118510,135180,138932,138466,99315,91075,89439,92426,92236,97660,105721,109148,153633,169459,162344,160466,154357,145847,138631,147751,150586,100078,47808,922,0,,
CYD,CYD2201,CTCT,clyde,Hydro,Hydro,2026-08-29,0,0,0,0,0,0,0,0,0,0,0,0,0,0,35490,95556,135389,157688,162566,172609,178738,140305,94141,96198,52761,49836,53831,52057,50207,50563,46226,53617,52442,99145,148201,197997,211347,212166,212868,196488,147162,144568,148691,138190,91863,47041,984,0,,
CYD,CYD2201,CTCT,clyde,Hydro,Hydro,2026-08-30,0,0,0,0,0,0,0,0,0,0,0,0,0,0,49280,96960,146797,154514,154438,109577,105008,54200,51676,2263,0,0,0,0,0,0,0,35454,53850,53936,101712,149920,197067,208418,206952,208048,206735,205377,162985,110026,55770,1892,0,0,,
CYD,CYD2201,CTCT,clyde,Hydro,Hydro,2026-08-31,0,0,0,0,0,0,0,0,0,0,0,43416,99924,153222,202802,215646,216049,207113,206304,161193,155207,109393,108091,108066,55638,54086,53795,53816,95400,107442,108117,157689,161318,163664,211816,215994,218697,220613,216499,215981,215611,216255,216010,215917,215536,212534,215613,215282,,
DVK,DVK0111,DSFL,dannevirke_solar_farm,SOL,PV,2026-08-01,0,0,0,0,0,0,0,0,0,0,0,0,0,0,0,166,1005,1731,2668,2458,4164,4793,3336,4136,4352,5730,5821,5357,3168,3220,5231,2641,1132,288,73,0,0,0,0,0,0,0,0,0,0,0,0,0,,
DVK,DVK0111,DSFL,dannevirke_solar_farm,SOL,PV,2026-08-02,0,0,0,0,0,0,0,0,0,0,0,0,0,0,0,273,1593,3759,5716,6416,6347,6117,5912,5753,5735,5854,6043,6277,6573,6775,6633,4423,2351,723,53,0,0,0,0,0,0,0,0,0,0,0,0,0,,
DVK,DVK0111,DSFL,dannevirke_solar_farm,SOL,PV,2026-08-03,0,0,0,0,0,0,0,0,0,0,0,0,0,0,16,295,483,460,612,1053,1480,1926,3591,3762,3625,3635,4529,6968,5858,3092,844,1487,1554,368,24,0,0,0,0,0,0,0,0,0,0,0,0,0,,
DVK,DVK0111,DSFL,dannevirke_solar_farm,SOL,PV,2026-08-04,0,0,0,0,0,0,0,0,0,0,0,0,0,0,0,59,194,602,660,990,618,1387,1891,1985,2221,1967,1126,1643,2257,2534,808,2201,1246,542,75,0,0,0,0,0,0,0,0,0,0,0,0,0,,
DVK,DVK0111,DSFL,dannevirke_solar_farm,SOL,PV,2026-08-05,0,0,0,0,0,0,0,0,0,0,0,0,0,0,25,233,1350,4163,2674,3400,2889,3171,3270,3793,3492,3733,3414,3792,4859,2139,1976,792,774,326,57,0,0,0,0,0,0,0,0,0,0,0,0,0,,
DVK,DVK0111,DSFL,dannevirke_solar_farm,SOL,PV,2026-08-06,0,0,0,0,0,0,0,0,0,0,0,0,0,0,27,514,1049,3939,6070,6585,6576,6239,6232,6213,6173,6262,6490,6783,6944,7136,7080,4995,2721,994,78,0,0,0,0,0,0,0,0,0,0,0,0,0,,
DVK,DVK0111,DSFL,dannevirke_solar_farm,SOL,PV,2026-08-07,0,0,0,0,0,0,0,0,0,0,0,0,0,0,15,397,2027,4302,6149,6080,6659,5792,4341,3767,5645,4021,3312,2954,2744,3084,4982,5129,3753,1361,237,0,0,0,0,0,0,0,0,0,0,0,0,0,,
DVK,DVK0111,DSFL,dannevirke_solar_farm,SOL,PV,2026-08-08,0,0,0,0,0,0,0,0,0,0,0,0,0,0,15,432,1543,2395,2625,2435,3555,4455,4851,6143,4702,3199,4797,5023,4660,2248,2075,1886,929,307,12,0,0,0,0,0,0,0,0,0,0,0,0,0,,
DVK,DVK0111,DSFL,dannevirke_solar_farm,SOL,PV,2026-08-09,0,0,0,0,0,0,0,0,0,0,0,0,0,0,0,102,312,606,1864,1221,5694,6729,5216,1786,2512,4268,6106,4388,2631,2993,1283,1976,1035,402,152,0,0,0,0,0,0,0,0,0,0,0,0,0,,
DVK,DVK0111,DSFL,dannevirke_solar_farm,SOL,PV,2026-08-10,0,0,0,0,0,0,0,0,0,0,0,0,0,0,0,48,53,53,53,53,53,90,2304,2816,3504,3152,3457,1887,3777,1562,1719,787,416,282,78,0,0,0,0,0,0,0,0,0,0,0,0,0,,
DVK,DVK0111,DSFL,dannevirke_solar_farm,SOL,PV,2026-08-11,0,0,0,0,0,0,0,0,0,0,0,0,0,0,63,778,1280,2062,1490,2451,1687,0,0,0,0,0,0,1755,2091,2629,1342,1053,586,179,0,0,0,0,0,0,0,0,0,0,0,0,0,0,,
DVK,DVK0111,DSFL,dannevirke_solar_farm,SOL,PV,2026-08-12,0,0,0,0,0,0,0,0,0,0,0,0,0,0,42,396,650,1014,956,1038,1417,1660,3018,4172,4388,2434,1869,2903,2357,2127,1400,998,1029,606,66,0,0,0,0,0,0,0,0,0,0,0,0,0,,
DVK,DVK0111,DSFL,dannevirke_solar_farm,SOL,PV,2026-08-13,0,0,0,0,0,0,0,0,0,0,0,0,0,0,0,104,419,1119,1968,2621,4598,2722,3603,3322,3006,4518,1943,3853,3527,2882,3734,3838,1740,523,93,0,0,0,0,0,0,0,0,0,0,0,0,0,,
DVK,DVK0111,DSFL,dannevirke_solar_farm,SOL,PV,2026-08-14,0,0,0,0,0,0,0,0,0,0,0,0,0,0,0,210,562,861,1476,3886,5362,3983,3030,4217,3364,1867,1632,1623,1408,1306,1419,757,404,160,0,0,0,0,0,0,0,0,0,0,0,0,0,0,,
DVK,DVK0111,DSFL,dannevirke_solar_farm,SOL,PV,2026-08-15,0,0,0,0,0,0,0,0,0,0,0,0,0,0,50,371,482,1216,1728,2329,2237,3399,4107,6959,8327,4759,1977,3044,1462,1405,1017,908,831,578,102,0,0,0,0,0,0,0,0,0,0,0,0,0,,
DVK,DVK0111,DSFL,dannevirke_solar_farm,SOL,PV,2026-08-16,0,0,0,0,0,0,0,0,0,0,0,0,0,0,0,30,209,354,339,532,817,1175,1122,1154,1307,1449,1273,1130,876,569,351,282,225,120,0,0,0,0,0,0,0,0,0,0,0,0,0,0,,
DVK,DVK0111,DSFL,dannevirke_solar_farm,SOL,PV,2026-08-17,0,0,0,0,0,0,0,0,0,0,0,0,0,0,66,483,782,1380,2099,5131,5554,6276,6078,5181,3474,5947,5198,3678,2540,6680,4969,2597,1421,404,135,0,0,0,0,0,0,0,0,0,0,0,0,0,,
DVK,DVK0111,DSFL,dannevirke_solar_farm,SOL,PV,2026-08-18,0,0,0,0,0,0,0,0,0,0,0,0,0,0,88,160,674,2905,881,1545,4405,3464,2972,2032,1387,2698,6411,1803,2039,1637,685,546,291,418,1,0,0,0,0,0,0,0,0,0,0,0,0,0,,
DVK,DVK0111,DSFL,dannevirke_solar_farm,SOL,PV,2026-08-19,0,0,0,0,0,0,0,0,0,0,0,0,0,0,133,433,1168,4240,5421,4692,3603,3059,5675,6436,5236,5493,4985,600,3696,3421,2873,1254,787,415,102,0,0,0,0,0,0,0,0,0,0,0,0,0,,
DVK,DVK0111,DSFL,dannevirke_solar_farm,SOL,PV,2026-08-20,0,0,0,0,0,0,0,0,0,0,0,0,0,0,119,1153,3564,5789,7114,6935,6442,7138,7022,4686,3285,6814,7535,8260,7183,7910,7587,6540,3764,1393,255,3,0,0,0,0,0,0,0,0,0,0,0,0,,
DVK,DVK0111,DSFL,dannevirke_solar_farm,SOL,PV,2026-08-21,0,0,0,0,0,0,0,0,0,0,0,0,0,0,199,1662,2634,3841,3861,2577,2972,2840,2464,2363,2214,2607,4012,5633,4589,3803,2503,1424,913,576,197,0,0,0,0,0,0,0,0,0,0,0,0,0,,
DVK,DVK0111,DSFL,dannevirke_solar_farm,SOL,PV,2026-08-22,0,0,0,0,0,0,0,0,0,0,0,0,0,0,210,862,1501,1568,1722,1533,1796,2409,5281,4642,2652,2052,1839,1520,1944,4812,5394,6507,3655,1472,576,63,0,0,0,0,0,0,0,0,0,0,0,0,,
DVK,DVK0111,DSFL,dannevirke_solar_farm,SOL,PV,2026-08-23,0,0,0,0,0,0,0,0,0,0,0,0,0,0,75,851,1611,1993,2208,1530,593,2056,2425,1880,2000,1518,1524,1854,1962,1115,857,742,603,350,154,1,0,0,0,0,0,0,0,0,0,0,0,0,,
DVK,DVK0111,DSFL,dannevirke_solar_farm,SOL,PV,2026-08-24,0,0,0,0,0,0,0,0,0,0,0,0,0,2,307,736,829,1051,1119,1203,1845,2879,4085,5171,4971,4201,5090,4474,2615,2371,2166,2448,3266,1676,115,0,0,0,0,0,0,0,0,0,0,0,0,0,,
DVK,DVK0111,DSFL,dannevirke_solar_farm,SOL,PV,2026-08-25,0,0,0,0,0,0,0,0,0,0,0,0,0,3,103,450,734,1183,787,1139,1179,1207,1458,2684,5209,6150,3119,3879,7696,5576,3748,3456,2439,1006,238,10,0,0,0,0,0,0,0,0,0,0,0,0,,
DVK,DVK0111,DSFL,dannevirke_solar_farm,SOL,PV,2026-08-26,0,0,0,0,0,0,0,0,0,0,0,0,0,0,132,470,669,960,1249,1222,1427,2084,1490,1870,2333,3181,4724,4916,3846,4158,1174,1218,1249,789,485,8,0,0,0,0,0,0,0,0,0,0,0,0,,
DVK,DVK0111,DSFL,dannevirke_solar_farm,SOL,PV,2026-08-27,0,0,0,0,0,0,0,0,0,0,0,0,0,0,68,375,535,849,949,1508,1909,1630,2272,2696,2687,2600,2028,1881,2019,2787,4696,4033,1901,1252,492,30,0,0,0,0,0,0,0,0,0,0,0,0,,
DVK,DVK0111,DSFL,dannevirke_solar_farm,SOL,PV,2026-08-28,0,0,0,0,0,0,0,0,0,0,0,0,0,30,491,1231,1007,1263,1221,1611,1743,1971,2331,2957,3263,6085,8079,7519,7977,7977,7121,4214,2621,1126,409,60,0,0,0,0,0,0,0,0,0,0,0,0,,
DVK,DVK0111,DSFL,dannevirke_solar_farm,SOL,PV,2026-08-29,0,0,0,0,0,0,0,0,0,0,0,0,0,0,40,312,828,1090,1226,890,2228,3023,2607,3069,3716,2330,2341,2253,2168,2227,2262,1831,1275,770,342,35,0,0,0,0,0,0,0,0,0,0,0,0,,
DVK,DVK0111,DSFL,dannevirke_solar_farm,SOL,PV,2026-08-30,0,0,0,0,0,0,0,0,0,0,0,0,0,0,556,1259,1188,1267,1886,2479,4335,2793,3727,3101,2929,7061,7835,4931,2112,4070,4108,2173,1481,1114,542,72,0,0,0,0,0,0,0,0,0,0,0,0,,
DVK,DVK0111,DSFL,dannevirke_solar_farm,SOL,PV,2026-08-31,0,0,0,0,0,0,0,0,0,0,0,0,0,6,267,894,1394,2065,2742,3490,3368,4219,5132,6511,6778,7733,7621,7485,6356,4163,4792,3718,2432,765,316,25,0,0,0,0,0,0,0,0,0,0,0,0,,
DVK,DVK0111,SCAN,dannevirke_solar_farm,SOL,PV,2026-08-01,0,0,0,0,0,0,0,0,0,0,0,0,0,0,0,0,0,0,0,0,0,0,0,0,0,0,0,0,0,0,0,0,0,0,0,0,0,0,0,0,0,0,0,0,0,0,0,0,,
DVK,DVK0111,SCAN,dannevirke_solar_farm,SOL,PV,2026-08-02,0,0,0,0,0,0,0,0,0,0,0,0,0,0,0,0,0,0,0,0,0,0,0,0,0,0,0,0,0,0,0,0,0,0,0,0,0,0,0,0,0,0,0,0,0,0,0,0,,
DVK,DVK0111,SCAN,dannevirke_solar_farm,SOL,PV,2026-08-03,0,0,0,0,0,0,0,0,0,0,0,0,0,0,0,0,0,0,0,0,0,0,0,0,0,0,0,0,0,0,0,0,0,0,0,0,0,0,0,0,0,0,0,0,0,0,0,0,,
DVK,DVK0111,SCAN,dannevirke_solar_farm,SOL,PV,2026-08-04,0,0,0,0,0,0,0,0,0,0,0,0,0,0,0,0,0,0,0,0,0,0,0,0,0,0,0,0,0,0,0,0,0,0,0,0,0,0,0,0,0,0,0,0,0,0,0,0,,
DVK,DVK0111,SCAN,dannevirke_solar_farm,SOL,PV,2026-08-05,0,0,0,0,0,0,0,0,0,0,0,0,0,0,0,0,0,0,0,0,0,0,0,0,0,0,0,0,0,0,0,0,0,0,0,0,0,0,0,0,0,0,0,0,0,0,0,0,,
DVK,DVK0111,SCAN,dannevirke_solar_farm,SOL,PV,2026-08-06,0,0,0,0,0,0,0,0,0,0,0,0,0,0,0,0,0,0,0,0,0,0,0,0,0,0,0,0,0,0,0,0,0,0,0,0,0,0,0,0,0,0,0,0,0,0,0,0,,
DVK,DVK0111,SCAN,dannevirke_solar_farm,SOL,PV,2026-08-07,0,0,0,0,0,0,0,0,0,0,0,0,0,0,0,0,0,0,0,0,0,0,0,0,0,0,0,0,0,0,0,0,0,0,0,0,0,0,0,0,0,0,0,0,0,0,0,0,,
DVK,DVK0111,SCAN,dannevirke_solar_farm,SOL,PV,2026-08-08,0,0,0,0,0,0,0,0,0,0,0,0,0,0,0,0,0,0,0,0,0,0,0,0,0,0,0,0,0,0,0,0,0,0,0,0,0,0,0,0,0,0,0,0,0,0,0,0,,
DVK,DVK0111,SCAN,dannevirke_solar_farm,SOL,PV,2026-08-09,0,0,0,0,0,0,0,0,0,0,0,0,0,0,0,0,0,0,0,0,0,0,0,0,0,0,0,0,0,0,0,0,0,0,0,0,0,0,0,0,0,0,0,0,0,0,0,0,,
DVK,DVK0111,SCAN,dannevirke_solar_farm,SOL,PV,2026-08-10,0,0,0,0,0,0,0,0,0,0,0,0,0,0,0,0,0,0,0,0,0,0,0,0,0,0,0,0,0,0,0,0,0,0,0,0,0,0,0,0,0,0,0,0,0,0,0,0,,
DVK,DVK0111,SCAN,dannevirke_solar_farm,SOL,PV,2026-08-11,0,0,0,0,0,0,0,0,0,0,0,0,0,0,0,0,0,0,0,0,0,0,0,0,0,0,0,0,0,0,0,0,0,0,0,0,0,0,0,0,0,0,0,0,0,0,0,0,,
DVK,DVK0111,SCAN,dannevirke_solar_farm,SOL,PV,2026-08-12,0,0,0,0,0,0,0,0,0,0,0,0,0,0,0,0,0,0,0,0,0,0,0,0,0,0,0,0,0,0,0,0,0,0,0,0,0,0,0,0,0,0,0,0,0,0,0,0,,
DVK,DVK0111,SCAN,dannevirke_solar_farm,SOL,PV,2026-08-13,0,0,0,0,0,0,0,0,0,0,0,0,0,0,0,0,0,0,0,0,0,0,0,0,0,0,0,0,0,0,0,0,0,0,0,0,0,0,0,0,0,0,0,0,0,0,0,0,,
DVK,DVK0111,SCAN,dannevirke_solar_farm,SOL,PV,2026-08-14,0,0,0,0,0,0,0,0,0,0,0,0,0,0,0,0,0,0,0,0,0,0,0,0,0,0,0,0,0,0,0,0,0,0,0,0,0,0,0,0,0,0,0,0,0,0,0,0,,
DVK,DVK0111,SCAN,dannevirke_solar_farm,SOL,PV,2026-08-15,0,0,0,0,0,0,0,0,0,0,0,0,0,0,0,0,0,0,0,0,0,0,0,0,0,0,0,0,0,0,0,0,0,0,0,0,0,0,0,0,0,0,0,0,0,0,0,0,,
DVK,DVK0111,SCAN,dannevirke_solar_farm,SOL,PV,2026-08-16,0,0,0,0,0,0,0,0,0,0,0,0,0,0,0,0,0,0,0,0,0,0,0,0,0,0,0,0,0,0,0,0,0,0,0,0,0,0,0,0,0,0,0,0,0,0,0,0,,
DVK,DVK0111,SCAN,dannevirke_solar_farm,SOL,PV,2026-08-17,0,0,0,0,0,0,0,0,0,0,0,0,0,0,0,0,0,0,0,0,0,0,0,0,0,0,0,0,0,0,0,0,0,0,0,0,0,0,0,0,0,0,0,0,0,0,0,0,,
DVK,DVK0111,SCAN,dannevirke_solar_farm,SOL,PV,2026-08-18,0,0,0,0,0,0,0,0,0,0,0,0,0,0,0,0,0,0,0,0,0,0,0,0,0,0,0,0,0,0,0,0,0,0,0,0,0,0,0,0,0,0,0,0,0,0,0,0,,
DVK,DVK0111,SCAN,dannevirke_solar_farm,SOL,PV,2026-08-19,0,0,0,0,0,0,0,0,0,0,0,0,0,0,0,0,0,0,0,0,0,0,0,0,0,0,0,0,0,0,0,0,0,0,0,0,0,0,0,0,0,0,0,0,0,0,0,0,,
DVK,DVK0111,SCAN,dannevirke_solar_farm,SOL,PV,2026-08-20,0,0,0,0,0,0,0,0,0,0,0,0,0,0,0,0,0,0,0,0,0,0,0,0,0,0,0,0,0,0,0,0,0,0,0,0,0,0,0,0,0,0,0,0,0,0,0,0,,
DVK,DVK0111,SCAN,dannevirke_solar_farm,SOL,PV,2026-08-21,0,0,0,0,0,0,0,0,0,0,0,0,0,0,0,0,0,0,0,0,0,0,0,0,0,0,0,0,0,0,0,0,0,0,0,0,0,0,0,0,0,0,0,0,0,0,0,0,,
DVK,DVK0111,SCAN,dannevirke_solar_farm,SOL,PV,2026-08-22,0,0,0,0,0,0,0,0,0,0,0,0,0,0,0,0,0,0,0,0,0,0,0,0,0,0,0,0,0,0,0,0,0,0,0,0,0,0,0,0,0,0,0,0,0,0,0,0,,
DVK,DVK0111,SCAN,dannevirke_solar_farm,SOL,PV,2026-08-23,0,0,0,0,0,0,0,0,0,0,0,0,0,0,0,0,0,0,0,0,0,0,0,0,0,0,0,0,0,0,0,0,0,0,0,0,0,0,0,0,0,0,0,0,0,0,0,0,,
DVK,DVK0111,SCAN,dannevirke_solar_farm,SOL,PV,2026-08-24,0,0,0,0,0,0,0,0,0,0,0,0,0,0,0,0,0,0,0,0,0,0,0,0,0,0,0,0,0,0,0,0,0,0,0,0,0,0,0,0,0,0,0,0,0,0,0,0,,
DVK,DVK0111,SCAN,dannevirke_solar_farm,SOL,PV,2026-08-25,0,0,0,0,0,0,0,0,0,0,0,0,0,0,0,0,0,0,0,0,0,0,0,0,0,0,0,0,0,0,0,0,0,0,0,0,0,0,0,0,0,0,0,0,0,0,0,0,,
DVK,DVK0111,SCAN,dannevirke_solar_farm,SOL,PV,2026-08-26,0,0,0,0,0,0,0,0,0,0,0,0,0,0,0,0,0,0,0,0,0,0,0,0,0,0,0,0,0,0,0,0,0,0,0,0,0,0,0,0,0,0,0,0,0,0,0,0,,
DVK,DVK0111,SCAN,dannevirke_solar_farm,SOL,PV,2026-08-27,0,0,0,0,0,0,0,0,0,0,0,0,0,0,0,0,0,0,0,0,0,0,0,0,0,0,0,0,0,0,0,0,0,0,0,0,0,0,0,0,0,0,0,0,0,0,0,0,,
DVK,DVK0111,SCAN,dannevirke_solar_farm,SOL,PV,2026-08-28,0,0,0,0,0,0,0,0,0,0,0,0,0,0,0,0,0,0,0,0,0,0,0,0,0,0,0,0,0,0,0,0,0,0,0,0,0,0,0,0,0,0,0,0,0,0,0,0,,
DVK,DVK0111,SCAN,dannevirke_solar_farm,SOL,PV,2026-08-29,0,0,0,0,0,0,0,0,0,0,0,0,0,0,0,0,0,0,0,0,0,0,0,0,0,0,0,0,0,0,0,0,0,0,0,0,0,0,0,0,0,0,0,0,0,0,0,0,,
DVK,DVK0111,SCAN,dannevirke_solar_farm,SOL,PV,2026-08-30,0,0,0,0,0,0,0,0,0,0,0,0,0,0,0,0,0,0,0,0,0,0,0,0,0,0,0,0,0,0,0,0,0,0,0,0,0,0,0,0,0,0,0,0,0,0,0,0,,
DVK,DVK0111,SCAN,dannevirke_solar_farm,SOL,PV,2026-08-31,0,0,0,0,0,0,0,0,0,0,0,0,0,0,0,0,0,0,0,0,0,0,0,0,0,0,0,0,0,0,0,0,0,0,0,0,0,0,0,0,0,0,0,0,0,0,0,0,,
EDG,EDG0331,HEDL,Rangitaiki,Solar,Solar,2026-08-01,0,0,0,0,0,0,0,0,0,0,0,0,0,0,61,923,3048,5675,8222,9389,9278,8961,8686,8667,8653,7622,5185,7130,9514,9707,5125,4566,1618,932,154,0,0,0,0,0,0,0,0,0,0,0,0,0,,
EDG,EDG0331,HEDL,Rangitaiki,Solar,Solar,2026-08-02,0,0,0,0,0,0,0,0,0,0,0,0,0,0,69,1047,3321,6009,8562,9670,9553,9178,8812,8568,8465,8481,8622,8817,9034,9135,8647,6518,3950,1460,161,0,0,0,0,0,0,0,0,0,0,0,0,0,,
EDG,EDG0331,HEDL,Rangitaiki,Solar,Solar,2026-08-03,0,0,0,0,0,0,0,0,0,0,0,0,0,0,83,977,2743,2568,4029,8728,9263,8904,8599,8466,8412,8423,8446,8898,9089,9102,8638,6414,3931,1511,173,0,0,0,0,0,0,0,0,0,0,0,0,0,,
EDG,EDG0331,HEDL,Rangitaiki,Solar,Solar,2026-08-04,0,0,0,0,0,0,0,0,0,0,0,0,0,0,84,1038,3157,5651,8111,9316,9573,10405,7102,3978,4994,7103,5233,2385,1673,2030,2789,2603,800,328,63,0,0,0,0,0,0,0,0,0,0,0,0,0,,
EDG,EDG0331,HEDL,Rangitaiki,Solar,Solar,2026-08-05,0,0,0,0,0,0,0,0,0,0,0,0,0,0,50,1343,3521,6252,8766,9725,9715,9595,8788,9080,8849,8722,9092,9357,9404,9297,8693,6705,4106,1663,221,0,0,0,0,0,0,0,0,0,0,0,0,0,,
EDG,EDG0331,HEDL,Rangitaiki,Solar,Solar,2026-08-06,0,0,0,0,0,0,0,0,0,0,0,0,0,0,144,1479,3849,6583,9116,9992,9824,9478,9156,8876,8761,8738,8874,9059,9378,9500,9107,6963,4333,1733,237,0,0,0,0,0,0,0,0,0,0,0,0,0,,
EDG,EDG0331,HEDL,Rangitaiki,Solar,Solar,2026-08-07,0,0,0,0,0,0,0,0,0,0,0,0,0,0,144,1402,3994,6730,9353,10172,10011,9671,9298,8975,8799,8789,8925,9200,9415,9441,9140,7061,4425,1762,246,1,0,0,0,0,0,0,0,0,0,0,0,0,,
EDG,EDG0331,HEDL,Rangitaiki,Solar,Solar,2026-08-08,0,0,0,0,0,0,0,0,0,0,0,0,0,0,217,1355,1043,1368,2037,4910,7213,4728,5991,7071,5805,4793,4696,3959,3586,3226,3367,2997,2822,1434,155,0,0,0,0,0,0,0,0,0,0,0,0,0,,
EDG,EDG0331,HEDL,Rangitaiki,Solar,Solar,2026-08-09,0,0,0,0,0,0,0,0,0,0,0,0,0,0,0,253,704,911,1415,1408,1392,1343,1719,2014,2597,1541,2042,1928,2029,1742,1388,1274,869,321,56,0,0,0,0,0,0,0,0,0,0,0,0,0,,
EDG,EDG0331,HEDL,Rangitaiki,Solar,Solar,2026-08-10,0,0,0,0,0,0,0,0,0,0,0,0,0,0,21,1090,3969,5138,8822,9522,9335,8943,8938,8886,8277,9231,8354,9262,8967,9398,9104,7032,4788,1951,299,0,0,0,0,0,0,0,0,0,0,0,0,0,,
EDG,EDG0331,HEDL,Rangitaiki,Solar,Solar,2026-08-11,0,0,0,0,0,0,0,0,0,0,0,0,0,0,107,678,3676,4573,8966,10104,9944,8698,9102,9068,8848,8797,8864,9118,9360,9536,9141,7166,3228,1610,376,3,0,0,0,0,0,0,0,0,0,0,0,0,,
EDG,EDG0331,HEDL,Rangitaiki,Solar,Solar,2026-08-12,0,0,0,0,0,0,0,0,0,0,0,0,0,0,183,1083,2207,5268,7999,5717,6093,5530,5081,5785,4159,5707,6513,9512,10090,4457,6616,1996,1075,446,91,0,0,0,0,0,0,0,0,0,0,0,0,0,,
EDG,EDG0331,HEDL,Rangitaiki,Solar,Solar,2026-08-13,0,0,0,0,0,0,0,0,0,0,0,0,0,0,0,110,458,497,883,400,486,378,549,646,714,742,745,1726,873,935,684,654,130,0,0,0,0,0,0,0,0,0,0,0,0,0,0,0,,
EDG,EDG0331,HEDL,Rangitaiki,Solar,Solar,2026-08-14,0,0,0,0,0,0,0,0,0,0,0,0,0,0,14,308,660,1488,1436,932,745,1318,2015,4259,3355,2305,2417,2375,2817,1047,1066,1703,1835,859,184,0,0,0,0,0,0,0,0,0,0,0,0,0,,
EDG,EDG0331,HEDL,Rangitaiki,Solar,Solar,2026-08-15,0,0,0,0,0,0,0,0,0,0,0,0,0,0,0,260,829,1497,3059,5718,7302,6579,8409,8906,9381,7326,9678,9300,7333,7455,4442,3943,6441,2787,456,4,0,0,0,0,0,0,0,0,0,0,0,0,,
EDG,EDG0331,HEDL,Rangitaiki,Solar,Solar,2026-08-16,0,0,0,0,0,0,0,0,0,0,0,0,0,0,99,1916,5018,6715,9948,9042,5350,6650,4340,4079,3581,5725,5285,3923,2523,2339,1284,442,589,302,81,0,0,0,0,0,0,0,0,0,0,0,0,0,,
EDG,EDG0331,HEDL,Rangitaiki,Solar,Solar,2026-08-17,0,0,0,0,0,0,0,0,0,0,0,0,0,0,199,1773,4393,6330,8922,9550,8338,9138,9142,9156,9330,9648,9673,9902,10248,10169,10044,8171,5359,2493,531,18,0,0,0,0,0,0,0,0,0,0,0,0,,
EDG,EDG0331,HEDL,Rangitaiki,Solar,Solar,2026-08-18,0,0,0,0,0,0,0,0,0,0,0,0,0,2,487,2183,4627,7853,9443,9521,9708,9636,9530,9397,9128,9177,9482,8613,9981,9599,9591,8577,5977,3461,684,27,0,0,0,0,0,0,0,0,0,0,0,0,,
EDG,EDG0331,HEDL,Rangitaiki,Solar,Solar,2026-08-19,0,0,0,0,0,0,0,0,0,0,0,0,0,0,556,2563,5268,7980,10361,10608,10519,10286,10111,9938,9519,9967,9950,10139,10295,10498,10183,8447,5658,2809,633,22,0,0,0,0,0,0,0,0,0,0,0,0,,
EDG,EDG0331,HEDL,Rangitaiki,Solar,Solar,2026-08-20,0,0,0,0,0,0,0,0,0,0,0,0,0,8,648,2749,5493,8122,10172,10259,10200,9304,7786,6976,6888,7696,6202,5562,9865,8704,9247,7262,3928,2745,353,22,0,0,0,0,0,0,0,0,0,0,0,0,,
EDG,EDG0331,HEDL,Rangitaiki,Solar,Solar,2026-08-21,0,0,0,0,0,0,0,0,0,0,0,0,0,6,618,2752,5527,8325,6755,7376,5308,4473,5238,5437,5142,4930,3784,3547,4219,3061,2960,3478,3399,1420,306,14,0,0,0,0,0,0,0,0,0,0,0,0,,
EDG,EDG0331,HEDL,Rangitaiki,Solar,Solar,2026-08-22,0,0,0,0,0,0,0,0,0,0,0,0,0,0,579,1044,2062,3281,2919,2721,4160,5345,7613,5196,5668,5035,4048,10481,10093,7411,10647,6804,1234,873,529,24,0,0,0,0,0,0,0,0,0,0,0,0,,
EDG,EDG0331,HEDL,Rangitaiki,Solar,Solar,2026-08-23,0,0,0,0,0,0,0,0,0,0,0,0,0,1,987,2832,2939,3516,9778,9644,6549,3954,2962,2411,4221,3672,2148,3202,8882,1246,1266,1333,2969,3206,947,33,0,0,0,0,0,0,0,0,0,0,0,0,,
EDG,EDG0331,HEDL,Rangitaiki,Solar,Solar,2026-08-24,0,0,0,0,0,0,0,0,0,0,0,0,0,43,844,2997,5791,8420,10244,10553,10506,10094,9891,9761,9702,9754,9692,9890,10171,10255,9990,8276,5643,2940,808,47,0,0,0,0,0,0,0,0,0,0,0,0,,
EDG,EDG0331,HEDL,Rangitaiki,Solar,Solar,2026-08-25,0,0,0,0,0,0,0,0,0,0,0,0,0,48,962,3274,6115,8569,10296,10343,10303,9936,9925,9763,9966,10459,8823,10017,10175,10227,10113,8481,5548,3064,833,52,0,0,0,0,0,0,0,0,0,0,0,0,,
EDG,EDG0331,HEDL,Rangitaiki,Solar,Solar,2026-08-26,0,0,0,0,0,0,0,0,0,0,0,0,0,55,1038,3436,6193,8763,10300,10078,9961,10442,9869,8254,9535,9597,10161,10941,8071,7495,4765,6021,2113,1421,476,28,0,0,0,0,0,0,0,0,0,0,0,0,,
EDG,EDG0331,HEDL,Rangitaiki,Solar,Solar,2026-08-27,0,0,0,0,0,0,0,0,0,0,0,0,0,85,968,1451,4752,8455,7930,10127,9991,9397,10361,9791,9581,6738,9494,9772,9921,10018,9267,8119,5646,3185,1017,63,0,0,0,0,0,0,0,0,0,0,0,0,,
EDG,EDG0331,HEDL,Rangitaiki,Solar,Solar,2026-08-28,0,0,0,0,0,0,0,0,0,0,0,0,0,0,364,629,882,2330,2477,3185,3699,3935,2966,5632,4421,6917,7272,6453,6551,5647,4913,5521,2245,1237,487,41,0,0,0,0,0,0,0,0,0,0,0,0,,
EDG,EDG0331,HEDL,Rangitaiki,Solar,Solar,2026-08-29,0,0,0,0,0,0,0,0,0,0,0,0,0,0,249,1185,1212,1686,3229,2555,3253,3555,3026,5086,4370,1912,950,722,738,715,1163,650,481,259,96,0,0,0,0,0,0,0,0,0,0,0,0,0,,
EDG,EDG0331,HEDL,Rangitaiki,Solar,Solar,2026-08-30,0,0,0,0,0,0,0,0,0,0,0,0,0,67,701,1046,3650,6473,3514,7832,10414,10545,10178,10220,10420,10309,10065,9698,8937,8011,7602,7615,6004,3936,945,166,0,0,0,0,0,0,0,0,0,0,0,0,,
EDG,EDG0331,HEDL,Rangitaiki,Solar,Solar,2026-08-31,0,0,0,0,0,0,0,0,0,0,0,0,0,0,280,2054,1002,0,0,0,0,0,0,0,0,0,0,0,0,0,0,0,0,0,0,0,0,0,0,0,0,0,0,0,0,0,0,0,,
GLN,GLN0332,NZST,glenbrook_kilns,Gas,Cogen,2026-08-01,29220,28945,28971,29097,28779,28580,28658,28479,28552,28626,28483,28960,28838,28986,29269,29244,29208,30505,31211,29354,29505,29391,29486,29861,30136,29566,29747,29725,30052,29585,29544,29579,29673,29514,29478,29369,29644,29815,29352,29441,29427,29943,29815,29612,29534,29495,29351,29506,,
GLN,GLN0332,NZST,glenbrook_kilns,Gas,Cogen,2026-08-02,29889,29619,29724,29542,29603,29385,29724,29494,29333,29368,29144,28887,29026,29329,29301,29570,30230,29689,29999,30212,30442,29705,29949,30158,31160,30453,30487,30480,30234,29714,29330,29556,29652,29713,29437,30044,29659,29354,29568,29444,29512,29670,29709,29879,29622,29362,29279,28965,,
GLN,GLN0332,NZST,glenbrook_kilns,Gas,Cogen,2026-08-03,28630,28656,28909,28741,28845,28661,28858,28725,28435,28988,29468,29336,29628,29270,29439,30400,30820,30553,29105,28973,29093,29388,29559,28199,27769,27823,27751,26874,26976,27307,28964,30612,31634,31088,31362,30967,30822,30681,30422,30087,30911,31047,30404,30144,29935,30182,30348,30298,,
GLN,GLN0332,NZST,glenbrook_kilns,Gas,Cogen,2026-08-04,30463,30373,30090,30190,30131,29904,30245,28857,29619,30324,30549,30261,30283,30258,29982,31157,30754,30325,31010,30196,30343,30171,30877,30891,30997,31011,31152,30164,31046,31176,30761,30936,31220,31087,31308,31158,31180,32339,33256,32653,33114,33072,32884,33136,32331,30291,30688,30314,,
GLN,GLN0332,NZST,glenbrook_kilns,Gas,Cogen,2026-08-05,30197,30329,29816,30007,29968,29222,28837,28716,28825,28690,28664,28706,27283,27179,27131,27327,27297,27280,27467,27003,26783,26500,26626,27822,27658,27891,27345,26979,27085,27810,28060,28330,28644,29130,28519,28389,28790,29015,28175,28105,28436,30132,31382,31753,30298,29262,28845,29152,,
GLN,GLN0332,NZST,glenbrook_kilns,Gas,Cogen,2026-08-06,29324,29104,29108,29400,29254,29180,28954,28928,29083,28473,28605,28605,28545,30598,31511,29893,29937,30872,28722,28208,28210,28578,28343,28443,28754,28544,28563,28400,28368,28224,28452,29229,31758,32600,32603,32629,33194,32880,33307,33321,33289,33092,33319,33019,32064,30865,30280,30132,,
GLN,GLN0332,NZST,glenbrook_kilns,Gas,Cogen,2026-08-07,30397,30345,30236,30116,30178,29795,30136,30290,30408,30027,29937,30037,30105,29817,31026,32839,31701,30874,29952,29698,29084,29770,30487,30852,31107,31491,31835,31748,31827,31719,31906,31974,32062,32034,31989,31602,32122,32258,32216,32190,31935,32302,31947,31870,31702,31450,31205,31283,,
GLN,GLN0332,NZST,glenbrook_kilns,Gas,Cogen,2026-08-08,31614,31888,31956,31853,31830,31457,31792,31962,31998,31950,31942,31610,31162,31178,30970,31000,30472,30730,29610,30075,30324,30282,30494,30725,30557,30706,30948,31461,31512,31278,31454,31518,31630,31586,31395,31501,31575,31537,31066,31594,31669,31457,31437,31319,31322,31249,31408,31252,,
GLN,GLN0332,NZST,glenbrook_kilns,Gas,Cogen,2026-08-09,31050,30918,30957,31008,31034,31206,31385,31175,31064,30996,30790,30495,30574,30577,30058,29709,29549,29750,29815,29562,29514,30262,31103,31070,30942,31033,31090,30964,30892,31034,30906,30501,30611,30226,30419,30710,30844,31124,31398,31443,31012,31094,30941,30778,30883,30785,30631,30699,,
GLN,GLN0332,NZST,glenbrook_kilns,Gas,Cogen,2026-08-10,30290,29958,30250,30278,30036,30099,30133,29048,28111,28169,28756,28266,30194,30787,30575,30338,30113,30042,30723,29216,30295,29604,28444,26907,26645,27613,28587,28709,28829,29115,29392,29449,28981,29561,28184,30299,29075,29084,30447,29680,29396,29642,29599,29903,30478,30426,31221,31240,,
GLN,GLN0332,NZST,glenbrook_kilns,Gas,Cogen,2026-08-11,31125,30982,26945,26616,26897,27828,26737,25545,27038,27529,27220,26840,18655,18111,18176,17887,17660,16927,15450,15819,15228,16589,16665,16884,17096,16872,17092,17352,17622,17982,17489,17280,16980,16695,16122,16780,17255,17061,16853,16842,17545,17591,16927,16137,15538,14936,15137,15592,,
GLN,GLN0332,NZST,glenbrook_kilns,Gas,Cogen,2026-08-12,15203,16479,18173,17416,14661,14611,14142,14028,13935,14742,15603,16088,16405,16505,16640,16428,16247,16419,16237,16261,16240,11850,10133,8983,13378,17076,17428,20937,19995,20612,20874,20964,21598,21185,21030,20896,21132,21300,21313,21285,21850,21674,21705,22352,26973,28026,28232,28316,,
GLN,GLN0332,NZST,glenbrook_kilns,Gas,Cogen,2026-08-13,28241,28227,28157,28309,28761,28830,28383,28438,28448,28367,28401,28339,28539,28471,28284,29299,29042,27474,28022,29361,29452,29068,29010,28935,29308,29229,29048,29027,28621,28718,28720,28094,27952,28141,28161,27917,27962,27787,28678,28648,29115,29471,29136,28714,28501,28265,28683,28417,,
GLN,GLN0332,NZST,glenbrook_kilns,Gas,Cogen,2026-08-14,28218,28894,28927,28553,28704,28715,28828,29057,29341,29253,29245,29378,29533,29426,29012,29233,29640,28190,29134,29031,29154,29428,29405,27812,29596,30913,29874,30812,30990,30175,30352,30551,30293,30830,30649,30577,29471,30771,31040,30567,30888,30703,30555,30581,30455,30558,30426,30558,,
GLN,GLN0332,NZST,glenbrook_kilns,Gas,Cogen,2026-08-15,30671,30447,30888,30648,30594,30813,30897,30713,30661,30120,30292,30192,30386,30248,29836,29840,30170,30494,30591,30656,30372,30318,30417,30262,30667,30641,30493,30679,29800,29538,29438,29143,29261,29500,29872,29723,29929,29787,29657,29734,29306,29533,30043,29930,21294,19615,19156,19445,,
GLN,GLN0332,NZST,glenbrook_kilns,Gas,Cogen,2026-08-16,19497,19638,19307,18966,19260,18963,18758,18855,19131,19477,19799,19644,19844,19689,19640,19131,19332,19759,20405,19830,19618,20153,20065,20051,19946,19851,20113,20117,19725,19883,19843,20070,20067,19784,19534,19089,19400,19483,19020,19116,19190,19080,19144,19083,19411,19283,19161,19085,,
GLN,GLN0332,NZST,glenbrook_kilns,Gas,Cogen,2026-08-17,18912,18814,18821,18827,18538,18591,18478,18798,18604,18240,18735,18690,18337,18600,18696,18158,17785,18886,18770,18673,19096,18906,18615,18658,16888,16883,17232,16724,16595,17329,18699,18275,18320,18585,18351,16548,19294,19471,18946,18572,18731,18594,18975,18632,17827,18187,18542,18296,,
GLN,GLN0332,NZST,glenbrook_kilns,Gas,Cogen,2026-08-18,18548,18184,18421,18772,18479,18674,18471,18152,17960,17591,16748,18207,18107,18418,18471,18167,17956,16651,17266,18167,18473,18678,18838,17527,18643,18451,18711,19482,20158,19363,19600,20072,19615,19451,19404,19075,18944,18760,18772,18976,18752,18840,19042,18891,18402,18508,18795,18737,,
GLN,GLN0332,NZST,glenbrook_kilns,Gas,Cogen,2026-08-19,18689,18922,18910,18851,18594,18639,18611,18903,18952,18929,18857,18846,18511,18230,18814,18641,18938,18491,17963,18559,18998,19109,18806,17877,18668,19487,19423,19198,18897,18760,18608,18559,18849,18914,19159,18959,19048,18594,18759,18717,18880,18812,18924,18378,18392,17884,17974,16639,,
GLN,GLN0332,NZST,glenbrook_kilns,Gas,Cogen,2026-08-20,15775,15817,16257,16494,18114,18315,18639,18555,18457,18677,18788,18571,18904,18912,19722,19858,19906,18794,18820,17295,17875,17531,18390,18549,18764,18988,19162,18221,18840,18487,18291,18523,18379,18649,18594,18551,18799,18932,18991,18064,18445,17596,15674,15595,16028,18180,17930,18312,,
GLN,GLN0332,NZST,glenbrook_kilns,Gas,Cogen,2026-08-21,18671,18623,18870,18699,18819,19042,18848,18879,18682,18885,18619,18290,18391,18399,18394,18429,18170,18032,18028,18710,19754,19283,18833,18575,18326,17775,18590,18433,18154,18242,18373,17695,18542,18576,18474,18651,18323,18222,18030,18115,18272,18254,18428,18471,18270,18180,18184,18104,,
GLN,GLN0332,NZST,glenbrook_kilns,Gas,Cogen,2026-08-22,17999,17908,18212,18230,18189,18079,18362,18406,18548,18614,18605,18497,18255,18204,18130,17317,17727,18250,18328,18496,18236,18216,18230,18345,18279,17651,18381,18421,18489,18502,18366,18422,18255,18186,18125,18011,18183,18159,18119,18059,17952,18033,18075,17898,18031,18014,16184,16174,,
GLN,GLN0332,NZST,glenbrook_kilns,Gas,Cogen,2026-08-23,16373,16560,17884,17791,17995,18161,18077,17652,17359,17169,17103,16908,17194,17473,17990,17953,19029,18375,19017,18981,19114,18986,19050,17353,17081,18399,19622,20745,19582,20287,19658,19222,20410,19837,19859,19927,20176,20391,20341,20686,20248,20246,20121,19915,19932,18466,19457,19682,,
GLN,GLN0332,NZST,glenbrook_kilns,Gas,Cogen,2026-08-24,19380,19915,19690,19668,19437,19546,19639,19767,19771,19568,19565,19337,19109,19290,19257,19129,19031,18088,17790,18460,19856,20250,19277,20884,20879,20216,20089,18943,19020,19130,18523,18107,17970,18679,18944,18888,18993,18943,18825,18732,19036,19069,18259,18535,18885,18533,18769,18822,,
GLN,GLN0332,NZST,glenbrook_kilns,Gas,Cogen,2026-08-25,18893,19040,18960,18768,18913,18846,18918,18925,18668,18921,18984,19093,19511,18980,18712,18711,18523,18610,18754,18455,18866,19407,18970,19180,18676,17597,19356,19242,19137,19193,19191,19168,19007,19162,19014,18926,18844,18850,18818,19043,19003,19061,18677,18740,18863,18741,18652,18810,,
GLN,GLN0332,NZST,glenbrook_kilns,Gas,Cogen,2026-08-26,18722,18693,18795,18930,18922,18992,18737,18848,18894,18845,18954,18778,18777,18794,18977,18959,19007,18647,19091,18420,19049,19308,19149,19134,18948,19144,19182,19143,19069,19086,18895,18677,18530,18760,18749,18314,18635,18899,18857,18907,18724,19049,18796,18607,18875,19008,18869,18723,,
GLN,GLN0332,NZST,glenbrook_kilns,Gas,Cogen,2026-08-27,18924,18463,18410,18434,18767,18759,18920,19134,19153,18975,18840,18772,18625,18598,18676,18672,18937,19472,18382,19279,19874,19675,19270,19722,19346,19008,19232,16969,17437,18713,18250,18966,19297,19614,19576,19434,19550,19863,19779,20451,19610,19388,19348,19137,18863,18768,18715,18492,,
GLN,GLN0332,NZST,glenbrook_kilns,Gas,Cogen,2026-08-28,18260,18487,18417,18326,18484,18565,18406,18304,17826,17336,18377,18990,19031,19346,18979,19462,18657,16551,18807,18166,17920,18080,18472,17914,15385,17093,18383,19174,18890,18402,18467,19899,19671,19423,18972,19100,19037,19213,19157,19108,18765,18852,18909,19026,18975,18903,18707,18869,,
GLN,GLN0332,NZST,glenbrook_kilns,Gas,Cogen,2026-08-29,18837,18841,19016,19013,18985,18956,18851,18911,18844,18762,18901,18913,18849,18839,18875,18884,18610,18534,19287,18975,18822,18944,19022,18845,19082,18893,18463,18723,18655,18289,18119,18172,18202,16315,16304,19237,19127,18732,19183,18714,18140,18470,18310,17990,17653,17886,18264,17929,,
GLN,GLN0332,NZST,glenbrook_kilns,Gas,Cogen,2026-08-30,17642,17217,16929,17824,18093,18225,18195,18357,18145,17962,17933,18014,18205,18377,18771,18647,18590,18150,18674,18212,18601,18806,18380,19064,18300,18449,18332,19015,19130,18976,19425,19233,19170,18905,18935,18775,18807,18751,18887,18994,18900,19277,19387,18997,18655,18675,18662,19065,,
GLN,GLN0332,NZST,glenbrook_kilns,Gas,Cogen,2026-08-31,19619,19333,19285,19440,19493,19434,19405,19333,19359,19419,19403,19148,18463,19560,19391,19533,19191,18952,19199,17663,18365,19271,18843,18756,18878,19103,19153,19279,19115,18919,17991,18531,18755,18748,18607,18840,18806,18819,18885,18729,18867,18875,18801,18877,18936,18716,19323,19594,,
GOR,GOR0331,TPCO,KaiweraDowns,Wind,Wind,2026-08-01,5786,4367,4100,1340,3367,3564,3137,1122,399,973,1388,1472,1600,2828,1389,1871,1659,2006,2288,3688,4048,4362,3040,5011,5757,7512,12003,16588,16003,18408,13654,12755,10987,8005,7584,9756,13934,12362,14347,15199,17781,19097,19972,19336,20323,20314,20306,20311,,
GOR,GOR0331,TPCO,KaiweraDowns,Wind,Wind,2026-08-02,20304,20224,20247,20313,20302,20302,20300,20311,20320,20278,20274,19985,20054,20003,19643,20073,20112,19193,18670,18166,19331,16572,17045,17685,18930,18517,19159,19788,18962,18032,19032,19759,19947,19643,19226,18017,16302,18426,18135,19240,19612,19857,19602,19999,20193,20225,20290,20294,,
GOR,GOR0331,TPCO,KaiweraDowns,Wind,Wind,2026-08-03,20308,20305,20109,15636,5691,15556,2651,10146,18681,17741,16571,15311,15220,20290,20257,20286,20300,20332,20308,17795,17108,20321,20324,20212,20317,20166,19993,19586,20328,20315,20310,20313,20252,20331,20311,19960,18320,20153,20336,20320,20253,20031,20273,20165,20204,20300,20330,20320,,
GOR,GOR0331,TPCO,KaiweraDowns,Wind,Wind,2026-08-04,20322,20328,20143,20223,20278,20047,19585,17415,16925,16058,12061,11898,10294,15556,12895,13205,4431,9834,7835,6135,4568,8820,7146,5446,6074,5806,1998,4823,4620,6162,12133,4479,2868,4411,1548,1450,689,417,16,5,46,0,0,0,187,623,222,0,,
GOR,GOR0331,TPCO,KaiweraDowns,Wind,Wind,2026-08-05,0,0,0,0,0,0,0,0,0,0,0,0,0,0,0,0,1,0,36,384,179,132,49,48,0,0,0,0,0,0,0,0,0,0,0,0,0,0,0,0,0,0,6,56,218,426,431,244,,
GOR,GOR0331,TPCO,KaiweraDowns,Wind,Wind,2026-08-06,348,278,310,413,627,1274,1906,2108,2154,3606,2257,1030,1011,1681,1816,2251,2223,2164,2282,1933,1795,2451,2335,3540,3554,2768,2099,2924,2106,2604,2599,2687,2303,2480,2532,2586,2151,2487,3251,3737,4611,4281,4994,5334,4807,4035,3265,3364,,
GOR,GOR0331,TPCO,KaiweraDowns,Wind,Wind,2026-08-07,3190,2858,2506,2185,2125,1962,1874,930,60,184,471,265,537,1268,911,2252,4991,5634,3020,6615,9621,9101,12742,12354,10030,2921,1911,674,1376,1157,1123,2287,4774,5553,4802,3162,2549,3630,4350,2922,674,782,1583,2119,3013,3462,3925,2765,,
GOR,GOR0331,TPCO,KaiweraDowns,Wind,Wind,2026-08-08,3198,3204,2912,4013,4630,3509,1932,2069,1772,1866,2685,3415,3541,3234,1879,1696,962,1159,1967,2434,2921,3963,3199,2017,1309,893,871,1644,2041,2286,2314,2976,3628,6218,7225,6736,8218,12098,12477,13008,12859,10351,12992,14342,16559,17363,17851,16808,,
GOR,GOR0331,TPCO,KaiweraDowns,Wind,Wind,2026-08-09,15818,18649,18163,19381,18637,19461,19314,19283,19694,20033,20303,20217,20270,20233,20217,20296,20234,20112,20266,20155,20078,18987,16786,14195,13790,11050,8641,6113,4348,2354,761,78,0,0,34,527,969,1823,2738,4003,3323,1960,1282,696,669,1822,2304,1032,,
GOR,GOR0331,TPCO,KaiweraDowns,Wind,Wind,2026-08-10,545,168,204,15,0,0,180,0,2,0,0,0,0,0,0,0,0,0,0,0,0,0,0,0,0,0,0,0,0,0,0,0,0,0,21,3865,3944,5067,6692,7487,8717,8578,8765,7629,7305,7969,8855,7654,,
GOR,GOR0331,TPCO,KaiweraDowns,Wind,Wind,2026-08-11,7358,7703,10140,9704,11218,11659,11448,11138,8608,7639,6578,8287,5076,5244,6842,6841,5890,4768,3661,3915,3582,3230,3600,2902,2742,2564,5007,4939,3855,4417,4346,4617,6211,6748,7251,7170,6721,6898,7645,6781,5878,5780,6602,10105,14150,16021,16307,16387,,
GOR,GOR0331,TPCO,KaiweraDowns,Wind,Wind,2026-08-12,16375,16311,16328,15710,15815,15213,14092,14002,15802,16138,16283,16034,13160,16382,16371,16378,16378,16383,16384,16386,16397,16405,16402,16403,16404,16394,18221,18142,18246,18355,18347,18341,18349,18344,18331,18223,18124,17022,13845,11809,12579,11404,11576,11551,13511,15023,11082,7406,,
GOR,GOR0331,TPCO,KaiweraDowns,Wind,Wind,2026-08-13,7040,5305,5317,7255,7017,6861,6116,4381,3075,1862,1162,3265,1866,1810,802,348,0,23,1360,2642,2114,1000,10,0,0,0,27,5,0,0,1472,1280,1005,2039,3260,2323,884,18,0,63,0,192,1944,1396,968,1686,1942,941,,
GOR,GOR0331,TPCO,KaiweraDowns,Wind,Wind,2026-08-14,135,2,6,530,867,1450,2123,1282,550,950,1205,116,41,0,0,37,1245,1651,3056,4194,2650,1582,237,389,50,96,14,6,0,0,0,0,5,1506,6740,5895,7571,9415,6927,7043,3703,3112,2378,1479,1,504,2114,2652,,
GOR,GOR0331,TPCO,KaiweraDowns,Wind,Wind,2026-08-15,2344,2084,2267,1619,2084,3304,4191,4253,4542,2479,2480,8326,14479,16750,7848,4773,5996,4150,5976,6430,10222,6871,9194,7230,6417,13173,5677,6972,6475,4268,3340,7702,3118,1860,1680,520,58,32,732,2931,1877,1559,244,1106,1553,494,2261,1692,,
GOR,GOR0331,TPCO,KaiweraDowns,Wind,Wind,2026-08-16,495,246,3124,1420,2363,2782,142,18,253,1067,924,346,511,882,93,906,549,57,0,23,33,12,0,0,22,54,8,171,22,55,78,104,9,33,0,0,0,0,0,0,5,1,3,96,29,232,15,26,,
GOR,GOR0331,TPCO,KaiweraDowns,Wind,Wind,2026-08-17,0,1,174,356,851,2165,3403,4307,6971,7505,9237,11161,9397,12127,11783,13867,11832,11535,7496,6323,7722,5785,5459,9355,7296,8518,10002,9485,15701,8430,16660,16397,18170,18522,18868,18398,18050,19357,19158,19257,19496,19270,19413,19510,19263,19357,19266,19400,,
GOR,GOR0331,TPCO,KaiweraDowns,Wind,Wind,2026-08-18,19442,19537,18756,18437,18514,19331,19068,19484,19457,19257,19306,19289,18100,18497,18380,17789,17257,4960,10387,6106,14038,17096,17585,17672,17661,17427,16898,16194,16770,15011,14160,12308,10906,10145,9492,10111,11868,15039,15462,14323,8441,8824,9487,7306,7815,9703,7274,7685,,
GOR,GOR0331,TPCO,KaiweraDowns,Wind,Wind,2026-08-19,10054,9005,8619,8132,8198,6409,8898,10164,8963,9879,10586,10854,10394,7807,6941,11259,13355,10159,12868,14795,14252,11855,8973,8842,7886,13250,16160,16567,18082,18276,18219,18766,18854,17754,17751,16367,15931,18683,17054,16781,18188,17493,17463,17027,15418,17714,14811,12211,,
GOR,GOR0331,TPCO,KaiweraDowns,Wind,Wind,2026-08-20,10286,8584,8906,7799,5993,5005,3563,3809,4769,5812,5767,5256,4243,3214,2122,2212,3742,3878,4592,5537,4830,5156,7491,8509,10849,10134,12487,7682,5818,13245,14433,14195,11510,11637,13358,13539,11259,12666,13905,10960,7532,6509,6724,4367,3464,2028,619,282,,
GOR,GOR0331,TPCO,KaiweraDowns,Wind,Wind,2026-08-21,0,0,83,517,1406,1370,1038,702,603,656,800,836,1448,2687,3137,4235,4440,4405,5265,6432,4823,5175,6389,5597,3786,1968,1139,2302,4712,3056,6305,334,1578,9156,9374,11356,12258,8270,1750,3605,2621,2151,3434,2789,1485,785,2984,4079,,
GOR,GOR0331,TPCO,KaiweraDowns,Wind,Wind,2026-08-22,2088,2636,1731,855,2888,3863,4123,9273,6718,4099,1156,431,1473,3023,16368,15330,11770,14330,18150,8118,2821,4624,4215,377,2012,2445,2608,6435,2336,6969,15746,12758,15663,15306,15434,9112,11789,8003,4610,4073,3337,1736,1860,1783,1301,2905,2094,5137,,
GOR,GOR0331,TPCO,KaiweraDowns,Wind,Wind,2026-08-23,5958,4404,4790,15689,14050,14274,18016,19013,11348,12938,13721,16380,12371,13255,14952,19625,12714,4466,2501,3591,2831,3013,2056,0,0,0,0,0,0,0,1276,16315,16695,17639,17490,17698,17717,19651,19642,19648,19640,19640,19637,19627,19578,15285,19284,19629,,
GOR,GOR0331,TPCO,KaiweraDowns,Wind,Wind,2026-08-24,19636,18948,19058,19453,19595,19627,19463,18483,17233,16843,15962,15187,16305,16283,16862,16869,18755,17806,10265,6676,14209,12218,2481,2482,2482,2482,2483,2481,2481,2484,2481,14696,14599,19096,13542,14947,19581,19409,19614,18986,17429,18855,19567,19598,19634,19628,19625,19626,,
GOR,GOR0331,TPCO,KaiweraDowns,Wind,Wind,2026-08-25,19361,19621,19408,19618,19619,19588,19183,18819,18735,16933,16537,16240,18211,16860,14262,16087,13773,3700,15201,5645,2483,2480,6241,4586,10463,6766,8680,14446,16257,14794,2915,17598,19173,12399,4446,2590,14315,15010,14366,11539,7867,6242,9974,13634,12787,17742,19008,19179,,
GOR,GOR0331,TPCO,KaiweraDowns,Wind,Wind,2026-08-26,19005,18895,18696,17783,15206,12853,12546,12900,14607,10463,7394,5744,4830,4643,3755,3146,2864,1744,1418,708,1414,2756,2385,2228,1673,1374,1202,1391,1855,1991,2173,3876,5604,3937,3426,1397,262,415,61,263,92,144,563,2287,3734,6987,6998,8539,,
GOR,GOR0331,TPCO,KaiweraDowns,Wind,Wind,2026-08-27,14044,17827,19393,19373,19418,19659,19662,19661,19662,19659,19650,19652,19647,19644,12408,14656,15424,2492,2493,2491,2489,2487,9662,17985,19604,19518,19585,19480,19405,19631,19642,19501,19314,19224,18990,19403,19617,19653,19651,19649,19522,19640,19648,19643,19622,19563,19329,18510,,
GOR,GOR0331,TPCO,KaiweraDowns,Wind,Wind,2026-08-28,15142,12997,9760,4519,2479,2479,2479,2479,1632,1015,980,446,1364,1319,2026,4753,7558,3956,2762,605,819,1394,4642,4982,2481,2482,2480,2478,2481,2481,2485,2480,2870,17383,9121,16372,18696,18673,18649,12024,4409,2479,5731,5543,3573,3585,3452,8973,,
GOR,GOR0331,TPCO,KaiweraDowns,Wind,Wind,2026-08-29,7574,2479,2481,2482,2486,2492,2485,2485,2479,2487,2478,2479,3161,5033,9543,2791,2602,2485,2479,2480,2479,2479,2479,2479,9730,7473,2479,2479,3177,2480,2479,13577,18252,18587,17212,6948,17031,18828,19614,4631,3730,2485,2482,2480,2479,2480,2482,2480,,
GOR,GOR0331,TPCO,KaiweraDowns,Wind,Wind,2026-08-30,3552,2484,3009,2497,2495,2486,2483,2481,2482,2481,2483,9605,14153,17489,10625,12252,15103,10813,13746,18868,13229,7983,4873,14122,7579,7349,2500,2492,2500,2502,4849,6202,17000,17425,19386,18816,19514,19642,5782,0,0,7571,18285,18357,17020,17984,18369,8062,,
GOR,GOR0331,TPCO,KaiweraDowns,Wind,Wind,2026-08-31,14037,11528,13364,2481,2482,2483,2482,2481,2479,2626,11236,18367,18388,18200,14458,18192,15637,10669,16456,15135,16461,17776,18379,18284,18249,18346,18366,18295,18260,18319,18351,18355,18158,17560,18168,18308,18367,18319,18159,17978,17248,17155,16776,18317,18209,17983,17306,18310,,
HLY,HLY0331,WAIK,rotohiko,ELE,BAT,2026-08-01,0,0,0,0,0,0,0,0,0,0,0,0,0,0,0,0,0,0,0,0,0,2741,3195,3848,6347,7964,8657,8157,5171,1687,0,0,0,0,0,0,0,0,0,0,0,0,0,0,0,0,0,0,,
HLY,HLY0331,WAIK,rotohiko,ELE,BAT,2026-08-02,0,0,0,0,0,0,0,0,0,0,0,0,0,0,0,0,0,0,0,438,3816,5827,7623,8252,8730,9037,9042,6856,4887,3380,1325,0,0,0,0,0,0,0,0,0,0,0,0,0,0,0,0,0,,
HLY,HLY0331,WAIK,rotohiko,ELE,BAT,2026-08-03,0,0,0,0,0,0,0,0,0,0,0,0,0,0,0,0,0,0,0,1,3,1367,1691,709,1433,1744,923,2008,89,211,5,0,0,0,0,0,0,0,0,0,0,0,0,0,0,0,0,0,,
HLY,HLY0331,WAIK,rotohiko,ELE,BAT,2026-08-04,0,0,0,0,0,0,0,0,0,0,0,0,0,0,0,0,0,0,0,174,881,362,0,2080,3430,1602,3693,1665,2321,669,91,8,0,0,0,0,0,0,0,0,0,0,0,0,0,0,0,0,,
HLY,HLY0331,WAIK,rotohiko,ELE,BAT,2026-08-05,0,0,0,0,0,0,0,0,0,0,0,0,0,0,0,0,0,0,0,169,2921,5869,6563,7226,7826,7952,7789,7734,6857,3805,578,0,0,0,0,0,0,0,0,0,0,0,0,0,0,0,0,0,,
HLY,HLY0331,WAIK,rotohiko,ELE,BAT,2026-08-06,0,0,0,0,0,0,0,0,0,0,0,0,0,0,0,0,0,0,0,1,2810,7272,7025,7615,8041,7942,6184,6056,6284,1941,607,0,0,0,0,0,0,0,0,0,0,0,0,0,0,0,0,0,,
HLY,HLY0331,WAIK,rotohiko,ELE,BAT,2026-08-07,0,0,0,0,0,0,0,0,0,0,0,0,0,0,0,0,0,0,0,0,0,2688,5527,6564,5979,5185,2509,1074,233,0,0,0,0,0,0,0,0,0,0,0,0,0,0,0,0,0,0,0,,
HLY,HLY0331,WAIK,rotohiko,ELE,BAT,2026-08-08,0,0,0,0,0,0,0,0,0,0,0,0,0,0,0,0,0,0,0,204,153,1809,1837,320,839,873,767,2613,4555,948,144,0,0,0,0,0,0,0,0,0,0,0,0,0,0,0,0,0,,
HLY,HLY0331,WAIK,rotohiko,ELE,BAT,2026-08-09,0,0,0,0,0,0,0,0,0,0,0,0,0,0,0,0,0,0,0,0,0,0,0,381,0,0,0,672,0,0,0,0,0,0,0,0,0,0,0,0,0,0,0,0,0,0,0,0,,
HLY,HLY0331,WAIK,rotohiko,ELE,BAT,2026-08-10,0,0,0,0,0,0,0,0,0,0,0,0,0,0,0,0,0,0,0,0,91,3447,5603,3957,5304,2355,5964,2981,2340,2143,1457,0,0,0,0,0,0,0,0,0,0,0,0,0,0,0,0,0,,
HLY,HLY0331,WAIK,rotohiko,ELE,BAT,2026-08-11,0,0,0,0,0,0,0,0,0,0,0,0,0,0,0,0,0,0,0,0,0,0,2184,6029,8288,5346,6695,6503,4323,3064,10,0,0,0,0,0,0,0,0,0,0,0,0,0,0,0,0,0,,
HLY,HLY0331,WAIK,rotohiko,ELE,BAT,2026-08-12,0,0,0,0,0,0,0,0,0,0,0,0,0,0,0,0,0,0,0,1269,2243,2275,79,0,0,13,0,0,0,0,0,0,0,0,0,0,0,0,0,0,0,0,0,0,0,0,0,0,,
HLY,HLY0331,WAIK,rotohiko,ELE,BAT,2026-08-13,0,0,0,0,0,0,0,0,0,0,0,0,0,0,0,0,0,0,0,0,0,0,59,283,597,2244,401,321,287,0,0,0,0,0,0,0,0,0,0,0,0,0,0,0,0,0,0,0,,
HLY,HLY0331,WAIK,rotohiko,ELE,BAT,2026-08-14,0,0,0,0,0,0,0,0,0,0,0,0,0,0,0,0,0,0,0,0,0,0,18,0,0,0,0,0,0,0,0,0,0,0,0,0,0,0,0,0,0,0,0,0,0,0,0,0,,
HLY,HLY0331,WAIK,rotohiko,ELE,BAT,2026-08-15,0,0,0,0,0,0,0,0,0,0,0,0,0,0,0,0,0,0,1169,4828,6895,7509,9689,7832,9494,9994,8950,7815,7761,7353,5877,2082,582,0,0,0,0,0,0,0,0,0,0,0,0,0,0,0,,
HLY,HLY0331,WAIK,rotohiko,ELE,BAT,2026-08-16,0,0,0,0,0,0,0,0,0,0,0,0,0,0,0,0,0,0,0,0,0,0,0,0,0,0,544,3561,637,0,208,0,0,0,0,0,0,0,0,0,0,0,0,0,0,0,0,0,,
HLY,HLY0331,WAIK,rotohiko,ELE,BAT,2026-08-17,0,0,0,0,0,0,0,0,0,0,0,0,0,0,0,0,0,0,497,3505,5842,9032,7469,7815,8404,8236,7961,7014,7013,1959,1759,254,3,0,0,0,0,0,0,0,0,0,0,0,0,0,0,0,,
HLY,HLY0331,WAIK,rotohiko,ELE,BAT,2026-08-18,0,0,0,0,0,0,0,0,0,0,0,0,0,0,0,0,0,0,430,2256,5483,9150,7645,8348,8084,7895,5929,1758,957,105,2173,698,7,0,0,0,0,0,0,0,0,0,0,0,0,0,0,0,,
HLY,HLY0331,WAIK,rotohiko,ELE,BAT,2026-08-19,0,0,0,0,0,0,0,0,0,0,0,0,0,0,0,0,0,0,1358,3105,5768,7765,7618,7604,8592,8575,8236,8858,7973,6952,4466,1268,35,0,0,0,0,0,0,0,0,0,0,0,0,0,0,0,,
HLY,HLY0331,WAIK,rotohiko,ELE,BAT,2026-08-20,0,0,0,0,0,0,0,0,0,0,0,0,0,0,0,0,0,0,96,2104,4741,6738,6516,5923,7607,5861,1330,2339,4688,2959,1892,127,201,0,0,0,0,0,0,0,0,0,0,0,0,0,0,0,,
HLY,HLY0331,WAIK,rotohiko,ELE,BAT,2026-08-21,0,0,0,0,0,0,0,0,0,0,0,0,0,0,0,0,0,0,0,0,0,0,1840,1199,175,508,7,0,0,0,412,0,62,0,0,0,0,0,0,0,0,0,0,0,0,0,0,0,,
HLY,HLY0331,WAIK,rotohiko,ELE,BAT,2026-08-22,0,0,0,0,0,0,0,0,0,0,0,0,0,0,0,0,0,0,22,1635,5177,808,150,3356,3539,3829,396,1431,2164,1229,0,287,0,0,0,0,0,0,0,0,0,0,0,0,0,0,0,0,,
HLY,HLY0331,WAIK,rotohiko,ELE,BAT,2026-08-23,0,0,0,0,0,0,0,0,0,0,0,0,0,0,0,0,0,0,879,4327,5778,7074,7607,3244,3020,2026,760,2275,1,0,0,41,0,0,0,0,0,0,0,0,0,0,0,0,0,0,0,0,,
HLY,HLY0331,WAIK,rotohiko,ELE,BAT,2026-08-24,0,0,0,0,0,0,0,0,0,0,0,0,0,0,0,0,0,0,416,293,3822,5762,4799,4977,3719,5982,3302,4724,3076,3833,1990,212,0,0,0,0,0,0,0,0,0,0,0,0,0,0,0,0,,
HLY,HLY0331,WAIK,rotohiko,ELE,BAT,2026-08-25,0,0,0,0,0,0,0,0,0,0,0,0,0,0,0,0,0,0,0,5,377,1653,2905,2241,6278,4679,3207,4985,1934,1244,3685,167,1,0,0,0,0,0,0,0,0,0,0,0,0,0,0,0,,
HLY,HLY0331,WAIK,rotohiko,ELE,BAT,2026-08-26,0,0,0,0,0,0,0,0,0,0,0,0,0,0,0,0,0,0,1488,2575,2952,2112,5315,6674,8328,8621,6940,7272,4464,1225,1577,89,839,0,0,0,0,0,0,0,0,0,0,0,0,0,0,0,,
HLY,HLY0331,WAIK,rotohiko,ELE,BAT,2026-08-27,0,0,0,0,0,0,0,0,0,0,0,0,0,0,0,0,0,41,448,342,387,4212,4386,6275,6896,8040,8025,7362,7361,5698,4292,287,245,0,0,0,0,0,0,0,0,0,0,0,0,0,0,0,,
HLY,HLY0331,WAIK,rotohiko,ELE,BAT,2026-08-28,0,0,0,0,0,0,0,0,0,0,0,0,0,0,0,0,0,0,0,1188,2591,6150,6321,5020,6012,3570,123,313,1136,819,5,546,0,0,0,0,0,0,0,0,0,0,0,0,0,0,0,0,,
HLY,HLY0331,WAIK,rotohiko,ELE,BAT,2026-08-29,0,0,0,0,0,0,0,0,0,0,0,0,0,0,0,0,0,0,0,0,0,0,0,0,0,0,0,0,0,0,0,0,0,0,0,0,0,0,0,0,0,0,0,0,0,0,0,0,,
HLY,HLY0331,WAIK,rotohiko,ELE,BAT,2026-08-30,0,0,0,0,0,0,0,0,0,0,0,0,0,0,0,0,0,0,418,535,1326,4159,2169,2925,4031,3984,1510,5434,5901,4441,1504,1192,0,0,0,0,0,0,0,0,0,0,0,0,0,0,0,0,,
HLY,HLY0331,WAIK,rotohiko,ELE,BAT,2026-08-31,0,0,0,0,0,0,0,0,0,0,0,0,0,0,0,0,0,25,116,0,0,49,167,1608,1541,652,5245,3310,1757,3866,829,9,0,0,0,0,0,0,0,0,0,0,0,0,0,0,0,0,,
HLY,HLY2201,GENE,huntly_1_4,Coal,Thrml,2026-08-01,0,0,0,0,0,0,0,0,0,0,0,0,0,0,0,0,0,0,0,0,0,0,0,0,0,0,4435,8426,12728,17924,24476,37654,49664,51205,51192,59700,69433,80626,82894,82710,82715,72180,61686,60673,52001,51458,35173,5109,,
HLY,HLY2201,GENE,huntly_1_4,Coal,Thrml,2026-08-02,0,0,0,0,0,0,0,0,0,0,0,0,0,0,0,0,0,0,0,0,0,0,0,0,0,0,3611,7982,12514,17803,21727,26976,37953,50588,51661,64517,84428,98948,91012,73520,53905,41944,43726,41554,29151,4334,0,0,,
HLY,HLY2201,GENE,huntly_1_4,Coal,Thrml,2026-08-03,0,0,0,0,0,0,0,0,0,0,15676,39671,42628,42022,41727,41671,41575,41360,41239,29655,26116,26180,26227,26290,26184,26276,26113,26307,26360,26358,26478,26462,26466,38402,41599,41736,41614,41501,41566,50830,51940,51791,42429,41590,30255,4264,0,0,,
HLY,HLY2201,GENE,huntly_1_4,Coal,Thrml,2026-08-04,0,0,0,0,0,0,0,5400,10029,15946,22681,30918,40268,41543,50039,51435,51417,51424,51424,42397,29843,26096,26112,26385,26475,26703,26702,26815,26861,26856,27065,40778,52932,68851,90909,105610,114461,116083,117025,58946,0,0,0,0,0,0,0,3512,,
HLY,HLY2201,GENE,huntly_1_4,Coal,Thrml,2026-08-05,13064,26603,42026,43304,48705,52200,52261,58349,63745,72139,80203,93221,120717,147006,171707,187460,176642,170502,170892,155580,132431,116174,104990,100482,103010,99881,104815,105450,101128,98992,108210,145973,168647,198383,218199,234960,235699,235255,224976,223619,222246,223989,205712,165663,131409,102916,99283,100385,,
HLY,HLY2201,GENE,huntly_1_4,Coal,Thrml,2026-08-06,101494,101903,101393,102114,101884,101464,101622,101465,101276,100990,122724,154884,189308,218366,234586,238207,238166,237749,222233,189304,155249,119254,101033,102408,102466,102171,102705,102489,102975,102651,102962,115331,142869,173741,208681,235470,236823,237095,236375,237078,228853,211060,194414,187683,153956,145719,127964,117268,,
HLY,HLY2201,GENE,huntly_1_4,Coal,Thrml,2026-08-07,103332,100309,100546,100966,101158,101187,101172,101017,101592,101483,101493,126844,169984,207596,234752,237773,238497,238540,239463,217144,177298,141159,128486,117259,115921,98120,81375,80583,81540,81095,81440,81346,90902,104123,128451,132193,132671,130498,130518,131526,118703,115899,116691,117572,95862,77462,58324,35392,,
HLY,HLY2201,GENE,huntly_1_4,Coal,Thrml,2026-08-08,4978,0,0,0,0,0,0,0,0,0,0,0,0,17577,43567,44310,43057,42495,42478,42543,41388,41346,41665,28656,26450,26615,26609,26662,26679,26716,26705,26747,35801,49962,61457,74166,84980,85859,76325,63030,52579,51057,51268,51410,51483,43848,29555,3636,,
HLY,HLY2201,GENE,huntly_1_4,Coal,Thrml,2026-08-09,0,0,0,0,0,0,0,0,0,0,0,0,0,0,16945,40738,41455,41829,41975,42072,41957,41839,41926,29421,26532,26673,26676,26633,26841,26939,26968,39419,51237,60764,75081,77321,84945,85659,77823,76776,63877,51868,50758,51397,52084,44603,28313,3806,,
HLY,HLY2201,GENE,huntly_1_4,Coal,Thrml,2026-08-10,0,0,0,0,0,0,0,0,0,0,0,0,19642,40050,41338,41332,41780,41441,41748,41462,41476,41391,41376,30757,25844,26359,26032,26175,26025,26097,25995,26477,35881,50174,60467,77896,77969,77942,78492,78067,60468,44738,45921,45319,32918,4640,0,0,,
HLY,HLY2201,GENE,huntly_1_4,Coal,Thrml,2026-08-11,0,0,0,4151,8104,11669,16800,22487,31975,41761,51576,53850,69866,85311,91252,93172,90781,90760,91219,90999,91001,90521,90242,80181,56527,67962,73034,72172,72129,72644,72519,71569,71086,71424,71270,71121,71221,71053,71022,71213,70878,70816,55902,50056,51389,51520,51961,33383,,
HLY,HLY2201,GENE,huntly_1_4,Coal,Thrml,2026-08-12,3446,0,0,0,0,0,0,0,0,0,22304,48291,51909,52619,52176,51692,51510,51011,51201,68324,76529,76064,75783,88218,89267,89492,89433,89390,89359,89472,89206,89378,89499,88898,89092,89066,89023,88985,88935,88883,88885,89809,90235,78455,57538,42054,28334,3568,,
HLY,HLY2201,GENE,huntly_1_4,Coal,Thrml,2026-08-13,0,0,0,0,0,0,0,0,0,0,8896,43859,64340,80679,92515,95190,97148,90223,71240,50693,50204,50581,51442,49793,42128,39322,40520,41464,40514,40920,40745,49500,70633,87940,89224,89039,88865,88776,89300,89271,89250,89163,89070,77153,57026,51676,32509,3143,,
HLY,HLY2201,GENE,huntly_1_4,Coal,Thrml,2026-08-14,0,0,0,0,0,0,0,0,0,0,22337,45279,50407,51749,55790,73430,65208,58266,50631,51542,50373,50597,50785,42034,40089,40592,41245,41208,41203,55942,68638,71437,71256,71158,71078,71002,70939,70977,70954,70968,71007,70922,71028,71052,55990,50681,34950,4158,,
HLY,HLY2201,GENE,huntly_1_4,Coal,Thrml,2026-08-15,0,0,0,0,0,0,0,0,3880,7496,11116,15875,21478,26648,31764,39898,50149,51957,51930,51907,51852,43074,41888,41889,30665,26838,26881,26990,26946,38461,42014,41725,41001,49926,51021,51001,51031,51034,51053,51050,51010,42222,41510,42002,31396,8355,0,0,,
HLY,HLY2201,GENE,huntly_1_4,Coal,Thrml,2026-08-16,0,0,0,0,0,0,0,0,0,0,0,0,0,0,0,17769,41096,41475,41472,41520,41499,41472,41487,41457,41473,41442,41409,41413,41439,41406,41451,41452,41389,50296,66948,76290,82951,83477,76976,71762,56499,42791,41298,41330,30880,5912,0,0,,
HLY,HLY2201,GENE,huntly_1_4,Coal,Thrml,2026-08-17,0,0,0,0,0,0,0,0,0,0,0,17166,50059,68590,83518,100025,89042,61296,50913,52861,44884,43087,43016,43011,45392,51423,53260,60488,63377,71109,78584,89723,92444,93509,100285,136881,161540,169795,154508,129160,105190,100422,102064,102518,101886,102277,88920,49251,,
HLY,HLY2201,GENE,huntly_1_4,Coal,Thrml,2026-08-18,28132,25776,25765,25853,25864,25925,26095,26606,28487,28759,28785,57477,93149,116676,121079,120283,120049,119762,120776,120488,104699,88819,88006,80536,79273,79618,79515,79706,79482,79908,81721,81460,88833,98817,99798,100239,117472,120212,120332,102960,91001,89503,89641,89944,89941,82802,68301,36919,,
HLY,HLY2201,GENE,huntly_1_4,Coal,Thrml,2026-08-19,5456,0,0,0,0,0,0,0,0,0,0,15333,48539,68657,75583,75491,75798,65290,65044,71951,77616,77955,77914,76886,76769,78625,77508,79012,78959,70845,75640,87679,100064,121437,141406,152077,151854,151474,151431,150755,150915,146575,142772,127416,122203,122102,122121,108132,,
HLY,HLY2201,GENE,huntly_1_4,Coal,Thrml,2026-08-20,77711,56048,51663,52816,52198,52433,52441,54282,54199,54437,70646,99643,116615,143096,171646,211718,188673,144018,142561,142541,142144,141885,117600,75204,76380,74867,90905,110295,118411,105250,102770,102341,118508,137077,142832,141170,143633,142937,143161,142444,140460,142110,142143,142164,125952,95885,64948,51936,,
HLY,HLY2201,GENE,huntly_1_4,Coal,Thrml,2026-08-21,13442,0,0,0,0,0,0,0,0,0,0,17734,47563,65414,84773,88906,89132,74827,71124,70957,70896,52300,40939,40940,41000,41112,40989,40843,40818,40976,40902,40869,40619,40602,49519,50071,58927,59957,59957,60027,60020,60074,52170,51189,51212,51143,51531,36985,,
HLY,HLY2201,GENE,huntly_1_4,Coal,Thrml,2026-08-22,4919,0,0,0,0,0,0,0,0,0,0,0,0,0,0,18246,48458,51948,51959,51953,43217,41952,42188,42098,41753,31371,26355,26369,26378,26257,26124,26388,37600,53445,68474,71246,80164,81259,81199,81234,72238,71072,71096,62374,52069,50954,51313,37118,,
HLY,HLY2201,GENE,huntly_1_4,Coal,Thrml,2026-08-23,4682,0,0,0,0,0,0,0,0,0,0,0,0,0,0,18784,47545,51009,50966,50930,42083,40942,29658,25896,25881,25892,25879,25822,25858,25893,25892,25925,25933,41548,63258,78154,80967,80971,80959,80989,80968,80947,68494,65940,53812,50894,51813,37337,,
HLY,HLY2201,GENE,huntly_1_4,Coal,Thrml,2026-08-24,5051,0,0,0,0,0,0,0,0,0,0,0,18583,48155,60071,61190,61115,61390,53060,42386,29881,26172,26236,26219,26208,26188,26135,26085,26052,26108,26105,26133,26105,38284,41588,41453,41486,41512,41513,41268,41060,41058,41015,41131,41162,41116,41636,31352,,
HLY,HLY2201,GENE,huntly_1_4,Coal,Thrml,2026-08-25,5004,0,0,0,0,0,0,0,0,0,0,18154,40914,49753,51091,51199,51221,39287,28642,25923,25889,25969,26139,26456,26274,27463,27841,27922,27879,28035,27908,27375,26498,26444,37453,42306,55244,54348,51343,51323,51394,51599,51559,51551,42683,41041,30410,27013,,
HLY,HLY2201,GENE,huntly_1_4,Coal,Thrml,2026-08-26,5419,0,0,0,0,0,0,0,0,0,0,14665,40454,41021,40950,40757,40705,40674,29325,25667,25624,25636,25594,25582,25531,25550,25534,25570,25547,25567,25583,25626,25570,25571,36898,40525,40580,41023,41359,41372,41371,41410,41534,41557,41459,41212,30918,27055,,
HLY,HLY2201,GENE,huntly_1_4,Coal,Thrml,2026-08-27,4675,0,0,0,0,0,0,0,0,0,0,19252,41182,50898,63788,66563,66051,53969,42605,41178,46027,40797,40687,29572,25675,25666,25617,25554,25549,25558,25541,25554,36841,40304,40350,51987,67139,69906,69916,57642,42912,40448,40848,30986,4575,0,0,0,,
HLY,HLY2201,GENE,huntly_1_4,Coal,Thrml,2026-08-29,0,0,0,0,0,0,0,0,0,0,0,0,0,0,0,0,0,0,0,0,0,0,0,0,0,0,0,4174,7942,11458,17775,21810,32105,39789,41987,41794,41744,41936,41784,41665,41758,41558,29974,3683,0,0,0,0,,
HLY,HLY2201,GENE,huntly_1_4,Coal,Thrml,2026-08-30,0,0,0,0,0,0,0,0,0,0,0,0,0,0,0,0,0,0,0,0,0,0,0,0,0,0,0,0,4913,20264,40300,40924,41313,41131,49601,59963,77659,86027,86096,85908,73103,70497,66142,65384,65390,53256,50688,32928,,
HLY,HLY2201,GENE,huntly_1_4,Coal,Thrml,2026-08-31,3750,0,0,0,0,0,0,0,0,0,0,0,19609,40412,49940,52249,51640,42861,28361,27271,28086,28257,28426,28497,27993,26775,26698,26655,26618,26504,38747,42048,41931,41846,41850,41957,42627,43247,41805,41836,41773,41787,41671,41611,29611,4098,0,0,,
HLY,HLY2201,GENE,huntly_p40,Gas,Thrml,2026-08-04,0,0,0,0,0,0,0,0,0,0,0,0,0,0,0,0,0,0,0,0,0,0,0,0,0,0,0,0,0,0,0,0,0,0,17191,22963,23107,23190,22487,2433,0,0,0,0,0,0,0,0,,
HLY,HLY2201,GENE,huntly_p40,Gas,Thrml,2026-08-05,0,0,0,0,0,0,0,0,0,0,0,0,0,17625,22605,22613,22810,22878,2780,0,0,0,0,0,0,0,0,0,0,0,0,0,0,20497,23108,23219,23342,23379,22685,22778,22934,1914,0,0,0,0,0,0,,
HLY,HLY2201,GENE,huntly_p40,Gas,Thrml,2026-08-06,0,0,0,0,0,0,0,0,0,0,0,0,0,18397,22892,22862,22883,22660,22762,1206,0,0,0,0,0,0,0,0,0,0,0,0,0,0,19206,23321,22863,22721,22826,22977,23014,1008,0,0,0,0,0,0,,
HLY,HLY2201,GENE,huntly_p40,Gas,Thrml,2026-08-07,0,0,0,0,0,0,0,0,0,0,0,0,0,18829,23131,23247,23140,23086,23005,2079,0,0,0,0,0,0,0,0,0,0,0,0,0,0,0,0,0,0,0,0,0,0,0,0,0,0,0,0,,
HLY,HLY2201,GENE,huntly_p40,Gas,Thrml,2026-08-12,0,0,0,0,0,0,0,0,0,0,0,0,0,0,0,0,0,0,0,0,0,0,0,0,0,0,0,0,0,0,0,0,0,19410,22414,22439,22419,22415,22383,22367,22386,1120,0,0,0,0,0,0,,
HLY,HLY2201,GENE,huntly_p40,Gas,Thrml,2026-08-13,0,0,0,0,0,0,0,0,0,0,0,0,0,0,0,0,0,0,0,0,0,0,0,0,0,0,0,0,0,0,0,0,0,0,19054,21903,21988,22049,1509,0,0,0,0,0,0,0,0,0,,
HLY,HLY2201,GENE,huntly_p40,Gas,Thrml,2026-08-19,0,0,0,0,0,0,0,0,0,0,0,0,20206,23243,23249,23216,23200,23206,2146,0,0,0,0,0,0,0,0,0,0,0,0,0,0,0,0,19934,22982,23104,23199,22828,22545,22576,2453,0,0,0,0,0,,
HLY,HLY2201,GENE,huntly_p40,Gas,Thrml,2026-08-20,0,0,0,0,0,0,0,0,0,0,0,0,16969,22502,22502,22488,22436,22838,2413,0,0,0,0,0,0,0,0,0,0,0,0,0,0,0,0,17099,22752,22776,22809,22909,22916,23029,1619,0,0,0,0,0,,
HLY,HLY2201,GENE,huntly_p40,Gas,Thrml,2026-08-21,0,0,0,0,0,0,0,0,0,0,0,0,20224,22808,22761,22707,22539,22672,1908,0,0,0,0,0,0,0,0,0,0,0,0,0,0,0,0,19376,22832,22829,22854,22881,22868,22878,1993,0,0,0,0,0,,
HLY,HLY2201,GENE,huntly_p40,Gas,Thrml,2026-08-27,0,0,0,0,0,0,0,0,0,0,0,0,0,0,0,0,0,0,0,0,0,0,0,0,0,0,0,0,0,0,0,0,0,0,0,18326,22365,22430,22544,22637,1086,0,0,0,0,0,0,0,,
HLY,HLY2201,GENE,huntly_p40,Gas,Thrml,2026-08-28,0,0,0,0,0,0,0,0,0,0,0,0,20039,22702,22698,22643,22586,22470,22335,22230,22057,21834,2770,0,0,0,0,17814,22054,21890,21834,21842,21920,22035,22102,22238,22221,22205,22323,22330,22326,22331,22334,22287,1277,0,0,0,,
HRP,HRP2201,MERI,Harapaki,Wind,Wind,2026-08-01,54843,32740,28660,43364,55022,56800,53589,25029,10150,16545,13353,19201,17868,28414,50055,54573,66500,67054,56635,51451,35093,40055,49854,53537,39322,22055,22738,21966,19328,22275,25843,37269,24004,15446,15702,16876,16828,17014,19083,13466,11861,14977,20246,23747,24482,23120,11496,8078,,
HRP,HRP2201,MERI,Harapaki,Wind,Wind,2026-08-02,5624,9203,8797,5679,7811,7395,6084,5737,7320,9888,9950,9262,11740,11900,7166,8292,7653,5576,2528,1686,4769,8379,9525,6716,4304,5582,7614,1304,1007,1190,911,189,844,1574,4,3,717,2139,4555,6110,4467,5326,9469,12081,16814,17068,24092,30510,,
HRP,HRP2201,MERI,Harapaki,Wind,Wind,2026-08-03,36674,41841,42816,47047,69139,69839,69498,70922,72371,75971,79082,77287,80376,81350,79653,73089,67387,67476,57682,54993,57729,60780,62885,74449,77164,51521,29407,22303,15273,5134,722,182,2049,2296,14238,61963,54282,56203,72955,72503,71989,67983,76557,71486,71539,70308,67384,59073,,
HRP,HRP2201,MERI,Harapaki,Wind,Wind,2026-08-04,60928,52494,52040,67522,65735,33282,17375,43885,35232,17284,17316,18141,8417,6227,21000,30537,14355,13934,12332,10993,12680,18048,20509,17674,19999,19005,19089,15562,18578,14084,10895,10695,15973,20722,12648,23257,28905,33569,38312,44594,54973,59920,58180,55821,46512,49619,50945,51508,,
HRP,HRP2201,MERI,Harapaki,Wind,Wind,2026-08-05,46451,44935,46397,53380,59445,55226,53017,55715,58045,61054,63770,68218,70124,69389,70920,69175,64048,62063,58257,61069,69684,63588,59479,56572,51456,40650,48042,58065,47616,52614,53520,62078,61974,52610,51108,47099,42484,35831,35280,29760,24243,32699,29557,35803,39567,42476,39297,48149,,
HRP,HRP2201,MERI,Harapaki,Wind,Wind,2026-08-06,54749,53507,57612,66919,53919,56390,42603,39850,46036,63233,52296,37939,42352,47904,59976,50274,41145,24990,23176,20292,21077,9736,5847,2764,1871,2321,1746,1990,2336,11,49,9,465,263,385,1279,1592,937,1386,570,1511,1799,2004,2550,1447,366,483,1313,,
HRP,HRP2201,MERI,Harapaki,Wind,Wind,2026-08-07,1835,1196,1368,1907,1114,829,1547,338,0,0,338,1600,1416,1222,88,0,0,0,0,18,229,1846,5738,12102,13096,13827,17247,15982,5937,5000,4031,5831,6948,14583,20382,21593,21809,17007,17026,16667,15309,15107,7293,5998,10109,7798,4930,6088,,
HRP,HRP2201,MERI,Harapaki,Wind,Wind,2026-08-08,4261,6891,7329,6324,9896,7160,5033,7904,6501,5285,2443,36,2,14,429,649,266,60,1666,7361,9065,6458,5903,775,61,595,64,0,0,0,0,2,251,1926,760,2571,5891,6361,6527,8735,6640,11381,21463,24673,28547,38906,37277,17046,,
HRP,HRP2201,MERI,Harapaki,Wind,Wind,2026-08-09,23024,36456,39797,54468,61924,66814,72162,75973,70934,68053,65371,62986,63641,71155,58143,56708,71989,81492,84135,84500,85922,86261,85663,82542,81508,78292,68558,64847,73514,66412,67291,69537,75348,71946,63959,57887,49220,53634,49392,47632,47462,47844,44446,31481,25084,29161,31091,33631,,
HRP,HRP2201,MERI,Harapaki,Wind,Wind,2026-08-10,43256,47417,49914,39065,44510,44612,34659,39612,39904,43356,31404,34587,37332,40607,45390,62852,65020,64670,43702,42851,47650,61737,56678,42252,45539,40486,29678,35654,27133,22412,18796,4787,5389,6517,8273,18075,19635,8947,2326,978,2538,1099,1664,1057,2413,5394,5985,13226,,
HRP,HRP2201,MERI,Harapaki,Wind,Wind,2026-08-11,12404,10138,6614,8353,7198,4242,865,486,4524,8361,11998,11926,16874,12691,10583,6424,8666,17383,15112,9723,17114,12291,5648,2296,877,1422,2556,800,402,559,2,0,68,65,916,1091,779,2218,979,123,1868,6695,6839,2675,2989,4667,247,4692,,
HRP,HRP2201,MERI,Harapaki,Wind,Wind,2026-08-12,7498,8350,8097,13771,20591,8316,7663,7143,8344,7719,11149,12702,20552,17536,17569,13568,12538,8716,4711,5155,5655,4355,5850,3566,1159,264,39,156,69,633,1185,1429,1043,1798,4799,6564,7229,7435,9705,14023,17991,16503,15554,14289,13510,16950,19506,25644,,
HRP,HRP2201,MERI,Harapaki,Wind,Wind,2026-08-13,21457,25300,25712,26637,19675,23438,22949,26479,28030,25549,33170,34486,37956,28620,17930,20078,27997,45665,57830,49525,53242,57540,63895,55438,54773,34646,27803,28523,22517,18596,14405,16289,13112,7834,5575,3664,13140,13025,11741,9734,7055,13117,18436,17604,16621,10108,8595,7536,,
HRP,HRP2201,MERI,Harapaki,Wind,Wind,2026-08-14,3265,5083,18116,13347,7365,499,0,0,4,0,0,0,0,0,112,700,1544,3143,3758,3904,11586,13134,14691,17561,17766,19314,14787,17203,21029,14049,11854,14890,13096,12668,10945,11273,8881,7584,11425,9921,7189,7032,5608,6893,9493,10990,16386,17445,,
HRP,HRP2201,MERI,Harapaki,Wind,Wind,2026-08-15,21314,24534,22523,21388,25851,26873,26462,32329,32462,26093,27711,27512,27075,31853,30650,34653,35612,29994,30244,29000,32536,28362,20213,23475,32561,30379,27361,28536,27786,24580,24601,22809,21565,22042,21745,19733,16750,14533,12986,11173,15220,17292,17809,17260,16851,18995,19146,20358,,
HRP,HRP2201,MERI,Harapaki,Wind,Wind,2026-08-16,17649,17546,17640,25988,29475,19194,31599,39855,41687,38928,46411,46138,47645,49991,55238,55966,61689,64648,66818,70250,70273,70505,76699,78094,80444,81855,84696,85105,82324,83879,85860,85996,83602,82294,83208,79104,75853,73623,67833,60466,55006,44458,40849,36249,39934,43133,42960,49331,,
HRP,HRP2201,MERI,Harapaki,Wind,Wind,2026-08-17,47448,41347,45818,35096,37684,41166,42216,43012,38956,42197,34410,31458,31393,33790,37151,37987,38136,33056,30412,34787,42812,51296,54078,51120,54152,46346,46469,48520,35269,27536,26118,22293,34057,24232,19462,18980,13831,24017,23388,19989,21853,20343,15048,12429,18461,18654,16318,17670,,
HRP,HRP2201,MERI,Harapaki,Wind,Wind,2026-08-18,20054,27827,32290,34943,44285,63788,45546,48290,49522,57307,51790,49327,53630,55618,57031,56131,56370,62282,56379,67973,59633,52433,55232,68537,62933,48541,28950,18241,16846,13247,25134,26861,61358,59063,52786,65012,63428,73033,75419,75861,77611,77061,77597,77060,78499,75875,73408,73691,,
HRP,HRP2201,MERI,Harapaki,Wind,Wind,2026-08-19,77506,76815,75538,68700,53422,52072,44296,38224,37224,35435,38198,43307,41176,44623,44475,43290,45754,48422,45452,47852,52012,54792,58672,58235,61192,58732,60096,36928,44278,38900,30824,33077,36189,30313,36360,24836,20325,32944,39068,30788,37061,27967,42297,54229,53183,55106,48220,46726,,
HRP,HRP2201,MERI,Harapaki,Wind,Wind,2026-08-20,50029,52294,59055,58971,44308,38304,22564,17796,17955,9098,5804,11158,9345,7713,8757,10097,11455,10540,4168,2733,2671,2302,2120,1281,390,1015,248,7,2,16,9,13,108,578,1972,3611,4188,5353,5991,6802,3923,2395,1491,787,439,49,726,4395,,
HRP,HRP2201,MERI,Harapaki,Wind,Wind,2026-08-21,6990,7047,1463,1618,130,3,5,3,139,688,501,722,691,4670,5948,3909,1600,1021,1125,1692,2536,1572,1251,1323,1142,49,0,0,0,0,0,0,13,440,616,2755,7384,10219,12464,12914,14120,33263,42961,44540,41846,49561,51318,55927,,
HRP,HRP2201,MERI,Harapaki,Wind,Wind,2026-08-22,51423,47447,46556,49948,47363,50499,54005,49684,49119,48883,43616,50449,47230,50763,62603,73258,70712,63577,60699,69813,76903,76546,80572,81361,75973,74949,75094,77052,79287,82932,82917,82485,80073,79074,80711,81004,74106,79291,77985,83421,84835,84033,83511,84383,85340,86338,86467,84092,,
HRP,HRP2201,MERI,Harapaki,Wind,Wind,2026-08-23,81248,81136,78765,80876,79782,82622,83671,81550,83194,78594,78592,75375,71293,70183,64862,47941,50509,59086,66974,67530,69252,64741,63281,62326,66453,69888,69474,74280,82847,84793,86780,86194,84054,79277,84426,85162,81888,76008,59531,60214,66462,62625,47027,54910,54424,68821,67941,57819,,
HRP,HRP2201,MERI,Harapaki,Wind,Wind,2026-08-24,46633,5259,29,449,11216,29461,28233,18467,34022,33155,20108,13324,11072,12053,8072,9712,7196,6048,6185,6608,5140,6461,8233,9064,10674,14408,12138,9961,5885,4828,2108,2883,4060,7471,12066,12279,14848,20596,23871,33802,31548,29106,30206,28030,30154,37586,43828,35450,,
HRP,HRP2201,MERI,Harapaki,Wind,Wind,2026-08-25,43491,55696,56889,52533,50388,47794,51223,49441,49465,49961,45996,46426,55437,55163,54582,54042,50638,40095,48996,56810,53861,60296,63133,34811,25926,47023,46425,15946,3137,845,1443,2444,8424,24480,17208,21821,35999,47308,36428,42506,52508,60588,57508,56952,63186,62039,50814,52699,,
HRP,HRP2201,MERI,Harapaki,Wind,Wind,2026-08-26,45543,39160,39086,32357,27660,28087,29967,30806,27806,37879,41680,44512,54652,52046,53917,49924,46415,52146,51239,55640,57800,50016,60810,62932,69047,70691,66527,61810,51719,34397,40428,43624,40266,52472,51967,56266,59318,59647,65677,64070,61261,59434,36641,17288,18955,51900,62913,71862,,
HRP,HRP2201,MERI,Harapaki,Wind,Wind,2026-08-27,72203,68975,70579,74205,75752,71251,65768,52911,50025,11896,12808,5855,17687,9826,1674,571,547,33,737,1662,2375,2191,1228,76,15,377,1273,2094,2414,3335,3430,4038,3040,1363,1053,1905,4040,7306,9953,11484,20522,20031,37185,48828,61161,71024,62849,64348,,
HRP,HRP2201,MERI,Harapaki,Wind,Wind,2026-08-28,65277,78082,83603,80857,75562,69426,72829,76054,85798,86012,83888,84608,82959,79969,78252,80184,83246,85357,85685,86665,86822,86119,86539,85652,85640,85782,78452,74998,74326,73560,76177,76375,76454,78449,80271,79782,77783,76378,75595,75146,75882,74960,71305,72607,74318,74272,73252,72208,,
HRP,HRP2201,MERI,Harapaki,Wind,Wind,2026-08-29,78659,84504,84397,84308,80427,80718,78038,80754,81830,84183,84237,84421,84693,83950,82470,82114,81512,83609,82776,83583,84716,84536,85778,84084,78486,76606,68755,68382,60861,68370,70802,58538,39984,35837,47636,64525,65466,54037,53033,76089,81468,77915,71752,76984,71270,71249,73224,68179,,
HRP,HRP2201,MERI,Harapaki,Wind,Wind,2026-08-30,72235,57426,45002,41964,38443,40266,48670,52091,37194,30671,32296,29962,34102,40198,35453,31969,11444,18539,24485,28408,42691,54510,46456,51395,72363,69841,65364,62852,61649,45538,63577,51240,42588,47273,67891,63296,67138,78665,77138,75134,64114,43624,43084,22518,31882,22495,13852,30682,,
HRP,HRP2201,MERI,Harapaki,Wind,Wind,2026-08-31,23551,48520,57954,72208,65955,46405,34041,45895,45579,33043,21098,5652,47174,69630,38988,35080,35950,26465,25645,30473,21597,35140,68555,70318,70856,72823,73244,72535,76464,73273,65776,66428,59719,65145,62426,60533,57552,44266,48499,40069,40867,37355,36332,33264,45670,49060,48704,35478,,
HWA,HWA1101,KIWI,whareroa,Gas,Cogen,2026-08-01,2647,2527,2383,2496,2425,2548,2492,2556,2717,2753,2778,2562,2568,2528,2587,2643,2644,2646,2545,2628,2620,2534,2663,2711,2772,2926,3344,3413,3422,3414,3295,3391,3414,3290,3247,3156,3238,3257,3220,3191,3224,3207,3200,3147,3031,2985,3116,3086,,
HWA,HWA1101,KIWI,whareroa,Gas,Cogen,2026-08-02,3101,3035,3139,3088,3107,3075,3119,3149,3226,3366,3214,3121,3106,3127,3130,3045,3072,3037,3015,3040,3111,3193,3267,3289,3130,3148,3187,3203,3171,3238,3018,3015,2992,2981,2876,2825,2992,2909,2977,2991,3019,3040,3090,3075,3010,2973,2869,2914,,
HWA,HWA1101,KIWI,whareroa,Gas,Cogen,2026-08-03,2850,2963,3036,3017,3003,3028,3031,3010,2919,2908,2987,2915,2937,2952,2991,2992,3035,3201,2979,2838,2746,2690,2821,2962,3155,3036,2898,2999,2857,2980,3084,2900,2722,2648,2697,2723,2671,2818,2764,2702,2715,2715,2681,2647,2697,2746,2985,3066,,
HWA,HWA1101,KIWI,whareroa,Gas,Cogen,2026-08-04,3122,3048,2978,2933,2964,2990,2822,2702,2575,2628,2431,2570,2424,2432,2474,2783,4483,4489,4263,4210,3932,3881,3977,3994,4181,978,3,1,0,0,0,54,130,293,245,266,262,393,522,646,655,663,705,714,784,636,677,689,,
HWA,HWA1101,KIWI,whareroa,Gas,Cogen,2026-08-05,648,631,630,468,379,498,401,410,501,392,431,561,503,593,474,558,552,517,363,340,345,355,291,303,400,261,204,117,266,300,179,267,375,406,305,415,396,454,463,369,209,72,53,31,18,79,56,8,,
HWA,HWA1101,KIWI,whareroa,Gas,Cogen,2026-08-06,2,29,45,450,379,794,673,705,919,1251,2661,2913,7510,7541,7489,7593,7589,7470,662,5,0,0,0,0,0,0,0,0,0,0,0,0,0,0,0,0,0,0,0,0,0,0,0,0,0,0,0,0,,
HWA,HWA1101,KIWI,whareroa,Gas,Cogen,2026-08-07,0,0,0,0,0,0,0,14,84,137,226,161,182,74,125,194,67,6,57,33,334,766,2444,2964,2848,2824,2649,2524,2370,2452,2381,2169,2069,2062,1935,1924,1980,2094,2147,2239,2442,2512,2522,2454,2459,2515,2630,2538,,
HWA,HWA1101,KIWI,whareroa,Gas,Cogen,2026-08-08,2328,2326,2243,2240,2316,2233,2177,2084,2020,2073,2078,1995,1891,1859,1907,2076,2138,1953,1947,1878,1928,2017,1958,1834,136,0,0,0,0,0,0,0,0,0,0,0,0,0,0,0,0,1067,2012,2027,2230,2313,2253,2404,,
HWA,HWA1101,KIWI,whareroa,Gas,Cogen,2026-08-09,2314,2190,2308,2343,2276,2083,1918,1966,1929,1909,1859,1854,1814,1761,1747,1634,1462,1630,1481,1398,1332,1323,1293,1304,1368,1490,1373,1477,1494,1641,1633,1565,1478,1562,1508,1412,1397,1372,1361,1345,1430,1428,1520,1463,1498,1613,1667,1650,,
HWA,HWA1101,KIWI,whareroa,Gas,Cogen,2026-08-10,1604,1610,1670,1618,1708,1699,1625,1523,1554,1562,1468,1549,1660,1629,1728,1661,1342,1248,1226,1133,1269,1473,1630,1662,840,571,613,574,634,1025,1079,1143,1032,1102,1005,891,881,937,1039,934,981,1055,1145,1201,1224,1221,1233,1114,,
HWA,HWA1101,KIWI,whareroa,Gas,Cogen,2026-08-11,1188,1252,1239,1321,1230,885,99,229,243,236,812,830,642,678,874,770,877,781,773,806,823,534,532,605,637,627,770,629,656,588,626,442,211,609,581,491,1528,1538,1382,1287,1322,1444,1468,1492,1548,1528,1509,1613,,
HWA,HWA1101,KIWI,whareroa,Gas,Cogen,2026-08-12,1532,1452,1419,1490,1475,1465,1398,1479,1507,1523,1361,1387,1543,1465,1406,1435,1505,1425,1296,1476,1375,1167,1232,1025,1204,1220,1432,1422,1402,1257,1440,1468,1309,1215,1199,1275,1265,1224,1417,1475,1510,1334,1305,1231,1168,1260,1202,1249,,
HWA,HWA1101,KIWI,whareroa,Gas,Cogen,2026-08-13,1311,1200,1069,1058,1059,1033,996,1096,1175,1151,1189,1145,1273,1157,1119,1274,951,1017,1141,1326,1239,1091,898,988,909,974,927,923,976,908,842,1076,946,941,897,1127,1095,1028,823,906,1501,1419,1417,1370,1517,1443,1443,1337,,
HWA,HWA1101,KIWI,whareroa,Gas,Cogen,2026-08-14,1363,1490,1478,1287,1208,1139,1171,1156,1182,1241,1166,1159,1087,1184,991,805,937,912,914,1234,1259,1025,966,1276,1279,1061,870,820,608,696,579,578,469,437,414,365,283,286,422,717,733,797,984,1220,1139,1127,1040,1252,,
HWA,HWA1101,KIWI,whareroa,Gas,Cogen,2026-08-15,1250,1374,1104,992,716,560,649,801,865,1057,1002,1046,855,854,759,1160,1282,1138,1073,899,750,811,1034,875,811,1040,790,962,1105,1172,1110,1188,881,758,996,921,1116,1152,1103,1241,1299,1354,1356,1382,1398,1359,1291,1349,,
HWA,HWA1101,KIWI,whareroa,Gas,Cogen,2026-08-16,1475,1597,1517,1604,1669,1625,1614,1411,1415,1462,1360,1358,1432,1577,1652,1453,1436,1280,1211,1267,1129,1094,920,1000,817,738,864,886,852,905,878,965,834,690,845,764,713,689,758,716,726,702,938,1130,1301,1398,1237,1248,,
HWA,HWA1101,KIWI,whareroa,Gas,Cogen,2026-08-17,925,874,887,881,882,667,860,949,1027,1101,890,1057,1198,1063,1156,1293,1232,1154,1176,1150,1051,904,891,831,920,636,805,933,968,964,1050,1013,1125,1144,548,0,140,963,892,872,816,894,910,936,1030,1187,1259,1058,,
HWA,HWA1101,KIWI,whareroa,Gas,Cogen,2026-08-18,663,720,674,799,670,774,750,946,1044,1171,1061,1267,1282,1385,1285,1044,682,333,180,179,171,9,23,0,0,0,0,0,0,0,0,0,0,0,0,0,0,0,0,0,0,0,0,0,0,0,0,0,,
HWA,HWA1101,KIWI,whareroa,Gas,Cogen,2026-08-19,0,0,0,0,0,0,0,0,0,0,0,0,0,0,0,0,0,0,0,0,0,0,0,0,0,0,0,0,0,0,0,0,0,0,147,111,343,359,418,353,351,378,302,394,300,364,259,287,,
HWA,HWA1101,KIWI,whareroa,Gas,Cogen,2026-08-20,185,93,31,1,7,2,620,377,407,456,651,595,579,320,193,273,63,0,0,0,0,0,0,0,0,0,0,0,0,0,0,0,0,0,331,406,452,327,300,369,418,73,281,104,251,178,190,159,,
HWA,HWA1101,KIWI,whareroa,Gas,Cogen,2026-08-21,276,279,301,433,383,472,500,612,473,493,530,411,387,353,551,849,806,647,101,463,180,0,0,3,432,424,94,617,404,462,337,6,0,27,1196,1345,1311,1212,1269,1399,1437,1240,1211,1268,1271,1272,1291,1215,,
HWA,HWA1101,KIWI,whareroa,Gas,Cogen,2026-08-22,1072,1106,1104,1166,1130,1108,1119,1257,1228,1367,1373,1426,1384,1334,1034,269,36,0,0,0,0,0,0,0,0,0,0,0,0,0,0,0,0,0,0,0,0,0,0,0,0,0,0,0,0,0,0,0,,
HWA,HWA1101,KIWI,whareroa,Gas,Cogen,2026-08-23,0,0,0,0,0,0,0,0,0,0,0,0,0,0,0,0,0,0,0,0,0,0,0,0,0,0,0,0,0,0,0,0,0,0,0,0,0,0,0,0,0,0,0,0,0,0,0,0,,
HWA,HWA1101,KIWI,whareroa,Gas,Cogen,2026-08-24,0,0,0,0,0,0,0,0,0,0,0,0,0,0,0,0,0,0,0,0,0,0,0,0,0,0,0,0,0,0,0,0,0,0,0,0,0,0,0,0,0,0,0,0,0,0,0,0,,
HWA,HWA1101,KIWI,whareroa,Gas,Cogen,2026-08-25,0,0,0,0,0,0,0,0,0,0,0,0,0,0,0,0,0,0,0,0,0,0,0,0,0,0,0,0,0,0,0,0,0,0,0,0,0,0,0,0,0,0,0,0,0,0,0,0,,
HWA,HWA1101,KIWI,whareroa,Gas,Cogen,2026-08-26,0,0,0,0,0,0,0,0,0,0,0,0,0,0,0,0,0,0,0,0,0,0,0,0,0,0,0,0,0,0,0,0,0,0,0,0,0,0,0,0,0,0,0,0,0,0,0,0,,
HWA,HWA1101,KIWI,whareroa,Gas,Cogen,2026-08-27,0,0,0,0,0,0,0,0,0,0,0,0,0,0,0,0,0,0,0,0,0,0,0,0,0,0,0,0,0,0,0,0,0,0,0,0,0,0,0,0,0,0,0,0,0,0,0,0,,
HWA,HWA1101,KIWI,whareroa,Gas,Cogen,2026-08-28,0,0,0,0,0,0,0,0,0,0,0,0,0,0,0,0,0,0,0,0,0,0,0,0,0,0,0,0,0,0,0,0,0,0,0,0,0,0,0,0,0,0,0,0,0,0,0,0,,
HWA,HWA1101,KIWI,whareroa,Gas,Cogen,2026-08-29,0,0,0,0,0,0,0,0,0,0,0,0,0,0,0,0,0,0,0,0,0,0,0,0,0,0,0,0,0,0,0,0,0,0,0,0,0,0,0,0,0,0,0,0,0,0,0,0,,
HWA,HWA1101,KIWI,whareroa,Gas,Cogen,2026-08-30,0,0,0,0,0,0,0,0,0,0,0,0,0,0,0,0,0,0,0,0,0,0,0,0,0,0,0,0,0,0,0,0,0,0,0,0,0,0,0,0,0,0,0,0,0,0,0,0,,
HWA,HWA1101,KIWI,whareroa,Gas,Cogen,2026-08-31,0,0,0,0,0,0,0,0,0,0,0,0,0,0,0,252,128,0,11,47,15,6,685,591,719,976,894,1052,1111,1124,858,780,370,281,241,235,418,515,569,499,469,468,467,474,548,525,522,333,,
HWA,HWA1102,KIWI,whareroa,Gas,Cogen,2026-08-01,2261,2222,2271,2388,2363,2504,2475,2492,2499,2584,2611,2332,2095,2050,2064,2125,2137,2120,2023,2105,2108,2026,2159,2204,2259,2417,2888,2961,2953,3029,3020,3068,3086,2980,3018,3008,3074,3081,3133,3115,3148,3112,3067,3013,2911,2868,2976,2944,,
HWA,HWA1102,KIWI,whareroa,Gas,Cogen,2026-08-02,2996,2951,3067,3010,3023,2984,3015,3033,3122,3276,3114,2994,2956,2940,2912,2851,2875,2888,2884,2914,2968,3072,3159,3187,3026,3067,3092,3102,3082,3126,2892,2878,2837,2871,2811,2729,2883,2759,2790,2778,2776,2792,2743,2698,2620,2644,2613,2573,,
HWA,HWA1102,KIWI,whareroa,Gas,Cogen,2026-08-03,2406,2530,2633,2589,2566,2592,2603,2584,2499,2485,2539,2460,2497,2479,2490,2482,2543,2737,2527,2393,2299,2195,2310,2465,2668,2551,2391,2485,2336,2454,2556,2383,2205,2090,2123,2144,2090,2211,2171,2117,2156,2161,2121,2102,2189,2248,2510,2608,,
HWA,HWA1102,KIWI,whareroa,Gas,Cogen,2026-08-04,2668,2601,2549,2512,2548,2594,2423,2311,2172,2221,2209,2244,2185,2200,2200,1950,0,0,0,0,0,0,0,0,0,0,0,0,0,0,0,0,0,6,22,36,42,160,286,390,383,395,470,486,558,421,259,209,,
HWA,HWA1102,KIWI,whareroa,Gas,Cogen,2026-08-05,223,229,241,163,84,178,33,38,110,24,46,162,127,259,237,329,329,325,217,189,60,21,2,12,28,2,0,0,1,4,0,4,109,203,181,340,356,445,484,390,254,132,126,117,69,85,40,8,,
HWA,HWA1102,KIWI,whareroa,Gas,Cogen,2026-08-06,0,16,39,441,370,772,659,692,898,1185,2658,2923,7511,7660,7642,7746,7743,7630,843,167,24,66,0,0,0,0,0,0,0,0,0,0,0,0,0,0,0,0,0,0,0,0,0,0,0,0,0,0,,
HWA,HWA1102,KIWI,whareroa,Gas,Cogen,2026-08-07,0,0,0,0,0,0,0,0,4,64,194,148,201,198,301,369,201,127,175,165,340,741,2359,2859,2755,2724,2548,2429,2252,2332,2245,2016,1900,1883,1816,1890,1950,2060,2098,2173,2373,2430,2420,2383,2422,2492,2461,2359,,
HWA,HWA1102,KIWI,whareroa,Gas,Cogen,2026-08-08,2077,2103,2043,2047,2090,1981,1965,1925,1856,1891,1885,1787,1726,1690,1719,1868,1903,1734,1753,1723,1744,1806,1731,1587,89,0,0,0,0,0,0,0,0,0,0,0,0,0,0,0,0,1072,2001,2034,2095,2168,2108,2210,,
HWA,HWA1102,KIWI,whareroa,Gas,Cogen,2026-08-09,2119,1959,2060,2095,2072,1934,1819,1769,1791,1818,1771,1640,1656,1625,1493,1271,1117,1297,1149,1161,1128,1094,1000,1060,1129,1264,1149,1242,1236,1365,1376,1282,1181,1259,1238,1235,1258,1241,1233,1191,1310,1268,1360,1279,1342,1463,1550,1505,,
HWA,HWA1102,KIWI,whareroa,Gas,Cogen,2026-08-10,1404,1431,1485,1456,1577,1545,1472,1356,1385,1395,1315,1400,1413,1382,1431,1380,1122,1036,1001,912,1009,1191,1303,1298,453,222,273,280,354,755,837,876,681,738,709,653,695,795,905,791,871,976,1073,1089,1119,1120,1093,1033,,
HWA,HWA1102,KIWI,whareroa,Gas,Cogen,2026-08-11,1137,1212,1216,1302,1220,849,66,193,193,216,782,795,636,718,885,842,929,868,904,884,808,530,512,576,580,561,720,585,572,492,541,401,145,491,509,533,1568,1558,1416,1345,1360,1374,1364,1360,1380,1397,1393,1496,,
HWA,HWA1102,KIWI,whareroa,Gas,Cogen,2026-08-12,1425,1357,1334,1411,1448,1448,1388,1463,1494,1502,1340,1420,1592,1543,1469,1494,1595,1503,1384,1521,1375,1193,1232,1048,1219,1238,1442,1432,1409,1236,1416,1443,1280,1272,1296,1410,1422,1374,1535,1508,1524,1338,1287,1183,961,1070,1077,1170,,
HWA,HWA1102,KIWI,whareroa,Gas,Cogen,2026-08-13,1253,1153,1057,1060,1067,1046,1000,1027,1096,1139,1205,1221,1374,1284,1214,1376,1057,1124,1256,1297,1139,997,783,849,772,864,808,811,878,812,707,975,918,929,880,1115,1092,1024,819,900,1469,1381,1379,1337,1469,1392,1410,1313,,
HWA,HWA1102,KIWI,whareroa,Gas,Cogen,2026-08-14,1330,1463,1465,1286,1213,1149,1189,1174,1189,1252,1170,1154,1086,1168,958,785,916,870,815,1134,1165,934,849,1097,1063,855,675,615,414,489,328,300,210,148,137,42,36,72,205,485,472,538,754,1068,1034,1051,948,1144,,
HWA,HWA1102,KIWI,whareroa,Gas,Cogen,2026-08-15,1127,1259,1017,928,678,563,652,802,872,1058,1003,1022,813,803,687,1070,1222,1106,1046,889,743,802,1022,871,810,1026,764,896,1008,1097,1030,1053,750,532,694,620,827,797,694,784,834,884,880,904,958,929,871,926,,
HWA,HWA1102,KIWI,whareroa,Gas,Cogen,2026-08-16,1060,1186,1105,1200,1269,1232,1223,1034,1038,1094,1004,993,1052,1197,1288,1081,1038,899,820,883,759,813,617,667,473,368,469,486,451,498,460,536,373,193,514,516,463,417,533,504,455,406,654,826,1046,1182,985,1026,,
HWA,HWA1102,KIWI,whareroa,Gas,Cogen,2026-08-17,748,725,796,744,751,562,776,878,940,995,747,767,851,732,873,1178,1227,1124,942,944,881,793,774,731,763,494,637,735,875,667,817,817,964,1055,536,0,206,1092,1049,1042,995,1083,1088,1044,1062,1195,1224,1020,,
HWA,HWA1102,KIWI,whareroa,Gas,Cogen,2026-08-18,622,689,648,782,661,771,749,944,1036,1167,1034,1285,1374,1548,1445,1110,739,362,227,181,153,2,11,0,0,0,0,0,0,0,0,0,0,0,0,0,0,0,0,0,0,0,0,0,0,0,0,0,,
HWA,HWA1102,KIWI,whareroa,Gas,Cogen,2026-08-19,0,0,0,0,0,0,0,0,0,0,0,0,0,0,0,0,0,0,0,0,0,0,0,0,0,0,0,0,0,0,0,0,0,0,200,119,338,325,316,191,186,184,113,213,132,159,111,205,,
HWA,HWA1102,KIWI,whareroa,Gas,Cogen,2026-08-20,150,69,26,1,5,1,592,343,370,402,588,594,657,445,320,455,102,3,0,0,0,0,0,0,0,0,0,0,0,0,0,0,0,0,336,461,567,450,413,462,514,133,329,102,189,108,149,143,,
HWA,HWA1102,KIWI,whareroa,Gas,Cogen,2026-08-21,199,220,206,327,268,348,386,485,356,350,360,315,375,376,612,911,856,715,105,445,144,0,0,0,165,175,23,257,142,175,121,0,0,2,881,1093,1132,1063,1073,1188,1214,1069,994,1073,1093,1112,1145,1080,,
HWA,HWA1102,KIWI,whareroa,Gas,Cogen,2026-08-22,962,1015,1018,1101,1018,1027,1022,1165,1134,1272,1187,1211,1242,1222,922,137,12,0,0,0,0,0,0,0,0,0,0,0,0,0,0,0,0,0,0,0,0,0,0,0,0,0,0,0,0,0,0,0,,
HWA,HWA1102,KIWI,whareroa,Gas,Cogen,2026-08-23,0,0,0,0,0,0,0,0,0,0,0,0,0,0,0,0,0,0,0,0,0,0,0,0,0,0,0,0,0,0,0,0,0,0,0,0,0,0,0,0,0,0,0,0,0,0,0,0,,
HWA,HWA1102,KIWI,whareroa,Gas,Cogen,2026-08-24,0,0,0,0,0,0,0,0,0,0,0,0,0,0,0,0,0,0,0,0,0,0,0,0,0,0,0,0,0,0,0,0,0,0,0,0,0,0,0,0,0,0,0,0,0,0,0,0,,
HWA,HWA1102,KIWI,whareroa,Gas,Cogen,2026-08-25,0,0,0,0,0,0,0,0,0,0,0,0,0,0,0,0,0,0,0,0,0,0,0,0,0,0,0,0,0,0,0,0,0,0,0,0,0,0,0,0,0,0,0,0,0,0,0,0,,
HWA,HWA1102,KIWI,whareroa,Gas,Cogen,2026-08-26,0,0,0,0,0,0,0,0,0,0,0,0,0,0,0,0,0,0,0,0,0,0,0,0,0,0,0,0,0,0,0,0,0,0,0,0,0,0,0,0,0,0,0,0,0,0,0,0,,
HWA,HWA1102,KIWI,whareroa,Gas,Cogen,2026-08-27,0,0,0,0,0,0,0,0,0,0,0,0,0,0,0,0,0,0,0,0,0,0,0,0,0,0,0,0,0,0,0,0,0,0,0,0,0,0,0,0,0,0,0,0,0,0,0,0,,
HWA,HWA1102,KIWI,whareroa,Gas,Cogen,2026-08-28,0,0,0,0,0,0,0,0,0,0,0,0,0,0,0,0,0,0,0,0,0,0,0,0,0,0,0,0,0,0,0,0,0,0,0,0,0,0,0,0,0,0,0,0,0,0,0,0,,
HWA,HWA1102,KIWI,whareroa,Gas,Cogen,2026-08-29,0,0,0,0,0,0,0,0,0,0,0,0,0,0,0,0,0,0,0,0,0,0,0,0,0,0,0,0,0,0,0,0,0,0,0,0,0,0,0,0,0,0,0,0,0,0,0,0,,
HWA,HWA1102,KIWI,whareroa,Gas,Cogen,2026-08-30,0,0,0,0,0,0,0,0,0,0,0,0,0,0,0,0,0,0,0,0,0,0,0,0,0,0,0,0,0,0,0,0,0,0,0,0,0,0,0,0,0,0,0,0,0,0,0,0,,
HWA,HWA1102,KIWI,whareroa,Gas,Cogen,2026-08-31,0,0,0,0,0,0,0,0,0,0,0,0,0,0,0,119,36,0,0,0,0,0,239,145,292,530,467,626,686,683,407,325,21,0,0,0,0,68,75,11,4,2,12,32,105,88,111,2,,
HWB,HWB0331,DUNE,Waipori,Hydro,Hydro,2026-08-01,0,0,0,0,0,0,0,0,0,0,0,0,0,0,0,0,0,0,0,0,0,0,0,0,0,0,0,0,0,0,0,0,0,0,0,0,0,0,0,0,0,0,0,0,0,0,0,0,,
HWB,HWB0331,DUNE,Waipori,Hydro,Hydro,2026-08-02,0,0,0,0,0,0,0,0,0,0,0,0,0,0,0,0,0,0,0,0,0,0,0,0,0,0,0,0,0,0,0,0,0,0,0,0,0,0,0,0,0,0,0,0,0,0,0,0,,
HWB,HWB0331,DUNE,Waipori,Hydro,Hydro,2026-08-03,0,0,0,0,0,0,0,0,0,0,0,0,0,0,0,0,0,0,0,0,0,0,0,0,0,0,0,0,0,0,0,0,0,0,0,0,0,0,0,0,0,0,0,0,0,0,0,0,,
HWB,HWB0331,DUNE,Waipori,Hydro,Hydro,2026-08-04,0,0,0,0,0,0,0,0,0,0,0,0,0,0,0,0,0,0,0,0,0,0,0,0,0,0,0,0,0,0,0,0,0,0,0,0,0,0,0,0,0,0,0,0,0,0,0,0,,
HWB,HWB0331,DUNE,Waipori,Hydro,Hydro,2026-08-05,0,0,0,0,0,0,0,0,0,0,0,0,0,0,0,0,0,0,0,0,0,0,0,0,0,0,0,0,0,0,0,0,0,0,0,0,0,0,0,0,0,0,0,0,0,0,0,0,,
HWB,HWB0331,DUNE,Waipori,Hydro,Hydro,2026-08-06,0,0,0,0,0,0,0,0,0,0,0,0,0,0,0,0,0,0,0,0,0,0,0,0,0,0,0,0,0,0,0,0,0,0,0,0,0,0,0,0,0,0,0,0,0,0,0,0,,
HWB,HWB0331,DUNE,Waipori,Hydro,Hydro,2026-08-07,0,0,0,0,0,0,0,0,0,0,0,0,0,0,0,0,0,0,0,0,0,0,0,0,0,0,0,0,0,0,0,0,0,0,0,0,0,0,0,0,0,0,0,0,0,0,0,0,,
HWB,HWB0331,DUNE,Waipori,Hydro,Hydro,2026-08-08,0,0,0,0,0,0,0,0,0,0,0,0,0,0,0,0,0,0,0,0,0,0,0,0,0,0,0,0,0,0,0,0,0,0,0,0,0,0,0,0,0,0,0,0,0,0,0,0,,
HWB,HWB0331,DUNE,Waipori,Hydro,Hydro,2026-08-09,0,0,0,0,0,0,0,0,0,0,0,0,0,0,0,0,0,0,0,0,0,0,0,0,0,0,0,0,0,0,0,0,0,0,0,0,0,0,0,0,0,0,0,0,0,0,0,0,,
HWB,HWB0331,DUNE,Waipori,Hydro,Hydro,2026-08-10,0,0,0,0,0,0,0,0,0,0,0,0,0,0,0,0,0,0,0,0,0,0,0,0,0,0,0,0,0,0,0,0,0,0,0,0,0,0,0,0,0,0,0,0,0,0,0,0,,
HWB,HWB0331,DUNE,Waipori,Hydro,Hydro,2026-08-11,0,0,0,0,0,0,0,0,0,0,0,0,0,0,0,0,0,0,0,0,0,0,0,0,0,0,0,0,0,0,0,0,0,0,0,0,0,0,0,0,0,0,0,0,0,0,0,0,,
HWB,HWB0331,DUNE,Waipori,Hydro,Hydro,2026-08-12,0,0,0,0,0,0,0,0,0,0,0,0,0,0,0,0,0,0,0,0,0,0,0,0,0,0,0,0,0,0,0,0,0,0,0,0,0,0,0,0,0,0,0,0,0,0,0,0,,
HWB,HWB0331,DUNE,Waipori,Hydro,Hydro,2026-08-13,0,0,0,0,0,0,0,0,0,0,0,0,0,0,0,0,0,0,0,0,0,0,0,0,0,0,0,0,0,0,0,0,0,0,0,0,0,0,0,0,0,0,0,0,0,0,0,0,,
HWB,HWB0331,DUNE,Waipori,Hydro,Hydro,2026-08-14,0,0,0,0,0,0,0,0,0,0,0,0,0,0,0,0,0,0,0,0,0,0,0,0,0,0,0,0,0,0,0,0,0,0,0,0,0,0,0,0,0,0,0,0,0,0,0,0,,
HWB,HWB0331,DUNE,Waipori,Hydro,Hydro,2026-08-15,0,0,0,0,0,0,0,0,0,0,0,0,0,0,0,0,0,0,0,0,0,0,0,0,0,0,0,0,0,0,0,0,0,0,0,0,0,0,0,0,0,0,0,0,0,0,0,0,,
HWB,HWB0331,DUNE,Waipori,Hydro,Hydro,2026-08-16,0,0,0,0,0,0,0,0,0,0,0,0,0,0,0,0,0,0,0,0,0,0,0,0,0,0,0,0,0,0,0,0,0,0,0,0,0,0,0,0,0,0,0,0,0,0,0,0,,
HWB,HWB0331,DUNE,Waipori,Hydro,Hydro,2026-08-17,0,0,0,0,0,0,0,0,0,0,0,0,0,0,0,0,0,0,0,0,0,0,0,0,0,0,0,0,0,0,0,0,0,0,0,0,0,0,0,0,0,0,0,0,0,0,0,0,,
HWB,HWB0331,DUNE,Waipori,Hydro,Hydro,2026-08-18,0,0,0,0,0,0,0,0,0,0,0,0,0,0,0,0,0,0,0,0,0,0,0,0,0,0,0,0,0,0,0,0,0,0,0,0,0,0,0,0,0,0,0,0,0,0,0,0,,
HWB,HWB0331,DUNE,Waipori,Hydro,Hydro,2026-08-19,0,0,0,0,0,0,0,0,0,0,0,0,0,0,0,0,0,0,0,0,0,0,0,0,0,0,0,0,0,0,0,0,0,0,0,0,0,0,0,0,0,0,0,0,0,0,0,0,,
HWB,HWB0331,DUNE,Waipori,Hydro,Hydro,2026-08-20,0,0,0,0,0,0,0,0,0,0,0,0,0,0,0,0,0,0,0,0,0,0,0,0,0,0,0,0,0,0,0,0,0,0,0,0,0,0,0,0,0,0,0,0,0,0,0,0,,
HWB,HWB0331,DUNE,Waipori,Hydro,Hydro,2026-08-21,0,0,0,0,0,0,0,0,0,0,0,0,0,0,0,0,0,0,0,0,0,0,0,0,0,0,0,0,0,0,0,0,0,0,0,0,0,0,0,0,0,0,0,0,0,0,0,0,,
HWB,HWB0331,DUNE,Waipori,Hydro,Hydro,2026-08-22,0,0,0,0,850,0,0,0,0,0,0,0,0,0,0,0,0,0,0,0,0,0,0,0,0,0,0,0,0,0,0,0,0,0,0,0,0,0,0,0,0,0,0,0,0,0,0,0,,
HWB,HWB0331,DUNE,Waipori,Hydro,Hydro,2026-08-23,0,0,0,0,0,0,0,379,1060,1086,1055,3,0,477,0,0,0,0,0,0,0,0,0,0,0,0,0,0,0,0,0,0,0,0,0,0,0,0,0,0,0,0,0,0,0,0,0,0,,
HWB,HWB0331,DUNE,Waipori,Hydro,Hydro,2026-08-24,0,0,0,0,610,762,1471,1303,1375,615,0,0,0,0,0,0,0,0,0,0,0,0,0,0,0,0,0,0,0,0,0,0,0,0,0,0,0,0,0,0,0,0,0,0,0,0,0,0,,
HWB,HWB0331,DUNE,Waipori,Hydro,Hydro,2026-08-25,0,0,0,0,0,0,0,0,0,0,756,0,0,0,0,0,0,0,0,0,0,0,0,0,0,0,0,0,0,0,0,0,0,0,0,0,0,0,0,0,0,0,0,0,0,0,0,0,,
HWB,HWB0331,DUNE,Waipori,Hydro,Hydro,2026-08-26,0,0,0,0,0,0,0,0,0,0,0,0,0,0,0,0,0,0,0,0,0,0,0,0,0,0,0,0,0,0,0,0,0,0,0,0,0,0,0,0,0,0,0,0,0,0,0,0,,
HWB,HWB0331,DUNE,Waipori,Hydro,Hydro,2026-08-27,0,0,0,0,0,0,0,0,0,0,0,0,0,0,0,0,0,0,0,0,0,0,0,0,0,0,0,0,0,0,0,0,0,0,0,0,0,0,0,0,0,0,0,0,0,0,0,0,,
HWB,HWB0331,DUNE,Waipori,Hydro,Hydro,2026-08-28,0,0,0,0,0,0,0,0,0,0,0,0,0,0,0,0,0,0,0,0,0,0,0,0,0,0,0,0,0,0,0,0,0,0,0,0,0,0,0,0,0,0,0,0,0,0,0,0,,
HWB,HWB0331,DUNE,Waipori,Hydro,Hydro,2026-08-29,0,0,0,0,0,0,0,0,0,0,0,0,0,0,0,0,0,0,0,0,0,0,0,0,0,0,0,0,0,0,0,0,0,0,0,0,0,0,0,0,0,0,0,0,0,0,0,0,,
HWB,HWB0331,DUNE,Waipori,Hydro,Hydro,2026-08-30,0,0,0,0,0,0,0,0,0,0,0,0,0,0,0,0,0,0,0,0,0,0,0,0,0,0,0,0,0,0,0,0,0,0,0,0,0,0,0,0,0,0,0,0,0,0,0,0,,
HWB,HWB0331,DUNE,Waipori,Hydro,Hydro,2026-08-31,0,0,0,0,0,0,0,0,0,0,0,0,0,0,0,0,0,0,0,0,0,0,0,0,0,0,0,0,0,0,0,0,0,0,0,0,0,0,0,0,0,0,0,0,0,0,0,0,,
ISL,ISL0661,ORON,kōwhai_park_solar_farm,SOL,PV,2026-08-01,0,0,0,0,0,0,0,0,0,0,0,0,0,0,0,0,0,0,0,0,0,0,0,0,0,0,0,0,0,0,0,0,0,0,0,0,0,0,0,0,0,0,0,0,0,0,0,0,,
ISL,ISL0661,ORON,kōwhai_park_solar_farm,SOL,PV,2026-08-02,0,0,0,0,0,0,0,0,0,0,0,0,0,0,0,0,0,0,0,0,0,0,0,0,0,0,0,0,0,0,0,0,0,0,0,0,0,0,0,0,0,0,0,0,0,0,0,0,,
ISL,ISL0661,ORON,kōwhai_park_solar_farm,SOL,PV,2026-08-03,0,0,0,0,0,0,0,0,0,0,0,0,0,0,0,0,0,0,0,0,0,0,0,0,0,0,0,0,0,0,0,0,0,0,0,0,0,0,0,0,0,0,0,0,0,0,0,0,,
ISL,ISL0661,ORON,kōwhai_park_solar_farm,SOL,PV,2026-08-04,0,0,0,0,0,0,0,0,0,0,0,0,0,0,0,0,0,0,0,0,0,0,0,0,0,0,0,0,0,0,0,0,0,0,0,0,0,0,0,0,0,0,0,0,0,0,0,0,,
ISL,ISL0661,ORON,kōwhai_park_solar_farm,SOL,PV,2026-08-05,0,0,0,0,0,0,0,0,0,0,0,0,0,0,0,0,0,0,0,0,0,0,0,0,0,0,0,0,0,0,0,0,0,0,0,0,0,0,0,0,0,0,0,0,0,0,0,0,,
ISL,ISL0661,ORON,kōwhai_park_solar_farm,SOL,PV,2026-08-06,0,0,0,0,0,0,0,0,0,0,0,0,0,0,0,0,0,0,0,0,0,0,0,0,0,0,0,0,0,0,0,0,0,0,0,0,0,0,0,0,0,0,0,0,0,0,0,0,,
ISL,ISL0661,ORON,kōwhai_park_solar_farm,SOL,PV,2026-08-07,0,0,0,0,0,0,0,0,0,0,0,0,0,0,0,0,0,0,0,0,0,0,0,0,0,0,0,0,0,0,0,0,0,0,0,0,0,0,0,0,0,0,0,0,0,0,0,0,,
ISL,ISL0661,ORON,kōwhai_park_solar_farm,SOL,PV,2026-08-08,0,0,0,0,0,0,0,0,0,0,0,0,0,0,0,0,0,0,0,0,0,0,0,0,0,0,0,0,0,0,0,0,0,0,0,0,0,0,0,0,0,0,0,0,0,0,0,0,,
ISL,ISL0661,ORON,kōwhai_park_solar_farm,SOL,PV,2026-08-09,0,0,0,0,0,0,0,0,0,0,0,0,0,0,0,0,0,0,0,0,0,0,0,0,0,0,0,0,0,0,0,0,0,0,0,0,0,0,0,0,0,0,0,0,0,0,0,0,,
ISL,ISL0661,ORON,kōwhai_park_solar_farm,SOL,PV,2026-08-10,0,0,0,0,0,0,0,0,0,0,0,0,0,0,0,0,0,0,0,0,0,0,0,0,0,0,0,0,0,0,0,0,0,0,0,0,0,0,0,0,0,0,0,0,0,0,0,0,,
ISL,ISL0661,ORON,kōwhai_park_solar_farm,SOL,PV,2026-08-11,0,0,0,0,0,0,0,0,0,0,0,0,0,0,0,0,0,0,0,0,0,0,0,0,0,0,0,0,0,0,0,0,0,0,0,0,0,0,0,0,0,0,0,0,0,0,0,0,,
ISL,ISL0661,ORON,kōwhai_park_solar_farm,SOL,PV,2026-08-12,0,0,0,0,0,0,0,0,0,0,0,0,0,0,0,0,0,0,0,0,0,0,0,0,0,0,0,0,0,0,0,0,0,0,0,0,0,0,0,0,0,0,0,0,0,0,0,0,,
ISL,ISL0661,ORON,kōwhai_park_solar_farm,SOL,PV,2026-08-13,0,0,0,0,0,0,0,0,0,0,0,0,0,0,0,0,0,0,0,0,0,0,0,0,0,0,0,0,0,0,0,0,0,0,0,0,0,0,0,0,0,0,0,0,0,0,0,0,,
ISL,ISL0661,ORON,kōwhai_park_solar_farm,SOL,PV,2026-08-14,0,0,0,0,0,0,0,0,0,0,0,0,0,0,0,0,0,0,0,0,0,0,0,0,0,0,0,0,0,0,0,0,0,0,0,0,0,0,0,0,0,0,0,0,0,0,0,0,,
ISL,ISL0661,ORON,kōwhai_park_solar_farm,SOL,PV,2026-08-15,0,0,0,0,0,0,0,0,0,0,0,0,0,0,0,0,0,0,0,0,0,0,0,0,0,0,0,0,0,0,0,0,0,0,0,0,0,0,0,0,0,0,0,0,0,0,0,0,,
ISL,ISL0661,ORON,kōwhai_park_solar_farm,SOL,PV,2026-08-16,0,0,0,0,0,0,0,0,0,0,0,0,0,0,0,0,0,0,0,0,0,0,0,0,0,0,0,0,0,0,0,0,0,0,0,0,0,0,0,0,0,0,0,0,0,0,0,0,,
ISL,ISL0661,ORON,kōwhai_park_solar_farm,SOL,PV,2026-08-17,0,0,0,0,0,0,0,0,0,0,0,0,0,0,0,0,0,0,0,0,0,0,0,0,0,0,0,0,0,0,0,0,0,0,0,0,0,0,0,0,0,0,0,0,0,0,0,0,,
ISL,ISL0661,ORON,kōwhai_park_solar_farm,SOL,PV,2026-08-18,0,0,0,0,0,0,0,0,0,0,0,0,0,0,0,0,0,0,0,0,0,0,0,0,0,0,0,0,0,0,0,0,0,0,0,0,0,0,0,0,0,0,0,0,0,0,0,0,,
ISL,ISL0661,ORON,kōwhai_park_solar_farm,SOL,PV,2026-08-19,0,0,0,0,0,0,0,0,0,0,0,0,0,0,0,0,0,0,0,0,0,0,0,0,0,0,0,0,0,0,0,0,0,0,0,0,0,0,0,0,0,0,0,0,0,0,0,0,,
ISL,ISL0661,ORON,kōwhai_park_solar_farm,SOL,PV,2026-08-20,0,0,0,0,0,0,0,0,0,0,0,0,0,0,0,0,0,0,0,0,0,0,0,0,0,0,0,0,0,0,0,0,0,0,0,0,0,0,0,0,0,0,0,0,0,0,0,0,,
ISL,ISL0661,ORON,kōwhai_park_solar_farm,SOL,PV,2026-08-21,0,0,0,0,0,0,0,0,0,0,0,0,0,0,0,0,0,0,0,0,0,0,0,0,0,0,0,0,0,0,0,0,0,0,0,0,0,0,0,0,0,0,0,0,0,0,0,0,,
ISL,ISL0661,ORON,kōwhai_park_solar_farm,SOL,PV,2026-08-22,0,0,0,0,0,0,0,0,0,0,0,0,0,0,0,0,0,0,0,0,0,0,0,0,0,0,0,0,0,0,0,0,0,0,0,0,0,0,0,0,0,0,0,0,0,0,0,0,,
ISL,ISL0661,ORON,kōwhai_park_solar_farm,SOL,PV,2026-08-23,0,0,0,0,0,0,0,0,0,0,0,0,0,0,0,0,0,0,0,0,0,0,0,0,0,0,0,0,0,0,0,0,0,0,0,0,0,0,0,0,0,0,0,0,0,0,0,0,,
ISL,ISL0661,ORON,kōwhai_park_solar_farm,SOL,PV,2026-08-24,0,0,0,0,0,0,0,0,0,0,0,0,0,0,0,0,0,0,0,0,0,0,0,0,0,0,0,0,0,0,0,0,0,0,0,0,0,0,0,0,0,0,0,0,0,0,0,0,,
ISL,ISL0661,ORON,kōwhai_park_solar_farm,SOL,PV,2026-08-25,0,0,0,0,0,0,0,0,0,0,0,0,0,0,0,0,0,0,0,0,0,0,0,0,0,0,0,0,0,0,0,0,0,0,0,0,0,0,0,0,0,0,0,0,0,0,0,0,,
ISL,ISL0661,ORON,kōwhai_park_solar_farm,SOL,PV,2026-08-26,0,0,0,0,0,0,0,0,0,0,0,0,0,0,0,0,0,0,0,0,0,0,0,0,0,0,0,0,0,0,0,0,0,0,0,0,0,0,0,0,0,0,0,0,0,0,0,0,,
ISL,ISL0661,ORON,kōwhai_park_solar_farm,SOL,PV,2026-08-27,0,0,0,0,0,0,0,0,0,0,0,0,0,0,0,0,0,0,0,0,0,0,0,0,0,0,0,0,0,0,0,0,0,0,0,0,0,0,0,0,0,0,0,0,0,0,0,0,,
ISL,ISL0661,ORON,kōwhai_park_solar_farm,SOL,PV,2026-08-28,0,0,0,0,0,0,0,0,0,0,0,0,0,0,0,0,0,0,0,0,0,0,0,0,0,0,0,0,0,0,0,0,0,0,0,0,0,0,0,0,0,0,0,0,0,0,0,0,,
ISL,ISL0661,ORON,kōwhai_park_solar_farm,SOL,PV,2026-08-29,0,0,0,0,0,0,0,0,0,0,0,0,0,0,0,0,0,0,0,0,0,0,0,0,0,0,0,0,0,0,0,0,0,0,0,0,0,0,0,0,0,0,0,0,0,0,0,0,,
ISL,ISL0661,ORON,kōwhai_park_solar_farm,SOL,PV,2026-08-30,0,0,0,0,0,0,0,0,0,0,0,0,0,0,0,0,0,0,0,0,0,0,0,0,0,0,0,0,0,0,0,0,0,0,0,0,0,0,0,0,0,0,0,0,0,0,0,0,,
ISL,ISL0661,ORON,kōwhai_park_solar_farm,SOL,PV,2026-08-31,0,0,0,0,0,0,0,0,0,0,0,0,0,0,0,0,0,0,0,0,0,0,0,0,0,0,0,0,0,0,0,0,0,0,0,0,0,0,0,0,0,0,0,0,0,0,0,0,,
JRD,JRD1101,TODD,junctionroad,Gas,Thrml,2026-08-01,0,0,0,0,0,0,0,0,0,0,0,0,0,0,0,0,0,0,0,0,0,0,0,0,0,0,0,0,0,0,0,0,0,0,0,0,21775,24111,24112,24111,24110,24111,1866,0,0,0,0,0,,
JRD,JRD1101,TODD,junctionroad,Gas,Thrml,2026-08-02,0,0,0,0,0,0,0,0,0,0,0,0,0,0,0,0,0,0,0,0,0,0,0,0,0,0,0,0,0,0,0,0,0,21753,23729,23776,24003,24074,24136,24136,24137,24135,24136,24138,1957,0,0,0,,
JRD,JRD1101,TODD,junctionroad,Gas,Thrml,2026-08-03,0,0,0,0,0,0,0,0,0,0,0,5,22036,23719,23714,23275,23268,23271,23272,23023,23010,2958,0,0,0,0,0,0,0,0,0,0,0,0,0,0,0,0,0,0,0,0,0,0,0,0,0,0,,
JRD,JRD1101,TODD,junctionroad,Gas,Thrml,2026-08-04,0,0,0,0,0,0,0,0,0,0,0,0,21712,24023,24017,24021,24023,24035,24012,24006,2520,0,0,0,0,0,0,0,0,0,0,0,20957,23986,44845,47860,48064,48200,48077,47877,47567,47499,47919,47850,47842,47820,8520,0,,
JRD,JRD1101,TODD,junctionroad,Gas,Thrml,2026-08-05,0,0,0,0,0,0,0,0,0,0,0,0,20934,24233,45286,47860,47863,47824,47833,47836,26548,2046,0,0,0,0,0,0,0,0,0,21343,24028,24007,44783,47856,48010,48224,48175,48172,48171,48172,48176,48176,25963,24194,24229,24242,,
JRD,JRD1101,TODD,junctionroad,Gas,Thrml,2026-08-06,2283,0,0,0,0,0,0,0,0,0,22212,24261,24234,45091,48096,48149,48265,48236,47947,47539,46956,46796,8380,0,0,0,0,0,0,0,0,0,0,0,19861,44947,47355,47352,47342,47136,46503,46204,46181,46217,46135,46212,46154,46217,,
JRD,JRD1101,TODD,junctionroad,Gas,Thrml,2026-08-07,8398,0,0,0,0,0,0,0,0,0,21841,24008,23976,43902,46759,46416,46405,46680,46735,46814,25591,23862,1746,0,0,0,0,0,0,0,0,0,0,0,20379,43138,45110,44756,46590,46599,46599,46599,46603,46605,46598,46603,26070,23921,,
JRD,JRD1101,TODD,junctionroad,Gas,Thrml,2026-08-08,2034,0,0,0,0,0,0,0,0,0,0,0,21582,23630,23544,23489,23491,23287,23281,23279,1731,0,0,0,0,0,0,0,0,19639,22787,22757,44943,47136,47194,47249,47241,47235,47236,47240,47239,47237,47239,47236,9670,0,0,0,,
JRD,JRD1101,TODD,junctionroad,Gas,Thrml,2026-08-09,0,0,0,0,0,0,0,0,0,0,0,0,0,0,0,0,0,0,0,0,0,0,9427,22980,22880,22791,22783,23773,23784,23796,23784,23767,23763,23758,23760,23750,23756,23742,23751,23750,23745,23746,23775,23768,23763,23746,23748,23757,,
JRD,JRD1101,TODD,junctionroad,Gas,Thrml,2026-08-10,1799,0,0,0,0,0,0,0,0,0,0,0,0,0,0,0,0,0,0,0,0,0,0,0,0,0,0,0,0,0,0,0,0,0,20348,22875,22954,22960,23108,23504,23603,23604,23598,23591,24033,23972,1144,0,,
JRD,JRD1101,TODD,junctionroad,Gas,Thrml,2026-08-11,0,0,0,0,0,0,0,0,0,0,0,21789,23802,42534,48088,48127,48131,48063,48079,25448,2493,0,0,0,0,0,0,0,0,0,20984,22899,22889,23041,23250,45108,47524,47496,47497,47822,47840,25827,23889,23905,23907,23905,1841,0,,
JRD,JRD1101,TODD,junctionroad,Gas,Thrml,2026-08-12,0,0,0,0,0,0,0,0,0,0,0,21654,24278,24273,24356,24336,24308,24013,23751,23672,23657,23528,23369,23374,23380,23367,23272,23269,23263,23293,23262,23255,23244,45221,47481,47531,47628,47580,47573,26358,23563,23605,23608,23609,1710,0,0,0,,
JRD,JRD1101,TODD,junctionroad,Gas,Thrml,2026-08-13,0,0,0,0,0,0,0,0,0,0,0,22021,24025,24009,24006,24003,23942,23895,23783,23573,1792,0,0,0,0,0,0,0,0,0,0,0,21281,23285,23432,23433,23412,23384,23578,23562,23558,23605,23609,23601,1652,0,0,0,,
JRD,JRD1101,TODD,junctionroad,Gas,Thrml,2026-08-14,0,0,0,0,0,0,0,0,0,0,0,0,20032,23730,23714,23644,23631,23613,2445,0,0,0,0,0,0,0,0,0,0,0,0,0,0,0,0,0,0,0,0,0,0,0,0,0,0,0,0,0,,
JRD,JRD1101,TODD,junctionroad,Gas,Thrml,2026-08-15,0,0,0,0,0,0,0,0,0,0,0,0,0,0,0,0,0,0,0,0,0,0,0,0,0,0,0,0,0,0,0,0,0,0,0,0,0,0,0,0,0,0,0,0,0,0,0,0,,
JRD,JRD1101,TODD,junctionroad,Gas,Thrml,2026-08-16,0,0,0,0,0,0,0,0,0,0,0,0,0,0,0,0,0,0,0,0,0,0,0,0,0,0,0,0,0,0,0,0,0,0,0,0,0,0,0,0,0,0,0,0,0,0,0,0,,
JRD,JRD1101,TODD,junctionroad,Gas,Thrml,2026-08-17,0,0,0,0,0,0,0,0,0,0,0,0,21957,24222,24206,24209,24216,24214,2184,0,0,0,0,0,0,0,0,0,0,0,0,0,21283,41723,47587,47656,48076,48069,48170,48179,48179,48186,48140,48126,25978,24009,2321,0,,
JRD,JRD1101,TODD,junctionroad,Gas,Thrml,2026-08-18,0,0,0,0,0,0,0,0,0,0,0,21588,41672,48082,48118,48050,48043,47910,10872,0,0,0,0,0,0,0,0,0,0,0,0,0,0,0,21128,23631,24065,24075,24080,24079,24077,24056,24052,24050,1704,0,0,0,,
JRD,JRD1101,TODD,junctionroad,Gas,Thrml,2026-08-19,0,0,0,0,0,0,0,0,0,0,0,21989,45870,48016,48021,48044,48090,48165,26526,2586,0,0,0,0,0,0,0,0,0,0,0,0,0,20649,45319,47366,48010,47928,47798,47796,47791,47786,47785,47777,25545,1758,0,0,,
JRD,JRD1101,TODD,junctionroad,Gas,Thrml,2026-08-20,0,0,0,0,0,0,0,0,0,0,0,22511,45889,48031,48187,48174,48157,48130,8764,0,0,0,0,0,0,0,20672,23044,23050,23048,23048,23043,23009,45285,47298,47363,47455,47424,47382,47393,47958,47979,47992,47992,25958,24000,24037,24048,,
JRD,JRD1101,TODD,junctionroad,Gas,Thrml,2026-08-21,2019,0,0,0,0,0,0,0,0,0,0,22227,45909,48010,48018,47998,47992,47510,25757,23393,23424,23277,23026,1842,0,0,0,0,0,0,0,0,0,0,0,20659,23385,23386,23438,23435,23438,23435,1716,0,0,0,0,0,,
JRD,JRD1101,TODD,junctionroad,Gas,Thrml,2026-08-22,0,0,0,0,0,0,0,0,0,0,0,0,0,0,0,0,0,0,0,0,0,0,0,0,0,0,0,0,0,0,0,0,0,0,0,0,0,0,0,0,0,0,0,0,0,0,0,0,,
JRD,JRD1101,TODD,junctionroad,Gas,Thrml,2026-08-23,0,0,0,0,0,0,0,0,0,0,0,0,0,0,0,0,0,0,0,0,0,0,0,0,0,0,0,0,0,0,0,0,0,0,0,0,0,0,0,0,0,0,0,0,0,0,0,0,,
JRD,JRD1101,TODD,junctionroad,Gas,Thrml,2026-08-24,0,0,0,0,0,0,0,0,0,0,0,0,0,21222,23775,23678,23581,23406,23226,1747,0,0,0,0,0,0,0,0,0,0,0,0,0,0,0,0,21355,23380,23358,23361,23364,23359,23360,23365,2141,0,0,0,,
JRD,JRD1101,TODD,junctionroad,Gas,Thrml,2026-08-25,0,0,0,0,0,0,0,0,0,0,0,0,21421,23395,23418,23410,23380,23313,2844,0,0,0,0,0,0,0,0,0,0,0,0,0,0,0,0,9493,23239,23256,23250,23747,23758,23758,23749,1997,0,0,0,0,,
JRD,JRD1101,TODD,junctionroad,Gas,Thrml,2026-08-26,0,0,0,0,0,0,0,0,0,0,0,0,0,0,0,0,0,0,0,0,0,0,0,0,0,0,0,0,0,0,0,0,0,0,0,0,0,0,0,0,0,0,0,0,0,0,0,0,,
JRD,JRD1101,TODD,junctionroad,Gas,Thrml,2026-08-27,0,0,0,0,0,0,0,0,0,0,0,0,21625,45502,47172,47172,46984,46977,46872,46861,8696,0,0,0,0,0,0,0,0,0,0,0,20960,44765,46871,46830,46855,47080,47099,47199,47201,47226,47221,47212,8417,0,0,0,,
JRD,JRD1101,TODD,junctionroad,Gas,Thrml,2026-08-28,0,0,0,0,0,0,0,0,0,0,0,0,0,0,0,0,0,0,0,0,0,0,0,0,0,0,0,0,0,0,0,0,0,0,0,0,0,0,0,0,0,0,0,0,0,0,0,0,,
JRD,JRD1101,TODD,junctionroad,Gas,Thrml,2026-08-29,0,0,0,0,0,0,0,0,0,0,0,0,0,0,0,0,0,0,0,0,0,0,0,0,0,0,0,0,0,0,0,0,0,0,0,0,0,0,0,0,0,0,0,0,0,0,0,0,,
JRD,JRD1101,TODD,junctionroad,Gas,Thrml,2026-08-30,0,0,0,0,0,0,0,0,0,0,0,0,0,0,0,0,0,0,0,0,0,0,0,0,0,0,0,0,0,0,0,0,0,0,0,0,0,0,0,0,0,0,0,0,0,0,0,0,,
JRD,JRD1101,TODD,junctionroad,Gas,Thrml,2026-08-31,0,0,0,0,0,0,0,0,0,0,0,0,0,0,0,0,0,0,0,0,0,0,0,0,0,0,0,0,0,0,0,0,0,0,0,0,0,0,0,0,0,0,0,0,0,0,0,0,,
KAW,KAW0111,HEDL,kawerau,Geo,Geo,2026-08-01,0,0,0,0,0,0,0,0,0,0,0,0,0,0,0,0,0,0,0,0,0,0,0,0,0,0,0,0,0,0,0,0,0,0,0,0,0,0,0,0,0,0,0,0,0,0,0,0,,
KAW,KAW0111,HEDL,kawerau,Geo,Geo,2026-08-02,0,0,0,0,0,0,0,0,0,0,0,0,0,0,0,0,0,0,0,0,0,0,0,0,0,0,0,0,0,0,0,0,0,0,0,0,0,0,0,0,0,0,0,0,0,0,0,0,,
KAW,KAW0111,HEDL,kawerau,Geo,Geo,2026-08-03,0,0,0,0,0,0,0,0,0,0,0,0,0,0,0,0,0,0,0,0,0,0,0,0,0,0,0,0,0,0,0,0,0,0,0,0,0,0,0,0,0,0,0,0,0,0,0,0,,
KAW,KAW0111,HEDL,kawerau,Geo,Geo,2026-08-04,0,0,0,0,0,0,0,0,0,0,0,0,0,0,0,0,0,0,0,0,0,0,0,0,0,0,0,0,0,0,0,0,0,0,0,0,0,0,0,0,0,0,0,0,0,0,0,0,,
KAW,KAW0111,HEDL,kawerau,Geo,Geo,2026-08-05,0,0,0,0,0,0,0,0,0,0,0,0,0,0,0,0,0,0,0,0,0,0,0,0,0,0,0,0,0,0,0,0,0,0,0,0,0,0,0,0,0,0,0,0,0,0,0,0,,
KAW,KAW0111,HEDL,kawerau,Geo,Geo,2026-08-06,0,0,0,0,0,0,0,0,0,0,0,0,0,0,0,0,0,0,0,0,0,0,0,0,0,0,0,0,0,0,0,0,0,0,0,0,0,0,0,0,0,0,0,0,0,0,0,0,,
KAW,KAW0111,HEDL,kawerau,Geo,Geo,2026-08-07,0,0,0,0,0,0,0,0,0,0,0,0,0,0,0,0,0,0,0,0,0,0,0,0,0,0,0,0,0,0,0,0,0,0,0,0,0,0,0,0,0,0,0,0,0,0,0,0,,
KAW,KAW0111,HEDL,kawerau,Geo,Geo,2026-08-08,0,0,0,0,0,0,0,0,0,0,0,0,0,0,0,0,0,0,0,0,0,0,0,0,0,0,0,0,0,0,0,0,0,0,0,0,0,0,0,0,0,0,0,0,0,0,0,0,,
KAW,KAW0111,HEDL,kawerau,Geo,Geo,2026-08-09,0,0,0,0,0,0,0,0,0,0,0,0,0,0,0,0,0,0,0,0,0,0,0,0,0,0,0,0,0,0,0,0,0,0,0,0,0,0,0,0,0,0,0,0,0,0,0,0,,
KAW,KAW0111,HEDL,kawerau,Geo,Geo,2026-08-10,0,0,0,0,0,0,0,0,0,0,0,0,0,0,0,0,0,0,0,0,0,0,0,0,0,0,0,0,0,0,0,0,0,0,0,0,0,0,0,0,0,0,0,0,0,0,0,0,,
KAW,KAW0111,HEDL,kawerau,Geo,Geo,2026-08-11,0,0,0,0,0,0,0,0,0,0,0,0,0,0,0,0,0,0,0,0,0,0,0,0,0,0,0,0,0,0,0,0,0,0,0,0,0,0,0,0,0,0,0,0,0,0,0,0,,
KAW,KAW0111,HEDL,kawerau,Geo,Geo,2026-08-12,0,0,0,0,0,0,0,0,0,0,0,0,0,0,0,0,0,0,0,0,0,0,0,0,0,0,0,0,0,0,0,0,0,0,0,0,0,0,0,0,0,0,0,0,0,0,0,0,,
KAW,KAW0111,HEDL,kawerau,Geo,Geo,2026-08-13,0,0,0,0,0,0,0,0,0,0,0,0,0,0,0,0,0,0,0,0,0,0,0,0,0,0,0,0,0,0,0,0,0,0,0,0,0,0,0,0,0,0,0,0,0,0,0,0,,
KAW,KAW0111,HEDL,kawerau,Geo,Geo,2026-08-14,0,0,0,0,0,0,0,0,0,0,0,0,0,0,0,0,0,0,0,0,0,0,0,0,0,0,0,0,0,0,0,0,0,0,0,0,0,0,0,0,0,0,0,0,0,0,0,0,,
KAW,KAW0111,HEDL,kawerau,Geo,Geo,2026-08-15,0,0,0,0,0,0,0,0,0,0,0,0,0,0,0,0,0,0,0,0,0,0,0,0,0,0,0,0,0,0,0,0,0,0,0,0,0,0,0,0,0,0,0,0,0,0,0,0,,
KAW,KAW0111,HEDL,kawerau,Geo,Geo,2026-08-16,0,0,0,0,0,0,0,0,0,0,0,0,0,0,0,0,0,0,0,0,0,0,0,0,0,0,0,0,0,0,0,0,0,0,0,0,0,0,0,0,0,0,0,0,0,0,0,0,,
KAW,KAW0111,HEDL,kawerau,Geo,Geo,2026-08-17,0,0,0,0,0,0,0,0,0,0,0,0,0,0,0,0,0,0,0,0,0,0,0,0,0,0,0,0,0,0,0,0,0,0,0,0,0,0,0,0,0,0,0,0,0,0,0,0,,
KAW,KAW0111,HEDL,kawerau,Geo,Geo,2026-08-18,0,0,0,0,0,0,0,0,0,0,0,0,0,0,0,0,0,0,0,0,0,0,0,0,0,0,0,0,0,0,0,0,0,0,0,0,0,0,0,0,0,0,0,0,0,0,0,0,,
KAW,KAW0111,HEDL,kawerau,Geo,Geo,2026-08-19,0,0,0,0,0,0,0,0,0,0,0,0,0,0,0,0,0,0,0,0,0,0,0,0,0,0,0,0,0,0,0,0,0,0,0,0,0,0,0,0,0,0,0,0,0,0,0,0,,
KAW,KAW0111,HEDL,kawerau,Geo,Geo,2026-08-20,0,0,0,0,0,0,0,0,0,0,0,0,0,0,0,0,0,0,0,0,0,0,0,0,0,0,0,0,0,0,0,0,0,0,0,0,0,0,0,0,0,0,0,0,0,0,0,0,,
KAW,KAW0111,HEDL,kawerau,Geo,Geo,2026-08-21,0,0,0,0,0,0,0,0,0,0,0,0,0,0,0,0,0,0,0,0,0,0,0,0,0,0,0,0,0,0,0,0,0,0,0,0,0,0,0,0,0,0,0,0,0,0,0,0,,
KAW,KAW0111,HEDL,kawerau,Geo,Geo,2026-08-22,0,0,0,0,0,0,0,0,0,0,0,0,0,0,0,0,0,0,0,0,0,0,0,0,0,0,0,0,0,0,0,0,0,0,0,0,0,0,0,0,0,0,0,0,0,0,0,0,,
KAW,KAW0111,HEDL,kawerau,Geo,Geo,2026-08-23,0,0,0,0,0,0,0,0,0,0,0,0,0,0,0,0,0,0,0,0,0,0,0,0,0,0,0,0,0,0,0,0,0,0,0,0,0,0,0,0,0,0,0,0,0,0,0,0,,
KAW,KAW0111,HEDL,kawerau,Geo,Geo,2026-08-24,0,0,0,0,0,0,0,0,0,0,0,0,0,0,0,0,0,0,0,0,0,0,0,0,0,0,0,0,0,0,0,0,0,0,0,0,0,0,0,0,0,0,0,0,0,0,0,0,,
KAW,KAW0111,HEDL,kawerau,Geo,Geo,2026-08-25,0,0,0,0,0,0,0,0,0,0,0,0,0,0,0,0,0,0,0,0,0,0,0,0,0,0,0,0,0,0,0,0,0,0,0,0,0,0,0,0,0,0,0,0,0,0,0,0,,
KAW,KAW0111,HEDL,kawerau,Geo,Geo,2026-08-26,0,0,0,0,0,0,0,0,0,0,0,0,0,0,0,0,0,0,0,0,0,0,0,0,0,0,0,0,0,0,0,0,0,0,0,0,0,0,0,0,0,0,0,0,0,0,0,0,,
KAW,KAW0111,HEDL,kawerau,Geo,Geo,2026-08-27,0,0,0,0,0,0,0,0,0,0,0,0,0,0,0,0,0,0,0,0,0,0,0,0,0,0,0,0,0,0,0,0,0,0,0,0,0,0,0,0,0,0,0,0,0,0,0,0,,
KAW,KAW0111,HEDL,kawerau,Geo,Geo,2026-08-28,0,0,0,0,0,0,0,0,0,0,0,0,0,0,0,0,0,0,0,0,0,0,0,0,0,0,0,0,0,0,0,0,0,0,0,0,0,0,0,0,0,0,0,0,0,0,0,0,,
KAW,KAW0111,HEDL,kawerau,Geo,Geo,2026-08-29,0,0,0,0,0,0,0,0,0,0,0,0,0,0,0,0,0,0,0,0,0,0,0,0,0,0,0,0,0,0,0,0,0,0,0,0,0,0,0,0,0,0,0,0,0,0,0,0,,
KAW,KAW0111,HEDL,kawerau,Geo,Geo,2026-08-30,0,0,0,0,0,0,0,0,0,0,0,0,0,0,0,0,0,0,0,0,0,0,0,0,0,0,0,0,0,0,0,0,0,0,0,0,0,0,0,0,0,0,0,0,0,0,0,0,,
KAW,KAW0111,HEDL,kawerau,Geo,Geo,2026-08-31,0,0,0,0,0,0,0,0,0,0,0,0,0,0,0,0,0,0,0,0,0,0,0,0,0,0,0,0,0,0,0,0,0,0,0,0,0,0,0,0,0,0,0,0,0,0,0,0,,
KAW,KAW0112,CHHE,norskeskog,Geo,Geo,2026-08-01,13029,13057,13164,13111,13064,13064,13102,13182,13186,13163,13159,13173,13159,13136,13173,13188,13190,13202,13167,13213,13206,13182,13204,13189,13189,13191,13190,13164,13207,13175,13218,13196,13182,13156,13182,13184,13178,13143,13010,13024,13006,13010,13107,13085,13172,13175,13183,13167,,
KAW,KAW0112,CHHE,norskeskog,Geo,Geo,2026-08-02,13152,13182,13173,13185,13097,13137,13171,13174,13164,13176,13169,13158,13136,13155,13153,13104,13160,13173,13129,12934,12891,12778,13008,12999,13059,13065,13067,12990,12988,13025,12985,13143,13117,13176,13074,13149,13116,13099,13012,12952,12926,13009,13014,12995,13081,13096,13023,13029,,
KAW,KAW0112,CHHE,norskeskog,Geo,Geo,2026-08-03,13067,13055,13061,13051,13032,13037,13063,13039,13043,13146,13159,13134,13110,13109,13135,13009,12972,12911,13048,13058,13043,12915,12883,12889,12963,12850,12953,12768,12606,12590,13029,12960,12899,13039,13105,13111,13150,13148,13156,13164,13142,13114,13136,13056,13025,12987,13005,13071,,
KAW,KAW0112,CHHE,norskeskog,Geo,Geo,2026-08-04,13035,13047,13162,13167,13059,13095,13058,13051,13111,13206,13196,13184,12820,13004,13184,13181,13077,13047,13053,13065,13160,13090,12943,13043,13578,12846,13128,13225,13243,13237,13241,13236,13185,13165,13168,13292,13677,13834,13576,13521,13704,13935,13520,13381,13560,13631,13247,13170,,
KAW,KAW0112,CHHE,norskeskog,Geo,Geo,2026-08-05,13226,13176,13315,13765,13674,13641,13167,12983,13060,13143,13149,12997,13112,13115,13055,13131,14091,14095,13710,12766,12880,12825,12688,12636,12614,12911,13120,13171,13165,13187,13187,13207,13206,13225,13234,13222,13240,13240,13206,13185,13178,13173,13186,13164,13182,13103,13013,13013,,
KAW,KAW0112,CHHE,norskeskog,Geo,Geo,2026-08-06,13019,13015,13056,13106,13088,13136,13224,13215,13196,13143,13130,13129,13102,13086,13063,13070,13120,13082,13114,13106,13140,12993,13007,13080,13064,13075,13204,13119,13111,13077,12907,13052,13128,13108,13217,13244,13225,13257,13254,13261,13213,13244,13265,13250,13240,13184,13126,13101,,
KAW,KAW0112,CHHE,norskeskog,Geo,Geo,2026-08-07,13174,13260,13224,13273,13265,13255,13254,13238,13243,13244,13211,13185,13187,13200,13215,13222,13216,13215,13216,13211,13234,13169,13100,13065,13012,13125,13129,13161,13145,13125,13182,13172,13166,13158,13172,13168,13166,13195,13206,13207,13174,13058,13090,13047,13007,13052,13070,13097,,
KAW,KAW0112,CHHE,norskeskog,Geo,Geo,2026-08-08,13058,13083,13175,13218,13198,13196,13208,13222,13190,13194,13173,13166,13159,13159,13149,13170,13187,13175,13071,13082,13153,13140,13159,13067,13054,13075,13046,13044,13156,13170,13127,13106,13122,13111,13152,13199,13196,13176,13156,13182,13188,13209,13186,13202,13172,13203,13208,13204,,
KAW,KAW0112,CHHE,norskeskog,Geo,Geo,2026-08-09,13221,13203,13207,13194,13179,13214,13216,13187,13244,13264,13294,13292,13374,13540,13833,14266,13485,13182,13149,13176,13258,13507,13537,13610,13593,13641,14020,13761,13444,13366,13568,13451,13603,13852,13831,13807,13681,13674,13659,13620,13501,13666,13560,13431,13351,13336,13436,13420,,
KAW,KAW0112,CHHE,norskeskog,Geo,Geo,2026-08-10,13528,13583,13622,13552,13546,13874,13748,13569,13509,13703,13446,13677,13521,13552,13481,13483,13476,13211,13202,13122,13108,13157,13082,13059,13028,12889,12725,12498,12310,12354,12875,12766,12338,12109,12690,12734,12591,12602,12685,12767,12748,12565,12585,12574,12729,12853,12854,12876,,
KAW,KAW0112,CHHE,norskeskog,Geo,Geo,2026-08-11,12789,12741,12924,12848,12776,12782,12892,13037,13048,12968,13020,12958,12947,13001,13013,12887,13010,13101,13122,13107,13227,13194,13124,13040,12923,13035,12984,12931,12895,12912,12852,13071,13031,13210,13135,13092,13213,13233,13180,13204,13211,13045,13085,13080,13138,13086,13163,13092,,
KAW,KAW0112,CHHE,norskeskog,Geo,Geo,2026-08-12,13078,13077,13103,13178,13162,13034,13077,13102,13096,13205,13191,13137,13209,13218,13221,13223,13213,13211,13215,13232,13217,13210,13164,13199,13089,12993,13041,13164,13191,13172,13216,13194,13233,13206,13253,13230,13187,13197,13050,13134,13249,13254,13262,13269,13264,13238,13211,13167,,
KAW,KAW0112,CHHE,norskeskog,Geo,Geo,2026-08-13,13226,13252,13261,13178,13205,13229,13189,13243,13256,13247,13242,13232,13230,13170,13219,13247,13143,13094,13142,13167,13204,13124,13154,13095,13117,13123,13203,13142,13113,13135,13166,13256,13439,14032,14380,14393,14073,13959,13624,13407,13438,13681,13579,12820,13137,13159,13217,13175,,
KAW,KAW0112,CHHE,norskeskog,Geo,Geo,2026-08-14,13130,13110,13105,13050,12914,12851,12910,12957,13021,13045,12925,12984,12988,13047,13058,13004,13033,13023,13159,13326,13347,13281,13237,13444,13354,13361,12967,12920,13573,13617,13283,13108,13024,13089,13141,13163,12970,12688,12584,12656,12675,12826,12866,12649,12641,12650,12651,12665,,
KAW,KAW0112,CHHE,norskeskog,Geo,Geo,2026-08-15,12820,13089,13079,13146,13235,13243,13222,13257,13253,13263,13242,13253,13252,13168,13141,13203,13167,13231,13179,13205,13387,13213,13150,13099,13057,12930,12733,12776,12832,12835,12723,12717,12929,12974,13026,12994,12722,12625,13055,13019,13141,13106,13078,12992,12975,13118,13128,13143,,
KAW,KAW0112,CHHE,norskeskog,Geo,Geo,2026-08-16,13129,13131,13140,13122,13137,13125,13131,13115,13093,13130,13113,13143,13135,13156,13158,13173,13180,13175,13172,13178,13165,13173,13166,13139,13082,13153,13143,13120,13164,13155,13127,13167,13119,13168,13159,13076,13122,13078,13143,13127,13144,13157,13150,13132,13116,13114,13059,12900,,
KAW,KAW0112,CHHE,norskeskog,Geo,Geo,2026-08-17,12748,12688,12632,12676,12690,12708,12708,12662,12696,12710,12747,12991,12822,12991,12861,12803,12756,12712,12565,12713,12836,12790,12776,12865,12827,12739,12890,12888,12788,12339,12155,12334,12335,12423,12559,12588,12593,12650,12721,12537,12921,12905,12933,12906,13034,12985,12909,12881,,
KAW,KAW0112,CHHE,norskeskog,Geo,Geo,2026-08-18,12920,12897,13038,13038,12942,12720,12981,12879,12944,12986,12900,12784,12950,12887,12924,12939,13038,13052,13020,13004,13075,13108,13121,12863,12679,12866,12901,13027,12988,12991,12986,13040,12957,13044,12779,12870,13033,13052,13040,12909,12840,12898,12884,12901,12974,13112,12994,13001,,
KAW,KAW0112,CHHE,norskeskog,Geo,Geo,2026-08-19,12935,12975,12954,12950,12953,12975,12948,13025,13116,13150,13127,13129,13133,13090,13120,13095,13086,13400,15175,15155,15139,15144,15089,15137,14374,13009,13079,12971,12897,12650,12653,12915,12999,13000,13062,13076,13008,13075,13070,13041,13048,13046,13100,13133,13130,13112,13043,13053,,
KAW,KAW0112,CHHE,norskeskog,Geo,Geo,2026-08-20,13050,13047,12964,13060,13038,13051,13042,13148,13210,13105,13029,13023,13003,12978,13004,13040,13078,13078,13041,13067,13110,13003,12985,12862,12859,12831,13079,12802,12857,12960,13097,13096,13131,13162,13100,13102,13147,13134,13126,13124,13148,13133,13061,13025,13117,13021,13000,13073,,
KAW,KAW0112,CHHE,norskeskog,Geo,Geo,2026-08-21,13083,13006,12983,12940,12990,12994,12883,12976,13042,13096,13054,13054,13066,13042,13018,13061,13032,13059,13065,13046,13064,12972,12299,12188,12407,12408,12626,12871,13090,12931,12794,12646,12474,13111,13167,13214,13142,13145,13076,13067,12888,12787,12725,12958,13145,13085,13103,13146,,
KAW,KAW0112,CHHE,norskeskog,Geo,Geo,2026-08-22,13143,13130,13147,13122,13132,13121,13158,13144,13140,13135,13129,13100,13138,13119,13125,13124,13131,13118,13123,13117,13126,13115,13130,13040,12913,12798,12636,13078,13122,12942,12989,13071,13069,13088,13015,13120,13081,12998,12973,12962,13005,12995,13032,13042,13077,13034,12968,13045,,
KAW,KAW0112,CHHE,norskeskog,Geo,Geo,2026-08-23,13021,13009,13003,13066,13103,13101,13087,13096,13092,13093,13094,13079,13078,13101,13101,13091,13100,13083,13064,12836,13007,13010,12833,12740,12463,12170,12283,12723,12906,12933,12962,12913,13002,12995,12975,12963,12814,12616,12571,12716,12694,12754,12838,12964,12921,12771,12852,12824,,
KAW,KAW0112,CHHE,norskeskog,Geo,Geo,2026-08-24,12860,12982,13007,13082,13095,13108,13160,13141,13140,13112,13008,12988,12986,13005,12999,13007,13053,13036,13038,12632,12867,12841,12510,12092,12674,12861,12772,12905,12921,12965,12950,12829,12836,13021,12962,12985,13082,12994,12888,12909,12919,12894,12943,12894,12997,12912,12894,12878,,
KAW,KAW0112,CHHE,norskeskog,Geo,Geo,2026-08-25,12925,12854,12942,12866,12845,12858,12887,12841,12916,12923,12947,12966,12908,12950,12949,13043,13070,13098,13105,13179,13144,13216,13141,13111,13077,12775,12704,12986,12998,13019,12577,12845,13028,13131,13157,13146,13088,13190,13171,13180,13023,13023,13198,13159,13181,13100,13006,13002,,
KAW,KAW0112,CHHE,norskeskog,Geo,Geo,2026-08-26,13084,13028,13157,13090,13019,13096,13093,13152,13096,13150,13149,13185,13188,13177,13123,13038,13136,13088,13020,13040,13080,13097,12967,13139,12935,12887,13016,12959,13057,13010,12931,12944,13069,12878,12936,13060,13075,13024,13016,13035,13066,13137,13136,13171,13140,13159,13142,13138,,
KAW,KAW0112,CHHE,norskeskog,Geo,Geo,2026-08-27,13175,13184,13131,13102,12942,12979,13044,13096,13115,13119,13126,13122,13193,13270,13130,13072,13077,13091,13067,13060,13095,13044,12913,12948,12861,12666,12811,12982,12905,12837,12754,12691,12647,13024,13041,12992,13011,12969,13035,12987,13026,13014,12988,13058,13057,13051,13045,13048,,
KAW,KAW0112,CHHE,norskeskog,Geo,Geo,2026-08-28,13034,13045,13043,13038,13050,13043,13055,12999,13020,13050,13016,13009,12974,13023,12980,13030,13033,12995,13293,13572,13206,13098,13026,12978,12817,12798,12909,12989,12910,13029,12888,13034,13031,13051,13028,13068,13002,12977,12995,12969,12953,12946,12959,12951,12959,13001,12949,12946,,
KAW,KAW0112,CHHE,norskeskog,Geo,Geo,2026-08-29,12871,12951,12939,12889,12875,12905,12950,12977,12995,13031,13022,13036,13029,13024,13004,13032,13031,13035,13016,12959,12921,12906,12961,13049,13031,13042,13084,13071,13036,13036,12994,13013,13049,13002,13006,13023,13040,13029,12997,13027,13037,13030,13043,13060,13075,13049,13047,13067,,
KAW,KAW0112,CHHE,norskeskog,Geo,Geo,2026-08-30,13045,13051,13027,13054,13057,13036,13052,13055,13046,13066,13032,13047,13059,13040,13047,12998,12922,12927,12958,12960,13046,12920,12651,12743,12682,12695,12780,12788,12648,12836,12780,12725,12778,12725,12891,13069,13137,13311,13471,13469,13202,13103,13021,12994,12943,13066,13006,13019,,
KAW,KAW0112,CHHE,norskeskog,Geo,Geo,2026-08-31,13059,13012,13061,13069,13068,13051,13061,12996,13044,13031,13006,13043,13010,13006,13062,13027,12895,12932,12998,12947,12924,12884,12962,12889,12753,12747,12756,12744,12733,12765,12825,12879,13048,13047,13072,13033,12984,12915,12895,12903,12896,13031,12953,12900,12868,12908,12973,13017,,
KAW,KAW1101,KRGL,kawerau_new,Geo,Geo,2026-08-01,50572,50559,50537,50549,50594,50617,50614,50624,50666,50660,50706,50747,50700,50663,50614,50611,50602,50570,50517,50476,50448,50551,50467,50452,50450,50449,50479,50475,50441,50449,50446,50436,50519,50622,50592,50548,50550,50527,50519,50501,50545,50559,50553,50569,50564,50587,50595,50629,,
KAW,KAW1101,KRGL,kawerau_new,Geo,Geo,2026-08-02,50648,50610,50619,50623,50623,50613,50603,50634,50640,50658,50646,50637,50768,50810,50803,50725,50769,50731,50612,50606,50557,50546,50580,50921,51001,50645,50614,50581,50576,50564,50553,50555,50572,50586,50591,50504,50501,50531,50558,50530,50521,50573,50573,50573,50588,50595,50617,50620,,
KAW,KAW1101,KRGL,kawerau_new,Geo,Geo,2026-08-03,50629,50640,50665,50666,50689,50704,50727,50757,50785,50794,50818,50805,50771,50785,50820,50779,50650,50718,50714,50668,50574,50488,50268,50172,50154,50159,50061,50025,50008,50021,49969,50052,50151,50098,50083,50119,50110,50148,50198,50213,50282,50372,50267,50180,50203,50250,50292,50307,,
KAW,KAW1101,KRGL,kawerau_new,Geo,Geo,2026-08-04,50373,50384,50365,50362,50323,50353,50437,50470,50457,50458,50405,50426,50468,50481,50483,50485,50489,50464,50338,50335,50304,50242,50264,50287,50279,50228,50237,50416,50508,50571,50580,50564,50564,50558,50648,50668,50683,50696,50746,50692,50667,50690,50665,50732,50740,50755,50801,50781,,
KAW,KAW1101,KRGL,kawerau_new,Geo,Geo,2026-08-05,50751,50755,50807,50782,50790,50814,50837,50837,50841,50838,50819,50810,50783,50750,50712,50735,50746,50726,50700,50669,44785,37105,37147,36735,42832,50056,50574,50501,50515,50507,50501,50511,50529,50549,50597,50622,50638,50636,50612,50620,50628,50496,50454,50460,50457,50467,50489,50490,,
KAW,KAW1101,KRGL,kawerau_new,Geo,Geo,2026-08-06,50458,50448,50485,50526,50501,50497,50518,50567,50608,50604,50624,50656,50668,50644,50729,50732,50732,50832,50855,50709,50770,50822,50942,51022,49677,49910,50746,50849,50756,50734,50700,50669,50681,50689,50698,50714,50742,50782,50824,50851,50835,50835,50861,50876,50875,50880,50896,50900,,
KAW,KAW1101,KRGL,kawerau_new,Geo,Geo,2026-08-07,50908,50924,50914,50922,50914,50931,50931,50940,50932,50949,50967,51199,51261,51066,51052,51098,51039,50949,50887,50843,50794,50776,50696,50577,50473,50794,50768,50742,50712,50672,50675,50658,50601,50605,50664,50689,50739,50725,50721,50734,50755,50757,50742,50725,50742,50750,50786,50865,,
KAW,KAW1101,KRGL,kawerau_new,Geo,Geo,2026-08-08,50901,50911,50899,50940,50941,50940,50956,51001,50993,50975,50997,51013,50964,50963,50957,50947,50933,50881,50884,50870,50869,50814,50770,50715,50662,50601,50586,50596,50578,50536,50529,50528,50536,50508,50553,50566,50555,50580,50620,50600,50589,50622,50627,50612,50609,50623,50610,50630,,
KAW,KAW1101,KRGL,kawerau_new,Geo,Geo,2026-08-09,50662,50699,50655,50649,50644,50646,50622,50594,50625,50646,50628,50608,50582,50568,50581,50606,50610,50610,50578,50538,50523,50491,50419,50351,50232,50096,49997,50015,50053,50079,50090,50107,50102,50113,50103,50144,50148,50155,50170,50132,50156,50292,50275,50227,50286,50367,50397,50399,,
KAW,KAW1101,KRGL,kawerau_new,Geo,Geo,2026-08-10,50421,50430,50424,50470,50464,50453,50463,50461,50470,50485,50505,50505,50507,50557,50613,50627,50653,50584,50592,50439,50490,50491,50423,50388,50294,50189,50356,50528,50551,50235,50234,50228,50265,50341,50401,50432,50429,50446,50452,50518,50548,50530,50584,50547,50568,50546,50570,50541,,
KAW,KAW1101,KRGL,kawerau_new,Geo,Geo,2026-08-11,50519,50518,50557,50589,50545,50563,50555,50607,50627,50618,50609,50580,50580,50667,50688,50681,50655,50667,50654,50631,50582,50507,50475,50420,50408,50394,50339,50383,50355,50331,50363,50369,50379,50427,50440,50442,50401,50423,50478,50478,50479,50450,50517,50575,50591,50570,50555,50580,,
KAW,KAW1101,KRGL,kawerau_new,Geo,Geo,2026-08-12,50599,50608,50618,50610,50565,50551,50562,50572,50604,50610,50584,50616,50602,50548,50523,50557,50610,50580,50475,50549,50569,50517,50501,50436,50414,50438,50368,50302,50298,50356,50345,50366,50397,50416,50411,50382,50361,50404,50420,50412,50442,50441,50448,50443,50443,50444,50437,50434,,
KAW,KAW1101,KRGL,kawerau_new,Geo,Geo,2026-08-13,50448,50445,50439,50426,50426,50400,50392,50401,50416,50428,50419,50420,50402,50419,50407,50396,50406,50371,50323,50308,50276,50223,50192,50035,50035,50138,50131,50096,50033,50016,50020,49850,49866,49858,49701,49798,49862,49749,49709,49681,49726,49746,49702,49778,49854,49947,49966,49898,,
KAW,KAW1101,KRGL,kawerau_new,Geo,Geo,2026-08-14,49950,50048,50118,50149,50155,50170,50148,50161,50173,50175,50155,50164,50218,50220,50241,50243,50223,50206,50186,50181,50176,50178,50191,50167,50117,50064,49984,50010,50056,50006,50116,50122,50073,50058,50050,50028,50030,50046,50035,50029,50002,50043,50032,49989,49978,50013,50020,50040,,
KAW,KAW1101,KRGL,kawerau_new,Geo,Geo,2026-08-15,50099,50158,50173,50215,50131,50068,50068,50085,50090,50105,50098,50090,50088,50015,49996,49999,50019,50059,50015,50010,50050,49986,49932,49907,49841,49852,49905,49912,49947,49895,49850,49860,49861,49862,49933,49987,50017,50068,50132,50141,50140,50116,50075,50126,50086,50135,50156,50142,,
KAW,KAW1101,KRGL,kawerau_new,Geo,Geo,2026-08-16,50152,50179,50180,50198,50182,50179,50208,50247,50287,50259,50160,50208,50231,50238,50301,50317,50243,50193,50154,50165,50148,50502,50494,50502,50213,50108,50185,50254,50244,50289,50271,50278,50337,50339,50310,50325,50333,50346,50413,50436,50447,50445,50449,50446,50445,50490,50474,50495,,
KAW,KAW1101,KRGL,kawerau_new,Geo,Geo,2026-08-17,50485,50448,50467,50482,50491,50500,50519,50512,50514,50538,50555,50559,50549,50512,50523,50556,50573,50540,50499,50472,50453,50449,50428,50425,50393,50418,50443,50440,50406,50432,50435,50457,50459,50432,50475,50484,50529,50574,50571,50549,50545,50573,50567,50583,50602,50621,50648,50658,,
KAW,KAW1101,KRGL,kawerau_new,Geo,Geo,2026-08-18,50690,50775,50708,50690,50683,50700,50725,50749,50766,50775,50765,50924,51102,50602,50580,50619,50247,50245,50659,50625,50489,50411,50348,50292,50231,50244,50196,50223,50253,50255,50142,50193,50245,50175,50201,50304,50409,50460,50488,50448,50460,50485,50504,50464,50452,50455,50477,50486,,
KAW,KAW1101,KRGL,kawerau_new,Geo,Geo,2026-08-19,50504,50522,50563,50580,50560,50605,50576,50566,50551,50537,50565,50585,50576,50568,50575,50536,50492,50418,50350,50265,46097,38573,38146,38163,41207,49702,50379,50337,50321,50333,50396,50376,50382,50346,50391,50409,50378,50408,50439,50437,50460,50494,50488,50505,50492,50514,50516,50547,,
KAW,KAW1101,KRGL,kawerau_new,Geo,Geo,2026-08-20,50562,50570,50591,50593,50594,50616,50616,50609,50637,50629,50634,50627,50635,50641,50622,50632,50618,50558,50482,50430,50343,50309,50274,50253,50228,50182,50198,50237,50247,50208,50161,50091,50106,50091,50091,50132,50179,50208,50214,50219,50220,50227,50251,50263,50299,50308,50325,50324,,
KAW,KAW1101,KRGL,kawerau_new,Geo,Geo,2026-08-21,50334,50350,50377,50452,50448,50460,50432,50424,50472,50497,50539,50540,50551,50564,50557,50570,50528,50493,50411,50380,50340,50293,50258,50214,50131,50068,50077,50084,50074,50037,50042,50049,50019,50045,50032,50094,50131,50110,50111,50115,50132,50132,50158,50150,50158,50172,50214,50286,,
KAW,KAW1101,KRGL,kawerau_new,Geo,Geo,2026-08-22,50281,50295,50289,50265,50258,50267,50282,50278,50269,50260,50268,50263,50250,50253,50244,50250,50253,50204,50128,50124,50063,49803,49606,49566,49504,49424,49379,49482,49533,49474,49449,49486,49513,49476,49430,49445,49485,49495,49513,49543,49526,49564,49584,49535,49523,49518,49533,49538,,
KAW,KAW1101,KRGL,kawerau_new,Geo,Geo,2026-08-23,49535,49538,49592,49608,49625,49616,49596,49628,49661,49708,49743,49735,49804,49839,49818,49792,49719,49687,49881,49792,49500,49516,49524,49467,49394,49305,49279,49269,49301,49345,49263,49222,49224,49283,49284,49289,49377,49419,49461,49547,49515,49523,49629,49661,49651,49706,49733,49746,,
KAW,KAW1101,KRGL,kawerau_new,Geo,Geo,2026-08-24,49762,49778,49770,49780,49857,49852,49841,49828,49818,49865,49924,49901,49858,49742,49859,49879,49872,49788,49684,49623,49585,49496,49178,49195,49153,49189,49186,49496,49946,50056,50043,50014,50057,50147,50235,50233,50276,50326,50338,50351,50373,50371,50333,50309,50366,50430,50462,50479,,
KAW,KAW1101,KRGL,kawerau_new,Geo,Geo,2026-08-25,50470,50509,50513,50530,50551,50536,50560,50604,50621,50620,50604,50627,50642,50638,50636,50622,50583,50527,50431,50294,50062,49991,49983,49939,49880,49842,49840,49849,49877,49924,50015,50014,49948,49962,49993,50007,50123,50202,50236,50288,50282,50266,50238,50221,50222,50236,50285,50263,,
KAW,KAW1101,KRGL,kawerau_new,Geo,Geo,2026-08-26,50229,50212,50249,50271,50295,50227,50189,50166,50195,50228,50251,50221,50241,50265,50337,50341,50291,50112,49903,49817,49815,49825,49808,49785,49724,49669,49644,49633,49670,49712,49739,49730,49682,49702,49747,49851,49866,49928,50001,50026,50035,50064,50031,50051,50123,50116,50121,50125,,
KAW,KAW1101,KRGL,kawerau_new,Geo,Geo,2026-08-27,50167,50284,50202,50193,50180,50179,50174,50127,50157,50135,50121,50056,50109,50167,50277,50247,50198,50127,50089,50038,49957,49880,49900,50008,50050,50010,49946,49939,49930,49944,49941,49952,49956,49838,49825,49901,49892,49942,49998,50022,50057,50008,49953,49922,49938,49952,49952,49940,,
KAW,KAW1101,KRGL,kawerau_new,Geo,Geo,2026-08-28,50011,50034,50035,50015,50002,50056,49990,49980,50016,49994,49932,49972,49880,49787,49772,49889,49958,49926,50002,49916,49898,49912,49941,49965,49939,49966,49986,49932,49949,49989,50006,50024,50065,50078,50079,50076,50076,50036,50026,50074,50056,50043,50010,50013,49991,49934,49918,49933,,
KAW,KAW1101,KRGL,kawerau_new,Geo,Geo,2026-08-29,49952,49950,49945,49887,49875,49866,49840,49842,49812,49843,49875,49914,49933,49901,49851,49783,49728,49811,49805,49815,49809,49782,49799,49797,49750,49764,49758,49755,49748,49758,49702,49784,49804,49848,49869,49895,49844,49887,49853,49853,49856,49856,49861,49858,49874,49848,49881,49830,,
KAW,KAW1101,KRGL,kawerau_new,Geo,Geo,2026-08-30,49890,49927,49960,49953,49935,49900,49956,49970,49877,50013,50127,50181,50227,50173,50188,50074,50049,49958,49943,50093,50132,50085,49735,49614,49541,49539,49489,49517,49523,49578,49631,49725,49754,49761,49752,49882,50001,50099,50077,50049,50140,50152,50169,50109,50137,50036,50119,50031,,
KAW,KAW1101,KRGL,kawerau_new,Geo,Geo,2026-08-31,50117,50162,50170,50197,50218,50213,50203,50224,50260,50242,50159,50188,50101,50150,50132,50094,50141,50150,50071,50040,50016,50035,50021,49954,49895,49871,49835,49808,49843,49843,49834,49851,49857,49916,49986,49993,49972,49984,50013,50005,50052,50054,50176,50237,50192,50091,50159,50253,,
KAW,KAW2201,TAOM,kawerau_(topp2),GEO,GEO,2026-08-01,38207,38259,38334,38087,37941,38019,38074,37972,38080,38138,37723,37595,37765,38074,37619,37386,37203,36903,37368,37519,37462,37590,37183,37819,37705,37575,37337,37656,37518,37412,37352,37628,38065,38120,38197,38144,38529,38342,38653,38378,38428,38428,38589,38584,38442,38448,38451,38175,,
KAW,KAW2201,TAOM,kawerau_(topp2),GEO,GEO,2026-08-02,38370,38669,38554,37920,36794,36436,36415,36433,36661,37027,36886,36556,36817,37447,37324,37128,36789,37328,37319,37348,37658,37916,38063,37494,37591,37498,37281,37348,37173,37019,37466,37817,37809,38361,38704,38666,38125,38325,38546,38699,38542,38461,38400,38552,38631,38694,38764,38527,,
KAW,KAW2201,TAOM,kawerau_(topp2),GEO,GEO,2026-08-03,38369,38322,38464,38185,37800,37641,37605,37779,36994,36646,36670,36772,36732,36591,36584,36241,36207,35763,36705,37590,36520,35663,34943,35812,36419,36665,36874,36962,36910,37199,37190,37444,37236,37565,37544,37477,37339,37333,37662,37267,38048,38079,37641,38013,37983,37847,37871,37960,,
KAW,KAW2201,TAOM,kawerau_(topp2),GEO,GEO,2026-08-04,38152,38075,37733,36909,37237,37942,38214,38496,38505,38439,38526,38561,38205,38643,38363,36774,37198,37329,37344,37266,37554,37323,36971,37071,37217,37356,37917,38213,38441,38542,38112,38468,38347,38499,38133,38137,38676,38584,38531,38582,38849,38785,38704,38234,38621,38662,38771,38771,,
KAW,KAW2201,TAOM,kawerau_(topp2),GEO,GEO,2026-08-05,38474,38666,38364,38070,38142,38260,38338,38079,38102,38145,37741,37040,36541,36582,36719,37282,37502,37806,37676,37242,37101,37022,36372,36477,36320,36679,36915,36750,36826,37180,37383,37084,37739,38278,38732,38556,38636,38746,38531,38399,38193,38453,38841,38611,38641,38798,38935,38943,,
KAW,KAW2201,TAOM,kawerau_(topp2),GEO,GEO,2026-08-06,38852,38847,38704,38644,38567,38288,38415,38584,38625,37992,37866,37795,37964,38009,38046,38016,37624,37310,37379,37198,37627,37241,37299,37647,38120,38153,37658,37612,37289,37205,37769,37761,37715,38368,38689,38746,37785,38704,38709,38826,38527,38892,39067,39022,38690,38850,39019,38882,,
KAW,KAW2201,TAOM,kawerau_(topp2),GEO,GEO,2026-08-07,38550,37934,37790,37434,37575,37638,37985,38266,38329,38576,38398,38478,38116,37119,36940,36917,36466,36366,36031,37468,37996,38286,38154,38256,38107,37803,37849,37782,37567,37651,37584,37616,37650,38289,38741,38732,38776,38864,38001,38315,38268,38852,38576,38791,38896,38881,38814,38972,,
KAW,KAW2201,TAOM,kawerau_(topp2),GEO,GEO,2026-08-08,39019,38857,39040,38485,38798,39138,38972,39176,39177,38875,39137,38091,38410,37584,36528,36092,36054,36740,37590,37688,37822,37640,37480,37838,37658,37447,37446,37694,37755,37948,38016,38153,38190,38115,38790,38403,38761,38605,38450,38527,38616,38732,38721,38818,38886,38647,38331,38386,,
KAW,KAW2201,TAOM,kawerau_(topp2),GEO,GEO,2026-08-09,38552,38713,38660,38633,38546,38627,38557,38634,38608,38605,38482,38417,38481,38485,38404,38339,38389,38339,38186,38136,37978,38168,37859,37519,37467,37775,37863,38021,38002,37626,37797,37848,37749,37426,37874,38073,38334,37699,37727,37597,37374,37242,37807,37967,37139,36972,36967,37172,,
KAW,KAW2201,TAOM,kawerau_(topp2),GEO,GEO,2026-08-10,37383,37458,37525,37635,37797,37658,37725,38031,38354,38652,38464,38176,38749,38677,38754,38409,38067,37914,37418,37212,37982,38216,38348,37879,37338,36949,37152,37185,37519,37096,37219,37403,37585,37787,38133,38437,38348,38297,37864,38132,37943,37461,37588,38056,37973,37965,37705,37770,,
KAW,KAW2201,TAOM,kawerau_(topp2),GEO,GEO,2026-08-11,38013,37916,38089,38295,38321,38657,38734,37983,38030,38430,38467,38474,38786,38466,38480,38130,38072,37909,37266,36840,36755,37250,37030,37333,37633,37350,19593,11697,12146,11089,11213,17191,21164,25492,30955,29016,33082,36144,37939,38311,38659,38495,38217,38122,38463,38398,38610,38460,,
KAW,KAW2201,TAOM,kawerau_(topp2),GEO,GEO,2026-08-12,38197,38113,38059,38170,38312,38364,38373,38554,38290,38342,38427,38328,38443,38324,38447,38333,38005,37758,37217,36991,36907,37096,36812,36850,37551,37611,37212,37457,37308,37545,37370,37355,37732,37810,37579,37472,37611,38085,38530,38364,38577,38408,38552,37662,37411,37629,38297,38313,,
KAW,KAW2201,TAOM,kawerau_(topp2),GEO,GEO,2026-08-13,38157,38172,37996,38289,38299,38300,38244,38227,38370,38460,38339,38207,38194,38307,38372,38474,38455,38493,38499,38581,38562,38228,37595,37557,37338,38197,37819,37596,37988,37953,38066,37506,35152,31076,31859,32515,33098,36444,36905,37232,37753,37302,37435,37714,37936,37942,37829,37826,,
KAW,KAW2201,TAOM,kawerau_(topp2),GEO,GEO,2026-08-14,37838,37940,38023,38000,37924,37692,37714,37885,38113,38368,38404,38221,38108,37942,38019,37924,37689,37490,37477,37971,37896,37935,38293,38233,37889,37285,37835,38033,38038,37925,38028,38021,37930,37939,38018,38149,38309,38162,38023,37895,37906,38140,37459,37345,37522,37118,37288,37849,,
KAW,KAW2201,TAOM,kawerau_(topp2),GEO,GEO,2026-08-15,37906,37986,38455,38368,38177,37870,38109,38429,38202,38132,38040,38042,38198,38291,37787,37663,37798,37823,37753,37519,37172,36502,36273,36354,36258,37009,37378,37294,36943,36805,36709,36856,36726,36563,37203,37204,37372,37858,37802,37928,37856,38078,37784,37918,38027,37951,38198,37767,,
KAW,KAW2201,TAOM,kawerau_(topp2),GEO,GEO,2026-08-16,37792,38040,38165,38045,38081,38005,37961,37837,37918,38210,38557,38243,38311,38572,38535,38590,38258,37604,37051,37263,37185,37508,37907,37797,38162,38201,38474,38349,38446,38460,38459,38508,38157,38161,37843,37664,37520,37447,37130,37296,37499,37630,37601,37581,37668,37702,37756,37703,,
KAW,KAW2201,TAOM,kawerau_(topp2),GEO,GEO,2026-08-17,37709,37855,37975,37851,37745,37919,37877,37786,37706,37845,38109,38387,38209,38028,37895,37974,37701,37497,37703,37598,37135,36785,36731,36321,36787,36735,36718,36682,36633,36732,37342,37268,38036,38178,38477,38387,38567,38491,38070,37983,38145,38191,38166,38233,38141,38074,37977,37951,,
KAW,KAW2201,TAOM,kawerau_(topp2),GEO,GEO,2026-08-18,38047,38022,37943,37883,37948,37942,38125,38166,38127,38084,38153,37144,38377,38489,38900,38666,38378,37689,37173,37628,36279,35236,35082,35259,35316,35073,35135,35073,34937,35193,35256,35698,35776,36424,37673,37518,38105,37861,38134,38081,37727,37895,37810,37784,38021,38195,38452,37852,,
KAW,KAW2201,TAOM,kawerau_(topp2),GEO,GEO,2026-08-19,37902,38197,38326,38356,38394,38901,38319,38428,38209,38363,38133,38161,38424,38581,38548,38065,37962,37839,37490,37393,36658,36282,35882,35903,36076,35905,36407,36314,37154,37793,37712,37923,37486,37988,37826,38559,38934,38336,38743,38877,38957,38973,38819,38848,39168,38710,38840,39137,,
KAW,KAW2201,TAOM,kawerau_(topp2),GEO,GEO,2026-08-20,39144,39112,38839,38439,38135,38152,38140,38080,38098,38269,38251,38281,38102,38408,38358,37896,37686,37728,38195,38282,38137,37680,37332,37644,37461,37283,37037,37711,37416,37804,37626,37583,37878,38163,38072,38598,37945,38660,38555,38819,38543,38934,38512,38738,38505,38555,38507,38457,,
KAW,KAW2201,TAOM,kawerau_(topp2),GEO,GEO,2026-08-21,38460,38790,38794,38195,38555,38678,38746,38666,38670,38759,38944,38848,38985,39020,38680,36821,36123,36520,37211,36958,36802,37678,37987,37688,36691,36431,36866,36607,36537,36302,36350,36478,36844,37128,37332,37644,37287,37233,37666,37858,37790,37981,38012,37584,37782,38221,38774,38275,,
KAW,KAW2201,TAOM,kawerau_(topp2),GEO,GEO,2026-08-22,38335,38209,37975,37725,38012,38226,38210,38236,38162,38364,38308,38469,38629,38774,38886,38583,38521,38050,37367,37614,37781,37687,37348,37471,37128,37302,37281,37252,36783,36836,36724,36726,36764,37447,38008,38140,38226,38167,38138,38280,38206,38335,38102,37974,38084,38354,38344,38382,,
KAW,KAW2201,TAOM,kawerau_(topp2),GEO,GEO,2026-08-23,38304,38472,38309,38446,38628,38521,38640,38632,38835,38806,38701,38329,38222,38185,38383,38079,37678,37294,37478,37877,37739,37358,37299,37036,36941,37299,37245,36873,37239,37164,37809,37732,36944,36906,36836,37212,37838,38052,38209,38396,37183,38251,38369,38204,38173,38322,38293,38392,,
KAW,KAW2201,TAOM,kawerau_(topp2),GEO,GEO,2026-08-24,38559,38681,38610,38114,38276,38257,38023,37879,37456,38224,38387,38386,38316,38438,38525,38525,38121,37350,36325,36685,36800,36966,37043,37459,37458,37497,37306,37203,37298,37152,36931,37154,37406,37563,37880,38357,38333,38617,38348,38648,38705,38758,38870,38567,38221,38331,38507,38574,,
KAW,KAW2201,TAOM,kawerau_(topp2),GEO,GEO,2026-08-25,37532,37438,37296,37357,37516,37531,37591,37641,37596,37625,37576,38160,38303,38980,39161,38589,38498,38211,37853,37377,37567,37472,37523,37228,37422,37200,36894,36276,36101,37029,37358,36951,36483,36978,36886,37754,38069,37856,38268,38491,38460,38458,38115,37733,37664,37871,37970,37438,,
KAW,KAW2201,TAOM,kawerau_(topp2),GEO,GEO,2026-08-26,37286,38006,38554,37482,37433,36612,36595,36719,37316,37657,37241,37191,37361,38079,38285,38191,37466,37338,37322,37687,37269,36718,36976,36958,36992,37260,37294,36690,36809,36887,37526,37088,37050,37254,37780,37934,37796,38017,36937,37325,37523,37813,37850,38074,38209,38187,38256,38273,,
KAW,KAW2201,TAOM,kawerau_(topp2),GEO,GEO,2026-08-27,38268,38335,38496,38405,38553,38704,38653,38692,38323,37245,37590,37670,37843,38383,38570,38420,38117,37510,37765,37608,37332,37120,37542,37633,37842,36528,36365,36322,36288,36606,37387,37617,37720,37346,37758,38093,38363,38214,38222,38628,38225,37969,38424,37670,37454,37481,37699,38041,,
KAW,KAW2201,TAOM,kawerau_(topp2),GEO,GEO,2026-08-28,38180,38114,38104,38096,38283,38274,38229,38258,38355,38159,38166,38095,38284,38457,38514,37537,38305,38663,38197,37598,37922,38426,38489,38173,37838,37487,37353,37442,37358,37482,37649,37604,37639,38039,38128,38420,38552,38866,38529,38629,38409,38173,37946,38103,37965,37779,38255,38846,,
KAW,KAW2201,TAOM,kawerau_(topp2),GEO,GEO,2026-08-29,38774,38520,38426,38422,38204,38248,38169,38210,38254,38288,38139,38191,38157,38240,38261,38156,38043,37961,37760,37622,37997,38172,38032,37728,37608,38013,38328,38271,38387,38572,38584,38138,37893,38077,38039,37937,38008,38150,38448,38280,38424,38299,38326,38896,38468,38343,38371,38322,,
KAW,KAW2201,TAOM,kawerau_(topp2),GEO,GEO,2026-08-30,38427,38294,38260,38105,38221,38098,38362,38414,38187,38472,38810,38818,38277,38605,38393,37983,37846,38188,38237,37828,37286,37424,37280,37138,36978,36977,36823,36852,37022,37361,37244,37264,37643,37753,38039,37704,37865,38187,37998,37742,37547,37648,37057,37522,38254,38390,38049,38343,,
KAW,KAW2201,TAOM,kawerau_(topp2),GEO,GEO,2026-08-31,38433,37887,37950,37971,38169,38108,37901,38109,38461,38074,38049,38469,38470,38000,37836,37963,37942,37642,37833,37819,37569,37186,37568,37557,37232,37060,36968,37493,37782,37450,37568,37585,37900,37753,37672,36492,37365,38172,37917,37225,37288,37372,37570,38378,38195,37960,38302,38608,,
KIN,KIN0112,POCO,kinleith,Wood,Cogen,2026-08-01,11866,12377,12097,12209,12231,12223,11977,10834,11549,11234,11180,10842,10934,11079,10896,11035,11038,10314,10383,10576,11803,11841,11782,11415,9736,9407,9020,8718,9957,10234,9891,8497,11405,10770,10719,10438,10648,10093,10111,10481,10499,10198,10899,8672,10720,11777,12311,12223,,
KIN,KIN0112,POCO,kinleith,Wood,Cogen,2026-08-02,12159,12017,9369,11243,11811,11721,12286,11880,11730,12235,12549,12167,12141,12405,12293,12412,12266,12495,12373,12443,12492,12800,12495,12565,12741,12908,11970,12216,10869,12294,12408,12035,12388,12424,12449,12174,10981,11897,11904,11962,12003,12060,12042,12213,11909,12421,12407,12260,,
KIN,KIN0112,POCO,kinleith,Wood,Cogen,2026-08-03,12428,12257,12264,12156,12146,12483,12269,12242,12242,12327,12309,12281,12267,12257,12127,12173,12428,12311,12150,12464,12244,12276,12400,12412,12386,12339,12244,12293,12490,12093,11958,11866,11731,11991,11543,11717,12147,11992,11968,12112,12051,11699,11855,11628,11809,11747,11657,10724,,
KIN,KIN0112,POCO,kinleith,Wood,Cogen,2026-08-04,11827,11659,11691,12064,12583,12659,12504,12506,12581,12658,12438,12350,12154,10893,11612,11903,11929,11990,11947,11892,11537,11851,12110,12388,12209,12390,12313,12256,11961,12150,12329,12133,12516,11860,11665,11439,11490,11847,11711,11614,11504,11438,11684,11843,11970,11957,11987,11702,,
KIN,KIN0112,POCO,kinleith,Wood,Cogen,2026-08-05,11549,11982,12513,12556,12824,12628,12734,12759,12958,13036,12839,12713,12671,12525,12441,12915,12632,12800,12229,11800,12098,8825,12620,11405,12332,11072,11847,11864,11868,12034,12056,12716,12232,12290,12144,12146,12202,12110,12181,11932,11834,11897,9880,8515,11469,11971,10931,10627,,
KIN,KIN0112,POCO,kinleith,Wood,Cogen,2026-08-06,11649,11848,12011,11933,11914,12065,12039,11861,11606,11143,11745,11778,11666,11711,11772,10752,12161,12152,11568,10815,10494,11244,11251,8434,10229,10677,11069,10626,10736,12130,12049,12126,8691,10685,11852,12070,11809,11763,11797,11612,11636,11765,11813,12158,11805,12073,11933,11751,,
KIN,KIN0112,POCO,kinleith,Wood,Cogen,2026-08-07,11399,12186,12268,12221,11989,12000,11942,11902,8848,11630,10449,11168,11758,11411,11218,10017,9894,10423,10870,9624,6598,7213,7517,7626,8052,7372,9311,7377,7337,9792,11878,11569,11010,11653,11470,12234,12106,12833,12250,11361,12224,12067,11777,11602,11574,11696,11717,11911,,
KIN,KIN0112,POCO,kinleith,Wood,Cogen,2026-08-08,11894,10502,11885,11830,11858,12022,11856,11737,11932,12240,12363,12419,12281,12283,12171,12442,12140,12203,12094,11877,12039,11931,12195,12083,12310,12224,12287,12274,12186,12130,12271,12213,12303,12325,12190,12355,12267,12384,12510,11672,11682,11644,11890,11317,11371,11578,11382,11451,,
KIN,KIN0112,POCO,kinleith,Wood,Cogen,2026-08-09,11604,11540,11596,11268,11580,11506,11099,10512,11090,11070,11062,8793,11261,11227,11244,10426,10018,11181,9700,11522,9971,11617,11779,10280,11001,11470,11564,11997,11625,11230,11719,11027,11299,11807,11417,11788,11083,11405,11661,11813,11978,12019,11869,11429,11536,11679,11845,11914,,
KIN,KIN0112,POCO,kinleith,Wood,Cogen,2026-08-10,11743,11722,11758,11775,11765,11692,11891,11853,11831,12022,11858,11788,11587,11650,11029,11724,11656,11679,11341,11466,11567,11379,11666,11761,11516,11663,11722,11852,11912,11891,11696,11770,11541,11646,11984,11961,11882,11708,11809,11710,11796,11831,11882,11776,11779,11925,11691,11789,,
KIN,KIN0112,POCO,kinleith,Wood,Cogen,2026-08-11,11682,11766,11575,11854,11520,11327,10929,11599,11756,11625,11605,11585,11341,9281,9868,11359,11611,11607,11483,11604,11474,11702,11668,11180,10553,8612,11722,11828,12120,11968,11778,12164,11824,11924,11838,11698,11758,11493,11356,11245,11346,11518,11409,11491,11509,11417,11455,11483,,
KIN,KIN0112,POCO,kinleith,Wood,Cogen,2026-08-12,11410,11664,11587,11499,11553,11479,11590,11504,11458,11614,11521,11694,11739,11577,11688,11851,11787,11960,11852,11776,11879,11895,11987,11833,11842,11904,11820,11787,11727,11798,11742,11902,11898,11694,11852,11842,12178,12049,12228,11914,12400,12411,12246,12300,12175,12187,12128,12166,,
KIN,KIN0112,POCO,kinleith,Wood,Cogen,2026-08-13,12050,8945,10926,11755,11761,11592,11323,11440,11180,11029,11236,11521,12074,11818,11875,10953,11418,10381,10127,10336,10271,9772,9576,10125,8666,9781,10653,9359,10775,10026,10504,10296,8784,9331,11222,10442,10709,11339,11313,7960,8088,8343,8637,8518,7783,7637,8068,8792,,
KIN,KIN0112,POCO,kinleith,Wood,Cogen,2026-08-14,8503,8280,8836,8898,8859,9107,9157,7437,9288,11069,10753,10022,6995,10480,10831,11430,11350,10479,11269,11365,11498,8401,8691,9298,7162,7254,10173,3422,0,3385,7754,11074,11250,10541,9254,11679,9907,9760,11579,12004,12037,12050,10853,11992,11883,11534,12000,11818,,
KIN,KIN0112,POCO,kinleith,Wood,Cogen,2026-08-15,12024,11906,11656,11503,11451,11508,11526,11633,11274,11213,11939,11883,12008,11727,11175,11558,11507,11887,12146,9762,11110,10836,10859,10968,10713,10837,10796,10975,10143,11448,12113,12080,12006,11567,11536,11624,12232,11884,11682,11059,11276,11207,11209,11701,12071,12117,12045,11950,,
KIN,KIN0112,POCO,kinleith,Wood,Cogen,2026-08-16,11954,11857,11035,11370,11461,11551,11552,11248,10908,10662,10272,10419,9904,10349,9817,10624,10710,9996,10132,10207,10263,9973,10156,9971,9398,8466,7835,5336,4970,4952,5693,5892,5883,4984,4942,4941,4608,4942,4942,5027,5227,5672,5377,6204,6946,7866,7118,7725,,
KIN,KIN0112,POCO,kinleith,Wood,Cogen,2026-08-17,8010,8127,7842,8260,10756,9608,9596,10115,8298,6278,6256,6530,6312,6814,6458,6410,5845,5787,5432,5337,5529,6048,6011,8982,7735,7348,6457,6561,8543,8209,8327,9026,9777,10006,10633,9958,10022,10387,11240,11753,11909,12181,12290,12281,12276,12224,12115,12284,,
KIN,KIN0112,POCO,kinleith,Wood,Cogen,2026-08-18,12237,12186,12066,12194,12084,12209,12397,12504,12474,12515,11987,12297,12029,12027,11912,11872,11912,12288,12013,12002,11704,11697,11855,12188,12088,11926,11903,11877,11965,11761,12062,12099,11164,10031,9456,9418,8386,9008,7799,6396,6349,4979,4941,4940,4940,5950,7374,7535,,
KIN,KIN0112,POCO,kinleith,Wood,Cogen,2026-08-19,7718,7847,8681,7905,9786,9957,10063,10455,9719,8891,10788,11684,11751,11534,11263,10720,11366,11531,11539,11358,11455,11605,10029,9352,11908,11355,11402,11585,11625,11309,11801,11667,10733,11014,10360,10687,11667,12130,12084,12310,12076,11014,11978,11951,11935,11677,11953,11935,,
KIN,KIN0112,POCO,kinleith,Wood,Cogen,2026-08-20,11800,11907,11958,12074,11439,11801,12091,12012,11958,11894,11870,11452,11417,10983,11436,11472,12085,12053,12373,12414,11917,11255,10849,10658,9853,9801,10345,10133,9624,9668,7780,7613,7662,7835,8108,7615,7388,6982,7090,8470,8903,8511,8472,8714,8913,7624,9052,7925,,
KIN,KIN0112,POCO,kinleith,Wood,Cogen,2026-08-21,8800,8954,8454,8328,9227,9051,7705,9552,9709,9019,9399,9389,9898,9572,9961,9325,6943,8222,8272,9176,9047,9583,9617,10235,9898,10001,10095,9881,9801,9586,9526,9335,9189,8904,8825,8653,8955,8530,9345,8600,7687,9144,9549,8902,9451,8859,9266,9277,,
KIN,KIN0112,POCO,kinleith,Wood,Cogen,2026-08-22,9844,9641,10084,9695,10179,10411,10031,9694,9868,9916,10176,10034,10133,10085,9977,9328,9258,10095,9974,9842,9617,9797,10111,10032,10012,9958,9666,10138,10146,8220,10192,10047,10078,10479,10393,9855,10102,9970,9874,10021,8209,9918,9403,9383,9371,10314,11392,10775,,
KIN,KIN0112,POCO,kinleith,Wood,Cogen,2026-08-23,10943,11610,11133,10627,10761,10288,11104,11110,11050,11352,11445,11211,11162,12435,12061,11812,11802,11869,11476,11511,11263,10951,10015,9371,11398,10485,11348,11073,11337,11317,11309,10816,11400,9905,10151,9788,11278,10049,10954,10739,11285,11254,8897,10473,11666,11535,11543,11426,,
KIN,KIN0112,POCO,kinleith,Wood,Cogen,2026-08-24,10996,11219,11390,11380,11260,11442,11272,11598,11039,11080,10986,11293,11550,11137,11351,11418,11231,10142,11169,11350,11767,11139,11389,11282,11447,10916,11020,11297,10175,11063,11841,11804,11872,12010,11624,11270,11352,11371,11095,11466,11712,11399,11423,9141,7320,9419,11183,10705,,
KIN,KIN0112,POCO,kinleith,Wood,Cogen,2026-08-25,10794,9970,9107,9441,9426,9452,9535,9093,9927,9786,8913,9384,10636,11302,10986,11146,10886,10592,10281,9808,9498,9804,9490,9711,9662,10239,10235,10754,9232,10824,10660,10998,10720,10966,10522,10129,10438,10630,10785,10501,10458,10645,10650,11143,10861,11170,10522,10121,,
KIN,KIN0112,POCO,kinleith,Wood,Cogen,2026-08-26,11153,10811,10873,11041,10816,10831,10377,10830,11061,10797,10732,10523,11030,10804,10803,10993,10807,11077,11598,11017,11062,11215,11388,11970,11461,11371,11468,11229,11004,11128,11512,11677,10905,11572,11315,11953,11739,11535,11554,12015,12064,12264,11921,11918,11903,11831,12105,11939,,
KIN,KIN0112,POCO,kinleith,Wood,Cogen,2026-08-27,12096,12041,11969,12169,12112,12094,11984,12060,11977,11993,11780,12017,11658,11765,11588,11181,11161,11142,11295,11578,11690,11498,9679,9333,8667,9219,10075,11565,9746,11859,11856,11390,11885,11752,11687,11732,11610,11786,11393,11291,11456,11298,11634,11897,11696,11549,11670,11534,,
KIN,KIN0112,POCO,kinleith,Wood,Cogen,2026-08-28,11534,10998,11082,10710,11094,11041,10869,10308,8884,9366,8231,8775,7658,7462,7926,8141,8281,6868,6281,5090,5950,5177,6093,5939,6779,7373,7454,7036,6870,6429,6738,6893,7786,8385,7404,8140,8825,9443,9323,9029,8861,8893,8881,8818,8736,8816,8997,9232,,
KIN,KIN0112,POCO,kinleith,Wood,Cogen,2026-08-29,9581,8158,11660,11705,11617,11547,10827,10909,9287,10358,9380,11817,11645,11624,11833,11952,11964,11951,12013,11774,11962,11992,12316,12324,12320,12157,11889,11843,12367,12456,12174,12071,12092,12218,11968,12139,12372,12088,12075,12026,12040,11953,11813,11773,11935,11832,11818,11742,,
KIN,KIN0112,POCO,kinleith,Wood,Cogen,2026-08-30,11754,11423,11615,11673,11121,10174,11443,11528,11458,11535,11472,11418,11493,11524,11341,11475,11473,11588,11838,11885,11805,11818,11840,11800,11822,11800,11698,11504,11857,11996,11761,11828,11695,11751,11774,11775,11825,11706,11797,10395,11570,11799,11414,11444,11233,11062,11297,11507,,
KIN,KIN0112,POCO,kinleith,Wood,Cogen,2026-08-31,11476,11143,11467,11527,11647,8971,11502,11722,11415,11566,11580,11771,11715,11614,11728,12124,12107,11979,12002,11923,12105,11945,11926,11883,11857,11755,11599,11669,11746,11128,10955,8808,10092,11695,11771,11807,12379,11977,12474,12285,11054,11297,11449,11288,10751,11041,11109,11487,,
KIW,KIW2201,MRPL,kaiwera_downs_(stage_2),WIN,ONW,2026-08-01,21083,30011,30274,19534,21494,22292,17258,5289,6082,4627,5784,5268,4632,8572,8925,7876,5168,7523,9001,13113,14413,11012,10544,11695,21776,31092,41971,53902,55394,59394,50094,49872,47041,40161,37717,42139,44348,53392,54106,57108,59770,60086,60083,59239,60137,60139,60147,60158,,
KIW,KIW2201,MRPL,kaiwera_downs_(stage_2),WIN,ONW,2026-08-02,60158,60151,60157,60160,60180,60162,60157,60164,60164,60164,60154,60152,60166,60165,60184,60140,60174,60100,59058,57480,59943,53218,51353,57127,58588,58093,59365,59705,60138,59789,59849,59827,59700,60152,60118,58898,54086,59971,60134,60155,60169,60168,60174,60159,60178,60185,60193,60179,,
KIW,KIW2201,MRPL,kaiwera_downs_(stage_2),WIN,ONW,2026-08-03,60188,60189,60178,60174,60191,60152,60199,60157,60191,60177,60175,60166,60194,60166,60163,60140,58337,60163,60160,60139,60169,60167,60195,60212,60177,60159,60187,60185,60192,60163,60312,60171,59769,60151,60147,60158,60147,60164,60166,60166,60160,60145,60170,60153,60166,60135,60194,60157,,
KIW,KIW2201,MRPL,kaiwera_downs_(stage_2),WIN,ONW,2026-08-04,60163,60206,60146,60157,60195,55354,56846,50234,50471,54469,48042,48994,33634,48889,46837,48952,37249,36543,29512,26942,15347,22791,17606,12951,14690,23609,13433,11475,19627,21837,19984,20158,18169,19554,12707,7390,5412,3396,2766,776,1851,1427,251,40,378,452,50,0,,
KIW,KIW2201,MRPL,kaiwera_downs_(stage_2),WIN,ONW,2026-08-05,0,0,0,0,0,0,0,0,0,0,0,0,0,0,0,0,8,0,6,286,48,24,60,0,0,0,0,0,0,0,0,0,0,0,0,0,0,0,0,0,7,162,501,450,885,319,7,0,,
KIW,KIW2201,MRPL,kaiwera_downs_(stage_2),WIN,ONW,2026-08-06,3,400,357,726,1824,3073,2718,2084,2160,1901,1186,245,1111,1358,1694,1421,1381,1932,2054,1126,1341,1002,1100,1687,1977,2472,3968,5284,5534,4550,6766,7205,8398,8429,5709,4500,5525,5803,8015,8634,12095,10263,10169,10336,10221,11158,10526,10726,,
KIW,KIW2201,MRPL,kaiwera_downs_(stage_2),WIN,ONW,2026-08-07,11084,12860,8676,6258,7959,7621,6881,3636,849,380,332,349,181,1947,961,2368,9450,7281,5539,10486,25865,33287,34819,36998,32919,14030,5941,2559,2792,2108,2956,6698,13947,17824,12985,7272,3819,6083,9286,8349,1833,1789,4063,6664,10007,12443,10658,10610,,
KIW,KIW2201,MRPL,kaiwera_downs_(stage_2),WIN,ONW,2026-08-08,8288,2826,1571,1257,4999,6356,3553,3629,4034,1957,4977,5795,5974,3961,1492,1614,272,8,1370,2015,4792,5640,5999,4474,4406,4548,4868,6334,6223,5189,5596,7722,10351,17975,21738,18492,23805,32824,37688,40900,48639,46317,55642,60031,60150,60174,60171,60172,,
KIW,KIW2201,MRPL,kaiwera_downs_(stage_2),WIN,ONW,2026-08-09,54507,54896,58601,60165,60223,60197,60175,60142,60205,60185,60158,60162,60224,60129,60203,60188,60216,60176,60167,60174,60173,60143,58927,49953,42360,39293,28869,16700,8769,6798,4470,2386,555,46,0,0,152,1433,4225,6709,7038,6519,4962,5417,5676,5829,3317,713,,
KIW,KIW2201,MRPL,kaiwera_downs_(stage_2),WIN,ONW,2026-08-10,61,0,0,0,34,807,2942,2848,1773,1520,1805,2716,1423,106,149,1127,304,0,0,0,0,0,0,190,98,0,0,0,65,1080,1510,3575,4607,5647,9025,15226,18128,20577,27482,34590,34060,35343,38952,35365,30944,29938,30855,30202,,
KIW,KIW2201,MRPL,kaiwera_downs_(stage_2),WIN,ONW,2026-08-11,22309,26007,37753,46132,41488,52511,45954,45988,33171,31894,26943,32290,35838,31348,29433,34008,34396,30820,24692,25744,22083,17575,17249,16638,11917,8236,10342,19734,11910,11301,10526,14121,21379,26264,32119,34590,32641,35361,34319,30135,30117,27740,27087,36531,55391,60213,60166,60195,,
KIW,KIW2201,MRPL,kaiwera_downs_(stage_2),WIN,ONW,2026-08-12,60185,60228,60183,60232,60209,60179,60168,60159,60178,60159,60220,60111,60175,60168,60163,60173,60173,60173,60160,60100,60166,59431,59390,60154,60229,59880,59441,59106,60154,60152,60066,59318,59827,60070,58751,55786,59855,58188,42583,39973,43077,43191,44257,45393,48137,50465,43395,38741,,
KIW,KIW2201,MRPL,kaiwera_downs_(stage_2),WIN,ONW,2026-08-13,34573,28815,32475,37074,32826,31163,31464,27877,23120,13370,8998,14273,13950,11293,6296,4826,2320,2873,5086,6826,4682,2512,13,0,0,0,14,0,0,0,3535,1890,1589,3642,5574,3298,427,0,0,0,0,2376,4751,2216,2308,5389,5198,2108,,
KIW,KIW2201,MRPL,kaiwera_downs_(stage_2),WIN,ONW,2026-08-14,1338,1393,868,1175,2376,4220,6343,3825,1469,2051,3728,2311,270,0,355,989,3662,4461,8501,10248,8393,6818,2661,2603,1455,982,2136,1657,699,403,139,361,109,3038,16882,17518,17410,26523,24462,19745,16542,11692,7725,6905,1237,4649,11931,18105,,
KIW,KIW2201,MRPL,kaiwera_downs_(stage_2),WIN,ONW,2026-08-15,14798,11483,12402,10832,7751,13816,32824,35643,36348,57754,55413,54599,58750,57695,50320,40873,25244,19963,26248,22796,34325,20959,31790,28813,22946,40860,24170,26228,25238,17108,15571,23314,10679,7377,6363,4344,1303,6018,9871,13614,14703,8000,2948,3796,6365,2520,14161,6130,,
KIW,KIW2201,MRPL,kaiwera_downs_(stage_2),WIN,ONW,2026-08-16,3039,3297,9345,5059,6009,7228,3690,1845,1703,5002,5558,4696,5654,5443,3632,5351,3523,1057,550,520,109,169,16,67,435,703,712,1825,887,929,346,1127,1515,375,173,5,14,24,5,283,1141,1150,1594,1504,1362,1358,1202,1022,,
KIW,KIW2201,MRPL,kaiwera_downs_(stage_2),WIN,ONW,2026-08-17,843,833,1793,2373,4381,6785,10847,17688,19720,21569,16947,23029,28518,29156,38102,45372,35368,34684,26266,19237,23701,21552,19225,28744,20934,14766,31336,49021,52671,59767,60053,59107,60023,59996,60019,59748,60171,60166,60175,60161,60155,60162,60221,60157,60161,60208,60188,60179,,
KIW,KIW2201,MRPL,kaiwera_downs_(stage_2),WIN,ONW,2026-08-18,60174,60167,60173,60188,60168,60176,60184,60175,60159,60158,60170,60162,60433,58885,57283,58150,57906,54406,48258,52112,54809,59012,60121,60159,60151,58376,57659,51941,57775,53594,49796,46309,40295,38561,32265,30250,37487,42241,41994,49828,27635,27577,31836,26251,28559,28709,25231,26998,,
KIW,KIW2201,MRPL,kaiwera_downs_(stage_2),WIN,ONW,2026-08-19,31551,32153,23317,19243,20370,21810,34629,39004,37093,34071,31378,31909,27420,24461,22682,39025,44227,50719,52096,51951,51859,43246,37608,39785,34111,48738,58301,58503,59649,60043,60175,59863,59838,59799,59527,55351,51665,58824,53458,48076,52131,59068,57229,54902,56823,55735,53182,46861,,
KIW,KIW2201,MRPL,kaiwera_downs_(stage_2),WIN,ONW,2026-08-20,39654,27053,26615,28877,19150,14758,10742,11841,12860,18081,15278,12408,9390,6491,4806,6803,7921,9725,9642,13287,8527,9132,14333,21609,25578,31351,31619,30581,30045,34697,39753,37331,38113,31663,37825,44887,44503,38401,39647,30453,26474,23699,23346,18168,11695,9955,4927,1601,,
KIW,KIW2201,MRPL,kaiwera_downs_(stage_2),WIN,ONW,2026-08-21,0,0,314,580,2712,3482,2533,1925,1688,3335,4845,7169,10685,16302,22538,27237,24601,23740,21802,24107,20942,21664,24163,22048,18305,9823,22561,22525,2995,5128,23969,36640,21246,17460,18500,18216,15534,10383,6832,14144,14978,17135,15919,12632,8549,7901,13394,24556,,
KIW,KIW2201,MRPL,kaiwera_downs_(stage_2),WIN,ONW,2026-08-22,19793,9602,11387,17055,13005,28035,17089,18200,21353,15778,8672,9202,10717,14063,50138,59722,54509,33662,42362,28608,16736,29279,12798,5120,4232,6218,8359,11317,15666,15655,42101,40589,50173,57408,56275,57347,54259,33240,18326,8416,4996,2155,3113,3055,2828,6684,7560,8868,,
KIW,KIW2201,MRPL,kaiwera_downs_(stage_2),WIN,ONW,2026-08-23,14726,18882,25937,40669,46219,49431,47718,58065,57794,52433,57412,58311,56256,51016,58372,57432,45794,46410,44922,45078,47320,50958,44487,0,0,0,0,0,0,0,0,0,0,35800,45171,44402,43658,43439,41835,42165,42077,41217,41616,41265,40443,32846,38293,41325,,
KIW,KIW2201,MRPL,kaiwera_downs_(stage_2),WIN,ONW,2026-08-24,42029,41254,40777,41503,41787,41932,41108,40587,38937,38450,36787,32534,46445,47674,53323,55147,53323,54633,55657,57804,56378,56644,56546,56625,56445,57651,58231,59721,59541,58655,58405,58669,58647,58278,58096,58473,60023,59370,59950,59165,55911,58555,58708,56786,57544,58866,57156,54619,,
KIW,KIW2201,MRPL,kaiwera_downs_(stage_2),WIN,ONW,2026-08-25,57033,55957,55421,55319,54909,55587,54505,55360,55564,55054,54627,50246,51695,48597,50411,50989,42039,55932,12889,1899,7337,6197,7690,8468,9187,8639,5118,6526,8849,12438,11915,45654,56709,41028,28321,30972,41316,38843,44513,40507,36183,25553,44719,50395,56508,51931,56050,58160,,
KIW,KIW2201,MRPL,kaiwera_downs_(stage_2),WIN,ONW,2026-08-26,55634,54248,47261,38331,37083,35442,35322,36179,33362,30689,26724,19747,16506,14567,15068,13142,9465,6429,3112,866,1727,5087,4174,4353,3602,3086,5217,3529,5239,5668,7251,10831,10312,9454,5259,6246,7034,8206,6665,7510,9218,8676,10014,10474,10341,16361,20391,28293,,
KIW,KIW2201,MRPL,kaiwera_downs_(stage_2),WIN,ONW,2026-08-27,34309,45304,51844,57220,59477,59967,60094,59780,59863,60127,60181,60155,60176,60162,60164,60175,59683,59231,59887,59622,59060,59673,60185,59849,60186,59085,57733,58044,59700,59562,59203,59133,56547,55127,57683,58470,59886,60173,60169,60162,60161,60021,60087,60163,59599,57359,51094,50030,,
KIW,KIW2201,MRPL,kaiwera_downs_(stage_2),WIN,ONW,2026-08-28,36503,31962,34319,33185,31820,30230,23870,15726,5377,2576,4279,3252,4155,2987,4839,16275,17209,15639,10352,4609,3029,5453,20861,37275,33405,29068,39368,51147,52873,51505,47584,54207,59929,59029,55946,54817,55423,53942,51373,46208,42185,38233,31804,27625,49237,55800,60084,59851,,
KIW,KIW2201,MRPL,kaiwera_downs_(stage_2),WIN,ONW,2026-08-29,57990,54218,47807,55141,57722,51300,55409,52726,47718,56906,52003,51309,53899,53700,51126,53346,54533,48767,55837,57384,53060,43233,35252,29883,31421,41903,50592,50123,56608,53017,52783,43845,54162,55791,59115,59279,59297,59385,59847,59756,58614,58739,58134,56741,54506,50779,42918,40018,,
KIW,KIW2201,MRPL,kaiwera_downs_(stage_2),WIN,ONW,2026-08-30,54369,48280,56641,59579,58072,58737,58469,57121,56531,59508,56547,47568,46217,51641,52961,55629,60060,57127,58511,57354,57551,55666,54010,47065,47201,45603,47366,47660,49481,52713,52461,53171,45567,42901,46429,47701,50278,48910,47337,48920,48907,49978,55448,59042,58424,58717,58527,58294,,
KIW,KIW2201,MRPL,kaiwera_downs_(stage_2),WIN,ONW,2026-08-31,58758,58151,55861,56835,57187,57861,57985,58040,56815,53589,54469,53487,55210,57004,57004,52896,54826,55494,56103,54608,57444,56792,56687,54039,40120,57969,55766,54832,54900,58052,56106,56061,56141,59190,57472,54758,52931,52387,55814,51689,48578,42041,41143,55322,57567,58188,54584,56430,,
KOE,KOE1101,TOPE,Kohira,Solar,Solar,2026-08-01,0,0,0,0,0,0,0,0,0,0,0,0,0,0,0,50,158,504,1324,2016,4336,3328,4081,6295,8152,7444,8260,5140,2962,3059,3925,1021,786,531,173,5,0,0,0,0,0,0,0,0,0,0,0,0,,
KOE,KOE1101,TOPE,Kohira,Solar,Solar,2026-08-02,0,0,0,0,0,0,0,0,0,0,0,0,0,0,7,609,2722,5636,8300,9706,9918,9728,9427,9330,9769,9016,9255,7803,9883,9246,7842,6037,1897,1293,452,57,0,0,0,0,0,0,0,0,0,0,0,0,,
KOE,KOE1101,TOPE,Kohira,Solar,Solar,2026-08-03,0,0,0,0,0,0,0,0,0,0,0,0,0,0,13,681,2798,5591,8329,4785,7333,3865,8733,9720,9900,8129,6886,10478,8910,5754,10065,8885,5440,1399,830,51,0,0,0,0,0,0,0,0,0,0,0,0,,
KOE,KOE1101,TOPE,Kohira,Solar,Solar,2026-08-04,0,0,0,0,0,0,0,0,0,0,0,0,0,0,9,340,2731,5696,8380,7950,3798,7469,8493,5757,4794,3884,5583,5000,5134,9744,1994,4490,5667,2816,924,59,0,0,0,0,0,0,0,0,0,0,0,0,,
KOE,KOE1101,TOPE,Kohira,Solar,Solar,2026-08-05,0,0,0,0,0,0,0,0,0,0,0,0,0,0,32,841,3153,6081,8818,10147,10343,10135,9820,9612,9637,6279,8717,10038,10235,10818,9762,9117,6390,3398,1112,91,0,0,0,0,0,0,0,0,0,0,0,0,,
KOE,KOE1101,TOPE,Kohira,Solar,Solar,2026-08-06,0,0,0,0,0,0,0,0,0,0,0,0,0,0,38,960,3316,6194,8944,10058,10053,9872,9700,9567,9468,9498,9631,9754,10074,9850,9956,9094,6441,3679,1247,123,0,0,0,0,0,0,0,0,0,0,0,0,,
KOE,KOE1101,TOPE,Kohira,Solar,Solar,2026-08-07,0,0,0,0,0,0,0,0,0,0,0,0,0,0,45,473,1215,2048,2656,2550,3365,4790,4826,4474,5265,7129,8118,9193,8361,5962,5908,3457,5125,3288,1215,80,0,0,0,0,0,0,0,0,0,0,0,0,,
KOE,KOE1101,TOPE,Kohira,Solar,Solar,2026-08-08,0,0,0,0,0,0,0,0,0,0,0,0,0,0,28,470,1019,1439,7105,5164,6833,5779,4203,3553,6324,6459,7695,7119,6482,5190,4193,2575,1858,1305,459,43,0,0,0,0,0,0,0,0,0,0,0,0,,
KOE,KOE1101,TOPE,Kohira,Solar,Solar,2026-08-09,0,0,0,0,0,0,0,0,0,0,0,0,0,0,0,0,346,838,1037,1221,1239,1232,1374,1500,1303,1144,1242,1011,573,711,581,566,381,159,101,0,0,0,0,0,0,0,0,0,0,0,0,0,,
KOE,KOE1101,TOPE,Kohira,Solar,Solar,2026-08-10,0,0,0,0,0,0,0,0,0,0,0,0,0,0,30,1011,3592,6581,9131,10063,10094,9992,9696,9563,9576,9676,9725,9890,10051,9015,10695,8965,6751,3494,826,194,0,0,0,0,0,0,0,0,0,0,0,0,,
KOE,KOE1101,TOPE,Kohira,Solar,Solar,2026-08-11,0,0,0,0,0,0,0,0,0,0,0,0,0,0,124,1354,1406,5189,5638,3537,3325,5667,10356,8489,8353,5484,7300,4085,2712,2981,2199,3380,1864,760,265,16,0,0,0,0,0,0,0,0,0,0,0,0,,
KOE,KOE1101,TOPE,Kohira,Solar,Solar,2026-08-12,0,0,0,0,0,0,0,0,0,0,0,0,0,0,0,334,374,1024,2478,1736,904,1986,2540,3928,3000,3420,3966,2876,2884,2091,2254,8748,3834,1778,1628,69,0,0,0,0,0,0,0,0,0,0,0,0,,
KOE,KOE1101,TOPE,Kohira,Solar,Solar,2026-08-13,0,0,0,0,0,0,0,0,0,0,0,0,0,0,223,1434,2281,2313,4686,6378,4116,3682,6203,3602,7858,5219,3425,3880,3140,4658,3357,2649,1520,1562,817,120,0,0,0,0,0,0,0,0,0,0,0,0,,
KOE,KOE1101,TOPE,Kohira,Solar,Solar,2026-08-14,0,0,0,0,0,0,0,0,0,0,0,0,0,0,0,0,202,485,847,1156,1603,2249,1484,1293,1473,3190,5872,3693,5109,6604,3681,2815,2970,1360,614,129,0,0,0,0,0,0,0,0,0,0,0,0,,
KOE,KOE1101,TOPE,Kohira,Solar,Solar,2026-08-15,0,0,0,0,0,0,0,0,0,0,0,0,0,0,10,550,2332,6979,5572,3970,4033,3779,5725,9268,8456,4703,5137,5805,6168,7473,6060,3257,2483,1331,954,95,0,0,0,0,0,0,0,0,0,0,0,0,,
KOE,KOE1101,TOPE,Kohira,Solar,Solar,2026-08-16,0,0,0,0,0,0,0,0,0,0,0,0,0,0,64,1193,4032,6436,7794,7094,10129,9876,8455,8823,8994,8203,10226,8783,8028,9547,10039,9129,7260,2251,1407,95,0,0,0,0,0,0,0,0,0,0,0,0,,
KOE,KOE1101,TOPE,Kohira,Solar,Solar,2026-08-17,0,0,0,0,0,0,0,0,0,0,0,0,0,0,78,1558,4110,5716,7860,7479,9623,5532,6768,6326,4902,6808,10487,8956,6565,8295,6642,5491,5122,2142,942,195,0,0,0,0,0,0,0,0,0,0,0,0,,
KOE,KOE1101,TOPE,Kohira,Solar,Solar,2026-08-18,0,0,0,0,0,0,0,0,0,0,0,0,0,0,151,1492,4465,3696,9704,10713,10164,7134,8589,8340,6379,8556,5914,8680,10040,8345,10956,10298,7593,4799,1990,267,0,0,0,0,0,0,0,0,0,0,0,0,,
KOE,KOE1101,TOPE,Kohira,Solar,Solar,2026-08-19,0,0,0,0,0,0,0,0,0,0,0,0,0,0,213,1899,5456,7585,6908,7053,5531,9991,9754,9469,9863,9691,8963,9848,10173,10266,11084,9890,7752,5040,2143,301,0,0,0,0,0,0,0,0,0,0,0,0,,
KOE,KOE1101,TOPE,Kohira,Solar,Solar,2026-08-20,0,0,0,0,0,0,0,0,0,0,0,0,0,0,324,2127,5042,8147,10470,10961,10972,10725,10477,10235,10234,10334,10435,10551,10822,10943,10889,10135,7568,4818,2103,332,1,0,0,0,0,0,0,0,0,0,0,0,,
KOE,KOE1101,TOPE,Kohira,Solar,Solar,2026-08-21,0,0,0,0,0,0,0,0,0,0,0,0,0,0,280,1469,4982,7952,10164,10783,10410,10508,9159,8219,10624,10684,9995,10678,10962,10994,11008,10977,8763,5261,2038,285,1,0,0,0,0,0,0,0,0,0,0,0,,
KOE,KOE1101,TOPE,Kohira,Solar,Solar,2026-08-22,0,0,0,0,0,0,0,0,0,0,0,0,0,0,273,2056,5148,8249,10451,10789,10758,10033,8709,10084,10519,10469,10626,8374,2522,2539,4742,8166,7122,5654,1103,248,0,0,0,0,0,0,0,0,0,0,0,0,,
KOE,KOE1101,TOPE,Kohira,Solar,Solar,2026-08-23,0,0,0,0,0,0,0,0,0,0,0,0,0,0,73,570,1482,3296,8325,10567,8100,10333,10748,10553,10262,9657,8803,7251,7201,5457,6205,6309,2400,1984,952,256,0,0,0,0,0,0,0,0,0,0,0,0,,
KOE,KOE1101,TOPE,Kohira,Solar,Solar,2026-08-24,0,0,0,0,0,0,0,0,0,0,0,0,0,0,369,2199,5105,8115,10214,10600,10528,10709,8742,7227,7965,9829,9206,11132,10928,10638,11178,10544,7720,4963,2410,261,4,0,0,0,0,0,0,0,0,0,0,0,,
KOE,KOE1101,TOPE,Kohira,Solar,Solar,2026-08-25,0,0,0,0,0,0,0,0,0,0,0,0,0,0,432,2416,5492,8537,10593,10841,10905,11006,10933,10939,10809,10779,10937,11085,11315,11345,11340,7206,2329,1753,1460,738,4,0,0,0,0,0,0,0,0,0,0,0,,
KOE,KOE1101,TOPE,Kohira,Solar,Solar,2026-08-26,0,0,0,0,0,0,0,0,0,0,0,0,0,0,452,2518,5546,8594,10685,11006,10968,10482,10973,10842,10837,10712,10722,10759,11030,11217,11190,10590,8014,5151,1979,241,2,0,0,0,0,0,0,0,0,0,0,0,,
KOE,KOE1101,TOPE,Kohira,Solar,Solar,2026-08-27,0,0,0,0,0,0,0,0,0,0,0,0,0,0,486,2422,2399,6118,10422,11145,10511,9941,8503,9050,10978,8699,9290,10079,11086,11337,10913,9979,6964,4988,2716,421,0,0,0,0,0,0,0,0,0,0,0,0,,
KOE,KOE1101,TOPE,Kohira,Solar,Solar,2026-08-28,0,0,0,0,0,0,0,0,0,0,0,0,0,0,0,932,1235,3060,5345,3122,4296,4789,8648,4778,5107,5891,6655,5787,4707,4310,1327,1500,1700,627,440,75,0,0,0,0,0,0,0,0,0,0,0,0,,
KOE,KOE1101,TOPE,Kohira,Solar,Solar,2026-08-29,0,0,0,0,0,0,0,0,0,0,0,0,0,0,0,67,365,609,792,841,873,1000,975,1347,1184,1597,2056,1432,961,921,549,225,247,97,82,33,0,0,0,0,0,0,0,0,0,0,0,0,,
KOE,KOE1101,TOPE,Kohira,Solar,Solar,2026-08-30,0,0,0,0,0,0,0,0,0,0,0,0,0,0,186,827,1861,3976,6666,5307,3748,7122,7316,6681,7341,6804,10172,10448,10467,10056,9117,6042,5730,4505,1453,391,4,0,0,0,0,0,0,0,0,0,0,0,,
KOE,KOE1101,TOPE,Kohira,Solar,Solar,2026-08-31,0,0,0,0,0,0,0,0,0,0,0,0,0,0,522,2635,2948,3999,3775,8877,8864,8175,10393,9436,9737,8804,10306,10719,8927,7993,7239,6276,5238,4945,2449,517,11,0,0,0,0,0,0,0,0,0,0,0,,
KOE,KOE1101,TOPE,Pukenui,Solar,Solar,2026-08-01,0,0,0,0,0,0,0,0,0,0,0,0,0,0,6,0,113,390,568,1925,2016,3283,2451,2667,3207,3298,3377,2328,1443,1795,1228,510,163,84,42,0,0,0,0,0,0,0,0,0,0,0,0,0,,
KOE,KOE1101,TOPE,Pukenui,Solar,Solar,2026-08-02,0,0,0,0,0,0,0,0,0,0,0,0,0,0,5,148,541,1017,1631,2247,2798,3215,3508,3386,3260,4163,3552,3775,3592,3182,2686,2030,890,630,267,22,0,0,0,0,0,0,0,0,0,0,0,0,,
KOE,KOE1101,TOPE,Pukenui,Solar,Solar,2026-08-03,0,0,0,0,0,0,0,0,0,0,0,0,0,0,5,120,609,843,1442,2160,2212,3205,3397,2264,3834,4065,4026,3484,2319,2359,2676,2095,1351,734,238,25,0,0,0,0,0,0,0,0,0,0,0,0,,
KOE,KOE1101,TOPE,Pukenui,Solar,Solar,2026-08-04,0,0,0,0,0,0,0,0,0,0,0,0,0,0,3,119,453,679,1369,2195,2391,3198,3587,3573,3700,4443,5445,1355,2307,2109,2051,1417,788,423,233,23,0,0,0,0,0,0,0,0,0,0,0,0,,
KOE,KOE1101,TOPE,Pukenui,Solar,Solar,2026-08-05,0,0,0,0,0,0,0,0,0,0,0,0,0,0,19,343,1078,1840,2699,3445,4102,4649,5055,5337,5463,5472,5481,4304,3853,3827,3517,2657,1868,1031,382,45,0,0,0,0,0,0,0,0,0,0,0,0,,
KOE,KOE1101,TOPE,Pukenui,Solar,Solar,2026-08-06,0,0,0,0,0,0,0,0,0,0,0,0,0,0,23,367,1090,1839,2675,3428,4090,4624,5039,5338,5491,5538,5531,3887,2452,1991,2145,3091,2022,1031,379,53,0,0,0,0,0,0,0,0,0,0,0,0,,
KOE,KOE1101,TOPE,Pukenui,Solar,Solar,2026-08-07,0,0,0,0,0,0,0,0,0,0,0,0,0,0,11,199,670,890,1383,1649,1960,2421,2419,2601,2598,3931,4432,4938,2715,2195,2356,2120,2492,1209,642,60,0,0,0,0,0,0,0,0,0,0,0,0,,
KOE,KOE1101,TOPE,Pukenui,Solar,Solar,2026-08-08,0,0,0,0,0,0,0,0,0,0,0,0,0,0,28,204,336,627,1911,1255,4191,3117,1891,2298,3359,3710,3959,3543,4092,2742,2165,1711,902,507,111,12,0,0,0,0,0,0,0,0,0,0,0,0,,
KOE,KOE1101,TOPE,Pukenui,Solar,Solar,2026-08-09,0,0,0,0,0,0,0,0,0,0,0,0,0,0,0,23,139,350,492,412,745,686,608,496,478,559,497,286,257,258,379,247,98,94,66,8,0,0,0,0,0,0,0,0,0,0,0,0,,
KOE,KOE1101,TOPE,Pukenui,Solar,Solar,2026-08-10,0,0,0,0,0,0,0,0,0,0,0,0,0,0,26,412,1139,1928,2779,3509,4156,4635,5137,5389,4407,2947,3011,3376,3457,2455,2645,2866,1894,947,498,60,0,0,0,0,0,0,0,0,0,0,0,0,,
KOE,KOE1101,TOPE,Pukenui,Solar,Solar,2026-08-11,0,0,0,0,0,0,0,0,0,0,0,0,0,0,55,388,1236,1693,1595,1879,3842,4235,4577,3571,3642,5213,2689,1713,1649,1721,1636,1731,857,326,145,13,0,0,0,0,0,0,0,0,0,0,0,0,,
KOE,KOE1101,TOPE,Pukenui,Solar,Solar,2026-08-12,0,0,0,0,0,0,0,0,0,0,0,0,0,0,0,46,132,490,959,968,1467,1068,2216,2521,2812,2933,1305,374,366,1613,2864,2735,1991,1291,586,91,0,0,0,0,0,0,0,0,0,0,0,0,,
KOE,KOE1101,TOPE,Pukenui,Solar,Solar,2026-08-13,0,0,0,0,0,0,0,0,0,0,0,0,0,0,93,567,1577,2024,2203,2281,2354,2923,2383,2593,3631,2741,3034,1940,2161,1902,1715,1532,1063,661,290,64,0,0,0,0,0,0,0,0,0,0,0,0,,
KOE,KOE1101,TOPE,Pukenui,Solar,Solar,2026-08-14,0,0,0,0,0,0,0,0,0,0,0,0,0,0,9,50,283,319,554,831,723,459,663,1116,448,860,827,1827,1635,1383,2024,1729,964,386,208,59,0,0,0,0,0,0,0,0,0,0,0,0,,
KOE,KOE1101,TOPE,Pukenui,Solar,Solar,2026-08-15,0,0,0,0,0,0,0,0,0,0,0,0,0,0,30,484,973,2210,2236,2917,2408,2558,3456,5546,4688,3449,3735,2750,3094,2873,3049,2340,1018,799,326,40,0,0,0,0,0,0,0,0,0,0,0,0,,
KOE,KOE1101,TOPE,Pukenui,Solar,Solar,2026-08-16,0,0,0,0,0,0,0,0,0,0,0,0,0,0,51,352,710,1155,2083,3038,4556,4757,4804,4461,5898,4286,4699,5203,5005,4422,3594,2826,2154,1323,592,79,0,0,0,0,0,0,0,0,0,0,0,0,,
KOE,KOE1101,TOPE,Pukenui,Solar,Solar,2026-08-17,0,0,0,0,0,0,0,0,0,0,0,0,0,0,49,373,1272,2050,3242,3353,4556,5015,4622,3876,4672,4474,4998,5626,5114,4335,3686,2703,1362,724,363,71,0,0,0,0,0,0,0,0,0,0,0,0,,
KOE,KOE1101,TOPE,Pukenui,Solar,Solar,2026-08-18,0,0,0,0,0,0,0,0,0,0,0,0,0,0,82,421,986,1643,1568,2889,3423,5068,5152,4306,5750,5971,5840,5204,2981,3233,3967,2772,2161,1299,597,113,0,0,0,0,0,0,0,0,0,0,0,0,,
KOE,KOE1101,TOPE,Pukenui,Solar,Solar,2026-08-19,0,0,0,0,0,0,0,0,0,0,0,0,0,0,107,622,1391,915,2888,3491,5058,4296,5517,5794,5931,5951,5836,5585,5206,4662,3977,3156,2256,1348,610,103,0,0,0,0,0,0,0,0,0,0,0,0,,
KOE,KOE1101,TOPE,Pukenui,Solar,Solar,2026-08-20,0,0,0,0,0,0,0,0,0,0,0,0,0,0,117,709,1487,2373,3252,4012,4661,5218,5607,5864,5996,6017,5876,5606,5207,4684,4001,3201,2298,1369,629,135,1,0,0,0,0,0,0,0,0,0,0,0,,
KOE,KOE1101,TOPE,Pukenui,Solar,Solar,2026-08-21,0,0,0,0,0,0,0,0,0,0,0,0,0,0,124,740,1502,2357,3187,3935,4577,5124,5554,5895,6259,5355,3262,3132,2088,3736,1346,1885,2371,1519,661,146,1,0,0,0,0,0,0,0,0,0,0,0,,
KOE,KOE1101,TOPE,Pukenui,Solar,Solar,2026-08-22,0,0,0,0,0,0,0,0,0,0,0,0,0,1,129,771,1544,2395,3226,3975,4657,2389,2480,2311,2919,3688,2016,1240,1829,1980,1521,885,1339,1397,307,70,0,0,0,0,0,0,0,0,0,0,0,0,,
KOE,KOE1101,TOPE,Pukenui,Solar,Solar,2026-08-23,0,0,0,0,0,0,0,0,0,0,0,0,0,1,83,419,864,2183,2976,3705,4663,5190,3897,3591,4517,5408,5491,4840,3916,4636,3760,3142,2258,1389,495,117,0,0,0,0,0,0,0,0,0,0,0,0,,
KOE,KOE1101,TOPE,Pukenui,Solar,Solar,2026-08-24,0,0,0,0,0,0,0,0,0,0,0,0,0,2,185,796,1561,2448,3276,4057,4850,4600,2509,4483,4840,5629,5960,5623,5254,4733,4060,3264,2384,1463,701,165,2,0,0,0,0,0,0,0,0,0,0,0,,
KOE,KOE1101,TOPE,Pukenui,Solar,Solar,2026-08-25,0,0,0,0,0,0,0,0,0,0,0,0,0,1,173,609,1272,2566,3316,3807,3328,4568,4754,5745,5464,5672,3564,3660,3260,2602,2101,2856,2639,1625,859,197,3,0,0,0,0,0,0,0,0,0,0,0,,
KOE,KOE1101,TOPE,Pukenui,Solar,Solar,2026-08-26,0,0,0,0,0,0,0,0,0,0,0,0,0,4,207,892,1679,2565,3397,4120,4750,5294,5174,4436,5311,6143,5290,4985,5419,4822,4207,3378,1623,1299,561,92,0,0,0,0,0,0,0,0,0,0,0,0,,
KOE,KOE1101,TOPE,Pukenui,Solar,Solar,2026-08-27,0,0,0,0,0,0,0,0,0,0,0,0,0,5,171,818,1800,2618,3465,4215,4861,5379,5766,6032,6169,6180,6057,5684,5393,4685,4250,3169,1812,1596,822,149,0,0,0,0,0,0,0,0,0,0,0,0,,
KOE,KOE1101,TOPE,Pukenui,Solar,Solar,2026-08-28,0,0,0,0,0,0,0,0,0,0,0,0,0,2,172,470,562,853,1328,1575,3585,3791,4321,3426,3865,4268,4629,3410,2099,1207,2016,1785,846,291,422,85,0,0,0,0,0,0,0,0,0,0,0,0,,
KOE,KOE1101,TOPE,Pukenui,Solar,Solar,2026-08-29,0,0,0,0,0,0,0,0,0,0,0,0,0,0,21,81,152,183,263,470,506,310,561,385,501,968,714,345,318,238,159,296,1020,311,82,46,0,0,0,0,0,0,0,0,0,0,0,0,,
KOE,KOE1101,TOPE,Pukenui,Solar,Solar,2026-08-30,0,0,0,0,0,0,0,0,0,0,0,0,0,0,167,470,1337,2349,1870,3807,3402,3630,4368,5554,6160,5225,5190,5649,5278,5012,3539,2822,2314,1645,608,212,5,0,0,0,0,0,0,0,0,0,0,0,,
KOE,KOE1101,TOPE,Pukenui,Solar,Solar,2026-08-31,0,0,0,0,0,0,0,0,0,0,0,0,0,11,427,1289,1656,2447,3279,4180,2729,5290,3700,5078,5685,4965,4657,5084,5031,3224,0,1581,2687,1778,840,229,9,0,0,0,0,0,0,0,0,0,0,0,,
KOE,KOE1101,TOPE,ngawha,Geo,Geo,2026-08-01,27210,27227,27299,27340,27320,27356,27401,27408,27401,27546,27606,27625,27645,27609,27646,27575,27457,27470,27290,27214,27111,27014,26920,26903,26829,26839,27178,27088,27127,27055,26983,27018,27071,27083,27099,27020,26907,27113,26878,26756,26761,26867,26964,27060,27036,27020,26989,26969,,
KOE,KOE1101,TOPE,ngawha,Geo,Geo,2026-08-02,26958,26968,26917,27070,27353,27408,27221,27149,27238,27211,27347,27279,27437,27414,27632,27624,27590,27343,27177,27108,26814,26712,26704,26475,26415,26458,26402,26439,26378,26437,26454,26414,26411,26557,26758,26992,27044,27032,27071,27056,27049,27074,27139,27029,27150,27147,27166,27181,,
KOE,KOE1101,TOPE,ngawha,Geo,Geo,2026-08-03,27091,27090,27055,27199,27205,27169,27079,27079,27007,27082,27029,24302,19520,19936,19986,19945,19939,19828,19674,19564,19464,19680,19507,19283,18824,18779,19153,19058,19017,18910,19031,19108,19289,19731,19796,19918,19919,19915,19889,20001,19996,20009,20055,20105,19948,19751,19903,20181,,
KOE,KOE1101,TOPE,ngawha,Geo,Geo,2026-08-04,20145,20092,20079,19814,20075,20021,19985,19962,19905,19911,19964,20006,19957,19910,19930,19900,19780,19704,19642,19579,19452,19492,19777,19718,19523,19406,19280,19271,19462,19284,19295,19419,19463,19576,19752,19826,19846,19889,19920,19892,19881,19863,19807,19919,20138,20273,20308,20246,,
KOE,KOE1101,TOPE,ngawha,Geo,Geo,2026-08-05,20343,20428,20371,20477,20568,20348,20246,20355,20340,20292,20335,20334,20358,20353,20246,20256,20185,20015,19888,19806,19659,19525,19499,19579,19568,19738,19714,19755,19683,19701,19605,19744,19964,20023,20115,20259,20305,20337,20452,20503,20596,20700,20762,20733,20712,20767,20743,20705,,
KOE,KOE1101,TOPE,ngawha,Geo,Geo,2026-08-06,20688,20695,20714,20769,20784,20782,20763,20719,20771,20765,20734,20781,20772,20822,20808,20785,20663,20594,20528,20454,20402,20266,20275,20206,20169,20149,20056,19663,17501,18734,19870,20031,20051,20052,20184,20333,20449,20476,20565,20660,20610,20650,20672,20735,20667,20738,20751,20742,,
KOE,KOE1101,TOPE,ngawha,Geo,Geo,2026-08-07,20749,20818,20694,20745,20763,20730,20756,20820,20778,20738,20692,20736,20673,20644,20713,20604,20461,20328,20178,20228,20152,19957,19865,19869,19882,19861,19822,19879,19798,19697,19909,20015,20040,20064,20047,20199,20371,20442,20389,20413,20398,20368,20304,20299,20255,20270,20151,20240,,
KOE,KOE1101,TOPE,ngawha,Geo,Geo,2026-08-08,20245,20212,20200,20172,20179,20237,20287,20398,20375,20394,20414,20499,20521,20524,20421,20347,20296,20260,20120,20074,19935,19710,19616,19592,19445,19448,19329,19376,19363,19361,19366,19392,19414,19447,19530,19664,19639,19637,19706,19738,19707,19661,19613,19573,19533,19534,19519,19609,,
KOE,KOE1101,TOPE,ngawha,Geo,Geo,2026-08-09,19571,19533,19563,19548,19543,19544,19508,19477,19559,19531,19576,19502,19539,19631,19671,19639,19626,19680,19691,19745,19613,19625,19526,19441,19476,19543,19579,19619,19649,19781,19846,19928,19872,19859,19770,19773,19770,19747,19771,19810,19809,19832,19866,19825,19845,19934,19920,19910,,
KOE,KOE1101,TOPE,ngawha,Geo,Geo,2026-08-10,19946,19947,20004,20059,20041,20125,19867,19919,20022,20011,19881,19856,19921,19997,19981,19973,19863,19789,19633,19592,19543,19451,19440,19275,19255,19237,19292,19221,19221,19253,19397,19202,19246,19310,19357,19476,19496,19597,19690,19665,19715,19902,20025,20035,19909,19904,19957,19926,,
KOE,KOE1101,TOPE,ngawha,Geo,Geo,2026-08-11,19905,19886,19923,19945,20064,20003,20040,19979,19999,20028,20006,20014,20079,20083,20084,20026,19848,19694,19550,19473,19483,19438,19483,19383,19355,19234,19372,19300,19217,19319,19237,19348,19307,19420,19452,19512,19557,19541,19565,19580,19614,19649,19588,19565,19528,19517,19493,19480,,
KOE,KOE1101,TOPE,ngawha,Geo,Geo,2026-08-12,19471,19472,19449,19405,19496,19458,19486,19454,19411,19412,19386,19374,19416,19374,19337,19352,19270,19087,19021,19034,18983,19007,19070,19012,19040,18952,18812,18847,19599,22474,24837,24675,24455,25828,26195,26211,26409,26373,24951,18892,19063,23001,26603,26598,26662,26568,26454,26690,,
KOE,KOE1101,TOPE,ngawha,Geo,Geo,2026-08-13,26640,26644,26729,26726,26683,26649,26499,26663,26647,26782,26662,26607,26519,26693,26691,26718,24901,24601,25875,26845,26833,26781,26754,26854,26805,26762,26930,26852,26781,26679,26548,26737,26632,26813,26633,26760,26844,26852,26817,26869,26866,26809,26963,26979,27040,27159,27135,27056,,
KOE,KOE1101,TOPE,ngawha,Geo,Geo,2026-08-14,27074,27072,27063,27091,27124,27077,27061,27017,27045,27155,27081,27101,27223,27346,27434,27360,27319,27287,27338,27286,27292,27248,27253,27161,27128,27312,27243,27130,27264,27294,27233,27067,27096,27198,27166,27157,27204,27306,27387,27304,27213,27246,27115,27274,27093,27030,27087,27085,,
KOE,KOE1101,TOPE,ngawha,Geo,Geo,2026-08-15,27112,27088,26978,27037,27016,26995,27040,26968,27074,27172,27220,27242,27224,27217,27110,27046,27090,26920,26820,26864,26835,26801,26802,26717,26535,26636,26866,26563,26765,26861,26760,26722,26844,26915,27009,27121,27223,27239,27265,27286,27304,27276,27306,27278,27322,27366,27369,27358,,
KOE,KOE1101,TOPE,ngawha,Geo,Geo,2026-08-16,27380,27443,27478,27426,27439,27377,27409,27457,27425,27395,27423,27409,27334,27451,27523,27578,27367,27144,27140,27142,27093,26897,26953,27011,27009,27055,27035,26939,27118,27047,27139,27149,27334,27549,27559,27092,27779,27743,27674,27746,27744,27857,27955,27979,27958,27929,28051,28015,,
KOE,KOE1101,TOPE,ngawha,Geo,Geo,2026-08-17,27924,27655,27812,27860,28002,28149,28180,28187,28183,28213,28139,28155,28075,28123,28181,28221,28159,28005,27666,27573,27553,27451,27407,27306,27360,27299,27338,27378,27204,27460,27477,27566,27701,27800,27901,28006,28115,28105,28107,28103,28190,28055,28086,28113,28125,28128,28139,28083,,
KOE,KOE1101,TOPE,ngawha,Geo,Geo,2026-08-18,28078,28062,28035,27942,27940,27897,27837,27859,27842,28085,27985,27994,27607,27842,28194,27880,27799,27592,27365,27248,27692,27663,27407,27139,26745,26935,26840,25688,26667,27057,27038,27231,27275,27322,27471,27620,27772,27734,27804,27758,27800,27884,27908,27982,27931,27906,27831,27885,,
KOE,KOE1101,TOPE,ngawha,Geo,Geo,2026-08-19,27824,27829,27851,27797,27786,27744,27704,27749,27793,27817,27784,27618,27612,27475,27571,27626,27507,27453,27252,27046,27017,26948,26844,26757,26717,26734,26713,26871,26884,26912,26989,27074,27073,27282,27402,27633,27686,27791,27860,27892,27849,27998,28041,28097,28113,28047,28172,16394,,
KOE,KOE1101,TOPE,ngawha,Geo,Geo,2026-08-20,12315,13048,12417,12360,12313,12424,12523,12546,12500,12545,12550,12554,12565,12513,12514,12440,12331,12305,12206,12139,12079,12050,11945,11887,11842,11820,11802,11794,11740,11660,11604,11734,11692,11676,11785,11847,11897,12090,12204,12276,12297,12287,12255,12324,12280,12356,12295,12279,,
KOE,KOE1101,TOPE,ngawha,Geo,Geo,2026-08-21,12270,12339,12401,12387,12340,12217,12213,12287,12271,12296,12309,12196,12178,12151,12147,12087,12090,12086,11913,11872,11804,11729,11650,11604,11648,11642,11629,10067,9572,10210,11520,11617,11909,11804,11877,11966,12066,12058,12043,12097,12110,12178,12269,12196,12183,12203,12129,12189,,
KOE,KOE1101,TOPE,ngawha,Geo,Geo,2026-08-22,12162,12152,12084,12082,12140,12140,12205,12244,12251,12250,12235,12235,12299,12376,12389,12284,12135,12016,11926,11794,11705,11657,11623,11538,11442,11514,11551,11459,11377,11438,11513,11556,11596,11643,11697,11788,11892,11973,12020,12026,12016,12056,12084,12072,12044,12040,12080,12099,,
KOE,KOE1101,TOPE,ngawha,Geo,Geo,2026-08-23,12156,12188,12204,12190,12189,12187,12190,12253,12257,12282,12220,12231,12215,12169,12239,12200,12082,12027,11894,11658,11467,11402,11220,11218,11167,10999,10952,10980,11055,11100,11032,11128,11121,11231,11373,11465,11621,11821,11831,11847,11850,11883,11976,11933,11955,11972,11991,11990,,
KOE,KOE1101,TOPE,ngawha,Geo,Geo,2026-08-24,12049,12065,12097,12134,12172,12141,12167,12174,12184,12190,12240,12216,12247,12241,12219,12183,12073,11995,12021,11962,11847,11885,11830,11828,11882,11706,11753,11627,10038,10014,11472,11929,11756,11652,11819,11946,12043,12099,12142,12147,12161,12196,12187,12190,12189,12199,12222,12225,,
KOE,KOE1101,TOPE,ngawha,Geo,Geo,2026-08-25,12263,12241,12237,12220,12310,12309,12331,12295,12325,12346,12308,12336,12316,12365,12300,12380,12205,12130,12039,12000,11907,11892,11879,11836,11793,11804,11739,11752,11750,11669,11656,11755,11830,11749,11865,12027,12060,12101,12107,12149,12215,12260,12226,12251,12137,12181,12366,12358,,
KOE,KOE1101,TOPE,ngawha,Geo,Geo,2026-08-26,12341,12305,12256,12358,12264,12260,12250,12290,12259,12259,12227,12308,12273,12215,12163,12090,12007,11937,11831,11784,11747,11799,11654,11613,11586,11564,11477,11399,11387,11295,11272,11435,11438,11596,11681,11729,11784,11872,11924,11980,11969,12000,12034,12011,12061,12039,12124,12175,,
KOE,KOE1101,TOPE,ngawha,Geo,Geo,2026-08-27,12155,12191,12260,12209,12221,12228,12184,12072,11993,11934,11928,11971,12032,12076,12154,12121,12017,11853,11673,11509,11411,11454,11437,11397,11394,11294,11203,11322,11284,11191,11236,11346,11428,11454,11524,11720,11838,11879,11945,11921,11966,12034,12008,12014,12038,12050,12099,12130,,
KOE,KOE1101,TOPE,ngawha,Geo,Geo,2026-08-28,12129,12107,12072,11985,12029,12158,12117,12200,12167,12141,12084,12147,12076,12037,12059,12034,12006,11906,11763,11696,11683,11610,11550,11525,11536,11526,11522,11563,11552,11627,11472,11473,11464,11499,11546,11569,11601,11792,11783,11655,11626,11656,11701,11697,11743,11713,11712,11758,,
KOE,KOE1101,TOPE,ngawha,Geo,Geo,2026-08-29,11752,11777,11802,11780,11811,11748,11750,11741,11752,11764,11794,11879,11898,11919,11990,12026,11977,11955,11908,11987,11904,11963,11913,11840,11820,11848,11868,11826,11808,11750,11791,11778,11838,11942,11847,11902,11862,11839,11822,11812,11781,11845,11860,11893,11924,11956,11956,11946,,
KOE,KOE1101,TOPE,ngawha,Geo,Geo,2026-08-30,11974,11988,12053,12057,12072,12049,12018,12003,12006,12045,12003,11995,12004,11996,12001,11937,11923,11918,11796,11713,11586,11591,11504,11427,11364,11372,11384,11575,11539,11584,11701,11692,11675,11697,11756,11753,11808,11891,11895,11893,11928,11936,11926,11962,11970,11937,11916,11950,,
KOE,KOE1101,TOPE,ngawha,Geo,Geo,2026-08-31,11918,11846,11866,11916,11995,11993,11912,11956,11922,11877,11844,11774,11823,11912,11949,11893,11795,11683,11609,11663,17160,18131,20504,24682,24690,24891,24867,24755,12011,11504,11704,11627,11647,11950,22614,25903,25820,25846,25838,25855,25873,26000,25812,25923,25835,25768,25757,25928,,
KPA,KPA1101,KAPE,kapuni,Gas,Cogen,2026-08-01,2212,2351,2242,2278,2245,2267,2279,2249,2234,2210,2156,2129,2137,2121,2096,2095,2079,2067,2052,2128,2125,2092,2209,2211,2224,2205,2272,2321,2290,2259,2205,2214,2196,2191,2349,2347,2296,2271,2166,2191,2188,2240,2271,2217,2153,2175,2120,2091,,
KPA,KPA1101,KAPE,kapuni,Gas,Cogen,2026-08-02,2133,2181,2175,2217,2227,2141,2167,2198,2335,2385,2353,2344,2321,2300,2320,2457,2517,2503,2441,2410,2417,2427,2446,2416,2428,2417,2409,2403,2425,2467,2358,2348,2406,2373,2360,2431,2390,2391,2380,2381,2423,2419,2359,2375,2372,2381,2406,2485,,
KPA,KPA1101,KAPE,kapuni,Gas,Cogen,2026-08-03,2475,2492,2512,2472,2549,2528,2620,2664,2681,2592,2573,2619,2654,2717,2962,3117,3034,3041,3086,3201,3287,3477,3384,3182,3230,3287,3313,3242,3060,3027,3036,2961,2892,3053,3078,2868,2410,2499,2618,2610,2620,2531,2270,2113,2023,1978,2028,1984,,
KPA,KPA1101,KAPE,kapuni,Gas,Cogen,2026-08-04,2045,2085,2097,2191,2199,2197,2161,2187,2149,2193,2107,2101,1966,2043,2057,2109,2081,2036,2049,2049,2081,2016,2011,2108,2079,2089,2194,2009,2019,2018,2020,1972,1955,2022,1953,1935,1993,1896,1974,1917,1848,1916,1892,1883,1865,1825,1789,1775,,
KPA,KPA1101,KAPE,kapuni,Gas,Cogen,2026-08-05,1835,1895,1898,1981,1931,1897,2002,2094,2127,2068,2088,2056,2003,2010,2051,2114,2129,1979,2021,1987,2024,1971,2048,2006,2032,1987,1929,1924,2012,2026,2073,2011,2113,2119,2163,2177,2065,2050,2093,2089,2026,1993,1986,1988,1998,1983,1929,1906,,
KPA,KPA1101,KAPE,kapuni,Gas,Cogen,2026-08-06,1870,1812,1826,1894,1900,1916,1888,1902,1913,1992,2016,1994,1979,2067,2042,2107,2201,2200,2206,2147,2238,2164,2103,2042,2102,2189,2277,2286,2219,2246,2320,2289,2868,3554,6259,7056,6874,6782,6727,6709,6686,6765,6764,6817,6809,6865,6924,6847,,
KPA,KPA1101,KAPE,kapuni,Gas,Cogen,2026-08-07,6774,6825,6834,6806,6861,6846,6794,6764,6966,7009,6956,6872,6884,6984,7091,7185,7160,7160,7159,7095,7154,7202,7186,7171,7235,7244,7144,7152,7171,6987,7046,6964,6970,6884,6959,6929,6922,6940,6950,6981,6903,6893,6898,6878,6844,6886,6933,6927,,
KPA,KPA1101,KAPE,kapuni,Gas,Cogen,2026-08-08,2721,1886,1924,1977,1980,2002,1997,2044,2051,2049,2093,2124,2115,2145,2164,2175,2173,2245,2239,2227,2234,2112,2148,2134,2122,2178,2242,2254,2203,2125,2136,2181,2234,2256,2212,2179,2115,2109,2137,2175,2197,2216,2163,2095,2059,2071,2105,2129,,
KPA,KPA1101,KAPE,kapuni,Gas,Cogen,2026-08-09,2081,2113,2147,2164,2198,2353,2453,2464,2470,2510,2467,2478,2410,2542,2802,2869,2867,2892,2826,2805,2861,2891,2887,2905,2903,2876,2894,2858,2910,2874,2924,2836,2610,2610,2488,2445,2363,2320,2286,2217,2211,2258,2241,2238,2232,2240,2195,2119,,
KPA,KPA1101,KAPE,kapuni,Gas,Cogen,2026-08-10,2147,2186,2231,2217,2193,2224,2226,2175,2245,2264,2145,2166,2171,2172,2196,2201,2232,2242,2174,2139,2103,2118,2130,2209,2172,2181,2218,2236,2374,2498,2324,2237,2222,2202,2262,2264,2166,2028,2041,2025,2009,1976,1997,1978,1976,1914,1901,1898,,
KPA,KPA1101,KAPE,kapuni,Gas,Cogen,2026-08-11,1930,1962,2013,2012,2046,2042,2063,2097,2152,2168,2186,2115,2014,2045,2119,2168,2079,2090,2021,1956,1902,1907,2033,2052,2057,2069,2076,2031,2012,2091,2153,2027,2015,2023,2003,1946,1906,1783,1796,1755,1782,1772,1774,1814,1775,1818,1833,1834,,
KPA,KPA1101,KAPE,kapuni,Gas,Cogen,2026-08-12,1826,1844,1874,1915,1865,1941,2044,2090,2125,2053,2014,2011,2011,2028,1943,2026,2057,2145,1979,1886,1924,1983,2038,2061,1942,1940,1974,2038,1841,1822,1853,1875,1888,1898,1880,1895,1821,1800,1675,1673,1679,1736,1733,1670,1668,1713,1728,1656,,
KPA,KPA1101,KAPE,kapuni,Gas,Cogen,2026-08-13,1729,1707,1738,1762,1728,1756,1838,1860,1883,1916,1897,1868,1845,1850,1858,1832,1875,1904,1814,1760,1784,1814,1849,1922,1832,1893,1989,1995,1940,1847,1915,1980,2036,2121,2039,1930,1841,1842,1887,1891,1824,1815,1734,1731,1717,1711,1702,1706,,
KPA,KPA1101,KAPE,kapuni,Gas,Cogen,2026-08-14,1781,1878,1885,1830,1821,1879,1918,1906,1919,1894,1809,1794,1759,1830,1832,1868,1913,1900,1905,1893,1999,1990,2060,1991,2034,1932,1932,1983,1970,1982,1991,2002,2001,2036,2179,2412,2434,2516,2576,2577,2498,2509,2505,2491,2470,2480,2474,2482,,
KPA,KPA1101,KAPE,kapuni,Gas,Cogen,2026-08-15,2497,2515,2625,2620,2723,2733,2755,2822,2769,2884,2824,2803,2810,3009,3132,3186,3208,3170,3103,3198,3177,3132,3160,3037,3086,3222,3166,3223,3197,3269,3249,3287,3232,3293,3231,3102,2901,2876,2776,2704,2686,2672,2647,2740,2744,2769,2800,2813,,
KPA,KPA1101,KAPE,kapuni,Gas,Cogen,2026-08-16,2742,2711,2679,2614,2647,2682,2663,2612,2597,2633,2661,2746,2733,2792,2804,2864,2855,2822,2837,2711,2772,2729,2703,2770,2874,2885,2914,2873,2828,2733,2677,2625,2558,2530,2540,2513,2507,2492,2484,2226,2117,2059,2072,2139,2213,2187,2168,2261,,
KPA,KPA1101,KAPE,kapuni,Gas,Cogen,2026-08-17,2259,2206,2180,2149,2221,2335,2382,2391,2414,2392,2298,2326,2207,2196,2306,2353,2302,2285,2262,2198,2269,2198,2274,2235,2232,2205,2233,2215,2270,2278,2228,2178,2310,2182,2281,2511,3807,6065,6671,7200,7217,7214,7238,7268,7339,7192,7240,7270,,
KPA,KPA1101,KAPE,kapuni,Gas,Cogen,2026-08-18,7285,7289,7323,7233,7155,7217,7188,7217,7142,7141,7139,7096,7024,7133,7152,7132,7108,7149,7074,7167,7238,7213,7221,7244,7236,7201,7314,7200,7236,7097,7118,7198,7131,7307,7160,7054,7054,7037,7076,7036,6970,6939,6915,6901,6967,6969,6959,6947,,
KPA,KPA1101,KAPE,kapuni,Gas,Cogen,2026-08-19,6942,6960,6954,6996,7022,7106,7035,7050,7058,7071,7032,7022,6992,7080,7019,6978,7015,6986,6850,6896,7058,6959,6968,7144,7051,6961,6889,6802,6933,6866,6995,7032,6900,6839,6847,6865,6856,6810,6705,6649,6680,6700,6692,6746,6832,6679,6663,6779,,
KPA,KPA1101,KAPE,kapuni,Gas,Cogen,2026-08-20,6763,6666,6699,6741,6848,6934,6912,6857,6785,6868,6789,6751,6676,6827,6841,6944,6880,6855,2615,2024,2035,2006,1963,1868,1959,1994,1869,1895,1885,1957,2055,1908,1889,1943,2011,1971,1892,1967,1941,1995,1942,1930,2054,2038,2012,1935,1915,2000,,
KPA,KPA1101,KAPE,kapuni,Gas,Cogen,2026-08-21,1928,1896,1844,1899,1924,1975,2098,2104,2073,2120,2218,2139,2146,2368,2417,2598,2520,2513,2532,2583,2602,2585,2508,2535,2617,2537,2500,2582,2631,2742,2706,2696,2472,2472,2387,2242,2167,2104,2080,2047,2064,2046,2089,2065,2083,1965,1924,1907,,
KPA,KPA1101,KAPE,kapuni,Gas,Cogen,2026-08-22,1878,1841,1868,1913,1987,1906,1913,1901,1928,1949,1897,1903,2005,2119,2065,2007,2084,1981,2086,2057,1994,2158,2229,2307,2330,2311,2346,2302,2268,2206,2268,2203,2214,2219,2203,2263,2199,2083,1959,2129,2095,2058,2011,2034,1967,2009,2067,2076,,
KPA,KPA1101,KAPE,kapuni,Gas,Cogen,2026-08-23,2136,2160,2088,2087,2109,2131,2174,2140,2256,2228,2226,2210,2186,2239,2293,2327,2294,2309,2173,2205,2266,2288,2259,2384,2368,2338,2428,2406,2410,2374,2388,2332,2287,2287,2308,2287,2271,2311,2329,2351,2324,2371,2420,2527,2419,2396,2384,2358,,
KPA,KPA1101,KAPE,kapuni,Gas,Cogen,2026-08-24,2383,2383,2423,2465,2471,2475,2476,2416,2402,2381,2439,2441,2405,2355,2311,2367,2415,2333,2232,2253,2302,2266,2252,2261,2210,2211,2219,2390,2332,2433,2494,2409,2428,2422,2445,2432,2269,2169,2151,2204,2203,2221,2148,2158,2217,2119,2127,2117,,
KPA,KPA1101,KAPE,kapuni,Gas,Cogen,2026-08-25,2146,2161,2222,2201,2272,2264,2217,2213,2210,2312,2284,2294,2231,2290,2285,2349,2405,2399,2265,2168,2097,2148,2201,2099,2131,2088,2040,2075,1991,2095,2086,1944,1940,1912,1962,1975,1905,2003,1938,1838,1805,1829,1862,1895,1868,1764,1785,1823,,
KPA,KPA1101,KAPE,kapuni,Gas,Cogen,2026-08-26,1829,1831,1806,1824,1779,1755,1719,1723,1751,1815,1792,1768,1760,1811,1830,1856,1994,2050,1952,1973,1945,1985,1933,2084,2021,2008,1985,1973,1978,2011,2022,2078,2066,2025,1982,1978,1907,1957,2012,2041,2060,2064,2029,2073,2147,2152,2114,2085,,
KPA,KPA1101,KAPE,kapuni,Gas,Cogen,2026-08-27,1985,2045,2063,2180,2143,2121,2134,2080,2216,2230,2281,2181,2163,2212,2413,2543,2500,2742,2802,2776,2783,2824,2853,2836,2911,2956,3022,2931,2802,2615,2647,2662,2703,2548,2489,2345,2238,2169,2128,2126,2134,2102,2093,2105,2136,2124,2057,2053,,
KPA,KPA1101,KAPE,kapuni,Gas,Cogen,2026-08-28,2005,1970,1946,2032,2126,2199,2097,2058,2043,2049,2079,2035,1999,1927,1970,1940,1928,1956,1942,1908,1982,2000,1881,1866,1875,1890,1916,1987,1968,1961,1939,1957,2020,1990,2089,2072,2041,2027,1999,1986,2018,1981,1940,1942,1911,1895,1917,1970,,
KPA,KPA1101,KAPE,kapuni,Gas,Cogen,2026-08-29,1961,1941,1869,1824,1850,1868,1883,1895,1857,1952,1941,1980,1962,1983,2058,2040,2001,1949,1964,1926,2032,2057,2097,2143,2156,2064,2021,2050,2087,2107,2081,2018,2012,1960,2049,2100,2057,2084,2069,2055,2092,2097,2185,2222,2242,2233,2217,2234,,
KPA,KPA1101,KAPE,kapuni,Gas,Cogen,2026-08-30,2205,2223,2203,2167,2138,2156,2185,2221,2253,2268,2294,2261,2165,2178,2218,2239,2249,2279,2260,2293,2293,2318,2319,2422,2425,2388,2386,2335,2292,2346,2393,2387,2374,2299,2287,2227,2240,2236,2212,2194,2190,2136,2152,2149,2224,2214,2216,2235,,
KPA,KPA1101,KAPE,kapuni,Gas,Cogen,2026-08-31,2208,2196,2195,2216,2258,2210,2242,2224,2225,2261,2338,2256,2210,2268,2319,2309,2200,2342,2247,2352,2211,2184,2281,2343,2367,2307,2276,2223,2202,1877,1402,1464,1434,2182,2169,2123,2011,2030,2027,1965,1936,1911,1900,1883,1857,1939,1872,1868,,
KPO,KPO1101,MRPL,karapiro,Hydro,Hydro,2026-08-01,21860,21740,21860,21810,21800,21810,22240,22780,27660,32590,32720,32690,31610,32740,31570,35180,38230,38730,40280,40110,40130,36250,35600,31030,29950,31570,30580,29790,29730,29750,29730,33890,39910,46200,47450,49590,50450,50610,49150,49060,44620,41660,42040,39290,34380,31390,31320,31290,,
KPO,KPO1101,MRPL,karapiro,Hydro,Hydro,2026-08-02,26110,21840,22680,22820,21910,21810,22390,24510,24560,24340,22840,24800,28030,33710,35710,40050,40060,40120,40170,40180,40170,40170,37520,30350,29850,29740,29750,29770,29740,24010,23780,25100,27430,32620,36960,46720,47470,43690,40530,38870,37860,34940,37800,34860,36480,34270,22460,22270,,
KPO,KPO1101,MRPL,karapiro,Hydro,Hydro,2026-08-03,21760,21590,21300,21280,21320,21290,21300,21300,21280,21380,22520,22290,28350,34360,34160,34120,34130,34180,34230,25720,22870,22780,24020,24850,24840,29580,34620,21980,31230,25360,21860,21830,21800,21810,21780,21790,29080,29760,29780,29760,29760,29700,27480,26770,26760,24890,24830,23870,,
KPO,KPO1101,MRPL,karapiro,Hydro,Hydro,2026-08-04,21480,21320,23480,21370,21310,26510,26760,26800,26750,22030,21800,23640,36910,47330,47120,41800,41660,44410,44670,44520,33530,32730,32700,47220,53310,53390,52070,45260,32940,32780,32760,32720,32670,32680,32770,52460,54020,54740,54660,54120,53570,53470,53450,52750,52060,52030,52070,52020,,
KPO,KPO1101,MRPL,karapiro,Hydro,Hydro,2026-08-05,52030,52000,51960,51970,51990,51940,51940,51950,51950,52020,51770,49170,53120,53450,53440,53470,53540,53520,53510,53540,53490,53490,53520,53470,53460,53410,52350,42020,43880,47100,51830,53270,53410,53530,53440,54090,54740,54820,54810,54810,54800,54840,54780,54800,54800,54810,50320,45680,,
KPO,KPO1101,MRPL,karapiro,Hydro,Hydro,2026-08-06,44640,44630,44640,41590,41680,47110,47520,47540,51960,48950,33810,47580,53610,53970,54790,54740,54730,54180,52500,50640,49300,46350,46490,46120,46120,46110,46080,46090,46070,41930,42250,45860,51950,52170,53370,53410,54490,54840,54790,54750,54740,54690,48170,47630,47590,44720,42830,41760,,
KPO,KPO1101,MRPL,karapiro,Hydro,Hydro,2026-08-07,41610,41640,41570,38000,37240,37110,32720,32780,32730,32700,49950,50240,50130,51980,51900,53010,52020,52120,49180,44940,41530,40070,38930,35730,34290,34250,31250,31280,34080,34240,34150,34150,31500,33590,36580,48060,48980,51990,51960,48410,47640,47520,47550,45580,44670,44660,44620,43980,,
KPO,KPO1101,MRPL,karapiro,Hydro,Hydro,2026-08-08,37310,25400,24830,24790,24790,24770,24750,24790,24780,25590,25810,25780,25760,27750,28750,31490,33680,33710,33720,33720,33740,33750,33660,32780,32710,31750,31740,31670,31710,31720,31690,31710,31730,31730,32210,35640,41650,41660,38840,38700,37290,37210,37210,29630,29740,24980,24860,24370,,
KPO,KPO1101,MRPL,karapiro,Hydro,Hydro,2026-08-09,23040,21820,21840,21820,21820,21790,21780,21770,21810,21800,21780,21780,21890,21720,21840,21820,21830,21810,21780,21800,21810,21840,21850,21800,21820,21840,27130,35910,35950,35280,35720,35490,31680,31210,33820,34180,34210,32870,29810,27370,29690,29740,33110,30210,26840,23280,24530,22620,,
KPO,KPO1101,MRPL,karapiro,Hydro,Hydro,2026-08-10,24060,22690,22320,21240,25670,22380,21860,21840,21300,21980,22310,22190,30240,31370,31190,35640,40980,30680,29810,29730,29770,31830,30690,38210,43160,37650,33300,32780,31590,29190,28270,35480,37100,32130,38620,44390,44520,44610,44620,44610,44620,44600,44660,44630,44640,44650,44650,34110,,
KPO,KPO1101,MRPL,karapiro,Hydro,Hydro,2026-08-11,32770,32760,32720,32750,32760,32740,34960,35670,35750,35670,35620,37400,44670,44450,51410,35390,34700,35450,35720,35720,35700,35690,35710,35670,35670,35670,33330,29810,29760,29710,29700,32130,32640,32740,32660,42990,52470,54690,54700,54760,50970,49070,49110,45510,39810,37370,37300,37210,,
KPO,KPO1101,MRPL,karapiro,Hydro,Hydro,2026-08-12,37190,32760,29600,24010,21900,21840,21820,22710,22860,22810,22810,22520,21830,21740,24880,35860,41000,41530,41610,41570,37680,37180,37170,37090,37340,35610,35730,30370,29720,29740,29720,29620,32000,40720,44450,46150,52080,51960,52090,51960,51980,52020,52020,46090,41840,34290,37000,37280,,
KPO,KPO1101,MRPL,karapiro,Hydro,Hydro,2026-08-13,37170,31570,27110,25530,25310,25270,25270,25280,25260,25300,25400,25260,25260,25270,29070,44200,44580,46550,46230,44710,44150,41680,41730,41630,41920,38290,39400,44370,38500,40230,40130,40130,40140,40140,40150,40140,47400,47550,47590,47580,47550,44620,40320,37170,37270,35720,35790,25180,,
KPO,KPO1101,MRPL,karapiro,Hydro,Hydro,2026-08-14,24790,24790,24790,24770,24780,25350,25770,25790,25780,25760,25790,25780,31220,34150,34390,43470,49770,48190,46650,44590,40350,38710,41170,39580,37300,37160,37160,31060,26850,26800,26740,26750,26780,26720,25000,22320,21840,21830,21830,22430,22180,21810,22470,22360,21850,21780,21920,21820,,
KPO,KPO1101,MRPL,karapiro,Hydro,Hydro,2026-08-15,21730,21840,21830,22380,22040,21560,22600,22580,21830,21820,21780,21790,23900,27770,43530,53160,53140,52960,52620,52190,47500,32790,32800,32740,32670,22550,21380,21380,21370,21340,21350,21320,21330,26190,21960,21320,21360,21330,21340,21310,21380,21360,21340,21330,21330,21300,21390,21320,,
KPO,KPO1101,MRPL,karapiro,Hydro,Hydro,2026-08-16,21350,21310,21310,21300,21280,21290,21320,21310,21300,21280,21270,21350,21480,21350,21300,21310,21300,21340,21320,21320,21400,21800,21830,21830,21810,21830,21840,21800,21840,21830,21780,21840,21790,21800,30680,32660,32700,32760,32810,32740,30020,29770,29770,29770,29730,29760,31530,33590,,
KPO,KPO1101,MRPL,karapiro,Hydro,Hydro,2026-08-17,32330,29820,29700,25900,31000,28800,29700,29760,31370,33600,33720,41360,49960,51430,51340,49540,47550,43440,41720,41610,41310,40530,37680,38660,37010,34320,34200,31170,30470,31250,31700,37000,37150,37410,37150,43180,51740,51140,50440,49770,46180,46160,43460,35390,32890,32800,32720,31800,,
KPO,KPO1101,MRPL,karapiro,Hydro,Hydro,2026-08-18,24520,22110,21830,21830,22600,22790,22810,22790,22780,22780,22810,23820,29700,31220,35150,38370,37200,30100,33150,32800,29790,37750,37260,38540,44030,41040,38890,38550,37970,37610,35420,32770,32780,32700,38510,44400,50830,49030,47330,46200,44650,44640,44580,39250,43260,30720,29810,23450,,
KPO,KPO1101,MRPL,karapiro,Hydro,Hydro,2026-08-19,22890,22820,22810,22810,25680,22860,25700,27740,25740,22450,33780,38600,38710,42920,47440,49170,46740,47950,43510,40320,38840,38370,34810,35140,39180,39620,38680,35820,34170,34250,34260,35120,42630,42610,46630,44100,50300,50460,50520,50580,50540,50500,50580,50520,50400,46860,44770,44610,,
KPO,KPO1101,MRPL,karapiro,Hydro,Hydro,2026-08-20,44340,44560,44560,44560,44520,44540,44540,44590,44580,44520,44560,44500,44690,46020,53010,54620,54590,54520,37690,36510,36400,36400,36350,36410,33160,29810,28200,24560,21820,21840,21780,21810,23760,31080,31280,34360,39890,50240,49980,48670,46070,44680,44660,44650,44640,44640,44580,41100,,
KPO,KPO1101,MRPL,karapiro,Hydro,Hydro,2026-08-21,37860,34270,25120,24810,24750,24780,24790,24240,24720,24790,24810,25040,36480,38580,41530,44680,43200,35940,31620,31280,28660,21930,21850,21760,21780,21850,21770,21790,21820,21790,21800,21790,21800,21740,21810,21830,21850,21810,21820,21820,21830,21850,21910,21810,22970,21390,21370,21350,,
KPO,KPO1101,MRPL,karapiro,Hydro,Hydro,2026-08-22,28980,27870,20890,20800,20810,21590,21430,21300,21280,25670,21740,21030,22310,22360,22330,22330,22330,23910,30040,22660,22290,22240,22260,25240,24130,25770,24200,21840,22710,28800,23430,21860,21770,22720,21840,21770,22050,21840,21820,21800,21040,20860,20870,20810,20810,20820,20830,20830,,
KPO,KPO1101,MRPL,karapiro,Hydro,Hydro,2026-08-23,20750,20820,20850,20840,22960,20500,20320,20310,21990,22230,22340,22280,22280,22120,22490,24720,29200,23290,24390,25230,24330,22290,25240,24280,25680,23990,23900,22850,23260,27490,22630,25440,34010,34230,35570,34490,34300,36030,34200,33480,26540,25810,22290,22340,22330,22300,22280,21770,,
KPO,KPO1101,MRPL,karapiro,Hydro,Hydro,2026-08-24,21790,21810,21840,21820,21800,21810,21790,21780,21790,21820,21780,21810,21770,24210,35690,43530,43800,35070,34690,38230,36200,38720,34490,33280,24920,25610,25760,26170,25540,25790,25500,24580,21800,30720,35880,35920,34270,34220,30580,22900,22210,21820,21820,21840,21820,21860,21830,21820,,
KPO,KPO1101,MRPL,karapiro,Hydro,Hydro,2026-08-25,21750,21840,21830,21810,22360,23660,23340,22780,21790,22710,21880,21710,21900,21840,24940,37460,36080,23510,22790,21800,21950,21510,21570,21560,21600,21550,21340,21300,21270,21440,21320,21260,21350,21300,21380,21270,21270,21320,21340,21350,21340,21320,21300,21330,21300,21330,21310,21320,,
KPO,KPO1101,MRPL,karapiro,Hydro,Hydro,2026-08-26,21270,21320,21280,21340,21340,21340,21360,21300,21290,21300,21270,21270,21370,21310,21290,21300,21290,21310,21790,21320,21340,21330,24010,23660,21330,21300,21310,21310,21330,21280,21310,21290,22360,22830,22780,25640,41150,43990,40280,21880,20850,20860,20880,20810,20830,20750,20900,20860,,
KPO,KPO1101,MRPL,karapiro,Hydro,Hydro,2026-08-27,20820,20820,20290,20300,20370,20310,20300,20300,20300,20360,20310,20330,20320,20310,20310,20320,20330,21100,27840,32220,34600,34640,34720,34690,34670,34670,34660,34660,34660,34710,34640,34640,34660,34650,34660,34700,34630,34690,34310,31830,33600,33730,33760,33700,33690,33690,33700,32510,,
KPO,KPO1101,MRPL,karapiro,Hydro,Hydro,2026-08-28,27280,24660,22830,21840,21810,21800,21820,21810,21800,21810,21830,21790,25680,30660,30680,30720,28020,26840,26780,26750,28060,27770,26840,24920,22550,21820,21800,21750,21790,21760,21940,21730,21850,21810,21860,21830,21800,21760,21830,21820,21800,21810,21830,21800,21830,21850,21790,21270,,
KPO,KPO1101,MRPL,karapiro,Hydro,Hydro,2026-08-29,21290,21290,21300,21300,21380,21290,21290,21320,21290,21280,21270,21350,21290,21300,21320,21330,21330,21330,21340,21330,21340,21330,21330,21300,21320,21330,21330,21330,21320,21330,21280,21310,21320,21330,21320,21350,21330,21340,21350,21330,22130,21310,21290,21300,21280,21280,21290,21280,,
KPO,KPO1101,MRPL,karapiro,Hydro,Hydro,2026-08-30,20890,20800,20830,20750,20770,20780,20750,20750,20790,20760,20790,20810,20780,20780,20770,20800,20910,20770,20820,20810,20790,20790,21400,20980,20840,20730,20770,20870,20860,20810,20790,20770,20750,20810,20770,20820,20810,20780,20800,20820,20800,20840,20810,20790,20790,20810,20790,20790,,
KPO,KPO1101,MRPL,karapiro,Hydro,Hydro,2026-08-31,20710,20790,20820,20800,20770,20790,20770,20760,20770,20790,20770,20840,20850,20770,20780,20770,20800,21220,21320,21270,21350,21290,21370,21320,21310,22170,20790,20780,20940,20760,21400,21280,21290,21390,21320,21300,21330,21290,21320,21330,21350,21330,21340,21330,21310,21350,21330,21310,,
KPU,KPU0661,POCO,pāmu_rā_ki_whitianga_solar_farm,SOL,PV,2026-08-01,0,0,0,0,0,0,0,0,0,0,0,0,0,0,0,0,0,0,0,0,0,0,0,0,0,0,0,0,0,0,0,0,0,0,0,0,0,0,0,0,0,0,0,0,0,0,0,0,,
KPU,KPU0661,POCO,pāmu_rā_ki_whitianga_solar_farm,SOL,PV,2026-08-02,0,0,0,0,0,0,0,0,0,0,0,0,0,0,0,0,0,0,0,0,0,0,0,0,0,0,0,0,0,0,0,0,0,0,0,0,0,0,0,0,0,0,0,0,0,0,0,0,,
KPU,KPU0661,POCO,pāmu_rā_ki_whitianga_solar_farm,SOL,PV,2026-08-03,0,0,0,0,0,0,0,0,0,0,0,0,0,0,0,0,0,0,0,0,0,0,0,0,0,0,0,0,0,0,0,0,0,0,0,0,0,0,0,0,0,0,0,0,0,0,0,0,,
KPU,KPU0661,POCO,pāmu_rā_ki_whitianga_solar_farm,SOL,PV,2026-08-04,0,0,0,0,0,0,0,0,0,0,0,0,0,0,0,0,0,0,0,0,0,0,0,0,0,0,0,0,0,0,0,0,0,0,0,0,0,0,0,0,0,0,0,0,0,0,0,0,,
KPU,KPU0661,POCO,pāmu_rā_ki_whitianga_solar_farm,SOL,PV,2026-08-05,0,0,0,0,0,0,0,0,0,0,0,0,0,0,0,0,0,0,0,0,0,0,0,0,0,0,0,0,0,0,0,0,0,0,0,0,0,0,0,0,0,0,0,0,0,0,0,0,,
KPU,KPU0661,POCO,pāmu_rā_ki_whitianga_solar_farm,SOL,PV,2026-08-06,0,0,0,0,0,0,0,0,0,0,0,0,0,0,0,0,0,0,0,0,0,0,0,0,0,0,0,0,0,0,0,0,0,0,0,0,0,0,0,0,0,0,0,0,0,0,0,0,,
KPU,KPU0661,POCO,pāmu_rā_ki_whitianga_solar_farm,SOL,PV,2026-08-07,0,0,0,0,0,0,0,0,0,0,0,0,0,0,0,0,0,0,0,0,0,0,0,0,0,0,0,0,0,0,0,0,0,0,0,0,0,0,0,0,0,0,0,0,0,0,0,0,,
KPU,KPU0661,POCO,pāmu_rā_ki_whitianga_solar_farm,SOL,PV,2026-08-08,0,0,0,0,0,0,0,0,0,0,0,0,0,0,0,0,0,0,0,0,0,0,0,0,0,0,0,0,0,0,0,0,0,0,0,0,0,0,0,0,0,0,0,0,0,0,0,0,,
KPU,KPU0661,POCO,pāmu_rā_ki_whitianga_solar_farm,SOL,PV,2026-08-09,0,0,0,0,0,0,0,0,0,0,0,0,0,0,0,0,0,0,0,0,0,0,0,0,0,0,0,0,0,0,0,0,0,0,0,0,0,0,0,0,0,0,0,0,0,0,0,0,,
KPU,KPU0661,POCO,pāmu_rā_ki_whitianga_solar_farm,SOL,PV,2026-08-10,0,0,0,0,0,0,0,0,0,0,0,0,0,0,0,0,0,0,0,0,0,0,0,0,0,0,0,0,0,0,0,0,0,0,0,0,0,0,0,0,0,0,0,0,0,0,0,0,,
KPU,KPU0661,POCO,pāmu_rā_ki_whitianga_solar_farm,SOL,PV,2026-08-11,0,0,0,0,0,0,0,0,0,0,0,0,0,0,0,0,0,0,0,0,0,0,0,0,0,0,0,0,0,0,0,0,0,0,0,0,0,0,0,0,0,0,0,0,0,0,0,0,,
KPU,KPU0661,POCO,pāmu_rā_ki_whitianga_solar_farm,SOL,PV,2026-08-12,0,0,0,0,0,0,0,0,0,0,0,0,0,0,0,0,0,0,0,0,0,0,0,0,0,0,0,0,0,0,0,0,0,0,0,0,0,0,0,0,0,0,0,0,0,0,0,0,,
KPU,KPU0661,POCO,pāmu_rā_ki_whitianga_solar_farm,SOL,PV,2026-08-13,0,0,0,0,0,0,0,0,0,0,0,0,0,0,0,0,0,0,0,0,0,0,0,0,0,0,0,0,0,0,0,0,0,0,0,0,0,0,0,0,0,0,0,0,0,0,0,0,,
KPU,KPU0661,POCO,pāmu_rā_ki_whitianga_solar_farm,SOL,PV,2026-08-14,0,0,0,0,0,0,0,0,0,0,0,0,0,0,0,0,0,0,0,0,0,0,0,0,0,0,0,0,0,0,0,0,0,0,0,0,0,0,0,0,0,0,0,0,0,0,0,0,,
KPU,KPU0661,POCO,pāmu_rā_ki_whitianga_solar_farm,SOL,PV,2026-08-15,0,0,0,0,0,0,0,0,0,0,0,0,0,0,0,0,0,0,0,0,0,0,0,0,0,0,0,0,0,0,0,0,0,0,0,0,0,0,0,0,0,0,0,0,0,0,0,0,,
KPU,KPU0661,POCO,pāmu_rā_ki_whitianga_solar_farm,SOL,PV,2026-08-16,0,0,0,0,0,0,0,0,0,0,0,0,0,0,0,0,0,0,0,0,0,0,0,0,0,0,0,0,0,0,0,0,0,0,0,0,0,0,0,0,0,0,0,0,0,0,0,0,,
KPU,KPU0661,POCO,pāmu_rā_ki_whitianga_solar_farm,SOL,PV,2026-08-17,0,0,0,0,0,0,0,0,0,0,0,0,0,0,0,0,0,0,0,0,0,0,0,0,0,0,0,0,0,0,0,0,0,0,0,0,0,0,0,0,0,0,0,0,0,0,0,0,,
KPU,KPU0661,POCO,pāmu_rā_ki_whitianga_solar_farm,SOL,PV,2026-08-18,0,0,0,0,0,0,0,0,0,0,0,0,0,0,0,0,0,0,0,0,0,0,0,0,0,0,0,0,0,0,0,0,0,0,0,0,0,0,0,0,0,0,0,0,0,0,0,0,,
KPU,KPU0661,POCO,pāmu_rā_ki_whitianga_solar_farm,SOL,PV,2026-08-19,0,0,0,0,0,0,0,0,0,0,0,0,0,0,0,0,0,0,0,0,0,0,0,0,0,0,0,0,0,0,0,0,0,0,0,0,0,0,0,0,0,0,0,0,0,0,0,0,,
KPU,KPU0661,POCO,pāmu_rā_ki_whitianga_solar_farm,SOL,PV,2026-08-20,0,0,0,0,0,0,0,0,0,0,0,0,0,0,0,0,0,0,0,0,0,0,0,0,0,0,0,0,0,0,0,0,0,0,0,0,0,0,0,0,0,0,0,0,0,0,0,0,,
KPU,KPU0661,POCO,pāmu_rā_ki_whitianga_solar_farm,SOL,PV,2026-08-21,0,0,0,0,0,0,0,0,0,0,0,0,0,0,0,0,0,0,0,0,0,0,0,0,0,0,0,0,0,0,0,0,0,0,0,0,0,0,0,0,0,0,0,0,0,0,0,0,,
KPU,KPU0661,POCO,pāmu_rā_ki_whitianga_solar_farm,SOL,PV,2026-08-22,0,0,0,0,0,0,0,0,0,0,0,0,0,0,0,0,0,0,0,0,0,0,0,0,0,0,0,0,0,0,0,0,0,0,0,0,0,0,0,0,0,0,0,0,0,0,0,0,,
KPU,KPU0661,POCO,pāmu_rā_ki_whitianga_solar_farm,SOL,PV,2026-08-23,0,0,0,0,0,0,0,0,0,0,0,0,0,0,0,0,0,0,0,0,0,0,0,0,0,0,0,0,0,0,0,0,0,0,0,0,0,0,0,0,0,0,0,0,0,0,0,0,,
KPU,KPU0661,POCO,pāmu_rā_ki_whitianga_solar_farm,SOL,PV,2026-08-24,0,0,0,0,0,0,0,0,0,0,0,0,0,0,0,0,0,0,0,0,0,0,0,0,0,0,0,0,0,0,0,0,0,0,0,0,0,0,0,0,0,0,0,0,0,0,0,0,,
KPU,KPU0661,POCO,pāmu_rā_ki_whitianga_solar_farm,SOL,PV,2026-08-25,0,0,0,0,0,0,0,0,0,0,0,0,0,0,0,0,0,0,0,0,0,0,0,0,0,0,0,0,0,0,0,0,0,0,0,0,0,0,0,0,0,0,0,0,0,0,0,0,,
KPU,KPU0661,POCO,pāmu_rā_ki_whitianga_solar_farm,SOL,PV,2026-08-26,0,0,0,0,0,0,0,0,0,0,0,0,0,0,0,0,0,0,0,0,0,0,0,0,0,0,0,0,0,0,0,0,0,0,0,0,0,0,0,0,0,0,0,0,0,0,0,0,,
KPU,KPU0661,POCO,pāmu_rā_ki_whitianga_solar_farm,SOL,PV,2026-08-27,0,0,0,0,0,0,0,0,0,0,0,0,0,0,0,0,0,0,0,0,0,0,0,0,0,0,0,0,0,0,0,0,0,0,0,0,0,0,0,0,0,0,0,0,0,0,0,0,,
KPU,KPU0661,POCO,pāmu_rā_ki_whitianga_solar_farm,SOL,PV,2026-08-28,0,0,0,0,0,0,0,0,0,0,0,0,0,0,0,0,0,0,0,0,0,0,0,0,0,0,0,0,0,0,0,0,0,0,0,0,0,0,0,0,0,0,0,0,0,0,0,0,,
KPU,KPU0661,POCO,pāmu_rā_ki_whitianga_solar_farm,SOL,PV,2026-08-29,0,0,0,0,0,0,0,0,0,0,0,0,0,0,0,0,0,0,0,0,0,0,0,0,0,0,0,0,0,0,0,0,0,0,0,0,0,0,0,0,0,0,0,0,0,0,0,0,,
KPU,KPU0661,POCO,pāmu_rā_ki_whitianga_solar_farm,SOL,PV,2026-08-30,0,0,0,0,0,0,0,0,0,0,0,0,0,0,0,0,0,0,0,0,0,0,0,0,0,0,0,0,0,0,0,0,0,0,0,0,0,0,0,0,0,0,0,0,0,0,0,0,,
KPU,KPU0661,POCO,pāmu_rā_ki_whitianga_solar_farm,SOL,PV,2026-08-31,0,0,0,0,0,0,0,0,0,0,0,0,0,0,0,0,0,0,0,0,0,0,0,0,0,0,0,0,0,0,0,0,0,0,0,0,0,0,0,0,0,0,0,0,0,0,0,0,,
LTN,LTN0331,POCO,twf_12,Wind,Wind,2026-08-01,11644,4841,532,149,451,51,86,106,840,4953,4206,9229,9906,5921,7524,6092,3987,9049,7368,4478,4585,5398,6806,8604,7854,9975,9787,7876,6407,1649,0,1475,259,5,96,1481,2570,2440,2349,3980,2221,487,1029,1532,883,575,648,464,,
LTN,LTN0331,POCO,twf_12,Wind,Wind,2026-08-02,184,0,22,80,1,1036,1872,3337,4886,4506,4263,3964,3679,4304,4375,5599,5371,5049,4500,4260,2585,2797,1973,2111,2973,2720,3109,2633,2919,3372,3215,3482,3143,2478,4355,6531,6243,9856,10297,5744,8032,8855,9101,11598,14011,15246,16233,16469,,
LTN,LTN0331,POCO,twf_12,Wind,Wind,2026-08-03,16471,16465,16482,16448,16411,16428,16355,16476,16350,16454,16368,16472,16344,16401,16414,16372,16364,16152,16130,16117,16100,16101,16098,16055,16091,16070,15870,15777,16008,15999,15934,16039,16085,16041,15947,15876,15770,16082,16066,16066,16066,16073,15706,15726,15860,16103,15917,15760,,
LTN,LTN0331,POCO,twf_12,Wind,Wind,2026-08-04,15721,15221,9405,4972,2462,229,0,639,4472,7528,8178,7752,6352,7181,7276,9130,6971,7003,6187,6587,5328,8963,10545,8954,6523,2749,9611,6491,4900,4911,7422,3943,5660,5926,5488,4697,1787,7188,2549,497,1707,634,50,163,191,4,0,25,,
LTN,LTN0331,POCO,twf_12,Wind,Wind,2026-08-05,26,105,36,5,15,26,12,57,92,31,422,158,89,135,1599,878,2253,1888,1190,113,1,0,90,3,1293,57,16,0,0,0,0,0,1,51,303,430,41,207,127,856,602,983,2334,2003,1913,1837,782,162,,
LTN,LTN0331,POCO,twf_12,Wind,Wind,2026-08-06,179,105,15,287,352,20,3,20,0,0,0,0,0,0,0,0,0,0,0,0,0,0,0,0,0,0,0,26,457,994,1263,1410,1103,2755,1856,1338,1300,873,757,1256,735,682,1170,1442,2258,2846,3295,4145,,
LTN,LTN0331,POCO,twf_12,Wind,Wind,2026-08-07,4267,4821,5356,6977,6502,6415,6976,6302,6441,8116,8923,8429,7995,8157,7414,6440,6935,8154,9354,7528,6774,7483,8640,10098,11351,13469,12402,12032,13164,12168,13586,13945,14707,14996,15050,15940,15390,14491,13658,13508,12060,10364,10992,11872,10532,10834,10800,10928,,
LTN,LTN0331,POCO,twf_12,Wind,Wind,2026-08-08,12906,13912,13677,10303,8923,8898,6433,3559,4051,6679,8215,10277,11016,11896,11911,11830,11067,11305,9712,9570,8718,7987,8672,8593,6223,5585,3953,3338,1473,619,742,491,251,118,42,130,95,0,0,0,0,0,0,0,0,0,0,0,,
LTN,LTN0331,POCO,twf_12,Wind,Wind,2026-08-09,0,0,0,0,0,0,0,0,0,0,17,27,109,172,121,479,724,771,679,1146,3751,5258,7910,8032,13377,15582,15585,15283,14868,13892,13978,12933,11686,11242,10361,9997,9792,11413,10716,9345,8539,9357,11067,14289,14989,14772,14317,15176,,
LTN,LTN0331,POCO,twf_12,Wind,Wind,2026-08-10,15717,15693,15507,15671,14048,14524,14494,13713,12596,10971,10826,10013,7969,7774,14271,15858,15439,15776,15363,15185,15620,15780,16040,15868,14005,14712,13608,12372,11401,12718,12594,13176,12444,9739,8115,5606,4767,6525,5996,3846,2173,293,29,104,773,916,157,0,,
LTN,LTN0331,POCO,twf_12,Wind,Wind,2026-08-11,0,79,73,38,1,5,8,389,1497,1875,1437,1135,309,1408,3281,2073,1995,2943,3131,2608,2487,1567,857,67,5,18,337,3114,2162,1697,828,2252,3848,4374,5070,5552,7162,7455,7759,6539,5102,7696,10866,9951,6943,6264,6327,6666,,
LTN,LTN0331,POCO,twf_12,Wind,Wind,2026-08-12,6625,8036,6126,7846,7032,4140,3075,2546,2427,2961,2447,1478,1303,611,678,1930,2226,1240,1681,1775,1800,1711,2515,4144,4985,5539,5510,5653,4850,4831,5342,4304,4356,4386,3181,2900,2219,2067,1988,1871,1244,1137,1693,2101,2457,2347,2152,2531,,
LTN,LTN0331,POCO,twf_12,Wind,Wind,2026-08-13,1848,1165,707,429,138,2,0,0,0,0,15,46,10,0,30,112,975,732,641,656,379,406,124,318,558,349,462,380,202,361,171,288,184,84,146,429,576,484,468,734,1524,1394,1657,815,1427,1639,2420,2395,,
LTN,LTN0331,POCO,twf_12,Wind,Wind,2026-08-14,2114,1283,1213,1133,1235,732,1062,437,391,459,1072,1780,2729,3596,3724,3172,4390,1876,0,0,0,0,0,0,0,3664,4833,6010,6807,8305,9129,8033,8643,9280,11687,10418,9509,9230,8963,8418,10715,8794,7626,6293,5682,5638,4826,3033,,
LTN,LTN0331,POCO,twf_12,Wind,Wind,2026-08-15,5207,7643,8215,8593,8515,8099,8461,6787,6319,5789,3876,5062,6546,7151,5780,3605,3076,3448,3051,2059,1294,2143,2742,2165,2155,2400,1671,1545,798,381,539,750,1136,1290,1663,2320,2924,2226,2216,4626,7642,8813,10954,10796,10285,8920,9311,10212,,
LTN,LTN0331,POCO,twf_12,Wind,Wind,2026-08-16,10707,11234,11859,11156,10322,10563,11320,11623,10501,10353,12432,13319,14237,13977,13867,14308,14738,15267,14937,14120,13475,12929,11558,10939,11478,12475,14447,15102,15291,14695,15173,14679,14158,13789,13053,13382,12259,11538,11311,9624,10633,10524,9195,9718,6819,6330,6116,5171,,
LTN,LTN0331,POCO,twf_12,Wind,Wind,2026-08-17,5691,5500,4663,4754,4115,2493,3004,3133,4149,4470,1449,928,851,536,840,1247,623,1242,1973,774,1740,1893,2668,2023,2531,1472,1068,1087,1520,201,0,0,0,0,0,5,362,729,1047,1708,2884,2063,1539,1670,522,226,209,3,,
LTN,LTN0331,POCO,twf_12,Wind,Wind,2026-08-18,0,0,0,0,249,75,24,20,1,312,820,594,948,938,1121,619,3,30,79,0,0,8,3,0,0,0,0,355,3,454,1155,210,2036,5929,4748,7429,8306,4483,5363,7620,6670,4442,3417,2299,4550,4239,6595,6345,,
LTN,LTN0331,POCO,twf_12,Wind,Wind,2026-08-19,4668,5590,5374,4050,3984,2659,940,860,60,713,403,882,1018,604,436,1641,870,1077,1502,2903,1640,1837,2543,2934,3350,5140,4512,2564,2018,2025,548,5,22,0,0,0,0,0,0,0,0,0,0,131,619,484,0,0,,
LTN,LTN0331,POCO,twf_12,Wind,Wind,2026-08-20,77,0,0,0,0,0,0,0,0,0,0,0,0,0,0,0,0,0,0,0,0,0,11,697,1188,1508,1798,2088,1655,2091,1114,1019,944,890,760,1014,632,307,115,183,247,171,448,988,1505,994,528,642,,
LTN,LTN0331,POCO,twf_12,Wind,Wind,2026-08-21,500,236,32,322,1895,2731,2541,2440,883,649,1978,2963,3647,3759,4384,4406,4789,5117,6917,7962,7059,6339,5812,6528,10479,10364,12439,14475,15479,15766,15838,16239,15914,15771,15762,15148,15682,16011,16055,16086,16287,16312,16309,16404,16393,16316,16455,16385,,
LTN,LTN0331,POCO,twf_12,Wind,Wind,2026-08-22,16342,16397,16168,16134,16102,16042,16041,16065,15982,16127,15867,15743,15909,15898,16059,15863,16023,16256,16467,16410,16319,16260,16082,16036,16283,16379,16257,16303,16254,16241,16371,16386,16367,16344,16337,16182,16375,16316,16272,16339,16261,16227,16086,15998,15483,15569,16255,16426,,
LTN,LTN0331,POCO,twf_12,Wind,Wind,2026-08-23,16441,16391,16061,16172,15872,15598,14411,12802,15598,16212,16359,16408,16363,16328,16372,16257,15958,15961,14691,15808,14525,15774,15794,15808,15924,15944,16086,16239,16279,16127,15882,16155,16143,16121,16135,16251,16190,15782,16022,16072,16020,15849,16329,16343,16371,16369,16366,15901,,
LTN,LTN0331,POCO,twf_12,Wind,Wind,2026-08-24,14882,14871,14775,15742,15850,15870,15963,15204,12804,12721,13447,12281,11135,12390,13638,14460,14528,14734,14541,15450,16016,15666,15807,15638,15629,15643,15276,15589,16129,16224,16323,16374,16311,16405,16326,16358,16259,16211,16247,16346,16417,16414,16431,16426,16365,16433,16438,16445,,
LTN,LTN0331,POCO,twf_12,Wind,Wind,2026-08-25,16423,16169,16107,16109,16125,15936,15962,16115,16129,16118,16061,16074,16127,16002,16137,15842,14527,13798,13894,15099,16339,16294,16008,15618,15947,16250,16157,16194,16234,16266,16279,16326,16277,16145,16044,15917,14771,16004,16349,16376,16363,16303,16272,16366,16321,16412,16427,16396,,
LTN,LTN0331,POCO,twf_12,Wind,Wind,2026-08-26,12698,10312,10591,9878,11820,14460,12963,13627,13302,12476,12833,10779,10892,12925,14775,15027,15750,16324,16455,16362,16298,16375,16372,16324,16357,16310,16264,15691,15050,10696,6912,10401,15629,16085,15656,16072,16075,15926,15485,15311,15652,15815,15865,15192,13804,13669,12964,13769,,
LTN,LTN0331,POCO,twf_12,Wind,Wind,2026-08-27,13907,13265,12738,13430,13352,10362,2220,540,3083,4285,3601,2491,4864,5264,4026,4741,5364,4302,4122,3799,4455,4648,4286,3164,3357,2363,2450,2917,3527,3719,3152,3786,4867,4535,5131,4593,3997,4386,3306,1880,1864,992,389,4,0,0,0,0,,
LTN,LTN0331,POCO,twf_12,Wind,Wind,2026-08-28,0,0,748,2874,4750,5981,4187,4722,4619,4925,3483,2055,683,92,439,1024,3842,5496,4183,5378,6431,11418,11993,13191,14988,14084,13841,13457,13873,14766,13151,11869,12985,13699,15397,16061,16193,16175,16143,16156,16253,16292,16259,16235,16149,15929,16064,15743,,
LTN,LTN0331,POCO,twf_12,Wind,Wind,2026-08-29,14504,15266,14259,14570,15336,15304,15460,15085,15760,14477,13601,12742,13417,11930,9319,9989,12268,12964,14941,15582,15435,16172,16266,15960,16063,15879,15634,15209,15426,15012,14632,13451,13416,12423,11840,12088,11720,10507,8827,10886,11231,11788,12756,13218,14613,15066,15361,15566,,
LTN,LTN0331,POCO,twf_12,Wind,Wind,2026-08-30,15598,15604,15628,15471,15677,15588,15730,15604,15689,15633,15532,15530,15647,15549,15696,15575,15654,15637,15663,15653,15633,15651,15651,15536,15625,15300,15376,15666,15893,15691,15940,15845,15798,15921,15836,15800,15551,15770,15910,15921,15779,15360,15653,15244,15210,15226,14679,15391,,
LTN,LTN0331,POCO,twf_12,Wind,Wind,2026-08-31,15533,13704,12740,15517,15474,15386,15779,15910,15905,15644,13995,14840,15190,14178,15635,15564,14140,13543,11151,6915,1512,418,392,307,18,0,0,64,71,0,15,0,63,1194,2245,8270,12140,13141,13143,13146,12814,12781,11924,7682,2589,423,285,915,,
LTN,LTN2201,MRPL,turitea,Wind,Wind,2026-08-01,46648,17541,5333,223,8151,3334,454,4316,25859,31256,30699,26195,41696,50222,45850,49482,46549,54327,37336,40536,46896,59825,70151,67068,72726,65626,62522,60439,53144,29724,36791,27291,14379,14986,22588,25465,20277,17604,19954,16433,17946,8293,12633,18327,19074,6472,3570,377,,
LTN,LTN2201,MRPL,turitea,Wind,Wind,2026-08-02,0,688,4083,4865,3504,7366,8000,15550,20288,20193,30931,32382,32249,31586,30364,30954,27713,24969,23514,19272,16582,15531,13076,11100,16013,16218,16402,15340,16682,18818,17726,20189,17636,14768,20317,28352,36085,48599,36732,31152,39027,39428,45478,63774,75971,80627,84514,88403,,
LTN,LTN2201,MRPL,turitea,Wind,Wind,2026-08-03,88694,90065,90862,92245,79230,86525,78348,91035,95239,91330,87822,91036,91232,95158,101717,103230,100825,102407,103603,103669,102769,103201,102275,100814,102672,99885,102008,99417,98464,97350,99096,97740,100069,102234,100500,103160,105092,103772,98343,88752,82972,86419,78965,82295,81272,75624,74243,66314,,
LTN,LTN2201,MRPL,turitea,Wind,Wind,2026-08-04,73986,59144,27158,25570,12286,4190,3201,14696,49175,60499,49992,43568,39252,47504,46653,48641,45739,40442,37335,36755,45610,58192,63326,54364,39657,49301,65693,62297,38901,58241,44007,42168,51364,52687,52967,62635,53350,19903,7169,24472,30429,27649,25149,14182,15629,17758,20090,7862,,
LTN,LTN2201,MRPL,turitea,Wind,Wind,2026-08-05,7460,2533,971,4061,1656,2276,0,639,6845,3508,3268,453,4289,14156,12259,17355,24227,11986,10163,2399,4195,3728,16689,12394,9051,39,1537,203,0,95,186,1,203,1052,2463,3667,5177,3317,3604,6006,14421,16216,11016,10932,15796,11302,4999,6064,,
LTN,LTN2201,MRPL,turitea,Wind,Wind,2026-08-06,3535,1399,2974,2861,4561,5660,1574,883,502,0,0,0,0,0,0,0,0,0,0,0,0,0,0,1,0,0,0,0,181,2253,4224,6962,9841,15849,15912,14172,12749,11222,13238,21039,18286,13922,11957,11246,15305,20625,25286,27620,,
LTN,LTN2201,MRPL,turitea,Wind,Wind,2026-08-07,27362,29281,31931,31926,29091,30624,33861,39643,42029,42532,39158,34338,33968,33706,32938,39054,33795,35689,34518,25507,27269,28890,36407,39509,44944,52238,42731,43064,33400,45672,61522,71934,75117,66745,74194,76176,69695,69132,72030,74877,62083,56372,60806,67082,68086,67037,70224,73434,,
LTN,LTN2201,MRPL,turitea,Wind,Wind,2026-08-08,67723,64860,66158,56704,61135,53476,38125,28597,35984,46823,50747,61343,65262,67934,66102,54279,57557,56382,47506,45435,47322,42308,37233,29685,25864,23562,20379,21943,20786,15361,12068,11440,11091,9596,6830,5771,3800,855,158,187,0,0,0,0,28,1456,1885,2175,,
LTN,LTN2201,MRPL,turitea,Wind,Wind,2026-08-09,2117,4249,4113,2864,1860,603,3,0,4,0,2627,6366,6804,10284,9964,10514,13754,16037,17607,29845,43161,66745,64116,72121,76667,80899,84711,88234,92605,94191,90275,85144,78748,77801,74980,73156,72816,76988,80354,81465,78626,78180,78230,80810,82423,86513,90503,93910,,
LTN,LTN2201,MRPL,turitea,Wind,Wind,2026-08-10,96582,99325,95759,88788,76899,75849,68517,72853,70490,66821,59768,47869,49307,61551,87503,88238,89430,87679,81997,73183,85185,96473,95722,88063,80646,76975,67602,64356,53576,59375,64705,54494,46609,30669,29904,27396,19529,18337,8411,1258,0,0,999,3448,2505,1029,40,0,,
LTN,LTN2201,MRPL,turitea,Wind,Wind,2026-08-11,880,417,0,0,0,0,1175,1295,1185,4578,4927,6105,7325,31723,54445,36252,23732,21765,23145,31743,24159,15342,13413,8368,6339,10003,15169,20951,26079,17557,12338,23590,38414,32093,38267,45542,68914,77878,81805,75973,64592,69020,80109,79329,58252,45349,36913,41281,,
LTN,LTN2201,MRPL,turitea,Wind,Wind,2026-08-12,43918,54130,50582,58073,62986,25461,28196,32340,27753,29024,24142,26960,24487,17989,16704,20397,19006,14496,14918,16126,15104,15429,22734,25376,32826,35732,41822,50121,48748,46530,40636,41017,44200,48403,39165,32349,28199,26090,23450,19704,16961,14949,16901,19329,24190,25509,23008,23029,,
LTN,LTN2201,MRPL,turitea,Wind,Wind,2026-08-13,20014,15716,9825,5857,4790,1565,345,0,331,1191,2431,2668,1718,2519,2869,4766,5972,8209,5355,4179,3503,2995,1636,1572,1464,2007,2057,1405,761,1942,657,252,215,127,201,2426,4248,2261,5299,6462,9784,11720,11036,9436,8856,12922,16796,22155,,
LTN,LTN2201,MRPL,turitea,Wind,Wind,2026-08-14,15627,10072,8703,7127,8022,7253,6434,6949,8082,8884,7109,12740,24968,35039,31392,34571,34549,38201,43310,50726,57596,60369,59279,49577,37227,22122,19282,27957,28453,27465,38507,47025,48875,46981,53414,62096,71221,80651,74955,74910,73174,73585,63669,42263,39045,35525,38952,36656,,
LTN,LTN2201,MRPL,turitea,Wind,Wind,2026-08-15,31987,32468,42119,53456,52764,38839,35989,30239,31408,27646,31242,31810,32661,40390,35774,36849,31972,27855,22860,22431,17852,20413,19362,17880,25548,26554,23188,18260,11220,8628,7768,10511,14366,14653,18670,25862,28293,31795,62572,80991,83107,75873,75177,67122,59825,56261,57063,61928,,
LTN,LTN2201,MRPL,turitea,Wind,Wind,2026-08-16,64368,64107,62035,60867,63616,65996,63348,57211,61651,63791,70974,71547,74028,73911,69627,76733,70750,75985,88935,92390,94986,96224,98192,92600,93495,94222,78311,87260,95949,96140,97019,98443,96570,98734,97239,95090,97384,92695,90042,86717,89906,85711,81655,82609,84770,85779,82823,81579,,
LTN,LTN2201,MRPL,turitea,Wind,Wind,2026-08-17,79679,76538,70289,63901,57741,50897,42722,41429,45739,38730,33920,37328,26918,18439,12046,15357,15295,15784,38343,42098,50383,48332,44286,30760,20608,17431,15538,11969,1709,267,0,0,0,0,654,3549,4297,10048,11864,26156,24125,13235,16153,11198,5295,1999,257,1172,,
LTN,LTN2201,MRPL,turitea,Wind,Wind,2026-08-18,713,1342,304,449,1925,2870,4383,3504,2890,3971,4261,2687,4071,4284,7488,6830,2859,4106,3597,1761,3599,1829,1985,0,520,200,86,997,133,2292,4701,7365,21574,27148,50710,67844,66397,67964,70105,76182,77918,68973,50400,23809,38008,42588,35218,41501,,
LTN,LTN2201,MRPL,turitea,Wind,Wind,2026-08-19,65156,72650,82524,82585,78799,67663,45499,50266,44562,25917,29649,34953,31661,23758,16419,25766,29070,35664,30964,12221,10083,26271,41774,48759,48794,42394,39629,29241,23328,12159,3399,387,0,0,0,0,0,0,2572,1416,66,1520,2152,2927,2313,238,155,2914,,
LTN,LTN2201,MRPL,turitea,Wind,Wind,2026-08-20,5244,354,80,0,0,0,0,0,0,0,8,0,0,0,0,0,0,0,0,0,0,248,2173,4958,9166,13290,15193,13205,12402,12420,10795,11940,10593,9777,6732,4403,6013,6529,6839,6406,3570,4216,6119,4997,3463,2612,1114,1771,,
LTN,LTN2201,MRPL,turitea,Wind,Wind,2026-08-21,2444,2410,1033,1717,4562,6591,9633,15671,11262,7839,9914,11753,14477,18734,19568,19447,22606,24174,31535,36157,39126,36082,33565,37270,46645,66606,72476,85121,91917,93617,94692,93587,93056,91251,92430,96335,93317,95245,98339,97201,96780,98381,100316,102148,101642,101329,100939,101002,,
LTN,LTN2201,MRPL,turitea,Wind,Wind,2026-08-22,101390,100781,100713,100193,99926,100240,101618,103079,101982,101811,101110,98664,96157,96226,99444,101735,95263,97355,101251,99433,77750,69000,78025,96951,98783,98396,100077,88637,82241,98130,101966,101209,103459,104950,104561,80622,97210,99144,100567,101445,102251,104226,104035,100987,97373,98814,100518,95304,,
LTN,LTN2201,MRPL,turitea,Wind,Wind,2026-08-23,91699,92863,94992,96845,97597,98294,91119,82308,86565,89715,93600,97059,100871,99783,89532,90316,84994,69626,59770,58850,58523,57306,65344,72959,90135,92969,96052,98917,100475,100125,97833,94908,96811,100271,103601,104456,102918,103662,102767,102262,103697,103979,101778,101478,102518,101859,99039,96792,,
LTN,LTN2201,MRPL,turitea,Wind,Wind,2026-08-24,76973,56025,60136,65291,68934,71887,71506,68669,68464,67166,66860,66726,70778,67163,61689,54682,52410,58075,58815,63677,69927,74697,77332,83434,88359,84945,87168,64504,60143,67670,93925,99462,101499,101078,101657,101975,101159,101047,101779,102761,104568,106090,104996,104824,104756,102786,103319,105001,,
LTN,LTN2201,MRPL,turitea,Wind,Wind,2026-08-25,102287,99844,101775,103005,104293,104460,104194,105015,104423,104573,97802,98045,101559,102897,100394,101438,101563,101612,101296,104223,103010,103626,102137,97703,101674,100710,98253,100496,102904,101449,102625,101115,100298,100255,95568,96050,93363,100927,100208,99283,99748,95384,95337,99023,100002,101272,99030,82869,,
LTN,LTN2201,MRPL,turitea,Wind,Wind,2026-08-26,64649,51984,48199,50245,60652,58237,56557,61956,64498,68094,72340,71630,71482,81934,93373,100259,100700,99981,100114,94124,96576,101138,104421,103276,101182,100222,96294,97282,98417,98408,98435,99853,101058,101260,100655,96120,98337,94273,92404,91060,89213,84649,86877,87896,91167,82607,80379,76211,,
LTN,LTN2201,MRPL,turitea,Wind,Wind,2026-08-27,75645,72428,68907,68339,43800,12437,1964,10184,22535,28811,28807,29248,29854,31121,36994,38078,35337,38386,36335,27798,29321,28302,24802,26082,25928,21862,22252,27012,30058,27475,27921,32323,34831,36955,39926,45477,41723,40192,27778,19460,15721,12200,5850,1968,987,815,1202,1340,,
LTN,LTN2201,MRPL,turitea,Wind,Wind,2026-08-28,5110,8835,11685,19800,29447,32527,31582,32361,32370,30200,32515,30094,35069,41347,42950,48978,52710,54083,42537,37067,34942,46812,65689,87373,88688,87877,81830,86920,88494,87175,79022,76802,81842,88497,86985,92716,100572,103147,104232,103336,99708,90890,93888,92992,78674,80504,71664,73562,,
LTN,LTN2201,MRPL,turitea,Wind,Wind,2026-08-29,63178,41111,39210,33315,36654,39223,38836,38660,39661,39095,40088,40072,46437,61117,59691,58422,64847,64740,64780,80209,83547,80750,84875,95784,93129,95770,96334,92769,93894,92678,93482,88599,91740,89698,83297,76914,67394,54002,49668,65937,70648,72201,77522,80625,74263,43699,39006,40930,,
LTN,LTN2201,MRPL,turitea,Wind,Wind,2026-08-30,38130,39107,40056,39575,38901,38944,42722,40079,39821,38992,38877,55675,54771,80293,61738,65623,71761,75934,84847,93049,85574,68846,64265,85734,80590,76176,42683,38219,39264,41667,42054,50216,82992,98808,99509,99743,99436,99482,99911,100906,102368,95846,93074,77453,69946,74112,77496,64292,,
LTN,LTN2201,MRPL,turitea,Wind,Wind,2026-08-31,64250,79150,61621,41891,38096,38469,37847,35234,38103,45164,54546,84909,92899,94177,94273,88650,94579,91088,84839,79485,64323,61915,62257,58238,48374,38576,40222,48708,66584,66886,66749,74871,80241,88980,90599,95388,94247,92604,91288,93218,88797,79283,56448,29315,18916,8229,6974,7210,,
MAN,MAN2201,MERI,manapouri,Hydro,Hydro,2026-08-01,323490,347232,347091,317392,315737,316914,316568,315116,316707,347299,370537,369658,371656,370295,371407,371198,368938,371444,370946,370054,369556,365228,370746,372585,374397,372247,371802,370735,370437,371405,348464,369078,374283,370797,370396,365825,370062,371992,370670,370556,370164,369844,371805,370430,370557,370606,370717,370567,,
MAN,MAN2201,MERI,manapouri,Hydro,Hydro,2026-08-02,370842,370273,370049,368517,372333,371035,371363,370680,370639,370905,370386,370506,371103,370759,371383,369783,370889,369429,371082,370839,370788,371703,370525,370711,370797,370190,370843,370620,370430,368581,369069,370513,370378,374613,364692,371111,370642,370649,370938,370042,369812,370752,372540,369319,371588,373393,368692,349628,,
MAN,MAN2201,MERI,manapouri,Hydro,Hydro,2026-08-03,348787,348646,348588,347688,348825,315193,351360,348610,348762,348423,348473,348516,349020,349444,347995,347126,348349,349062,348399,345174,350028,349310,349492,349208,350050,346678,347420,349240,348142,347931,327418,348419,350005,346665,345848,347249,344069,349852,349138,349178,348056,348257,349757,348239,348930,347528,349276,347407,,
MAN,MAN2201,MERI,manapouri,Hydro,Hydro,2026-08-04,344593,345768,341561,345239,347924,346656,345512,348475,347830,349482,348148,350472,347979,344429,343086,349660,353471,350141,348386,345960,347279,347228,348973,351237,350018,348294,350985,347541,348122,349208,350809,349243,367645,370147,369667,370105,371359,370120,369015,372906,371319,368794,371003,371038,370226,370066,372615,370947,,
MAN,MAN2201,MERI,manapouri,Hydro,Hydro,2026-08-05,370169,370505,370439,370103,370211,370953,371399,370216,370799,370266,371010,371487,368631,370951,367520,370582,373712,371236,371015,370155,314368,367127,369139,372118,371567,369387,369530,373463,369474,371265,343132,370336,370276,371485,371070,370728,369223,373291,369233,371126,370234,370334,371540,370928,369300,371969,396198,395677,,
MAN,MAN2201,MERI,manapouri,Hydro,Hydro,2026-08-06,396858,395917,395749,395793,396120,396722,396755,395761,395989,395897,396341,395637,396512,369544,369623,369796,370059,372367,372454,372121,370593,372036,370880,370763,370886,371020,370983,371332,370541,371858,371059,370342,369466,371217,372035,370547,371590,372567,370638,371799,370810,371006,371448,370604,370699,371776,370748,370972,,
MAN,MAN2201,MERI,manapouri,Hydro,Hydro,2026-08-07,371542,371460,349273,332547,371547,370895,371677,370264,370931,371318,370612,367975,369789,371766,368706,371476,370370,373780,375452,372406,369900,371086,371325,371725,370547,371176,370590,371484,371427,372118,350653,370983,371232,369188,372801,368416,370518,371783,371490,371624,371450,370797,370188,370870,371326,371641,371763,371444,,
MAN,MAN2201,MERI,manapouri,Hydro,Hydro,2026-08-08,370608,366077,358556,370443,371035,371113,371134,371176,371034,370525,367544,355693,356742,371743,372259,369029,372009,371396,370810,369543,374818,370820,368599,372674,371141,370688,371639,370615,371346,371729,371269,371001,370421,371834,370739,371297,370148,371175,371007,371892,371246,370745,370681,370477,371831,372196,368561,370676,,
MAN,MAN2201,MERI,manapouri,Hydro,Hydro,2026-08-09,370639,361669,358897,349304,349495,349334,348583,345654,352613,349389,349280,346746,350763,345544,371102,370688,371382,371486,371239,370670,371527,371299,371939,369796,372703,371654,350986,371119,372108,371894,352591,369324,370379,371493,371197,369959,370593,371404,371125,371458,371568,370991,373040,371176,370718,370779,371729,371369,,
MAN,MAN2201,MERI,manapouri,Hydro,Hydro,2026-08-10,370354,370287,371429,370654,371096,371487,372340,365156,371826,376002,370768,367876,371529,369160,372283,372613,370237,350301,348997,348665,349921,347224,351844,348658,348532,348009,349623,348341,349852,348611,349250,348440,349717,347518,350343,347183,348599,350055,349803,349617,348899,349008,350017,347394,350424,348747,350660,348965,,
MAN,MAN2201,MERI,manapouri,Hydro,Hydro,2026-08-11,349474,348995,348856,349624,349058,349250,348751,348732,348643,348061,348304,348014,350450,346725,349111,348219,347443,351128,348798,349757,349163,348831,349219,347784,350656,346507,350215,349390,349765,349291,329597,349016,347199,349208,348563,350534,346616,348983,350722,347999,349024,348582,348399,352572,349187,348445,347853,348438,,
MAN,MAN2201,MERI,manapouri,Hydro,Hydro,2026-08-12,349603,348788,348785,348012,350048,349324,348239,348225,349383,348725,345567,347839,351073,347548,348653,348683,350864,352192,348713,349487,349124,348813,347240,348804,349547,349058,348452,351404,347559,349073,347867,347940,351195,349150,349607,348630,323706,348813,350507,348601,349084,349092,349281,349505,348354,348471,349616,350266,,
MAN,MAN2201,MERI,manapouri,Hydro,Hydro,2026-08-13,349207,349456,348525,348442,350277,349090,349616,348431,349748,348785,348806,349032,347940,347787,347510,349758,351068,349158,348129,351042,347011,348851,307914,307031,305399,306815,306330,306195,307612,305857,342499,349080,348294,347222,327566,350059,348459,349770,348922,348797,347975,349130,350321,348283,348438,348781,349047,348937,,
MAN,MAN2201,MERI,manapouri,Hydro,Hydro,2026-08-14,349876,348206,348951,348252,349261,349039,348494,348605,348730,348289,346009,346477,349197,364787,373048,369762,369717,373357,373026,371080,371579,370907,371484,370186,371091,370694,369893,371034,371611,372118,372126,370728,369675,370801,371179,373133,370924,370233,371240,371529,371110,370753,372162,371482,370296,370249,372124,371094,,
MAN,MAN2201,MERI,manapouri,Hydro,Hydro,2026-08-15,304812,297536,297293,297300,297057,296625,297754,296503,297405,368841,347730,369881,371178,371532,370718,371502,371308,370511,367757,372628,372108,370687,371623,371051,371214,375685,367088,368922,373621,372689,371840,369651,371416,370558,370935,370534,370789,370339,370520,373050,371598,370728,371301,371490,370839,370294,372122,370608,,
MAN,MAN2201,MERI,manapouri,Hydro,Hydro,2026-08-16,302343,297446,297210,297063,296276,297471,297057,297520,297671,366222,368905,370160,368092,371329,370634,371492,371523,370950,370506,371082,371045,371764,368555,372704,371374,370779,371544,371814,370711,371568,345631,372326,370959,371808,372200,369632,370595,371465,371412,371086,370559,371293,370925,371115,370819,372074,371050,371585,,
MAN,MAN2201,MERI,manapouri,Hydro,Hydro,2026-08-17,304063,318763,311655,302941,313806,311627,301160,297285,301635,320559,367806,370280,371942,370464,370735,370462,371771,372291,369444,371221,373102,370760,371942,370746,371370,372294,369494,372510,371016,372477,350176,367200,373669,373630,371513,366138,370988,371052,371726,371666,371918,371218,372613,368728,372699,371040,372379,352890,,
MAN,MAN2201,MERI,manapouri,Hydro,Hydro,2026-08-18,300822,295784,296167,296965,296404,297221,298782,296778,296705,295396,329723,369657,372898,373331,370169,367671,370508,374770,370361,371330,372129,370900,371001,372085,372853,370540,370244,369757,370640,372359,344272,375325,370433,373198,370821,367731,370398,370947,372594,369330,371553,370278,372315,369106,372901,371123,370866,341827,,
MAN,MAN2201,MERI,manapouri,Hydro,Hydro,2026-08-19,299846,297591,296897,298342,296909,297873,296933,296808,298953,340631,370994,371604,372551,370341,372165,370408,371588,372007,370182,372911,371374,370201,371138,371418,374184,370072,312447,311601,309711,309765,365439,369128,371188,371807,356532,371457,369886,369945,372693,317197,309134,309558,308532,309714,298019,298087,296652,296969,,
MAN,MAN2201,MERI,manapouri,Hydro,Hydro,2026-08-20,300038,338017,336483,352995,370114,366106,343753,371560,371119,370999,366854,353591,361667,368892,367122,372101,374094,375939,372270,370820,369366,370741,372373,374202,371206,372990,313911,309451,311394,357915,371973,395493,395336,396285,396912,396582,395333,394846,394538,397921,396416,392546,399287,371893,371406,371175,370525,371965,,
MAN,MAN2201,MERI,manapouri,Hydro,Hydro,2026-08-21,361636,371666,369321,371229,334845,344703,367645,351579,364567,371009,371870,368900,374924,395872,396282,397216,398034,396080,395250,395947,397079,394542,397597,395787,396444,396500,369729,374630,370466,370696,371344,371713,372017,369342,370418,373974,371703,371010,369246,370676,374204,372014,341497,338394,299226,297458,297766,297497,,
MAN,MAN2201,MERI,manapouri,Hydro,Hydro,2026-08-22,297950,297052,297126,297483,298221,297283,298085,297187,298577,297232,297092,330124,333098,367996,371409,371059,375506,368539,371235,372120,370461,370013,373130,370810,371058,369379,347674,371170,374343,369469,370979,370562,369871,371720,369675,370730,373217,371066,370336,371082,369836,371274,369724,370173,336490,332225,335555,333098,,
MAN,MAN2201,MERI,manapouri,Hydro,Hydro,2026-08-23,297210,297675,299337,297988,298300,297938,296684,297435,298749,297434,332331,334466,370149,369836,370500,370101,370049,370311,372019,370771,371411,369973,306760,0,0,0,0,0,22696,181987,291808,308176,308432,309167,311179,307805,308526,308388,309402,308313,308856,308797,307170,311425,308186,308427,309004,309879,,
MAN,MAN2201,MERI,manapouri,Hydro,Hydro,2026-08-24,309919,307438,308262,308891,308568,308551,308959,308947,309318,308427,308018,309078,309532,308209,308968,308155,308449,308967,308942,309156,308711,281859,310110,310481,309067,309515,305875,309937,311111,284647,307400,307576,309339,366833,371585,371192,370175,370421,372765,370671,372158,371117,369478,371035,340376,335344,333609,333746,,
MAN,MAN2201,MERI,manapouri,Hydro,Hydro,2026-08-25,299799,297901,297469,296485,298812,296290,297368,297079,296894,297060,327883,331758,371063,373487,370565,369383,371729,373524,365603,371913,376075,372170,371299,370697,372561,368945,371708,372989,366420,374382,338589,367592,372482,372025,375850,367958,365795,372821,371517,371890,370761,370770,370306,371404,337670,303440,335444,334447,,
MAN,MAN2201,MERI,manapouri,Hydro,Hydro,2026-08-26,300396,297424,296883,296208,297101,298236,300597,295874,295296,296859,296478,331961,370276,371724,370509,371624,394053,397192,396501,396208,400974,396799,392108,397521,395303,397680,371728,371557,371793,370725,378722,395090,397102,396645,397076,395856,393760,396298,397215,395988,395951,397114,399275,394513,393816,394552,398335,396405,,
MAN,MAN2201,MERI,manapouri,Hydro,Hydro,2026-08-27,368546,326367,297663,298393,297920,297812,298052,296778,298252,317639,364988,391911,396967,395373,394302,396573,396949,396487,396757,398191,395234,395370,398139,395984,395101,395677,370958,396335,396733,397027,395773,395351,396758,395834,397340,395919,394693,393515,395853,396332,395982,396936,399648,396016,396758,396071,396548,337049,,
MAN,MAN2201,MERI,manapouri,Hydro,Hydro,2026-08-28,298928,298202,297663,291133,275319,254578,246143,245992,256374,281195,318790,332623,367376,369967,393720,395825,400034,396227,397859,391076,367494,320182,355212,262759,293935,313495,267243,331857,324588,310534,362654,379779,393069,390604,399946,397577,394116,395478,397901,396105,395177,379149,394991,378113,374736,363568,370559,335866,,
MAN,MAN2201,MERI,manapouri,Hydro,Hydro,2026-08-29,304385,289537,279923,237513,231287,228115,219861,211625,209026,227783,238184,274258,351439,394634,394298,396193,392523,381137,357753,332417,296878,332503,375978,394962,396319,393394,367134,363768,387831,391486,391793,396662,396464,395537,395847,396876,396968,394302,397255,391874,387887,385903,394359,377585,351556,308162,356001,285746,,
MAN,MAN2201,MERI,manapouri,Hydro,Hydro,2026-08-30,293984,285162,280537,209292,228066,236093,238888,221222,238558,243614,300702,332111,386773,388840,396544,395149,398179,395907,396181,397636,394365,397191,397973,393895,397961,393868,340943,350462,364902,381276,387768,392010,394595,396808,397044,394965,398144,391326,399074,396378,397437,396111,395584,396412,396286,397601,394919,393569,,
MAN,MAN2201,MERI,manapouri,Hydro,Hydro,2026-08-31,331570,296696,298511,268402,242432,234933,228633,224273,247483,287080,362766,393869,393598,392995,371602,348412,348457,350144,347098,349521,348638,345438,351524,349413,348145,350282,346733,347540,352198,346694,350023,347704,347717,350372,348168,348272,349599,346587,349900,348932,348018,349587,348724,348346,347923,349217,348681,348580,,
MAT,MAT1101,BOPD,aniwhenua,Hydro,Hydro,2026-08-01,4854,5152,5277,6259,9545,9995,10107,9894,6988,9872,8297,5432,5197,6209,5255,8452,11545,11295,9543,9689,9573,9112,9580,9131,5797,5827,5772,5826,5879,5811,6205,6257,6263,7029,7601,10136,10074,9933,9799,6991,9793,6981,9736,7039,9664,9456,9200,9163,,
MAT,MAT1101,BOPD,aniwhenua,Hydro,Hydro,2026-08-02,7545,6263,6248,4750,4929,5038,6196,5081,5079,6113,9600,10093,9976,9823,9633,9410,9390,9278,9312,9276,9180,5972,6000,6157,5882,5947,5978,6256,6261,6047,6228,6055,6027,6406,6881,9651,9757,9925,9797,9764,9679,7138,9651,9087,9118,8507,6960,7072,,
MAT,MAT1101,BOPD,aniwhenua,Hydro,Hydro,2026-08-03,7180,7557,7297,3708,3787,3635,3858,6183,6235,7903,7182,7250,9963,9829,9756,11574,11268,9009,7533,7383,7320,7890,8692,5754,5812,5795,5763,5936,5910,5797,5539,5539,5830,6118,7454,9920,11443,9815,9807,9741,7014,9601,9172,8558,7973,7638,7395,7942,,
MAT,MAT1101,BOPD,aniwhenua,Hydro,Hydro,2026-08-04,4248,3584,3555,4182,5327,6220,6638,7534,7109,7522,7392,7445,10451,9927,9796,11016,10243,9399,7952,5557,5804,5830,6236,6248,6249,6251,6251,6251,6249,6248,6245,6417,6930,7859,7230,6054,6048,6043,6040,6061,6113,8646,8606,11320,9515,10189,9957,9865,,
MAT,MAT1101,BOPD,aniwhenua,Hydro,Hydro,2026-08-05,9742,9652,8965,7496,7099,4359,4713,4847,5123,5208,6086,6215,9396,11369,11419,11289,11520,7556,6198,5809,6219,6140,6255,6253,6251,6264,6274,6273,5986,6065,6243,6266,6962,5496,4923,5396,9562,11165,12138,8837,7010,9828,9409,9583,9537,7589,5763,5759,,
MAT,MAT1101,BOPD,aniwhenua,Hydro,Hydro,2026-08-06,6003,6167,6127,5962,5969,6090,6063,6021,4855,6262,6516,7536,6926,9752,11838,11974,12234,8560,6275,6238,5464,5804,6229,6260,6259,6254,6249,6140,5617,5798,6261,6283,5346,6265,6193,9668,10118,10091,7157,10163,9278,9713,9501,9346,9290,9107,6542,6187,,
MAT,MAT1101,BOPD,aniwhenua,Hydro,Hydro,2026-08-07,5799,5476,5538,5892,6246,4989,5230,5321,6042,6102,6261,6045,9376,10516,10191,11879,11476,9385,6378,6213,6205,6242,6251,6268,6269,6264,6261,5552,5563,5673,5501,5647,6192,6233,7560,10534,10429,10328,11627,8805,8532,6950,9716,7238,7685,9248,7022,5273,,
MAT,MAT1101,BOPD,aniwhenua,Hydro,Hydro,2026-08-08,6113,4802,4903,5089,6243,6253,5039,5081,6255,5354,5547,9139,11510,10134,9850,9631,9508,8493,9043,8826,8001,5445,5780,5723,5802,5888,5896,5853,5799,5838,5698,6268,5412,5977,9605,10814,10131,9893,9879,9390,7724,5463,4276,4492,6151,6045,4823,6219,,
MAT,MAT1101,BOPD,aniwhenua,Hydro,Hydro,2026-08-09,9476,10168,9945,9740,7420,7218,8230,6918,4252,5067,4913,5028,5083,6241,5332,5450,5201,7900,10831,10267,10359,9757,9768,7326,9271,5719,6251,5697,5757,5716,5552,5663,5629,8701,10470,10094,10061,9732,9602,9456,7678,6170,5554,5991,6154,3705,6095,6204,,
MAT,MAT1101,BOPD,aniwhenua,Hydro,Hydro,2026-08-10,7394,7355,7500,7483,7458,7506,7742,8484,8184,6976,9081,8775,6981,10136,9686,11809,11144,8906,7111,5382,5906,5823,6241,6254,6253,5436,5947,5912,6186,6237,6279,6213,6467,7985,7367,7335,10421,10112,10171,9820,9718,9521,11248,8670,4906,4738,6127,6159,,
MAT,MAT1101,BOPD,aniwhenua,Hydro,Hydro,2026-08-11,6262,6261,6256,6253,6252,6250,6263,6267,6271,5622,6162,5745,7613,7373,10395,11461,9857,9862,9738,9687,9641,9392,8163,5822,5886,5892,5850,5922,5809,5760,5841,6016,7636,7865,7719,9914,9642,9572,9330,9085,7047,6162,6004,6040,6044,4644,4994,5167,,
MAT,MAT1101,BOPD,aniwhenua,Hydro,Hydro,2026-08-12,8498,10085,9912,9692,9589,7103,6273,4093,3641,5157,4754,5504,5280,7657,10916,12070,12077,11789,11589,7386,6018,6088,6292,5311,5655,5306,5302,5307,5297,5509,5556,6248,5500,8937,8476,10274,9808,9670,9655,9563,8086,5606,6161,5641,5756,4827,5140,5312,,
MAT,MAT1101,BOPD,aniwhenua,Hydro,Hydro,2026-08-13,8614,10062,9894,9878,9668,9240,8032,4475,3581,3641,5191,5333,5440,5455,8817,9897,9819,9789,7105,7284,9797,9950,11398,8417,5926,5936,5954,5971,5992,5987,6010,5938,6027,6225,5976,9203,10312,9864,9896,9750,9610,9524,9426,9360,9221,8785,5968,4789,,
MAT,MAT1101,BOPD,aniwhenua,Hydro,Hydro,2026-08-14,5037,5349,6086,6301,6880,10013,9784,10320,7572,7354,7235,7634,9988,9676,7230,9900,11428,9617,9665,9632,7036,9713,9322,8558,5716,5863,5814,5798,5811,5698,5685,5580,8539,10018,7474,10275,9824,11747,8791,5721,5776,5617,5927,6303,6175,6863,9311,11447,,
MAT,MAT1101,BOPD,aniwhenua,Hydro,Hydro,2026-08-15,11474,9583,11477,7761,8171,8842,5075,4352,4071,6030,6266,5584,6865,9570,7730,7503,7223,10191,8530,10607,9954,9999,10020,9941,8464,6028,5944,5919,5894,5871,5876,5680,5964,8985,10285,9862,10100,9719,10071,8610,5576,5773,6039,4757,5019,5171,5012,8205,,
MAT,MAT1101,BOPD,aniwhenua,Hydro,Hydro,2026-08-16,10431,10234,9949,9978,9811,8477,5209,4462,5076,5123,5483,5437,5894,7890,7027,7211,10064,10182,9909,9948,9783,9205,9851,8405,5998,5912,5870,5897,5952,5890,6310,9385,9942,9787,9605,9343,9117,8554,5627,5709,5521,5526,4770,4919,6130,9147,9701,9701,,
MAT,MAT1101,BOPD,aniwhenua,Hydro,Hydro,2026-08-17,9607,9640,9792,7576,4700,4826,4764,4998,5241,5369,6162,5892,5639,8886,10565,10485,11514,9641,9726,9598,9446,8748,8241,5991,5935,5945,5835,5791,5840,5907,5832,5734,5636,6008,5309,8502,10312,11338,9745,9821,9555,7538,4717,4782,5061,5251,5314,6047,,
MAT,MAT1101,BOPD,aniwhenua,Hydro,Hydro,2026-08-18,6295,5507,6308,6318,6315,5688,5257,6101,6209,6131,6175,5392,6720,9522,10665,11942,10286,9099,7047,8493,5784,6182,6135,5686,5871,6307,6319,5746,6157,5936,5463,5724,5354,6230,9458,10058,11596,9710,10410,9446,8806,5756,4788,4951,5173,5278,5372,6230,,
MAT,MAT1101,BOPD,aniwhenua,Hydro,Hydro,2026-08-19,9661,9897,10047,9850,7973,7619,6356,4751,4691,5168,6204,5314,5573,6838,10333,10569,10264,7430,9870,7092,9747,9555,9669,8886,7164,5760,5641,5606,5537,5637,5490,5442,5452,5382,5307,5284,8685,10558,10096,9838,8159,10571,8506,5943,4378,4564,4978,5296,,
MAT,MAT1101,BOPD,aniwhenua,Hydro,Hydro,2026-08-20,5397,5451,6292,6310,5643,4989,5310,5943,6310,6481,7887,7233,7203,7170,10229,11934,9620,9650,7883,5568,6166,6196,6254,6100,6135,5629,6275,5413,5469,5457,6312,6321,5577,5442,5422,8921,10476,10475,9752,9488,7046,6991,4558,4508,4899,4994,5003,5009,,
MAT,MAT1101,BOPD,aniwhenua,Hydro,Hydro,2026-08-21,5447,8568,10515,10199,10018,9630,8489,7017,4089,4587,4801,4991,5093,5223,5162,5454,6290,9416,10448,11992,9533,9427,9163,7081,5412,5794,5790,5792,5791,5841,5743,5743,5692,5604,5575,5507,8695,11808,9686,9704,9471,6018,4246,4571,4802,5427,5923,6315,,
MAT,MAT1101,BOPD,aniwhenua,Hydro,Hydro,2026-08-22,9517,10057,9730,8489,7717,5823,4082,4526,4879,5040,5147,5248,8780,10632,9932,9826,9720,7957,6969,5409,5792,5805,6298,6232,6100,5646,5657,5555,5722,5595,5497,5763,8980,10506,8886,10043,9798,9705,6976,5360,5805,5773,4463,6184,4739,3485,3559,4983,,
MAT,MAT1101,BOPD,aniwhenua,Hydro,Hydro,2026-08-23,7860,7261,7402,10802,9558,9411,8552,5440,4206,4658,3508,5310,6299,6956,7599,7590,7508,7129,6972,7079,7129,7336,7298,7490,7608,7709,5464,5730,5754,5582,5638,5657,6300,6325,5538,8732,10593,10335,10221,9890,9631,7378,4264,4909,4909,3498,5208,5111,,
MAT,MAT1101,BOPD,aniwhenua,Hydro,Hydro,2026-08-24,5114,8378,10550,10309,9918,9732,9448,7484,4228,4880,4786,5648,6298,6323,6322,9306,11956,9295,7081,7049,8333,7041,5361,5718,5685,5590,5712,5665,5666,5628,5482,5604,5463,5359,8670,10432,10063,9732,9469,6994,5355,5816,6050,6291,6248,6149,6248,7766,,
MAT,MAT1101,BOPD,aniwhenua,Hydro,Hydro,2026-08-25,9642,6991,6919,6263,6318,4484,4147,3477,3514,3808,6207,6124,9279,10747,11766,9586,9544,7055,7662,5510,5648,5496,5705,5898,5924,5685,5646,5657,5567,5536,5306,5595,6300,6325,5569,5690,9067,11969,10068,9825,9666,6992,6300,5551,5920,6275,6318,3716,,
MAT,MAT1101,BOPD,aniwhenua,Hydro,Hydro,2026-08-26,3538,3475,3785,6211,6275,6311,6306,6265,6245,6065,6343,6912,8115,10521,11969,11837,9417,5992,5569,5159,5065,5054,5088,5111,5076,5083,5078,5082,5081,5684,5921,5900,6770,6927,7373,10401,10209,10010,8527,6974,6920,6983,9288,9011,5433,4636,6073,4662,,
MAT,MAT1101,BOPD,aniwhenua,Hydro,Hydro,2026-08-27,6141,6003,5417,5498,5628,5510,5473,5407,5214,4424,7211,7460,7574,7842,10518,9965,11885,8522,5892,5926,6072,6167,6316,6318,6318,6316,6317,5516,6017,6020,6020,5726,5163,5163,8114,9764,11226,11231,9121,6186,5225,6126,5543,5154,5165,6057,8911,11295,,
MAT,MAT1101,BOPD,aniwhenua,Hydro,Hydro,2026-08-28,7324,3693,3478,3487,3470,3776,4246,5071,5306,4205,4044,3739,6082,9854,9917,10464,9966,8447,5867,5059,5001,4998,5004,5025,5011,4999,5002,5001,5002,5002,6804,6885,6953,6898,6992,9294,6977,7054,7081,7058,7069,7065,7070,6972,7046,7056,7036,6301,,
MAT,MAT1101,BOPD,aniwhenua,Hydro,Hydro,2026-08-29,4118,3719,4090,3954,4379,4275,7434,8350,8514,7976,7609,7354,7271,7165,7188,7433,7148,7197,6935,6754,6169,6171,6173,3883,6286,6338,6933,6925,6914,6970,6944,7072,7063,7140,7214,7097,7079,7062,6986,7069,7056,7067,7069,7062,7058,6999,7040,7012,,
MAT,MAT1101,BOPD,aniwhenua,Hydro,Hydro,2026-08-30,7120,7222,7067,7108,7172,7309,7393,7459,7561,7580,7675,7814,7851,7834,7815,7715,7658,7659,7652,7720,7593,7713,7644,7675,7687,7512,7605,7412,7368,7571,7268,7060,6977,7111,6926,7087,7098,7077,7185,7313,7413,7504,7387,7328,6952,6968,8890,8623,,
MAT,MAT1101,BOPD,aniwhenua,Hydro,Hydro,2026-08-31,8405,8309,8205,7844,8073,7454,6294,3744,3624,3503,3746,6090,6039,7968,11190,11231,11596,8753,7002,4979,4916,4889,4906,4900,4895,4896,4898,4887,4896,4890,4892,5243,6251,6289,5921,8984,11561,11646,11665,9763,9287,6262,5169,5689,3466,3526,3497,4006,,
MHO,MHO0331,ELEC,mangahao,Hydro,Hydro,2026-08-01,0,0,0,0,0,0,0,0,0,0,0,0,0,0,0,0,0,0,0,0,0,0,0,0,0,0,0,0,0,0,0,0,0,0,0,0,0,0,0,0,0,0,0,0,0,12,332,1076,,
MHO,MHO0331,ELEC,mangahao,Hydro,Hydro,2026-08-02,1708,2163,2501,2693,2794,2374,1622,1342,4,0,0,0,0,153,10,0,0,0,0,0,0,0,0,0,0,0,0,0,0,0,0,0,0,0,0,0,0,0,0,0,0,0,0,0,0,0,0,0,,
MHO,MHO0331,ELEC,mangahao,Hydro,Hydro,2026-08-03,0,0,0,0,0,0,0,0,0,0,0,0,0,0,0,0,0,0,0,0,0,0,0,0,0,0,0,0,0,0,0,0,0,0,0,0,0,0,0,0,0,0,0,0,0,0,0,0,,
MHO,MHO0331,ELEC,mangahao,Hydro,Hydro,2026-08-04,0,0,0,0,0,0,0,0,0,0,0,0,0,0,0,0,0,0,0,0,0,0,0,0,0,0,0,0,0,0,0,0,0,0,0,0,0,0,0,0,0,0,0,0,0,0,0,0,,
MHO,MHO0331,ELEC,mangahao,Hydro,Hydro,2026-08-05,0,0,0,0,0,0,0,0,0,0,0,0,0,0,0,0,0,0,0,0,0,0,0,0,0,0,0,0,0,0,0,0,0,0,0,0,0,0,0,0,0,0,0,0,0,0,0,0,,
MHO,MHO0331,ELEC,mangahao,Hydro,Hydro,2026-08-06,0,0,0,0,0,0,0,0,0,0,0,0,0,0,0,0,0,0,0,0,0,0,0,0,0,0,0,0,0,0,0,0,0,0,0,0,0,0,0,0,0,0,0,0,0,0,0,0,,
MHO,MHO0331,ELEC,mangahao,Hydro,Hydro,2026-08-07,0,0,0,0,0,0,0,0,0,0,0,0,0,0,0,0,0,0,0,0,0,0,0,0,0,0,0,0,0,0,0,0,0,0,0,0,0,0,0,0,0,0,0,0,0,0,0,0,,
MHO,MHO0331,ELEC,mangahao,Hydro,Hydro,2026-08-08,0,0,0,0,0,0,0,0,0,0,0,0,0,0,0,0,0,0,0,0,0,0,0,0,0,0,0,0,0,0,0,0,0,0,0,0,0,0,0,0,0,0,0,0,0,0,0,0,,
MHO,MHO0331,ELEC,mangahao,Hydro,Hydro,2026-08-09,0,0,0,0,0,0,0,0,0,0,0,0,0,0,0,0,0,0,0,0,0,0,0,0,0,0,0,0,0,0,0,0,0,0,0,0,0,0,0,0,0,0,0,0,0,0,0,0,,
MHO,MHO0331,ELEC,mangahao,Hydro,Hydro,2026-08-10,0,0,0,0,0,0,0,0,0,0,0,0,0,0,0,0,0,0,0,0,0,0,0,0,0,0,0,0,0,0,0,0,0,0,0,0,0,0,0,0,0,0,0,10,0,0,0,0,,
MHO,MHO0331,ELEC,mangahao,Hydro,Hydro,2026-08-11,0,0,0,0,0,0,0,0,0,0,0,0,0,0,0,0,0,0,0,0,0,0,0,0,0,0,0,0,0,0,0,0,0,0,0,0,0,0,0,0,0,0,0,0,0,0,0,0,,
MHO,MHO0331,ELEC,mangahao,Hydro,Hydro,2026-08-12,0,0,0,0,0,0,0,0,0,0,0,0,0,0,0,0,0,0,0,0,0,0,0,0,0,0,0,0,0,0,0,0,0,0,0,0,0,0,0,0,0,0,0,0,0,0,0,0,,
MHO,MHO0331,ELEC,mangahao,Hydro,Hydro,2026-08-13,0,0,0,0,0,0,0,0,0,0,0,0,0,0,0,0,0,0,0,0,0,0,0,0,0,0,0,0,0,0,0,0,0,0,0,0,0,0,0,0,0,0,0,0,0,0,0,0,,
MHO,MHO0331,ELEC,mangahao,Hydro,Hydro,2026-08-14,0,0,0,0,0,0,0,0,0,0,0,0,0,0,0,0,0,0,0,0,0,0,0,0,0,0,0,0,0,0,0,0,0,0,0,0,0,0,0,0,0,0,0,0,0,0,0,0,,
MHO,MHO0331,ELEC,mangahao,Hydro,Hydro,2026-08-15,0,0,0,0,0,0,0,0,0,0,0,0,0,0,0,0,0,0,0,0,0,0,0,0,0,0,0,0,0,0,0,0,0,0,0,0,0,0,0,0,0,0,0,0,0,0,0,0,,
MHO,MHO0331,ELEC,mangahao,Hydro,Hydro,2026-08-16,0,0,0,0,0,0,0,0,0,0,0,0,0,0,0,0,0,0,0,0,0,0,0,0,0,0,0,0,0,0,0,0,0,0,0,0,0,0,0,0,0,0,0,0,0,0,0,0,,
MHO,MHO0331,ELEC,mangahao,Hydro,Hydro,2026-08-17,0,0,0,0,0,0,0,0,0,0,0,0,0,0,0,0,0,0,0,0,0,0,0,0,0,0,0,0,0,0,0,0,0,0,0,0,0,0,0,0,0,0,0,0,0,0,0,0,,
MHO,MHO0331,ELEC,mangahao,Hydro,Hydro,2026-08-18,0,0,0,0,0,0,0,0,0,0,0,0,0,0,0,0,0,0,0,0,0,0,0,0,0,0,0,0,0,0,0,0,0,0,0,0,0,0,0,0,0,0,0,0,0,0,0,0,,
MHO,MHO0331,ELEC,mangahao,Hydro,Hydro,2026-08-19,0,0,0,0,0,0,0,0,0,0,0,0,0,0,0,0,0,0,0,0,0,0,0,0,0,0,0,0,0,0,0,0,0,0,0,0,0,0,0,0,0,0,0,0,401,1387,1966,94,,
MHO,MHO0331,ELEC,mangahao,Hydro,Hydro,2026-08-20,9,0,0,0,0,0,0,0,0,0,0,0,0,0,0,0,0,0,0,0,0,0,1,3,1,0,0,0,0,0,0,0,0,0,0,0,0,0,0,0,0,0,0,0,665,1736,2236,202,,
MHO,MHO0331,ELEC,mangahao,Hydro,Hydro,2026-08-21,16,0,0,0,0,0,0,0,0,0,0,0,0,0,0,0,0,0,0,0,0,0,1,215,8,0,0,0,0,0,0,0,0,0,0,0,0,0,0,0,0,0,58,538,22,0,0,0,,
MHO,MHO0331,ELEC,mangahao,Hydro,Hydro,2026-08-22,0,0,0,0,0,0,0,0,0,0,0,0,0,0,0,0,0,0,0,0,0,0,0,0,0,0,0,0,0,0,0,0,0,0,0,0,0,0,0,0,0,0,0,0,0,0,0,0,,
MHO,MHO0331,ELEC,mangahao,Hydro,Hydro,2026-08-23,0,0,0,0,0,0,0,0,0,0,0,0,0,0,0,0,0,0,0,0,0,0,0,0,0,0,530,2309,2557,2378,1883,1480,487,13,0,0,0,0,0,0,0,0,80,923,1863,927,2780,3718,,
MHO,MHO0331,ELEC,mangahao,Hydro,Hydro,2026-08-24,4351,4646,4841,5049,5076,5168,269,0,0,0,0,1485,254,0,0,0,0,0,0,0,0,0,0,0,0,0,0,0,0,0,0,0,0,0,0,0,0,0,0,0,0,0,43,677,37,0,0,0,,
MHO,MHO0331,ELEC,mangahao,Hydro,Hydro,2026-08-25,0,0,0,0,0,0,0,0,0,0,0,0,563,93,0,0,0,0,0,0,0,0,0,0,0,0,0,0,0,0,0,0,0,0,0,0,0,0,0,0,0,83,270,366,0,75,1781,936,,
MHO,MHO0331,ELEC,mangahao,Hydro,Hydro,2026-08-26,264,0,0,0,0,0,0,0,0,0,0,0,621,16,0,0,0,0,0,0,0,0,0,0,0,0,0,0,0,0,0,0,0,0,0,0,0,0,0,0,0,0,35,565,1499,2473,2965,3538,,
MHO,MHO0331,ELEC,mangahao,Hydro,Hydro,2026-08-27,2498,4147,2638,3282,4151,5376,5392,5367,4992,4745,3817,2670,1093,179,0,0,0,0,0,0,0,0,0,31,210,521,1064,1617,1694,1715,1383,988,1043,742,148,0,0,0,0,0,0,27,238,950,1832,2488,2946,3530,,
MHO,MHO0331,ELEC,mangahao,Hydro,Hydro,2026-08-28,2007,1855,2120,2257,2286,2517,2594,2574,2266,1960,1076,504,636,118,0,0,0,0,0,0,0,0,0,0,0,0,0,0,0,0,0,0,0,0,0,0,0,0,0,0,0,0,0,0,0,169,520,25,,
MHO,MHO0331,ELEC,mangahao,Hydro,Hydro,2026-08-29,0,0,0,0,0,0,0,0,0,0,0,0,0,0,0,0,0,0,0,0,0,0,0,0,0,0,0,0,0,0,0,0,0,0,0,0,0,0,0,0,0,0,0,0,0,218,2,0,,
MHO,MHO0331,ELEC,mangahao,Hydro,Hydro,2026-08-30,0,0,0,0,0,0,0,0,0,0,0,0,0,0,0,0,0,0,0,0,0,0,0,2,0,0,0,0,0,0,0,0,0,0,0,0,0,0,0,0,0,0,0,0,164,720,1623,1805,,
MHO,MHO0331,ELEC,mangahao,Hydro,Hydro,2026-08-31,508,0,0,0,0,0,0,0,0,0,0,0,0,0,0,0,0,0,0,0,0,0,0,0,176,603,28,0,0,274,471,138,308,89,0,0,0,0,0,0,0,0,5,405,1280,2267,2631,483,,
MKE,MKE1101,TODD,McKee,Gas,Thrml,2026-08-01,0,0,0,0,0,0,0,0,0,0,0,0,0,0,0,0,0,0,0,0,0,0,0,0,0,0,0,0,0,0,0,0,0,0,0,0,0,0,0,0,0,0,0,0,0,0,0,0,,
MKE,MKE1101,TODD,McKee,Gas,Thrml,2026-08-02,0,0,0,0,0,0,0,0,0,0,0,0,0,0,0,0,0,0,0,0,0,0,0,0,0,0,0,0,0,0,0,0,0,0,19623,21584,21580,21567,21575,21572,21577,21579,1753,0,0,0,0,0,,
MKE,MKE1101,TODD,McKee,Gas,Thrml,2026-08-03,0,0,0,0,0,0,0,0,0,0,0,0,0,0,0,0,0,0,0,0,0,0,0,0,0,0,0,0,0,0,0,0,0,0,0,0,0,0,0,0,0,0,0,0,0,0,0,0,,
MKE,MKE1101,TODD,McKee,Gas,Thrml,2026-08-04,0,0,0,0,0,0,0,0,0,0,0,0,0,0,0,0,0,0,0,0,0,0,0,0,0,0,0,0,0,0,0,0,19377,21515,41093,43664,43864,44170,43999,43845,43580,43615,44153,43946,44140,44112,8131,0,,
MKE,MKE1101,TODD,McKee,Gas,Thrml,2026-08-05,0,0,0,0,0,0,0,0,0,0,0,0,0,19080,41218,43425,43401,43435,43446,43438,8712,0,0,0,0,0,0,0,0,0,0,0,19534,40825,43440,43421,43710,44092,44077,44085,44128,44167,44167,44174,44203,23847,1626,0,,
MKE,MKE1101,TODD,McKee,Gas,Thrml,2026-08-06,0,0,0,0,0,0,0,0,0,0,0,0,19321,41323,43962,43863,43881,43299,42893,42729,42359,42239,7218,0,0,0,0,0,0,0,0,0,0,0,19203,40296,42220,42192,42153,41946,41733,41510,41522,41508,41514,41522,41546,41584,,
MKE,MKE1101,TODD,McKee,Gas,Thrml,2026-08-07,7132,0,0,0,0,0,0,0,0,0,0,0,19230,39212,41953,41777,41777,42170,41976,42042,10048,0,0,0,0,0,0,0,0,0,0,0,0,0,19141,38193,39926,39752,41150,41207,41210,41216,41202,41190,41219,41214,6687,0,,
MKE,MKE1101,TODD,McKee,Gas,Thrml,2026-08-08,0,0,0,0,0,0,0,0,0,0,0,0,0,0,0,0,0,0,0,0,0,0,0,0,0,0,0,0,0,0,0,19281,40672,42467,42451,42450,42441,42427,42430,42424,42421,42412,42321,42320,7710,0,0,0,,
MKE,MKE1101,TODD,McKee,Gas,Thrml,2026-08-09,0,0,0,0,0,0,0,0,0,0,0,0,0,0,0,0,0,0,0,0,0,0,0,0,0,0,0,0,0,0,0,0,0,0,0,19480,21582,21575,21564,21564,21572,21555,21560,2652,0,0,0,0,,
MKE,MKE1101,TODD,McKee,Gas,Thrml,2026-08-10,0,0,0,0,0,0,0,0,0,0,0,0,0,0,0,0,0,0,0,0,0,0,0,0,0,0,0,0,0,0,0,0,0,0,0,0,19636,21574,21576,21574,21566,21555,21558,4759,0,0,0,0,,
MKE,MKE1101,TODD,McKee,Gas,Thrml,2026-08-11,0,0,0,0,0,0,0,0,0,0,0,0,19504,38355,43835,43806,43813,43834,43851,23778,2417,0,0,0,0,0,0,0,0,0,0,19486,21586,21523,41881,44015,44145,44110,44097,44253,44277,44126,43697,23508,1711,0,0,0,,
MKE,MKE1101,TODD,McKee,Gas,Thrml,2026-08-12,0,0,0,0,0,0,0,0,0,0,0,0,19740,41642,43890,43810,43778,43667,43559,24855,1755,0,0,0,0,0,0,0,0,0,0,0,19724,42172,44184,44228,44242,44071,44015,24499,21432,21540,21544,1656,0,0,0,0,,
MKE,MKE1101,TODD,McKee,Gas,Thrml,2026-08-13,0,0,0,0,0,0,0,0,0,0,0,0,19201,39716,44242,44198,44001,43996,43987,8094,0,0,0,0,0,0,0,0,0,0,0,0,0,0,0,0,0,0,0,0,0,0,0,0,0,0,0,0,,
MKE,MKE1101,TODD,McKee,Gas,Thrml,2026-08-14,0,0,0,0,0,0,0,0,0,0,0,0,0,0,0,0,0,0,0,0,0,0,0,0,0,0,0,0,0,0,0,0,0,0,0,0,0,0,0,0,0,0,0,0,0,0,0,0,,
MKE,MKE1101,TODD,McKee,Gas,Thrml,2026-08-15,0,0,0,0,0,0,0,0,0,0,0,0,0,0,0,0,0,0,0,0,0,0,0,0,0,0,0,0,0,0,0,0,0,0,0,0,0,0,0,0,0,0,0,0,0,0,0,0,,
MKE,MKE1101,TODD,McKee,Gas,Thrml,2026-08-16,0,0,0,0,0,0,0,0,0,0,0,0,0,0,0,0,0,0,0,0,0,0,0,0,0,0,0,0,0,0,0,0,0,0,0,0,0,0,0,0,0,0,0,0,0,0,0,0,,
MKE,MKE1101,TODD,McKee,Gas,Thrml,2026-08-17,0,0,0,0,0,0,0,0,0,0,0,0,0,18945,41292,43694,43689,43682,43692,43684,8791,0,0,0,0,0,0,0,0,0,0,0,0,16748,40726,43687,43670,43668,43649,43694,43671,43696,43675,11668,0,0,0,0,,
MKE,MKE1101,TODD,McKee,Gas,Thrml,2026-08-18,0,0,0,0,0,0,0,0,0,0,0,0,16834,41811,43841,43651,43950,43997,43638,23834,2947,0,0,0,0,0,0,0,0,0,0,0,0,0,0,0,0,0,0,0,0,0,0,0,0,0,0,0,,
MKE,MKE1101,TODD,McKee,Gas,Thrml,2026-08-19,0,0,0,0,0,0,0,0,0,0,0,0,0,0,0,0,0,0,0,0,0,0,0,0,0,0,0,0,0,0,0,0,0,0,17517,41782,43851,43813,43776,43729,43788,23882,2329,0,0,0,0,0,,
MKE,MKE1101,TODD,McKee,Gas,Thrml,2026-08-20,0,0,0,0,0,0,0,0,0,0,0,0,19516,41176,44056,44096,44074,43982,43951,23649,2242,0,0,0,0,0,0,0,0,0,0,0,0,0,0,19721,41542,43707,43776,43924,44116,44018,23763,1802,0,0,0,0,,
MKE,MKE1101,TODD,McKee,Gas,Thrml,2026-08-21,0,0,0,0,0,0,0,0,0,0,0,0,19576,41672,43934,43931,43940,43935,43891,43754,24246,2135,0,0,0,0,0,0,0,0,0,0,0,0,0,0,0,0,0,0,0,0,0,0,0,0,0,0,,
MKE,MKE1101,TODD,McKee,Gas,Thrml,2026-08-22,0,0,0,0,0,0,0,0,0,0,0,0,0,0,0,0,0,0,0,0,0,0,0,0,0,0,0,0,0,0,0,0,0,0,0,0,0,0,0,0,0,0,0,0,0,0,0,0,,
MKE,MKE1101,TODD,McKee,Gas,Thrml,2026-08-23,0,0,0,0,0,0,0,0,0,0,0,0,0,0,0,0,0,0,0,0,0,0,0,0,0,0,0,0,0,0,0,0,0,0,0,0,0,0,0,0,0,0,0,0,0,0,0,0,,
MKE,MKE1101,TODD,McKee,Gas,Thrml,2026-08-24,0,0,0,0,0,0,0,0,0,0,0,0,0,0,0,0,0,0,0,0,0,0,0,0,0,0,0,0,0,0,0,0,0,0,0,0,0,0,0,0,0,0,0,0,0,0,0,0,,
MKE,MKE1101,TODD,McKee,Gas,Thrml,2026-08-25,0,0,0,0,0,0,0,0,0,0,0,0,0,0,0,0,0,0,0,0,0,0,0,0,0,0,0,0,0,0,0,0,0,0,0,0,0,0,0,0,0,0,0,0,0,0,0,0,,
MKE,MKE1101,TODD,McKee,Gas,Thrml,2026-08-26,0,0,0,0,0,0,0,0,0,0,0,0,0,0,0,0,0,0,0,0,0,0,0,0,0,0,0,0,0,0,0,0,0,0,0,0,0,0,0,0,0,0,0,0,0,0,0,0,,
MKE,MKE1101,TODD,McKee,Gas,Thrml,2026-08-27,0,0,0,0,0,0,0,0,0,0,0,0,0,19600,41831,44091,44144,44076,44054,43986,7728,0,0,0,0,0,0,0,0,0,0,0,0,0,0,0,19720,21555,21559,21563,21563,21569,21552,21545,1730,0,0,0,,
MKE,MKE1101,TODD,McKee,Gas,Thrml,2026-08-28,0,0,0,0,0,0,0,0,0,0,0,0,0,0,0,0,0,0,0,0,0,0,0,0,0,0,0,0,0,0,0,0,0,0,0,0,0,0,0,0,0,0,0,0,0,0,0,0,,
MKE,MKE1101,TODD,McKee,Gas,Thrml,2026-08-29,0,0,0,0,0,0,0,0,0,0,0,0,0,0,0,0,0,0,0,0,0,0,0,0,0,0,0,0,0,0,0,0,0,0,0,0,0,0,0,0,0,0,0,0,0,0,0,0,,
MKE,MKE1101,TODD,McKee,Gas,Thrml,2026-08-30,0,0,0,0,0,0,0,0,0,0,0,0,0,0,0,0,0,0,0,0,0,0,0,0,0,0,0,0,0,0,0,0,0,0,0,0,0,0,0,0,0,0,0,0,0,0,0,0,,
MKE,MKE1101,TODD,McKee,Gas,Thrml,2026-08-31,0,0,0,0,0,0,0,0,0,0,0,0,0,0,0,0,0,0,0,0,0,0,0,0,0,0,0,0,0,0,0,0,0,0,0,0,0,0,0,0,0,0,0,0,0,0,0,0,,
MPE,MPE1101,NPOW,kaiwaikawe_wind_farm,WIN,ONW,2026-08-01,0,0,0,0,0,0,0,0,0,0,0,0,0,0,0,0,0,0,0,0,0,0,0,0,0,0,0,0,0,0,0,0,0,0,0,0,0,0,0,0,0,0,0,0,0,0,0,0,,
MPE,MPE1101,NPOW,kaiwaikawe_wind_farm,WIN,ONW,2026-08-02,0,0,0,0,0,0,0,0,0,0,0,0,0,0,0,0,0,0,0,0,0,0,0,0,0,0,0,0,0,0,0,0,0,0,0,0,0,0,0,0,0,0,0,0,0,0,0,0,,
MPE,MPE1101,NPOW,kaiwaikawe_wind_farm,WIN,ONW,2026-08-03,0,0,0,0,0,0,0,0,0,0,0,0,0,0,0,0,0,0,0,0,0,0,0,0,0,0,0,0,0,0,0,0,0,0,0,0,0,0,0,0,0,0,0,0,0,0,0,0,,
MPE,MPE1101,NPOW,kaiwaikawe_wind_farm,WIN,ONW,2026-08-04,0,0,0,0,0,0,0,0,0,0,0,0,0,0,0,0,0,0,0,0,0,0,0,0,0,0,0,0,0,0,0,0,0,0,0,0,0,0,0,0,0,0,0,0,0,0,0,0,,
MPE,MPE1101,NPOW,kaiwaikawe_wind_farm,WIN,ONW,2026-08-05,0,0,0,0,0,0,0,0,0,0,0,0,0,0,0,0,0,0,0,0,0,0,0,0,0,0,0,0,0,0,0,0,0,0,0,0,0,0,0,0,0,0,0,0,0,0,0,0,,
MPE,MPE1101,NPOW,kaiwaikawe_wind_farm,WIN,ONW,2026-08-06,0,0,0,0,0,0,0,0,0,0,0,0,0,0,0,0,0,0,0,0,0,0,0,0,0,0,0,0,0,0,0,0,0,0,0,0,0,0,0,0,0,0,0,0,0,0,0,0,,
MPE,MPE1101,NPOW,kaiwaikawe_wind_farm,WIN,ONW,2026-08-07,0,0,0,0,0,0,0,0,0,0,0,0,0,0,0,0,0,0,0,0,0,0,0,0,0,0,0,0,0,0,0,0,0,0,0,0,0,0,0,0,0,0,0,0,0,0,0,0,,
MPE,MPE1101,NPOW,kaiwaikawe_wind_farm,WIN,ONW,2026-08-08,0,0,0,0,0,0,0,0,0,0,0,0,0,0,0,0,0,0,0,0,0,0,0,0,0,0,0,0,0,0,0,0,0,0,0,0,0,0,0,0,0,0,0,0,0,0,0,0,,
MPE,MPE1101,NPOW,kaiwaikawe_wind_farm,WIN,ONW,2026-08-09,0,0,0,0,0,0,0,0,0,0,0,0,0,0,0,0,0,0,0,0,0,0,0,0,0,0,0,0,0,0,0,0,0,0,0,0,0,0,0,0,0,0,0,0,0,0,0,0,,
MPE,MPE1101,NPOW,kaiwaikawe_wind_farm,WIN,ONW,2026-08-10,0,0,0,0,0,0,0,0,0,0,0,0,0,0,0,0,0,0,0,0,0,0,0,0,0,0,0,0,0,0,0,0,0,0,0,0,0,0,0,0,0,0,0,0,0,0,0,0,,
MPE,MPE1101,NPOW,kaiwaikawe_wind_farm,WIN,ONW,2026-08-11,0,0,0,0,0,0,0,0,0,0,0,0,0,0,0,0,0,0,0,0,0,0,0,0,0,0,0,0,0,0,0,0,0,0,0,0,0,0,0,0,0,0,0,0,0,0,0,0,,
MPE,MPE1101,NPOW,kaiwaikawe_wind_farm,WIN,ONW,2026-08-12,0,0,0,0,0,0,0,0,0,0,0,0,0,0,0,0,0,0,0,0,0,0,0,0,0,0,0,0,0,0,0,0,0,0,0,0,0,0,0,0,0,0,0,0,0,0,0,0,,
MPE,MPE1101,NPOW,kaiwaikawe_wind_farm,WIN,ONW,2026-08-13,0,0,0,0,0,0,0,0,0,0,0,0,0,0,0,0,0,0,0,0,0,0,0,0,0,0,0,0,0,0,0,0,0,0,0,0,0,0,0,0,0,0,0,0,0,0,0,0,,
MPE,MPE1101,NPOW,kaiwaikawe_wind_farm,WIN,ONW,2026-08-14,0,0,0,0,0,0,0,0,0,0,0,0,0,0,0,0,0,0,0,0,0,0,0,0,0,0,0,0,0,0,0,0,0,0,0,0,0,0,0,0,0,0,0,0,0,0,0,0,,
MPE,MPE1101,NPOW,kaiwaikawe_wind_farm,WIN,ONW,2026-08-15,0,0,0,0,0,0,0,0,0,0,0,0,0,0,0,0,0,0,0,0,0,0,0,0,0,0,0,0,0,0,0,0,0,0,0,0,0,0,0,0,0,0,0,0,0,0,0,0,,
MPE,MPE1101,NPOW,kaiwaikawe_wind_farm,WIN,ONW,2026-08-16,0,0,0,0,0,0,0,0,0,0,0,0,0,0,0,0,0,0,0,0,0,0,0,0,0,0,0,0,0,0,0,0,0,0,0,0,0,0,0,0,0,0,0,0,0,0,0,0,,
MPE,MPE1101,NPOW,kaiwaikawe_wind_farm,WIN,ONW,2026-08-17,0,0,0,0,0,0,0,0,0,0,0,0,0,0,0,0,0,0,0,0,0,0,0,0,0,0,0,0,0,0,0,0,0,0,0,0,0,0,0,0,0,0,0,0,0,0,0,0,,
MPE,MPE1101,NPOW,kaiwaikawe_wind_farm,WIN,ONW,2026-08-18,0,0,0,0,0,0,0,0,0,0,0,0,0,0,0,0,0,0,0,0,0,0,0,0,0,0,0,0,0,0,0,0,0,0,0,0,0,0,0,0,0,0,0,0,0,0,0,0,,
MPE,MPE1101,NPOW,kaiwaikawe_wind_farm,WIN,ONW,2026-08-19,0,0,0,0,0,0,0,0,0,0,0,0,0,0,0,0,0,0,0,0,0,0,0,0,0,0,0,0,0,0,0,0,0,0,0,0,0,0,0,0,0,0,0,0,0,0,0,0,,
MPE,MPE1101,NPOW,kaiwaikawe_wind_farm,WIN,ONW,2026-08-20,0,0,0,0,0,0,0,0,0,0,0,0,0,0,0,0,0,0,0,0,0,0,0,0,0,0,0,0,0,0,0,0,0,0,0,0,0,0,0,0,0,0,0,0,0,0,0,0,,
MPE,MPE1101,NPOW,kaiwaikawe_wind_farm,WIN,ONW,2026-08-21,0,0,0,0,0,0,0,0,0,0,0,0,0,0,0,0,0,0,0,0,0,0,0,0,0,0,0,0,0,0,0,0,0,0,0,0,0,0,0,0,0,0,0,0,0,0,0,0,,
MPE,MPE1101,NPOW,kaiwaikawe_wind_farm,WIN,ONW,2026-08-22,0,0,0,0,0,0,0,0,0,0,0,0,0,0,0,0,0,0,0,0,0,0,0,0,0,0,0,0,0,0,0,0,0,0,0,0,0,0,0,0,0,0,0,0,0,0,0,0,,
MPE,MPE1101,NPOW,kaiwaikawe_wind_farm,WIN,ONW,2026-08-23,0,0,0,0,0,0,0,0,0,0,0,0,0,0,0,0,0,0,0,0,0,0,0,0,0,0,0,0,0,0,0,0,0,0,0,0,0,0,0,0,0,0,0,0,0,0,0,0,,
MPE,MPE1101,NPOW,kaiwaikawe_wind_farm,WIN,ONW,2026-08-24,0,0,0,0,0,0,0,0,0,0,0,0,0,0,0,0,0,0,0,0,0,0,0,0,0,0,0,0,0,0,0,0,0,0,0,0,0,0,0,0,0,0,0,0,0,0,0,0,,
MPE,MPE1101,NPOW,kaiwaikawe_wind_farm,WIN,ONW,2026-08-25,0,0,0,0,0,0,0,0,0,0,0,0,0,0,0,0,0,0,0,0,0,0,0,0,0,0,0,0,0,0,0,0,0,0,0,0,0,0,0,0,0,0,0,0,0,0,0,0,,
MPE,MPE1101,NPOW,kaiwaikawe_wind_farm,WIN,ONW,2026-08-26,0,0,0,0,0,0,0,0,0,0,0,0,0,0,0,0,0,0,0,0,0,0,0,0,0,0,0,0,0,0,0,0,0,0,0,0,0,0,0,0,0,0,0,0,0,0,0,0,,
MPE,MPE1101,NPOW,kaiwaikawe_wind_farm,WIN,ONW,2026-08-27,0,0,0,0,0,0,0,0,0,0,0,0,0,0,0,0,0,0,0,0,0,0,0,0,0,0,0,0,0,0,0,0,0,0,0,0,0,0,0,0,0,0,0,0,0,0,0,0,,
MPE,MPE1101,NPOW,kaiwaikawe_wind_farm,WIN,ONW,2026-08-28,0,0,0,0,0,0,0,0,0,0,0,0,0,0,0,0,0,0,0,0,0,0,0,0,0,0,0,0,0,0,0,0,0,0,0,0,0,0,0,0,0,0,0,0,0,0,0,0,,
MPE,MPE1101,NPOW,kaiwaikawe_wind_farm,WIN,ONW,2026-08-29,0,0,0,0,0,0,0,0,0,0,0,0,0,0,0,0,0,0,0,0,0,0,0,0,0,0,0,0,0,0,0,0,0,0,0,0,0,0,0,0,0,0,0,0,0,0,0,0,,
MPE,MPE1101,NPOW,kaiwaikawe_wind_farm,WIN,ONW,2026-08-30,0,0,0,0,0,0,0,0,0,0,0,0,0,0,0,0,0,0,0,0,0,0,0,0,0,0,0,0,0,0,0,0,0,0,0,0,0,0,0,0,0,0,0,0,0,0,0,0,,
MPE,MPE1101,NPOW,kaiwaikawe_wind_farm,WIN,ONW,2026-08-31,0,0,0,0,0,0,0,0,0,0,0,0,0,0,0,0,0,0,0,0,0,0,0,0,0,0,0,0,0,0,0,0,0,0,0,0,0,0,0,0,0,0,0,0,0,0,0,0,,
MTI,MTI2201,MRPL,maraetai,Hydro,Hydro,2026-08-01,29410,48080,45530,44860,35240,30880,29910,29100,29310,23000,29270,35250,32920,44550,60240,86730,77110,87380,92080,91460,89780,73760,78670,63810,62070,64770,45950,43060,44400,55790,58810,56110,62520,74090,92380,105010,106770,110080,93160,92560,93090,91960,82270,76130,77640,64910,64350,48250,,
MTI,MTI2201,MRPL,maraetai,Hydro,Hydro,2026-08-02,47970,46660,29980,28270,32810,30410,32160,32070,31400,30290,30130,30290,30140,42260,60350,74290,73970,77110,89890,81600,66160,62590,66450,62170,40500,38220,37610,35950,34520,30820,43160,51410,54710,71600,88840,95710,113410,117790,125580,121800,105400,106450,78390,62360,63410,48250,32320,15260,,
MTI,MTI2201,MRPL,maraetai,Hydro,Hydro,2026-08-03,15540,15980,15690,140,0,0,0,0,0,0,11830,23870,37160,47530,74020,103280,97150,67360,49660,46870,38830,29160,30560,26430,29510,40260,40280,29420,20310,18960,13110,30310,47280,51210,76850,103680,120470,124160,102320,85450,73200,72090,59910,43820,45470,43170,30330,28690,,
MTI,MTI2201,MRPL,maraetai,Hydro,Hydro,2026-08-04,12340,14100,27520,28220,16320,16290,15760,9950,1510,1510,21240,36730,40200,60310,78020,103150,109930,124370,107740,102240,109120,89410,80670,70070,67580,78610,66910,73350,76120,65150,73740,88160,99600,105830,116950,139380,132420,133100,132310,140820,141620,142110,142380,108340,71820,42240,19710,19310,,
MTI,MTI2201,MRPL,maraetai,Hydro,Hydro,2026-08-05,19310,18800,27720,28390,19420,18210,18290,28250,31570,41590,60290,71700,94190,132230,144280,158840,160640,160100,153680,134870,132560,119900,104600,90410,75090,60630,58430,44810,58580,38910,28010,34520,41170,41650,79790,141740,151940,157250,152590,154420,153710,159620,159490,150010,113880,100810,80870,64410,,
MTI,MTI2201,MRPL,maraetai,Hydro,Hydro,2026-08-06,60680,58880,48530,48260,59590,32130,30690,15190,14740,17110,48560,53300,95160,140860,151500,152740,151930,153030,137410,134100,124960,120290,113770,77040,62510,50440,44910,30390,28780,29070,25910,26020,38300,70970,109270,140180,155250,156500,153380,153540,156590,156640,158020,136100,129430,105730,79160,60750,,
MTI,MTI2201,MRPL,maraetai,Hydro,Hydro,2026-08-07,47710,1460,0,0,0,0,0,15720,34470,30740,47810,67210,94050,125990,155500,157960,157490,158070,158040,146680,141550,110130,92870,75300,61170,60820,64080,47070,48170,48320,48520,44060,45510,43130,76330,121890,152210,148570,128130,107260,90960,84090,79710,52650,51060,45650,50430,45320,,
MTI,MTI2201,MRPL,maraetai,Hydro,Hydro,2026-08-08,45280,45310,31990,32110,32120,32060,30130,30100,32100,32090,32100,44830,58850,61670,87380,108940,94480,108480,109020,98620,93520,86800,69730,73260,63630,51690,56770,57360,57900,59560,59610,57070,59540,70360,101180,118940,122350,121820,116830,104770,96300,87270,72170,73380,76650,63130,60900,45880,,
MTI,MTI2201,MRPL,maraetai,Hydro,Hydro,2026-08-09,43890,42820,30330,30130,20410,30090,14800,13350,15050,6310,50,14930,15190,29990,59170,75260,71020,90850,80400,62500,61390,47230,45020,45000,45080,45030,38120,30160,35410,46780,47730,47930,61450,77170,103610,124260,132900,136720,135590,116160,94890,75290,63060,53200,47830,28430,31220,28170,,
MTI,MTI2201,MRPL,maraetai,Hydro,Hydro,2026-08-10,14230,15140,15210,15430,14210,14940,15900,14300,16220,17200,21830,27700,44490,72860,87940,105420,103530,91580,76800,84950,71210,45600,24380,42470,46230,42170,44340,44980,32020,20830,26050,37510,32530,57860,46330,113200,139780,132620,124000,118020,92830,57580,50720,54170,54620,50730,47720,43850,,
MTI,MTI2201,MRPL,maraetai,Hydro,Hydro,2026-08-11,46060,42800,33570,33410,30940,26520,31330,30480,37930,30950,46330,46250,53560,67230,111310,147700,143310,121330,74330,86780,71200,65550,60220,60600,63590,57860,54640,60140,61050,62130,65480,74870,82360,91940,98200,123820,151030,139310,97700,75780,70900,69690,60310,48490,52660,31070,27570,30300,,
MTI,MTI2201,MRPL,maraetai,Hydro,Hydro,2026-08-12,31790,29120,17960,15780,20370,8390,13360,17280,16050,15240,30400,52130,60270,86010,115020,127290,118000,95470,89690,90980,75810,73940,79030,62920,62720,60280,72180,62850,46320,45500,48690,59440,67740,78930,89020,118040,133580,141560,110840,92970,84330,73070,46640,55150,54020,44620,45590,37930,,
MTI,MTI2201,MRPL,maraetai,Hydro,Hydro,2026-08-13,31160,44020,44190,42720,45160,42630,44730,44400,48140,44990,45200,47500,60290,71590,84300,98910,106480,87080,75090,80950,90920,90220,92660,86510,73010,57150,68910,36570,74510,52680,74460,85730,88420,84370,86940,104790,123490,128590,109320,91170,76730,72080,75110,62590,73290,60980,47440,45770,,
MTI,MTI2201,MRPL,maraetai,Hydro,Hydro,2026-08-14,45480,42080,30170,27760,22080,15380,14040,14590,14460,19370,40860,45230,51020,75600,83270,90700,85480,76160,65670,71090,62350,64420,56730,73780,72690,66970,55690,37370,19160,12270,13890,30500,31690,55160,47900,73020,92040,87490,77890,76240,61880,60420,61130,67550,70730,62470,56170,40340,,
MTI,MTI2201,MRPL,maraetai,Hydro,Hydro,2026-08-15,32630,28100,14750,15130,14670,14710,15440,15140,15270,15920,14870,13830,13540,15220,31230,35000,53470,62730,70010,66550,33840,45850,46770,65880,74860,52670,69250,50440,55180,56500,58590,74540,77030,76450,76910,89380,91430,85360,71710,64630,57250,27730,33620,33790,55110,59620,52510,30470,,
MTI,MTI2201,MRPL,maraetai,Hydro,Hydro,2026-08-16,27270,13200,6600,4590,4100,4110,4110,1880,8200,8210,10850,14770,30830,30390,34210,30590,30290,41540,48440,59980,54850,54840,54660,48100,59480,46410,45760,48430,47870,45980,49730,68790,80360,80800,104700,134680,133340,139960,128770,128120,110830,88060,74200,62480,48310,35220,35800,44790,,
MTI,MTI2201,MRPL,maraetai,Hydro,Hydro,2026-08-17,33380,30010,29130,28970,19170,19990,16990,14290,15450,28610,41790,58150,71880,96300,112640,135040,134040,124760,104540,85310,63770,60970,61250,60810,62450,67910,44660,31410,38380,32070,27340,28330,31160,67330,96400,122260,121250,111350,103650,104740,100750,83650,65150,68170,74960,70490,62810,47660,,
MTI,MTI2201,MRPL,maraetai,Hydro,Hydro,2026-08-18,29640,28060,30130,30260,29830,29250,32450,29010,31050,31340,31480,31120,55310,76980,118440,123730,117320,100790,102600,94240,84120,83700,72470,43740,8770,30760,31140,31940,30180,30090,29720,56110,71340,89780,105390,118050,121930,133650,136250,119900,106360,91610,79120,60350,62620,45150,44820,44610,,
MTI,MTI2201,MRPL,maraetai,Hydro,Hydro,2026-08-19,45440,45910,45490,46130,29070,29690,30320,28600,46290,46270,46420,45700,48470,77300,112790,132360,124990,81410,80510,73370,82890,72130,75280,76340,54890,46220,45080,59230,60820,60760,62910,57200,59500,75910,75360,96070,126570,135270,137830,126710,109460,94690,87150,69110,65130,47250,42650,45470,,
MTI,MTI2201,MRPL,maraetai,Hydro,Hydro,2026-08-20,35230,31560,29980,29000,27420,29850,31420,30660,31460,45280,64090,59760,88620,120820,143720,131230,129530,118880,146200,118430,91590,62220,60740,79010,65590,59990,60910,49990,46990,52500,59660,65670,71260,74510,86890,109710,135350,126900,136890,108830,109120,87370,90170,69480,67060,62590,53620,45290,,
MTI,MTI2201,MRPL,maraetai,Hydro,Hydro,2026-08-21,43650,45680,42300,47020,42700,48690,45500,47300,48230,45550,45070,55450,75340,101510,123230,143320,143650,134160,120480,97670,59000,65860,70570,76490,62400,54010,48190,39420,38830,28070,29690,41620,49110,44800,67710,85000,102130,115750,109040,94580,83600,72010,74780,60150,78570,73510,54640,37840,,
MTI,MTI2201,MRPL,maraetai,Hydro,Hydro,2026-08-22,30180,28480,28140,29840,32860,30520,20530,19290,22430,18980,30880,23410,28710,29750,27840,30880,41080,51920,45740,44930,44810,40960,31590,32600,42300,45070,45160,28660,21570,22360,21660,24660,26710,28670,31360,44090,65860,71280,59540,58760,44640,53820,55590,37410,56130,50000,32420,40400,,
MTI,MTI2201,MRPL,maraetai,Hydro,Hydro,2026-08-23,34430,23250,21450,720,0,0,0,0,0,0,0,0,13780,43670,40630,33560,27620,31000,36630,29190,30690,29310,29790,45630,57700,53860,54440,48800,48490,48560,48330,47210,48420,47850,53450,74330,75260,76400,76760,58980,60950,60630,55780,37400,23640,10380,10390,20640,,
MTI,MTI2201,MRPL,maraetai,Hydro,Hydro,2026-08-24,8170,150,0,5270,10310,15090,15040,16130,33280,34110,47560,60150,77460,88610,107830,122420,101490,75810,62290,64020,47580,43070,16880,28960,23830,23560,14600,14570,16120,16140,16100,14180,15090,21110,35420,51650,68350,86660,76360,77960,62250,60980,66200,54450,54700,41640,28620,11690,,
MTI,MTI2201,MRPL,maraetai,Hydro,Hydro,2026-08-25,2300,5630,2390,11060,2620,0,0,0,130,0,8670,23230,35410,66390,76620,78170,78060,74020,73570,60430,45130,29530,28100,45250,37340,27660,17210,26490,16230,18410,24260,38980,50480,44190,57850,66250,83190,80000,74940,68230,60160,47350,46150,40490,28860,24810,30590,25390,,
MTI,MTI2201,MRPL,maraetai,Hydro,Hydro,2026-08-26,14920,11500,8440,0,0,0,0,0,0,0,7360,42250,43110,64120,80260,89500,72790,45870,47070,59770,58180,55230,57290,60880,53750,47250,45870,45080,46310,46900,46830,52670,60970,68060,69090,75280,86240,90090,77200,83410,62670,76400,72470,59640,56730,38330,24060,7970,,
MTI,MTI2201,MRPL,maraetai,Hydro,Hydro,2026-08-27,12010,10950,6900,1390,0,180,8730,1070,0,10200,14730,19610,34150,54290,83530,58500,65100,65770,71500,64870,78760,66140,72370,67730,69570,70940,71090,53890,54790,61940,53840,60450,75860,75840,80260,83780,89700,80520,76530,58090,47400,46770,61050,39980,51620,33150,32970,26440,,
MTI,MTI2201,MRPL,maraetai,Hydro,Hydro,2026-08-28,14770,8560,12650,8470,7950,8040,9000,8000,9110,8370,17380,31890,45140,70930,100940,103960,97560,74980,65230,58590,53610,24540,9590,11120,32020,25240,28300,10960,9620,5880,12250,25160,31850,55150,50030,70390,73280,85110,64670,45010,34340,23510,31040,24760,14370,2070,9320,4650,,
MTI,MTI2201,MRPL,maraetai,Hydro,Hydro,2026-08-29,1040,0,0,0,0,0,0,0,0,0,0,0,3370,4170,31220,29680,27340,26160,29510,30100,29140,32730,33090,32390,30880,14520,14900,5740,4070,13080,17470,40170,46420,50700,61420,64210,69830,70150,66910,43880,35270,22180,25840,12570,5770,4180,980,0,,
MTI,MTI2201,MRPL,maraetai,Hydro,Hydro,2026-08-30,0,0,0,0,0,0,0,0,0,0,0,0,0,16310,7460,33940,35130,30250,37210,38370,28450,26110,31870,29270,9700,3990,130,0,0,7780,9520,12920,16390,40180,42440,59320,60920,55850,62710,52680,42290,44480,33050,34680,24820,10390,13210,0,,
MTI,MTI2201,MRPL,maraetai,Hydro,Hydro,2026-08-31,0,0,0,0,0,0,0,0,0,0,0,0,26870,45080,47800,58480,59950,44280,50720,46690,60660,61090,51500,48080,50530,50610,62480,46690,45650,42800,50270,46500,57690,61930,50650,63410,91040,109230,90340,77900,60650,46860,56510,46310,45810,32640,28440,27900,,
MTO,MTO0331,NPOW,papareireiā_solar_at_maungaturoto,SOL,PV,2026-08-01,0,0,0,0,0,0,0,0,0,0,0,0,0,0,0,0,0,0,0,0,0,145,0,0,0,0,0,351,133,0,0,0,0,0,0,0,0,0,0,0,0,0,0,0,0,0,0,0,,
MTO,MTO0331,NPOW,papareireiā_solar_at_maungaturoto,SOL,PV,2026-08-02,0,0,0,0,0,0,0,0,0,0,0,0,0,0,0,0,0,0,1037,3353,4930,6415,6938,6817,6246,6717,7509,6974,4913,3956,4711,712,0,0,0,0,0,0,0,0,0,0,0,0,0,0,0,0,,
MTO,MTO0331,NPOW,papareireiā_solar_at_maungaturoto,SOL,PV,2026-08-03,0,0,0,0,0,0,0,0,0,0,0,0,0,0,0,0,0,24,52,2149,1143,1680,2308,3780,4349,6287,6397,2489,5332,5491,3548,0,0,0,0,0,0,0,0,0,0,0,0,0,0,0,0,0,,
MTO,MTO0331,NPOW,papareireiā_solar_at_maungaturoto,SOL,PV,2026-08-04,0,0,0,0,0,0,0,0,0,0,0,0,0,0,0,0,0,0,20,316,4339,3186,1482,2977,2124,4548,6164,4095,3941,1418,1479,0,0,0,0,0,0,0,0,0,0,0,0,0,0,0,0,0,,
MTO,MTO0331,NPOW,papareireiā_solar_at_maungaturoto,SOL,PV,2026-08-05,0,0,0,0,0,0,0,0,0,0,0,0,0,0,0,0,0,0,1282,3621,4050,2715,2784,6201,3736,4665,6926,4906,5128,3832,1314,1485,0,0,0,0,0,0,0,0,0,0,0,0,0,0,0,0,,
MTO,MTO0331,NPOW,papareireiā_solar_at_maungaturoto,SOL,PV,2026-08-06,0,0,0,0,0,0,0,0,0,0,0,0,0,0,0,0,0,0,857,3123,4792,5944,6821,7325,7705,7915,7813,7610,7030,6071,4814,2444,27,0,0,0,0,0,0,0,0,0,0,0,0,0,0,0,,
MTO,MTO0331,NPOW,papareireiā_solar_at_maungaturoto,SOL,PV,2026-08-07,0,0,0,0,0,0,0,0,0,0,0,0,0,0,0,0,0,0,689,2834,4532,5538,6308,6969,7268,6829,4577,2250,5868,2437,226,0,0,0,0,0,0,0,0,0,0,0,0,0,0,0,0,0,,
MTO,MTO0331,NPOW,papareireiā_solar_at_maungaturoto,SOL,PV,2026-08-08,0,0,0,0,0,0,0,0,0,0,0,0,0,0,0,0,0,0,0,0,0,0,373,511,659,1456,10,2,0,0,0,0,0,0,0,0,0,0,0,0,0,0,0,0,0,0,0,0,,
MTO,MTO0331,NPOW,papareireiā_solar_at_maungaturoto,SOL,PV,2026-08-09,0,0,0,0,0,0,0,0,0,0,0,0,0,0,0,0,0,0,0,0,0,0,0,0,0,0,0,0,0,0,0,0,0,0,0,0,0,0,0,0,0,0,0,0,0,0,0,0,,
MTO,MTO0331,NPOW,papareireiā_solar_at_maungaturoto,SOL,PV,2026-08-10,0,0,0,0,0,0,0,0,0,0,0,0,0,0,0,0,0,125,2094,4218,4933,6885,6671,6706,7740,7701,7784,8168,6120,7268,5640,1930,34,0,0,0,0,0,0,0,0,0,0,0,0,0,0,0,,
MTO,MTO0331,NPOW,papareireiā_solar_at_maungaturoto,SOL,PV,2026-08-11,0,0,0,0,0,0,0,0,0,0,0,0,0,0,0,0,0,264,2861,4057,3240,1609,756,12,1893,3715,5638,4775,1606,3,0,0,0,0,0,0,0,0,0,0,0,0,0,0,0,0,0,0,,
MTO,MTO0331,NPOW,papareireiā_solar_at_maungaturoto,SOL,PV,2026-08-12,0,0,0,0,0,0,0,0,0,0,0,0,0,0,0,0,0,0,0,0,0,0,0,0,0,0,0,0,0,0,0,0,0,0,0,0,0,0,0,0,0,0,0,0,0,0,0,0,,
MTO,MTO0331,NPOW,papareireiā_solar_at_maungaturoto,SOL,PV,2026-08-13,0,0,0,0,0,0,0,0,0,0,0,0,0,0,0,0,0,0,0,0,0,2026,553,10,0,0,0,1424,0,0,0,0,0,0,0,0,0,0,0,0,0,0,0,0,0,0,0,0,,
MTO,MTO0331,NPOW,papareireiā_solar_at_maungaturoto,SOL,PV,2026-08-14,0,0,0,0,0,0,0,0,0,0,0,0,0,0,0,0,0,0,0,0,0,0,0,4,88,0,0,0,0,0,0,0,0,0,0,0,0,0,0,0,0,0,0,0,0,0,0,0,,
MTO,MTO0331,NPOW,papareireiā_solar_at_maungaturoto,SOL,PV,2026-08-15,0,0,0,0,0,0,0,0,0,0,0,0,0,0,0,0,0,0,0,0,1,281,27,0,406,376,17,0,0,0,0,0,0,0,0,0,0,0,0,0,0,0,0,0,0,0,0,0,,
MTO,MTO0331,NPOW,papareireiā_solar_at_maungaturoto,SOL,PV,2026-08-16,0,0,0,0,0,0,0,0,0,0,0,0,0,0,0,0,0,0,0,0,182,822,1187,7122,6874,7204,4371,4883,5846,2490,721,2135,0,0,0,0,0,0,0,0,0,0,0,0,0,0,0,0,,
MTO,MTO0331,NPOW,papareireiā_solar_at_maungaturoto,SOL,PV,2026-08-17,0,0,0,0,0,0,0,0,0,0,0,0,0,0,0,0,0,8,2417,4755,6291,6568,6969,5886,6386,6087,5188,6817,6427,4296,4168,3114,363,0,0,0,0,0,0,0,0,0,0,0,0,0,0,0,,
MTO,MTO0331,NPOW,papareireiā_solar_at_maungaturoto,SOL,PV,2026-08-18,0,0,0,0,0,0,0,0,0,0,0,0,0,0,0,0,0,0,248,3069,6195,8118,7421,4807,6075,9569,8856,6250,7328,7150,6066,4262,456,0,0,0,0,0,0,0,0,0,0,0,0,0,0,0,,
MTO,MTO0331,NPOW,papareireiā_solar_at_maungaturoto,SOL,PV,2026-08-19,0,0,0,0,0,0,0,0,0,0,0,0,0,0,0,0,0,552,2951,3109,4339,6471,7419,7619,7856,8078,8339,8201,7585,6767,5450,3281,378,0,0,0,0,0,0,0,0,0,0,0,0,0,0,0,,
MTO,MTO0331,NPOW,papareireiā_solar_at_maungaturoto,SOL,PV,2026-08-20,0,0,0,0,0,0,0,0,0,0,0,0,0,0,0,0,0,1,835,2571,3825,5587,6539,6924,7208,7336,6789,6726,6828,5008,4800,2867,203,0,0,0,0,0,0,0,0,0,0,0,0,0,0,0,,
MTO,MTO0331,NPOW,papareireiā_solar_at_maungaturoto,SOL,PV,2026-08-21,0,0,0,0,0,0,0,0,0,0,0,0,0,0,0,0,0,0,0,202,1170,935,0,68,75,372,897,1687,863,91,328,0,0,0,0,0,0,0,0,0,0,0,0,0,0,0,0,0,,
MTO,MTO0331,NPOW,papareireiā_solar_at_maungaturoto,SOL,PV,2026-08-22,0,0,0,0,0,0,0,0,0,0,0,0,0,0,0,0,0,0,0,356,2532,3685,5973,6012,6041,4508,6639,6885,6509,5524,4492,2912,250,0,0,0,0,0,0,0,0,0,0,0,0,0,0,0,,
MTO,MTO0331,NPOW,papareireiā_solar_at_maungaturoto,SOL,PV,2026-08-23,0,0,0,0,0,0,0,0,0,0,0,0,0,0,0,0,0,0,0,1544,3242,1127,3610,3083,4500,2230,4059,4034,3206,1126,1697,568,0,0,0,0,0,0,0,0,0,0,0,0,0,0,0,0,,
MTO,MTO0331,NPOW,papareireiā_solar_at_maungaturoto,SOL,PV,2026-08-24,0,0,0,0,0,0,0,0,0,0,0,0,0,0,0,0,0,31,1092,535,441,3515,5276,1897,4630,3570,4007,751,4454,1663,4354,2597,120,0,0,0,0,0,0,0,0,0,0,0,0,0,0,0,,
MTO,MTO0331,NPOW,papareireiā_solar_at_maungaturoto,SOL,PV,2026-08-25,0,0,0,0,0,0,0,0,0,0,0,0,0,0,0,0,0,376,3751,3931,7383,4765,5758,7125,4236,2348,7321,7880,7493,6678,6134,4436,694,0,0,0,0,0,0,0,0,0,0,0,0,0,0,0,,
MTO,MTO0331,NPOW,papareireiā_solar_at_maungaturoto,SOL,PV,2026-08-26,0,0,0,0,0,0,0,0,0,0,0,0,0,0,0,0,112,1125,4444,6383,3555,5612,5546,4606,5611,5401,5270,6005,3487,4257,3763,51,0,0,0,0,0,0,0,0,0,0,0,0,0,0,0,0,,
MTO,MTO0331,NPOW,papareireiā_solar_at_maungaturoto,SOL,PV,2026-08-27,0,0,0,0,0,0,0,0,0,0,0,0,0,0,0,0,80,2259,4720,6377,7904,8042,7296,7093,6241,5275,7475,7762,5048,5614,2606,219,0,0,0,0,0,0,0,0,0,0,0,0,0,0,0,0,,
MTO,MTO0331,NPOW,papareireiā_solar_at_maungaturoto,SOL,PV,2026-08-28,0,0,0,0,0,0,0,0,0,0,0,0,0,0,0,0,0,0,117,1163,50,357,984,3981,1353,9,0,80,0,0,0,0,0,0,0,0,0,0,0,0,0,0,0,0,0,0,0,0,,
MTO,MTO0331,NPOW,papareireiā_solar_at_maungaturoto,SOL,PV,2026-08-29,0,0,0,0,0,0,0,0,0,0,0,0,0,0,0,0,0,0,0,0,0,0,0,0,0,0,0,0,0,0,0,0,0,0,0,0,0,0,0,0,0,0,0,0,0,0,0,0,,
MTO,MTO0331,NPOW,papareireiā_solar_at_maungaturoto,SOL,PV,2026-08-30,0,0,0,0,0,0,0,0,0,0,0,0,0,0,0,0,0,0,264,2117,2537,5239,5363,4091,3572,1848,3198,627,3638,2125,679,302,0,0,0,0,0,0,0,0,0,0,0,0,0,0,0,0,,
MTO,MTO0331,NPOW,papareireiā_solar_at_maungaturoto,SOL,PV,2026-08-31,0,0,0,0,0,0,0,0,0,0,0,0,0,0,0,0,0,28,55,2223,2240,2483,322,719,3398,4019,3605,3606,4322,2459,2527,2584,16,0,0,0,0,0,0,0,0,0,0,0,0,0,0,0,,
NAP,NAP2201,NAPJ,nap,Geo,Geo,2026-08-01,72927,72935,73058,73179,73151,73149,73219,73177,73182,73340,73336,73391,73523,73374,73365,73316,73275,73234,73202,73054,73089,73111,73183,73176,73115,73081,73111,73237,73189,73200,73274,73306,73405,73329,73286,73291,73418,73355,73349,73300,73294,73365,73384,73345,73272,73305,73340,73282,,
NAP,NAP2201,NAPJ,nap,Geo,Geo,2026-08-02,73306,73227,73153,73183,73286,73277,73312,73333,73364,73290,73323,73334,73241,73271,73313,73307,73300,73252,73415,73331,73318,73200,73263,73288,73132,73133,73142,73123,73124,73056,73076,73126,73245,73260,73333,73435,73368,73416,73405,73401,73263,73164,73114,73183,73098,72971,73079,73176,,
NAP,NAP2201,NAPJ,nap,Geo,Geo,2026-08-03,73305,73269,73406,73313,73351,73359,73322,73362,73319,73366,73391,73514,73438,73373,73369,73309,73318,73202,72963,72530,72254,71980,72012,71794,71849,71925,72299,73111,73333,73076,72843,72819,72454,72438,72546,72517,72630,72647,72681,72704,72589,72841,72880,72732,72549,72570,72571,72596,,
NAP,NAP2201,NAPJ,nap,Geo,Geo,2026-08-04,72558,72652,72768,72831,72696,72431,72472,72499,72458,72457,72647,72438,72460,72704,72648,72763,72898,72756,72727,72563,72591,72540,72704,72655,72809,73035,72933,72845,72922,72976,72911,72983,72873,72941,72949,72939,72884,72912,72774,72759,72629,72734,72798,72949,73129,73169,73125,72962,,
NAP,NAP2201,NAPJ,nap,Geo,Geo,2026-08-05,72740,72757,72839,72772,72804,72757,72799,72697,72709,73049,73016,73152,73315,73453,73453,73495,73224,73124,73130,72992,72944,72983,73030,72995,73015,72993,73000,72957,72938,72939,73228,72593,72699,72621,72635,72548,72647,72711,72641,72735,72833,72825,72646,72610,72657,72623,72662,72691,,
NAP,NAP2201,NAPJ,nap,Geo,Geo,2026-08-06,72608,72654,72642,72609,72648,72741,73096,73126,73118,73148,73251,72456,73689,74348,73623,73020,73126,73102,73173,73179,73046,72935,72984,73144,73732,73309,73074,73063,72946,72990,72918,72490,71772,72447,73152,73233,73538,73553,73552,73500,73377,73311,73287,73308,73400,73253,73344,73397,,
NAP,NAP2201,NAPJ,nap,Geo,Geo,2026-08-07,73375,73310,73198,73303,73301,73316,73312,73291,73258,73243,73253,73338,73350,73253,73003,72600,72979,72844,73002,72987,73049,73014,72771,72755,72688,72903,72932,72694,72522,72469,72602,72571,72684,72627,72926,73271,73513,73879,73758,73632,73660,73642,73441,73356,73440,73363,73390,73435,,
NAP,NAP2201,NAPJ,nap,Geo,Geo,2026-08-08,73416,73378,73381,73222,73253,73294,73285,73289,73265,73327,73464,73471,73516,73442,73391,73404,73284,73363,73285,73331,73325,73299,73392,73561,73555,73493,73415,73304,73128,72700,72756,72988,73081,73268,73459,73552,73629,73563,73631,73604,73522,73530,73482,73384,73407,73410,73442,73453,,
NAP,NAP2201,NAPJ,nap,Geo,Geo,2026-08-09,73417,73414,73535,73521,73410,73412,73273,73394,73383,73368,73449,73390,73393,73419,73469,73471,73518,73466,73418,73518,73438,73403,73375,73264,73198,73270,73294,73283,73155,72906,72216,71955,71928,72041,72069,72293,72352,72433,72517,72505,72580,72458,72522,72517,72577,72618,72650,72825,,
NAP,NAP2201,NAPJ,nap,Geo,Geo,2026-08-10,72858,72813,72736,72733,72813,72821,72928,72932,72947,72977,73050,73062,73122,73184,73201,73202,73306,73335,73314,73191,73074,72747,73032,73113,72917,72946,72979,73032,72966,72988,72958,72996,73186,73359,73802,73772,73487,73730,73555,73533,73571,73652,73614,73516,73520,73474,73576,73527,,
NAP,NAP2201,NAPJ,nap,Geo,Geo,2026-08-11,73471,73446,73449,73477,73421,73419,73358,73408,73450,73490,73459,73428,73484,73389,73416,73407,73500,73361,73335,73306,73224,73148,73249,73315,73137,73220,73177,73169,73120,73174,73236,73157,73151,73150,73257,73077,73216,73140,73151,73227,73238,73226,73077,73070,73159,73208,73215,73127,,
NAP,NAP2201,NAPJ,nap,Geo,Geo,2026-08-12,73132,73104,73155,73181,73238,73216,73094,73126,73112,73143,73177,73171,73177,73177,73157,73130,73311,73427,73294,73243,73174,73141,73085,73044,73088,73253,62036,59096,68915,72817,72994,73165,73106,73078,73141,73174,73138,73080,72987,73091,73200,73182,73090,73161,73169,73148,72998,73072,,
NAP,NAP2201,NAPJ,nap,Geo,Geo,2026-08-13,73062,73001,73076,73064,73084,73094,73111,73117,73097,73090,73051,73103,73211,73163,73108,73134,72942,73153,73265,73214,73476,73403,73383,73324,73361,73354,73333,73359,73264,73366,73388,73355,73505,73504,73441,73377,73376,73333,73235,73250,73273,73261,73234,73120,73061,73200,73120,73169,,
NAP,NAP2201,NAPJ,nap,Geo,Geo,2026-08-14,73168,73169,73173,73196,73171,73214,73282,73185,73165,73155,73172,73232,73220,73278,73371,73376,73473,73400,73405,73407,73325,73371,73312,73376,73250,73304,73297,73317,73326,73246,73216,73193,73070,73141,73187,73219,73167,73221,73199,73208,73222,73161,73068,73138,73172,73122,73010,73010,,
NAP,NAP2201,NAPJ,nap,Geo,Geo,2026-08-15,73028,73029,73029,73008,73059,73006,73119,73163,73122,73072,73058,73041,73080,73034,73011,72902,72956,72903,72815,72738,72873,72982,72955,72884,72956,72905,72820,72784,72842,72900,73049,73056,73115,73089,73189,73211,73135,73125,72989,72993,72820,73116,73307,73330,73392,73321,73328,73421,,
NAP,NAP2201,NAPJ,nap,Geo,Geo,2026-08-16,73408,73454,73539,73647,73620,73508,73556,73423,73387,73434,73358,73389,73326,73371,73373,73415,73299,73197,73225,73169,73281,73245,73163,73166,73177,73310,73199,73260,73222,73349,73357,73262,73092,73257,73111,73211,73263,73180,73275,73271,73288,73293,73362,73381,73364,73467,73373,73369,,
NAP,NAP2201,NAPJ,nap,Geo,Geo,2026-08-17,73342,73380,73450,73387,73383,73430,73416,73501,73493,73519,73540,73560,73589,73230,73178,73396,73498,73306,73134,73321,73353,73414,73341,73391,73397,73358,73432,73370,73442,73417,73457,73539,73432,73438,73561,73712,73702,73618,73725,73591,73720,73543,73281,73389,73363,73440,73436,73479,,
NAP,NAP2201,NAPJ,nap,Geo,Geo,2026-08-18,73471,73598,73599,73609,73556,73634,73606,73621,73658,73611,73589,73611,73671,73627,73642,73638,73591,73523,73430,73277,73075,73088,72996,73028,73071,73292,73344,73260,73143,72946,72845,72871,72844,72700,72633,72559,72618,72675,72737,72846,72963,73069,73251,73120,73286,73408,73173,73223,,
NAP,NAP2201,NAPJ,nap,Geo,Geo,2026-08-19,73245,73159,73204,73304,73336,73320,73343,73186,73167,73512,73598,73585,73284,73114,73376,73539,73511,73141,73161,73934,73814,73608,73931,73935,73704,73396,73631,73622,73533,73567,73582,73682,73664,73558,73515,73540,73558,73439,73029,73372,73473,73553,73601,73546,73421,73330,73305,73231,,
NAP,NAP2201,NAPJ,nap,Geo,Geo,2026-08-20,73219,73293,73264,73249,73227,73182,73196,73254,73294,73314,73307,73303,73302,72940,72985,73014,73234,73302,73216,73076,73092,73382,73503,73417,73303,73231,73286,73297,73051,73010,73297,73467,73554,73589,73669,73550,73454,73204,73182,73251,73268,73120,73185,73314,73244,73268,73176,73100,,
NAP,NAP2201,NAPJ,nap,Geo,Geo,2026-08-21,73124,73259,73344,73568,73417,73324,73314,73364,73449,73498,73475,73459,73634,73613,73577,73455,73268,73216,73213,73236,73444,73604,73494,73327,73056,72993,73202,73157,73097,73216,73041,73084,73178,73202,73270,73397,73482,73582,73448,73389,73374,73479,73472,73538,73319,73187,73104,73122,,
NAP,NAP2201,NAPJ,nap,Geo,Geo,2026-08-22,73168,73397,73503,73447,73403,73369,73471,73439,73465,73430,73389,73449,73407,73660,73555,73453,73403,73290,73250,73109,73060,73221,73150,73406,73421,73317,73288,73079,73197,73150,72992,73200,73301,73073,73004,72996,73109,73093,73098,72923,72911,72894,72977,73044,73155,73157,73119,73212,,
NAP,NAP2201,NAPJ,nap,Geo,Geo,2026-08-23,73191,73244,73265,73084,73126,73007,72687,72751,73155,73165,73019,72923,73021,73214,73285,73269,73230,73177,73105,73024,72856,72736,72893,72240,72457,72768,72876,72381,72188,72624,72615,72717,72976,72949,73044,72734,72558,72632,72915,73147,73303,73212,73064,73205,73557,73547,73428,73392,,
NAP,NAP2201,NAPJ,nap,Geo,Geo,2026-08-24,73326,73107,73316,73546,73524,73563,73463,73490,73365,73305,73455,73370,73379,73376,73367,73348,73327,73297,73122,73087,72879,72949,72958,73172,73109,73037,73039,73317,73382,73278,73127,73255,73344,73430,73451,73549,73596,73449,73425,73464,73385,73272,73399,73467,73339,73352,73257,73378,,
NAP,NAP2201,NAPJ,nap,Geo,Geo,2026-08-25,73261,73378,73412,73515,73365,73314,73365,73446,73409,73344,73385,73298,73335,73361,73280,73269,73140,72984,73177,73163,73014,72891,72929,72758,72835,72657,72696,72584,72783,72759,72708,72574,72674,73041,73118,73208,73210,73135,73194,73228,73123,73173,73261,73448,73413,73513,73449,73490,,
NAP,NAP2201,NAPJ,nap,Geo,Geo,2026-08-26,73370,73373,73436,73452,73407,73383,73233,73192,73230,73341,73446,73419,73449,73430,73348,73345,73258,73115,73099,73152,73050,73069,72993,72968,72934,73268,61055,58171,49633,68467,72498,72612,72766,72963,73204,73208,73256,73127,73145,73267,73290,73348,73142,73188,73145,73152,73200,73263,,
NAP,NAP2201,NAPJ,nap,Geo,Geo,2026-08-27,73230,72930,73015,72990,72969,73021,73292,73253,73355,73323,72771,73359,73561,72942,72023,70961,70395,69450,70279,70302,69735,69559,69538,69764,69918,69931,69883,69799,69852,70018,69957,69922,69989,69964,69853,69132,71331,71735,72307,72391,72579,72848,72943,72976,73065,73120,73137,73266,,
NAP,NAP2201,NAPJ,nap,Geo,Geo,2026-08-28,73235,73226,73209,73283,73222,73160,73147,73168,73074,73012,72999,73069,73087,73004,72989,72899,72801,72713,72783,72756,72756,72866,72828,72801,72718,72740,72722,72668,72718,72740,72831,72940,72930,72886,73018,73085,73214,73371,73510,73477,73424,73398,73285,73168,73152,73186,73236,73217,,
NAP,NAP2201,NAPJ,nap,Geo,Geo,2026-08-29,73228,73207,73190,73142,73288,73295,73169,73154,73120,73151,73137,73035,73055,73055,73040,72997,72991,73004,73032,73089,73033,72975,72926,72969,72914,72821,72701,72794,72736,72854,72996,72988,72961,73102,73098,73016,72849,72705,72728,72787,72820,72818,72856,72896,72912,72916,72950,72926,,
NAP,NAP2201,NAPJ,nap,Geo,Geo,2026-08-30,72877,72902,72910,72768,72833,72823,72965,73007,73037,72987,72967,72910,72884,72843,73071,73164,73172,72985,72872,72530,72504,72715,72678,72766,72674,72770,72876,72817,72787,72654,72831,72810,72623,72674,72924,72952,73004,72923,72660,72495,72476,72663,72720,72775,72856,72817,72749,72583,,
NAP,NAP2201,NAPJ,nap,Geo,Geo,2026-08-31,72396,72502,72519,72787,72741,72667,72695,72807,72902,72759,72793,72815,72732,72706,72688,72776,72742,72770,72742,72651,72836,72688,72907,72570,72673,72714,72934,72800,72640,72609,72584,72648,72768,72843,72924,72877,73034,73111,73237,73447,73390,73336,73423,73405,73432,73299,73314,73360,,
NAP,NAP2202,MRPL,Ngatamariki,Geo,Geo,2026-08-01,66404,66432,66434,66573,66527,66561,66557,66746,66845,66941,66989,67004,66897,67041,67109,67211,67146,67136,67076,67025,66617,65714,65714,65694,65662,65501,65146,65150,65142,65235,65173,65302,65293,65211,65158,65468,65432,65540,65646,65886,66396,66568,66555,66600,66648,66724,66738,66726,,
NAP,NAP2202,MRPL,Ngatamariki,Geo,Geo,2026-08-02,66803,66913,66797,66931,66792,67007,66892,67002,67027,67058,67054,67054,67095,67212,67613,67699,67667,67674,67587,67553,67453,66755,66563,66277,64322,63974,63229,63502,63624,63551,63610,63528,63327,63441,63866,64014,64131,64318,64413,64414,64508,64590,64785,64901,65038,65397,65793,65772,,
NAP,NAP2202,MRPL,Ngatamariki,Geo,Geo,2026-08-03,65749,65824,65700,66069,66368,66340,65834,66049,65605,65962,65344,65904,66019,65936,65760,65742,65652,65649,65529,64782,63706,63976,63969,63917,63483,62955,62764,62757,62835,62710,62930,62705,63066,62996,63246,63732,63827,63649,63681,64060,64230,64421,64613,64934,64799,64630,64160,64154,,
NAP,NAP2202,MRPL,Ngatamariki,Geo,Geo,2026-08-04,64276,64547,64551,64595,64672,64755,64832,64653,64588,64648,64876,64629,64956,64902,64942,65083,64998,65131,65074,64691,64623,64253,63990,64224,64310,64388,64422,64391,64494,64505,64536,64580,64742,65167,65234,65249,65238,65234,65308,65242,65295,65415,65572,65619,65624,65675,65591,65649,,
NAP,NAP2202,MRPL,Ngatamariki,Geo,Geo,2026-08-05,65717,65824,65849,65968,65901,65962,66116,66780,66459,66029,66296,66137,66053,65868,65527,65504,65452,65403,65214,64574,64553,64602,64587,64520,64600,64530,64542,64355,64444,64411,64437,64391,64427,64452,64500,64533,64525,64994,65350,65550,65489,65719,65749,65997,66363,66477,66402,66485,,
NAP,NAP2202,MRPL,Ngatamariki,Geo,Geo,2026-08-06,66472,66467,66543,66541,66580,66583,66574,66570,66658,66660,66634,66574,66488,66020,66059,66285,66363,66086,66103,65542,66046,65907,65788,65708,65743,65618,65558,65535,65447,65373,65056,64293,64340,64438,64503,64715,65419,65423,65657,65894,66043,66118,66089,66160,66321,66365,66394,66417,,
NAP,NAP2202,MRPL,Ngatamariki,Geo,Geo,2026-08-07,66531,66569,66493,66741,66754,66724,66717,66703,66728,66764,66976,67012,66986,67096,67088,67064,67055,66844,66784,66833,66743,66774,66701,66626,66511,66336,66098,64988,64695,65512,64495,64249,64256,64355,64396,64757,64942,65117,65269,65336,65308,65486,65639,65809,66128,66186,66149,66207,,
NAP,NAP2202,MRPL,Ngatamariki,Geo,Geo,2026-08-08,66376,66390,66441,66372,66368,66371,66380,66433,66428,66529,66588,66629,66647,66610,66705,66787,66746,66780,66720,66659,66644,66635,66587,66529,66237,65706,65497,64329,64502,64447,64445,64541,64508,64568,64531,64996,65035,65188,65218,65311,65480,65690,65804,65880,66003,66060,66127,66173,,
NAP,NAP2202,MRPL,Ngatamariki,Geo,Geo,2026-08-09,66164,66197,66216,66266,66277,66260,66064,65988,66009,65992,65949,65807,65889,65824,65785,65784,65781,65790,65785,65785,65724,65594,65225,65061,64921,64752,64114,64076,63684,62887,62518,62586,62530,62658,63209,63514,63575,63861,63845,63888,64094,64209,64318,64460,64680,64739,65100,65222,,
NAP,NAP2202,MRPL,Ngatamariki,Geo,Geo,2026-08-10,65270,65431,65450,65790,65821,65845,65845,65826,65870,65581,65725,65799,65869,66095,66111,66262,66142,66225,66101,65716,64992,64808,64321,64223,64089,63691,63926,64069,64088,64066,64060,63998,64123,64039,64202,64135,64347,64491,64754,64857,64792,64920,64993,65141,65128,65385,65486,65563,,
NAP,NAP2202,MRPL,Ngatamariki,Geo,Geo,2026-08-11,65770,65669,65767,65627,65701,65840,65807,65857,65841,65831,65834,65972,66111,66513,66966,66746,66683,66738,66721,66661,66533,65806,62857,61864,60038,60276,62071,63066,63142,63107,62824,63145,63618,63559,63770,63671,63542,64251,64338,64379,64383,64418,64380,64679,64772,65510,65553,65520,,
NAP,NAP2202,MRPL,Ngatamariki,Geo,Geo,2026-08-12,65372,65583,65277,65547,65626,65608,65579,65571,65643,65628,65606,65685,65646,65651,65651,65605,65623,65618,65604,65593,65588,65561,65509,65247,64783,64548,63988,64054,64025,64030,63958,63661,63477,63453,63916,64050,64097,64203,64258,64609,64696,64760,64696,64734,64906,65043,65101,65114,,
NAP,NAP2202,MRPL,Ngatamariki,Geo,Geo,2026-08-13,65187,65178,65227,65116,65219,65157,65163,65168,65160,65232,65211,65203,65172,65253,65200,65251,65248,65211,65051,64807,64820,64774,64486,64412,64005,63871,63794,63677,63502,63306,63344,63352,63747,64050,64205,64261,64485,64528,64523,64492,64519,64531,64515,64610,64599,64614,64616,64514,,
NAP,NAP2202,MRPL,Ngatamariki,Geo,Geo,2026-08-14,64606,64586,64627,64498,64282,63843,63987,64122,64170,64150,64332,64406,64411,64004,64197,64125,64103,64262,64264,64267,64230,64016,64175,64139,64277,64271,64160,64276,64271,64234,63785,64213,64244,64210,63755,63954,64319,64611,64777,64795,64587,64572,64604,64682,64286,63710,63558,63591,,
NAP,NAP2202,MRPL,Ngatamariki,Geo,Geo,2026-08-15,63508,63495,63515,63478,63561,63562,63497,63497,63534,63554,63555,63559,63685,63873,63866,63796,63474,63187,63015,62814,62715,62492,62201,61972,61526,61692,61538,61204,61156,61488,61487,61604,61709,62113,62762,63036,63227,63186,63275,63286,63224,63363,63473,63518,63669,63656,63591,63778,,
NAP,NAP2202,MRPL,Ngatamariki,Geo,Geo,2026-08-16,63972,64151,64092,64297,64320,64045,64001,64467,64277,64290,64164,64485,64491,64545,64920,64937,64174,64865,64550,63736,63933,63733,63489,63162,63366,63248,63337,63509,63624,63563,63609,63646,63937,63996,64108,64268,64239,64297,64319,64426,64521,64596,64634,64691,64203,64267,64361,64327,,
NAP,NAP2202,MRPL,Ngatamariki,Geo,Geo,2026-08-17,64388,64425,64467,64555,64699,64769,64813,64846,64811,64846,64826,64849,64879,65120,65245,65253,65210,65278,65127,64559,64125,64153,64175,64186,64165,64151,64215,64149,64250,64129,64199,64376,64197,64336,64373,64557,65077,65516,65147,65752,65776,65908,65820,65907,66173,65644,65814,65923,,
NAP,NAP2202,MRPL,Ngatamariki,Geo,Geo,2026-08-18,65960,65982,65944,65982,65942,65992,66052,65996,66225,66293,66432,66388,66391,66474,66431,66458,66416,66428,66317,65957,65050,64234,63768,63732,63649,63129,62839,62861,63179,62663,62805,62926,62930,63797,63602,63113,63194,63382,63442,63742,63831,64249,64385,64792,64818,64851,64836,64872,,
NAP,NAP2202,MRPL,Ngatamariki,Geo,Geo,2026-08-19,64912,64880,64895,64897,64951,64896,64920,65004,64975,64929,64961,65004,64997,64994,65025,65027,64991,64900,64929,64856,64888,64712,64227,63530,63573,63556,63545,63573,63545,63484,63571,63638,63718,63899,63895,63926,63955,64093,64242,64367,64406,64507,64518,64540,64772,64687,64789,64872,,
NAP,NAP2202,MRPL,Ngatamariki,Geo,Geo,2026-08-20,64837,65043,65117,65102,65085,65188,65151,65167,65205,65153,65226,65324,65281,65380,65584,66040,66202,66175,66005,65883,65872,65687,65506,65152,64652,63776,62934,62882,62762,62826,62886,62925,62844,63066,63157,63196,63280,63285,63303,63375,63550,63761,63912,63897,63956,64221,64158,64557,,
NAP,NAP2202,MRPL,Ngatamariki,Geo,Geo,2026-08-21,64880,64955,64914,64957,64999,64989,65015,65078,65296,65288,65334,65279,65339,65315,65486,65521,65691,65715,65736,65714,65707,65673,65603,65494,64621,63997,64086,64056,63832,64081,63968,63507,63282,63621,63808,63939,64127,64369,64386,63890,64904,64938,65144,65171,64583,64535,64697,64555,,
NAP,NAP2202,MRPL,Ngatamariki,Geo,Geo,2026-08-22,64643,64573,64674,64588,64631,64676,64555,64708,64624,64672,64709,64700,64684,64957,64824,64143,64356,64479,64690,64222,64241,64246,64069,63706,63422,63020,62544,62994,63292,63498,63454,63362,63754,63759,63647,63681,63625,63746,63993,64010,63959,63909,63963,63973,64103,64093,64100,64009,,
NAP,NAP2202,MRPL,Ngatamariki,Geo,Geo,2026-08-23,64025,63880,63821,63787,63876,63881,63890,63891,63911,63987,63966,64029,64033,63972,64035,64014,63988,63950,63955,63945,63870,62989,62070,61992,62152,62564,62771,62973,63046,63279,63308,63499,63888,64012,64043,64085,64238,64188,64312,64266,64469,64629,64666,64681,64697,64813,64796,64193,,
NAP,NAP2202,MRPL,Ngatamariki,Geo,Geo,2026-08-24,64327,64618,64677,64691,64761,64802,64974,64932,64821,64339,64414,64759,64740,64564,64288,64573,64528,64583,64485,64027,63411,63610,63692,63480,63129,63387,62947,62703,62915,62900,62984,62839,63300,63461,63186,63447,63668,63725,63864,64148,64392,64492,64489,64511,64614,64675,64765,64857,,
NAP,NAP2202,MRPL,Ngatamariki,Geo,Geo,2026-08-25,64864,64910,65000,65017,65034,64972,64969,64951,65009,64990,64989,65041,65091,65072,65201,65151,65153,65068,64302,63694,63704,63156,62938,62984,62919,62819,62463,62147,62097,62238,62317,62561,62813,62857,63134,63806,63910,64242,64476,64466,64584,64702,64625,64845,64723,64847,64868,64525,,
NAP,NAP2202,MRPL,Ngatamariki,Geo,Geo,2026-08-26,64950,65029,64954,65007,65022,65019,65007,64951,64971,64946,64996,65046,65009,65025,65027,65102,65013,64540,64080,64687,64531,64520,64220,63211,63206,63408,62567,62405,63034,63041,62936,63028,63242,63380,63596,63897,64527,64472,64133,64491,64128,63875,64067,64015,64202,64216,64168,64475,,
NAP,NAP2202,MRPL,Ngatamariki,Geo,Geo,2026-08-27,64191,63969,64158,64168,64400,64471,64538,64498,64504,64536,64826,65035,65003,64976,64930,64118,64436,63986,64001,63821,63520,63031,63029,63013,63369,63334,63091,62230,61663,61352,61756,61670,61669,61642,61713,62019,62514,62568,62788,63073,64108,64037,64014,64219,63792,64529,64848,64178,,
NAP,NAP2202,MRPL,Ngatamariki,Geo,Geo,2026-08-28,64281,64653,64279,64335,64372,64404,64409,64472,64406,64390,64318,64592,64453,64457,64339,64420,64403,63952,63906,63638,63496,63895,63854,63689,63226,63347,63405,63309,63095,63025,63102,63213,63302,63529,63764,63815,63990,64051,64063,64093,64005,63860,63940,63996,64068,63979,64097,63994,,
NAP,NAP2202,MRPL,Ngatamariki,Geo,Geo,2026-08-29,63933,63939,64031,64146,64117,64035,63573,63735,63725,63704,63868,63989,63921,63985,64047,63698,63871,64090,63889,63852,63578,63838,63629,63230,63040,62947,63256,63382,63193,63254,63366,63335,63371,63362,63341,63412,63479,63799,63850,63997,64621,64799,65139,65255,65270,65205,65363,65192,,
NAP,NAP2202,MRPL,Ngatamariki,Geo,Geo,2026-08-30,64452,64200,64526,64110,64171,64348,64947,64524,64811,65067,65117,65151,65025,64809,64699,64709,64688,64396,63869,63569,63240,63131,63014,63090,63063,63161,62812,62554,62330,62165,62134,62382,62863,63220,63173,63553,63822,64432,64516,64686,64639,64643,64678,64637,64855,64946,64970,64919,,
NAP,NAP2202,MRPL,Ngatamariki,Geo,Geo,2026-08-31,64818,64944,64828,64904,64976,64996,65038,65204,65219,65195,65251,65201,65085,65197,65232,65228,65165,65147,64784,64835,64798,64461,64259,64024,63718,63568,63628,63594,63364,63372,63305,63714,63928,64126,64086,64157,64113,64048,64109,64191,64163,64237,64392,64354,64506,64534,64589,64580,,
NMA,NMA0331,TPCO,white_hill,Wind,Wind,2026-08-01,10395,3905,1754,1153,409,538,303,91,346,359,112,0,0,0,0,0,2,1081,1372,1678,2767,3343,3009,2700,3606,4902,7819,7459,7599,7945,10043,11175,12223,18079,20203,19668,19393,19571,17402,16385,15809,15984,13381,12408,14254,13686,15963,15418,,
NMA,NMA0331,TPCO,white_hill,Wind,Wind,2026-08-02,15042,16371,14089,15368,14908,14516,14310,14673,13892,14009,16488,18352,20376,19985,17632,16434,16563,15249,18831,20159,19483,19457,19417,19420,19672,19352,19360,19432,19984,19935,20807,20797,18509,17834,17652,17865,17834,17903,17598,17851,17938,17951,17821,17704,17727,16043,16333,15080,,
NMA,NMA0331,TPCO,white_hill,Wind,Wind,2026-08-03,16501,14366,18211,18609,19984,19450,18102,19271,19788,18702,16358,16126,18810,16883,18725,18006,15115,20518,19010,16331,11004,5803,14001,12894,13198,13629,15189,13264,11897,14843,13657,13127,17208,16806,13696,12522,14580,16485,15927,14596,14118,13298,13655,15476,13862,12985,15386,12441,,
NMA,NMA0331,TPCO,white_hill,Wind,Wind,2026-08-04,15956,17759,17184,13214,13906,12888,11988,8404,11138,14284,11644,9906,6474,2964,1864,1286,1541,540,220,465,838,791,171,273,77,1022,104,1,329,282,57,449,0,0,0,0,0,0,28,88,21,10,17,0,0,45,442,547,,
NMA,NMA0331,TPCO,white_hill,Wind,Wind,2026-08-05,620,408,472,641,1182,2051,2094,2098,2754,3344,1960,1617,1895,1469,1394,1420,1958,1150,1859,660,427,104,0,0,0,79,441,39,0,0,0,0,0,0,0,0,0,0,0,0,0,0,22,27,150,44,563,2501,,
NMA,NMA0331,TPCO,white_hill,Wind,Wind,2026-08-06,3623,2936,1696,1280,1610,1926,2467,2745,4172,4092,3942,5520,6582,5508,4216,3019,1715,1903,2371,2403,1249,1835,4669,4583,3922,2112,1428,614,1,0,0,0,0,0,0,0,25,27,136,266,167,108,803,1419,972,971,2235,1585,,
NMA,NMA0331,TPCO,white_hill,Wind,Wind,2026-08-07,2255,2782,4572,7561,6898,5608,3195,2985,5597,4289,2521,4318,3641,2370,2358,4173,5039,4467,6156,7597,9453,6170,4638,2798,970,409,588,683,198,140,140,63,2,0,6,45,89,1155,1271,695,820,365,466,284,476,424,692,970,,
NMA,NMA0331,TPCO,white_hill,Wind,Wind,2026-08-08,1146,1331,1773,1923,3229,4761,4330,6556,5619,1844,794,1045,1130,670,497,393,765,471,488,372,306,73,0,0,5,77,0,0,0,0,0,10,351,585,158,10,133,221,0,0,0,0,0,0,0,0,0,0,,
NMA,NMA0331,TPCO,white_hill,Wind,Wind,2026-08-09,0,257,341,459,1228,2431,3294,5348,5015,5313,5415,6600,5455,5436,4802,3486,2116,1482,860,464,211,73,7,0,0,0,0,0,0,0,0,0,0,0,0,0,0,0,8,150,201,130,16,153,277,124,126,138,,
NMA,NMA0331,TPCO,white_hill,Wind,Wind,2026-08-10,544,299,166,379,7,0,0,11,32,0,0,0,0,0,0,0,0,0,0,0,0,0,0,0,0,0,0,0,0,0,0,0,0,0,0,31,505,779,924,1174,835,332,154,182,345,1292,2238,2943,,
NMA,NMA0331,TPCO,white_hill,Wind,Wind,2026-08-11,3199,5804,6587,4164,4630,4931,4384,4087,6056,8327,5788,5704,6025,7241,6663,7107,7661,6221,4917,4444,5278,4100,3534,3289,2441,1199,480,576,772,780,258,617,699,320,592,923,752,562,66,193,1089,894,2580,4102,4369,5421,6460,4897,,
NMA,NMA0331,TPCO,white_hill,Wind,Wind,2026-08-12,4242,3993,2747,4976,8062,7855,5891,4575,2712,4264,6057,3951,3533,5807,6389,6873,6766,6940,7589,9320,9139,8411,6857,6866,5293,3436,1736,2389,8975,7254,5776,10475,8573,5789,11804,19520,18019,15066,15038,14881,10914,6573,7521,4466,5463,4485,5401,5995,,
NMA,NMA0331,TPCO,white_hill,Wind,Wind,2026-08-13,3480,2124,1950,1503,5242,8976,10252,9438,6531,9339,12640,12452,9358,12151,14754,14376,12808,10627,9554,8867,6635,3844,3449,2670,4332,6443,8135,7419,7423,11564,10146,10323,1707,0,0,6,421,1412,2956,2986,3196,7695,9685,13807,12559,14944,20991,21978,,
NMA,NMA0331,TPCO,white_hill,Wind,Wind,2026-08-14,21449,20362,16375,10905,16810,19022,19761,20668,20483,17474,16319,16032,13650,12635,12666,13161,13319,13213,16257,19605,19632,17447,14859,13517,13271,12533,12670,13510,14157,17887,19876,13325,12376,11247,9423,11459,12286,11914,13379,19253,21914,22169,20914,19241,19416,19033,20635,22430,,
NMA,NMA0331,TPCO,white_hill,Wind,Wind,2026-08-15,20788,16899,18543,18483,17809,15813,8140,9200,12085,16896,13254,11908,7037,6497,5570,4983,2258,3406,5765,6101,7405,4688,3296,8620,4166,1503,660,3711,7355,1461,1195,664,442,1521,2304,405,1134,2686,1115,2038,1637,1617,1893,479,717,2446,1506,507,,
NMA,NMA0331,TPCO,white_hill,Wind,Wind,2026-08-16,410,384,1328,1424,606,295,0,24,39,0,0,0,0,0,0,0,0,0,0,0,0,0,0,0,0,0,0,0,0,0,0,0,0,0,0,0,0,0,0,0,0,3,242,778,1001,1550,3019,2141,,
NMA,NMA0331,TPCO,white_hill,Wind,Wind,2026-08-17,684,643,1430,2022,1346,2283,3342,3777,3769,4885,5357,3450,2148,1959,2592,1322,2024,1685,1940,3404,2443,1595,866,457,1401,1307,1629,1412,2156,3798,9608,8127,9867,7668,8857,9692,18628,15915,12354,7092,14096,13063,12196,10196,10272,11144,11802,12652,,
NMA,NMA0331,TPCO,white_hill,Wind,Wind,2026-08-18,11815,11872,11320,11692,11438,8194,9239,10742,9020,11597,10819,6702,5291,6122,11019,5503,3627,5038,3549,4901,5929,9355,6386,7000,10554,6698,7125,7908,8293,8885,8926,7442,7865,6542,8047,6260,4969,3969,1700,1417,858,811,280,485,475,525,1037,1105,,
NMA,NMA0331,TPCO,white_hill,Wind,Wind,2026-08-19,1047,633,796,1462,3322,5099,5512,3684,1943,2473,2310,1695,1906,902,716,547,437,474,347,856,1012,418,214,0,0,0,0,0,0,20,133,1532,3003,2431,1964,2369,1934,1834,1687,2330,3239,2907,1887,1387,1043,1477,1233,669,,
NMA,NMA0331,TPCO,white_hill,Wind,Wind,2026-08-20,703,901,673,118,525,533,818,1176,1198,1581,1790,1475,1118,1011,593,663,1578,1326,1744,1607,919,519,313,100,0,0,0,0,0,0,0,0,0,0,0,0,0,0,7,128,135,1030,2816,4987,13724,18998,20856,24054,,
NMA,NMA0331,TPCO,white_hill,Wind,Wind,2026-08-21,23344,22722,19487,18706,18588,18020,18425,17040,14693,16339,19776,18814,15627,17279,19446,17534,18324,20155,19497,16989,16807,16498,17753,16977,16986,17114,16841,16359,17803,17508,17827,17938,17997,17998,17964,17961,17839,18194,19188,19075,19336,19662,18958,18712,18447,14731,18605,17522,,
NMA,NMA0331,TPCO,white_hill,Wind,Wind,2026-08-22,18068,20272,21662,18436,16213,18268,17354,15990,5866,1060,897,11217,14736,14314,14223,16548,16570,20132,20739,19000,18577,18487,19201,18853,17064,15834,14992,15008,14223,13969,13970,13891,14015,14014,13921,14019,14017,13984,13883,13374,14217,14456,13609,13260,12473,11496,14571,17576,,
NMA,NMA0331,TPCO,white_hill,Wind,Wind,2026-08-23,19759,17622,16965,22338,20381,20070,19011,21136,17783,17036,16512,16521,15770,15941,14154,14167,14781,15673,15106,14988,16763,18400,16888,0,0,1200,8236,5098,8295,7676,5823,8069,8468,7207,7815,10824,9834,7235,9867,10060,9172,8620,8657,8659,8535,8572,8150,8203,,
NMA,NMA0331,TPCO,white_hill,Wind,Wind,2026-08-24,8470,8433,8260,8569,8382,8140,8045,8879,9049,8604,8531,8621,8628,8644,8680,8654,8960,11763,13035,13530,14535,15751,17142,17363,16774,18327,17738,17515,16443,15663,15874,16656,15032,12468,13205,13240,12759,12571,13867,13214,10552,12816,13043,12356,11394,11970,12900,11569,,
NMA,NMA0331,TPCO,white_hill,Wind,Wind,2026-08-25,12426,12074,12081,12080,12073,12026,12063,12039,11896,12019,12054,12960,13823,13544,13998,18789,18662,16813,16318,18680,18223,18099,18341,18070,17874,19454,19735,17932,17331,16302,17193,18580,19012,18858,17649,18897,15822,16959,18995,20531,18819,20525,19174,18022,16429,17276,19339,19810,,
NMA,NMA0331,TPCO,white_hill,Wind,Wind,2026-08-26,19136,18258,17990,18027,18422,15860,16114,15803,15417,17018,6815,1168,25,0,0,0,0,0,0,0,0,0,0,0,0,0,0,0,0,0,0,0,244,613,514,2029,3557,5736,6551,6174,7481,8979,10342,12763,15283,17800,18945,18288,,
NMA,NMA0331,TPCO,white_hill,Wind,Wind,2026-08-27,19907,20677,21468,22149,22404,22063,21458,19391,17797,18563,19710,16528,14272,12153,9392,11245,12157,12908,15812,17463,18066,18720,19336,19196,18170,16768,13106,9944,11595,10168,10967,8343,8631,10357,10935,7977,7167,7210,7834,8410,10508,9594,10916,14229,11380,7643,7296,4534,,
NMA,NMA0331,TPCO,white_hill,Wind,Wind,2026-08-28,1644,1796,2123,2629,3662,3484,6205,6226,7572,10539,4753,1404,816,240,1334,4517,4935,7429,5206,4847,4274,8217,6303,10000,9723,9115,5344,5521,4219,4661,3784,6418,3690,560,2789,6975,7574,16266,20947,19765,19520,18000,17715,17676,17786,17908,17133,17417,,
NMA,NMA0331,TPCO,white_hill,Wind,Wind,2026-08-29,17485,15971,19075,22127,21330,20647,19389,18700,16665,18596,21089,20008,19160,18675,19677,18090,18386,15100,19147,18861,18760,19581,19788,19525,19783,18004,17839,19005,18100,18840,18288,17819,17276,17473,17767,17840,17083,16675,16666,16095,16609,14256,14922,15043,17778,20553,18152,19332,,
NMA,NMA0331,TPCO,white_hill,Wind,Wind,2026-08-30,18493,18066,17468,17089,13971,10205,12956,19052,21804,23157,19741,18447,17416,18267,18978,17772,17557,16784,16402,17889,15323,18675,17303,10425,11719,15209,11947,14785,13661,17308,8934,10825,19020,12368,16392,22748,23095,21751,15216,16033,19658,18336,17494,20912,21141,21195,15393,13056,,
NMA,NMA0331,TPCO,white_hill,Wind,Wind,2026-08-31,9850,9559,8814,15523,19949,12383,7642,3086,1840,4497,9005,16487,14658,17041,15629,11106,11385,13764,14690,12985,12784,4766,4939,14154,15230,15965,15515,13849,13264,13492,12248,12412,12599,7046,9091,5558,9474,9464,8111,7597,9661,9955,15050,15353,11734,13618,12983,16627,,
NSY,NSY0331,OTPO,paerau,Hydro,Hydro,2026-08-01,4281,4279,4279,4275,4279,4284,4266,4263,4252,4296,4262,4262,4266,4263,4257,4254,4275,4286,4290,4273,4252,4289,4295,4295,4305,4301,4312,4293,4322,4315,4294,4290,4313,4289,4291,4315,4285,4287,4278,4277,4281,4297,4304,4299,4305,4262,4301,4281,,
NSY,NSY0331,OTPO,paerau,Hydro,Hydro,2026-08-02,4274,4302,4304,4281,4280,4277,4288,4317,4321,4295,4300,4291,4274,4293,4298,4288,4319,4295,4366,4381,4540,4969,4959,4956,4948,4960,4953,4957,4946,4968,4945,4963,4963,4965,4944,4976,4959,4945,4945,4960,4968,4982,4952,4990,4965,4954,4962,4964,,
NSY,NSY0331,OTPO,paerau,Hydro,Hydro,2026-08-03,4916,4975,4955,4939,4928,4978,4953,4954,4963,4934,4931,4953,4927,4937,4925,4954,5111,5333,5467,5473,5507,5506,5541,5548,5554,5552,5545,5561,5553,5369,5320,5348,5327,5407,5556,5402,5268,5252,5216,5240,5232,5261,5256,5248,5263,5249,5224,5206,,
NSY,NSY0331,OTPO,paerau,Hydro,Hydro,2026-08-04,5241,5221,5216,5205,5238,5189,5229,5175,5229,5232,5235,5241,5216,5218,5243,5217,5221,5209,5251,5232,5225,5247,5241,5226,5208,5203,5204,5222,5197,5216,5213,5209,5218,5212,5221,5200,5223,5253,5585,5931,5929,5643,5536,5413,5307,5307,5315,5288,,
NSY,NSY0331,OTPO,paerau,Hydro,Hydro,2026-08-05,5293,5284,5270,5276,5301,5275,5268,5290,5280,5269,5292,5279,5570,5841,5937,5935,5933,5934,5933,5564,5535,5526,5529,5522,5512,5529,5507,4095,4016,3989,4119,4255,5483,5496,5893,5907,5906,5907,5906,5906,5906,5906,5907,5908,5906,5908,5908,5907,,
NSY,NSY0331,OTPO,paerau,Hydro,Hydro,2026-08-06,5636,5537,5485,5521,5523,5512,5526,5521,5543,5530,5533,5450,5493,5825,5915,5913,5923,5906,5912,5916,4806,4773,4977,4993,5025,5005,5026,5021,5009,5010,5020,3213,3162,3178,5337,5879,5877,5877,5866,5859,5863,5876,5874,5874,5219,4984,4974,4946,,
NSY,NSY0331,OTPO,paerau,Hydro,Hydro,2026-08-07,4439,4408,4345,4342,4282,4301,4229,4265,4265,4245,4265,4284,5249,5625,5673,5670,5667,5665,5664,5660,4345,4281,4298,3737,2925,2892,2846,3228,3383,3359,3367,3405,3450,3414,3429,3425,3427,3420,3439,3421,3421,3424,3423,3428,3412,3426,3432,3420,,
NSY,NSY0331,OTPO,paerau,Hydro,Hydro,2026-08-08,3426,3436,3357,3366,3344,3360,3362,3346,3366,3342,3355,3362,3345,3350,3365,3361,3354,3353,3365,3367,3366,3352,3365,3363,3373,3367,3355,3378,3357,3363,3367,3374,3359,3369,3386,3377,3363,3356,3365,3360,3373,3408,3604,3621,3497,3349,3285,3190,,
NSY,NSY0331,OTPO,paerau,Hydro,Hydro,2026-08-09,3210,3189,3209,3191,3184,3197,3187,3195,3193,3189,3189,3200,3199,3181,3185,3199,3193,3206,3183,3190,3168,3160,3146,3130,3118,3081,3052,1698,873,828,56,0,0,0,0,0,0,0,0,0,0,0,0,0,0,0,0,0,,
NSY,NSY0331,OTPO,paerau,Hydro,Hydro,2026-08-10,0,0,0,0,0,0,0,0,0,0,0,0,0,0,0,0,0,0,0,0,0,0,0,0,0,0,0,0,0,0,0,0,0,0,0,0,0,0,0,0,0,0,0,0,0,0,0,0,,
NSY,NSY0331,OTPO,paerau,Hydro,Hydro,2026-08-11,0,0,0,0,0,0,0,0,0,0,0,0,0,0,0,0,0,0,0,0,0,0,0,0,0,0,0,0,0,0,0,0,0,0,0,0,0,0,0,0,0,0,0,0,0,0,0,0,,
NSY,NSY0331,OTPO,paerau,Hydro,Hydro,2026-08-12,0,0,0,0,0,0,0,0,0,0,0,0,0,0,0,0,0,0,0,3222,4120,4035,4023,4049,4108,3691,3612,3616,2677,1867,1354,1321,1643,1550,838,908,973,980,986,976,1751,1884,2037,2266,2305,2334,2903,2925,,
NSY,NSY0331,OTPO,paerau,Hydro,Hydro,2026-08-13,2976,3181,3618,3695,3701,3731,3766,4288,4369,4353,4637,4688,4723,4726,4752,4772,4786,4818,4832,4851,5523,5976,5997,6005,6004,6006,6009,6010,6010,6011,6011,6010,6011,6013,6014,6014,6015,6015,6016,6017,6017,6017,6017,6017,6017,6017,6017,6017,,
NSY,NSY0331,OTPO,paerau,Hydro,Hydro,2026-08-14,6017,6016,6016,6017,6015,6017,6017,6016,6017,6016,6015,6018,6017,6017,6017,6014,6014,6015,6014,6014,6014,6013,6014,6014,6013,6013,6014,6015,6013,6013,6014,6014,6025,6027,6027,6027,6028,6028,6028,6028,6029,6028,6028,6029,6029,6029,6029,6030,,
NSY,NSY0331,OTPO,paerau,Hydro,Hydro,2026-08-15,6029,6029,6028,6029,6030,6029,6029,6029,6030,6031,6029,6031,6030,6030,6030,6031,6030,6029,6029,6029,6028,6029,6028,6029,6028,6028,6030,6029,6031,6031,6032,6030,6031,6031,6030,6030,6031,6030,6030,6032,6031,6030,6030,6031,6032,6030,6031,6030,,
NSY,NSY0331,OTPO,paerau,Hydro,Hydro,2026-08-16,6032,6032,6032,6033,6032,6032,6032,6031,6031,6033,6033,6033,6033,6033,6033,6033,6035,6034,6034,6033,6032,6032,6032,6031,6031,6030,6031,6031,6030,6032,6033,6033,6033,6033,6032,6031,6032,6033,6033,6034,6034,6035,6034,6033,6034,6035,6035,6034,,
NSY,NSY0331,OTPO,paerau,Hydro,Hydro,2026-08-17,6036,6035,6036,6036,6036,6036,6036,6037,6037,6036,6036,6035,6036,6037,6035,6035,6036,6034,6036,6035,6035,6034,6035,6035,6032,6032,5957,6032,6033,6033,6031,6031,6033,6033,6032,6032,6031,6032,6033,6034,6033,6033,6034,6034,6034,6033,6034,6035,,
NSY,NSY0331,OTPO,paerau,Hydro,Hydro,2026-08-18,6033,6035,5798,5555,5534,5546,5551,5525,5542,5547,5539,5975,6040,6041,6038,6036,6035,6034,6033,6033,6032,6032,6033,6031,6032,6031,6032,6031,6031,6033,6031,6034,6036,6036,6034,6036,6034,6035,6035,6035,6036,6035,6035,6038,6038,6035,6034,6037,,
NSY,NSY0331,OTPO,paerau,Hydro,Hydro,2026-08-19,6034,6033,6034,6033,6034,6033,6034,6034,6037,6038,6038,6038,6038,6036,6038,6038,6037,6038,6039,6038,6039,6039,6038,6039,6039,6038,6038,6041,6040,6041,6042,6040,6040,6042,6041,6041,6040,6040,6040,6041,6040,6041,6041,6039,6038,6039,6039,6040,,
NSY,NSY0331,OTPO,paerau,Hydro,Hydro,2026-08-20,6039,6039,6041,6040,6040,6041,6041,6040,6041,6039,6039,6037,6036,6036,6035,6036,6036,6037,6035,6035,6034,6035,6038,6038,6039,6038,6037,6038,6039,6038,6038,6037,6037,6038,6037,6038,6037,6038,6038,6040,6039,6040,6041,6039,6040,6041,6041,6041,,
NSY,NSY0331,OTPO,paerau,Hydro,Hydro,2026-08-21,6041,6042,6041,6041,6043,6041,6042,6041,6041,6043,6042,6042,6043,6042,6042,6041,6039,6041,6040,6041,6041,6040,6041,6040,4062,2570,352,0,0,0,0,0,0,0,0,0,0,0,0,0,0,0,0,0,0,0,0,0,,
NSY,NSY0331,OTPO,paerau,Hydro,Hydro,2026-08-22,0,0,0,0,0,0,0,0,0,0,0,0,0,0,0,0,0,0,0,0,0,0,0,0,0,0,0,0,0,0,0,0,0,0,0,0,0,0,0,0,0,0,0,0,0,0,0,0,,
NSY,NSY0331,OTPO,paerau,Hydro,Hydro,2026-08-23,0,0,0,0,0,0,0,0,0,0,0,0,0,0,0,0,0,0,0,0,0,0,0,0,0,0,0,0,0,0,0,0,0,0,0,0,0,0,0,0,0,0,0,0,0,0,0,0,,
NSY,NSY0331,OTPO,paerau,Hydro,Hydro,2026-08-24,0,0,0,0,0,0,0,0,0,0,0,0,0,0,0,0,0,0,0,0,0,0,0,0,0,0,0,0,0,0,0,0,0,0,0,0,0,0,0,0,0,0,0,0,0,0,0,0,,
NSY,NSY0331,OTPO,paerau,Hydro,Hydro,2026-08-25,0,0,0,0,0,0,0,0,0,0,0,0,0,0,0,0,0,0,0,0,0,0,0,0,0,0,0,0,0,0,0,0,0,0,841,1917,2108,2105,2095,2093,2084,2102,2148,2299,2362,2394,2422,2440,,
NSY,NSY0331,OTPO,paerau,Hydro,Hydro,2026-08-26,2767,2800,2835,2846,2864,2873,2905,2914,2924,3244,3130,3149,3250,3468,3644,4721,5336,4891,4746,4466,4550,4466,4511,4479,4510,4514,4477,4493,4483,4698,4975,4979,4992,4980,4984,4997,4969,4997,4994,4992,4993,4984,4979,4981,4993,4998,4984,4957,,
NSY,NSY0331,OTPO,paerau,Hydro,Hydro,2026-08-27,5415,5545,5603,5663,5674,5783,5977,6005,6003,6016,6026,6026,6025,6028,6027,6029,6028,6030,6031,6029,6029,6031,6031,6031,6012,6032,6032,6030,6032,6031,6031,6030,6031,6033,6048,6048,6048,6048,6048,6047,6048,6047,6047,6046,6046,6046,6045,6045,,
NSY,NSY0331,OTPO,paerau,Hydro,Hydro,2026-08-28,6046,6045,6013,6028,6037,6020,6008,6027,6038,6044,6045,6055,6055,6045,6055,6055,6054,6054,6053,6053,6052,6053,6053,6053,6053,6052,6039,6051,6050,6051,6052,6052,6052,6051,6053,6051,6054,6052,6053,6053,6054,6053,6053,6054,6054,6053,6054,6054,,
NSY,NSY0331,OTPO,paerau,Hydro,Hydro,2026-08-29,6042,6052,6044,6054,6054,6038,6055,6054,6051,6040,6053,6054,6053,6052,6052,6052,6053,6052,6053,6042,6052,6052,6053,6053,6053,6052,6052,6018,5980,5962,5943,5926,5930,5929,5911,5894,5893,5907,5911,5910,5910,5910,5923,5942,5959,5980,5992,6007,,
NSY,NSY0331,OTPO,paerau,Hydro,Hydro,2026-08-30,6028,6033,6033,6035,6037,6037,6038,6039,6040,6038,6038,6038,6038,6038,6038,6035,6035,6036,6038,6038,6038,6038,6038,6037,6039,6040,6040,6040,6040,6041,6040,6039,6041,6041,6040,6039,6040,6040,6040,5729,5292,5659,5645,5643,5656,5670,5647,5675,,
NSY,NSY0331,OTPO,paerau,Hydro,Hydro,2026-08-31,5644,5639,6017,6034,6027,6033,6025,6032,6031,6032,6030,6031,6029,6029,6028,6025,6024,5977,3550,3510,3491,3453,3429,3393,3307,3287,3289,3275,3348,5128,5839,5867,5886,5910,5930,5946,5962,5976,5998,6012,6015,6015,6017,6019,6020,6020,6020,6021,,
OHA,OHA2201,MERI,ohau_a,Hydro,Hydro,2026-08-01,29319,54080,54688,30753,23050,29049,28972,27087,29929,24331,27407,26574,27129,53792,81290,80426,82153,81989,84047,83045,81466,79334,85818,82439,87896,78874,56718,55139,57080,57190,77976,66714,84606,86022,91618,112488,109174,108846,110124,111768,112346,112232,113967,115424,110464,109960,107522,106619,,
OHA,OHA2201,MERI,ohau_a,Hydro,Hydro,2026-08-02,83285,72621,58989,53282,54061,30065,27743,27457,28418,27964,52963,79315,81176,84591,83553,100633,111563,111026,110862,111103,111183,108575,109145,109538,86961,83568,81583,81689,72324,70292,82705,94343,99791,113976,107981,111518,116416,115463,119674,109809,116122,113419,112686,94484,107575,95205,97381,60588,,
OHA,OHA2201,MERI,ohau_a,Hydro,Hydro,2026-08-03,52588,55457,28896,27596,26986,25765,25013,24315,22419,22078,25912,25255,54601,62055,84046,104559,106126,111533,84500,80879,83140,86914,61108,55659,54865,54312,54819,58214,57668,56131,57378,56452,61896,75531,91292,111201,111646,114011,115025,107991,109795,108555,103926,78537,60482,55496,29994,26454,,
OHA,OHA2201,MERI,ohau_a,Hydro,Hydro,2026-08-04,27058,30174,54000,48299,31055,30623,30081,30250,30243,26036,26235,28372,63688,97897,111996,112490,116922,114466,110825,111746,122477,120236,120207,121445,120858,117160,115905,117422,115851,116950,118801,123978,119580,120336,122995,122072,124103,124970,123997,125142,124703,125190,127349,125384,88229,83724,107123,111074,,
OHA,OHA2201,MERI,ohau_a,Hydro,Hydro,2026-08-05,83655,77796,56672,56371,55685,59259,58217,56070,59433,57938,57051,79862,103833,110605,115373,117678,115628,115374,110812,109447,113481,114494,106753,110775,88068,85046,71064,79339,81543,85116,84928,85953,86050,89116,114553,121849,124917,127167,124919,126018,126196,128255,97929,95993,95807,96486,96423,96142,,
OHA,OHA2201,MERI,ohau_a,Hydro,Hydro,2026-08-06,86996,95778,94326,94531,92390,92727,96621,95799,95945,93563,92319,109024,115206,116328,118360,125143,126855,125150,124907,127793,125059,128072,127553,127813,128475,128573,128383,128547,128111,128295,128610,123368,111606,117953,120040,118316,119646,120236,122086,125636,122605,122136,121695,121836,122139,117100,116893,115682,,
OHA,OHA2201,MERI,ohau_a,Hydro,Hydro,2026-08-07,110912,108040,108887,107307,105071,104193,104697,104284,104166,105135,104751,106559,107749,111190,111805,119493,119840,110744,113527,113799,116562,118245,117721,117668,115772,118409,115096,109742,112157,110554,112546,118075,125076,123895,114072,111183,112985,114665,117352,118026,121422,120667,119935,112447,112787,109716,110104,109384,,
OHA,OHA2201,MERI,ohau_a,Hydro,Hydro,2026-08-08,106078,105381,97746,96865,95565,88755,82625,82055,81959,82484,87892,95614,108764,115095,114319,119298,128367,128691,128233,127706,128723,128157,126156,127778,128275,125661,128166,127620,128175,128583,128441,124442,119447,119396,117077,115412,113177,118454,115029,111042,108588,106911,108623,101920,79586,77634,83260,92467,,
OHA,OHA2201,MERI,ohau_a,Hydro,Hydro,2026-08-09,69612,58236,55817,54717,53951,50570,53427,50093,47125,47233,50570,54569,55152,54426,56506,71248,82795,81498,85788,84401,84691,82650,83736,81663,68995,82276,76964,82108,81802,82480,82795,79833,85022,85457,84192,83876,83832,84335,82644,83019,55862,56253,57764,54147,55387,51129,53260,29903,,
OHA,OHA2201,MERI,ohau_a,Hydro,Hydro,2026-08-10,28053,24316,23031,23177,22359,22936,21937,21123,22000,22385,21935,21635,64309,82638,109414,113325,111531,112627,94177,84609,84976,83840,85433,84011,93587,85876,88521,95284,96199,95344,96205,95853,96198,85689,112113,111631,112101,114162,114137,113475,101999,97910,97328,86683,84688,83676,107922,106543,,
OHA,OHA2201,MERI,ohau_a,Hydro,Hydro,2026-08-11,111211,111650,99260,101728,88676,99587,104979,102173,88092,82455,65986,60761,92234,94825,96167,96228,95914,96769,96481,96694,96272,96100,95733,95540,96761,95311,96397,96509,96417,96730,95788,86181,103334,110059,110318,115699,114998,106042,100391,94824,99802,93007,90687,94126,85463,83787,83337,84564,,
OHA,OHA2201,MERI,ohau_a,Hydro,Hydro,2026-08-12,85179,82593,91336,72322,83937,89856,89760,90779,93428,96051,82651,86277,91821,110775,112793,109455,89073,88500,89516,89795,87713,88406,87269,95175,95581,95234,95711,96682,94922,95823,95405,96349,96684,96571,96477,96352,96381,95876,96473,95449,95958,95816,96192,96097,95839,95869,96080,96396,,
OHA,OHA2201,MERI,ohau_a,Hydro,Hydro,2026-08-13,95968,96464,95753,94390,88022,82335,90333,84399,90710,93464,93394,95591,94851,94541,95183,96070,94488,94257,94872,96306,94723,96213,96237,96818,95837,95789,92202,93779,92632,92594,94394,93537,93109,91813,92526,95274,93274,93834,110058,115375,113190,119029,127503,127855,119040,94814,97683,93861,,
OHA,OHA2201,MERI,ohau_a,Hydro,Hydro,2026-08-14,123411,119335,126061,109800,113834,113943,102096,95077,90149,93582,87655,88584,95681,91012,93218,96250,96120,96790,97100,96928,96858,96655,96594,89570,84310,83670,92774,92620,92787,78276,64428,64153,87660,85419,84666,88732,83181,110467,112886,114762,118849,114913,107106,103944,81998,79286,80155,72586,,
OHA,OHA2201,MERI,ohau_a,Hydro,Hydro,2026-08-15,76117,82682,55823,54384,57750,55075,56349,56938,56416,45528,54288,53708,55300,53295,54299,54566,54351,55109,58073,81606,104628,112353,87755,84673,83199,84286,85660,84572,86056,86623,86168,87402,84296,88022,85164,82631,81630,83798,87165,85211,87632,86675,83845,83556,57360,55707,49362,49420,,
OHA,OHA2201,MERI,ohau_a,Hydro,Hydro,2026-08-16,55415,56177,51017,49982,51778,56106,56057,55060,55189,52975,56160,52468,54490,54442,79554,81514,85187,82417,83898,83426,83718,81609,83049,84493,81033,78294,52121,54414,51594,52243,51629,64093,80780,85104,98683,110703,111553,83764,80170,83186,81532,89276,90261,87546,77481,60859,54478,48517,,
OHA,OHA2201,MERI,ohau_a,Hydro,Hydro,2026-08-17,54870,67664,81645,85108,86692,84117,54724,52719,55202,53745,66958,83420,103996,110848,116080,121251,125062,122773,97470,97634,97675,93391,86067,84147,87950,85109,82072,84991,84286,85617,85815,84654,85634,88405,80380,120061,120051,118762,117952,116472,112248,115317,117745,113104,105309,81173,83028,83290,,
OHA,OHA2201,MERI,ohau_a,Hydro,Hydro,2026-08-18,98467,101417,107059,109055,104529,100144,79121,77924,82019,79588,79637,76622,100020,109053,111254,113554,109262,111839,105431,107262,119856,109523,109042,84540,84667,84283,55576,54286,56787,81749,80969,84514,84341,87342,109971,110866,111447,111875,116662,110381,112023,110707,115885,107478,69530,84286,82981,84330,,
OHA,OHA2201,MERI,ohau_a,Hydro,Hydro,2026-08-19,81381,83013,77797,53723,52094,51221,47935,45373,46613,46704,49989,53595,73177,83372,95781,110375,101686,87191,85914,87247,83349,82100,83203,84537,84567,84965,86501,88165,86557,87315,89292,85639,87746,88427,89738,106874,117189,114929,113665,119304,113841,116584,117302,112905,112723,111517,109802,101080,,
OHA,OHA2201,MERI,ohau_a,Hydro,Hydro,2026-08-20,98369,107871,107656,84071,86515,68586,72757,98667,98806,105160,111939,114628,114810,114126,124738,126072,126974,127682,125332,118666,111659,112002,101128,85909,83642,94083,106245,104292,102760,88081,103092,103211,103695,94883,89120,102173,111816,112580,83843,84640,84000,103911,107665,103880,87405,103506,103190,109578,,
OHA,OHA2201,MERI,ohau_a,Hydro,Hydro,2026-08-21,89345,105690,80586,92215,91192,92300,87881,84928,85721,80974,85557,84083,95282,105989,101560,103179,100844,96418,98874,101553,106127,86561,94837,93885,94515,85622,91371,95053,93662,94072,95104,95321,95487,93309,93727,95440,107800,106577,103058,83924,100707,104241,102852,101236,88310,83657,83613,82265,,
OHA,OHA2201,MERI,ohau_a,Hydro,Hydro,2026-08-22,57857,54559,57936,54485,53028,31474,27589,27538,28125,29287,56436,55924,61895,56506,54981,55022,60577,55770,29301,28068,27635,26557,27437,28685,28094,25756,26096,25519,29064,29281,27489,29216,29150,28154,26907,55726,82329,84537,79659,76843,56215,82183,84175,84012,80565,55193,28424,52967,,
OHA,OHA2201,MERI,ohau_a,Hydro,Hydro,2026-08-23,54720,52548,27429,26159,25782,23788,24072,24175,26958,24666,24518,24770,23208,22221,45989,46160,46877,54438,58655,56082,56740,56350,53587,48696,51070,49871,49103,54727,59890,29460,22220,23616,24060,24047,47403,45621,59991,82736,87687,85326,84360,83253,84005,84635,84080,57192,30362,35931,,
OHA,OHA2201,MERI,ohau_a,Hydro,Hydro,2026-08-24,34418,55109,65230,54876,48747,24578,24849,24902,24718,24523,34924,46241,52469,77412,91732,92350,92454,97850,100568,101511,101538,96481,84714,85040,84343,82437,78022,75960,67633,83382,57205,54363,57030,51577,55127,69750,76372,81862,80178,80363,83919,81540,84295,82907,83674,59308,63275,56378,,
OHA,OHA2201,MERI,ohau_a,Hydro,Hydro,2026-08-25,53673,28223,25948,27626,28632,30876,27655,30856,49509,56761,51788,52947,55417,82293,85468,87483,84178,88786,80399,76354,76274,70135,67777,76099,78709,84216,82903,88815,84629,82877,92622,90544,91176,90675,92946,89242,87781,91799,90146,85349,86921,86876,88203,85375,80183,86695,81989,58985,,
OHA,OHA2201,MERI,ohau_a,Hydro,Hydro,2026-08-26,70387,60087,55773,51049,51482,43362,29716,28693,33273,48187,51396,50277,63213,81531,88582,107950,99616,93784,95064,100083,104722,104534,94416,94086,92206,108355,100917,98580,102508,74765,74714,84120,82394,87315,94932,92078,94125,100733,87335,83183,86481,69973,90714,77840,67649,59824,56721,55689,,
OHA,OHA2201,MERI,ohau_a,Hydro,Hydro,2026-08-27,46380,61996,65014,51799,38569,60283,62958,75256,89612,68638,58154,56523,65648,82811,85957,100287,101328,95665,95273,98530,85615,93636,99423,98522,97923,84022,70267,69361,70085,72836,95319,99147,100982,98959,98686,99499,100633,98749,98327,104711,104813,111244,98065,94607,84328,59786,54535,55019,,
OHA,OHA2201,MERI,ohau_a,Hydro,Hydro,2026-08-28,52080,52682,52245,52035,52512,52561,52821,52377,52910,55238,56812,56383,57001,52248,53067,55385,83553,81534,110937,110951,101293,101642,112181,86489,89826,107601,85164,81924,69394,50801,55117,52235,55320,53357,78690,70395,56452,54780,55243,54031,52395,55673,56105,28676,58264,58575,56716,68335,,
OHA,OHA2201,MERI,ohau_a,Hydro,Hydro,2026-08-29,85319,92938,86500,93343,56398,49966,42310,53823,53886,51788,50210,50060,50270,51638,54875,56256,56364,54862,55234,56257,56507,56742,56420,55249,54085,53237,53891,53771,53227,53455,52930,53200,53486,54322,61047,54535,53076,50370,56493,58600,58444,58773,57203,55969,56461,56018,56879,55459,,
OHA,OHA2201,MERI,ohau_a,Hydro,Hydro,2026-08-30,53396,32847,38367,27304,28579,27729,27378,27471,49222,50137,48531,49298,51144,50011,48428,47700,53741,52824,56538,55765,55726,54425,55163,54123,55779,54436,55024,55908,55708,55237,55457,56177,56027,58588,57924,58017,57866,54810,57283,30406,44158,49643,51268,55556,55205,53662,52656,54208,,
OHA,OHA2201,MERI,ohau_a,Hydro,Hydro,2026-08-31,54167,53509,53191,52666,54296,54379,54703,54474,53917,53197,53572,31367,23167,28746,61625,69143,82292,84862,85583,85113,84960,58708,57318,76500,95306,94750,93365,91463,93096,90957,95204,95245,95422,95929,95970,95906,96598,95753,93301,88215,80656,92539,91843,90773,84886,84008,74047,56969,,
OHB,OHB2201,MERI,ohau_b,Hydro,Hydro,2026-08-01,50743,26894,22248,19627,18890,22103,22012,22812,22111,19723,21010,23876,23901,47108,49391,70616,74226,69719,75495,76315,73522,70995,75236,72730,76245,69287,49865,47491,49507,49471,50731,48837,58212,77821,76422,96125,99450,98890,99375,98191,96721,91886,94438,91530,95718,94172,72547,69411,,
OHB,OHB2201,MERI,ohau_b,Hydro,Hydro,2026-08-02,50946,49351,43868,46677,47200,47491,35747,22666,22962,23487,43899,45321,62042,73735,72811,89615,100768,100441,100220,77699,71937,71660,76806,75667,79799,73866,72357,72463,63035,52338,70487,85348,93740,101687,96638,99715,99063,95068,98631,102045,95451,90675,94574,99290,91199,66487,64642,44633,,
OHB,OHB2201,MERI,ohau_b,Hydro,Hydro,2026-08-03,23705,22411,22917,10400,1571,1257,18665,20442,22762,22437,23354,22771,48218,55501,77997,96678,97259,76175,75942,72688,51375,55942,53243,49578,49184,48595,45797,50029,49092,47360,49127,48114,58450,75411,77847,96588,104420,106297,106031,97244,82425,74506,74541,72015,50694,44106,24399,22975,,
OHB,OHB2201,MERI,ohau_b,Hydro,Hydro,2026-08-04,23690,25751,25586,25900,26353,26138,24522,22411,19512,23198,24099,26638,56924,84865,101712,102049,106006,104426,99961,98048,103791,99835,98530,99788,99335,98217,94560,95986,99322,96932,101880,104871,105813,105690,106433,104995,104841,104369,103454,104769,104321,105773,78962,77709,80844,80792,80884,80911,,
OHB,OHB2201,MERI,ohau_b,Hydro,Hydro,2026-08-05,75266,56583,47317,46932,46939,49709,49106,46945,49569,48246,47020,50496,81869,101426,104829,106204,101387,94513,79232,74484,95256,95274,98700,78586,56583,50169,47169,46373,65978,76131,75174,75239,74325,76118,95406,102719,106405,107915,106586,107162,105793,104120,102049,101488,97647,74197,69658,70011,,
OHB,OHB2201,MERI,ohau_b,Hydro,Hydro,2026-08-06,91710,76757,79715,79590,78055,76520,80850,80576,80538,80658,77952,91749,103616,104237,105347,105541,106908,104990,104233,107250,105827,107594,107802,107747,107724,107741,107889,107920,107933,107984,107973,107949,101917,99811,102844,104532,107367,107545,103531,95748,97148,97353,98008,97908,98278,93984,93500,92647,,
OHB,OHB2201,MERI,ohau_b,Hydro,Hydro,2026-08-07,88625,87673,81074,78099,73860,67576,67331,70617,83914,95907,86885,90599,100065,96279,100299,104758,106820,100411,89037,80095,93805,97964,98730,102278,103657,102214,97394,85462,77956,93811,100259,100656,103240,102042,100894,97981,99272,100230,100124,97105,97687,99613,99066,90307,90311,86850,85700,85132,,
OHB,OHB2201,MERI,ohau_b,Hydro,Hydro,2026-08-08,82696,80497,77630,74717,72759,68051,67384,67119,67059,67112,68920,76867,96332,105347,104110,105757,107521,107517,107603,107634,107675,107652,107652,107686,107665,107563,107644,107648,107612,107642,107642,107658,103458,95904,97165,103505,102229,97067,92170,77891,72013,67773,70573,63338,64274,61387,69479,70385,,
OHB,OHB2201,MERI,ohau_b,Hydro,Hydro,2026-08-09,67407,51094,46904,41521,43012,50730,46454,32584,30182,32787,27595,23981,46915,49054,50283,63343,74172,72927,76057,74060,74636,72646,72757,70759,57433,47778,46235,48655,73417,73699,74745,72123,75569,75833,74838,74112,73637,70701,70223,56331,46534,48414,48562,46375,47698,40136,22294,25566,,
OHB,OHB2201,MERI,ohau_b,Hydro,Hydro,2026-08-10,26218,21675,18802,17774,17257,17767,16683,14706,15977,16965,21255,34249,72652,80279,80667,80706,80775,80817,80868,80837,80752,80705,80660,80572,80544,73405,72255,80072,80530,80527,80522,80533,80533,80522,80496,80574,80611,80658,80698,80758,80808,80816,80813,80804,80745,80683,80669,72177,,
OHB,OHB2201,MERI,ohau_b,Hydro,Hydro,2026-08-11,63100,68403,81013,80915,80958,80918,80936,80960,80899,79377,75413,57000,80570,80707,80722,80794,80765,80786,80779,80785,80792,80812,80802,80807,80810,80817,80822,80830,80827,80839,80835,80837,80784,80841,80859,80896,80979,81060,81048,81068,81057,81047,81010,81002,80943,80893,80830,80777,,
OHB,OHB2201,MERI,ohau_b,Hydro,Hydro,2026-08-12,80720,80666,78517,68849,66671,64734,73790,75046,76481,76636,80634,80498,80511,80502,80575,80595,80610,80521,80497,80455,80422,80399,80337,80276,80331,78573,74208,79754,79792,78934,73379,69604,64143,69267,70274,69063,67889,80333,98699,100825,101191,101286,81237,69955,69988,70302,70780,71653,,
OHB,OHB2201,MERI,ohau_b,Hydro,Hydro,2026-08-13,70877,71393,72110,70796,68222,66393,72736,67423,74669,78685,78873,81595,80556,80431,97185,98376,94618,94083,90373,95205,77941,78974,79045,77113,76548,76933,76614,76785,78063,69977,63919,76499,66225,77731,81273,84911,84891,85330,106065,107403,107055,107176,107180,102672,91321,72722,67506,61931,,
OHB,OHB2201,MERI,ohau_b,Hydro,Hydro,2026-08-14,92652,85903,94243,78935,79243,86598,81762,76643,72891,82690,72238,71284,77164,73984,80439,99417,100480,86785,84578,84142,84275,84082,84194,72457,52900,50126,74979,77131,72057,64226,54154,52028,72793,75179,74480,80136,96366,102686,101468,102132,97904,99156,96096,93353,80850,52605,45959,46638,,
OHB,OHB2201,MERI,ohau_b,Hydro,Hydro,2026-08-15,47324,47720,51414,47109,50651,51442,49973,49048,49022,24866,23962,48000,49370,49752,49746,49979,49769,50092,52880,70962,76140,76434,77778,75974,74584,75756,74463,72007,71286,72336,72323,74195,73272,76310,73336,71246,70067,71822,74836,72421,75384,73846,71058,70078,48606,43366,39940,32289,,
OHB,OHB2201,MERI,ohau_b,Hydro,Hydro,2026-08-16,41383,32448,31993,32011,42534,49348,48850,48041,46809,22011,25113,43757,50600,48616,71831,73060,76065,73383,73190,73479,73233,70996,52055,48185,47532,73492,54695,48696,45907,46684,46460,71414,71861,74888,75505,74239,75431,74807,73022,76369,73708,74451,69365,64881,69275,52528,48887,41550,,
OHB,OHB2201,MERI,ohau_b,Hydro,Hydro,2026-08-17,46728,61320,67474,64279,62294,62065,48281,47421,48997,47531,63268,73751,82850,100144,101889,105745,105570,102544,88496,89075,75229,81964,74027,67193,71570,68611,69114,72076,70958,72263,72525,70712,71566,74025,100428,101682,99523,96862,96075,94487,89756,92918,95560,91275,83338,72411,74067,48179,,
OHB,OHB2201,MERI,ohau_b,Hydro,Hydro,2026-08-18,65888,67639,71452,73727,68006,68018,70256,68454,71360,70971,68345,61111,79685,94305,100534,103042,99093,100643,96511,96655,99110,87757,72851,69110,52704,51994,46960,46432,48047,48655,45166,73154,76213,76558,100072,100163,100051,100375,106568,100969,100248,91326,93632,80348,60290,71705,66935,51824,,
OHB,OHB2201,MERI,ohau_b,Hydro,Hydro,2026-08-19,47563,49466,49240,45945,45701,44520,50911,49733,50488,50728,52331,48825,61389,71505,82113,88707,78646,73509,72235,73310,70468,69565,70741,70783,70452,70597,72173,73315,72041,72430,74635,71131,72196,72581,75244,86722,96970,94021,93720,97969,92131,94427,95365,75123,95909,91819,90455,75050,,
OHB,OHB2201,MERI,ohau_b,Hydro,Hydro,2026-08-20,78224,85118,85337,76373,75646,76938,76026,70313,76024,83515,98745,85749,87041,101622,106144,106011,106622,105577,81675,80561,80670,80675,80736,80876,80822,80739,80783,80804,80836,80852,80779,80799,80782,79867,78757,80456,80675,80651,80511,80110,77930,80000,80732,80732,80766,80736,80643,80662,,
OHB,OHB2201,MERI,ohau_b,Hydro,Hydro,2026-08-21,77211,78559,72553,77127,75637,77696,74264,71938,76749,72309,71732,70474,77731,76508,80626,80667,80711,80723,80480,80045,78402,76910,77517,76924,77183,79883,76203,77508,76887,77118,77572,77741,78079,76470,76850,77574,80014,80340,80088,80364,80442,80516,80754,80515,80600,80567,80409,80315,,
OHB,OHB2201,MERI,ohau_b,Hydro,Hydro,2026-08-22,51377,45313,47177,44036,16554,20153,21424,21088,21400,23005,23383,23189,49772,49463,51234,49434,51341,49238,49390,53281,27203,24336,25982,47262,28893,25933,21953,23046,23389,24086,22705,23090,24125,39902,49374,47696,47753,68878,65903,61181,72826,51788,69101,54553,50803,47433,50565,29108,,
OHB,OHB2201,MERI,ohau_b,Hydro,Hydro,2026-08-23,24802,19842,23197,23091,20999,19287,19087,19150,20795,20932,19694,23270,22988,23719,49323,52732,53943,47823,49982,48623,48223,48042,45890,36756,47412,48772,45041,33748,24866,23364,18242,17630,17662,17725,49570,52537,71180,71366,75588,72048,70721,69640,70404,75574,49650,45778,24763,24952,,
OHB,OHB2201,MERI,ohau_b,Hydro,Hydro,2026-08-24,31378,34504,34795,22887,22687,17828,19913,20488,23531,25657,37712,52129,54943,78055,81524,81467,81433,81434,81483,81544,81516,80635,74641,73763,72243,72675,69934,49794,49214,48185,47952,47917,50227,45697,52851,69542,76247,71822,67701,71182,75111,69141,70987,67961,50055,46182,40648,26586,,
OHB,OHB2201,MERI,ohau_b,Hydro,Hydro,2026-08-25,45579,27153,22219,24686,24503,26298,22971,26208,26119,26120,23129,41596,48124,69723,73982,73579,72433,78702,77815,72901,79088,78078,72927,74585,72248,74059,75353,57252,58422,76112,77480,78802,76952,74343,76170,74402,73068,75970,74762,78874,71290,70586,72429,75662,73203,69936,51661,24687,,
OHB,OHB2201,MERI,ohau_b,Hydro,Hydro,2026-08-26,37187,51682,47689,44687,49796,29460,23629,23927,25015,25899,51411,53381,57635,70333,78374,80532,80748,77127,76685,79691,77794,80024,76395,77468,78770,80283,78244,76922,79246,74157,77217,72194,72763,69410,76599,78107,80764,80197,73432,73464,74463,75447,79981,49536,48580,47493,47194,50896,,
OHB,OHB2201,MERI,ohau_b,Hydro,Hydro,2026-08-27,53785,53668,53828,54203,36295,48880,48242,54113,76372,53877,35985,48478,57733,70809,73882,80390,81049,78900,74475,75241,73206,75893,77991,75752,74299,75450,77073,76672,71821,74430,79689,80883,81011,80444,78646,80471,80329,80926,76074,75868,71635,72227,76656,70819,74169,58967,46967,44845,,
OHB,OHB2201,MERI,ohau_b,Hydro,Hydro,2026-08-28,45685,44385,44012,43815,44202,44225,44452,44063,44505,47990,50023,49685,50392,46307,46839,71128,76421,75940,76350,75601,76471,77875,75444,75254,74976,77168,79222,73372,68214,72136,71895,68948,71044,68688,55709,38029,43588,45547,46291,45275,43034,46704,47090,47479,62455,50948,35349,48203,,
OHB,OHB2201,MERI,ohau_b,Hydro,Hydro,2026-08-29,67486,78711,79710,78247,43973,34392,15360,34221,24013,32319,44308,45104,45239,53335,70792,57502,62584,55645,47304,50105,49889,50016,46022,44715,43658,43149,43596,43582,43457,43651,43589,43804,43278,43927,42914,43839,43889,42185,47628,49763,49750,49782,48051,47097,47464,47059,47915,46648,,
OHB,OHB2201,MERI,ohau_b,Hydro,Hydro,2026-08-30,23110,22503,22273,23333,25566,25320,24006,22867,20152,37953,46113,46300,46246,46169,47101,46643,47596,46560,49263,48940,48128,47617,48336,47183,48592,47391,47897,48359,48065,47640,47871,48568,47083,48921,25921,24394,33893,35894,23533,24779,46924,53390,49600,49764,48846,47826,46719,48910,,
OHB,OHB2201,MERI,ohau_b,Hydro,Hydro,2026-08-31,49546,48819,48281,47313,46958,45848,45939,45505,45303,44428,44955,46445,18917,17613,50167,76027,65784,76022,77227,76851,77027,76811,77691,77170,72079,72023,75861,75705,76953,75546,80894,81017,80855,81084,81184,81068,81231,79876,78279,77103,76754,77666,77168,77247,76713,76966,52182,49270,,
OHC,OHC2201,MERI,ohau_c,Hydro,Hydro,2026-08-01,50820,26203,21615,19090,19132,22384,22687,22041,21988,19652,21689,23181,23654,47287,48604,70759,73981,69970,74648,74634,72912,70619,74884,72054,76104,68722,48984,46844,49254,49175,50462,48431,58075,77662,76691,93930,98136,98782,98386,98109,96254,91190,93895,90621,95448,93443,71904,69115,,
OHC,OHC2201,MERI,ohau_c,Hydro,Hydro,2026-08-02,49756,48776,43561,47052,46334,47523,34712,22535,22740,23408,44791,44989,61901,73770,72511,89376,100175,99979,98485,76171,70897,70793,76250,74859,79094,73345,71752,71857,62939,51526,70954,85287,92764,101042,95472,99441,98432,92980,96874,101653,95220,90071,93927,98450,89544,66349,64511,44868,,
OHC,OHC2201,MERI,ohau_c,Hydro,Hydro,2026-08-03,22747,21685,22322,10504,2547,2273,17769,20514,22471,21751,23018,22388,48121,55530,78030,96327,96007,74476,74493,71980,50385,55393,52626,49071,48519,48241,45495,49647,48438,46692,49095,47722,58219,75270,76905,96303,103116,105109,104942,96831,81969,73993,74365,71588,49433,43498,23522,21951,,
OHC,OHC2201,MERI,ohau_c,Hydro,Hydro,2026-08-04,23265,25551,25326,25498,26002,25904,24362,22138,18996,23856,23971,26217,56954,84627,100736,102007,105714,102462,98805,97773,101990,99548,97874,99510,98395,97790,94182,95351,97944,95202,101762,103863,104099,104514,105728,104382,104154,103784,102303,105055,103801,105255,77393,78385,79988,80865,80674,80513,,
OHC,OHC2201,MERI,ohau_c,Hydro,Hydro,2026-08-05,74210,56913,47729,48220,47306,49711,48948,45837,49152,48110,46884,50683,81898,101059,103952,105593,101263,93763,78264,72888,95158,95261,97676,77981,56164,49762,46589,45574,65783,75879,74022,75132,73907,75358,94736,102046,105161,107255,105014,106366,104755,103342,101338,99827,97123,74245,69502,69410,,
OHC,OHC2201,MERI,ohau_c,Hydro,Hydro,2026-08-06,92088,76196,79402,79662,76766,77492,80043,80725,80111,80384,77783,91873,103191,103842,104162,104497,106913,104045,103728,107822,104392,107804,106188,106606,107044,107007,107361,107569,107098,107620,107349,106733,101038,100506,102799,104454,106556,106937,102751,97221,96651,96800,98240,97179,97916,93813,93280,92805,,
OHC,OHC2201,MERI,ohau_c,Hydro,Hydro,2026-08-07,88130,87439,81051,77392,73847,67072,67386,70511,84064,95387,85728,90508,99685,96303,99580,104605,105714,100245,89088,79912,92803,96717,98008,102333,103544,102344,96833,84504,76840,94153,100067,100751,102432,102113,100617,97535,98715,99877,99549,97139,97795,99200,98616,90168,90290,86857,85603,85422,,
OHC,OHC2201,MERI,ohau_c,Hydro,Hydro,2026-08-08,83165,80472,77601,74831,72697,67885,67553,66767,66945,67285,68811,76776,96376,105004,103747,104695,107246,106922,107222,107366,107814,106811,106321,108683,107096,106454,107761,107375,106965,107212,108145,107427,102204,95802,96810,102971,102172,96556,91838,77827,71811,67569,70479,63245,64518,61116,69454,70305,,
OHC,OHC2201,MERI,ohau_c,Hydro,Hydro,2026-08-09,67346,50954,46628,41257,42920,50173,46049,32028,29745,32567,26905,23428,47067,49153,50301,63249,74272,72529,76056,73503,74288,72323,72541,70634,57197,47369,45631,48494,73464,72988,74355,71647,75049,75259,74542,73718,72856,69528,69529,55710,46634,48000,48056,46262,47536,39997,22964,25169,,
OHC,OHC2201,MERI,ohau_c,Hydro,Hydro,2026-08-10,26273,22067,18604,17724,17893,17553,16379,14482,16350,16871,21262,34012,72491,81074,81075,80293,80560,80973,80311,80528,80987,80058,80672,80779,80474,71790,73717,80436,81291,80302,80510,80544,80970,80235,80893,80599,80420,81154,80382,80643,80694,80748,80677,81081,80709,80310,80863,69177,,
OHC,OHC2201,MERI,ohau_c,Hydro,Hydro,2026-08-11,67380,69630,79423,79926,80817,81017,80610,80599,79842,80011,75224,56209,80568,80839,80701,80828,80255,80984,80146,81175,80580,80547,80672,81000,80682,79993,81825,80449,80570,80813,81311,79691,80970,80389,81453,80669,80552,80805,81316,79877,81674,80625,80812,81188,80125,81148,80679,80994,,
OHC,OHC2201,MERI,ohau_c,Hydro,Hydro,2026-08-12,81042,79797,79292,69094,67049,64247,74019,75626,76554,77180,79498,81008,80584,80737,80447,80910,80570,81079,79911,80729,80324,80842,80322,80963,80296,80278,78530,80618,79661,80794,71285,66610,63510,68097,69294,69394,68024,79669,98804,99343,101068,100720,81016,69588,70425,70480,70484,71773,,
OHC,OHC2201,MERI,ohau_c,Hydro,Hydro,2026-08-13,70691,70962,71982,70691,68178,66541,72272,67264,74592,78276,78561,81205,80035,80701,97118,98488,93451,93633,90469,95476,76990,79448,79050,77334,76537,77080,76496,76798,78187,69791,63415,76504,66227,77609,81363,84721,84548,85187,105902,107059,106994,106454,106978,101859,92150,71801,68104,61657,,
OHC,OHC2201,MERI,ohau_c,Hydro,Hydro,2026-08-14,92797,85335,94417,78673,79068,86830,81712,76082,72739,82518,71717,71229,76450,73524,80240,99318,98574,86628,85707,84762,82040,83383,84676,71386,52479,49900,75527,76684,71469,63425,54030,51633,72689,74906,73648,80113,95483,102552,100961,101232,97490,98487,95681,93261,80418,51690,46043,46951,,
OHC,OHC2201,MERI,ohau_c,Hydro,Hydro,2026-08-15,47457,47723,51248,47252,50453,51087,49771,48734,49161,24454,23738,48117,49181,49049,49618,49817,49359,50002,52605,71382,74736,76193,77323,75543,73910,75463,73686,71872,71041,72165,71777,74112,73043,75465,73215,71072,68954,71923,74567,71901,75232,73314,70899,69897,47544,43046,39931,31858,,
OHC,OHC2201,MERI,ohau_c,Hydro,Hydro,2026-08-16,41671,31864,31644,31604,42489,48837,48588,47795,46588,21672,24631,43655,50400,48391,71849,72787,75095,72937,71976,73385,72935,70636,51282,47561,47469,73560,52607,47830,45410,46529,46177,71590,71445,74784,75332,73957,74361,74077,72111,76227,72823,74004,68912,64077,68892,52283,47906,41287,,
OHC,OHC2201,MERI,ohau_c,Hydro,Hydro,2026-08-17,46577,61050,66370,64132,61971,61430,47064,47940,48539,47190,62955,73703,82570,99653,101200,103710,104828,101978,88281,89583,74192,81682,73591,65332,71321,68001,68721,72003,70492,72158,72208,70622,71297,73736,100633,101219,98536,96637,95958,94239,89739,92863,95658,90976,83082,71577,73823,47153,,
OHC,OHC2201,MERI,ohau_c,Hydro,Hydro,2026-08-18,66531,67132,71312,73432,67025,66833,70240,68050,71050,71057,67766,60545,79682,93555,99698,102558,97772,98915,95839,96430,97878,87198,72295,68859,51879,51965,46659,46157,47583,48185,44699,73000,75246,76450,99902,99044,99386,100009,105966,100053,99518,91101,93059,79940,59907,71461,65935,51192,,
OHC,OHC2201,MERI,ohau_c,Hydro,Hydro,2026-08-19,47215,48664,48620,44711,44730,44070,50512,49478,49857,50211,51721,48624,61174,71140,81896,87638,77512,72943,71548,72109,70155,69203,70405,69931,70437,70163,71418,73801,72074,72147,74331,71936,73804,72589,75606,85714,97128,93243,93606,97871,91854,94266,95526,74058,95883,91602,90310,74714,,
OHC,OHC2201,MERI,ohau_c,Hydro,Hydro,2026-08-20,77323,84841,84403,76497,75312,76680,76005,69915,77145,84781,98673,84896,86371,101554,105312,105574,106125,105016,81271,81016,79283,80267,80734,80073,80385,80772,79795,80702,80434,80080,80876,80661,80096,79496,78340,80343,79781,80334,79974,79729,77169,80228,80220,80268,80685,80200,80457,80485,,
OHC,OHC2201,MERI,ohau_c,Hydro,Hydro,2026-08-21,75374,78857,72693,76829,75123,77134,74039,70916,76793,71723,71716,69970,77436,75855,79949,79704,80198,80236,80160,79537,76538,76443,76915,75871,76930,79927,75951,78379,76438,76622,77076,77566,77684,76098,75868,77064,80033,79325,79683,80047,80265,79993,79940,80073,80509,79876,79985,80242,,
OHC,OHC2201,MERI,ohau_c,Hydro,Hydro,2026-08-22,50521,44852,46806,43643,15627,19765,21145,20703,21350,22503,23160,22757,49341,48939,50706,49081,50456,48869,48722,52838,26102,23329,26193,46592,27800,25652,21776,22890,23555,23661,22539,22792,23765,39993,49102,47126,47234,68571,64743,60346,72479,50769,69096,53526,50324,46781,50393,27611,,
OHC,OHC2201,MERI,ohau_c,Hydro,Hydro,2026-08-23,24670,19336,22890,23161,20664,19126,19209,18837,21020,20801,19550,23147,22816,23711,49336,52172,52288,46801,49514,47859,47623,46820,46015,35726,46988,48195,44783,33239,24532,22555,17917,17297,17757,17526,49748,51665,71090,70614,74515,71334,69578,68719,70258,74593,48946,44435,24444,24472,,
OHC,OHC2201,MERI,ohau_c,Hydro,Hydro,2026-08-24,31341,33163,34709,22550,22153,17159,19903,20121,23376,25456,37443,51763,54141,77875,80454,79386,80503,80686,80610,80627,80746,78795,73551,73933,72366,72674,69716,51434,49073,47746,47591,46524,49739,45354,52419,69905,75083,71145,67105,70904,74609,68299,70747,67637,49705,45170,40518,25976,,
OHC,OHC2201,MERI,ohau_c,Hydro,Hydro,2026-08-25,45927,26891,21680,25024,24573,26176,22628,26149,25924,25958,22976,41637,48455,73402,77936,75180,70859,81296,79248,75280,81336,79620,76239,77282,76910,73148,77713,59274,59763,75529,77069,78008,76465,74009,75711,72359,73055,75446,74075,78372,70426,70383,71910,75330,72566,69306,50787,24338,,
OHC,OHC2201,MERI,ohau_c,Hydro,Hydro,2026-08-26,37036,51755,47592,44634,49383,29445,23091,22972,24979,25692,51325,52994,56674,70382,77278,80284,80247,79972,78551,81246,79849,81474,77930,80056,79207,81493,80102,77887,80686,74844,76080,70927,73305,73346,79265,77921,80080,79748,73088,72440,73916,74717,79508,48266,48314,46801,47302,50741,,
OHC,OHC2201,MERI,ohau_c,Hydro,Hydro,2026-08-27,53300,53539,53724,53607,35747,49023,48587,54110,76152,53560,35381,48091,57431,70435,73500,79703,80008,81214,78846,78189,73054,75072,76506,74659,72638,74786,76401,76074,70235,74081,79331,79801,80338,79924,79719,79796,79204,80004,75201,75298,70891,71374,76291,70414,73894,58866,45398,44338,,
OHC,OHC2201,MERI,ohau_c,Hydro,Hydro,2026-08-28,45565,43532,43929,43917,43868,44275,44102,43550,44321,47925,49352,49231,50346,46209,43877,70810,75844,75181,75017,74423,75597,77675,74575,73520,73450,75086,77971,72199,66482,71151,70810,68308,69729,67739,55514,36925,42958,45526,45862,45019,42549,46510,46620,46960,62895,50351,34969,48586,,
OHC,OHC2201,MERI,ohau_c,Hydro,Hydro,2026-08-29,67881,78129,78826,77829,43109,33341,12046,33763,23526,31845,43893,44270,44605,52775,70665,56442,62025,55308,46312,49045,49471,49243,45594,44360,43322,42783,42787,43246,43194,43159,43224,43226,42769,43427,42392,43484,43399,41792,47344,48966,49081,49271,47968,46547,46427,47112,47721,46101,,
OHC,OHC2201,MERI,ohau_c,Hydro,Hydro,2026-08-30,22437,22714,22491,22730,25493,25340,23709,22831,20072,37983,44858,46448,45706,45638,46669,45956,47382,46032,49033,48282,46754,47563,47926,46289,48377,46424,47460,48094,47192,47005,47119,48138,46872,48466,25823,23426,33289,35878,22978,24569,46365,52365,48019,49516,47883,47344,46322,47480,,
OHC,OHC2201,MERI,ohau_c,Hydro,Hydro,2026-08-31,49075,47450,48136,46519,46534,45186,44876,44795,45131,43564,44489,46426,17565,17271,49640,74674,63764,74965,75397,74877,76287,75977,76513,75353,71575,71228,73864,74474,76270,73711,80647,79035,79368,80443,79769,79837,80066,78031,78356,76272,75059,76346,76624,75684,75730,76131,51112,48027,,
OHG,OHG1101,CNIR,patea_unit_1,HYD,HYD,2026-08-01,16086,16033,16062,16054,16030,16013,16010,15996,16036,16033,16042,16057,16098,16092,16076,16073,16070,16075,16057,16052,16048,16023,16050,16063,16081,16086,16075,16075,16070,16066,16059,16053,16065,16062,16052,16026,16032,16045,16038,16030,16024,16036,16044,16038,16030,16027,16022,16025,,
OHG,OHG1101,CNIR,patea_unit_1,HYD,HYD,2026-08-02,16027,16024,16021,16016,16021,16018,16021,16024,16018,16019,16013,16013,16013,16008,16002,15992,15992,15984,15982,15232,15298,12750,15516,14679,12234,6791,7480,6337,5480,4518,8101,9473,10796,10204,11482,12941,13725,13736,13287,13204,13222,13232,14524,13586,11221,9545,8936,8297,,
OHG,OHG1101,CNIR,patea_unit_1,HYD,HYD,2026-08-03,5229,5936,4489,2200,782,2952,1515,2454,3422,4293,5518,4798,8259,10330,11887,13843,7974,4074,2483,1851,1910,2413,1859,1876,1889,4846,4902,4380,4888,4877,3383,6551,8341,10377,11112,9720,9787,11104,9711,9283,8540,9107,9715,8806,5041,4472,4475,4456,,
OHG,OHG1101,CNIR,patea_unit_1,HYD,HYD,2026-08-04,2061,1491,4398,2645,3914,4452,4454,4449,4458,1519,3404,3476,5145,6660,9218,9640,9362,7703,5407,13484,13773,13767,13768,13807,13779,13766,13806,13786,13788,13808,14184,15698,15328,14278,13929,14825,15978,15963,15890,15932,15953,15947,15941,14193,13804,13789,13788,13788,,
OHG,OHG1101,CNIR,patea_unit_1,HYD,HYD,2026-08-05,13758,13739,13772,13763,13557,13150,13186,13179,13203,13192,13220,13236,13227,13232,14666,15610,14241,13800,13773,13732,13729,13741,13725,13732,13740,13727,12581,12051,13696,11345,13708,13724,12306,6638,7465,12022,15253,15885,15847,15824,15219,15695,15806,14749,11491,13976,13634,10404,,
OHG,OHG1101,CNIR,patea_unit_1,HYD,HYD,2026-08-06,9270,9149,8859,8830,8842,8853,8836,8848,8861,8861,7759,9175,12146,10956,13521,15819,13617,13178,13612,12319,11062,9929,11695,11747,5936,4435,7544,4432,4431,2109,5435,13683,13184,13424,10215,15196,15638,15716,15664,15688,15676,15670,15661,15657,15651,14849,12848,9347,,
OHG,OHG1101,CNIR,patea_unit_1,HYD,HYD,2026-08-07,9373,9360,9372,9386,9351,9343,9350,9328,9375,9383,7445,10793,11800,10932,12265,13855,13090,11000,5472,5046,9395,12249,12132,12168,8003,4433,5147,4448,4457,5134,7410,12525,13781,13237,12450,13753,13771,13795,12317,7442,5494,5364,10304,5383,4873,2065,3197,3394,,
OHG,OHG1101,CNIR,patea_unit_1,HYD,HYD,2026-08-08,5632,3959,3088,113,254,255,255,254,253,254,255,255,2559,3463,2948,5007,4592,4480,4454,1955,1448,1618,2487,1453,5356,4451,6173,5986,5348,5253,8237,8870,6062,7088,5729,8550,10137,7912,6530,4953,4863,4492,4922,4639,6494,4223,4303,7212,,
OHG,OHG1101,CNIR,patea_unit_1,HYD,HYD,2026-08-09,4979,2479,1883,0,0,0,174,419,432,425,430,444,1434,1429,1449,111,255,256,3286,4438,4443,1774,246,257,1158,1469,1468,129,258,257,258,1385,1261,2471,492,1395,1456,1454,1456,1455,1455,1458,1470,227,257,257,256,256,,
OHG,OHG1101,CNIR,patea_unit_1,HYD,HYD,2026-08-10,1396,1461,1448,71,0,0,404,419,185,0,450,1043,2971,2435,3614,4524,1248,2081,1698,1636,371,238,258,628,1473,1456,1466,127,259,258,259,259,1832,8564,3241,9169,11624,9931,8725,9310,11973,8877,13124,11168,5694,7947,8710,8178,,
OHG,OHG1101,CNIR,patea_unit_1,HYD,HYD,2026-08-11,7380,5477,4779,4441,4456,4455,4450,4438,4421,1501,1500,2321,7849,5774,11041,14050,14070,11292,2280,1860,1854,1530,1893,1544,9533,5389,1884,861,787,6935,9694,13567,13402,12506,11809,10142,13745,9370,7374,7156,3177,2883,4567,1041,3349,2408,2537,1312,,
OHG,OHG1101,CNIR,patea_unit_1,HYD,HYD,2026-08-12,4337,2987,2681,478,446,446,854,774,1450,902,479,551,2460,5633,11015,13853,13846,13826,13119,11440,11678,6084,11710,2331,5651,3990,3582,2037,4257,4430,4655,7762,8469,10404,7762,13767,13833,13824,13284,10146,8036,4555,5287,3686,4227,4470,4427,3171,,
OHG,OHG1101,CNIR,patea_unit_1,HYD,HYD,2026-08-13,1414,1425,2451,147,253,253,253,255,255,255,255,255,1381,1450,3084,4704,3006,902,452,890,951,618,2040,2659,1423,1431,2396,1478,2470,1492,1631,3197,5472,5815,5079,6817,9308,8710,4135,4125,3958,911,2799,3466,3874,4415,2483,450,,
OHG,OHG1101,CNIR,patea_unit_1,HYD,HYD,2026-08-14,1916,1481,1466,125,290,441,430,429,70,365,452,1105,1691,1755,1695,503,120,260,259,261,400,458,177,259,1408,1480,1473,257,255,260,261,260,259,261,261,260,1304,1473,1472,508,483,135,260,261,260,275,236,259,,
OHG,OHG1101,CNIR,patea_unit_1,HYD,HYD,2026-08-15,1348,1457,1460,9,148,425,432,428,440,441,442,455,1415,1462,1460,158,261,261,260,261,261,261,262,261,1336,1443,1442,382,164,261,261,260,261,260,261,260,1072,1446,1452,127,261,260,260,260,257,257,258,259,,
OHG,OHG1101,CNIR,patea_unit_1,HYD,HYD,2026-08-16,1344,1465,1477,117,259,259,259,259,258,259,259,260,1282,1451,1450,123,260,260,259,261,260,262,262,262,1391,1438,1447,110,262,262,262,262,3967,6381,6665,8404,8893,5211,5264,6563,7771,8003,9356,9960,6854,4513,5992,4440,,
OHG,OHG1101,CNIR,patea_unit_1,HYD,HYD,2026-08-17,4443,8760,8834,8842,8843,8835,8844,8801,8165,8842,12568,12434,10978,11005,9484,13825,13141,11551,8068,7248,7635,9229,8228,8502,1805,2227,1939,485,442,462,916,6380,1185,9305,8486,11872,4025,3377,2754,2556,4555,7914,9913,10041,9801,11032,9991,11482,,
OHG,OHG1101,CNIR,patea_unit_1,HYD,HYD,2026-08-18,11620,9399,9395,6651,4628,4387,4416,4410,4416,4389,4612,4553,2352,1506,2395,2458,2219,1547,2563,1863,1296,6563,4085,2435,1456,2970,6113,7240,4922,8484,8842,8860,8847,9252,10901,12441,10514,12256,9457,9406,9454,9016,9090,9657,7397,6885,6323,7217,,
OHG,OHG1101,CNIR,patea_unit_1,HYD,HYD,2026-08-19,8820,8900,8884,8878,8888,8896,8882,8904,9399,10869,12340,10787,10980,10971,13157,13854,9228,1487,1460,1463,1954,2716,1952,1927,5645,4890,1460,5442,5359,11029,12076,13748,13742,13720,7478,11630,13778,13788,13802,13817,13813,13819,13821,10652,10274,10913,9214,9266,,
OHG,OHG1101,CNIR,patea_unit_1,HYD,HYD,2026-08-20,10709,13587,13723,13701,13708,13726,13732,13737,13732,13719,13713,12247,13218,13601,13708,13743,3018,6985,13608,12860,7413,3009,7471,7052,8303,6570,6203,1334,961,949,4939,9099,13771,11906,9513,11740,13744,13740,13777,11973,10008,11787,10870,11804,9719,10679,10931,11814,,
OHG,OHG1101,CNIR,patea_unit_1,HYD,HYD,2026-08-21,13478,13712,13745,13724,13715,9033,8853,8859,8858,8836,8277,9371,10982,8941,7402,9994,9965,7429,4498,2207,1892,2245,2570,3956,4792,5597,4206,1535,1056,1524,1529,1525,1506,1483,1492,1518,1479,1478,1483,359,253,254,252,254,254,254,255,256,,
OHG,OHG1101,CNIR,patea_unit_1,HYD,HYD,2026-08-22,1373,1455,1456,479,452,451,1443,1454,1475,1465,1479,1492,1484,1477,1492,143,257,256,256,256,257,256,255,257,1184,1436,1450,174,257,257,258,257,258,257,257,257,1207,1461,1467,126,257,257,255,255,255,255,255,255,,
OHG,OHG1101,CNIR,patea_unit_1,HYD,HYD,2026-08-23,1387,1436,1450,452,434,436,430,437,446,442,452,446,1416,1448,1465,147,257,252,253,254,258,258,258,257,1290,1418,1424,112,259,257,259,259,260,260,622,2211,4432,2459,2724,1782,143,259,2208,483,112,260,260,259,,
OHG,OHG1101,CNIR,patea_unit_1,HYD,HYD,2026-08-24,2541,4409,4418,4423,4420,4420,3802,4413,4417,4551,6106,5080,8766,9614,12357,13815,9902,768,1486,620,942,480,1395,851,1477,1480,1457,163,260,261,261,262,483,977,1263,1751,2762,2739,2541,1910,1477,961,3191,1441,2568,1138,151,258,,
OHG,OHG1101,CNIR,patea_unit_1,HYD,HYD,2026-08-25,1467,1479,1483,476,468,470,469,463,460,470,1484,717,2418,3140,6478,10303,1134,1594,1882,1011,472,434,475,466,1449,1450,1460,503,410,170,263,597,1028,1004,1792,2126,3015,2388,2634,1775,1008,1021,1439,1907,1237,475,482,479,,
OHG,OHG1101,CNIR,patea_unit_1,HYD,HYD,2026-08-26,1446,1462,1466,464,460,479,478,469,474,481,476,419,1713,1650,2054,1590,1943,1724,1451,1444,145,260,3937,3797,3001,1479,2947,2456,3689,4454,4457,4459,4647,4757,4979,5738,6202,6159,5394,2670,1492,2167,6128,6496,5254,3300,2753,1474,,
OHG,OHG1101,CNIR,patea_unit_1,HYD,HYD,2026-08-27,3039,3898,1960,2432,3427,4424,4431,4425,4436,4442,4701,4925,14853,16085,16008,15972,15953,15938,15928,15924,15913,15908,15903,15897,15891,15882,15875,15866,15860,15856,15850,15843,15836,15828,15824,15819,15815,15804,15800,15791,15788,15780,15772,15767,8666,5230,3582,1806,,
OHG,OHG1101,CNIR,patea_unit_1,HYD,HYD,2026-08-28,1997,1451,1428,38,424,429,425,421,435,436,433,1006,2970,3490,3475,875,950,775,881,1128,979,976,979,566,1585,1924,1988,1077,1004,1042,693,449,514,631,1056,1071,1879,1518,1538,539,489,495,495,494,500,486,478,473,,
OHG,OHG1101,CNIR,patea_unit_1,HYD,HYD,2026-08-29,470,471,462,449,446,441,429,424,428,430,430,449,1426,1459,1457,1463,1470,1475,1833,1874,1870,1856,1852,1846,1848,1836,1862,1864,1873,1870,1832,1862,2684,4993,2460,1901,1832,1821,1842,1829,1818,1830,1845,1855,1879,1867,1860,1834,,
OHG,OHG1101,CNIR,patea_unit_1,HYD,HYD,2026-08-30,1814,1825,1712,1385,1432,1425,1427,1429,1426,1431,1426,1437,1442,1826,1892,1876,1915,1883,1883,1889,1823,1851,1807,1801,1796,1772,1828,1880,1841,1822,1824,1832,1822,1849,1838,1835,1827,1798,1825,1814,1854,1846,1846,1834,1846,1827,1817,1836,,
OHG,OHG1101,CNIR,patea_unit_1,HYD,HYD,2026-08-31,1808,1790,1795,1769,1772,1772,1786,503,462,476,481,498,496,1726,1916,1886,1899,1909,1913,1928,1894,1864,1901,1884,1865,1862,5690,3194,1903,2143,2323,2090,3628,5214,3229,5817,6936,6000,5849,5863,5852,5746,5789,5827,5799,5805,5660,5112,,
OHG,OHG1101,CNIR,patea_unit_2,HYD,HYD,2026-08-01,16086,16033,16062,16054,16030,16013,16010,15996,16036,16033,16042,16057,16098,16092,16076,16073,16070,16075,16057,16052,16048,16023,16050,16063,16081,16086,16075,16075,16070,16066,16059,16053,16065,16062,16052,16026,16032,16045,16038,16030,16024,16036,16044,16038,16030,16027,16022,16025,,
OHG,OHG1101,CNIR,patea_unit_2,HYD,HYD,2026-08-02,16027,16024,16021,16016,16021,16018,16021,16024,16018,16019,16013,16013,16013,16008,16002,15992,15992,15984,15982,15232,15298,12750,15516,14679,12234,6791,7480,6337,5480,4518,8101,9473,10796,10204,11482,12941,13725,13736,13287,13204,13222,13232,14524,13586,11221,9545,8936,8297,,
OHG,OHG1101,CNIR,patea_unit_2,HYD,HYD,2026-08-03,5229,5936,4489,2200,782,2952,1515,2454,3422,4293,5518,4798,8259,10330,11887,13843,7974,4074,2483,1851,1910,2413,1859,1876,1889,4846,4902,4380,4888,4877,3383,6551,8341,10377,11112,9720,9787,11104,9711,9283,8540,9107,9715,8806,5041,4472,4475,4456,,
OHG,OHG1101,CNIR,patea_unit_2,HYD,HYD,2026-08-04,2061,1491,4398,2645,3914,4452,4454,4449,4458,1519,3404,3476,5145,6660,9218,9640,9362,7703,5407,13484,13773,13767,13768,13807,13779,13766,13806,13786,13788,13808,14184,15698,15328,14278,13929,14825,15978,15963,15890,15932,15953,15947,15941,14193,13804,13789,13788,13788,,
OHG,OHG1101,CNIR,patea_unit_2,HYD,HYD,2026-08-05,13758,13739,13772,13763,13557,13150,13186,13179,13203,13192,13220,13236,13227,13232,14666,15610,14241,13800,13773,13732,13729,13741,13725,13732,13740,13727,12581,12051,13696,11345,13708,13724,12306,6638,7465,12022,15253,15885,15847,15824,15219,15695,15806,14749,11491,13976,13634,10404,,
OHG,OHG1101,CNIR,patea_unit_2,HYD,HYD,2026-08-06,9270,9149,8859,8830,8842,8853,8836,8848,8861,8861,7759,9175,12146,10956,13521,15819,13617,13178,13612,12319,11062,9929,11695,11747,5936,4435,7544,4432,4431,2109,5435,13683,13184,13424,10215,15196,15638,15716,15664,15688,15676,15670,15661,15657,15651,14849,12848,9347,,
OHG,OHG1101,CNIR,patea_unit_2,HYD,HYD,2026-08-07,9373,9360,9372,9386,9351,9343,9350,9328,9375,9383,7445,10793,11800,10932,12265,13855,13090,11000,5472,5046,9395,12249,12132,12168,8003,4433,5147,4448,4457,5134,7410,12525,13781,13237,12450,13753,13771,13795,12317,7442,5494,5364,10304,5383,4873,2065,3197,3394,,
OHG,OHG1101,CNIR,patea_unit_2,HYD,HYD,2026-08-08,5632,3959,3088,113,254,255,255,254,253,254,255,255,2559,3463,2948,5007,4592,4480,4454,1955,1448,1618,2487,1453,5356,4451,6173,5986,5348,5253,8237,8870,6062,7088,5729,8550,10137,7912,6530,4953,4863,4492,4922,4639,6494,4223,4303,7212,,
OHG,OHG1101,CNIR,patea_unit_2,HYD,HYD,2026-08-09,4979,2479,1883,0,0,0,174,419,432,425,430,444,1434,1429,1449,111,255,256,3286,4438,4443,1774,246,257,1158,1469,1468,129,258,257,258,1385,1261,2471,492,1395,1456,1454,1456,1455,1455,1458,1470,227,257,257,256,256,,
OHG,OHG1101,CNIR,patea_unit_2,HYD,HYD,2026-08-10,1396,1461,1448,71,0,0,404,419,185,0,450,1043,2971,2435,3614,4524,1248,2081,1698,1636,371,238,258,628,1473,1456,1466,127,259,258,259,259,1832,8564,3241,9169,11624,9931,8725,9310,11973,8877,13124,11168,5694,7947,8710,8178,,
OHG,OHG1101,CNIR,patea_unit_2,HYD,HYD,2026-08-11,7380,5477,4779,4441,4456,4455,4450,4438,4421,1501,1500,2321,7849,5774,11041,14050,14070,11292,2280,1860,1854,1530,1893,1544,9533,5389,1884,861,787,6935,9694,13567,13402,12506,11809,10142,13745,9370,7374,7156,3177,2883,4567,1041,3349,2408,2537,1312,,
OHG,OHG1101,CNIR,patea_unit_2,HYD,HYD,2026-08-12,4337,2987,2681,478,446,446,854,774,1450,902,479,551,2460,5633,11015,13853,13846,13826,13119,11440,11678,6084,11710,2331,5651,3990,3582,2037,4257,4430,4655,7762,8469,10404,7762,13767,13833,13824,13284,10146,8036,4555,5287,3686,4227,4470,4427,3171,,
OHG,OHG1101,CNIR,patea_unit_2,HYD,HYD,2026-08-13,1414,1425,2451,147,253,253,253,255,255,255,255,255,1381,1450,3084,4704,3006,902,452,890,951,618,2040,2659,1423,1431,2396,1478,2470,1492,1631,3197,5472,5815,5079,6817,9308,8710,4135,4125,3958,911,2799,3466,3874,4415,2483,450,,
OHG,OHG1101,CNIR,patea_unit_2,HYD,HYD,2026-08-14,1916,1481,1466,125,290,441,430,429,70,365,452,1105,1691,1755,1695,503,120,260,259,261,400,458,177,259,1408,1480,1473,257,255,260,261,260,259,261,261,260,1304,1473,1472,508,483,135,260,261,260,275,236,259,,
OHG,OHG1101,CNIR,patea_unit_2,HYD,HYD,2026-08-15,1348,1457,1460,9,148,425,432,428,440,441,442,455,1415,1462,1460,158,261,261,260,261,261,261,262,261,1336,1443,1442,382,164,261,261,260,261,260,261,260,1072,1446,1452,127,261,260,260,260,257,257,258,259,,
OHG,OHG1101,CNIR,patea_unit_2,HYD,HYD,2026-08-16,1344,1465,1477,117,259,259,259,259,258,259,259,260,1282,1451,1450,123,260,260,259,261,260,262,262,262,1391,1438,1447,110,262,262,262,262,3967,6381,6665,8404,8893,5211,5264,6563,7771,8003,9356,9960,6854,4513,5992,4440,,
OHG,OHG1101,CNIR,patea_unit_2,HYD,HYD,2026-08-17,4443,8760,8834,8842,8843,8835,8844,8801,8165,8842,12568,12434,10978,11005,9484,13825,13141,11551,8068,7248,7635,9229,8228,8502,1805,2227,1939,485,442,462,916,6380,1185,9305,8486,11872,4025,3377,2754,2556,4555,7914,9913,10041,9801,11032,9991,11482,,
OHG,OHG1101,CNIR,patea_unit_2,HYD,HYD,2026-08-18,11620,9399,9395,6651,4628,4387,4416,4410,4416,4389,4612,4553,2352,1506,2395,2458,2219,1547,2563,1863,1296,6563,4085,2435,1456,2970,6113,7240,4922,8484,8842,8860,8847,9252,10901,12441,10514,12256,9457,9406,9454,9016,9090,9657,7397,6885,6323,7217,,
OHG,OHG1101,CNIR,patea_unit_2,HYD,HYD,2026-08-19,8820,8900,8884,8878,8888,8896,8882,8904,9399,10869,12340,10787,10980,10971,13157,13854,9228,1487,1460,1463,1954,2716,1952,1927,5645,4890,1460,5442,5359,11029,12076,13748,13742,13720,7478,11630,13778,13788,13802,13817,13813,13819,13821,10652,10274,10913,9214,9266,,
OHG,OHG1101,CNIR,patea_unit_2,HYD,HYD,2026-08-20,10709,13587,13723,13701,13708,13726,13732,13737,13732,13719,13713,12247,13218,13601,13708,13743,3018,6985,13608,12860,7413,3009,7471,7052,8303,6570,6203,1334,961,949,4939,9099,13771,11906,9513,11740,13744,13740,13777,11973,10008,11787,10870,11804,9719,10679,10931,11814,,
OHG,OHG1101,CNIR,patea_unit_2,HYD,HYD,2026-08-21,13478,13712,13745,13724,13715,9033,8853,8859,8858,8836,8277,9371,10982,8941,7402,9994,9965,7429,4498,2207,1892,2245,2570,3956,4792,5597,4206,1535,1056,1524,1529,1525,1506,1483,1492,1518,1479,1478,1483,359,253,254,252,254,254,254,255,256,,
OHG,OHG1101,CNIR,patea_unit_2,HYD,HYD,2026-08-22,1373,1455,1456,479,452,451,1443,1454,1475,1465,1479,1492,1484,1477,1492,143,257,256,256,256,257,256,255,257,1184,1436,1450,174,257,257,258,257,258,257,257,257,1207,1461,1467,126,257,257,255,255,255,255,255,255,,
OHG,OHG1101,CNIR,patea_unit_2,HYD,HYD,2026-08-23,1387,1436,1450,452,434,436,430,437,446,442,452,446,1416,1448,1465,147,257,252,253,254,258,258,258,257,1290,1418,1424,112,259,257,259,259,260,260,622,2211,4432,2459,2724,1782,143,259,2208,483,112,260,260,259,,
OHG,OHG1101,CNIR,patea_unit_2,HYD,HYD,2026-08-24,2541,4409,4418,4423,4420,4420,3802,4413,4417,4551,6106,5080,8766,9614,12357,13815,9902,768,1486,620,942,480,1395,851,1477,1480,1457,163,260,261,261,262,483,977,1263,1751,2762,2739,2541,1910,1477,961,3191,1441,2568,1138,151,258,,
OHG,OHG1101,CNIR,patea_unit_2,HYD,HYD,2026-08-25,1467,1479,1483,476,468,470,469,463,460,470,1484,717,2418,3140,6478,10303,1134,1594,1882,1011,472,434,475,466,1449,1450,1460,503,410,170,263,597,1028,1004,1792,2126,3015,2388,2634,1775,1008,1021,1439,1907,1237,475,482,479,,
OHG,OHG1101,CNIR,patea_unit_2,HYD,HYD,2026-08-26,1446,1462,1466,464,460,479,478,469,474,481,476,419,1713,1650,2054,1590,1943,1724,1451,1444,145,260,3937,3797,3001,1479,2947,2456,3689,4454,4457,4459,4647,4757,4979,5738,6202,6159,5394,2670,1492,2167,6128,6496,5254,3300,2753,1474,,
OHG,OHG1101,CNIR,patea_unit_2,HYD,HYD,2026-08-27,3039,3898,1960,2432,3427,4424,4431,4425,4436,4442,4701,4925,14853,16085,16008,15972,15953,15938,15928,15924,15913,15908,15903,15897,15891,15882,15875,15866,15860,15856,15850,15843,15836,15828,15824,15819,15815,15804,15800,15791,15788,15780,15772,15767,8666,5230,3582,1806,,
OHG,OHG1101,CNIR,patea_unit_2,HYD,HYD,2026-08-28,1997,1451,1428,38,424,429,425,421,435,436,433,1006,2970,3490,3475,875,950,775,881,1128,979,976,979,566,1585,1924,1988,1077,1004,1042,693,449,514,631,1056,1071,1879,1518,1538,539,489,495,495,494,500,486,478,473,,
OHG,OHG1101,CNIR,patea_unit_2,HYD,HYD,2026-08-29,470,471,462,449,446,441,429,424,428,430,430,449,1426,1459,1457,1463,1470,1475,1833,1874,1870,1856,1852,1846,1848,1836,1862,1864,1873,1870,1832,1862,2684,4993,2460,1901,1832,1821,1842,1829,1818,1830,1845,1855,1879,1867,1860,1834,,
OHG,OHG1101,CNIR,patea_unit_2,HYD,HYD,2026-08-30,1814,1825,1712,1385,1432,1425,1427,1429,1426,1431,1426,1437,1442,1826,1892,1876,1915,1883,1883,1889,1823,1851,1807,1801,1796,1772,1828,1880,1841,1822,1824,1832,1822,1849,1838,1835,1827,1798,1825,1814,1854,1846,1846,1834,1846,1827,1817,1836,,
OHG,OHG1101,CNIR,patea_unit_2,HYD,HYD,2026-08-31,1808,1790,1795,1769,1772,1772,1786,503,462,476,481,498,496,1726,1916,1886,1899,1909,1913,1928,1894,1864,1901,1884,1865,1862,5690,3194,1903,2143,2323,2090,3628,5214,3229,5817,6936,6000,5849,5863,5852,5746,5789,5827,5799,5805,5660,5112,,
OHG,OHG1101,CNIR,patea_unit_3,HYD,HYD,2026-08-01,16086,16033,16062,16054,16030,16013,16010,15996,16036,16033,16042,16057,16098,16092,16076,16073,16070,16075,16057,16052,16048,16023,16050,16063,16081,16086,16075,16075,16070,16066,16059,16053,16065,16062,16052,16026,16032,16045,16038,16030,16024,16036,16044,16038,16030,16027,16022,16025,,
OHG,OHG1101,CNIR,patea_unit_3,HYD,HYD,2026-08-02,16027,16024,16021,16016,16021,16018,16021,16024,16018,16019,16013,16013,16013,16008,16002,15992,15992,15984,15982,15232,15298,12750,15516,14679,12234,6791,7480,6337,5480,4518,8101,9473,10796,10204,11482,12941,13725,13736,13287,13204,13222,13232,14524,13586,11221,9545,8936,8297,,
OHG,OHG1101,CNIR,patea_unit_3,HYD,HYD,2026-08-03,5229,5936,4489,2200,782,2952,1515,2454,3422,4293,5518,4798,8259,10330,11887,13843,7974,4074,2483,1851,1910,2413,1859,1876,1889,4846,4902,4380,4888,4877,3383,6551,8341,10377,11112,9720,9787,11104,9711,9283,8540,9107,9715,8806,5041,4472,4475,4456,,
OHG,OHG1101,CNIR,patea_unit_3,HYD,HYD,2026-08-04,2061,1491,4398,2645,3914,4452,4454,4449,4458,1519,3404,3476,5145,6660,9218,9640,9362,7703,5407,13484,13773,13767,13768,13807,13779,13766,13806,13786,13788,13808,14184,15698,15328,14278,13929,14825,15978,15963,15890,15932,15953,15947,15941,14193,13804,13789,13788,13788,,
OHG,OHG1101,CNIR,patea_unit_3,HYD,HYD,2026-08-05,13758,13739,13772,13763,13557,13150,13186,13179,13203,13192,13220,13236,13227,13232,14666,15610,14241,13800,13773,13732,13729,13741,13725,13732,13740,13727,12581,12051,13696,11345,13708,13724,12306,6638,7465,12022,15253,15885,15847,15824,15219,15695,15806,14749,11491,13976,13634,10404,,
OHG,OHG1101,CNIR,patea_unit_3,HYD,HYD,2026-08-06,9270,9149,8859,8830,8842,8853,8836,8848,8861,8861,7759,9175,12146,10956,13521,15819,13617,13178,13612,12319,11062,9929,11695,11747,5936,4435,7544,4432,4431,2109,5435,13683,13184,13424,10215,15196,15638,15716,15664,15688,15676,15670,15661,15657,15651,14849,12848,9347,,
OHG,OHG1101,CNIR,patea_unit_3,HYD,HYD,2026-08-07,9373,9360,9372,9386,9351,9343,9350,9328,9375,9383,7445,10793,11800,10932,12265,13855,13090,11000,5472,5046,9395,12249,12132,12168,8003,4433,5147,4448,4457,5134,7410,12525,13781,13237,12450,13753,13771,13795,12317,7442,5494,5364,10304,5383,4873,2065,3197,3394,,
OHG,OHG1101,CNIR,patea_unit_3,HYD,HYD,2026-08-08,5632,3959,3088,113,254,255,255,254,253,254,255,255,2559,3463,2948,5007,4592,4480,4454,1955,1448,1618,2487,1453,5356,4451,6173,5986,5348,5253,8237,8870,6062,7088,5729,8550,10137,7912,6530,4953,4863,4492,4922,4639,6494,4223,4303,7212,,
OHG,OHG1101,CNIR,patea_unit_3,HYD,HYD,2026-08-09,4979,2479,1883,0,0,0,174,419,432,425,430,444,1434,1429,1449,111,255,256,3286,4438,4443,1774,246,257,1158,1469,1468,129,258,257,258,1385,1261,2471,492,1395,1456,1454,1456,1455,1455,1458,1470,227,257,257,256,256,,
OHG,OHG1101,CNIR,patea_unit_3,HYD,HYD,2026-08-10,1396,1461,1448,71,0,0,404,419,185,0,450,1043,2971,2435,3614,4524,1248,2081,1698,1636,371,238,258,628,1473,1456,1466,127,259,258,259,259,1832,8564,3241,9169,11624,9931,8725,9310,11973,8877,13124,11168,5694,7947,8710,8178,,
OHG,OHG1101,CNIR,patea_unit_3,HYD,HYD,2026-08-11,7380,5477,4779,4441,4456,4455,4450,4438,4421,1501,1500,2321,7849,5774,11041,14050,14070,11292,2280,1860,1854,1530,1893,1544,9533,5389,1884,861,787,6935,9694,13567,13402,12506,11809,10142,13745,9370,7374,7156,3177,2883,4567,1041,3349,2408,2537,1312,,
OHG,OHG1101,CNIR,patea_unit_3,HYD,HYD,2026-08-12,4337,2987,2681,478,446,446,854,774,1450,902,479,551,2460,5633,11015,13853,13846,13826,13119,11440,11678,6084,11710,2331,5651,3990,3582,2037,4257,4430,4655,7762,8469,10404,7762,13767,13833,13824,13284,10146,8036,4555,5287,3686,4227,4470,4427,3171,,
OHG,OHG1101,CNIR,patea_unit_3,HYD,HYD,2026-08-13,1414,1425,2451,147,253,253,253,255,255,255,255,255,1381,1450,3084,4704,3006,902,452,890,951,618,2040,2659,1423,1431,2396,1478,2470,1492,1631,3197,5472,5815,5079,6817,9308,8710,4135,4125,3958,911,2799,3466,3874,4415,2483,450,,
OHG,OHG1101,CNIR,patea_unit_3,HYD,HYD,2026-08-14,1916,1481,1466,125,290,441,430,429,70,365,452,1105,1691,1755,1695,503,120,260,259,261,400,458,177,259,1408,1480,1473,257,255,260,261,260,259,261,261,260,1304,1473,1472,508,483,135,260,261,260,275,236,259,,
OHG,OHG1101,CNIR,patea_unit_3,HYD,HYD,2026-08-15,1348,1457,1460,9,148,425,432,428,440,441,442,455,1415,1462,1460,158,261,261,260,261,261,261,262,261,1336,1443,1442,382,164,261,261,260,261,260,261,260,1072,1446,1452,127,261,260,260,260,257,257,258,259,,
OHG,OHG1101,CNIR,patea_unit_3,HYD,HYD,2026-08-16,1344,1465,1477,117,259,259,259,259,258,259,259,260,1282,1451,1450,123,260,260,259,261,260,262,262,262,1391,1438,1447,110,262,262,262,262,3967,6381,6665,8404,8893,5211,5264,6563,7771,8003,9356,9960,6854,4513,5992,4440,,
OHG,OHG1101,CNIR,patea_unit_3,HYD,HYD,2026-08-17,4443,8760,8834,8842,8843,8835,8844,8801,8165,8842,12568,12434,10978,11005,9484,13825,13141,11551,8068,7248,7635,9229,8228,8502,1805,2227,1939,485,442,462,916,6380,1185,9305,8486,11872,4025,3377,2754,2556,4555,7914,9913,10041,9801,11032,9991,11482,,
OHG,OHG1101,CNIR,patea_unit_3,HYD,HYD,2026-08-18,11620,9399,9395,6651,4628,4387,4416,4410,4416,4389,4612,4553,2352,1506,2395,2458,2219,1547,2563,1863,1296,6563,4085,2435,1456,2970,6113,7240,4922,8484,8842,8860,8847,9252,10901,12441,10514,12256,9457,9406,9454,9016,9090,9657,7397,6885,6323,7217,,
OHG,OHG1101,CNIR,patea_unit_3,HYD,HYD,2026-08-19,8820,8900,8884,8878,8888,8896,8882,8904,9399,10869,12340,10787,10980,10971,13157,13854,9228,1487,1460,1463,1954,2716,1952,1927,5645,4890,1460,5442,5359,11029,12076,13748,13742,13720,7478,11630,13778,13788,13802,13817,13813,13819,13821,10652,10274,10913,9214,9266,,
OHG,OHG1101,CNIR,patea_unit_3,HYD,HYD,2026-08-20,10709,13587,13723,13701,13708,13726,13732,13737,13732,13719,13713,12247,13218,13601,13708,13743,3018,6985,13608,12860,7413,3009,7471,7052,8303,6570,6203,1334,961,949,4939,9099,13771,11906,9513,11740,13744,13740,13777,11973,10008,11787,10870,11804,9719,10679,10931,11814,,
OHG,OHG1101,CNIR,patea_unit_3,HYD,HYD,2026-08-21,13478,13712,13745,13724,13715,9033,8853,8859,8858,8836,8277,9371,10982,8941,7402,9994,9965,7429,4498,2207,1892,2245,2570,3956,4792,5597,4206,1535,1056,1524,1529,1525,1506,1483,1492,1518,1479,1478,1483,359,253,254,252,254,254,254,255,256,,
OHG,OHG1101,CNIR,patea_unit_3,HYD,HYD,2026-08-22,1373,1455,1456,479,452,451,1443,1454,1475,1465,1479,1492,1484,1477,1492,143,257,256,256,256,257,256,255,257,1184,1436,1450,174,257,257,258,257,258,257,257,257,1207,1461,1467,126,257,257,255,255,255,255,255,255,,
OHG,OHG1101,CNIR,patea_unit_3,HYD,HYD,2026-08-23,1387,1436,1450,452,434,436,430,437,446,442,452,446,1416,1448,1465,147,257,252,253,254,258,258,258,257,1290,1418,1424,112,259,257,259,259,260,260,622,2211,4432,2459,2724,1782,143,259,2208,483,112,260,260,259,,
OHG,OHG1101,CNIR,patea_unit_3,HYD,HYD,2026-08-24,2541,4409,4418,4423,4420,4420,3802,4413,4417,4551,6106,5080,8766,9614,12357,13815,9902,768,1486,620,942,480,1395,851,1477,1480,1457,163,260,261,261,262,483,977,1263,1751,2762,2739,2541,1910,1477,961,3191,1441,2568,1138,151,258,,
OHG,OHG1101,CNIR,patea_unit_3,HYD,HYD,2026-08-25,1467,1479,1483,476,468,470,469,463,460,470,1484,717,2418,3140,6478,10303,1134,1594,1882,1011,472,434,475,466,1449,1450,1460,503,410,170,263,597,1028,1004,1792,2126,3015,2388,2634,1775,1008,1021,1439,1907,1237,475,482,479,,
OHG,OHG1101,CNIR,patea_unit_3,HYD,HYD,2026-08-26,1446,1462,1466,464,460,479,478,469,474,481,476,419,1713,1650,2054,1590,1943,1724,1451,1444,145,260,3937,3797,3001,1479,2947,2456,3689,4454,4457,4459,4647,4757,4979,5738,6202,6159,5394,2670,1492,2167,6128,6496,5254,3300,2753,1474,,
OHG,OHG1101,CNIR,patea_unit_3,HYD,HYD,2026-08-27,3039,3898,1960,2432,3427,4424,4431,4425,4436,4442,4701,4925,14853,16085,16008,15972,15953,15938,15928,15924,15913,15908,15903,15897,15891,15882,15875,15866,15860,15856,15850,15843,15836,15828,15824,15819,15815,15804,15800,15791,15788,15780,15772,15767,8666,5230,3582,1806,,
OHG,OHG1101,CNIR,patea_unit_3,HYD,HYD,2026-08-28,1997,1451,1428,38,424,429,425,421,435,436,433,1006,2970,3490,3475,875,950,775,881,1128,979,976,979,566,1585,1924,1988,1077,1004,1042,693,449,514,631,1056,1071,1879,1518,1538,539,489,495,495,494,500,486,478,473,,
OHG,OHG1101,CNIR,patea_unit_3,HYD,HYD,2026-08-29,470,471,462,449,446,441,429,424,428,430,430,449,1426,1459,1457,1463,1470,1475,1833,1874,1870,1856,1852,1846,1848,1836,1862,1864,1873,1870,1832,1862,2684,4993,2460,1901,1832,1821,1842,1829,1818,1830,1845,1855,1879,1867,1860,1834,,
OHG,OHG1101,CNIR,patea_unit_3,HYD,HYD,2026-08-30,1814,1825,1712,1385,1432,1425,1427,1429,1426,1431,1426,1437,1442,1826,1892,1876,1915,1883,1883,1889,1823,1851,1807,1801,1796,1772,1828,1880,1841,1822,1824,1832,1822,1849,1838,1835,1827,1798,1825,1814,1854,1846,1846,1834,1846,1827,1817,1836,,
OHG,OHG1101,CNIR,patea_unit_3,HYD,HYD,2026-08-31,1808,1790,1795,1769,1772,1772,1786,503,462,476,481,498,496,1726,1916,1886,1899,1909,1913,1928,1894,1864,1901,1884,1865,1862,5690,3194,1903,2143,2323,2090,3628,5214,3229,5817,6936,6000,5849,5863,5852,5746,5789,5827,5799,5805,5660,5112,,
OHK,OHK2201,MRPL,ohakuri,Hydro,Hydro,2026-08-01,12040,11760,11970,12550,12520,12770,13520,12890,13420,13660,13600,14820,15070,27370,36910,39070,38690,39020,39000,38850,38790,34170,23660,22760,23050,22760,21250,19200,11840,16480,22500,24810,25410,26330,38590,41580,36890,36790,46430,38970,38310,38860,38460,36430,35820,38910,26690,25870,,
OHK,OHK2201,MRPL,ohakuri,Hydro,Hydro,2026-08-02,24810,23780,23650,25020,24410,20050,4070,0,0,0,11930,19820,25290,25260,35470,38100,37360,38690,38960,37670,37530,30090,23220,21650,21660,11010,10690,10730,10740,10990,10670,10800,15890,26580,36810,44500,46280,47120,47520,49570,49130,47980,39880,37570,38060,25700,25330,25240,,
OHK,OHK2201,MRPL,ohakuri,Hydro,Hydro,2026-08-03,8380,0,0,0,0,0,0,0,0,0,0,6630,25520,32320,36540,46650,48200,48220,34240,25540,26050,16820,10610,12790,12800,12570,12570,7080,11730,8850,9280,12460,12610,17280,42840,46040,45180,46710,47270,47870,47570,36640,36470,36240,36380,24980,23030,12150,,
OHK,OHK2201,MRPL,ohakuri,Hydro,Hydro,2026-08-04,4530,0,0,0,0,11730,12530,410,0,0,6360,12470,31250,37540,46090,47640,48710,47730,47260,46520,36800,35470,35790,36280,36020,35330,25240,24300,24350,24450,24700,24470,34710,47080,49110,50690,51230,51090,50970,51580,51360,50880,51230,51230,47750,47560,48080,37130,,
OHK,OHK2201,MRPL,ohakuri,Hydro,Hydro,2026-08-05,29540,24410,23170,13040,12610,12650,12710,12260,12400,12390,18600,22780,30730,34930,49240,50040,51720,51520,48840,48480,48810,48730,48110,48640,38310,37420,34420,30140,33630,26840,25700,25830,25870,33430,32730,49210,50170,50920,50210,50590,50440,50430,50740,50580,50350,50830,42980,17870,,
OHK,OHK2201,MRPL,ohakuri,Hydro,Hydro,2026-08-06,12940,750,0,0,8140,13010,13730,23280,24070,30530,33880,47860,51250,51570,51380,51370,51500,51860,51800,51720,51400,51660,51170,48580,47780,49880,47570,47300,47120,45410,47170,47080,39710,27740,31380,43500,50710,51040,51340,51520,51180,51310,51400,51270,51370,50200,33020,24500,,
OHK,OHK2201,MRPL,ohakuri,Hydro,Hydro,2026-08-07,12990,12540,12450,12600,12610,12580,12640,12590,12630,24000,35350,41730,48180,50360,51050,51590,51490,52080,52360,51870,51330,51510,50440,47790,47290,47490,48330,49780,38390,36100,28450,36450,47420,48140,50950,50600,50960,51160,50280,50350,50010,48140,46180,36560,36710,36800,26200,24830,,
OHK,OHK2201,MRPL,ohakuri,Hydro,Hydro,2026-08-08,24720,24910,24880,14000,13460,12740,12710,12740,12750,12740,24470,26290,37160,46980,50490,50100,51740,51620,50540,49970,50900,48540,47400,38530,37980,36660,33290,35550,34960,34260,36070,48600,49040,50890,50920,51020,50770,50860,48190,48060,47880,36660,36370,36390,26120,25030,24750,24650,,
OHK,OHK2201,MRPL,ohakuri,Hydro,Hydro,2026-08-09,12980,12550,12530,12660,8120,100,0,0,9170,12900,12880,13550,25270,26620,26500,34000,29990,24040,41870,49760,48610,48320,48450,47950,48500,44340,37560,36870,36940,39970,47330,46840,49630,49300,47860,47530,47630,47790,47760,49190,51560,48470,40350,37120,37300,29820,25160,20670,,
OHK,OHK2201,MRPL,ohakuri,Hydro,Hydro,2026-08-10,8350,13740,7800,11620,11090,450,0,0,9840,14720,24120,36000,37590,36990,44800,50250,50580,49310,49490,41350,33870,21470,19030,20380,13280,24870,18530,20610,25060,15320,22400,34240,36030,50570,50460,50950,50910,47800,47820,47690,47520,47620,47800,38570,25120,14860,4740,0,,
OHK,OHK2201,MRPL,ohakuri,Hydro,Hydro,2026-08-11,0,0,0,0,0,0,0,0,0,0,1350,12070,31050,41970,51620,51870,51930,52080,50310,50590,48520,43730,44220,45910,47190,47370,39180,39300,39270,38870,37940,44800,49180,50040,49880,50300,51030,51840,52010,51230,44930,38840,35780,26760,25360,25400,15310,21430,,
OHK,OHK2201,MRPL,ohakuri,Hydro,Hydro,2026-08-12,13570,11930,12500,12700,12990,13010,13370,13800,13810,12220,23260,24840,32660,45720,48860,51230,52580,52690,51240,40260,39480,26900,26250,26380,25390,24300,24050,24550,24020,24240,25000,28120,34450,36720,36660,46670,49780,51240,50560,50320,48090,37390,36910,29810,25420,25400,25430,25440,,
OHK,OHK2201,MRPL,ohakuri,Hydro,Hydro,2026-08-13,25250,15910,12720,13000,14160,14110,12830,12790,13370,13320,13730,16630,31480,39100,45610,51030,42660,40180,39130,38450,37480,36960,37220,37330,33940,25470,29220,21590,21800,22690,34110,37630,39250,49190,49860,51360,51040,51330,49590,48440,46710,37260,37420,34070,26040,25420,25120,13630,,
OHK,OHK2201,MRPL,ohakuri,Hydro,Hydro,2026-08-14,12750,12690,12760,12720,12780,12630,12690,12710,12750,12730,12590,22260,26670,35460,38720,38020,37330,35410,26470,26250,26340,26250,26390,26200,26280,26220,24240,24040,24100,24190,22690,22870,26320,33250,39240,40240,41210,40500,37640,31150,25130,24560,25310,36660,31350,24440,25400,13230,,
OHK,OHK2201,MRPL,ohakuri,Hydro,Hydro,2026-08-15,14040,12420,4910,0,1660,6880,2070,1430,1740,0,12290,12790,13620,23560,26530,30300,35400,35370,26100,13580,23470,22050,22270,18390,11130,12990,23100,23260,22430,24000,23970,30030,30380,34690,36780,36900,43970,44990,37270,27980,25380,24490,23160,19420,19270,14050,12730,12310,,
OHK,OHK2201,MRPL,ohakuri,Hydro,Hydro,2026-08-16,12620,12280,4810,0,0,0,0,0,0,0,0,5160,1080,1010,23200,24920,18630,23040,25080,28530,29980,37610,35070,20480,27910,19040,14840,15550,27430,25020,28000,28280,35370,47730,50260,49740,49750,49730,49670,49450,46640,46550,36370,25020,23920,23970,10230,0,,
OHK,OHK2201,MRPL,ohakuri,Hydro,Hydro,2026-08-17,0,0,0,0,0,0,0,0,0,0,0,0,13510,22480,36740,48410,50870,49210,51150,47910,46700,37370,39140,38090,27540,26020,23040,19940,25580,25070,35490,44230,46960,46680,44220,44970,46330,47560,51890,51750,51820,51590,51780,49060,50860,41250,26530,25440,,
OHK,OHK2201,MRPL,ohakuri,Hydro,Hydro,2026-08-18,24600,24540,15290,23520,15130,8540,8170,10920,12750,11300,22120,35640,46840,50790,50740,50320,46010,37490,33820,25540,29010,24920,26560,26790,26860,26770,26830,26520,26550,26780,36430,29730,25750,25900,37460,48490,48850,48890,49180,49090,49560,51500,37710,36050,38970,36720,24870,24450,,
OHK,OHK2201,MRPL,ohakuri,Hydro,Hydro,2026-08-19,25130,13900,12910,12360,13140,11410,13700,13790,12250,12350,24510,26180,45320,51180,52030,52610,53050,53000,49180,40770,38020,36700,37920,26910,29980,31300,21190,24110,23830,23870,24320,28700,37140,37310,39790,48190,47210,50930,49730,49460,49490,49560,39540,38890,38910,38970,26510,25620,,
OHK,OHK2201,MRPL,ohakuri,Hydro,Hydro,2026-08-20,25050,25330,17470,13240,13130,13150,13160,13170,13180,13160,24100,29900,43690,46970,51800,53910,54230,53810,53300,49130,48220,48490,41410,39120,38720,38830,36100,23770,24060,23550,25050,32650,36480,42900,48210,50310,50390,50300,50230,50870,50620,44670,38930,38630,38660,26510,25860,25970,,
OHK,OHK2201,MRPL,ohakuri,Hydro,Hydro,2026-08-21,25720,25890,25700,24010,13940,13770,13770,13820,13870,23100,23600,33790,43940,47880,47930,48500,49420,49080,49230,48770,49350,46100,37800,36430,37660,37280,28470,25580,23750,23910,24000,23550,32730,33340,37980,43740,49670,49540,49280,48760,46160,32180,35210,31500,25410,25440,25510,25480,,
OHK,OHK2201,MRPL,ohakuri,Hydro,Hydro,2026-08-22,23910,22170,10450,11090,400,0,0,0,0,0,7200,8630,17060,34790,37110,37500,37390,37790,26670,26190,25020,11020,10720,23870,23400,17520,12190,6670,0,0,9010,9460,16570,20200,27450,37020,47890,50190,50000,50140,40660,33550,46040,37640,28550,10710,380,0,,
OHK,OHK2201,MRPL,ohakuri,Hydro,Hydro,2026-08-23,0,0,0,0,0,0,0,0,0,0,0,0,0,3140,12670,13240,12530,13010,13270,13610,12700,10790,5580,10530,13770,12660,12250,13320,13730,13650,4730,11550,19700,21840,21630,24390,35070,36550,37020,36900,37070,26760,25230,24490,16270,6360,6370,10920,,
OHK,OHK2201,MRPL,ohakuri,Hydro,Hydro,2026-08-24,12070,11610,11730,710,0,5040,2360,0,0,0,12470,11540,23330,36190,44690,52710,48270,27250,24680,24520,14720,13650,13520,13140,6410,0,80,0,0,0,0,12210,23320,24320,20500,36340,37050,37650,38000,37260,25760,25440,25210,9970,11130,4940,9510,0,,
OHK,OHK2201,MRPL,ohakuri,Hydro,Hydro,2026-08-25,0,40,0,0,0,0,0,0,0,0,13590,19880,32230,42400,44950,47570,42570,35820,31460,25170,23310,10890,11980,11910,12660,12760,4330,0,0,0,0,4350,9900,17640,18930,23970,28200,34910,29500,24570,25410,25150,13060,12420,10320,7000,11630,710,,
OHK,OHK2201,MRPL,ohakuri,Hydro,Hydro,2026-08-26,0,0,0,0,0,0,0,0,0,0,940,20550,25280,34580,39680,47710,47320,36950,34110,16070,13740,12900,24010,24600,23940,24050,23790,23820,23890,24380,25220,25690,25840,25780,28740,36820,37180,36790,36020,30610,24660,23120,21430,23910,23730,15760,0,0,,
OHK,OHK2201,MRPL,ohakuri,Hydro,Hydro,2026-08-27,0,0,0,0,0,0,0,0,0,0,12040,24290,32410,35570,38360,47150,42760,31120,24860,19400,26160,14870,12890,12800,12770,12760,12820,12800,12820,14000,15210,12740,12790,23830,35290,35400,35060,34870,35720,36200,37430,37540,37820,37350,37430,32960,18640,11740,,
OHK,OHK2201,MRPL,ohakuri,Hydro,Hydro,2026-08-28,10460,3950,0,0,0,0,0,0,0,0,3280,11400,19210,24670,30730,35420,36200,35720,25880,23970,13320,12880,12810,12940,12880,12870,12860,12670,12650,12710,900,11520,12730,12200,18400,31680,30970,33740,36710,36490,28170,25180,25300,18970,5910,0,0,0,,
OHK,OHK2201,MRPL,ohakuri,Hydro,Hydro,2026-08-29,0,0,0,0,0,0,0,0,0,0,0,3870,200,0,0,0,1320,12820,12560,12580,12240,12250,12290,12310,12220,12150,12320,12270,12180,12260,12180,16590,23920,24040,29100,36620,33950,35420,17370,12860,12920,12870,13000,9460,0,0,0,0,,
OHK,OHK2201,MRPL,ohakuri,Hydro,Hydro,2026-08-30,0,0,0,0,0,0,0,0,0,0,0,0,0,0,11710,12710,12820,12650,12650,12580,12360,2810,0,0,0,0,0,0,0,0,0,0,0,7470,12730,21060,25960,35280,37140,36810,31310,25300,19120,12510,6810,0,0,0,,
OHK,OHK2201,MRPL,ohakuri,Hydro,Hydro,2026-08-31,0,0,0,0,0,0,0,0,0,0,0,3450,12630,27780,36930,37740,36840,31280,30090,12690,20840,12130,21120,12730,12320,9680,11240,7880,3460,11370,12290,12180,14080,21570,37600,49580,51130,49950,47000,38910,40340,25320,33870,31000,26610,15220,12090,12280,,
OKI,OKI2201,CTCT,ohaaki,Geo,Geo,2026-08-01,18654,18824,18916,18955,19062,19038,19167,19257,19181,18965,18818,19260,18991,18634,18898,18521,18729,19305,19023,19000,18811,19055,19155,19314,18741,18278,18514,18711,18664,18760,18756,18790,18917,18894,18925,19013,19176,19056,19056,19161,19211,19108,19652,19420,18922,18989,18967,19454,,
OKI,OKI2201,CTCT,ohaaki,Geo,Geo,2026-08-02,19491,19410,19541,19489,18868,18515,18793,18895,18875,18959,19068,19554,19058,18981,18943,19036,19074,19097,19056,19145,18885,18977,18923,18807,18716,18816,18638,18560,19105,19580,19141,19066,19258,18744,18388,18549,18767,18820,18844,18949,18862,19039,19107,19162,19250,19157,19171,19538,,
OKI,OKI2201,CTCT,ohaaki,Geo,Geo,2026-08-03,19124,18896,18848,19069,19026,19321,19194,19219,19397,19340,19405,19545,19192,18743,18561,18721,18720,18768,18729,18664,18454,18390,18413,18409,18444,18465,18421,18528,18571,18480,18789,18629,18006,18067,18270,18470,18972,18918,18763,18867,18439,18086,18181,18112,18316,18431,18300,18289,,
OKI,OKI2201,CTCT,ohaaki,Geo,Geo,2026-08-04,18405,18482,18618,18647,18681,18761,18780,19060,19047,18427,18456,18575,18632,18652,19038,19019,18858,19098,18966,18540,18527,18977,18744,18866,18833,19144,19272,19330,19138,18887,18800,18986,19086,18991,18822,18675,18768,18937,19053,19002,18929,19128,19551,19531,19780,19609,19250,18796,,
OKI,OKI2201,CTCT,ohaaki,Geo,Geo,2026-08-05,18806,18878,18902,19029,19052,19022,19051,19079,19480,19498,18857,18857,18931,18976,19038,19069,18992,19126,19487,19484,19338,19460,19565,19421,18715,18711,18718,18931,19117,18997,18796,18561,18837,18796,18713,18762,18544,18827,18946,18959,19106,19273,19266,18809,18785,18818,19092,19089,,
OKI,OKI2201,CTCT,ohaaki,Geo,Geo,2026-08-06,19047,19184,19279,18837,18539,18780,18971,19151,19030,19107,19132,19277,19294,19559,19011,19079,18816,19252,19166,19065,18760,18898,18797,19221,19278,19192,19265,19085,16518,18188,18497,18547,18647,18662,18671,18748,18818,19213,19155,18427,18451,18550,18490,18507,18522,18797,18597,18772,,
OKI,OKI2201,CTCT,ohaaki,Geo,Geo,2026-08-07,18710,18862,19116,19463,19070,19079,19106,18737,18913,18858,18802,18601,18797,18985,19053,18812,11121,0,0,0,0,0,0,0,0,0,0,0,0,0,0,0,0,0,0,0,0,4833,18816,18702,18799,18816,18796,18885,19009,19083,19031,19122,,
OKI,OKI2201,CTCT,ohaaki,Geo,Geo,2026-08-08,19106,19002,19277,19352,19368,18885,19005,19092,19277,19510,19125,19164,19605,19466,18831,18261,18530,18476,18577,18092,17867,17856,17901,17771,17703,17591,17691,17405,17388,17295,17297,17332,17355,17404,17625,17592,17463,17743,17619,17172,16892,16980,17197,17296,17390,17378,17363,17418,,
OKI,OKI2201,CTCT,ohaaki,Geo,Geo,2026-08-09,17448,17440,17499,17450,17558,17458,17527,17513,17541,17545,17550,17882,17657,17769,17991,18192,18053,17946,18349,17763,17251,17307,17368,17360,17328,17287,17308,17343,17361,17317,17229,17319,17203,17294,17202,17228,17266,17275,17315,17646,17618,17551,17761,17704,17205,16948,17143,17301,,
OKI,OKI2201,CTCT,ohaaki,Geo,Geo,2026-08-10,17311,17266,17270,17427,17571,17657,17658,17634,17831,17651,17762,17777,17705,17721,17745,17755,18103,18031,17990,18125,18134,17544,17124,17178,17291,17252,17296,17965,18122,18309,18354,18396,18301,18395,18370,18516,18520,18609,18464,18566,18616,18632,18659,18925,19038,18990,19209,19101,,
OKI,OKI2201,CTCT,ohaaki,Geo,Geo,2026-08-11,18652,18578,18780,18853,18784,18818,19014,19075,19017,18997,18959,19134,19028,19061,19320,19090,19112,19305,19133,19198,19242,19209,19099,19259,18822,18227,18337,18438,18416,18729,18472,18582,18418,18494,18358,18418,18474,18706,18786,18802,18760,18824,18983,18968,19245,19627,19070,19299,,
OKI,OKI2201,CTCT,ohaaki,Geo,Geo,2026-08-12,19176,18664,18510,18665,18803,18933,18934,18941,18957,19032,19046,18963,19028,19506,18912,18877,18800,18779,18879,19353,19453,19697,19630,19524,19546,19314,18694,18530,18745,18816,18798,18722,18740,18758,18865,18996,18985,19013,18801,19029,19291,19108,18704,18810,18985,19040,18954,18933,,
OKI,OKI2201,CTCT,ohaaki,Geo,Geo,2026-08-13,18936,19227,18764,18278,18260,18349,18561,18705,18697,18770,18837,18889,18908,18832,18923,18674,19183,18747,18552,18388,18504,16525,18948,18446,18364,18345,18598,18634,18603,18793,18584,18093,18206,18320,18418,18410,18496,18627,18650,18398,18284,18357,18667,18611,18550,18368,18366,18306,,
OKI,OKI2201,CTCT,ohaaki,Geo,Geo,2026-08-14,18404,18439,18697,18813,18724,18754,19037,18596,18223,18404,18651,18838,18487,18478,18488,18695,18765,18746,18513,18317,18312,18384,18556,18586,18585,18506,18814,18497,18590,18631,18859,18892,19203,18826,18664,18096,18057,18216,18448,18566,18565,18382,18428,18423,18366,18490,18566,18720,,
OKI,OKI2201,CTCT,ohaaki,Geo,Geo,2026-08-15,18594,18609,18542,18658,18750,18788,18830,18976,18934,19040,19397,18780,18140,18179,18676,18635,18703,18418,18328,18496,18328,18203,18133,18292,18152,18247,18182,18250,18577,18415,18258,18028,18083,18192,18520,18708,18650,18770,18722,18502,18334,18513,18558,18646,18746,18997,18489,18506,,
OKI,OKI2201,CTCT,ohaaki,Geo,Geo,2026-08-16,18541,18837,18795,18829,18547,18539,18879,18582,18546,18516,18552,18652,18888,18604,18745,18892,19189,19059,19088,19321,18884,18554,18663,18728,18889,18938,19277,18979,18668,18728,18566,18946,18856,18905,18640,18775,18873,18989,18856,18861,18975,19293,19422,19248,19353,19664,19141,18745,,
OKI,OKI2201,CTCT,ohaaki,Geo,Geo,2026-08-17,18925,19122,19126,19590,19015,19003,19053,19034,19060,19079,19434,19289,19109,18882,18895,18960,18904,19000,19074,18990,19251,19471,19393,19438,19554,19066,18916,7026,0,0,0,0,0,0,0,12420,19390,19140,18898,18962,19021,18919,18802,18977,18757,18834,19064,19143,,
OKI,OKI2201,CTCT,ohaaki,Geo,Geo,2026-08-18,19596,19619,19463,19444,19122,18795,18836,18759,18859,18926,19131,19117,19156,19177,19659,19368,19024,19010,19141,19162,19128,19151,19334,18792,18844,18751,19208,19142,19026,18928,19104,18967,18736,18695,18848,18634,18576,18536,18596,18823,18762,18813,18850,19071,18959,19108,19090,19414,,
OKI,OKI2201,CTCT,ohaaki,Geo,Geo,2026-08-19,19426,19114,19182,18952,19073,19176,19405,19595,19609,19470,19737,19276,19119,19327,18925,18909,18952,19209,19355,19232,18902,18863,18852,18982,18880,18745,18725,18970,18736,18726,18795,18826,19013,19332,19341,19290,19972,19445,18743,18639,18758,18901,19026,19010,18954,19121,19192,19246,,
OKI,OKI2201,CTCT,ohaaki,Geo,Geo,2026-08-20,19203,19175,19211,19105,19061,19115,19106,19104,19299,19241,19178,19282,19278,19927,19559,19430,19614,19287,18808,18881,18975,19098,19212,18890,18709,18618,18563,18514,18625,18605,18862,18760,18472,18364,18577,18697,18682,18358,18483,18686,19084,18998,18931,19242,19167,18675,18621,18801,,
OKI,OKI2201,CTCT,ohaaki,Geo,Geo,2026-08-21,18946,19306,18907,18863,18915,19389,19243,19079,18798,18818,18859,19018,19181,19107,18997,19182,19320,19336,19545,19714,19758,19683,19775,19176,18679,18798,19176,18776,18628,18558,18747,19100,18854,18672,18564,18867,18659,18634,18512,18570,18828,18805,18981,18694,18817,18966,19231,19307,,
OKI,OKI2201,CTCT,ohaaki,Geo,Geo,2026-08-22,19090,19233,19392,18958,18781,19171,18780,18779,18766,19018,18996,19068,18782,18783,18948,18988,18588,18713,18676,18836,18779,18756,18981,18686,18640,18668,18968,19348,19018,18951,18736,18343,18284,18468,18501,18568,18629,18741,18853,19033,18645,18594,18680,18607,18650,18651,18761,18768,,
OKI,OKI2201,CTCT,ohaaki,Geo,Geo,2026-08-23,18815,18927,18812,18732,19240,19154,19093,19015,18968,19267,19023,18896,18466,18586,18421,18429,18607,18520,18376,18308,18345,18537,18349,18426,18492,18447,18440,18441,18452,18656,18749,18216,18260,18569,18692,18753,18880,18830,18596,18493,18573,18763,18786,19195,18831,18733,18635,18687,,
OKI,OKI2201,CTCT,ohaaki,Geo,Geo,2026-08-24,18710,18921,19102,18837,18726,18600,18664,18902,18994,18735,18607,18603,18847,19217,19167,19099,19451,19015,18535,18521,18915,18760,18391,18320,18391,18379,18478,16332,18364,18242,18289,18383,18386,18559,18761,18357,18573,18240,18370,18401,18956,19052,18999,18766,18619,18271,18055,18169,,
OKI,OKI2201,CTCT,ohaaki,Geo,Geo,2026-08-25,18167,18272,18466,18700,18614,18677,18657,18775,18892,18688,18746,19113,18662,18526,18427,18632,18251,18483,18634,18621,16642,16187,17024,19250,19150,18330,18162,18121,18137,18145,18205,18554,18153,18092,17920,18052,18469,18153,18215,18290,18134,18380,18540,18541,18774,18423,18470,18671,,
OKI,OKI2201,CTCT,ohaaki,Geo,Geo,2026-08-26,19079,19098,19073,18680,18227,17852,18144,18293,18484,18656,18638,18720,18655,18725,18710,19119,18699,18321,18273,18338,18680,18518,18481,18306,17794,18059,18140,18293,18281,18276,18547,18439,17961,17901,18077,18177,18199,18285,18459,18779,18316,18239,18152,18165,18132,18149,18278,18361,,
OKI,OKI2201,CTCT,ohaaki,Geo,Geo,2026-08-27,18515,18586,18469,18458,18705,18695,18744,18713,18562,18990,18691,18239,18103,18088,18355,18246,18334,18209,18122,18112,18254,18141,18205,18288,18033,18220,18409,18350,18739,18318,18244,18393,18417,18265,18574,18260,17880,18020,18004,17997,18073,18567,18687,18215,18240,18273,18528,18716,,
OKI,OKI2201,CTCT,ohaaki,Geo,Geo,2026-08-28,18440,18121,17990,18268,18261,18276,18085,18333,18231,18310,18254,18596,18634,18611,18832,18550,18408,18041,17903,17964,18102,18158,18178,18291,18225,18221,18241,18491,18314,18452,18674,18237,18174,18240,18417,18094,18472,18495,18781,18610,18387,18534,18714,18306,17797,17832,18021,18099,,
OKI,OKI2201,CTCT,ohaaki,Geo,Geo,2026-08-29,18214,18319,18335,18235,18304,18393,18766,18584,18219,18154,18236,18289,18278,18394,18296,18258,18361,18342,18631,18700,18859,18566,18179,17628,17623,17842,18210,18102,18136,17943,17919,18019,18123,17997,18016,17823,17966,18127,18075,18226,18164,18446,18168,18286,18362,18893,18781,18558,,
OKI,OKI2201,CTCT,ohaaki,Geo,Geo,2026-08-30,18459,18727,18366,17997,18090,18204,18446,18616,18770,18692,19041,19074,18698,18646,18727,18760,18845,18835,18462,18249,18422,18577,18137,18112,18102,18381,18579,18571,18639,18554,18136,17908,18170,18331,18588,18053,18067,18188,18180,18168,18291,18449,18490,18527,18504,18639,18576,18956,,
OKI,OKI2201,CTCT,ohaaki,Geo,Geo,2026-08-31,18670,18510,18714,18711,18693,18931,19150,18346,18171,18177,18208,18494,18425,18332,18384,18382,18361,18397,18417,18265,17937,18184,18299,18356,18546,18869,18231,18322,18479,18687,19042,18840,18785,19120,18900,18376,18380,18462,18906,18779,18487,18455,18497,18914,18728,18798,18305,18435,,
PPI,PPI2201,CTCT,poihipi,Geo,Geo,2026-08-01,18021,18022,18057,18041,18036,18031,18031,18028,18028,18028,18025,18034,18038,18036,18038,18039,18037,18030,18019,18014,18008,18010,18009,18006,18005,18003,17993,17921,17998,17981,17994,17995,18002,18014,18027,18027,18029,18033,18044,18064,18060,18057,18062,18058,18058,18056,18058,18058,,
PPI,PPI2201,CTCT,poihipi,Geo,Geo,2026-08-02,18062,18060,18062,18064,18062,18062,18060,18057,18060,18058,18061,18062,18059,18057,18056,18058,18057,18052,18033,18025,18019,17973,17827,17820,17811,17807,17806,17801,17800,17798,17788,17923,17914,17958,17991,17992,18012,18006,18010,18010,18013,18012,18013,18014,18015,18015,18014,18016,,
PPI,PPI2201,CTCT,poihipi,Geo,Geo,2026-08-03,18015,18015,18016,18016,18016,18017,18017,18016,18020,18016,18024,18008,18003,18002,18001,18001,17995,17986,17979,17968,17944,17751,17537,17763,17760,17750,17741,17739,17735,17729,17793,17935,17935,17935,17936,17932,17930,17932,17947,17957,17981,17969,17964,17961,17956,17953,17953,17945,,
PPI,PPI2201,CTCT,poihipi,Geo,Geo,2026-08-04,17949,17948,17948,17951,17947,17946,17962,17952,17958,17962,17965,17965,17964,17968,17968,17979,17982,17973,17970,17953,17949,17942,17945,17946,17942,17946,17956,17952,17956,17968,18004,17991,17997,18000,17996,17990,17999,18000,18000,17998,17999,18000,18002,18008,18005,18001,17996,18008,,
PPI,PPI2201,CTCT,poihipi,Geo,Geo,2026-08-05,18006,18000,17995,17998,17996,17996,17992,17995,18003,18006,18006,18000,17999,18001,18014,18017,18015,18009,18003,17993,17985,17982,17984,17978,17972,17972,17977,17990,17993,17988,17921,17915,17972,17968,17984,17990,17986,17989,18007,18011,18007,18004,18005,18044,18028,18027,18036,18043,,
PPI,PPI2201,CTCT,poihipi,Geo,Geo,2026-08-06,18044,18043,18043,18040,18041,18042,18043,18040,18040,18030,18033,18033,18033,18039,18007,18006,18008,17986,17969,17965,17961,17956,17866,17786,17826,17818,17810,17808,17806,17802,17798,17985,17994,17990,18004,18012,18018,18018,18018,18020,18019,18020,18048,18044,18043,18041,18041,18041,,
PPI,PPI2201,CTCT,poihipi,Geo,Geo,2026-08-07,18039,18039,18038,18039,18038,18039,18038,18039,18040,18040,18037,18038,18038,18037,18040,18045,18043,18044,18018,17992,17986,17981,17976,17968,17857,17765,17752,17753,17763,17771,17838,17967,17967,17967,17992,17996,17991,18007,18002,18002,17998,17999,17999,17998,17999,18002,18003,18000,,
PPI,PPI2201,CTCT,poihipi,Geo,Geo,2026-08-08,18000,18028,18014,18002,17996,17994,17993,17994,17994,17993,18007,18023,18017,18012,18010,18007,18002,17995,17992,17981,17975,17967,17962,17962,17956,17946,17937,17935,17931,17930,17933,17941,17946,17940,17941,17955,17977,17977,17980,17978,17984,17985,17986,17986,17987,17985,17985,17984,,
PPI,PPI2201,CTCT,poihipi,Geo,Geo,2026-08-09,17996,17985,17987,17987,17987,17984,17981,17980,17981,17979,17978,17975,17978,17981,17974,17970,17964,17957,17954,17949,17944,17936,17932,17925,17898,17884,17877,17865,17852,17835,17813,17812,17833,17857,17874,17889,17898,17904,17902,17898,17900,17906,17910,17912,17924,17930,17958,17954,,
PPI,PPI2201,CTCT,poihipi,Geo,Geo,2026-08-10,17956,17957,17959,17959,17963,17964,17966,17966,17967,17968,17965,17965,17965,17967,17968,17965,17962,17961,17957,17949,17943,17940,17935,17925,17932,17930,17929,17917,17494,17865,17936,17936,17938,17934,17926,17937,17950,17950,17945,17941,17947,17948,17970,17966,17966,17962,17963,17965,,
PPI,PPI2201,CTCT,poihipi,Geo,Geo,2026-08-11,17965,17962,17965,17970,17971,17974,17972,17972,17969,17966,17970,17971,17974,17967,18016,17998,17983,17969,17959,17941,17953,17949,17942,17935,17928,17924,17788,17735,17731,17727,17787,17919,17916,17911,17920,17932,17936,17941,17945,17952,17955,17961,17963,17963,17964,17961,17963,17964,,
PPI,PPI2201,CTCT,poihipi,Geo,Geo,2026-08-12,17968,17966,17964,17967,17969,17969,17969,17969,17971,17972,17969,17972,17970,17967,17970,17971,17964,17943,17913,17943,17938,17938,17931,17931,17940,17949,17945,17939,17934,17931,17931,17931,17928,17927,17929,17933,17937,17943,17944,17942,17941,17940,17938,17939,17941,17940,17941,17938,,
PPI,PPI2201,CTCT,poihipi,Geo,Geo,2026-08-13,17935,17932,17928,17928,17926,17922,17920,17921,17919,17922,17922,17924,17928,17921,17906,17906,17907,17910,17906,17894,17876,17871,17883,17875,17870,17861,17839,17830,17839,17831,17815,17810,17808,17806,17806,17804,17808,17832,17845,17842,17842,17849,17856,17855,17855,17852,17853,17850,,
PPI,PPI2201,CTCT,poihipi,Geo,Geo,2026-08-14,17858,17868,17871,17868,17861,17861,17866,17870,17868,17875,17878,17873,17877,17882,17880,17877,17878,17873,17870,17863,17853,17840,17845,17844,17841,17840,17845,17846,17848,17842,17839,17837,17833,17829,17828,17841,17847,17853,17859,17872,17875,17881,17892,17892,17896,17893,17889,17883,,
PPI,PPI2201,CTCT,poihipi,Geo,Geo,2026-08-15,17880,17879,17877,17876,17876,17872,17871,17872,17873,17871,17887,17883,17883,17875,17871,17871,17877,17869,17861,17855,17842,17696,17639,17631,17629,17631,17633,17627,17623,17620,17823,17824,17833,17843,17848,17860,17875,17887,17886,17890,17894,17894,17896,17928,17921,17918,17916,17917,,
PPI,PPI2201,CTCT,poihipi,Geo,Geo,2026-08-16,17917,17923,17927,17928,17930,17930,17934,17934,17938,17942,17943,17941,17939,17941,17940,17935,17931,17938,17936,17932,17930,17930,17934,17929,17927,17926,17921,17915,17913,17916,17923,17924,17919,17911,17915,17916,17923,17923,17977,17946,17940,17939,17933,17929,17936,17941,17952,17973,,
PPI,PPI2201,CTCT,poihipi,Geo,Geo,2026-08-17,17971,17969,17968,17968,17965,17966,17968,17974,18186,18241,18239,18211,18191,18061,18014,18012,17998,17979,17972,17964,18001,17970,17966,17969,17975,17977,17977,17977,17973,17970,17966,17960,17961,17958,18031,17982,17984,18112,18042,18008,18010,18016,18014,18012,18016,18015,18011,18002,,
PPI,PPI2201,CTCT,poihipi,Geo,Geo,2026-08-18,18005,18004,18003,18008,18005,18002,18004,18011,18118,18275,18277,18280,18258,18232,6842,0,0,0,0,0,0,0,0,0,0,0,0,0,0,0,0,0,0,0,0,0,0,3982,16113,18010,17976,17953,17943,18033,18008,17985,17989,17987,,
PPI,PPI2201,CTCT,poihipi,Geo,Geo,2026-08-19,17984,17980,17982,17985,17983,17977,17972,17975,17985,17990,17994,17992,18260,18218,18042,18035,18011,17991,17983,17985,17947,17897,17877,17864,17861,17803,17791,11277,0,0,1962,16122,17984,17945,17927,17970,17996,17992,18072,18013,18007,18004,18005,18014,18013,18010,18005,17994,,
PPI,PPI2201,CTCT,poihipi,Geo,Geo,2026-08-20,17988,17981,17979,17977,17977,17980,17985,18112,18044,18019,18013,18010,18005,18003,18000,18000,17988,17977,17920,17867,17806,17770,17763,17759,17751,17743,17734,17731,17724,17724,17822,17876,17855,17855,17860,17863,17865,17867,17869,17868,17949,17959,17962,17960,17984,17964,17963,17964,,
PPI,PPI2201,CTCT,poihipi,Geo,Geo,2026-08-21,17961,18002,17977,17974,17973,17973,17974,17973,17969,17969,17972,17972,17971,17970,17969,17967,17966,17954,17923,17905,17911,17899,17895,17891,17824,17786,17775,17767,17766,17759,17797,17858,17802,17869,17864,17930,17954,17952,17952,17950,17951,17949,17950,17951,17952,17951,17951,17951,,
PPI,PPI2201,CTCT,poihipi,Geo,Geo,2026-08-22,17952,17950,17951,17950,17953,17951,17950,17950,17949,17946,17949,17948,17951,17944,17938,17936,17933,17930,17927,17919,17835,17826,17812,17808,17792,17790,17784,17886,17825,17804,17801,17808,17815,17819,17821,17820,17820,17884,17910,17912,17904,17898,17905,17915,17917,17907,17908,17905,,
PPI,PPI2201,CTCT,poihipi,Geo,Geo,2026-08-23,17906,17907,17910,17913,17923,17925,17913,17909,17910,17902,17894,17887,17884,17888,17884,17883,17875,17874,17863,17857,17849,17843,17836,17832,17823,17796,17785,17797,17835,17858,17872,17884,17888,17896,17906,17937,17938,17936,17931,17931,17940,17947,17949,17950,17951,17951,17951,17948,,
PPI,PPI2201,CTCT,poihipi,Geo,Geo,2026-08-24,17949,17949,17950,17947,17944,17943,17938,17941,17936,17939,17947,17934,17934,17939,17938,17942,17937,17941,17909,17837,17814,17809,17774,17735,17732,17720,16418,17035,17732,17755,17813,17916,17873,17842,17843,17847,17927,17934,17935,17933,17928,17928,17928,17933,17932,17930,17938,17944,,
PPI,PPI2201,CTCT,poihipi,Geo,Geo,2026-08-25,17943,17948,17949,17946,17949,17947,17950,17946,17949,17952,17953,17958,17951,17941,17939,17940,17939,17933,17922,17857,17802,17793,17729,17711,17704,17701,17695,17689,17688,17685,17816,17812,17819,17825,17824,17823,17917,17923,17914,17908,17908,17911,17916,17912,17903,17907,17923,17934,,
PPI,PPI2201,CTCT,poihipi,Geo,Geo,2026-08-26,17934,17931,17932,17932,17932,17928,17931,17931,17934,17932,17927,17924,17926,17924,17924,17920,17921,17916,17915,17914,17909,17884,17813,17799,17765,17754,17755,17740,17741,17743,17800,17785,17791,17792,17800,17806,17815,17814,17817,17808,17804,17802,17799,17800,17798,17800,17800,17807,,
PPI,PPI2201,CTCT,poihipi,Geo,Geo,2026-08-27,17810,17812,17814,17901,17926,17927,17924,17924,17924,17927,17929,17924,17933,17913,17904,17897,17893,17883,17768,17761,17710,17690,17686,17680,17681,17674,17671,17666,17645,17642,17641,17749,17755,17828,17854,17852,17858,17865,17868,17862,17861,17867,17869,17874,17879,17885,17885,17888,,
PPI,PPI2201,CTCT,poihipi,Geo,Geo,2026-08-28,17895,17896,17891,17875,17864,17857,17863,17860,17858,17860,17861,17863,17874,17872,17866,17868,17869,17862,17862,17861,17836,17788,17787,17779,17775,17780,17779,17780,17779,17784,17777,17777,17783,17782,17857,17872,17870,17872,17870,17869,17870,17867,17867,17876,17875,17874,17879,17874,,
PPI,PPI2201,CTCT,poihipi,Geo,Geo,2026-08-29,17874,17867,17864,17860,17861,17856,17851,17850,17854,17854,17861,17857,17854,17842,17828,17819,17805,17794,17790,17777,17768,17722,17684,17685,17686,17682,17681,17678,17685,17690,17752,17797,17805,17809,17813,17813,17814,17824,17836,17841,17850,17861,17879,17880,17886,17888,17885,17886,,
PPI,PPI2201,CTCT,poihipi,Geo,Geo,2026-08-30,17890,17887,17884,17889,17903,17921,17922,17921,17922,17990,17947,17929,17924,17912,17907,17906,17900,17883,17875,17876,17796,17763,17701,17776,17793,17761,17748,17740,17677,17663,17769,17825,17834,17837,17839,17841,17854,17860,17860,17867,17873,17876,17878,17877,17885,17896,17888,17879,,
PPI,PPI2201,CTCT,poihipi,Geo,Geo,2026-08-31,17870,17874,17877,17882,17893,17904,17905,17906,17907,17915,17919,17919,17916,17916,17916,17912,17911,17907,17900,17896,17811,17790,17412,17763,17743,17741,17832,17771,17752,17739,17800,17773,17781,17779,17780,17787,17833,17871,17873,17885,17888,17891,17893,17893,17897,17892,17891,17894,,
ROT,ROT1101,CNIR,wheao_flaxy,Hydro,Hydro,2026-08-01,4553,4535,4539,4539,4537,4538,4541,4534,4539,4538,4536,4538,4540,4541,4537,6197,8699,8880,8877,6758,6486,6435,4523,4050,4060,4055,4057,4049,4041,4048,4044,4048,6204,6487,6488,8745,9112,9118,9108,9103,7115,6474,6501,5474,4102,4291,4289,4290,,
ROT,ROT1101,CNIR,wheao_flaxy,Hydro,Hydro,2026-08-02,4292,4290,4291,4287,4297,4288,4290,4289,4288,4289,4286,4289,4289,4288,7888,8875,8867,8854,8864,6638,6025,6001,5991,3539,3046,3044,3046,3044,3042,3069,3032,3042,3040,3058,3030,3130,6334,8320,8625,8630,8630,8625,6499,6327,6336,6348,4632,4539,,
ROT,ROT1101,CNIR,wheao_flaxy,Hydro,Hydro,2026-08-03,4541,4542,4539,4533,4542,4532,4540,4533,4539,4409,4036,4038,4162,6579,8730,8850,8849,8860,8863,8832,6791,4690,4042,4046,4461,4533,4544,4548,4544,4113,4057,4048,4047,4038,5440,5895,5902,5905,5905,5909,5914,5921,5923,5921,5920,5918,5922,5919,,
ROT,ROT1101,CNIR,wheao_flaxy,Hydro,Hydro,2026-08-04,4625,4548,4538,4540,4546,4542,4539,4545,4539,4541,4537,4547,4099,5700,5907,5921,5925,5922,5919,6073,5918,6258,6388,4470,4289,4280,4301,4284,4288,4295,4294,4295,4283,6134,8987,9109,8895,8878,8780,8704,8643,8620,8630,8683,6634,4367,3799,3798,,
ROT,ROT1101,CNIR,wheao_flaxy,Hydro,Hydro,2026-08-05,3956,4028,3795,3793,3797,3792,3796,3793,3796,3792,3797,3800,5531,8541,9741,9829,9849,8935,8855,6632,4954,4293,4290,4298,4290,4286,4292,4302,4290,4292,4289,4287,4296,6003,8676,8880,8865,8878,8856,8864,8857,8848,6517,6350,6469,6481,4644,4291,,
ROT,ROT1101,CNIR,wheao_flaxy,Hydro,Hydro,2026-08-06,4289,4291,4294,4290,4265,4046,4041,4042,4041,4040,4043,4036,4076,8044,9761,9811,9803,9815,8910,6599,6472,5018,4293,4290,4293,4291,4290,4293,4291,4291,4290,4289,4287,4291,6128,6485,8716,8879,8857,8868,9078,9084,9089,6940,4993,4300,4288,4291,,
ROT,ROT1101,CNIR,wheao_flaxy,Hydro,Hydro,2026-08-07,4293,4290,4284,4296,4292,4286,4292,4194,4041,4041,4035,4025,5954,8905,9091,9096,9087,9112,9103,6796,4236,4041,4041,4049,4040,4042,4041,4049,4047,4040,4042,4040,4045,4046,6443,8720,8785,8824,8845,8840,8838,6778,6716,6711,5008,4290,4289,4288,,
ROT,ROT1101,CNIR,wheao_flaxy,Hydro,Hydro,2026-08-08,4290,4292,4291,4289,4292,4285,4290,4289,4292,4286,4287,4260,4035,4041,6327,7837,8867,8838,7095,4176,4055,4039,4037,4046,4038,4043,4042,4041,4039,4043,4038,4039,4043,4040,6198,6360,6360,6360,6359,6359,6357,6357,4219,4041,4039,3838,3848,3269,,
ROT,ROT1101,CNIR,wheao_flaxy,Hydro,Hydro,2026-08-09,3242,3221,3143,3497,3632,3625,3619,3452,3546,3542,3537,3537,3542,3528,4000,4035,4042,4030,4035,4033,4039,4038,4034,4033,4039,6196,6361,6361,6364,6363,6364,6364,6366,6375,6370,8114,9109,9108,9113,9107,9098,6619,4188,4042,4038,4038,4040,4043,,
ROT,ROT1101,CNIR,wheao_flaxy,Hydro,Hydro,2026-08-10,4041,4040,4040,4038,4049,4046,4044,4023,4039,4050,4045,4035,4045,6194,8025,8885,8866,8867,6788,5059,4149,4286,4297,4290,4084,4036,4042,4215,4347,4543,4538,4538,4546,4515,6066,8901,9118,9127,9119,9119,9105,9102,9110,9096,7161,4777,4050,4044,,
ROT,ROT1101,CNIR,wheao_flaxy,Hydro,Hydro,2026-08-11,4041,4041,4042,4044,4047,4040,4040,4040,4043,4033,4037,4031,4087,6644,8922,9116,9108,9142,9107,9114,7698,6238,4187,4042,4047,4041,4048,4206,4215,4040,4050,4050,4036,4047,6141,8223,9094,9110,9116,9095,7109,6344,6346,6352,6349,4223,4044,4044,,
ROT,ROT1101,CNIR,wheao_flaxy,Hydro,Hydro,2026-08-12,4042,4045,4046,4047,4044,4044,4043,4041,4044,4042,4043,4033,4047,6011,8707,8871,8875,8878,8854,8852,6887,6719,5190,4542,4551,4537,4539,4544,4535,4539,4535,4531,4542,4538,6210,8610,8618,8618,8624,8606,8605,8598,6583,4382,4042,4041,4041,4041,,
ROT,ROT1101,CNIR,wheao_flaxy,Hydro,Hydro,2026-08-13,4042,4041,4039,4040,4043,4041,4037,4040,4039,4041,4052,4041,4038,4036,5938,8916,9108,9091,9084,6966,5147,4535,4539,4535,4536,4537,4539,4544,4538,4536,4532,4539,4304,4288,6184,6737,6729,6737,6730,6731,6694,5962,6238,4338,4186,4190,4190,4191,,
ROT,ROT1101,CNIR,wheao_flaxy,Hydro,Hydro,2026-08-14,4195,4190,4192,4189,4191,4193,4191,4192,4192,4186,4189,4189,4039,6038,8769,8878,8874,8895,6750,6484,6490,6485,6032,4444,1105,3762,6556,6977,6975,6984,6990,6978,6779,8789,8875,8881,8856,8849,8852,8849,6788,6718,4671,4085,4540,4541,4553,4542,,
ROT,ROT1101,CNIR,wheao_flaxy,Hydro,Hydro,2026-08-15,4543,4540,4540,4474,4045,4043,4042,4042,4050,4043,4041,4039,4041,4043,4042,5621,8409,8862,8659,8678,6898,6472,4675,4040,4045,4056,4036,4045,4057,4048,4049,4038,4044,4039,6167,8414,8521,8524,8518,8386,8377,7892,7871,6465,5724,3990,3548,3062,,
ROT,ROT1101,CNIR,wheao_flaxy,Hydro,Hydro,2026-08-16,3051,3049,3046,3045,3509,3546,4265,4292,4292,4288,4287,4291,4065,4044,4040,6140,8488,8471,8468,8501,6601,6475,4645,4114,4139,4144,4147,4141,4144,4142,4138,4144,4135,4140,6011,8689,8848,8856,8843,6578,6472,6469,6470,6474,6472,6486,6354,6382,,
ROT,ROT1101,CNIR,wheao_flaxy,Hydro,Hydro,2026-08-17,4309,4041,4045,4043,4045,4039,4046,6113,6314,6312,6326,6343,5905,4044,925,0,0,0,0,0,0,0,0,0,0,0,0,0,0,0,0,0,0,0,0,0,0,0,0,0,0,0,0,0,0,0,0,0,,
ROT,ROT1101,CNIR,wheao_flaxy,Hydro,Hydro,2026-08-18,0,0,0,0,0,0,0,0,0,0,0,0,0,0,0,0,0,0,0,0,0,0,0,0,0,0,0,0,0,0,0,0,0,0,0,0,0,0,0,0,0,0,0,0,0,0,0,0,,
ROT,ROT1101,CNIR,wheao_flaxy,Hydro,Hydro,2026-08-19,0,0,0,0,0,0,0,0,0,0,0,0,0,0,0,0,0,0,0,0,0,0,0,0,0,0,0,0,0,0,0,0,0,0,0,0,0,0,0,0,0,0,0,0,0,0,0,0,,
ROT,ROT1101,CNIR,wheao_flaxy,Hydro,Hydro,2026-08-20,0,0,0,0,0,0,0,0,0,0,0,0,0,0,0,0,0,0,0,0,0,0,0,0,0,0,0,0,0,0,0,0,0,0,0,0,0,0,0,0,0,0,0,0,0,0,0,0,,
ROT,ROT1101,CNIR,wheao_flaxy,Hydro,Hydro,2026-08-21,0,0,0,0,0,0,0,0,0,0,0,0,0,0,0,0,0,0,0,0,0,0,0,0,0,0,0,0,0,0,0,0,0,0,0,0,0,0,0,0,0,0,0,0,0,0,0,0,,
ROT,ROT1101,CNIR,wheao_flaxy,Hydro,Hydro,2026-08-22,0,0,0,0,0,0,0,0,0,0,0,0,0,0,0,0,0,0,0,0,0,0,0,0,0,0,0,0,0,0,0,0,0,0,0,0,0,0,0,0,0,0,0,0,0,0,0,0,,
ROT,ROT1101,CNIR,wheao_flaxy,Hydro,Hydro,2026-08-23,0,0,0,0,0,0,0,0,0,0,0,0,0,0,0,0,0,0,0,0,0,0,0,0,0,0,0,0,0,0,0,0,0,0,0,0,0,0,0,0,0,0,0,0,0,0,0,0,,
ROT,ROT1101,CNIR,wheao_flaxy,Hydro,Hydro,2026-08-24,0,0,0,0,0,0,0,0,0,0,0,0,0,0,0,0,0,0,0,0,0,0,0,0,0,0,0,0,0,0,0,0,0,0,0,0,0,0,0,0,0,0,0,0,0,0,0,0,,
ROT,ROT1101,CNIR,wheao_flaxy,Hydro,Hydro,2026-08-25,0,0,0,0,0,0,0,0,0,0,0,0,0,0,0,0,0,0,0,0,0,0,0,0,0,0,0,0,0,0,0,0,0,0,0,0,0,0,0,0,0,0,0,0,0,0,0,0,,
ROT,ROT1101,CNIR,wheao_flaxy,Hydro,Hydro,2026-08-26,0,0,0,0,0,0,0,0,0,0,0,0,0,0,0,0,0,0,0,0,0,0,0,0,0,0,0,0,0,0,0,0,0,0,0,0,0,0,0,0,0,0,0,0,0,0,0,0,,
ROT,ROT1101,CNIR,wheao_flaxy,Hydro,Hydro,2026-08-27,0,0,0,0,0,0,0,0,0,0,0,0,0,0,0,0,0,0,0,0,0,0,0,0,0,0,0,0,0,0,0,0,0,0,0,0,0,0,0,0,0,0,0,0,0,0,0,0,,
ROT,ROT1101,CNIR,wheao_flaxy,Hydro,Hydro,2026-08-28,0,0,0,0,0,0,0,0,0,0,0,0,0,0,0,0,0,0,0,0,0,0,0,0,0,0,0,0,0,0,2887,7594,9814,7706,7535,7727,6142,5891,5515,5599,4646,6298,6299,6559,5595,4179,3772,3772,,
ROT,ROT1101,CNIR,wheao_flaxy,Hydro,Hydro,2026-08-29,3672,3542,3546,3542,3551,3544,3545,3583,3672,3680,3670,3675,3668,3674,3672,3674,5776,6487,6482,6473,6463,6469,6468,6469,6477,6451,6473,6465,6453,6463,6457,6459,6453,6453,6461,6456,6468,6449,6464,6463,4028,3525,3534,3660,3680,3768,3780,3775,,
ROT,ROT1101,CNIR,wheao_flaxy,Hydro,Hydro,2026-08-30,3774,3780,3793,3783,3780,3778,3783,3777,3782,3781,3781,3779,3777,3775,3776,3778,3792,6098,6367,6373,6371,6379,6512,6022,6024,4368,4036,4053,4039,4028,4029,5967,6464,6603,6562,6482,3980,3778,3781,3777,3787,3781,3780,3777,3788,3779,3776,3781,,
ROT,ROT1101,CNIR,wheao_flaxy,Hydro,Hydro,2026-08-31,3778,3784,3791,3777,3785,3780,3781,3738,3548,3546,3543,3553,3554,5721,6517,8414,8867,8869,8854,6768,6502,4067,3542,3530,3532,3530,3529,3537,3554,3526,3538,3523,3528,3546,5986,8679,8859,8842,8862,8852,6607,6492,4410,3780,3778,3787,3781,3777,,
ROX,ROX1101,CTCT,roxburgh,Hydro,Hydro,2026-08-01,40320,40308,39957,40080,40074,40086,40032,40013,40104,40046,40035,40057,40080,40045,40012,40077,40025,40105,39865,40114,40025,39728,40266,40080,40141,40072,39974,39874,40047,39995,40134,39714,40496,39897,40001,39352,39821,40679,40037,39821,40095,39860,39810,39823,39907,39980,39935,40088,,
ROX,ROX1101,CTCT,roxburgh,Hydro,Hydro,2026-08-02,39780,40159,39950,39574,40663,40122,40383,40376,40258,40103,40057,40076,41717,40062,40086,39703,40075,40062,40051,40052,40074,40066,40019,40041,40042,40066,40031,40019,40046,40259,39938,40054,40065,40232,39901,40125,40093,40045,40037,39967,40106,40110,40075,40019,40107,40102,39895,38274,,
ROX,ROX1101,CTCT,roxburgh,Hydro,Hydro,2026-08-03,20119,20040,20028,19997,20025,19961,20115,19997,20041,20023,26100,40043,40002,40108,40002,40099,40059,40017,40051,39969,40156,40126,40042,40056,40078,39937,40069,40199,40003,40001,40265,40051,40065,39954,40053,40053,40056,40140,40059,40029,40035,40021,40070,40079,40041,39990,40149,40022,,
ROX,ROX1101,CTCT,roxburgh,Hydro,Hydro,2026-08-04,40082,40109,39926,40088,40143,40015,39975,40169,40027,40075,39972,40307,40018,40115,39946,40269,40196,40035,39980,40056,40038,40136,41022,41171,41032,40846,41357,40962,41012,41087,41107,40992,40000,41168,41051,41010,41079,40605,40182,40168,40010,40045,40037,40076,40082,40087,40058,40049,,
ROX,ROX1101,CTCT,roxburgh,Hydro,Hydro,2026-08-05,40086,40034,39834,40006,39985,40093,40109,40052,40060,39989,40124,40109,39925,40138,39973,40124,40247,39983,40029,40029,40135,40000,40002,40113,40123,39996,40001,40152,40043,40041,40100,39982,40042,40095,40077,39965,40067,40120,40016,40074,40057,39971,40127,40061,40057,40049,40122,20054,,
ROX,ROX1101,CTCT,roxburgh,Hydro,Hydro,2026-08-06,3140,0,0,0,0,0,0,0,0,19139,19999,20045,19996,37458,42024,42044,42057,42115,40134,40003,40085,20229,20002,20028,20040,20015,20030,25486,34018,34129,34057,39900,40015,40157,40039,40014,40104,40020,40044,40074,40027,40074,40009,40094,40055,40029,40098,40025,,
ROX,ROX1101,CTCT,roxburgh,Hydro,Hydro,2026-08-07,40079,40048,39962,20414,20032,20028,20035,19979,20418,20519,20046,20031,20031,36972,40020,40336,39941,40141,40137,39978,40014,40050,40096,40039,40035,39985,40275,40324,40192,40177,40161,39878,40105,39642,40136,40056,40026,40074,40058,40073,40012,40034,40072,40052,40062,40033,40086,40018,,
ROX,ROX1101,CTCT,roxburgh,Hydro,Hydro,2026-08-08,40058,20304,20023,19944,37,0,0,0,0,0,0,0,0,0,0,0,17801,20021,20027,20023,20100,19945,20007,38178,40027,40074,40022,40071,40078,40040,21169,20011,20022,20024,19994,20047,20026,20031,20040,20013,20030,20018,20014,20026,20048,20009,20021,681,,
ROX,ROX1101,CTCT,roxburgh,Hydro,Hydro,2026-08-09,0,0,0,0,0,0,0,0,0,0,0,0,0,0,0,0,0,0,0,1842,19893,20050,19997,21113,40025,39928,40014,40161,40068,39997,40114,40010,40015,40131,40034,40090,40007,40068,23511,20033,20018,20021,20022,20034,20022,20027,20023,20009,,
ROX,ROX1101,CTCT,roxburgh,Hydro,Hydro,2026-08-10,20048,20000,20053,284,0,0,0,0,0,0,0,16774,22385,39958,40184,40032,39993,40165,39978,40079,40109,39942,40166,40088,40019,39954,40121,39989,40194,40053,40040,39982,40108,40000,40130,40030,40104,40088,40035,40039,40033,40042,40055,40064,20260,20002,20032,20032,,
ROX,ROX1101,CTCT,roxburgh,Hydro,Hydro,2026-08-11,157,0,0,0,0,0,0,0,0,0,2011,19974,28877,38839,40048,40054,40064,40158,39921,40079,40072,40037,40052,40046,40077,39906,40194,40058,40045,40045,40408,39992,40039,40018,40187,40134,39954,40043,40158,39905,40121,40057,40045,40181,39925,20216,19993,176,,
ROX,ROX1101,CTCT,roxburgh,Hydro,Hydro,2026-08-12,0,0,0,0,0,0,0,0,0,0,3576,20037,27415,39850,39976,40146,40045,40199,39925,40061,40035,40052,39953,40142,40177,40001,40028,40130,40018,40035,40063,40067,40073,40039,40037,40098,40041,40064,40048,40021,40056,40063,40039,40054,40083,39939,20155,20013,,
ROX,ROX1101,CTCT,roxburgh,Hydro,Hydro,2026-08-13,77,0,0,0,0,0,0,0,0,0,0,0,16848,38411,40033,40096,40103,39996,37392,39956,39979,40094,40046,40054,40043,40076,40119,40027,40076,40085,40072,40032,40017,40033,40125,40034,40073,40070,39993,40037,40058,40083,40054,40049,20204,20012,20046,20027,,
ROX,ROX1101,CTCT,roxburgh,Hydro,Hydro,2026-08-14,20012,20037,20002,87,0,0,0,0,0,0,0,0,0,15607,36991,40034,40095,40139,40015,20361,20039,19919,19995,20011,20042,19884,19875,20002,19958,20046,20057,19908,20104,31976,30093,31717,30072,31058,40005,39872,39575,38633,40007,39733,39959,20288,19878,20059,,
ROX,ROX1101,CTCT,roxburgh,Hydro,Hydro,2026-08-15,660,0,0,0,0,0,0,0,0,0,0,0,0,0,0,0,3,19591,39140,40552,40149,40053,40065,25157,20043,20135,19877,20046,20067,20091,38055,40006,40189,40013,40204,40186,39952,39549,39829,40134,40045,39752,39993,40111,20513,2835,0,0,,
ROX,ROX1101,CTCT,roxburgh,Hydro,Hydro,2026-08-16,0,0,0,0,0,0,0,0,0,0,0,0,0,0,0,0,0,0,18218,20005,20029,20003,19986,20105,20006,19985,20042,20017,34299,40045,41582,40193,40072,40068,40094,39938,40088,40063,40043,40027,40062,40042,40048,40067,40031,40156,39951,29971,,
ROX,ROX1101,CTCT,roxburgh,Hydro,Hydro,2026-08-17,20038,460,0,0,0,0,0,0,0,0,0,886,20037,28630,39630,39957,40399,40358,20221,19913,20098,19746,17410,16838,17915,17648,16730,17824,17817,18113,17343,15969,18062,16913,25320,39754,40203,40012,40054,40059,40048,40027,40088,40002,40223,30051,30129,20467,,
ROX,ROX1101,CTCT,roxburgh,Hydro,Hydro,2026-08-18,20011,19993,20039,162,0,0,0,0,0,0,0,18,19419,27571,39294,39717,39861,32294,39914,40221,21282,20093,20095,20150,20308,20318,20307,19982,20080,20015,20005,20044,19963,20097,19964,37634,40085,40030,40057,40053,40068,40000,40084,40010,20255,20011,20038,20024,,
ROX,ROX1101,CTCT,roxburgh,Hydro,Hydro,2026-08-19,305,0,0,0,0,0,0,0,0,0,0,1116,19955,22090,39591,40064,40070,39282,39814,40079,40090,39988,39990,40163,21889,19979,20033,749,0,0,0,15590,20080,20031,23700,40024,39927,40163,40043,40039,40040,40057,39988,40117,40132,20292,19981,362,,
ROX,ROX1101,CTCT,roxburgh,Hydro,Hydro,2026-08-20,0,0,0,0,0,0,0,0,0,0,0,13323,27082,30085,39803,40239,40102,39953,39886,40109,40034,40033,40196,39995,20595,20067,19741,19803,19974,19991,20075,19946,20081,38636,40047,40079,40020,40061,40004,40143,40010,40005,40141,40038,20473,20007,20038,258,,
ROX,ROX1101,CTCT,roxburgh,Hydro,Hydro,2026-08-21,0,0,0,0,0,0,0,0,0,0,0,0,18975,20057,37416,40123,40055,40059,40006,40116,37351,39833,40071,20528,20028,455,0,0,0,0,0,14667,19991,37476,40042,33470,21483,21510,21534,21519,21588,21497,21568,21525,20074,19978,20024,20054,,
ROX,ROX1101,CTCT,roxburgh,Hydro,Hydro,2026-08-22,20033,19989,180,0,0,0,0,0,0,0,0,0,0,3,19513,20015,20151,19949,20118,20037,20012,20031,20046,462,0,0,0,0,0,0,0,0,18157,20040,19962,20069,20034,20016,19998,20065,20006,20043,20011,20062,20034,20002,20060,20012,,
ROX,ROX1101,CTCT,roxburgh,Hydro,Hydro,2026-08-23,249,0,0,0,0,9980,16593,16028,587,0,0,0,0,0,0,0,0,0,0,0,0,0,0,11597,14984,14952,15126,15114,15237,15222,14994,15048,19913,20025,20074,20003,20043,20038,20030,20016,20036,20027,19989,20099,20000,20016,20047,20020,,
ROX,ROX1101,CTCT,roxburgh,Hydro,Hydro,2026-08-24,20089,19978,20027,20047,15043,15027,20019,20011,20041,20003,20032,20021,20066,19995,20032,20030,20015,20037,20008,20034,20038,18402,20053,20090,19946,20025,19841,20089,20045,20049,20050,19967,20061,19993,20036,20024,20029,20034,20042,20008,20023,20031,20007,19974,20110,19988,20006,20007,,
ROX,ROX1101,CTCT,roxburgh,Hydro,Hydro,2026-08-25,20068,20003,326,0,0,0,0,0,0,178,19771,20080,20062,20039,20010,20043,20060,20026,19888,20109,20030,20027,20031,20004,19470,19959,19996,20064,19890,20126,20087,38046,40076,40154,40079,32888,39872,40230,40071,40033,40015,40059,40061,40033,40181,39971,40055,40040,,
ROX,ROX1101,CTCT,roxburgh,Hydro,Hydro,2026-08-26,20493,20024,19934,20,0,0,0,0,0,12427,20013,22976,39793,40097,40032,40096,36559,20157,19963,20111,19986,20060,19955,31372,40013,40063,40002,40091,40061,40089,40036,40013,40040,40080,40045,40061,40044,40006,40068,40059,37412,40129,40089,40056,39993,40186,39995,40056,,
ROX,ROX1101,CTCT,roxburgh,Hydro,Hydro,2026-08-27,39944,20230,20008,19994,73,0,0,0,0,0,18459,19970,20036,20049,20006,20063,20018,20030,20011,20414,39672,40088,40079,40012,40037,40007,40040,40137,40075,39961,40062,40063,40086,40024,40062,40012,40073,40045,40085,40044,40052,40041,40097,40026,40092,40071,39995,40036,,
ROX,ROX1101,CTCT,roxburgh,Hydro,Hydro,2026-08-28,40096,40054,37297,33515,30053,29925,28247,27867,28801,29395,36741,40027,40106,40000,40043,40134,40089,38532,36111,35061,29985,28505,29565,33663,25381,1775,0,0,0,0,0,0,0,18304,20090,20032,19970,20054,20034,20010,20030,20028,20028,20006,20063,19908,20010,477,,
ROX,ROX1101,CTCT,roxburgh,Hydro,Hydro,2026-08-29,0,0,0,0,0,0,0,0,0,0,0,0,0,0,0,0,0,0,0,0,0,0,0,0,0,0,0,0,0,0,0,0,0,0,0,0,0,0,0,0,0,0,0,0,0,0,0,0,,
ROX,ROX1101,CTCT,roxburgh,Hydro,Hydro,2026-08-30,0,0,0,0,0,0,0,0,0,0,0,0,0,0,0,0,0,0,0,0,0,0,0,0,0,0,0,0,0,0,0,0,0,0,18246,37784,36413,37844,26204,26037,26041,7,0,0,0,0,0,0,,
ROX,ROX1101,CTCT,roxburgh,Hydro,Hydro,2026-08-31,0,0,0,0,0,0,0,0,0,0,0,0,17746,26114,32865,40060,38072,30345,20285,10297,0,0,0,0,0,0,0,0,0,3614,15006,15018,14962,27554,39836,40080,40048,39992,40130,40040,40002,40084,40079,40045,40015,40136,40007,40083,,
ROX,ROX2201,CTCT,roxburgh,Hydro,Hydro,2026-08-01,100695,100755,99826,100185,100184,100198,100077,100030,100263,100111,100091,99470,99377,100088,100040,100180,100067,100269,99923,100288,100055,99310,100637,100202,100290,100117,99887,99670,100124,99990,100342,99282,101204,99714,99999,98385,99554,101699,100101,99531,100226,99662,99491,99559,99764,80336,99073,100243,,
ROX,ROX2201,CTCT,roxburgh,Hydro,Hydro,2026-08-02,99453,100386,99881,98941,101648,100308,100958,100937,100647,100259,100143,100187,103442,100062,100201,99250,100196,100155,100128,100123,100156,100162,100046,100099,100118,100168,100077,100058,100117,100626,99799,100132,100158,100543,99726,100311,100225,100113,100094,99915,100256,100267,100122,100042,100269,100259,99649,100389,,
ROX,ROX2201,CTCT,roxburgh,Hydro,Hydro,2026-08-03,100170,80792,80148,79992,80133,79802,80579,79985,80245,100016,94086,100131,99944,100279,100012,100247,100152,100039,100125,99926,100404,100342,100024,100108,80572,79871,80140,80393,80002,80003,80472,80091,80112,79913,99684,100122,100150,100354,100148,100069,100085,100056,100127,100191,100101,99975,100319,100056,,
ROX,ROX2201,CTCT,roxburgh,Hydro,Hydro,2026-08-04,100215,100219,79938,80231,80379,80034,79936,80425,80090,99554,99835,100729,99973,100282,99834,100658,80689,79961,79943,80112,80079,80237,81043,81337,80970,80694,81786,81312,81548,81674,81684,81473,79993,83314,83091,81999,82155,87130,100472,100321,99965,100108,100063,100186,100208,100237,100065,100125,,
ROX,ROX2201,CTCT,roxburgh,Hydro,Hydro,2026-08-05,100215,100086,99592,99999,99958,100228,100278,100127,100147,99946,100302,100213,99815,100339,99930,100303,100596,99871,100077,80441,80274,79993,80007,80201,80239,79881,79977,80234,80079,80082,80207,79960,80085,80194,99860,99928,100167,100225,100038,100189,100144,99876,100319,100151,100138,100124,100821,100120,,
ROX,ROX2201,CTCT,roxburgh,Hydro,Hydro,2026-08-06,97403,100083,100130,100125,100163,100208,100031,100150,100183,100085,100003,100238,99937,100137,104815,104844,104773,104830,100534,100007,100218,100110,100010,100127,100203,80729,80109,74650,66032,66264,66112,79742,79797,76849,100455,105025,105268,105038,105104,100194,100071,100188,99951,100241,100133,100008,100259,100075,,
ROX,ROX2201,CTCT,roxburgh,Hydro,Hydro,2026-08-07,100201,100122,99902,100289,100170,100146,100177,99901,101386,101599,100094,99244,100006,97740,99352,100848,99856,100345,80984,98786,100033,80227,80190,80075,80081,79970,80551,80650,80386,80298,80318,79765,80207,96755,100292,100129,100072,100185,100143,100171,100038,100077,100183,100129,100153,100079,100218,100046,,
ROX,ROX2201,CTCT,roxburgh,Hydro,Hydro,2026-08-08,100151,100148,100045,80115,60249,60128,60023,60080,60178,79930,80107,80130,80090,80141,80079,79912,97314,100109,100133,100111,100524,99760,100041,100300,100061,100189,100004,100185,100200,100099,100175,100053,100111,100126,99965,100236,100129,100149,100199,100062,100157,100107,100085,100137,100238,100047,100101,100187,,
ROX,ROX2201,CTCT,roxburgh,Hydro,Hydro,2026-08-09,100031,100136,80350,80012,60179,60045,60056,60121,60182,60113,60041,79780,80238,99689,100136,100187,100119,100146,100130,98547,100183,100255,99991,100109,100362,99787,100034,100404,100178,80379,80278,80053,81322,100257,83730,100179,100013,100172,96627,100180,100082,98860,90138,90171,92505,92661,85063,84544,,
ROX,ROX2201,CTCT,roxburgh,Hydro,Hydro,2026-08-10,100074,80421,92064,80605,80286,80374,80047,79650,80332,80513,80093,99650,97970,98736,100460,100081,99985,100394,99913,92718,86089,79867,80403,88946,99135,99887,100304,99953,100487,84583,80096,99680,100266,100008,100252,100066,100259,100218,100071,100090,100088,100106,100139,100161,100231,100008,100159,100141,,
ROX,ROX2201,CTCT,roxburgh,Hydro,Hydro,2026-08-11,100109,100091,100074,80416,60113,60147,60072,60077,60152,80097,78218,99639,92303,100327,100120,100136,100158,100378,99767,100168,100178,100092,100111,100113,100185,99772,100480,100149,100117,100118,100971,99912,100099,99973,100487,100322,99874,100101,100395,99762,81262,80139,99392,100425,99774,100182,99973,100164,,
ROX,ROX2201,CTCT,roxburgh,Hydro,Hydro,2026-08-12,80956,80098,80037,80242,60671,59956,60138,60074,60195,80093,76266,80249,72941,79885,79934,80291,80093,80345,79801,80120,80075,99968,99884,100358,100382,99983,100072,100264,100046,100092,100158,100160,100082,100084,100095,100243,100102,100165,100121,99949,100138,100170,100101,100137,100212,99913,100201,80376,,
ROX,ROX2201,CTCT,roxburgh,Hydro,Hydro,2026-08-13,80029,80118,80115,80081,80123,80114,80089,79989,80252,80034,80207,80131,80078,97982,100084,100245,100252,99966,80366,80123,79949,80191,80104,80108,80093,80110,80220,80012,94882,90429,99408,100059,100039,100082,100312,100092,100186,100171,99985,100094,100146,100213,100070,100131,80339,80051,80213,80139,,
ROX,ROX2201,CTCT,roxburgh,Hydro,Hydro,2026-08-14,80449,100133,90208,92116,92251,91924,90120,82189,82140,82069,81749,99563,100243,100170,100400,100084,100240,100323,99988,100071,100193,99613,99955,100062,100217,99430,99368,100007,99802,100244,100284,99544,100499,97190,95247,96795,95102,95622,100116,99679,98988,98451,99935,99327,99898,99401,99504,100298,,
ROX,ROX2201,CTCT,roxburgh,Hydro,Hydro,2026-08-15,100040,80212,80150,75738,79994,80082,80187,80001,80132,62120,63492,74174,80090,80147,79798,80347,100069,99526,98312,101357,100359,100102,100172,94915,100238,100811,99438,100287,100380,100476,100445,100005,100473,100043,100506,100506,99886,98880,99570,100345,100115,99373,99986,100272,99366,99440,80107,80185,,
ROX,ROX2201,CTCT,roxburgh,Hydro,Hydro,2026-08-16,80058,80131,60380,60048,60043,60130,60057,60090,60290,60078,60050,60191,59858,60201,60047,78554,80123,96364,100347,100033,100147,100018,99941,100548,100041,99935,100205,100093,100189,100118,100236,86597,99866,100160,100230,99849,100214,100160,100111,100068,100155,100106,100125,100172,100093,100382,99804,90732,,
ROX,ROX2201,CTCT,roxburgh,Hydro,Hydro,2026-08-17,100275,99764,100257,100141,80318,80189,80112,81705,83067,82558,82102,97547,99965,91028,99654,99896,100997,100892,99911,99585,100517,99283,95041,93520,96128,95509,93413,95796,95625,96548,94767,91576,96919,93882,94499,99671,100518,100029,100136,100148,100113,100066,100143,100002,100561,90777,90205,99741,,
ROX,ROX2201,CTCT,roxburgh,Hydro,Hydro,2026-08-18,100060,99961,100225,99761,99403,99904,101131,99513,100380,99808,99019,100150,98535,93204,99181,99272,99660,100867,81065,80664,75107,70699,70706,76680,81236,81296,81233,79927,80329,80062,80118,80269,79864,80400,79872,98293,100223,100074,100146,100132,100168,100003,100212,100020,100254,100053,80395,80084,,
ROX,ROX2201,CTCT,roxburgh,Hydro,Hydro,2026-08-19,80083,80023,63673,64121,64049,64270,63977,64106,64154,64003,79944,79008,80057,97888,99807,100164,100175,99840,99937,100201,100242,99966,99977,100425,100202,81716,80130,80024,80401,80018,80185,95265,100406,100146,100187,100131,99824,100409,100105,100094,100099,100149,99954,100291,100351,99921,99908,100321,,
ROX,ROX2201,CTCT,roxburgh,Hydro,Hydro,2026-08-20,80929,79899,80128,60526,59997,60238,60009,60218,60073,60078,79621,86006,92344,90196,99731,100611,100237,100128,99685,80668,99704,100076,100511,99965,100054,81182,79626,78893,79435,79950,80291,79793,98545,100092,100112,100198,100048,100151,100010,100368,100031,100022,100299,100093,100127,100045,100166,100195,,
ROX,ROX2201,CTCT,roxburgh,Hydro,Hydro,2026-08-21,100086,100164,99741,80826,82567,82640,83008,83114,83101,83062,97625,99909,81458,80297,79980,80309,80133,80137,79962,80233,79239,79883,80113,80115,80115,79916,97791,100649,99889,100123,100173,100094,99984,100720,100107,100637,99775,100047,103304,102550,101915,101484,101545,101635,100357,99894,100122,100267,,
ROX,ROX2201,CTCT,roxburgh,Hydro,Hydro,2026-08-22,100157,99946,100218,80776,80085,80137,80143,79938,80328,80061,79966,80311,97732,100085,100044,100074,100633,99540,100565,100152,100046,100168,100227,99949,100272,80516,79968,80323,80384,79903,80402,98981,100188,100213,99808,100349,100161,100083,99984,100325,100034,100216,99890,100303,100177,100025,100283,100045,,
ROX,ROX2201,CTCT,roxburgh,Hydro,Hydro,2026-08-23,100114,100206,100155,100348,98743,88924,84479,80072,96105,92891,81360,91911,96958,99968,100081,100289,99988,100303,100109,100210,100128,100005,101026,88674,84900,84664,85360,85454,85431,85583,84963,85254,99673,100120,100261,99919,100217,100194,100138,100085,100191,100141,99964,100372,99995,100089,100246,100106,,
ROX,ROX2201,CTCT,roxburgh,Hydro,Hydro,2026-08-24,100310,99868,100139,100231,85242,85132,100005,100073,100193,100015,96573,95946,99966,99962,96915,100145,100074,100187,93380,73295,79661,60279,79962,80265,79954,80100,79423,80464,80204,80344,80228,79864,83696,99929,92201,93450,81261,99951,98534,97511,93037,88742,99584,99958,100585,99949,100053,100044,,
ROX,ROX2201,CTCT,roxburgh,Hydro,Hydro,2026-08-25,100333,100024,100166,99961,100307,80310,80156,80115,80075,99585,99138,100491,100410,100401,100058,100217,100304,87918,79479,70066,66544,79673,80020,79870,79670,79532,79901,80345,79649,98626,99858,99469,100117,100318,100314,99101,99728,100564,100180,100100,100036,100149,100126,100053,100454,99929,100135,100122,,
ROX,ROX2201,CTCT,roxburgh,Hydro,Hydro,2026-08-26,100160,100123,100152,100029,100082,80336,80383,79991,100065,87920,100031,96962,99854,100246,100079,100242,96567,88255,79822,80220,80275,85798,91174,100293,100042,100158,100004,100229,100154,100226,100089,100028,100104,100197,100112,100148,100129,100009,100169,100143,100056,100319,100179,100130,99973,100475,99939,100119,,
ROX,ROX2201,CTCT,roxburgh,Hydro,Hydro,2026-08-27,99846,100483,100046,100177,100233,100110,100234,100020,101357,99913,100298,99894,100209,100248,99838,100292,100091,100151,100060,99817,99965,100223,100199,100037,100086,100025,100087,100347,100188,99904,100157,100159,100221,100058,100159,100008,100182,100111,100218,100113,100128,100105,100201,100040,100255,100166,99985,100092,,
ROX,ROX2201,CTCT,roxburgh,Hydro,Hydro,2026-08-28,100235,100138,81599,79889,80015,73287,72689,69146,74593,79959,84267,100044,100456,99997,100105,100341,100145,99090,99929,94159,79823,79760,78923,94062,77908,81338,79552,79859,79859,80397,80449,80131,80742,81537,85444,83954,98567,83321,80201,80036,80160,80149,80136,80019,80328,80068,60158,40525,,
ROX,ROX2201,CTCT,roxburgh,Hydro,Hydro,2026-08-29,7531,0,0,0,0,0,0,0,0,0,0,0,0,19711,30614,39759,40053,40063,39898,39889,40052,40029,40033,39977,40118,39986,41924,47110,45284,45583,59162,64995,77456,76831,74076,80017,100009,99917,81645,79942,80235,59839,60362,59338,60028,59194,60089,56306,,
ROX,ROX2201,CTCT,roxburgh,Hydro,Hydro,2026-08-30,59358,39879,72,0,0,0,0,0,0,0,0,17989,40769,68045,65129,61930,60446,60146,60033,75260,66582,66798,43274,43215,41609,40090,40309,40442,39851,39727,40703,62519,78005,77183,79025,79979,76676,83139,79346,78937,74438,79445,100181,100092,93953,77658,57973,40196,,
ROX,ROX2201,CTCT,roxburgh,Hydro,Hydro,2026-08-31,40066,19975,188,0,0,0,0,0,0,23693,55365,84249,98639,94312,99013,100161,100123,89834,81833,90484,99881,99694,100484,100197,100012,100224,99968,100421,100348,96491,85240,85098,84814,92879,99755,100203,100121,99987,100327,100098,100010,100208,100118,100109,100025,100331,100045,100204,,
RPO,RPO2201,GENE,rangipo,Hydro,Hydro,2026-08-01,43752,43576,43575,43542,43544,43536,43557,43540,43545,43564,43544,43546,43585,43572,43556,43564,31567,32200,32198,32198,32190,32191,32198,32187,32233,32227,32203,32209,32190,32197,32196,32193,32203,32106,43472,44529,44525,44538,44535,44528,44532,44531,31715,32191,32181,32191,32192,32182,,
RPO,RPO2201,GENE,rangipo,Hydro,Hydro,2026-08-02,32192,32183,32187,32190,32186,32191,32190,32184,32190,32185,32186,32190,32190,32194,32059,43548,44555,44541,44558,44568,44556,32407,32187,32195,32197,32182,32204,32199,32189,32250,32205,32191,32194,32048,43484,44603,44551,44578,44554,44561,32080,32182,32187,32186,32182,32188,32189,32191,,
RPO,RPO2201,GENE,rangipo,Hydro,Hydro,2026-08-03,32195,32179,32186,32187,32193,32184,32179,32185,32198,32191,32197,32205,32072,43421,44513,44517,44525,44512,44483,44408,33123,32196,32184,32194,32186,32166,32193,32217,32194,32176,32206,32166,32161,32079,43311,44498,44517,44512,44511,44523,44668,32354,32177,32183,32188,32189,32188,32193,,
RPO,RPO2201,GENE,rangipo,Hydro,Hydro,2026-08-04,32188,32189,32185,32178,32204,32187,32175,32198,32185,32181,32196,32123,43484,44557,44551,44571,44560,44596,44585,44559,32646,32195,32174,32215,32189,32195,32239,32186,32195,32193,32190,32197,32186,32098,43412,44567,44562,44558,44558,45074,44568,44562,43605,32482,32195,32189,32205,32196,,
RPO,RPO2201,GENE,rangipo,Hydro,Hydro,2026-08-05,32196,32189,32184,32179,32203,32177,32191,32183,32179,32193,32190,32198,32025,43624,44556,44556,44585,44549,44552,38948,30648,32174,32179,32187,32184,32192,32187,32193,32198,32183,32183,32184,32177,32188,32231,51935,59087,39777,32184,32183,32178,32184,32179,32185,32188,32183,32190,32196,,
RPO,RPO2201,GENE,rangipo,Hydro,Hydro,2026-08-06,32190,32193,32185,32193,32193,32195,32188,32189,32187,32192,32189,32191,32193,32200,32336,51007,55386,32786,32183,32187,32187,32178,32186,32182,32190,32192,32182,32194,32191,32188,32191,32184,32200,32195,32188,32179,31874,52402,55390,37087,31981,32196,32196,32193,32193,32207,32193,32193,,
RPO,RPO2201,GENE,rangipo,Hydro,Hydro,2026-08-07,32196,32200,32174,32203,32202,32181,32200,32183,32195,32193,32186,32183,32181,32194,32529,51998,55398,36521,32443,32195,32181,32187,32193,32194,32198,32194,32187,32197,32189,32194,32183,32170,32181,32223,39866,43103,44528,41211,39561,39551,32227,32167,32170,32177,32183,32188,32192,32182,,
RPO,RPO2201,GENE,rangipo,Hydro,Hydro,2026-08-08,32208,32185,32190,32189,32191,32187,32192,32181,32196,32186,32192,32189,32184,43555,44614,44543,44593,44434,43564,35893,35417,44569,32681,32189,32191,32198,32198,32191,32184,32188,32189,32184,32190,32111,42832,43587,36731,41303,43559,43571,42859,33621,31483,32191,32185,32190,32182,32194,,
RPO,RPO2201,GENE,rangipo,Hydro,Hydro,2026-08-09,32189,32185,32194,32191,32202,32190,32182,32191,32193,32183,32191,32189,32033,42629,43568,43580,43612,43710,32333,32187,32182,32197,32181,32191,32200,32187,32185,32186,32185,32184,32181,32192,32191,32212,42544,43575,43566,43572,43581,43579,43582,43576,43591,32017,32196,32193,32178,32191,,
RPO,RPO2201,GENE,rangipo,Hydro,Hydro,2026-08-10,32195,32180,32193,32186,32216,32205,32182,32197,32186,32187,32231,32190,32214,32200,32031,51588,55310,37645,32263,32146,32158,32149,32149,32162,32179,32179,32190,32188,32193,32194,32190,32191,32200,32222,43385,44542,44555,44557,44549,44718,32394,32180,32186,32177,32192,32183,32185,32202,,
RPO,RPO2201,GENE,rangipo,Hydro,Hydro,2026-08-11,32186,32180,32189,32175,32207,32180,32175,32183,32184,32186,32188,32182,32136,41979,44548,44559,44560,44596,44562,31572,32198,32192,32182,32192,32192,32183,32208,32180,32189,32185,32191,32211,32186,32065,43513,44552,44556,44562,44565,44696,32711,32191,32189,32180,32201,32196,32188,32192,,
RPO,RPO2201,GENE,rangipo,Hydro,Hydro,2026-08-12,32187,32197,32191,32196,32191,32187,32173,32183,32182,32184,32210,32112,32195,43890,44545,44560,44498,44441,44442,32285,32185,32185,32174,32200,32224,32180,32188,32194,32183,32188,32188,32181,32192,32123,44228,44434,44433,44441,44450,44430,32681,32176,32185,32184,32180,32187,32186,32176,,
RPO,RPO2201,GENE,rangipo,Hydro,Hydro,2026-08-13,32190,32176,32185,32183,32177,32185,32180,32175,32183,32176,32222,32200,32209,38808,39616,44420,44433,44434,44428,32599,32171,32177,32182,32169,32182,32181,32196,32209,32180,32196,32189,32183,32189,32255,36787,44271,44441,44450,44458,44445,32558,32186,32183,32185,32175,32184,32185,32177,,
RPO,RPO2201,GENE,rangipo,Hydro,Hydro,2026-08-14,32193,32184,32180,32185,32176,32190,32184,32176,32185,32186,32189,32188,31978,40614,44504,44438,44451,44460,44440,44449,44443,44465,44468,44447,44547,44554,44549,44561,44550,44558,34124,32180,41673,44552,44564,44567,44553,44558,44556,44549,44576,44551,32296,32205,32186,32191,32217,32179,,
RPO,RPO2201,GENE,rangipo,Hydro,Hydro,2026-08-15,32202,32185,32184,32198,32181,32188,32182,32175,32192,32178,32186,32183,32183,32186,32188,32179,32186,32178,32191,32083,44007,44557,44559,44564,44574,44575,32957,32194,32217,32192,32197,32178,27899,34215,44563,44550,44548,44557,44548,32347,32197,32182,32195,32197,32188,32198,32183,32194,,
RPO,RPO2201,GENE,rangipo,Hydro,Hydro,2026-08-16,32190,32190,32189,32184,32179,32186,32179,32190,32192,32184,32187,32191,32177,32183,32178,32185,32190,32181,32189,32198,32187,32187,32179,32187,32188,32189,32196,32190,32188,32188,32183,32190,32184,32170,32180,32174,37862,44266,44534,44553,44557,44540,44564,32063,32178,32190,32174,32183,,
RPO,RPO2201,GENE,rangipo,Hydro,Hydro,2026-08-17,32194,32175,32185,32181,32185,32187,32184,32187,32187,32176,32220,32220,35318,44199,44549,44560,44482,44451,44505,32352,32197,32194,32210,32190,32189,32196,32190,32172,32158,32155,32597,32155,32171,32174,32055,42506,44480,44483,43494,43496,43497,31379,32177,32148,32155,32166,32152,32151,,
RPO,RPO2201,GENE,rangipo,Hydro,Hydro,2026-08-18,32150,32140,32148,32142,32148,32151,32141,32148,32146,32143,32162,32137,32235,42331,43466,43480,43491,43496,43484,31641,32147,32146,32138,32144,32135,32147,32154,32147,32154,32158,32149,32152,32147,32147,32167,42531,43524,43524,43526,43534,43690,32264,32151,32141,32171,32165,32159,32160,,
RPO,RPO2201,GENE,rangipo,Hydro,Hydro,2026-08-19,32182,32169,32167,32156,32168,32155,32146,32150,32147,32147,32153,31652,27768,42562,43481,43478,43487,43481,43488,32784,32151,32150,32146,32157,32148,32150,32155,32177,32151,32153,32156,32154,32146,32152,32165,42537,43475,43478,43474,43487,43473,32742,32159,32146,32175,32154,32155,32153,,
RPO,RPO2201,GENE,rangipo,Hydro,Hydro,2026-08-20,32148,32148,32143,32148,32146,32146,32137,32150,32140,32145,32155,32145,30360,42551,43473,43486,43476,43486,37358,32073,32154,32151,32163,32155,32143,32159,32148,32158,32164,32154,32147,32154,32145,32149,32424,43319,43477,43483,43475,43490,32627,32150,32156,32141,32164,32147,32148,32160,,
RPO,RPO2201,GENE,rangipo,Hydro,Hydro,2026-08-21,32148,32153,32156,32142,32150,32152,32143,32151,32147,32154,32157,32148,32154,32039,43111,43494,43494,43491,43511,32004,32180,32164,32157,32159,32146,32160,32164,32180,32144,32141,32138,32143,32154,32138,32156,41716,43492,43525,43532,43540,32312,32156,32184,32147,32154,32165,32162,32162,,
RPO,RPO2201,GENE,rangipo,Hydro,Hydro,2026-08-22,32152,32150,32159,32144,32161,32156,32154,32153,32162,32150,32152,32193,32157,32177,32161,32176,32152,32150,32157,32145,32152,32153,32151,32159,32154,32145,32167,32147,32181,32162,32173,32156,32154,32153,32163,32151,32154,32151,32144,32153,32153,32148,32164,32151,32139,32147,32156,32157,,
RPO,RPO2201,GENE,rangipo,Hydro,Hydro,2026-08-23,32151,32164,32169,32181,32164,32158,32141,32167,32187,32150,32153,32147,32144,32146,32156,32143,32180,32142,32147,32149,32138,32146,32162,32224,32154,32141,32151,32158,32155,32166,32151,32146,32149,32146,32021,42499,43527,49241,49452,49441,49454,49449,49453,44703,32424,32161,32156,32149,,
RPO,RPO2201,GENE,rangipo,Hydro,Hydro,2026-08-24,32173,32143,32161,32148,32143,32148,32141,32147,32152,32138,32147,32126,44148,44514,44504,44513,44518,44525,32975,32159,32145,32150,32140,32136,32144,32130,32140,32160,32150,32149,32135,32148,32146,32142,32410,43527,44420,44435,44447,44455,44478,44445,31625,32145,32130,32165,32146,32156,,
RPO,RPO2201,GENE,rangipo,Hydro,Hydro,2026-08-25,32156,32153,32153,32155,32153,32152,32147,32153,32149,32158,32214,32171,29129,43180,44480,44483,44478,44481,44474,32552,32170,32146,32138,32146,23017,22276,22300,22294,22274,22370,22303,22281,22308,22303,26891,43292,44505,44516,44508,44510,44486,22395,22276,22267,22280,22275,22272,22283,,
RPO,RPO2201,GENE,rangipo,Hydro,Hydro,2026-08-26,22270,22275,22276,22282,22290,22294,22291,22277,22270,22294,22278,22264,22584,41043,44503,44513,44518,44479,44436,22782,22289,22283,22270,22278,22278,22277,22273,22288,22272,22279,22278,22272,22280,22277,22815,40942,44535,44518,44541,44510,44514,22838,22283,22275,22276,22284,22293,22281,,
RPO,RPO2201,GENE,rangipo,Hydro,Hydro,2026-08-27,22280,22293,22270,22279,22295,22278,22274,22267,22279,22297,22277,22279,22826,41187,44517,44512,44525,31856,32152,32163,32158,32158,32168,32154,32154,32159,32156,32146,32158,32159,32153,32159,32152,32152,32160,32171,31992,43401,44505,44517,44516,44543,23082,22277,22282,22276,22271,22275,,
RPO,RPO2201,GENE,rangipo,Hydro,Hydro,2026-08-28,22269,22282,22282,22284,22274,22277,22270,22283,22275,22267,22283,22291,22289,22399,41335,44517,44546,44521,44530,22600,22274,22272,22273,22363,22283,22271,22281,22268,22305,22289,22298,22257,22280,22253,22297,22271,22270,22249,22249,22257,22276,22268,22288,22278,22279,22295,22273,22277,,
RPO,RPO2201,GENE,rangipo,Hydro,Hydro,2026-08-29,22321,22274,22286,22287,22301,22317,22288,22294,22282,22290,22282,22286,22272,22274,22270,22276,22299,22273,22280,22267,22269,22267,22256,22259,22255,22246,22255,22246,22248,22251,22260,22259,22255,22250,25385,43217,43509,43511,43508,22490,22258,22272,22279,22262,22279,22278,22288,22277,,
RPO,RPO2201,GENE,rangipo,Hydro,Hydro,2026-08-30,22277,22293,22328,22295,22279,22267,22273,22269,22274,22273,22279,22270,22277,22266,22276,22281,22316,22287,22278,22289,22278,22280,22300,22276,22277,22285,22289,22316,22293,22279,22277,22273,22273,22287,22255,22268,22267,22256,22265,22256,22284,22295,22268,22271,22302,22279,22276,22268,,
RPO,RPO2201,GENE,rangipo,Hydro,Hydro,2026-08-31,22274,22281,14325,13898,13896,13896,13894,13887,13898,13892,21740,22297,22304,22281,22278,22249,22271,22291,22277,22307,22306,22300,22309,22286,22302,22296,22291,22321,22328,22283,22317,22301,22323,22343,22310,22314,22300,22309,22311,22303,22312,22302,22312,22308,22303,22331,22313,22300,,
SFD,SFD2201,CTCT,stratford,Gas,Thrml,2026-08-01,0,0,0,0,0,0,0,0,0,0,0,0,0,0,0,0,0,0,0,0,0,0,0,0,0,0,0,0,0,0,0,0,0,0,0,0,0,0,0,0,0,0,0,0,0,0,0,0,,
SFD,SFD2201,CTCT,stratford,Gas,Thrml,2026-08-02,0,0,0,0,0,0,0,0,0,0,0,0,0,0,0,0,0,0,0,0,0,0,0,0,0,0,0,0,0,0,0,0,0,0,0,0,0,0,0,0,0,0,0,0,0,0,0,0,,
SFD,SFD2201,CTCT,stratford,Gas,Thrml,2026-08-03,0,0,0,0,0,0,0,0,0,0,0,0,0,0,0,0,0,0,0,0,0,0,0,0,0,0,0,0,0,0,0,0,0,0,0,0,0,0,0,0,0,0,0,0,0,0,0,0,,
SFD,SFD2201,CTCT,stratford,Gas,Thrml,2026-08-04,0,0,0,0,0,0,0,0,0,0,0,0,0,0,0,0,0,0,0,0,0,0,0,0,0,0,0,0,0,0,0,0,0,0,14626,29914,40275,51523,53808,41104,48243,47501,80433,58976,50327,50323,23423,735,,
SFD,SFD2201,CTCT,stratford,Gas,Thrml,2026-08-05,0,0,0,0,0,0,0,0,0,0,0,0,0,0,21646,33043,29802,29795,29799,3327,0,0,0,0,0,0,0,0,0,0,0,0,0,0,0,22127,54800,75790,87038,79703,46237,45106,46705,40010,32569,2870,0,0,,
SFD,SFD2201,CTCT,stratford,Gas,Thrml,2026-08-06,0,0,0,0,0,0,0,0,0,0,0,0,0,24655,71109,88193,80478,80475,64340,60259,60951,32833,29445,2884,0,0,0,0,0,0,0,0,25438,35575,36023,68866,89519,96532,92821,94165,94954,94976,94962,91823,50613,38402,4044,0,,
SFD,SFD2201,CTCT,stratford,Gas,Thrml,2026-08-07,0,0,0,0,0,0,0,0,0,0,0,0,0,16013,73932,93107,86872,59997,23640,19640,1962,0,0,0,0,0,0,0,0,0,0,0,0,0,0,0,20459,29790,29790,29760,3302,0,0,0,0,0,0,0,,
SFD,SFD2201,CTCT,stratford,Gas,Thrml,2026-08-08,0,0,0,0,0,0,0,0,0,0,0,0,0,0,0,0,0,0,0,0,0,0,0,0,0,0,0,0,0,0,0,0,0,0,0,0,0,0,0,0,0,0,0,0,0,0,0,0,,
SFD,SFD2201,CTCT,stratford,Gas,Thrml,2026-08-09,0,0,0,0,0,0,0,0,0,0,0,0,0,0,0,0,0,0,0,0,0,0,0,0,0,0,0,0,0,0,0,0,0,0,0,0,0,0,0,0,0,0,0,0,0,0,0,0,,
SFD,SFD2201,CTCT,stratford,Gas,Thrml,2026-08-10,0,0,0,0,0,0,0,0,0,0,0,0,0,0,0,0,0,0,0,0,0,0,0,0,0,0,0,0,0,0,0,0,0,0,0,0,21142,29727,29747,3533,0,0,0,0,0,0,0,0,,
SFD,SFD2201,CTCT,stratford,Gas,Thrml,2026-08-11,0,0,0,0,0,0,0,0,0,0,0,0,0,0,19765,43477,34053,19971,19979,1667,0,0,0,0,0,0,0,0,0,0,0,0,0,25115,23365,49667,50036,50033,50043,49988,49972,23475,20022,20003,570,0,0,0,,
SFD,SFD2201,CTCT,stratford,Gas,Thrml,2026-08-12,0,0,0,0,0,0,0,0,0,0,0,0,0,0,25610,39821,46787,31674,32763,27986,26762,19893,27747,19993,19911,19890,19892,19927,23263,20413,20446,29592,31304,32318,31475,49755,43360,40280,31043,29811,29804,29807,29784,29764,3193,0,0,0,,
SFD,SFD2201,CTCT,stratford,Gas,Thrml,2026-08-13,0,0,0,0,0,0,0,0,0,0,0,0,0,0,0,0,0,0,0,0,0,0,0,0,0,0,0,0,0,0,0,0,0,0,0,14593,19946,19949,19948,19951,3967,0,0,0,0,0,0,0,,
SFD,SFD2201,CTCT,stratford,Gas,Thrml,2026-08-14,0,0,0,0,0,0,0,0,0,0,0,0,0,0,0,0,0,0,0,0,0,0,0,0,0,0,0,0,0,0,0,0,0,0,0,0,0,0,0,0,0,0,0,0,0,0,0,0,,
SFD,SFD2201,CTCT,stratford,Gas,Thrml,2026-08-15,0,0,0,0,0,0,0,0,0,0,0,0,0,0,0,0,0,0,0,0,0,0,0,0,0,0,0,0,0,0,0,0,0,0,0,0,0,0,0,0,0,0,0,0,0,0,0,0,,
SFD,SFD2201,CTCT,stratford,Gas,Thrml,2026-08-16,0,0,0,0,0,0,0,0,0,0,0,0,0,0,0,0,0,0,0,0,0,0,0,0,0,0,0,0,0,0,0,0,0,0,0,0,0,0,0,0,0,0,0,0,0,0,0,0,,
SFD,SFD2201,CTCT,stratford,Gas,Thrml,2026-08-17,0,0,0,0,0,0,0,0,0,0,0,0,0,0,14230,19841,19889,19907,19919,948,0,0,0,0,0,0,0,0,0,0,0,0,0,0,19292,61808,93231,94846,94855,94871,94863,94896,94864,94845,54384,3735,0,0,,
SFD,SFD2201,CTCT,stratford,Gas,Thrml,2026-08-18,0,0,0,0,0,0,0,0,0,0,0,0,0,14103,43169,51135,51289,47354,22829,1920,0,0,0,0,0,0,0,0,0,0,0,0,0,0,0,137,0,0,0,0,0,0,0,0,0,0,0,0,,
SFD,SFD2201,CTCT,stratford,Gas,Thrml,2026-08-19,0,0,0,0,0,0,0,0,0,0,0,0,0,0,29370,47353,47351,47354,9894,0,0,0,0,0,0,0,0,0,0,0,0,0,0,0,0,14702,20037,20031,20030,20026,20028,20024,20031,20078,20048,20013,599,0,,
SFD,SFD2201,CTCT,stratford,Gas,Thrml,2026-08-20,0,0,0,0,0,0,0,0,0,0,0,0,0,19981,24346,44826,51269,23703,38402,25497,1654,0,0,0,0,0,0,0,0,0,0,0,0,0,0,0,14298,20401,22674,19951,21057,19967,19950,19935,1966,0,0,0,,
SFD,SFD2201,CTCT,stratford,Gas,Thrml,2026-08-21,0,0,0,0,0,0,0,0,0,0,0,0,0,20938,29981,29986,29987,29995,29997,3300,0,0,0,0,0,0,0,0,0,0,0,0,20750,29988,29993,29949,29910,29911,29920,29914,29920,29904,29917,29919,29918,3572,0,0,,
SFD,SFD2201,CTCT,stratford,Gas,Thrml,2026-08-22,0,0,0,0,0,0,0,0,0,0,0,0,0,0,0,0,0,0,0,0,0,0,0,0,0,0,0,0,0,0,0,0,0,0,0,0,0,0,0,0,0,0,0,0,0,0,0,0,,
SFD,SFD2201,CTCT,stratford,Gas,Thrml,2026-08-23,0,0,0,0,0,0,0,0,0,0,0,0,0,0,0,0,0,0,0,0,0,0,0,0,0,0,0,0,0,0,0,0,0,0,0,0,0,0,0,0,0,0,0,0,0,0,0,0,,
SFD,SFD2201,CTCT,stratford,Gas,Thrml,2026-08-24,0,0,0,0,0,0,0,0,0,0,0,0,0,0,21274,32344,23199,19963,19965,19970,471,0,0,0,0,0,0,0,0,0,0,0,0,0,0,0,0,0,0,0,0,0,0,0,0,0,0,0,,
SFD,SFD2201,CTCT,stratford,Gas,Thrml,2026-08-25,0,0,0,0,0,0,0,0,0,0,0,0,0,0,0,0,0,0,0,0,0,0,0,0,0,0,0,0,0,0,0,0,0,0,0,0,0,0,0,0,0,0,0,0,0,0,0,0,,
SFD,SFD2201,CTCT,stratford,Gas,Thrml,2026-08-26,0,0,0,0,0,0,0,0,0,0,0,0,0,0,0,0,0,0,0,0,0,0,0,0,0,0,0,0,0,0,0,0,0,0,0,0,0,0,0,0,0,0,0,0,0,0,0,0,,
SFD,SFD2201,CTCT,stratford,Gas,Thrml,2026-08-27,0,0,0,0,0,0,0,0,0,0,0,0,0,0,0,0,0,0,0,0,0,0,0,0,0,0,0,0,0,0,0,0,0,0,0,21087,30071,30102,30113,30111,30111,20506,20144,20146,2550,0,0,0,,
SFD,SFD2201,CTCT,stratford,Gas,Thrml,2026-08-28,0,0,0,0,0,0,0,0,0,0,0,0,0,0,0,0,0,0,0,0,0,0,0,0,0,0,0,0,0,0,0,0,0,0,0,0,0,0,0,0,0,0,0,0,0,0,0,0,,
SFD,SFD2201,CTCT,stratford,Gas,Thrml,2026-08-29,0,0,0,0,0,0,0,0,0,0,0,0,0,0,0,0,0,0,0,0,0,0,0,0,0,0,0,0,0,0,0,0,0,0,0,0,0,0,0,0,0,0,0,0,0,0,0,0,,
SFD,SFD2201,CTCT,stratford,Gas,Thrml,2026-08-30,0,0,0,0,0,0,0,0,0,0,0,0,0,0,0,0,0,0,0,0,0,0,0,0,0,0,0,0,0,0,0,0,0,0,0,0,0,0,0,0,0,0,0,0,0,0,0,0,,
SFD,SFD2201,CTCT,stratford,Gas,Thrml,2026-08-31,0,0,0,0,0,0,0,0,0,0,0,0,0,0,0,0,0,0,0,0,0,0,0,0,0,0,0,0,0,0,0,0,0,0,0,0,0,0,0,0,0,0,0,0,0,0,0,0,,
STK,STK0661,TASM,cobb,Hydro,Hydro,2026-08-01,4294,8147,8216,8351,8542,8757,8756,8765,8638,8608,8261,7931,6769,6811,3342,5197,4786,5171,5669,6374,7190,7971,8443,9056,8616,9531,8680,8005,7374,8727,8864,8398,7496,6379,5189,4155,3797,3998,4106,4310,4670,5079,5172,5604,6139,6804,6925,7366,,
STK,STK0661,TASM,cobb,Hydro,Hydro,2026-08-02,7773,7998,8024,8136,8202,8441,8425,8428,8346,8273,7960,7663,7226,6762,6072,5266,4658,4875,5474,6227,7166,8129,8754,9259,8937,9735,9976,10081,9955,8541,9158,8466,7681,6504,5196,4151,3935,4058,4136,4414,4710,5083,5440,6004,6759,7365,7517,7564,,
STK,STK0661,TASM,cobb,Hydro,Hydro,2026-08-03,6984,7738,5857,1413,0,0,0,576,2427,4172,7672,5499,5623,4869,3764,2752,2686,3557,2756,2334,3516,1039,2615,2061,6595,7153,7178,5694,5410,6531,3006,7166,6600,5749,4695,3744,3401,3539,3887,4198,4662,5025,5321,5892,6599,7235,7401,7679,,
STK,STK0661,TASM,cobb,Hydro,Hydro,2026-08-04,7300,4702,8255,8467,8516,8624,8628,8627,8469,6867,6097,6904,5541,4600,3390,3214,3388,3599,3261,2768,3328,4498,5566,6654,7348,7974,8062,8251,8025,8013,7688,7001,6111,5240,4361,3965,3713,3487,2770,2391,2816,3454,3875,4361,5233,6073,6348,6758,,
STK,STK0661,TASM,cobb,Hydro,Hydro,2026-08-05,7227,7405,7456,7644,7679,7794,7746,7799,7687,7509,6899,6123,4912,3640,2803,2471,2118,1748,2599,4026,5107,6101,6723,7343,7907,8240,8211,8457,8229,8266,7810,7126,6336,6513,5287,4195,3621,3708,3838,4134,4642,5071,5455,6020,6787,7521,7779,8221,,
STK,STK0661,TASM,cobb,Hydro,Hydro,2026-08-06,8588,8790,8805,9024,9027,9062,9131,9096,8962,8809,8074,7318,6229,5863,5262,4611,4370,5087,5686,4921,4788,6628,7607,8494,9049,9383,9469,9693,9466,9482,9111,8260,3718,4406,5322,4580,4303,4365,4559,4602,4849,5103,5604,6151,6889,7640,7842,8244,,
STK,STK0661,TASM,cobb,Hydro,Hydro,2026-08-07,8750,8923,8981,9138,9124,9285,9349,9277,9172,8978,8304,7541,6440,5361,5000,4323,3947,4154,4413,3833,3956,3685,3827,4115,4786,5070,5300,5574,5705,5854,6036,5661,5137,4741,4209,3513,3401,3720,3962,4422,4813,5312,5700,6338,6851,7525,7651,8173,,
STK,STK0661,TASM,cobb,Hydro,Hydro,2026-08-08,8576,8793,9006,9173,9339,9602,9635,9690,9640,9532,9165,8929,8368,7863,7238,6581,6096,5878,5762,5993,6464,7104,7629,7804,7978,8205,8149,7943,7706,7337,7016,6582,6302,5823,5306,4894,4911,5268,5472,5921,6283,6662,6919,7308,7869,8527,8673,9101,,
STK,STK0661,TASM,cobb,Hydro,Hydro,2026-08-09,9638,9862,10020,10114,10222,10285,10191,9907,9899,10029,9893,9727,9379,8950,8568,8028,7279,6893,6456,6727,7085,8083,8850,9504,10080,10719,11005,10862,10842,10521,10084,9422,8934,8403,7431,6464,6059,6174,6361,6755,6992,7353,7646,7787,7935,8028,8984,9460,,
STK,STK0661,TASM,cobb,Hydro,Hydro,2026-08-10,6008,4741,3,0,0,0,0,0,0,4394,9392,8962,7884,6795,5287,4826,4549,5105,5043,6550,4333,2720,2580,6896,10051,10324,10387,10207,10044,7703,6597,8335,6624,7233,3841,5531,5253,5325,5371,5724,6098,6441,6802,7246,7754,8427,8591,8970,,
STK,STK0661,TASM,cobb,Hydro,Hydro,2026-08-11,9262,9533,9522,9624,9556,9741,9788,9752,9705,9567,8983,8176,7170,6057,4783,4093,4355,4883,5870,6898,8042,8472,9127,9447,8648,9047,10287,10579,10419,9872,9333,8616,7976,7134,6364,5310,4885,5009,5250,5492,5783,6215,6683,7249,7883,8568,8808,9145,,
STK,STK0661,TASM,cobb,Hydro,Hydro,2026-08-12,9535,9734,9792,9975,10135,10264,10223,10241,10161,9950,9328,8614,7232,6625,5460,4785,4652,4805,4942,5362,5895,6131,5854,6008,6239,6767,6741,7056,7370,7726,7650,7212,6899,6129,5322,4596,4436,4552,4883,5287,5639,5912,6560,7059,7679,8309,8581,9062,,
STK,STK0661,TASM,cobb,Hydro,Hydro,2026-08-13,9365,9652,9634,9837,10005,10137,10145,10194,10120,10014,9495,8817,6687,6673,5756,5144,3672,4033,2437,3334,5686,6320,4119,0,0,20,2538,1767,5037,6280,6058,5577,5292,5173,4744,4139,3814,3906,4090,4457,4857,5189,5559,6073,6609,7256,7442,7845,,
STK,STK0661,TASM,cobb,Hydro,Hydro,2026-08-14,8142,8441,8409,8574,8563,8770,8780,8814,8741,8678,8067,7299,5867,4869,1895,2844,1215,120,3173,2634,3509,5266,6289,7324,8233,9126,9321,9130,8790,4322,2050,4154,4498,7960,5901,3028,6052,6164,6044,3938,0,0,5477,7819,8323,8794,8935,9315,,
STK,STK0661,TASM,cobb,Hydro,Hydro,2026-08-15,9698,9465,4088,0,26,3411,1,7,0,4,0,877,483,234,1987,1794,6990,7859,8369,9032,9349,10261,10613,11016,11325,11549,11668,11778,11709,11361,10978,10304,9171,8499,7683,6976,6536,6499,6727,1577,85,0,1451,1316,6449,9089,9183,8413,,
STK,STK0661,TASM,cobb,Hydro,Hydro,2026-08-16,9124,6739,6548,2750,131,8660,2869,0,0,0,0,0,0,4136,6912,7556,5747,4128,2697,3946,7401,8276,8247,2181,305,0,0,407,9286,8338,10038,9672,9004,8025,7036,5953,5502,5516,5598,5762,6104,6588,6756,7232,7837,8434,8640,8912,,
STK,STK0661,TASM,cobb,Hydro,Hydro,2026-08-17,9322,9558,9517,9610,9601,9683,9757,9766,9643,9348,8638,7892,6582,5313,4404,4391,4699,5797,4629,5292,7076,8178,8777,9402,9535,10118,9801,7244,10001,6579,9470,8767,7904,7224,5771,4620,768,2612,4300,4463,4789,5303,5610,6219,6941,7696,7869,8207,,
STK,STK0661,TASM,cobb,Hydro,Hydro,2026-08-18,8587,8868,8913,9081,9110,9334,9378,9344,9191,8893,8243,7391,6137,4889,3586,3016,3298,1005,2343,2458,4693,8297,8957,9452,9997,10411,10466,10544,10350,10228,9807,9068,8409,7635,6554,5411,4810,4768,4963,5218,5726,6007,6242,6747,7330,7962,8092,8419,,
STK,STK0661,TASM,cobb,Hydro,Hydro,2026-08-19,8780,9026,9028,9131,9172,9316,9273,9211,9152,8930,8277,7524,6154,4980,3758,3033,3410,3497,4277,5988,7921,7797,8940,9512,9921,10304,10388,10458,10085,10026,9527,8922,8276,7403,6449,5369,4767,4725,5053,5294,5799,6232,6500,7191,7903,8487,8619,8930,,
STK,STK0661,TASM,cobb,Hydro,Hydro,2026-08-20,9360,9556,9583,9661,9746,9849,9856,9883,9809,9650,8949,8076,7080,5575,4523,4080,497,3380,6019,7341,8494,9047,9472,9821,10119,10455,10533,8948,4921,6641,9585,8897,8290,7388,6610,5627,5105,5004,5152,5473,5762,6194,6449,6918,7597,8275,8406,8793,,
STK,STK0661,TASM,cobb,Hydro,Hydro,2026-08-21,9263,9448,9577,9687,9608,9646,9695,9531,9447,9363,8635,7833,6604,5242,4270,4061,4572,5084,5979,2494,1126,457,7788,10121,10390,10730,10463,8260,10161,9104,9721,9307,8726,8063,7037,6051,5503,5462,5575,5881,6164,6363,6553,6937,7398,7966,8125,8475,,
STK,STK0661,TASM,cobb,Hydro,Hydro,2026-08-22,8801,9093,9090,9284,9384,9514,9547,9577,9607,9499,9145,8699,8000,7222,6113,1810,663,5100,3661,5,0,0,0,0,0,0,0,0,0,1128,471,1076,739,101,547,589,5279,5685,5905,6313,6596,7022,7254,6656,8087,5284,0,407,,
STK,STK0661,TASM,cobb,Hydro,Hydro,2026-08-23,1866,3994,218,0,0,0,0,0,2736,10167,7510,9988,9435,9102,6438,1941,0,0,0,0,0,0,0,0,0,8075,11809,11727,11397,11173,10961,10194,9381,8069,4256,6358,6118,6129,6316,6694,6979,7374,7610,8093,8632,9155,9365,9705,,
STK,STK0661,TASM,cobb,Hydro,Hydro,2026-08-24,9783,10157,10235,10400,10320,10381,10359,10287,10191,9943,9323,8557,7244,6128,4950,4537,5026,4989,424,0,0,121,0,0,7,98,109,166,34,0,0,0,2378,7436,5448,4350,1703,5006,5439,5853,6212,5630,6466,7283,7815,8426,8561,8916,,
STK,STK0661,TASM,cobb,Hydro,Hydro,2026-08-25,8184,384,2111,19,0,0,6774,1362,7949,4227,7945,7827,6675,6073,4757,4735,5204,991,4039,12,0,0,0,0,0,0,0,0,0,2877,363,0,1549,7295,5001,856,1796,5612,5284,5901,6451,6444,6315,5010,932,305,5880,160,,
STK,STK0661,TASM,cobb,Hydro,Hydro,2026-08-26,7889,2645,0,5566,10127,10220,10267,10276,10296,10043,9489,8784,7709,6795,4627,5305,2912,0,0,0,0,0,0,0,0,0,0,0,0,0,1760,7335,7169,6782,6454,5852,5552,5610,5847,6246,5623,6857,7343,7904,8385,8529,8858,7065,,
STK,STK0661,TASM,cobb,Hydro,Hydro,2026-08-27,8889,10055,9744,10284,9934,10482,10386,10384,10411,10323,9796,9179,7638,7095,3451,729,0,0,0,0,0,0,0,0,0,0,0,0,2072,6781,6428,6216,6083,5832,5849,5276,5085,5220,5120,2332,910,1190,5204,7636,8142,8753,8549,5076,,
STK,STK0661,TASM,cobb,Hydro,Hydro,2026-08-28,6551,2614,0,0,0,11,12,1,0,0,451,1029,1460,5516,5797,5791,753,0,0,0,0,0,0,0,0,0,0,0,0,0,0,0,0,0,22,1,1928,607,0,0,0,0,0,0,0,0,0,0,,
STK,STK0661,TASM,cobb,Hydro,Hydro,2026-08-29,0,0,0,0,1,3,4,8,0,0,0,0,0,0,0,0,0,0,0,0,7,118,730,1039,1346,1640,1778,1826,1602,1231,651,239,3563,5154,1577,11,0,0,0,0,0,0,0,0,0,0,0,0,,
STK,STK0661,TASM,cobb,Hydro,Hydro,2026-08-30,0,0,1,15,10,17,8,2,2,1,0,0,0,0,0,0,0,0,0,0,34,477,1006,1271,809,628,1072,1500,1455,1187,789,254,0,0,0,0,0,0,0,0,0,0,0,0,374,351,531,0,,
STK,STK0661,TASM,cobb,Hydro,Hydro,2026-08-31,118,208,183,185,48,145,241,188,211,89,264,158,0,0,0,5,0,0,0,0,0,1,19,58,5183,955,9606,10396,5624,4695,8500,4264,8466,7991,7132,6207,5777,5655,6006,6286,6287,452,5390,7425,4622,956,1736,0,,
TAB,TAB0331,HAWK,te_huka_3,GEO,GEO,2026-08-01,23223,22930,22641,22711,22961,23240,22982,22691,22845,22638,22709,22216,22241,22149,22584,22451,22402,22409,22235,22278,22146,22519,22467,22551,22565,22683,22729,22677,22682,22649,22704,22455,22548,22537,22716,22702,22650,22587,22302,22267,22115,22150,21973,22353,22126,22307,22149,22314,,
TAB,TAB0331,HAWK,te_huka_3,GEO,GEO,2026-08-02,22562,22618,22041,22180,22123,22494,22133,22263,22493,22541,22675,22421,22403,22270,22239,21992,22099,21901,22011,22357,22207,22234,22268,22172,22371,22192,22256,22308,22231,22234,22432,22418,22506,22439,22539,22205,22346,22250,22793,22795,22706,22642,22670,22677,22738,22698,22800,22679,,
TAB,TAB0331,HAWK,te_huka_3,GEO,GEO,2026-08-03,22899,22903,23047,22986,23152,23045,23089,23083,23073,22965,22870,22630,22481,22181,21680,21286,21116,21145,21043,21396,21121,21086,21060,21105,21330,21367,21046,21744,21737,21489,21309,21458,21582,21660,22088,21834,21942,21965,22324,22568,22548,22548,22425,22502,22479,22626,22609,22641,,
TAB,TAB0331,HAWK,te_huka_3,GEO,GEO,2026-08-04,22924,23466,23698,23715,23447,23355,23391,23346,23268,23150,22884,22771,22648,22374,21821,21357,21031,21157,21259,21484,21262,18290,20328,21386,21421,21462,21454,21329,21307,21559,21115,21142,21613,21332,21971,21615,21590,21632,21653,21778,21665,21801,21876,22062,21815,22036,22048,22153,,
TAB,TAB0331,HAWK,te_huka_3,GEO,GEO,2026-08-05,22371,22438,22265,22419,22365,22700,22486,22452,22403,22247,22288,21715,21722,21456,21256,20918,20914,20921,21109,21375,21274,20970,20901,21170,21448,21462,21104,21046,20947,21289,21110,21327,21424,21679,22076,21872,21725,21744,21656,21655,21788,21688,21772,21985,21917,21701,22073,22001,,
TAB,TAB0331,HAWK,te_huka_3,GEO,GEO,2026-08-06,22419,22271,22292,22351,22526,22508,22486,22326,22414,22219,22308,21772,21715,21507,21294,21069,20784,20591,20426,20955,20867,20956,20692,20978,21256,21317,21024,21176,21047,21512,21357,21304,21326,21582,21833,21571,21441,21394,21412,21498,21500,21318,21440,21589,21524,21548,21857,21690,,
TAB,TAB0331,HAWK,te_huka_3,GEO,GEO,2026-08-07,22123,22050,21998,21863,22258,22332,22389,22220,22274,21968,22031,21864,21753,21348,21169,20746,20649,20817,20669,21050,20749,20800,20646,21030,21149,21364,21430,21321,21248,21555,21411,21517,21600,21748,22144,21877,21752,21824,21768,21898,21920,22125,22051,22276,22072,22253,22156,22271,,
TAB,TAB0331,HAWK,te_huka_3,GEO,GEO,2026-08-08,22448,22388,22244,22321,22323,22638,22483,22465,22395,22407,22320,22054,21870,21880,22401,22239,22205,22271,22058,22157,22093,22136,22160,22295,22401,22573,22475,22550,22454,22641,22657,22771,22663,22768,22857,22796,22694,22616,22152,22086,22064,22192,22297,22467,22274,22116,22247,22335,,
TAB,TAB0331,HAWK,te_huka_3,GEO,GEO,2026-08-09,22727,22659,22521,22471,22488,22651,22477,22517,22699,22788,22888,22572,22586,22368,22960,22859,22850,22829,22815,22781,22766,22797,22827,22825,22804,22848,22665,22752,22767,22769,22589,22774,22770,22902,22931,22956,22930,22806,22430,22369,22406,22352,22238,22304,22491,22489,22621,22479,,
TAB,TAB0331,HAWK,te_huka_3,GEO,GEO,2026-08-10,22765,22653,22494,22674,22684,23030,22677,22672,22850,22818,22637,22144,22095,21869,21764,21259,21147,21017,20568,21136,20811,20738,20667,20908,21059,21186,21213,21052,21045,21262,21258,21256,21346,21619,22251,21930,21722,21938,22306,22415,22531,22551,22556,22427,22563,22512,22754,22616,,
TAB,TAB0331,HAWK,te_huka_3,GEO,GEO,2026-08-11,22761,22929,22860,22997,23035,23034,23011,23070,23015,22767,22813,22424,22333,21994,21635,21300,21200,20943,20941,21233,21132,20991,21102,21030,21623,21514,21435,21275,21323,21748,21183,21336,21542,21675,22201,21961,21909,21990,22294,22393,22580,22534,22408,22548,22658,22756,22859,22747,,
TAB,TAB0331,HAWK,te_huka_3,GEO,GEO,2026-08-12,23004,22990,23102,23110,23232,23244,23092,23459,23434,23345,23154,22890,23501,23571,22998,22568,22474,22651,22296,22690,22479,22567,22344,22795,22955,22987,22859,22896,22863,23131,22877,22856,22898,22491,22506,21951,22056,22440,22441,22556,22514,22715,22703,22755,22652,22856,22947,22964,,
TAB,TAB0331,HAWK,te_huka_3,GEO,GEO,2026-08-13,23088,23166,23024,22665,22814,23037,22925,22848,23024,22974,22841,22668,22641,22447,22351,22008,21931,21977,21922,22213,21986,21833,21807,21766,22112,22044,21839,21823,21913,21960,22061,22053,22199,22493,22824,22073,22050,21995,21900,22045,22160,22379,22295,22560,22344,22570,22611,22459,,
TAB,TAB0331,HAWK,te_huka_3,GEO,GEO,2026-08-14,22775,22840,22606,22634,22782,22911,22845,22968,22988,22866,22995,22610,22622,22462,22210,21824,21649,21598,21267,21725,21078,21364,21151,21435,21567,21690,21463,21510,21551,21964,21837,21615,21783,21751,22294,21888,22178,22117,22246,22244,22428,22427,22630,22763,22570,22584,22705,22689,,
TAB,TAB0331,HAWK,te_huka_3,GEO,GEO,2026-08-15,22922,22747,22726,22645,22696,22939,22786,22829,22799,22827,22853,22545,22447,22380,22312,22400,22095,22247,22254,22473,22051,22205,22224,22366,22774,22615,22469,22557,22473,22733,22459,22330,22435,22471,22815,22591,22481,22736,22563,22629,22622,22580,22558,22825,22688,22646,22643,22917,,
TAB,TAB0331,HAWK,te_huka_3,GEO,GEO,2026-08-16,23193,23049,22899,22935,22979,23163,23086,23075,23250,22923,23220,22915,22911,22817,23350,23270,23264,23150,23038,22976,22947,22832,22971,22800,22905,22843,22906,22881,23017,22858,22936,22884,22917,22873,23073,22970,23008,22898,22724,22602,22624,22524,22652,22805,22824,22782,23006,23085,,
TAB,TAB0331,HAWK,te_huka_3,GEO,GEO,2026-08-17,23140,22980,22891,22891,23133,23254,22906,22910,22805,22819,22732,22366,22386,22213,21749,21659,21521,21449,21204,21687,21318,21448,21065,21184,21423,21428,21317,21503,21503,21536,21511,21406,21641,21643,22345,22145,22100,22113,22067,22138,22082,22225,22112,22497,22219,22367,22374,22397,,
TAB,TAB0331,HAWK,te_huka_3,GEO,GEO,2026-08-18,22596,22688,22446,22711,22845,23109,22802,22889,23070,23111,22994,22714,22448,22460,21897,21544,21218,21336,21171,21627,21171,21305,21036,21240,21469,21411,21405,21412,21445,21723,21488,21397,21501,21593,21968,21685,21617,21684,22145,22376,22560,22430,22596,22667,22733,22758,22797,22768,,
TAB,TAB0331,HAWK,te_huka_3,GEO,GEO,2026-08-19,22867,22904,22835,22921,22846,23046,23019,23066,23027,22955,22874,22608,22558,22225,21572,21211,21091,21086,21075,21277,21203,21267,21192,21296,21612,21343,21257,21164,21193,21407,21431,21333,21594,21811,22248,21983,22098,22040,22569,22617,22717,22760,22725,22823,22821,22929,22953,22939,,
TAB,TAB0331,HAWK,te_huka_3,GEO,GEO,2026-08-20,23029,22997,23047,23066,23192,23205,23397,23206,23270,23020,23099,22814,22737,22422,22074,21606,21382,21230,21220,21542,21517,21605,21435,21573,21732,21803,21513,21629,21528,21825,21505,21598,21639,21930,22320,22074,22003,21989,21951,21882,21958,21942,22104,22290,22131,22241,22249,22348,,
TAB,TAB0331,HAWK,te_huka_3,GEO,GEO,2026-08-21,22744,22709,22568,22549,22679,22795,22806,22708,22594,22529,22568,22053,22177,21942,21777,21330,21261,21271,21105,21430,21205,21243,21175,21370,22015,21796,21770,22175,21589,22021,21921,22044,22010,22163,22498,22313,22280,22442,22321,22410,22296,22308,22302,22449,22341,22434,22498,22433,,
TAB,TAB0331,HAWK,te_huka_3,GEO,GEO,2026-08-22,22721,22645,22645,22621,22770,22973,22832,22864,22724,22790,22759,22427,22483,22539,22493,22326,21935,21887,21576,22096,21678,21917,21779,21954,22100,22258,22278,22346,22357,22653,22481,22418,22513,22471,22825,22465,22500,22471,22644,22569,22702,22760,22704,23007,22695,22748,22604,22724,,
TAB,TAB0331,HAWK,te_huka_3,GEO,GEO,2026-08-23,22899,22895,22681,22795,22813,23052,22818,23174,23260,23366,23212,22975,22951,22742,22875,22686,22802,22681,22755,22899,22773,22715,22537,22569,22681,22577,22443,22451,22480,22631,22518,22483,22570,22563,22799,22611,22529,22313,22450,22418,22447,22464,22481,22696,22568,22600,22680,22681,,
TAB,TAB0331,HAWK,te_huka_3,GEO,GEO,2026-08-24,22986,22695,22747,22604,22781,22941,22856,22690,22756,22745,22777,22373,22338,22193,22439,21960,21874,21818,21664,21799,21729,21812,21681,21702,21649,21764,21858,21980,21989,21966,22119,22153,22103,22119,22276,22232,22203,22193,21928,21880,22233,22068,22104,22112,22118,22114,22160,22204,,
TAB,TAB0331,HAWK,te_huka_3,GEO,GEO,2026-08-25,22565,22574,22438,22867,22819,23089,22828,22844,22718,22523,22692,22276,22117,21640,21725,21372,21383,21289,21174,21436,21165,21026,20872,21075,21287,21359,21350,21237,21325,21444,21401,21445,21599,21803,22128,21954,21843,21871,21712,21916,21972,21863,21812,22107,22012,21950,22127,22183,,
TAB,TAB0331,HAWK,te_huka_3,GEO,GEO,2026-08-26,22606,22655,22534,22568,22744,22910,22745,22802,22693,22649,22656,22273,23196,23331,23176,23040,22683,22628,22362,22632,22434,22428,22655,22770,23087,23010,22940,22978,22945,23144,22804,22800,22769,22327,22178,22275,21971,21899,22521,22542,22620,22635,22596,22644,22655,22735,22845,22766,,
TAB,TAB0331,HAWK,te_huka_3,GEO,GEO,2026-08-27,22865,22868,22979,23043,23185,23214,23254,23271,23218,23219,23053,22968,22820,22634,21981,21836,21612,21715,21686,21526,21516,21619,21499,21500,21907,21596,21727,21761,21774,22032,21826,21851,21981,21923,22378,22163,22172,22259,22750,22826,22817,22857,22770,22766,22814,22841,22924,22858,,
TAB,TAB0331,HAWK,te_huka_3,GEO,GEO,2026-08-28,23037,23057,23186,23252,23409,23556,23543,23590,23397,23307,23077,22946,22866,22618,22075,21741,21648,21621,21457,21748,21598,21591,21562,21584,21799,21854,21520,21679,21609,21896,21778,21818,21792,21984,22496,22239,22073,22340,22156,22317,22306,22389,22392,22617,22402,22515,22488,22554,,
TAB,TAB0331,HAWK,te_huka_3,GEO,GEO,2026-08-29,22977,22821,22664,22525,22680,22859,22771,22724,22796,22641,22871,22533,22520,22555,22606,22420,22389,22287,22293,22638,22245,22224,22075,22238,22622,22308,22486,22516,22389,22769,22440,22607,22504,22590,22928,22670,22707,22747,22618,22505,22571,22359,22414,22571,22451,22486,22405,22522,,
TAB,TAB0331,HAWK,te_huka_3,GEO,GEO,2026-08-30,22726,22750,22547,22652,22625,22841,22548,22632,22515,22746,22603,22645,22557,22526,22641,22515,22390,22284,22333,22508,22319,22415,22400,22216,22534,22563,22407,22489,22368,22504,22398,22326,22407,22468,22753,22356,22302,22390,22366,22390,22513,22729,22311,22631,22354,22485,22524,22486,,
TAB,TAB0331,HAWK,te_huka_3,GEO,GEO,2026-08-31,22869,22796,22704,22746,22786,22982,22777,22702,22742,22649,22675,22424,22140,22106,21858,21658,21531,20805,19956,20435,20209,20171,19583,19710,20036,19774,19562,19560,19395,20430,20610,20974,21866,21862,22104,21659,22085,22467,22489,22502,22306,22183,21852,22195,21929,22004,22127,22026,,
TAB,TAB2201,CTCT,Tauhara,Geo,Geo,2026-08-01,86154,86159,86276,86462,86384,86406,86467,86501,86454,86467,86414,86546,86543,86680,86634,86659,86464,86373,86317,86322,86080,86004,86064,85962,85887,85812,85807,85773,85766,85829,86011,85978,86102,86142,86124,86062,86327,86410,86517,86430,86480,86531,86522,86509,86571,86731,86764,86714,,
TAB,TAB2201,CTCT,Tauhara,Geo,Geo,2026-08-02,86854,87037,87087,87110,87061,87115,87121,87159,87233,87254,87119,87217,87207,87337,87164,87181,87147,87099,86908,86802,86715,86566,86447,86416,86183,86157,86163,86113,86233,86143,86272,86233,86224,86118,86087,86124,86245,86123,86268,86285,86336,86274,86252,86320,86513,86529,86453,86594,,
TAB,TAB2201,CTCT,Tauhara,Geo,Geo,2026-08-03,86551,86673,86677,86728,86680,86687,86750,86861,86764,86789,86809,86877,86779,86921,86836,85943,85588,85628,85651,85332,85073,84909,85153,84964,85053,85117,85028,84847,84767,84673,84903,84790,84766,84769,84924,84833,84907,85130,85261,85165,85223,85317,85359,85211,85336,85341,85290,85186,,
TAB,TAB2201,CTCT,Tauhara,Geo,Geo,2026-08-04,85067,85073,85101,85442,85467,85294,85012,85269,85457,85541,85416,85519,85295,85616,85758,85794,86088,86015,85844,85693,85572,85736,85820,85722,85890,85843,85895,85736,85798,86126,86264,86359,86497,86501,86693,86798,86933,86833,86918,86900,87113,87083,87114,87150,87166,87150,87211,87209,,
TAB,TAB2201,CTCT,Tauhara,Geo,Geo,2026-08-05,87130,87150,87087,87134,86967,87032,86980,87058,86958,87134,87120,87133,86941,87018,86867,86875,86816,86992,87196,87072,86707,86365,86689,86695,86527,62658,59363,59213,82713,86464,86407,86431,86418,86485,86288,86271,86424,86597,86731,86787,86626,86817,86865,86944,86954,86852,86817,86928,,
TAB,TAB2201,CTCT,Tauhara,Geo,Geo,2026-08-06,86985,86966,86985,87061,86934,86968,87049,87139,87184,87144,87193,87199,87266,87155,87231,87345,87427,87280,87231,87142,87101,86978,86935,86879,86874,86774,86765,86843,86814,86764,86689,86777,86575,86577,86534,86633,86576,86693,86737,86812,86611,86714,86822,86995,86827,86913,86979,87045,,
TAB,TAB2201,CTCT,Tauhara,Geo,Geo,2026-08-07,87018,87153,87073,87111,87166,87226,87306,87287,87306,87323,87392,87315,87358,87379,87434,87309,87314,87320,87389,87206,87071,87079,87040,86776,86706,86476,86290,86256,86244,86270,86093,86053,86051,86177,86278,86385,86444,86513,86449,86588,86512,86592,86493,86553,86619,86652,86614,86608,,
TAB,TAB2201,CTCT,Tauhara,Geo,Geo,2026-08-08,86639,86711,86668,86707,86673,86625,86639,86551,86595,86494,86609,86615,86668,86461,86628,86723,86789,86652,86720,86722,86716,86478,86456,86522,86288,85991,85800,85790,85708,86160,86183,85935,85812,85868,85805,86018,85961,86128,86191,86201,86105,86115,86140,86231,86203,86295,86308,86251,,
TAB,TAB2201,CTCT,Tauhara,Geo,Geo,2026-08-09,86213,86223,86264,86185,86164,86136,86235,86027,86050,85938,86034,85944,86055,85890,85897,85730,85814,85854,85870,85840,85786,85632,85442,85364,85281,85265,85116,85092,84983,84909,84460,84164,84170,84343,84318,84720,84883,85068,85034,85099,85128,85153,85202,85250,85343,85323,85338,85514,,
TAB,TAB2201,CTCT,Tauhara,Geo,Geo,2026-08-10,85646,85528,85591,85610,85759,85727,85850,85743,85941,85873,85917,85897,86009,85972,86153,86150,86184,86068,85923,85647,85404,85259,85462,85516,85132,85284,85275,85151,84999,85196,84953,85171,85398,85377,85310,85344,85489,85605,85676,85673,85688,85695,85733,85753,85825,85825,85958,85840,,
TAB,TAB2201,CTCT,Tauhara,Geo,Geo,2026-08-11,85898,85942,86002,85986,86064,86137,86280,86271,86323,86292,86297,86253,86451,86447,86499,86456,86526,86455,86153,86028,85933,85765,85518,85303,85302,85183,84842,84858,84858,85006,84986,84901,84641,84619,84551,84643,84673,84750,84696,84782,85023,85544,85708,85645,85556,85419,85428,85494,,
TAB,TAB2201,CTCT,Tauhara,Geo,Geo,2026-08-12,85604,85826,85999,85966,85971,85937,85870,85703,85657,85761,85821,85712,85748,85871,85861,85319,85659,85673,85695,85734,85581,85567,85573,85668,85537,85497,85460,85576,85385,85329,85340,85408,85278,85346,85413,85455,85451,85427,85479,85412,85396,85395,85452,85394,85448,85465,85537,85409,,
TAB,TAB2201,CTCT,Tauhara,Geo,Geo,2026-08-13,85459,85399,85474,85386,85472,85457,85509,85387,85459,85401,85395,85304,85410,85523,85486,85360,85240,85225,81187,80011,80069,80051,80374,80200,80004,81211,81681,82659,83239,83532,84745,84887,84835,84903,84773,84688,84675,84881,84946,84885,84751,84873,84911,85059,84982,84777,84705,84920,,
TAB,TAB2201,CTCT,Tauhara,Geo,Geo,2026-08-14,85028,85008,84971,85032,84956,85007,84997,85145,85193,85187,85090,85097,85019,85027,84813,84682,84497,84503,84428,84400,84347,84353,84360,84544,84796,84941,84912,84905,84766,84679,84635,84809,84776,84762,84727,84459,84321,84335,84362,84486,84521,84490,84439,84467,84436,84466,84416,84396,,
TAB,TAB2201,CTCT,Tauhara,Geo,Geo,2026-08-15,84338,84310,84292,84329,84444,84366,84398,84332,84424,84399,84447,84458,84457,84491,84422,84479,84501,84464,84401,84386,84196,84024,84128,84269,84326,84200,84168,84162,84138,84110,84257,84286,84330,84362,84592,84555,84599,84490,84525,84508,84533,84547,84561,84645,84783,84883,85074,85339,,
TAB,TAB2201,CTCT,Tauhara,Geo,Geo,2026-08-16,85440,85395,85529,85634,85683,85602,85596,85627,85691,85557,85780,85762,85712,85673,85647,85737,85750,85646,85667,85650,85656,85471,85938,85969,85528,85573,85743,85830,85845,85803,85817,85914,85946,86079,86174,86218,86185,86188,86160,86184,86097,86339,86329,86432,86300,86258,86298,86406,,
TAB,TAB2201,CTCT,Tauhara,Geo,Geo,2026-08-17,86379,86430,86449,86550,86406,86450,86439,86528,86491,86654,86600,86739,86784,86861,86880,86796,86685,86610,86592,86561,86469,86441,86509,86414,86135,86146,86303,86456,86278,86286,86198,86088,86209,86324,86387,86276,86306,86340,86343,86401,86610,86808,86841,86712,86757,86848,86882,86675,,
TAB,TAB2201,CTCT,Tauhara,Geo,Geo,2026-08-18,86770,86792,86827,86821,86881,86887,87044,86905,86736,86695,86902,86908,87100,87106,87043,86870,86960,86870,86790,86636,86615,86534,86389,86049,86014,85928,86260,86070,86045,85956,85927,86063,86096,86203,86136,86019,86222,86220,86185,86098,86235,86264,86408,86403,86639,86758,86753,86826,,
TAB,TAB2201,CTCT,Tauhara,Geo,Geo,2026-08-19,86906,86914,86768,86768,86815,86895,86841,86884,86816,86851,86849,86934,86928,86922,86812,86521,86807,86861,86780,86850,86769,86755,86525,86563,86533,86513,86497,86544,86471,86468,86375,86388,86368,86428,86096,86147,86147,86298,86205,86325,86639,86818,86647,86791,86691,86666,86617,86822,,
TAB,TAB2201,CTCT,Tauhara,Geo,Geo,2026-08-20,86824,86861,86636,86471,86276,86176,86220,86446,86519,86560,86625,86638,86728,86753,86950,86952,86874,86600,86407,86285,86220,85901,86016,85950,85889,85824,85720,85700,85610,85205,85438,85527,85626,85531,85580,85558,85698,85657,85805,85921,85878,85724,85880,85865,85904,85815,85928,86031,,
TAB,TAB2201,CTCT,Tauhara,Geo,Geo,2026-08-21,86083,86090,86245,86465,86460,86456,86521,86540,86503,86565,86648,86632,86637,86609,86634,86726,86638,86615,86556,86483,86283,86212,86083,86009,85790,85776,85740,85861,85766,85745,85641,85686,85659,85446,85438,85762,85906,86035,86073,86023,86047,86119,86179,86278,86024,85720,85645,85555,,
TAB,TAB2201,CTCT,Tauhara,Geo,Geo,2026-08-22,85489,85481,85601,85718,85665,85656,85832,85555,85670,85720,85709,85768,85788,85913,85964,85767,85776,85704,85682,85626,85721,85525,85482,85389,85284,85328,85402,85149,84874,84704,84629,84548,84725,85025,85014,85156,85296,85262,85267,85237,85295,85376,85214,85271,85552,85600,85492,85224,,
TAB,TAB2201,CTCT,Tauhara,Geo,Geo,2026-08-23,85353,85251,85147,85054,85115,85156,85111,85099,85145,85093,84997,85112,85237,85411,85272,85322,85144,85254,85162,85050,84614,84363,84103,83999,83957,83844,83946,83884,84360,84551,84584,84442,84572,84702,84700,84899,84830,84898,85214,85690,85691,85436,85390,85603,85714,85842,85887,86003,,
TAB,TAB2201,CTCT,Tauhara,Geo,Geo,2026-08-24,85940,85694,85324,85156,85167,85381,85598,85672,85717,85564,85843,86067,86095,85942,86124,86285,86259,86040,86020,85857,85721,85559,85686,85608,85623,85705,85589,85598,85575,85469,85511,85349,85473,85530,85614,85840,85977,85962,85976,86045,86089,86045,85982,85993,86225,86143,86128,86199,,
TAB,TAB2201,CTCT,Tauhara,Geo,Geo,2026-08-25,86022,86059,86175,85948,85977,85901,85886,86005,85910,85910,85845,85874,85877,85777,85497,85457,85438,85447,85241,85398,85212,85194,85096,85231,85196,84964,84808,84726,84668,84824,84911,84666,84826,84954,85086,85298,85303,85566,85710,85702,85708,85734,85633,85488,85457,85479,85664,85681,,
TAB,TAB2201,CTCT,Tauhara,Geo,Geo,2026-08-26,85759,85809,85743,85603,85643,85571,85638,85636,85790,85789,85782,85735,85660,85788,85778,85145,85544,85589,85333,85341,85399,85053,84985,84963,85276,85136,84901,84426,84481,84366,84713,84823,85061,85153,84819,84805,84862,85093,85130,85330,85327,85268,84976,84975,85062,85173,85214,85284,,
TAB,TAB2201,CTCT,Tauhara,Geo,Geo,2026-08-27,85301,85307,85284,85346,85342,85336,85239,85296,85258,85350,85421,85499,85567,85580,85533,85530,85449,85364,85254,85227,85127,85159,85169,85105,85071,84906,84829,84752,84869,84824,84988,84969,84948,84880,84948,85041,85150,85194,85304,85251,85375,85386,85513,85510,85496,85314,85411,85516,,
TAB,TAB2201,CTCT,Tauhara,Geo,Geo,2026-08-28,85536,85454,85416,85396,85439,85367,85391,85383,85364,85321,85348,85358,85349,85347,85394,85382,85361,85088,84995,84967,84927,84966,85032,85158,85130,85091,85024,85057,84786,84849,84908,85023,85076,84925,84978,85084,85171,85276,85305,85272,85284,85376,85338,85303,85252,85272,85277,85236,,
TAB,TAB2201,CTCT,Tauhara,Geo,Geo,2026-08-29,85201,85166,85040,85016,85030,85015,85017,85003,84999,84970,84944,85004,85087,85085,85047,84930,84986,84874,84741,84459,84177,84030,83869,83728,83815,83784,83739,83677,83830,83975,84094,84099,84347,84449,84529,84597,84697,84699,84668,84684,84803,84792,84821,84837,84856,84869,84852,84836,,
TAB,TAB2201,CTCT,Tauhara,Geo,Geo,2026-08-30,84859,84952,85042,85130,85174,85492,85586,85761,85851,85799,85634,85482,85464,85511,85446,85337,85194,85111,84811,84826,84825,84805,84786,84597,84666,84494,83994,84092,84259,84350,84649,84822,84478,84457,84226,84421,84706,84541,84412,84400,84639,84910,85112,85185,85305,85052,84959,84664,,
TAB,TAB2201,CTCT,Tauhara,Geo,Geo,2026-08-31,84610,84543,84559,84628,84765,84615,84686,84627,84741,84795,85029,85236,85127,84989,84972,84789,84720,84600,84570,84529,84436,84460,84434,84258,84558,84799,84275,84142,84076,84379,84951,84984,84591,84288,84364,84410,84387,84519,84735,84843,84739,84859,84887,85095,85218,85024,85167,85201,,
TGA,TGA0331,POCO,kaimai,Hydro,Hydro,2026-08-01,56,51,45,44,44,44,44,44,48,45,45,43,40,172,6910,11593,13603,13652,13672,13660,13639,13587,9008,4067,3556,3541,3547,3535,3533,3544,6103,6162,6205,8812,15252,16002,16030,16047,16032,16018,16032,16022,16072,16019,16030,16035,16035,8307,,
TGA,TGA0331,POCO,kaimai,Hydro,Hydro,2026-08-02,852,47,40,38,40,37,36,35,35,40,36,33,31,5847,15793,18250,18238,18486,18602,18596,15511,15374,7867,3824,3661,3659,3660,3565,3893,3879,3834,8824,15517,15869,15776,15866,15799,15819,15785,15757,15774,8110,7122,4670,233,45,39,35,,
TGA,TGA0331,POCO,kaimai,Hydro,Hydro,2026-08-03,33,31,29,32,33,30,29,28,26,3199,3560,12505,17840,18729,18725,18712,18704,18683,15799,15497,10502,7480,3385,3152,3413,3835,3537,3557,3542,3721,3956,6356,9800,13079,15358,16971,17065,17061,17065,17060,17071,17083,17076,17074,13728,8114,3315,438,,
TGA,TGA0331,POCO,kaimai,Hydro,Hydro,2026-08-04,46,45,43,41,37,31,33,31,30,30,111,3434,6759,11819,15422,15520,15573,15533,16376,16359,16393,16378,16392,8498,11252,12438,4297,590,45,44,41,2099,6839,14754,16430,17620,18866,18855,18850,18840,18824,18807,18798,15332,14946,7675,579,37,,
TGA,TGA0331,POCO,kaimai,Hydro,Hydro,2026-08-05,36,35,36,46,46,44,42,30,29,29,25,25,4370,10831,18389,18848,18846,18829,18808,16245,15967,13162,7492,3355,3082,3076,3067,3086,3064,3069,3070,3108,6230,13307,18633,18841,18838,18829,18824,18806,18752,18756,12260,7368,6984,875,30,31,,
TGA,TGA0331,POCO,kaimai,Hydro,Hydro,2026-08-06,39,42,42,42,40,37,33,31,29,27,26,25,4340,11524,18261,18716,18705,18705,18702,18692,15576,15376,15577,8034,3834,3521,3521,3526,3531,3317,3187,3176,3598,5912,16012,18710,18718,18722,18712,18697,18693,18696,18687,11606,945,43,43,42,,
TGA,TGA0331,POCO,kaimai,Hydro,Hydro,2026-08-07,39,34,31,31,30,29,28,40,37,32,30,23,5408,13401,18733,18736,18734,18811,18816,16117,15339,15339,15355,15370,7610,3812,3678,3676,3682,3679,3676,3669,3663,6122,17619,18811,18821,18821,18825,18813,18803,15170,14751,8402,3723,782,43,48,,
TGA,TGA0331,POCO,kaimai,Hydro,Hydro,2026-08-08,45,42,36,29,30,29,30,41,38,36,34,33,29,26,2329,5138,11405,14466,14487,14467,14558,14514,14481,14530,13236,13077,13106,13053,13081,13059,13068,13037,13026,13059,16120,16437,16425,16431,16425,16437,16408,16414,11895,8261,3615,3671,3669,3664,,
TGA,TGA0331,POCO,kaimai,Hydro,Hydro,2026-08-09,768,33,32,33,36,44,44,42,41,39,36,30,28,27,25,23,689,5698,12263,14993,15022,15016,15018,14994,15048,15017,14988,15034,15059,15054,15082,15020,15031,15062,15042,15014,15025,15036,15034,15117,14884,14888,14896,14899,14905,14869,11224,7483,,
TGA,TGA0331,POCO,kaimai,Hydro,Hydro,2026-08-10,4087,3435,407,53,58,59,59,58,56,2859,3494,3196,3208,5862,15864,18656,18642,18569,15827,15372,15383,12853,7701,7114,3597,3071,3076,3076,3079,3068,3081,3874,8129,12009,12705,15099,18483,18606,18607,18456,18305,14135,13702,13666,8185,7227,3968,647,,
TGA,TGA0331,POCO,kaimai,Hydro,Hydro,2026-08-11,43,41,39,38,35,33,31,30,29,2855,3520,6298,7006,14345,15867,16072,16029,16053,16045,15980,15968,15960,16053,8226,7103,7074,4169,3596,3594,3715,4049,3937,8190,14026,15831,15847,18395,18604,18592,18612,18611,18620,13563,12773,7644,1330,50,48,,
TGA,TGA0331,POCO,kaimai,Hydro,Hydro,2026-08-12,45,44,43,42,40,38,36,33,32,30,30,3130,10039,14567,18546,18728,18735,18744,18744,18756,15871,15480,15480,13205,7339,3760,3316,3340,3319,3320,3314,4561,7455,10547,17034,18759,18730,18722,18711,18693,18696,17957,14572,12725,7098,769,40,40,,
TGA,TGA0331,POCO,kaimai,Hydro,Hydro,2026-08-13,46,45,46,45,43,43,42,41,40,37,40,39,192,9721,14789,16286,17281,17288,17280,17281,17251,17273,17279,17289,17282,17311,17276,17275,17271,17268,17257,18037,18265,18247,17846,17909,17920,17904,17904,18009,18132,18058,17964,17987,17903,17757,17783,17806,,
TGA,TGA0331,POCO,kaimai,Hydro,Hydro,2026-08-14,17834,12026,9007,8965,10244,11445,11369,11145,9830,10155,10727,12831,16684,17621,17617,17613,17615,17559,17518,17520,9510,7720,7734,7717,7710,7707,7708,7722,7721,7719,8064,7843,14405,17659,17883,17926,17917,18032,18128,18685,18700,18699,18697,18699,18701,18711,18731,18744,,
TGA,TGA0331,POCO,kaimai,Hydro,Hydro,2026-08-15,18759,18764,8994,7194,3954,3671,3666,3659,3691,9787,11435,11444,14572,18480,18458,18434,18415,18385,18387,18381,18319,18388,18405,18404,18407,8684,6680,6682,6698,6689,6688,6660,6665,16262,18496,18522,18512,18471,18329,17557,17459,17440,17143,16895,16038,15151,15008,8156,,
TGA,TGA0331,POCO,kaimai,Hydro,Hydro,2026-08-16,7242,715,75,74,72,69,66,63,59,57,2655,5532,5977,10275,12557,15495,16035,16015,15598,15569,15561,15583,15560,15595,15578,15674,15671,15669,15677,15674,12846,12778,12734,12740,15449,15569,15544,15546,15523,15552,15418,15347,13857,13714,13701,13746,7511,3866,,
TGA,TGA0331,POCO,kaimai,Hydro,Hydro,2026-08-17,497,73,72,71,70,68,65,62,61,59,55,5914,7413,12094,13128,18493,18733,18715,18691,18746,15972,15690,15730,8084,7174,3827,3176,3104,3081,6989,12149,14966,15728,15590,18436,18879,18861,18811,18814,18810,18253,18104,18077,18038,18022,18004,18109,18154,,
TGA,TGA0331,POCO,kaimai,Hydro,Hydro,2026-08-18,18367,8235,749,64,64,63,62,60,58,2135,3115,3336,6600,16119,18744,18740,18736,18750,18746,18735,16594,15631,15613,8123,3565,3192,3183,3193,3185,4584,3717,3565,5976,13350,18070,18720,18727,18733,18737,18727,18737,18727,15975,15618,15691,15655,12942,8085,,
TGA,TGA0331,POCO,kaimai,Hydro,Hydro,2026-08-19,3660,3320,3263,3173,3240,3681,227,54,3485,3636,6800,12050,16357,16510,16499,17885,18053,18217,8092,3337,3092,3080,3159,3387,6563,7451,7475,7705,7922,7576,7668,7903,7820,8559,12121,16263,17773,17854,17861,17823,17839,17815,12133,10574,10595,10557,10448,10096,,
TGA,TGA0331,POCO,kaimai,Hydro,Hydro,2026-08-20,6948,6590,639,57,57,56,56,54,53,52,6312,12158,13207,13130,13316,14945,14971,18525,15271,14810,14936,13421,12785,12787,8410,7892,7507,7523,7528,4870,4434,4443,11035,13585,17334,17004,16877,17059,17053,17088,17068,17046,12048,11505,11645,11691,11695,8417,,
TGA,TGA0331,POCO,kaimai,Hydro,Hydro,2026-08-21,3824,464,57,57,57,57,57,56,56,55,52,49,48,5444,17642,18828,18823,18035,17216,18339,15836,18373,15728,16917,8101,3344,3087,3120,3080,3079,3091,3091,6102,11863,16302,17398,16929,16906,16918,16930,16930,16930,16934,16889,8651,6764,748,56,,
TGA,TGA0331,POCO,kaimai,Hydro,Hydro,2026-08-22,57,56,55,55,55,55,54,54,53,51,50,2974,6187,6195,6191,9796,13048,13549,13551,13452,13307,13376,13411,13397,13371,13275,13272,13265,13362,13308,13340,13302,13459,13693,14671,15130,15178,15139,15135,15169,15144,15175,14890,14809,14808,14789,14847,14795,,
TGA,TGA0331,POCO,kaimai,Hydro,Hydro,2026-08-23,14776,14846,7725,253,52,52,52,50,52,51,51,5452,12119,15473,15661,15732,15610,12626,12133,7755,6772,6761,6766,6789,904,6261,7167,13554,16077,16009,15897,15900,15726,15697,15489,15265,15539,15729,15729,10932,8877,3400,3144,3160,3154,3159,3157,904,,
TGA,TGA0331,POCO,kaimai,Hydro,Hydro,2026-08-24,56,51,48,45,42,41,40,41,39,2568,5527,5961,10547,14159,18128,18460,18751,18763,18762,18761,16235,15881,15952,7840,3625,3502,3481,3497,3503,3502,3489,3490,6126,13982,18246,18705,18716,18718,18719,18725,18737,18732,11435,9863,8745,8373,871,44,,
TGA,TGA0331,POCO,kaimai,Hydro,Hydro,2026-08-25,44,43,45,42,43,40,42,41,39,38,35,33,6753,17407,18692,18698,18703,18715,18709,18726,16080,15698,15676,7897,4122,3522,3524,3528,3514,3540,3357,3266,6495,12455,18469,18640,18651,18652,18642,18649,18650,18649,13074,11867,11850,4644,568,47,,
TGA,TGA0331,POCO,kaimai,Hydro,Hydro,2026-08-26,48,45,45,45,44,43,41,40,38,38,34,34,4705,16091,18653,18662,18665,16912,16206,8122,6769,6741,6732,6743,7531,7618,7630,7653,5069,3660,3659,3656,6356,13433,17569,18624,18645,18778,18783,18774,18765,18777,13096,12143,7282,1191,41,40,,
TGA,TGA0331,POCO,kaimai,Hydro,Hydro,2026-08-27,41,38,38,42,41,39,33,32,30,37,6507,6852,12108,15448,18502,18722,18716,18720,18720,16281,12843,12673,12729,7285,3934,3519,3528,3516,3526,3530,3533,3531,6151,10890,15372,18499,18739,18732,18728,18716,18710,18711,16196,12786,11946,7549,3706,3496,,
TGA,TGA0331,POCO,kaimai,Hydro,Hydro,2026-08-28,530,46,45,42,42,42,40,46,48,42,39,2377,6677,11765,18495,18791,18786,18793,18789,18785,15909,15625,15629,15664,15143,14904,14905,14908,14929,14936,15018,14862,14980,14874,15439,15005,17978,15520,15136,15115,15123,12604,8684,1034,56,56,499,55,,
TGA,TGA0331,POCO,kaimai,Hydro,Hydro,2026-08-29,56,56,55,56,52,54,54,58,58,58,59,2092,3618,3860,6196,12043,16385,16524,17378,17380,17014,16975,16959,16972,16966,15727,15627,15644,15608,15664,15674,15562,15386,15410,15414,15422,15432,15411,15691,15647,17608,17796,17595,17581,17581,17584,17605,13180,,
TGA,TGA0331,POCO,kaimai,Hydro,Hydro,2026-08-30,11057,10894,10810,10773,10569,10635,3405,2586,2576,6177,10798,13148,15406,15446,14991,17097,17365,16235,15976,14043,14101,14103,15730,15890,17214,17328,17343,17358,17334,17324,17366,17405,17413,17446,17458,17865,17899,17848,17765,17723,17697,17654,17642,17514,17461,17477,17458,17475,,
TGA,TGA0331,POCO,kaimai,Hydro,Hydro,2026-08-31,13317,12760,12747,12234,3879,3103,296,75,71,69,4689,6686,11556,14595,18253,18774,18749,18734,18727,18741,17503,16093,16154,8004,7239,7252,7219,7243,13230,15559,15622,15571,15567,15611,18361,18755,18755,18754,18738,18727,18706,18675,18652,18645,12374,10949,10932,11827,,
THI,THI2201,CTCT,te_mihi,Geo,Geo,2026-08-01,84266,84354,84219,84420,84391,84251,84429,84441,84434,84472,84415,84424,84436,84283,84424,84597,84606,84510,84481,84238,83891,83931,84037,83842,83768,83730,83716,83987,84186,84216,84241,84246,84310,84388,84438,84567,84608,84669,84795,84631,84694,84559,84647,84601,84611,84646,84818,84857,,
THI,THI2201,CTCT,te_mihi,Geo,Geo,2026-08-02,84868,84925,84924,85086,85044,84979,84795,84917,85108,85069,85033,84937,84879,84958,85054,84980,84968,84803,84678,84597,84497,84560,84670,84665,84387,84283,84305,84221,84291,84412,84420,84236,84219,83887,83710,83820,83981,84039,84127,84104,84210,84301,84371,84444,84470,84389,84327,84369,,
THI,THI2201,CTCT,te_mihi,Geo,Geo,2026-08-03,84504,84564,84614,84642,84527,84595,84578,84562,84589,84502,84416,84302,84072,84029,84018,83975,83713,83562,83575,83358,83091,82990,82922,83008,83048,83052,82964,82890,82892,82955,82996,82898,82874,82828,82935,82824,82723,82651,82958,83362,83311,83311,83355,83254,83214,83096,83080,83167,,
THI,THI2201,CTCT,te_mihi,Geo,Geo,2026-08-04,83253,83338,83357,83389,83287,83288,83113,83117,83343,83489,83442,83397,83440,83565,83529,83573,83775,83830,83687,83557,83415,83611,83547,83302,83210,83314,83977,84013,84089,84327,84461,84358,84369,84321,84193,84306,84349,84151,84179,84262,84325,84281,84207,84417,84397,84347,84156,83993,,
THI,THI2201,CTCT,te_mihi,Geo,Geo,2026-08-05,83983,84078,84033,84153,84145,84126,83989,84065,84352,84501,84465,84245,84094,84032,83997,84212,84487,84691,84493,84176,83863,83840,83941,83711,83532,83616,83785,83956,83870,83911,83978,84003,83649,83494,83631,84118,84002,84240,84179,84395,84412,84417,84474,84678,84850,84854,84901,84795,,
THI,THI2201,CTCT,te_mihi,Geo,Geo,2026-08-06,84763,84917,84875,84830,84747,84725,84670,84746,84845,85022,85062,85006,84913,84816,84839,85078,85028,85057,85028,85045,84873,84860,84939,84999,85015,84887,84845,84735,84772,84514,84214,83894,84073,84271,84341,84398,84420,84480,84572,84578,84494,84645,84609,84573,84687,84719,84643,84817,,
THI,THI2201,CTCT,te_mihi,Geo,Geo,2026-08-07,84835,84853,84790,84793,84784,84723,84769,84878,84884,84883,84917,84893,84931,84966,84999,85076,84925,84897,84932,84895,84649,84544,84342,84223,84178,83998,83973,83918,83879,83915,83766,83602,83659,83776,84062,84190,84274,84307,84364,84391,84323,84378,84475,84368,84447,84501,84515,84448,,
THI,THI2201,CTCT,te_mihi,Geo,Geo,2026-08-08,84571,84580,84567,84463,84404,84383,84345,84340,84243,84342,84355,84332,84352,84427,84397,84388,84327,84265,84124,84004,83774,83698,83626,83718,83507,83417,83281,83090,83037,83013,83061,83144,83198,83318,83511,83663,83646,83604,83795,83947,83862,83985,83962,84016,84034,83920,83879,83839,,
THI,THI2201,CTCT,te_mihi,Geo,Geo,2026-08-09,84157,84219,84258,84136,84154,84165,84115,84118,84238,84179,84069,84098,84089,84138,84037,83851,83719,83557,83367,83317,83111,82994,82845,82514,81974,81931,81911,81684,81354,81127,81040,81404,81811,82158,82460,82620,82739,82651,82497,82466,82568,82753,82788,82834,83016,83142,83249,83322,,
THI,THI2201,CTCT,te_mihi,Geo,Geo,2026-08-10,83524,83554,83543,83559,83654,83740,83704,83756,83740,83785,83745,83693,83695,83733,83752,83700,83595,83513,83438,83315,83205,83183,83039,82857,82778,82814,82896,82817,82898,83111,83108,83033,83003,82985,82998,83169,83282,83358,83378,83342,83538,83578,83339,83238,83568,83691,83663,83732,,
THI,THI2201,CTCT,te_mihi,Geo,Geo,2026-08-11,83611,83527,83625,83713,83812,83961,83923,83932,83806,83570,83801,83894,83972,84085,84031,83998,84045,83953,83721,83613,83582,83563,83518,83374,83300,83249,83463,83472,83480,83382,82961,82977,83024,82989,83085,83312,83478,83645,83726,83749,83895,83993,83999,83943,84047,84061,84100,84059,,
THI,THI2201,CTCT,te_mihi,Geo,Geo,2026-08-12,83948,84005,84132,84128,84060,84070,84155,84185,84142,84130,84179,84150,84032,84121,84112,84224,84285,84020,83911,83678,83608,83654,83530,83405,83211,83118,83040,82974,82746,82787,82745,82745,82447,82556,82611,82671,82727,82940,83240,83250,83199,83279,83166,83069,83164,83200,83316,83326,,
THI,THI2201,CTCT,te_mihi,Geo,Geo,2026-08-13,83299,83253,83242,83230,83142,83101,83107,83088,83108,83179,83141,83220,83176,83251,83235,83191,83224,83166,83050,82939,72289,80747,82696,82561,82460,82183,72830,80715,82098,82005,82117,82095,82091,82042,82099,82134,82149,82006,82235,82157,82205,82112,82109,82184,82161,82142,82090,82138,,
THI,THI2201,CTCT,te_mihi,Geo,Geo,2026-08-14,82361,82463,82457,82451,82349,82390,82498,82481,82511,82623,82727,82721,82649,82566,82642,82525,82615,82446,82409,82244,82291,82302,82340,82379,82318,82366,82445,82471,82425,82324,82213,82254,82309,82252,82265,82266,82208,82221,82267,82369,82485,82512,82623,82728,82425,82278,82209,81979,,
THI,THI2201,CTCT,te_mihi,Geo,Geo,2026-08-15,81995,81997,81966,81980,81925,81855,81865,81818,81899,81886,82042,82069,81914,81936,81956,81834,82020,81772,81499,81387,81270,81470,81383,81295,81555,81387,81482,81438,81361,81484,81382,81226,81315,81739,81745,81840,82112,82282,82195,82071,82197,82198,82370,82405,82362,82337,82258,82360,,
THI,THI2201,CTCT,te_mihi,Geo,Geo,2026-08-16,82351,82662,82571,82667,82731,82814,82874,82688,82820,83138,83138,83009,82879,82905,82800,82764,82779,82849,82881,82815,82680,82806,82728,82641,82597,82524,82487,82160,82208,82482,82587,82428,82626,82735,82823,82923,83089,83222,83083,83050,82937,83011,82961,83101,83383,83394,83478,83535,,
THI,THI2201,CTCT,te_mihi,Geo,Geo,2026-08-17,83631,83487,83600,83518,83432,83537,83542,83816,83293,83292,83399,83671,83648,83923,83992,83848,83873,83899,83839,83499,83288,83153,83234,83403,83451,83254,83344,83463,83580,83521,83284,83316,83269,83176,82965,83271,83352,83405,83772,83866,83786,84120,84336,84326,84210,84313,84373,84307,,
THI,THI2201,CTCT,te_mihi,Geo,Geo,2026-08-18,84271,84314,84317,84390,84290,83872,83754,83911,83979,83798,83956,84091,84195,84102,84204,83991,83904,83593,83349,83092,82792,82580,82459,82539,82539,82466,82876,83064,83051,82981,82967,83208,83539,83636,83775,83921,83976,84051,83235,83094,83052,83104,83168,83109,83090,83158,83229,83272,,
THI,THI2201,CTCT,te_mihi,Geo,Geo,2026-08-19,83253,83285,83306,83294,83292,83194,83132,83101,83338,83668,83800,83706,83438,83841,84079,84021,84017,83756,83421,83390,83377,83367,83521,83569,83475,83593,83543,83979,83965,84234,84106,83293,83445,83143,83150,82772,83320,83562,83520,83781,83717,83849,84005,84157,84193,84186,84136,83706,,
THI,THI2201,CTCT,te_mihi,Geo,Geo,2026-08-20,83382,83368,83463,83301,83287,83473,83761,83640,83878,84076,84151,83986,83979,84122,84162,84097,83946,83908,83921,83944,83846,83797,83210,82987,83074,82946,82923,82780,82681,82837,82721,82698,82602,82689,82861,83034,83212,83191,83328,83289,83272,83398,83505,83414,83252,83354,83439,83525,,
THI,THI2201,CTCT,te_mihi,Geo,Geo,2026-08-21,83441,83301,83521,83650,83791,83872,83860,83791,83534,83481,83641,83633,83621,83716,83719,83638,80072,79571,79830,79796,79584,79492,79424,79470,79408,79408,79371,79356,79339,79311,79263,79132,79257,80173,82924,83251,83376,83336,83384,83416,83402,83420,83474,83409,83390,83395,83392,83428,,
THI,THI2201,CTCT,te_mihi,Geo,Geo,2026-08-22,83439,83410,83391,83413,83473,83471,83396,83370,83340,83349,83342,83317,83415,83510,83545,83448,83387,83249,83109,83005,82990,82900,82849,82865,82857,82796,82740,82607,82735,82763,82742,82883,82896,82955,83011,82997,82990,82967,82918,82836,82668,82480,82605,82676,82597,82595,82670,82676,,
THI,THI2201,CTCT,te_mihi,Geo,Geo,2026-08-23,82602,82504,82668,82596,82831,82748,82586,82331,82508,82259,82219,82142,82206,82081,82050,82061,82096,81909,81759,81577,81523,81400,81287,81188,81225,81060,81037,81130,81658,81931,82072,82310,82391,82500,82663,83009,83109,83112,83092,83119,83207,83238,83412,83428,83407,83363,83411,83446,,
THI,THI2201,CTCT,te_mihi,Geo,Geo,2026-08-24,83564,83567,83561,83558,83483,83473,83398,83364,82978,82967,83142,82997,83002,83158,83351,83315,83243,83137,83027,82957,82802,82949,83048,83078,83110,82993,83017,82958,82970,82880,82779,82613,82729,82880,82996,83147,83180,83221,83303,83304,83235,83236,83318,83214,83200,83374,83419,83378,,
THI,THI2201,CTCT,te_mihi,Geo,Geo,2026-08-25,83180,83239,83361,83298,83427,83375,83344,83174,83332,83392,83533,83563,83372,83197,83055,83238,82893,82441,82335,82191,82134,82184,82134,82166,82337,82081,81962,81902,81933,81890,81764,81961,82016,82106,82312,82820,82820,82564,82310,82279,82426,82489,82580,82432,82229,82285,82475,82575,,
THI,THI2201,CTCT,te_mihi,Geo,Geo,2026-08-26,82522,82516,82533,82538,82476,82409,82471,82536,82636,82665,82714,82736,82710,82634,82601,82498,82451,82450,82393,82311,82127,82033,81885,81843,81576,81448,81537,81410,81473,81510,81458,81547,81688,81623,81741,81979,82100,82074,82173,82108,82177,82201,82211,82202,82213,82271,82293,82302,,
THI,THI2201,CTCT,te_mihi,Geo,Geo,2026-08-27,82344,82352,82413,82328,82338,82430,82448,82369,82395,82400,82437,82405,82628,82508,82597,82596,82334,81987,72630,80535,82081,82213,82300,82371,82295,82677,82668,82481,73691,81065,81793,81699,81641,81722,81869,81986,82180,82199,82016,81724,81738,82013,82009,82000,82203,82331,82287,82363,,
THI,THI2201,CTCT,te_mihi,Geo,Geo,2026-08-28,82616,82720,82498,82317,82181,82216,82179,82117,82076,82049,82164,82146,82190,82105,82150,82039,81991,81929,81814,81861,81583,81728,81897,81855,81642,81746,81921,81800,81829,81861,81987,82052,82120,82004,82110,82328,82322,82355,82196,82194,82273,82348,82407,82297,82305,82387,82419,82117,,
THI,THI2201,CTCT,te_mihi,Geo,Geo,2026-08-29,82068,82108,82116,82185,82134,82145,81913,81880,82019,82069,81985,81846,81866,81935,81613,81494,81276,81154,81221,81059,80930,81084,80919,80982,80994,81095,81158,81121,81125,81090,81167,81235,81354,81414,81476,81630,81504,81654,81861,81957,82062,82339,82378,82293,82609,82662,82692,82701,,
THI,THI2201,CTCT,te_mihi,Geo,Geo,2026-08-30,82680,82504,82421,82564,82807,83158,83221,83165,83132,83041,83131,82907,82978,82944,82908,82806,82671,82563,82585,82476,82441,82474,82563,82641,82483,82243,82262,82150,82158,82110,82047,81877,81987,81982,81955,82058,82131,82231,82360,82486,82456,82499,82480,82468,82648,82849,82715,82541,,
THI,THI2201,CTCT,te_mihi,Geo,Geo,2026-08-31,82466,82529,82574,82619,82832,83066,83111,83014,83138,83207,83226,83151,83077,83127,83102,83041,83224,83152,82691,82648,82369,82302,82293,82234,82255,82204,82004,82077,82157,82194,82096,82243,82256,82233,82168,82259,82218,82160,82332,82537,82520,82531,82550,82551,82538,82509,82570,82633,,
TKA,TKA0111,GENE,tekapo_a,Hydro,Hydro,2026-08-01,12451,13188,13465,13456,13373,13372,13338,13339,13349,13343,13362,13346,13121,13299,12816,13262,13413,13391,13354,13378,13343,13345,13323,13331,13334,13356,13327,13321,13344,13341,13332,13342,13322,13341,13391,13306,13343,13330,13317,13353,13333,13304,13344,13317,13318,13309,13337,13339,,
TKA,TKA0111,GENE,tekapo_a,Hydro,Hydro,2026-08-02,13303,13301,13351,13281,13327,13328,13323,13304,13295,13342,13313,13317,13300,13308,13340,13308,13319,13324,13343,13332,13290,13293,13310,13315,13270,13277,13322,13281,13318,13054,13250,13312,13313,13343,13282,13330,13341,13281,13332,13301,13306,13284,13309,13322,13346,13267,13283,13174,,
TKA,TKA0111,GENE,tekapo_a,Hydro,Hydro,2026-08-03,12921,12915,12855,12199,11633,11419,11814,12056,12544,12842,13412,12954,13036,13411,13392,13339,13302,13232,12921,12371,12221,12012,12402,12268,13031,13460,13417,12738,12870,12748,12078,13068,13458,13383,13306,13315,13283,13291,13289,13234,13251,13256,13305,13273,13253,13252,13222,13238,,
TKA,TKA0111,GENE,tekapo_a,Hydro,Hydro,2026-08-04,13191,13054,13219,13276,13254,13253,13289,13244,13274,13194,12949,13210,13022,13276,13261,13295,13261,13240,13221,13243,13218,13264,13193,13253,13228,13251,13251,13228,13255,13201,13227,13242,13247,13234,13223,13205,13215,13251,13292,13268,13335,13326,13236,12966,12865,12860,12831,12875,,
TKA,TKA0111,GENE,tekapo_a,Hydro,Hydro,2026-08-05,12910,13031,13065,13065,13107,13118,13154,13176,13186,13182,13195,13171,13190,13185,13195,13179,13205,13169,13193,13182,13192,13210,13159,13212,13189,13171,13190,13175,13180,13195,13197,13175,13176,13182,12688,13131,13226,13194,13201,13188,13183,13179,13189,13187,13177,13173,13146,13186,,
TKA,TKA0111,GENE,tekapo_a,Hydro,Hydro,2026-08-06,13169,13148,13145,13163,13169,13160,13152,13172,13177,13120,13173,13142,13163,13171,13384,13409,13421,13185,13104,13123,13101,13169,13138,13155,13158,13135,13155,13138,13163,12982,13142,13131,12218,11984,12849,13214,13270,13197,13180,13181,13141,13141,13130,13159,13127,13119,13109,13108,,
TKA,TKA0111,GENE,tekapo_a,Hydro,Hydro,2026-08-07,13114,13122,13123,13105,13108,13117,13093,13118,13126,13112,13096,13115,13110,13115,13108,13100,13121,13105,13094,13118,12082,266,0,0,0,0,0,0,0,0,0,9440,13281,12957,13057,13010,13033,13060,13099,13258,13089,13097,13092,13079,13070,13094,13066,13078,,
TKA,TKA0111,GENE,tekapo_a,Hydro,Hydro,2026-08-08,13078,13071,13079,13081,13048,13069,13074,13060,13075,13051,13082,13046,13077,13053,13076,13073,13045,13083,12411,6312,5852,4478,3454,2012,1528,1525,3664,9164,13555,11909,6016,1997,8132,12073,13476,13361,13362,13362,13362,13288,13086,13037,13028,13003,13025,13016,13027,13053,,
TKA,TKA0111,GENE,tekapo_a,Hydro,Hydro,2026-08-09,13050,13020,13066,13037,13015,13029,13073,12974,13011,12999,13054,13045,13019,13049,13002,13026,13061,11389,8619,13436,12764,12088,13435,13041,12732,10411,9306,9037,10264,8919,11915,13335,9067,12545,13424,13258,13177,13097,13070,13036,13026,13033,13006,12634,12194,11741,12056,12043,,
TKA,TKA0111,GENE,tekapo_a,Hydro,Hydro,2026-08-10,11412,11357,11509,12440,12960,12225,12507,12639,12466,12247,12333,12889,12856,13121,12617,13010,12580,11511,11211,9965,9828,9713,7500,6788,7483,7106,7313,7363,7289,5860,5100,5351,7680,13534,13399,13488,13470,13096,12967,12976,12965,12967,12970,12981,12980,12965,12982,12971,,
TKA,TKA0111,GENE,tekapo_a,Hydro,Hydro,2026-08-11,12957,12962,12956,12957,12976,12952,12966,12962,12961,12968,12963,12957,12940,12976,12952,12969,12923,13092,12979,6250,5462,5382,5264,2876,2326,3702,2720,3417,3574,3499,3381,2837,3398,10462,12043,13176,13044,13030,13010,12931,12967,12926,12936,12956,12893,12957,12932,12928,,
TKA,TKA0111,GENE,tekapo_a,Hydro,Hydro,2026-08-12,12906,12938,12912,12949,12925,12915,12925,12931,12929,12927,12907,12938,12656,12917,12940,12944,12907,13368,12775,3743,1516,1524,1536,2713,2544,2685,3036,2991,2952,2906,794,0,3523,12584,13076,13091,12998,12981,12929,12905,12898,12560,12716,12648,12808,12934,12913,12912,,
TKA,TKA0111,GENE,tekapo_a,Hydro,Hydro,2026-08-13,12884,12882,12896,12877,12892,12870,12897,12898,12867,12877,12865,12212,12196,12273,12139,12861,12672,11901,11213,12377,12689,440,0,0,34,10220,13185,13180,13184,13183,13108,12768,11608,12686,12991,12949,12927,12900,12851,12872,12885,12060,12482,12745,12808,12911,12895,12825,,
TKA,TKA0111,GENE,tekapo_a,Hydro,Hydro,2026-08-14,12834,12834,12859,12837,12842,12860,12825,12858,12841,12853,12589,12639,12303,12352,11708,11236,11342,11359,11456,11459,11506,12256,12405,12741,11769,11633,12071,11881,11390,11347,11456,11446,11501,11478,11504,11508,11481,11505,11499,11494,11490,11498,11633,11513,12390,12395,12701,13060,,
TKA,TKA0111,GENE,tekapo_a,Hydro,Hydro,2026-08-15,12414,11838,11230,11166,11382,11416,11443,11469,11474,11440,11503,11479,11494,11446,11674,11634,11720,12522,12580,11845,11296,11248,11483,12432,11886,11287,12270,11715,11347,11824,12233,13000,13005,12927,12855,12810,12795,12579,11753,11009,11132,11308,11390,11408,11865,12587,12647,11697,,
TKA,TKA0111,GENE,tekapo_a,Hydro,Hydro,2026-08-16,11209,11274,11326,11440,11434,11444,11430,11450,11453,11477,11439,11437,11465,11439,11440,11474,11448,11458,11482,11452,11458,11436,12266,11916,11232,11371,11392,11443,12104,11986,12811,13018,12936,12883,12774,12812,12805,12794,12782,12779,12775,12777,12774,12767,12757,12775,12725,12795,,
TKA,TKA0111,GENE,tekapo_a,Hydro,Hydro,2026-08-17,12759,12760,12759,12763,12745,12783,12746,12752,12756,12769,12715,12764,12775,12738,12770,12741,12748,12741,12747,12748,12736,12727,12720,12756,12270,12508,12226,11148,11803,11577,11388,12185,12001,12356,12474,12766,11679,11299,11664,12027,12445,12845,12891,12829,12790,12747,12745,12723,,
TKA,TKA0111,GENE,tekapo_a,Hydro,Hydro,2026-08-18,12732,12721,12715,12724,12721,12719,12703,12713,12715,12733,12605,12676,12648,12504,12699,12737,12504,11341,11787,11931,11620,12575,12916,12789,12620,12592,12797,12693,12761,12693,12699,12687,12685,12726,12686,12674,12703,12647,12738,12657,12699,12667,12706,12664,12679,12684,12667,12692,,
TKA,TKA0111,GENE,tekapo_a,Hydro,Hydro,2026-08-19,12673,12658,12675,12666,12673,12668,12651,12654,12684,12648,12665,12655,12659,12696,12655,12694,12642,11459,10860,11054,11468,11837,12203,8684,6012,6552,7478,11274,13181,13210,13077,12764,12743,12683,11979,12336,12693,12704,12696,12664,12636,12649,12642,12582,12502,12603,12669,12636,,
TKA,TKA0111,GENE,tekapo_a,Hydro,Hydro,2026-08-20,12656,12615,12633,12628,12634,12625,12655,12603,12626,12606,12633,12615,12622,12636,12613,12634,11401,11710,12525,12736,12743,12245,12404,12659,12724,12548,12265,11194,10887,11774,12629,12688,12756,12748,12476,12448,12674,12677,12686,12640,12665,12656,12642,12639,12640,12649,12632,12636,,
TKA,TKA0111,GENE,tekapo_a,Hydro,Hydro,2026-08-21,12635,12629,12634,12639,12628,12625,12631,12623,12630,12633,12642,12614,12624,12639,12607,12638,12641,12580,12329,11239,10712,11027,12159,12772,12797,12739,12138,11297,11587,11175,11019,11394,12592,12501,12360,12090,12534,12730,12692,12622,12292,11577,12182,12591,12196,12512,12695,12632,,
TKA,TKA0111,GENE,tekapo_a,Hydro,Hydro,2026-08-22,12556,12556,12673,12618,12612,12534,12574,11469,11605,11708,12097,12072,12001,12245,11382,10949,11124,11078,11391,11118,11450,11139,11083,11225,11131,11319,11210,11140,11255,11307,11289,11177,11068,11135,11326,11200,11210,11256,11194,11214,11287,11264,11585,11432,11670,11558,11152,11093,,
TKA,TKA0111,GENE,tekapo_a,Hydro,Hydro,2026-08-23,11187,11142,11195,11206,11223,11133,11204,11185,11163,11090,11128,11144,11375,12314,11676,10934,11067,11124,11185,11226,11273,11228,11248,12474,12893,12714,12621,12620,12585,12463,12475,12389,11833,11336,11247,12144,12779,12665,12634,12470,11846,11413,12181,12230,12071,11568,12037,12578,,
TKA,TKA0111,GENE,tekapo_a,Hydro,Hydro,2026-08-24,12705,12599,12611,12574,12586,12559,12488,12435,12558,12573,12605,12502,12495,12500,12501,12565,12406,11344,10632,10841,11260,11106,11136,11176,11216,11172,10904,11074,11335,11242,11176,11208,11137,11313,11245,11223,11165,11810,11659,11275,11130,11186,12466,12366,12369,12396,12526,12554,,
TKA,TKA0111,GENE,tekapo_a,Hydro,Hydro,2026-08-25,11917,10789,10688,10853,11019,11132,11270,11378,12071,11656,12070,12369,12234,12274,12022,12448,11833,10877,10792,11024,11073,11169,11141,11174,11145,11157,11154,11162,11163,11144,11182,11146,11181,11201,11154,11118,11153,11132,11184,11173,11185,11113,11196,11159,11299,11372,11597,11232,,
TKA,TKA0111,GENE,tekapo_a,Hydro,Hydro,2026-08-26,11010,11129,11129,11123,11164,11125,11177,11127,11155,11173,11513,11677,11634,11241,11060,11030,11139,11093,11113,11158,11106,11109,11094,11012,10999,10952,10996,10975,11125,11118,11097,11081,12382,12776,12649,12574,12489,12515,12478,12471,12464,12479,12437,12462,12441,12463,12437,12456,,
TKA,TKA0111,GENE,tekapo_a,Hydro,Hydro,2026-08-27,12463,12476,12466,12489,12448,12483,12432,12501,12506,12429,12501,12464,12496,12487,12480,12485,12478,12476,12477,12512,12502,12485,12509,12438,12538,12483,12485,12458,12460,12387,12395,12492,12478,12499,12479,12435,12449,12476,12495,12480,12532,12481,12521,12515,12513,12483,12431,12448,,
TKA,TKA0111,GENE,tekapo_a,Hydro,Hydro,2026-08-28,12482,12448,12453,12421,12480,12572,12532,12546,12563,12542,12604,12580,12615,12584,12622,12538,12605,12611,12598,12561,12624,12628,12643,12656,12646,12621,12589,12573,12550,12746,12715,12582,12676,12587,12630,12606,12597,12632,12647,12670,12592,12642,12672,12631,12659,12639,12660,12694,,
TKA,TKA0111,GENE,tekapo_a,Hydro,Hydro,2026-08-29,12655,12666,12653,12681,12657,12699,12683,12657,12707,12689,12657,12669,12696,12740,12698,12667,12665,12760,12712,12682,12687,12733,12704,12734,12766,12705,12724,12712,12694,12717,12698,12762,12714,12691,12745,12738,12722,12762,12668,12725,12718,12730,12764,12795,12753,12758,12708,12700,,
TKA,TKA0111,GENE,tekapo_a,Hydro,Hydro,2026-08-30,11563,10975,11191,11375,11364,10706,10346,10491,10610,10665,11425,11724,12756,13102,12965,12852,12785,12825,12745,12799,12744,12767,12727,12772,12763,12725,11618,10989,11221,11309,12658,13039,12928,12860,12812,12762,12810,12753,12793,12764,12775,12770,12770,12754,12788,12760,12747,12768,,
TKA,TKA0111,GENE,tekapo_a,Hydro,Hydro,2026-08-31,12801,11514,10158,10041,10442,10498,10535,10625,10561,10607,12619,13176,13091,12980,12840,12822,12803,12779,12768,12767,12829,12754,12725,12803,12771,12764,12765,12797,12756,12759,12760,12670,12652,12676,12713,12652,12692,12678,12747,12681,12719,12697,12717,12718,12726,12728,12714,12697,,
TKB,TKB2201,GENE,tekapo_b,Hydro,Hydro,2026-08-01,69365,74987,74987,75002,75003,75003,74995,74993,75008,74999,74996,74997,73260,74995,70364,75001,74986,75009,74997,74999,74999,74934,75043,75013,75026,75004,75015,74993,74993,74993,75002,75011,75023,74979,74996,74983,75006,75007,74997,75000,74995,74998,75006,75003,74997,75001,74999,75000,,
TKB,TKB2201,GENE,tekapo_b,Hydro,Hydro,2026-08-02,75002,75000,74998,74989,75011,75000,74996,75000,74999,74998,74997,75000,74998,74996,74999,74992,75001,74997,75009,75000,75001,75002,74997,75001,74576,75008,74997,74998,74996,73290,74890,74830,74989,75057,74941,75011,75172,74998,75001,74993,74996,75007,75007,74991,75009,75007,74976,74326,,
TKB,TKB2201,GENE,tekapo_b,Hydro,Hydro,2026-08-03,72745,72946,70247,66395,63389,63584,62532,64846,69290,70608,73877,70680,72919,74770,74998,74990,75003,75004,71282,68015,68247,64979,68360,66002,74762,74898,75007,68675,73464,69797,66419,74977,75002,74980,74989,75003,74988,75012,75002,74995,74997,75000,75013,74998,74998,74988,75010,74996,,
TKB,TKB2201,GENE,tekapo_b,Hydro,Hydro,2026-08-04,73807,74058,74983,74998,75017,74993,74985,75012,74997,74602,72727,74881,73261,74983,74973,75042,75032,74991,74988,74985,75006,75001,74998,75022,75001,74981,75030,74978,74992,75008,75005,74995,74980,75016,75001,74991,75006,75326,75075,75904,75700,75702,75341,75299,75500,75302,75007,75001,,
TKB,TKB2201,GENE,tekapo_b,Hydro,Hydro,2026-08-05,75008,74988,75001,74996,75003,74994,75004,74998,75002,74995,75005,75001,74975,75011,74986,75009,75032,74979,74995,75000,75000,75004,74990,75012,74996,74985,74999,75022,74985,75000,74991,74986,75008,75006,71185,75002,74994,75010,74988,75002,75001,74997,75007,75001,74998,75001,74997,75000,,
TKB,TKB2201,GENE,tekapo_b,Hydro,Hydro,2026-08-06,75004,74996,75001,74995,74998,75002,74996,74990,75001,74992,74999,74993,74994,75002,76936,77001,76999,75044,75007,74997,74994,75002,74998,74998,75001,75002,74993,75000,74999,73915,75003,74990,66824,68174,72734,74987,75008,75006,74990,75003,74996,74998,75003,75000,74999,75004,75002,74999,,
TKB,TKB2201,GENE,tekapo_b,Hydro,Hydro,2026-08-07,74998,75001,74977,75026,74987,75001,74998,74993,75004,74994,74991,74980,74997,75016,74994,75014,74997,75020,75020,74990,74419,78002,78004,78006,77996,77994,78003,78001,77997,77996,78003,76680,74630,74488,72582,72492,73198,74009,74287,74998,75002,74996,75002,75003,74997,75001,75001,74995,,
TKB,TKB2201,GENE,tekapo_b,Hydro,Hydro,2026-08-08,75003,75000,74994,75004,75000,74990,75002,75000,74999,74999,74991,75002,74998,75002,75011,74980,75023,74997,75511,41005,40003,40002,39997,40002,40000,39999,40000,40020,62330,62886,40654,39999,39017,70387,75000,75006,74998,75002,74999,74997,75001,75002,74999,74996,75006,74999,75002,75003,,
TKB,TKB2201,GENE,tekapo_b,Hydro,Hydro,2026-08-09,74994,74997,75003,75005,75004,74997,74997,74988,75024,74997,74990,74993,75017,74982,75016,75000,75000,76700,79419,64735,64997,65008,65445,66863,66009,67209,67491,61081,59994,59990,59005,58919,59052,74625,74987,75001,75000,74997,75006,75001,74995,74996,75003,70991,68831,65762,68529,66498,,
TKB,TKB2201,GENE,tekapo_b,Hydro,Hydro,2026-08-10,62493,62495,62513,70696,72988,65020,72300,69232,71315,67151,70722,72961,73090,74988,71119,75002,70870,69122,69419,60371,61007,60984,62832,62997,62998,63961,64003,63993,64017,63997,64001,63992,62980,74693,67687,74977,75001,75003,75001,75001,74994,75003,75000,74998,75017,74987,75012,74995,,
TKB,TKB2201,GENE,tekapo_b,Hydro,Hydro,2026-08-11,75001,74996,74993,75001,75007,74997,74997,75005,74998,74986,75000,74997,75010,74992,75009,74998,74989,75023,75212,64221,64627,64804,64996,68811,70314,68969,69694,69409,68995,68999,69151,69421,69054,76213,75002,75008,74977,75003,75014,74981,75003,75003,75001,75019,74986,75006,74989,75006,,
TKB,TKB2201,GENE,tekapo_b,Hydro,Hydro,2026-08-12,74999,74999,74995,75017,75005,74990,75002,74998,74996,75000,75003,74995,73150,74985,74995,75007,75006,75018,75332,70440,71000,71001,70993,70560,70242,70906,69994,70013,69994,69998,71677,72499,69050,74955,75006,74996,74993,74999,75002,74997,75000,71290,74856,72502,74950,74997,75001,75002,,
TKB,TKB2201,GENE,tekapo_b,Hydro,Hydro,2026-08-13,75000,75001,75000,74999,75008,74996,74999,74992,75005,74998,74826,69259,70761,69055,69752,74557,71131,66358,62996,73295,73816,71607,75506,75500,75493,74655,71616,71751,65457,63802,64847,65248,66995,74999,74996,75004,75000,75006,74657,75008,74998,67032,74986,72596,74890,75002,75000,74490,,
TKB,TKB2201,GENE,tekapo_b,Hydro,Hydro,2026-08-14,75021,74999,74998,74998,75007,74998,74996,75002,75000,74993,73342,73471,70361,71487,64210,63858,63060,63014,62994,63000,63000,69348,69620,73007,62995,66437,68096,65953,62994,63002,63004,62991,62995,62999,63006,63010,62988,62998,62999,63004,62997,63004,64269,62997,70892,68396,74408,74989,,
TKB,TKB2201,GENE,tekapo_b,Hydro,Hydro,2026-08-15,69347,66938,63000,62998,63000,63000,62999,62994,63007,63001,63001,62991,63007,63001,64836,63321,65690,72012,70829,64375,63006,62989,63583,72132,63297,63043,70452,63809,63033,66969,69962,74985,75003,74993,75000,74991,75004,72930,65926,63004,63002,62995,62998,63010,66341,73254,69941,64878,,
TKB,TKB2201,GENE,tekapo_b,Hydro,Hydro,2026-08-16,62998,63003,62999,62998,62997,63008,63004,63001,62996,63001,62992,63009,62981,63010,62992,63003,63002,62991,63004,62992,63005,62999,71016,63004,62998,63000,63009,63006,69073,66044,75002,75007,74990,75002,75002,74983,74999,75003,75003,74998,75002,74995,74997,75003,75004,75018,74985,75000,,
TKB,TKB2201,GENE,tekapo_b,Hydro,Hydro,2026-08-17,75022,74982,75004,75003,74996,74993,75003,74997,75011,74992,74962,75028,75013,74988,75003,75009,75000,75007,74987,75004,75013,74993,75008,74987,69781,75045,68785,63009,69792,63240,64722,71195,64441,73619,69964,74975,63066,65235,65984,68674,72104,75062,75023,74989,75010,75004,75001,75002,,
TKB,TKB2201,GENE,tekapo_b,Hydro,Hydro,2026-08-18,74997,74996,74997,75011,74992,75007,75002,74995,74993,74990,74535,74689,74437,73249,74986,74980,72598,63017,70179,67004,66405,74880,74732,74756,73168,74799,75000,75003,74998,75006,74973,75031,74981,75020,74989,74984,75001,75001,75011,74990,75009,74990,75002,75002,75010,74993,75003,75001,,
TKB,TKB2201,GENE,tekapo_b,Hydro,Hydro,2026-08-19,74998,74993,74998,75006,74997,75009,74988,75001,75000,74989,74996,75015,75001,74993,75004,74991,74680,63814,62988,63013,65042,66862,70482,40300,39007,38994,39001,68462,75005,74994,75018,74973,75004,74998,68876,73517,74987,75002,75007,74997,74998,75004,74992,74210,74070,74944,75008,74996,,
TKB,TKB2201,GENE,tekapo_b,Hydro,Hydro,2026-08-20,75015,74985,75004,75000,74989,75007,74998,75008,74992,74994,75006,74993,74996,74997,75015,75043,63444,70300,74637,75005,75162,69725,74479,75023,75325,73927,71368,63011,63712,69006,74485,74080,75199,75498,73720,73539,75489,75501,75495,75515,75496,75491,75521,75498,75501,75498,75493,75512,,
TKB,TKB2201,GENE,tekapo_b,Hydro,Hydro,2026-08-21,75489,75504,75485,75508,75487,75503,75501,75499,75494,75498,75506,75491,75496,75501,75500,75504,75505,75013,72806,62997,63002,62997,71974,75095,75341,75473,69355,65136,67565,62994,63001,64842,75016,71065,72612,69495,75480,75493,75496,75405,71574,66700,75047,73816,71010,75316,75501,74915,,
TKB,TKB2201,GENE,tekapo_b,Hydro,Hydro,2026-08-22,75240,75340,75498,75501,75503,75496,75504,64856,71033,65841,73371,68158,71563,71144,63441,63005,63018,62970,63009,63005,62994,63001,63005,62993,62998,62994,62994,63007,63013,62982,63019,62989,62991,63010,62986,62999,63012,62993,62995,63004,62996,63001,66223,63139,67254,64303,63017,62990,,
TKB,TKB2201,GENE,tekapo_b,Hydro,Hydro,2026-08-23,62988,63016,63016,63008,63011,62996,62975,63002,63007,63006,62999,62996,65823,72958,63346,63000,63001,63003,63004,62996,62999,62995,63131,75406,75450,75481,75511,75534,75526,75511,74223,74577,69055,66317,65304,73599,75497,75504,75500,74133,68297,67785,73400,71374,71251,66353,72867,75119,,
TKB,TKB2201,GENE,tekapo_b,Hydro,Hydro,2026-08-24,75512,75473,75500,75504,75500,75502,75495,75502,75498,75497,75494,75503,75505,75491,75498,75501,74455,65055,63002,63000,62993,62974,63024,63008,62993,63003,62930,63014,63023,63030,62979,62982,63004,64491,62977,63426,63012,69284,64279,63630,63001,63236,75288,69898,74797,72939,75233,75204,,
TKB,TKB2201,GENE,tekapo_b,Hydro,Hydro,2026-08-25,68811,63003,63003,62987,63022,62991,63252,62999,70409,64249,72893,73255,71638,73020,71303,75494,67522,63015,62943,63032,63031,63001,62999,62995,63022,62967,63026,63024,62943,63087,63024,62924,63037,63012,63025,62956,62973,63029,63002,63001,62998,62996,63000,63003,64178,64844,66714,63000,,
TKB,TKB2201,GENE,tekapo_b,Hydro,Hydro,2026-08-26,62994,63007,62997,63001,62996,63014,63026,62971,62987,63022,66774,66684,66729,63180,62991,63000,63001,63005,62992,63009,63008,63002,62971,63011,62992,63005,62997,62999,63003,62997,63001,62987,75344,75502,75502,75496,75491,75501,75506,75496,75500,75502,75519,75488,75491,75504,75507,75496,,
TKB,TKB2201,GENE,tekapo_b,Hydro,Hydro,2026-08-27,75485,75525,75487,75506,75503,75487,75502,75494,75514,75503,75504,75488,75503,75503,75497,75503,75502,75504,75499,75505,75487,75506,75505,75495,75500,75494,75497,75504,75508,75493,75498,75498,75510,75488,75504,75489,75503,75493,75505,75498,75497,75500,75516,75488,75513,75491,75497,75497,,
TKB,TKB2201,GENE,tekapo_b,Hydro,Hydro,2026-08-28,75507,75500,75498,75495,75507,75506,75490,75497,75506,75498,75485,75492,75518,75497,75500,75507,75524,75492,75494,75475,75506,75504,75488,75553,75479,75498,75353,75129,74995,75128,75426,74962,75099,74948,75040,75000,74974,74997,75007,74995,74998,75004,75000,74991,75016,74997,75003,74997,,
TKB,TKB2201,GENE,tekapo_b,Hydro,Hydro,2026-08-29,75004,74998,75012,74996,75012,74998,74997,75005,74990,75014,74984,74997,75006,75008,74990,74996,75011,75009,75009,74992,74997,74998,74997,75000,75008,74985,75009,74993,74996,75008,74982,75004,74998,74994,75004,74994,75010,74986,75007,75006,74996,74986,75017,74996,75003,75005,75001,74996,,
TKB,TKB2201,GENE,tekapo_b,Hydro,Hydro,2026-08-30,63753,63494,63508,63516,63489,56967,56999,56995,57013,57011,63596,63503,74714,74991,74999,74999,75042,74991,74995,75017,74976,75007,75009,74983,75002,74987,63901,63542,63499,63480,74862,75003,74989,75015,75006,75017,75007,74989,75014,74992,75013,74988,74999,74997,75013,74999,74977,75003,,
TKB,TKB2201,GENE,tekapo_b,Hydro,Hydro,2026-08-31,75004,63461,57030,56983,56974,56625,56503,56502,56495,56493,74574,75032,74995,74987,75037,74986,75003,75014,74987,75039,74997,74970,75044,74996,74988,75008,74989,75015,75038,74979,75167,75488,75486,75532,75485,75500,75496,75493,75508,75502,75494,75504,75514,75501,75490,75511,75316,75006,,
TKU,TKU2201,GENE,tokaanu,Hydro,Hydro,2026-08-01,40056,21156,20100,20031,20029,20032,19976,20042,20019,20000,20009,20056,20040,19987,19999,38016,62402,62981,63812,61693,60303,58541,66136,47381,24428,950,0,0,0,0,0,22588,45209,47106,69759,93400,117926,119995,119958,120008,120041,96569,94548,93953,72062,70610,48434,24682,,
TKU,TKU2201,GENE,tokaanu,Hydro,Hydro,2026-08-02,23579,860,0,0,0,0,0,0,0,0,0,0,21702,44443,69382,93551,118702,120027,119995,96205,71404,70612,47768,24416,23569,23537,617,0,0,0,1,0,22831,41733,56123,82946,86618,86552,88632,86429,86559,86607,60124,44115,20857,24674,17189,295,,
TKU,TKU2201,GENE,tokaanu,Hydro,Hydro,2026-08-03,0,0,0,0,0,0,0,0,0,0,0,0,22644,44850,69188,102415,107775,94572,71282,70469,49543,47222,25224,892,0,0,0,0,0,0,0,0,228,28711,57934,73114,66614,91890,73763,71401,69901,72153,48206,47136,25364,1053,0,0,,
TKU,TKU2201,GENE,tokaanu,Hydro,Hydro,2026-08-04,0,0,0,0,0,0,0,0,0,0,1,22661,38406,62469,92735,94575,94501,94384,93988,71833,48716,50799,24759,1430,0,0,0,1,10538,11851,13795,46105,69611,81430,98554,107252,119658,119862,120093,100254,105799,109126,117576,119965,120039,96699,65521,38142,,
TKU,TKU2201,GENE,tokaanu,Hydro,Hydro,2026-08-05,18350,19784,436,0,0,0,0,0,0,0,0,21279,36050,83069,86442,105364,102469,83593,86760,99685,74084,52469,44573,47583,47902,49426,45121,47404,2283,0,0,0,36770,62103,114884,119955,120050,119972,119971,120117,120033,90681,86106,85784,63640,41483,46828,24212,,
TKU,TKU2201,GENE,tokaanu,Hydro,Hydro,2026-08-06,9785,0,0,0,0,0,0,0,0,0,20955,45285,64520,86894,116471,119924,119949,110965,88650,87199,63274,70540,47900,24476,23599,23527,1313,0,0,0,0,0,22438,45030,51981,85335,118313,119925,119976,90821,86539,82382,91892,68348,36756,9345,4675,0,,
TKU,TKU2201,GENE,tokaanu,Hydro,Hydro,2026-08-07,0,0,0,0,0,0,0,0,0,0,21384,42930,56590,74265,91938,118869,118156,78937,63268,48216,47014,47032,24418,896,0,0,0,0,0,0,0,1,22713,39169,58116,82063,85831,89883,91522,91487,86748,63351,38177,38399,41530,24306,23781,23549,,
TKU,TKU2201,GENE,tokaanu,Hydro,Hydro,2026-08-08,1086,0,0,0,0,0,0,0,0,0,0,0,0,0,2,22578,38461,40008,37983,48919,48832,36631,46661,47106,24460,23735,23587,769,0,0,0,22809,49381,59361,55339,61560,70426,65029,52187,42418,40742,49723,40252,39580,46562,40043,39536,24455,,
TKU,TKU2201,GENE,tokaanu,Hydro,Hydro,2026-08-09,1242,0,0,0,0,0,0,0,0,0,0,0,0,0,0,0,22081,38341,39614,39438,39508,38628,39800,37300,26076,26192,18981,394,0,0,0,19887,38533,46850,64446,84066,86821,86492,64012,63023,62993,40222,39623,39473,39108,39520,39595,24241,,
TKU,TKU2201,GENE,tokaanu,Hydro,Hydro,2026-08-10,1008,0,0,0,0,0,0,0,0,0,19973,23637,42190,63461,65758,117129,119933,72404,63129,63090,40555,46935,25255,4342,0,0,0,0,0,0,0,0,21191,44270,69559,107628,120012,119928,119989,119990,119954,120000,76727,90063,59946,40021,23919,23678,,
TKU,TKU2201,GENE,tokaanu,Hydro,Hydro,2026-08-11,6358,0,2,0,0,0,0,0,0,0,17703,22576,51377,65489,86960,116581,120011,90226,51558,44503,39658,43485,20811,696,0,0,0,0,0,0,0,13,17254,37200,62122,86374,83564,85946,87642,84834,86330,86565,64665,63280,40450,24230,23675,23680,,
TKU,TKU2201,GENE,tokaanu,Hydro,Hydro,2026-08-12,23526,508,0,3,0,0,0,0,0,0,19083,24860,53113,80249,90331,90127,89970,90130,86772,86512,71484,70716,47833,47362,25415,23661,23678,23706,23679,45574,62148,63011,63227,63160,88718,90065,90006,89997,90097,89939,90006,90088,76440,77622,59832,37811,30001,20195,,
TKU,TKU2201,GENE,tokaanu,Hydro,Hydro,2026-08-13,20170,987,0,0,0,0,0,0,0,17917,20189,20072,38255,63826,68062,88101,90066,65077,63048,63029,63057,63094,40462,39609,39577,39711,39759,39657,39611,39829,39594,39637,39517,39544,69225,88877,87302,86552,86485,86558,86459,86737,64096,63313,63164,40449,39609,39466,,
TKU,TKU2201,GENE,tokaanu,Hydro,Hydro,2026-08-14,734,0,0,0,0,0,3,0,0,0,17864,16197,38152,58368,86238,105509,107609,89004,66641,63026,40694,38730,20005,20310,20032,18368,19877,20017,20013,20041,20387,19974,39757,38367,81502,88709,86536,86567,87861,84726,86806,86632,86753,41792,39657,20915,20136,20765,,
TKU,TKU2201,GENE,tokaanu,Hydro,Hydro,2026-08-15,21476,23534,23528,23467,504,0,0,0,0,0,0,3,22270,23516,23483,44828,47070,46984,47037,47195,47086,46944,24917,23514,23617,23708,23411,23668,23660,23545,45008,46994,51663,52955,69754,93486,118509,119968,96667,94132,71607,70586,48035,24661,23593,23591,23642,23613,,
TKU,TKU2201,GENE,tokaanu,Hydro,Hydro,2026-08-16,1351,0,0,0,0,0,0,0,0,0,0,0,3,22339,23525,23487,23530,44404,47130,46986,47177,24138,23545,23575,989,0,0,0,0,21090,23558,44817,47063,47128,69194,93399,113039,119966,119990,120028,96511,71777,48689,47240,24839,23748,23534,23476,,
TKU,TKU2201,GENE,tokaanu,Hydro,Hydro,2026-08-17,1237,0,0,0,0,0,0,0,0,0,17696,35975,58965,85558,106464,107593,107605,66734,40500,39567,39715,20623,20087,20034,20004,20157,20074,20053,20005,20179,20025,20112,39275,61019,85152,87552,106417,112613,112557,88249,89422,86272,83738,61007,38198,19411,17905,19653,,
TKU,TKU2201,GENE,tokaanu,Hydro,Hydro,2026-08-18,697,0,0,0,0,0,0,0,0,0,17291,37917,57958,85618,86682,99349,87609,71998,39443,34544,40752,44426,35346,39402,20948,20070,20025,21553,20311,20038,38394,39670,39501,62324,85866,86483,86651,106996,88443,86493,86736,86445,64039,63094,40434,20993,20074,20085,,
TKU,TKU2201,GENE,tokaanu,Hydro,Hydro,2026-08-19,589,0,0,0,0,0,0,0,0,1,19197,38940,66779,92780,106854,107604,107518,107488,107463,107766,68710,40772,39609,39788,39560,35887,39330,23073,20053,20173,20250,20101,20236,38100,39772,39619,62070,63035,63117,63020,63084,63065,63111,63076,40641,20836,20115,20067,,
TKU,TKU2201,GENE,tokaanu,Hydro,Hydro,2026-08-20,926,0,0,0,0,0,0,0,0,2,19213,38680,63446,86113,106269,118701,103518,86600,70837,63261,59290,40277,39051,24302,20072,38721,18419,19147,20252,957,0,0,19228,38757,62705,63052,63075,63403,60158,63162,64207,63289,65352,63141,63153,40810,39756,40890,,
TKU,TKU2201,GENE,tokaanu,Hydro,Hydro,2026-08-21,2066,0,0,0,0,0,0,0,0,0,18005,38701,62005,85556,89918,90093,90011,89986,64764,63184,62618,40345,39656,20787,20113,19992,1301,115,17,0,0,19052,20061,59915,62982,65206,63322,62977,63011,63001,63316,61858,61632,62990,40555,20803,20089,20062,,
TKU,TKU2201,GENE,tokaanu,Hydro,Hydro,2026-08-22,530,0,0,0,0,0,0,0,0,0,18033,38624,62220,63108,63098,63061,63201,63156,70432,70521,70465,48187,24635,986,0,0,0,0,0,0,0,0,0,20833,44902,68873,70626,70524,70464,70655,70545,47905,47152,25207,868,0,0,0,,
TKU,TKU2201,GENE,tokaanu,Hydro,Hydro,2026-08-23,0,0,0,0,0,0,0,0,0,0,0,0,2,22476,23619,23562,23545,23569,23641,23537,23488,23523,23840,5312,0,0,2,22927,29135,27385,22585,23584,23510,23604,48641,65606,92756,94132,94011,94119,94052,71807,70557,48137,47045,24967,23548,24787,,
TKU,TKU2201,GENE,tokaanu,Hydro,Hydro,2026-08-24,20235,19569,18264,21714,17943,17423,21862,21531,19947,19809,37513,62144,63239,63043,85747,104667,119689,89400,64932,62922,39064,20821,20131,603,0,0,0,0,0,2,0,0,19538,37416,62452,85478,117481,119946,120048,120026,119986,89795,64380,40698,21371,1490,0,0,,
TKU,TKU2201,GENE,tokaanu,Hydro,Hydro,2026-08-25,0,0,0,0,0,0,0,0,0,19527,34786,39253,66576,85848,86639,91237,95492,89151,59357,63659,39352,20713,20150,9295,0,0,0,0,0,0,0,0,19051,38241,57819,72096,72735,116493,119979,120024,89661,87493,84995,63110,42742,19970,775,0,,
TKU,TKU2201,GENE,tokaanu,Hydro,Hydro,2026-08-26,0,0,0,0,0,0,0,0,0,0,1,18197,37818,61839,87345,88708,88460,88537,64317,63386,41008,39619,20918,354,0,0,0,0,0,1,0,16799,38722,61696,63144,85688,86843,86444,86802,86459,86680,63917,39473,20547,20157,709,0,0,,
TKU,TKU2201,GENE,tokaanu,Hydro,Hydro,2026-08-27,0,0,0,0,0,0,0,0,0,3,0,20085,47878,60165,85274,86579,86547,86961,65670,63251,63143,63126,43358,37899,39640,39685,39682,39709,41667,41478,39553,61588,63107,85459,86481,86741,86559,86575,86464,86529,86484,64310,42940,20502,31150,23791,23669,23670,,
TKU,TKU2201,GENE,tokaanu,Hydro,Hydro,2026-08-28,23562,23490,908,0,0,0,0,0,0,0,0,21311,44407,69109,70552,70562,70854,70471,70575,70490,48352,47105,47044,47518,24440,23551,836,0,0,0,20216,23516,45484,69130,70862,70526,70480,70513,70700,70503,70449,70579,48677,24776,23583,23598,23547,23525,,
TKU,TKU2201,GENE,tokaanu,Hydro,Hydro,2026-08-29,19588,21039,19530,17962,20651,18045,18740,19247,19266,20488,18838,18604,22861,20013,17624,23116,23532,23576,23596,23509,23542,23506,23497,885,0,0,0,0,0,0,0,1,19149,40596,58285,62647,85587,86474,86628,64108,40331,20878,20851,19470,21729,19798,22419,17516,,
TKU,TKU2201,GENE,tokaanu,Hydro,Hydro,2026-08-30,20802,20238,20461,16732,22105,21140,18699,21756,20456,21396,20383,20378,20915,19185,20008,17467,20266,20045,20066,20080,20008,20125,20068,20075,20025,17401,18643,20785,21016,850,0,0,0,20759,45062,47264,69730,70598,70577,48019,47126,47046,47209,24669,934,0,0,0,,
TKU,TKU2201,GENE,tokaanu,Hydro,Hydro,2026-08-31,0,0,0,0,0,0,0,0,0,0,0,2,19267,38718,63585,61032,62941,63321,40743,39984,21190,20003,793,0,0,0,0,0,0,0,0,0,17353,38683,62220,86613,86596,86532,86805,86582,86554,64050,40737,20862,514,0,0,0,,
TMK,TMK0331,ALPE,clandeboye_solar_farm,SOL,PV,2026-08-15,0,0,0,0,0,0,0,0,0,0,0,0,0,0,0,0,0,0,0,0,0,0,0,0,0,0,0,0,0,0,0,0,0,0,0,0,0,0,0,0,0,0,0,0,0,0,0,0,,
TMK,TMK0331,ALPE,clandeboye_solar_farm,SOL,PV,2026-08-16,0,0,0,0,0,0,0,0,0,0,0,0,0,0,0,0,0,0,0,0,0,0,0,0,0,0,0,0,0,0,0,0,0,0,0,0,0,0,0,0,0,0,0,0,0,0,0,0,,
TMK,TMK0331,ALPE,clandeboye_solar_farm,SOL,PV,2026-08-17,0,0,0,0,0,0,0,0,0,0,0,0,0,0,0,0,0,0,0,0,0,0,0,0,0,0,0,0,0,0,0,0,0,0,0,0,0,0,0,0,0,0,0,0,0,0,0,0,,
TMK,TMK0331,ALPE,clandeboye_solar_farm,SOL,PV,2026-08-18,0,0,0,0,0,0,0,0,0,0,0,0,0,0,0,0,0,0,0,0,0,0,0,0,0,0,0,0,0,0,0,0,0,0,0,0,0,0,0,0,0,0,0,0,0,0,0,0,,
TMK,TMK0331,ALPE,clandeboye_solar_farm,SOL,PV,2026-08-19,0,0,0,0,0,0,0,0,0,0,0,0,0,0,0,0,0,0,0,0,0,0,0,0,0,0,0,0,0,0,0,0,0,0,0,0,0,0,0,0,0,0,0,0,0,0,0,0,,
TMK,TMK0331,ALPE,clandeboye_solar_farm,SOL,PV,2026-08-20,0,0,0,0,0,0,0,0,0,0,0,0,0,0,0,0,0,0,0,0,0,0,0,0,0,0,0,0,0,0,0,0,0,0,0,0,0,0,0,0,0,0,0,0,0,0,0,0,,
TMK,TMK0331,ALPE,clandeboye_solar_farm,SOL,PV,2026-08-21,0,0,0,0,0,0,0,0,0,0,0,0,0,0,0,0,0,0,0,0,0,0,0,0,0,0,0,0,0,0,0,0,0,0,0,0,0,0,0,0,0,0,0,0,0,0,0,0,,
TMK,TMK0331,ALPE,clandeboye_solar_farm,SOL,PV,2026-08-22,0,0,0,0,0,0,0,0,0,0,0,0,0,0,0,0,0,0,0,0,0,0,0,0,0,0,0,0,0,0,0,0,0,0,0,0,0,0,0,0,0,0,0,0,0,0,0,0,,
TMK,TMK0331,ALPE,clandeboye_solar_farm,SOL,PV,2026-08-23,0,0,0,0,0,0,0,0,0,0,0,0,0,0,0,0,0,0,0,0,0,0,0,0,0,0,0,0,0,0,0,0,0,0,0,0,0,0,0,0,0,0,0,0,0,0,0,0,,
TMK,TMK0331,ALPE,clandeboye_solar_farm,SOL,PV,2026-08-24,0,0,0,0,0,0,0,0,0,0,0,0,0,0,0,0,0,0,0,0,0,0,0,0,0,0,0,0,0,0,0,0,0,0,0,0,0,0,0,0,0,0,0,0,0,0,0,0,,
TMK,TMK0331,ALPE,clandeboye_solar_farm,SOL,PV,2026-08-25,0,0,0,0,0,0,0,0,0,0,0,0,0,0,0,0,0,0,0,0,0,0,0,0,0,0,0,0,0,0,0,0,0,0,0,0,0,0,0,0,0,0,0,0,0,0,0,0,,
TMK,TMK0331,ALPE,clandeboye_solar_farm,SOL,PV,2026-08-26,0,0,0,0,0,0,0,0,0,0,0,0,0,0,0,0,0,0,0,0,0,0,0,0,0,0,0,0,0,0,0,0,0,0,0,0,0,0,0,0,0,0,0,0,0,0,0,0,,
TMK,TMK0331,ALPE,clandeboye_solar_farm,SOL,PV,2026-08-27,0,0,0,0,0,0,0,0,0,0,0,0,0,0,0,0,0,0,0,0,0,0,0,0,0,0,0,0,0,0,0,0,0,0,0,0,0,0,0,0,0,0,0,0,0,0,0,0,,
TMK,TMK0331,ALPE,clandeboye_solar_farm,SOL,PV,2026-08-28,0,0,0,0,0,0,0,0,0,0,0,0,0,0,0,0,0,0,0,0,0,0,0,0,0,0,0,0,0,0,0,0,0,0,0,0,0,0,0,0,0,0,0,0,0,0,0,0,,
TMK,TMK0331,ALPE,clandeboye_solar_farm,SOL,PV,2026-08-29,0,0,0,0,0,0,0,0,0,0,0,0,0,0,0,0,0,0,0,0,0,0,0,0,0,0,0,0,0,0,0,0,0,0,0,0,0,0,0,0,0,0,0,0,0,0,0,0,,
TMK,TMK0331,ALPE,clandeboye_solar_farm,SOL,PV,2026-08-30,0,0,0,0,0,0,0,0,0,0,0,0,0,0,0,0,0,0,0,0,0,0,0,0,0,0,0,0,0,0,0,0,0,0,0,0,0,0,0,0,0,0,0,0,0,0,0,0,,
TMK,TMK0331,ALPE,clandeboye_solar_farm,SOL,PV,2026-08-31,0,0,0,0,0,0,0,0,0,0,0,0,0,0,0,0,0,0,0,0,0,0,0,0,0,0,0,0,0,0,0,0,0,0,0,0,0,0,0,0,0,0,0,0,0,0,0,0,,
TUI,TUI1101,EAST,waikaremoana,Hydro,Hydro,2026-08-01,0,0,0,0,0,0,0,0,0,0,0,0,0,0,0,0,0,0,0,0,0,0,0,0,0,0,0,0,0,0,0,0,0,0,0,0,0,0,0,0,0,0,0,0,0,0,0,0,,
TUI,TUI1101,EAST,waikaremoana,Hydro,Hydro,2026-08-02,0,0,0,0,0,0,0,0,0,0,0,0,0,0,0,0,0,0,0,0,0,0,0,0,0,0,0,0,0,0,0,0,0,0,0,0,0,0,0,0,0,0,0,0,0,0,0,0,,
TUI,TUI1101,EAST,waikaremoana,Hydro,Hydro,2026-08-03,0,0,0,0,0,0,0,0,0,0,0,0,0,0,0,0,0,0,0,0,0,0,0,0,0,0,0,0,0,0,0,0,0,0,0,0,0,0,0,0,0,0,0,0,0,0,0,0,,
TUI,TUI1101,EAST,waikaremoana,Hydro,Hydro,2026-08-04,0,0,0,0,0,0,0,0,0,0,0,0,0,0,0,0,0,0,0,0,0,0,0,0,0,0,0,0,0,0,0,0,0,0,0,0,0,0,0,0,0,0,0,0,0,0,0,0,,
TUI,TUI1101,EAST,waikaremoana,Hydro,Hydro,2026-08-05,0,0,0,0,0,0,0,0,0,0,0,0,0,0,0,0,0,0,0,0,0,0,0,0,0,0,0,0,0,0,0,0,0,0,0,0,0,0,0,0,0,0,0,0,0,0,0,0,,
TUI,TUI1101,EAST,waikaremoana,Hydro,Hydro,2026-08-06,0,0,0,0,0,0,0,0,0,0,0,0,0,0,0,0,0,0,0,0,0,0,0,0,0,0,0,0,0,0,0,0,0,0,0,0,0,0,0,0,0,0,0,0,0,0,0,0,,
TUI,TUI1101,EAST,waikaremoana,Hydro,Hydro,2026-08-07,0,0,0,0,0,0,0,0,0,0,0,0,0,0,0,0,0,0,0,0,0,0,0,0,0,0,0,0,0,0,0,0,0,0,0,0,0,0,0,0,0,0,0,0,0,0,0,0,,
TUI,TUI1101,EAST,waikaremoana,Hydro,Hydro,2026-08-08,0,0,0,0,0,0,0,0,0,0,0,0,0,0,0,0,0,0,0,0,0,0,0,0,0,0,0,0,0,0,0,0,0,0,0,0,0,0,0,0,0,0,0,0,0,0,0,0,,
TUI,TUI1101,EAST,waikaremoana,Hydro,Hydro,2026-08-09,0,0,0,0,0,0,0,0,0,0,0,0,0,0,0,0,0,0,0,0,0,0,0,0,0,0,0,0,0,0,0,0,0,0,0,0,0,0,0,0,0,0,0,0,0,0,0,0,,
TUI,TUI1101,EAST,waikaremoana,Hydro,Hydro,2026-08-10,0,0,0,0,0,0,0,0,0,0,0,0,0,0,0,0,0,0,0,0,0,0,0,0,0,0,0,0,0,0,0,0,0,0,0,0,0,0,0,0,0,0,0,0,0,0,0,0,,
TUI,TUI1101,EAST,waikaremoana,Hydro,Hydro,2026-08-11,0,0,0,0,0,0,0,0,0,0,0,0,0,0,0,0,0,0,0,0,0,0,0,0,0,0,0,0,0,0,0,0,0,0,0,0,0,0,0,0,0,0,0,0,0,0,0,0,,
TUI,TUI1101,EAST,waikaremoana,Hydro,Hydro,2026-08-12,0,0,0,0,0,0,0,0,0,0,0,0,0,0,0,0,0,0,0,0,0,0,0,0,0,0,0,0,0,0,0,0,0,0,0,0,0,0,0,0,0,0,0,0,0,0,0,0,,
TUI,TUI1101,EAST,waikaremoana,Hydro,Hydro,2026-08-13,0,0,0,0,0,0,0,0,0,0,0,0,0,0,0,0,0,0,0,0,0,0,0,0,0,0,0,0,0,0,0,0,0,0,0,0,0,0,0,0,0,0,0,0,0,0,0,0,,
TUI,TUI1101,EAST,waikaremoana,Hydro,Hydro,2026-08-14,0,0,0,0,0,0,0,0,0,0,0,0,0,0,0,0,0,0,0,0,0,0,0,0,0,0,0,0,0,0,0,0,0,0,0,0,0,0,0,0,0,0,0,0,0,0,0,0,,
TUI,TUI1101,EAST,waikaremoana,Hydro,Hydro,2026-08-15,0,0,0,0,0,0,0,0,0,0,0,0,0,0,0,0,0,0,0,0,0,0,0,0,0,0,0,0,0,0,0,0,0,0,0,0,0,0,0,0,0,0,0,0,0,0,0,0,,
TUI,TUI1101,EAST,waikaremoana,Hydro,Hydro,2026-08-16,0,0,0,0,0,0,0,0,0,0,0,0,0,0,0,0,0,0,0,0,0,0,0,0,0,0,0,0,0,0,0,0,0,0,0,0,0,0,0,0,0,0,0,0,0,0,0,0,,
TUI,TUI1101,EAST,waikaremoana,Hydro,Hydro,2026-08-17,0,0,0,0,0,0,0,0,0,0,0,0,0,0,0,0,0,0,0,0,0,0,0,0,0,0,0,0,0,0,0,0,0,0,0,0,0,0,0,0,0,0,0,0,0,0,0,0,,
TUI,TUI1101,EAST,waikaremoana,Hydro,Hydro,2026-08-18,0,0,0,0,0,0,0,0,0,0,0,0,0,0,0,0,0,0,0,0,0,0,0,0,0,0,0,0,0,0,0,0,0,0,0,0,0,0,0,0,0,0,0,0,0,0,0,0,,
TUI,TUI1101,EAST,waikaremoana,Hydro,Hydro,2026-08-19,0,0,0,0,0,0,0,0,0,0,0,0,0,0,0,0,0,0,0,0,0,0,0,0,0,0,0,0,0,0,0,0,0,0,0,0,0,0,0,0,0,0,0,0,0,0,0,0,,
TUI,TUI1101,EAST,waikaremoana,Hydro,Hydro,2026-08-20,0,0,0,0,0,0,0,0,0,0,0,0,0,0,0,0,0,0,0,0,0,0,0,0,0,0,0,0,0,0,0,0,0,0,0,0,0,0,0,0,0,0,0,0,0,0,0,0,,
TUI,TUI1101,EAST,waikaremoana,Hydro,Hydro,2026-08-21,0,0,0,0,0,0,0,0,0,0,0,0,0,0,0,0,0,0,0,0,0,0,0,0,0,0,0,0,0,0,0,0,0,0,0,0,0,0,0,0,0,0,0,0,0,0,0,0,,
TUI,TUI1101,EAST,waikaremoana,Hydro,Hydro,2026-08-22,0,0,0,0,0,0,0,0,0,0,0,0,0,0,0,0,0,0,0,0,0,0,0,0,0,0,0,0,0,0,0,0,0,0,0,0,0,0,0,0,0,0,0,0,0,0,0,0,,
TUI,TUI1101,EAST,waikaremoana,Hydro,Hydro,2026-08-23,0,0,0,0,0,0,0,0,0,0,0,0,0,0,0,0,0,0,0,0,0,0,0,0,0,0,0,0,0,0,0,0,0,0,0,0,0,0,0,0,0,0,0,0,0,0,0,0,,
TUI,TUI1101,EAST,waikaremoana,Hydro,Hydro,2026-08-24,0,0,0,0,0,0,0,0,0,0,0,0,0,0,0,0,0,0,0,0,0,0,0,0,0,0,0,0,0,0,0,0,0,0,0,0,0,0,0,0,0,0,0,0,0,0,0,0,,
TUI,TUI1101,EAST,waikaremoana,Hydro,Hydro,2026-08-25,0,0,0,0,0,0,0,0,0,0,0,0,0,0,0,0,0,0,0,0,0,0,0,0,0,0,0,0,0,0,0,0,0,0,0,0,0,0,0,0,0,0,0,0,0,0,0,0,,
TUI,TUI1101,EAST,waikaremoana,Hydro,Hydro,2026-08-26,0,0,0,0,0,0,0,0,0,0,0,0,0,0,0,0,0,0,0,0,0,0,0,0,0,0,0,0,0,0,0,0,0,0,0,0,0,0,0,0,0,0,0,0,0,0,0,0,,
TUI,TUI1101,EAST,waikaremoana,Hydro,Hydro,2026-08-27,0,0,0,0,0,0,0,0,0,0,0,0,0,0,0,0,0,0,0,0,0,0,0,0,0,0,0,0,0,0,0,0,0,0,0,0,0,0,0,0,0,0,0,0,0,0,0,0,,
TUI,TUI1101,EAST,waikaremoana,Hydro,Hydro,2026-08-28,0,0,0,0,0,0,0,0,0,0,0,0,0,0,0,0,0,0,0,0,0,0,0,0,0,0,0,0,0,0,0,0,0,0,0,0,0,0,0,0,0,0,0,0,0,0,0,0,,
TUI,TUI1101,EAST,waikaremoana,Hydro,Hydro,2026-08-29,0,0,0,0,0,0,0,0,0,0,0,0,0,0,0,0,0,0,0,0,0,0,0,0,0,0,0,0,0,0,0,0,0,0,0,0,0,0,0,0,0,0,0,0,0,0,0,0,,
TUI,TUI1101,EAST,waikaremoana,Hydro,Hydro,2026-08-30,0,0,0,0,0,0,0,0,0,0,0,0,0,0,0,0,0,0,0,0,0,0,0,0,0,0,0,0,0,0,0,0,0,0,0,0,0,0,0,0,0,0,0,0,0,0,0,0,,
TUI,TUI1101,EAST,waikaremoana,Hydro,Hydro,2026-08-31,0,0,0,0,0,0,0,0,0,0,0,0,0,0,0,0,0,0,0,0,0,0,0,0,0,0,0,0,0,0,0,0,0,0,0,0,0,0,0,0,0,0,0,0,0,0,0,0,,
TUI,TUI1101,GENE,waikaremoana,Hydro,Hydro,2026-08-01,19910,30818,34421,33999,22241,19604,21665,33772,29487,22147,25784,19934,21679,28348,22243,29306,34367,34492,34537,34383,34437,33671,20145,19818,20064,22182,19776,19673,19675,24646,34426,33505,29357,34487,34432,34187,34501,34472,34470,34421,34418,34495,34644,34531,26787,26583,26199,27478,,
TUI,TUI1101,GENE,waikaremoana,Hydro,Hydro,2026-08-02,25285,27565,34511,34414,34550,34520,32914,29956,27893,32049,31231,32198,34724,34616,34663,34461,34680,34614,34835,34186,31909,26313,34005,26615,23730,20648,19751,19644,19624,19820,19585,27547,26007,35017,57747,60173,60048,60145,59853,58721,58627,58572,57409,56979,55355,54019,52884,51818,,
TUI,TUI1101,GENE,waikaremoana,Hydro,Hydro,2026-08-03,28714,26285,26589,24646,24284,22436,30491,29651,26424,24885,26583,26631,34541,55678,56932,56873,56978,57101,57014,23293,19796,19723,19733,19780,19674,20414,22321,27270,20115,26633,23946,33374,34899,34848,34674,55832,56893,57418,57377,57344,57045,35025,34613,33795,33231,34303,34623,28696,,
TUI,TUI1101,GENE,waikaremoana,Hydro,Hydro,2026-08-04,20500,19763,22953,26248,27174,27182,25343,25827,25886,28370,27443,27511,32434,34092,34074,34429,34731,34558,34483,34210,34353,34270,34426,34548,34493,34581,34272,34193,34262,34251,34354,34389,25971,33891,34789,55955,57183,57883,57207,59038,58786,25235,24795,56781,59476,57639,56568,55607,,
TUI,TUI1101,GENE,waikaremoana,Hydro,Hydro,2026-08-05,54545,53498,26745,25448,24290,28866,26429,25524,26840,25686,33926,34576,34381,58288,59907,60115,60358,60101,59983,59897,59939,35826,34383,34607,34450,34374,32073,28777,34089,34562,34320,34366,34407,26884,34412,54012,59923,60355,60058,60198,60135,60181,60233,60115,58571,56782,28962,33954,,
TUI,TUI1101,GENE,waikaremoana,Hydro,Hydro,2026-08-06,34417,26990,25705,25684,27015,26988,34286,26050,26779,28151,26993,26238,34119,56017,58739,59953,60056,60149,60201,57987,57618,29661,32440,34347,33667,33852,34474,29862,21037,21024,28053,34451,34495,34526,34657,57686,60041,60251,60058,60075,60036,60023,60201,36830,34252,34549,34578,34592,,
TUI,TUI1101,GENE,waikaremoana,Hydro,Hydro,2026-08-07,34652,34540,23299,26345,26956,25850,26434,26457,25485,27355,25716,24318,34024,57497,59936,60179,60109,60446,60497,31428,25070,27057,34050,34701,32816,34280,28605,33632,27993,28211,27086,33544,34599,47451,49270,48911,49219,49426,49369,49415,49442,49336,49272,49346,49292,29217,28097,28500,,
TUI,TUI1101,GENE,waikaremoana,Hydro,Hydro,2026-08-08,26188,27794,28529,26760,25318,28111,27302,26009,25699,26665,27121,26926,32474,33562,33805,34490,34682,34606,34611,34442,33270,33962,32884,32566,27594,24637,26262,33916,34407,34418,34387,34392,34628,48961,49043,49151,49214,49292,49233,49305,49278,49258,49264,49200,49276,33239,34194,34518,,
TUI,TUI1101,GENE,waikaremoana,Hydro,Hydro,2026-08-09,34587,30647,27021,27346,26242,19919,19548,19284,30037,28157,28260,23436,28748,23594,19955,19717,27931,28724,34655,34572,34611,34637,34721,34521,34691,34719,33855,27571,23348,34189,34760,34434,34795,48359,49130,48950,49147,49187,49191,49210,49192,49130,49255,49108,49016,21963,19772,19758,,
TUI,TUI1101,GENE,waikaremoana,Hydro,Hydro,2026-08-10,19650,19680,19723,19690,19796,19705,19934,19115,19704,19958,19767,28520,34539,58245,60295,60397,60156,60195,60253,22292,19818,19566,19962,19829,26525,20221,19751,19746,19660,19714,19726,24016,28117,34497,58041,59984,60095,59025,59067,58998,58969,58993,35124,34379,34624,34731,34749,34456,,
TUI,TUI1101,GENE,waikaremoana,Hydro,Hydro,2026-08-11,34374,34384,34359,34382,34404,34362,34378,34364,34372,27827,31705,34476,34918,54891,60110,60003,59896,60254,60107,35490,34643,34510,34523,34432,34555,34395,34522,34541,34601,34522,34784,23848,33077,34610,58050,60227,59897,60113,60203,60101,60054,60125,35697,34813,34600,34706,34605,34632,,
TUI,TUI1101,GENE,waikaremoana,Hydro,Hydro,2026-08-12,34692,34660,34680,34577,34573,34596,25454,26617,27101,26369,34612,34374,34669,57446,59584,59503,59756,59728,35821,34504,34535,34566,34450,29841,24774,26901,54126,57364,57009,57179,57062,56927,57318,57117,57182,56985,57083,57080,57286,57177,57184,57231,57205,57211,57073,57211,57179,57215,,
TUI,TUI1101,GENE,waikaremoana,Hydro,Hydro,2026-08-13,31184,32098,33462,29079,31004,31501,20047,19741,19727,19835,19872,19743,33857,53475,56932,57139,57213,57129,57037,57274,56933,57093,57101,57144,56947,57112,57007,57093,57171,56971,57026,57124,56985,56920,56940,57212,56975,57170,57108,57106,57025,57109,57264,57069,57075,57149,57132,57103,,
TUI,TUI1101,GENE,waikaremoana,Hydro,Hydro,2026-08-14,20930,19845,19812,19765,19779,19908,19771,19760,19798,19757,19639,19557,33198,50963,57317,56981,56954,57224,57143,57038,57055,57027,57073,57134,57207,57065,56782,56807,56942,56990,56923,56838,56706,56796,56854,57023,56838,57034,57173,57152,57197,57082,57276,57261,57031,57068,57331,57116,,
TUI,TUI1101,GENE,waikaremoana,Hydro,Hydro,2026-08-15,27678,19783,19607,19652,19647,19587,19625,19627,19770,19755,19781,19661,26854,27134,27699,28482,27332,25618,26982,27179,27170,27230,27118,27062,26790,29972,28904,26685,27129,27063,27103,26959,26999,27051,27505,26043,26386,23781,25527,29313,27969,25081,27115,27087,20079,19609,19870,19599,,
TUI,TUI1101,GENE,waikaremoana,Hydro,Hydro,2026-08-16,27006,19568,26391,26098,25196,26764,26419,26845,19946,19670,27628,29514,24414,19801,19564,19576,19600,19593,19527,19578,19586,19626,19487,19572,19621,19581,19565,19599,19564,19568,25288,28783,28113,28979,28494,24010,24871,27851,28245,27914,24940,19734,26333,24342,22318,19766,19646,19702,,
TUI,TUI1101,GENE,waikaremoana,Hydro,Hydro,2026-08-17,28148,31603,26735,27502,27603,27018,26425,28266,27847,27115,28813,55836,59550,59803,58910,58597,50683,51152,51012,51165,51220,51884,51662,51644,51510,51614,51401,51623,51471,51541,51505,51256,51599,51832,51528,51150,51438,51568,51542,51575,51625,51566,51738,51414,51604,51646,51674,51467,,
TUI,TUI1101,GENE,waikaremoana,Hydro,Hydro,2026-08-18,28195,19662,20901,26138,19468,19827,19625,19454,19425,19272,24780,49825,51985,51812,51584,51450,41579,41571,41392,41370,33548,33035,32959,33024,33042,33012,32937,32460,40947,41570,41215,41635,41468,41502,41527,41832,41893,41991,42017,41855,41998,41971,41994,41541,40476,40457,27493,23897,,
TUI,TUI1101,GENE,waikaremoana,Hydro,Hydro,2026-08-19,25951,19709,19654,19806,19738,19769,21753,23625,28057,33739,34236,40884,41767,41711,41549,41839,41916,41958,41830,42023,41898,41911,41922,41871,42101,41870,41883,42092,41938,41994,42133,41894,41890,41944,35882,30330,30328,30239,40932,41728,41996,41992,41992,41969,42020,42083,41987,41891,,
TUI,TUI1101,GENE,waikaremoana,Hydro,Hydro,2026-08-20,32665,33572,34260,34376,34275,34329,34339,34345,34343,34292,34319,41782,41702,41145,41049,41267,41418,41526,41388,41213,41205,41283,41307,41487,41293,41303,41284,41288,41480,50899,52258,52208,52084,52178,52158,52139,52099,51980,52034,52173,41990,41299,35118,34660,34718,34684,34558,34698,,
TUI,TUI1101,GENE,waikaremoana,Hydro,Hydro,2026-08-21,34625,34629,34617,34624,34490,34644,34633,34619,34530,34600,34530,50793,52069,52030,52081,52143,52182,52110,52064,33622,25992,33985,33165,34506,29268,33959,27524,20504,19660,19731,19736,19556,29122,25494,30336,27657,35208,34404,32961,24955,19816,19852,28581,24642,22626,29687,25391,24428,,
TUI,TUI1101,GENE,waikaremoana,Hydro,Hydro,2026-08-22,21136,19596,19647,19652,28562,19775,19715,19681,19710,19702,26148,19809,19907,19820,19638,19692,19765,19632,26952,28064,27211,24803,29265,27405,27061,24486,26824,24143,27041,30373,26659,30666,26837,28759,27382,28275,27477,26976,27252,26887,25844,26817,30955,26377,26795,27928,27099,25166,,
TUI,TUI1101,GENE,waikaremoana,Hydro,Hydro,2026-08-23,24301,26892,27272,26555,26307,26490,28039,27434,28997,28383,27545,27833,28208,26367,26966,26967,27152,26454,20629,7727,7249,7217,7880,7576,7060,7025,7001,7247,7406,7422,7283,7296,7340,7413,7424,7294,7236,7253,7271,7272,7285,7279,7209,7350,7251,7254,7278,7300,,
TUI,TUI1101,GENE,waikaremoana,Hydro,Hydro,2026-08-24,7292,7222,7255,7285,7289,7284,7276,7268,7287,7255,7218,7530,19028,34045,34669,34432,30489,22188,19680,19725,19652,19359,19798,19679,19684,19703,19416,19556,28809,30765,25525,19839,19586,19578,19605,24095,22504,31576,23404,19574,19650,19628,31099,22172,26215,24881,25732,26442,,
TUI,TUI1101,GENE,waikaremoana,Hydro,Hydro,2026-08-25,26765,28068,26806,19911,26601,27535,28406,28090,27949,19843,23907,22083,25021,28400,28683,34257,21168,20022,19467,19762,20268,19740,19693,19673,19712,19697,19926,19935,19521,20156,19967,19580,19753,19539,24258,33969,33865,34247,34237,34251,34224,34221,33370,33358,20705,19612,19787,19709,,
TUI,TUI1101,GENE,waikaremoana,Hydro,Hydro,2026-08-26,27974,27314,26375,25275,25509,26401,29919,25833,23897,24293,26942,20228,19650,19662,19754,19640,19399,19828,19785,19525,20050,19559,19328,19788,19690,19765,19829,19768,19849,19679,19858,19764,19783,19812,19810,20172,24106,20851,19754,19657,19697,19780,25357,32924,19854,19405,28412,26411,,
TUI,TUI1101,GENE,waikaremoana,Hydro,Hydro,2026-08-27,26042,26946,19521,27666,27118,27836,19916,25662,27218,26199,19857,19667,21829,34233,34192,34277,34337,34290,34247,34364,34187,34201,34357,34307,31832,33722,31768,27683,33447,34318,34237,34188,34302,34180,34273,34220,34172,34154,34241,34289,34287,34372,34479,30185,26179,19452,19608,19465,,
TUI,TUI1101,GENE,waikaremoana,Hydro,Hydro,2026-08-28,19458,19621,19578,19471,19504,19550,19550,19489,19837,19774,19764,19587,27638,20068,19524,19553,19949,19702,19705,19401,19653,19670,19651,19751,19781,19702,19694,19384,19555,19537,19969,19167,19782,19345,19919,19711,19553,19606,19909,19767,19754,24872,26304,25463,26979,25280,25240,25939,,
TUI,TUI1101,GENE,waikaremoana,Hydro,Hydro,2026-08-29,10829,7277,7253,7238,7334,7198,7244,7266,7239,7238,7261,7273,7265,7249,18549,27056,27177,27222,27147,27133,29973,27364,27151,27178,27165,19895,7491,7307,7236,7253,7234,7239,7273,7210,7774,7889,7836,7210,7827,7815,7816,7809,7847,7812,7858,7855,7822,7540,,
TUI,TUI1101,GENE,waikaremoana,Hydro,Hydro,2026-08-30,7557,7600,7586,7497,7653,7555,7554,7590,7590,7581,7555,7569,7356,7231,7273,7274,7375,7274,7318,7309,7243,7288,7355,7171,7340,7168,7245,7411,7361,7268,7262,19155,26311,30334,27441,27211,27298,26853,27337,27279,26932,26050,27543,26943,25327,27267,25829,25089,,
TUI,TUI1101,GENE,waikaremoana,Hydro,Hydro,2026-08-31,27899,27284,24956,23611,26787,25552,28813,26039,27252,26070,26497,26632,20292,19573,20013,19585,19757,19737,19631,19452,19609,19352,27722,27224,26961,27218,27070,26986,27559,27047,27273,27108,19932,19856,22437,26262,34191,34047,25571,20914,21114,19662,24493,22322,26877,27129,27148,27053,,
TWC,TWC2201,TRPG,te_rere_hau,Wind,Wind,2026-08-01,4428,855,0,0,50,0,0,1,223,2234,1996,3799,4028,3984,3242,2058,1553,5233,2300,1765,1973,4397,5102,7007,7596,6731,6349,4104,3826,945,977,1038,384,23,349,2272,1187,1346,1059,1977,237,178,28,134,103,38,10,0,,
TWC,TWC2201,TRPG,te_rere_hau,Wind,Wind,2026-08-02,0,0,0,193,56,346,328,943,1755,1882,2517,2070,1989,2193,2442,2826,2342,2296,1863,1713,1268,995,844,749,1043,935,918,930,993,1299,1195,1484,1298,850,1414,2652,3169,5421,4167,2273,2725,2928,4185,6725,9158,9652,11377,10912,,
TWC,TWC2201,TRPG,te_rere_hau,Wind,Wind,2026-08-03,9937,9981,9760,11258,12038,13202,11642,7693,7287,8614,9268,9248,9808,9975,9842,9808,9138,9113,9017,9092,7445,4366,4230,7001,6208,5473,5086,5247,9672,13275,12107,11698,8182,10709,12809,13839,12584,9961,11697,13506,13233,12009,10889,14203,13819,11558,9900,9947,,
TWC,TWC2201,TRPG,te_rere_hau,Wind,Wind,2026-08-04,10981,7807,2531,970,459,22,0,352,2076,5407,5479,5552,3903,5039,5610,5822,5406,6350,5024,5545,3876,7001,5299,5391,2475,1790,6138,3242,3110,2943,2183,251,3070,3764,2732,1079,1115,2506,107,0,362,229,75,63,8,0,1,12,,
TWC,TWC2201,TRPG,te_rere_hau,Wind,Wind,2026-08-05,0,0,0,0,0,0,0,0,9,2,0,0,0,8,507,26,595,198,58,0,1,0,2,31,25,0,0,0,0,0,0,0,0,0,0,0,1,11,6,5,2,134,544,546,788,386,29,0,,
TWC,TWC2201,TRPG,te_rere_hau,Wind,Wind,2026-08-06,0,0,0,0,0,0,0,0,0,0,0,0,0,0,0,0,0,0,0,0,0,0,0,0,0,0,0,0,0,0,0,0,30,696,557,530,340,416,469,839,532,549,500,459,958,1380,1578,1809,,
TWC,TWC2201,TRPG,te_rere_hau,Wind,Wind,2026-08-07,1664,1785,2116,2556,2707,2848,3490,3542,4011,5078,4880,4070,3844,3489,2996,3785,3547,4541,4541,2536,2297,2412,2751,4328,3846,4835,3382,3769,4665,6352,7849,8804,8184,8447,7930,10003,8010,7432,8842,8163,5598,5041,5888,6553,6863,6674,6487,7201,,
TWC,TWC2201,TRPG,te_rere_hau,Wind,Wind,2026-08-08,7454,7243,7293,5575,5345,5176,2962,2018,3100,4495,4953,5842,7023,7988,7729,6224,5678,5528,4432,3755,4291,4252,3786,3201,1950,1620,1330,484,486,255,105,167,121,4,0,2,1,0,0,0,0,0,0,0,0,0,0,0,,
TWC,TWC2201,TRPG,te_rere_hau,Wind,Wind,2026-08-09,0,0,0,0,0,0,0,0,0,0,0,3,13,139,42,158,415,813,623,963,2643,6317,5074,4986,11454,13444,13315,13870,12658,12263,11135,10335,9317,8052,7881,7554,6941,8309,9068,8278,6707,6019,8182,12965,12142,10991,10032,11163,,
TWC,TWC2201,TRPG,te_rere_hau,Wind,Wind,2026-08-10,12313,12938,12189,10629,7920,9028,10106,9382,7359,6515,6211,5574,3531,5558,9832,11367,11185,11765,10169,9467,10799,13181,11493,9305,9947,8939,8448,8506,6221,6164,6787,7007,3077,2294,3553,3104,3316,2318,1643,277,0,0,0,17,28,0,0,0,,
TWC,TWC2201,TRPG,te_rere_hau,Wind,Wind,2026-08-11,0,0,0,0,0,0,17,108,244,787,389,795,115,1860,4475,1853,2149,2354,2196,2428,1950,582,137,18,0,19,312,1976,1033,409,13,1175,2942,1584,1788,3413,4596,4813,6482,5230,4436,5419,7885,7575,3340,4287,4789,6457,,
TWC,TWC2201,TRPG,te_rere_hau,Wind,Wind,2026-08-12,6801,8377,6030,8171,7567,2674,4000,3663,2537,3546,2918,2512,1916,929,890,1762,1428,1104,1254,1471,1435,1200,1984,2374,3386,3668,4537,4655,4231,4471,4509,4238,4343,4346,3588,3177,2259,1974,1751,1397,1134,883,1191,1589,1988,1867,1683,1726,,
TWC,TWC2201,TRPG,te_rere_hau,Wind,Wind,2026-08-13,1641,1074,381,99,11,0,0,0,0,0,0,0,0,0,0,0,50,35,26,1,20,0,0,0,0,2,0,0,0,0,0,0,0,0,0,0,0,0,0,91,605,782,696,263,415,804,1708,1943,,
TWC,TWC2201,TRPG,te_rere_hau,Wind,Wind,2026-08-14,1223,772,477,292,413,349,309,434,273,35,181,1416,2289,2975,3323,3321,4323,5298,6873,7809,7921,7760,9043,8349,6308,3297,2932,2762,3753,4069,5588,5592,6125,6299,7934,8089,8035,8182,7764,8031,7636,7742,5738,3689,3203,3647,4752,2776,,
TWC,TWC2201,TRPG,te_rere_hau,Wind,Wind,2026-08-15,2651,4879,6329,6801,6833,6079,4729,3384,3176,3242,2832,2933,3621,3430,3971,3047,1335,1045,1127,1091,616,564,368,594,499,734,455,493,91,1,42,126,284,19,328,983,925,829,1972,6265,7005,9324,9845,9247,8567,8382,9015,10397,,
TWC,TWC2201,TRPG,te_rere_hau,Wind,Wind,2026-08-16,10040,9576,8559,7497,7287,7473,8559,9985,9246,9284,9657,11089,11706,10764,7153,6773,7894,4928,3985,4471,4811,7400,9126,8200,6133,3796,3321,3683,5326,6200,6635,10661,11073,11062,10820,9815,8256,8790,9325,7389,11007,9695,6822,4286,3638,6180,4722,6589,,
TWC,TWC2201,TRPG,te_rere_hau,Wind,Wind,2026-08-17,5185,3962,3509,3140,3084,1844,1971,2444,2542,1801,860,708,326,287,208,565,33,47,1444,547,2111,1245,1503,828,1392,474,167,135,11,0,0,0,0,0,0,0,0,3,276,895,877,167,243,55,8,45,33,0,,
TWC,TWC2201,TRPG,te_rere_hau,Wind,Wind,2026-08-18,0,0,0,0,20,4,98,36,25,7,0,0,2,0,67,99,18,0,0,0,0,0,3,0,0,0,0,0,0,1,4,0,127,2346,3113,5054,4296,3236,3693,4216,4794,4226,5054,1683,2020,3409,2811,2432,,
TWC,TWC2201,TRPG,te_rere_hau,Wind,Wind,2026-08-19,4202,5011,6402,5511,2805,2634,1212,869,593,217,105,549,556,204,30,83,0,134,677,1520,246,458,814,1689,2035,2671,2484,929,1425,801,16,0,0,0,0,0,0,0,0,0,0,0,0,0,0,0,0,0,,
TWC,TWC2201,TRPG,te_rere_hau,Wind,Wind,2026-08-20,173,0,0,0,0,0,0,0,0,0,0,0,0,0,0,0,0,0,0,0,0,0,0,0,2,187,605,287,220,219,131,179,72,50,8,0,0,9,0,9,5,0,0,0,0,0,0,0,,
TWC,TWC2201,TRPG,te_rere_hau,Wind,Wind,2026-08-21,0,0,0,0,119,351,524,952,409,156,320,1000,1251,1563,1775,2099,2220,1684,2772,3754,3474,2763,2296,2923,5422,5635,8726,11098,12450,12679,11072,13408,12027,10736,10965,11227,12296,12580,13362,12820,11542,11510,10468,9749,9152,10290,9932,10376,,
TWC,TWC2201,TRPG,te_rere_hau,Wind,Wind,2026-08-22,11598,10707,11085,11682,11979,12268,12838,11201,10444,9798,10871,11395,11638,12197,11564,11308,12278,10609,8926,10385,9415,10655,11776,13056,12990,8961,11294,11627,10116,8945,9139,6681,6187,8075,8793,6648,5154,6781,9029,10977,11941,12256,12343,11040,11606,11191,12139,10969,,
TWC,TWC2201,TRPG,te_rere_hau,Wind,Wind,2026-08-23,9498,9693,10811,12110,10708,9702,7895,8956,11402,11360,12120,7892,8010,10391,11285,11211,12069,11635,8573,8055,8432,8058,10289,11578,7956,4354,2958,3479,5468,2825,6137,9014,6705,4349,4559,6317,7607,11812,9497,10837,9639,6290,7320,7629,5515,5258,5859,9518,,
TWC,TWC2201,TRPG,te_rere_hau,Wind,Wind,2026-08-24,8111,5949,7526,9369,9095,8516,9642,9106,8294,7170,5581,6149,6207,4563,5797,5662,6451,7811,7680,8668,9909,10729,11425,12064,12229,12043,11378,12956,12596,12364,11620,10628,10515,10999,11066,11878,11769,12550,12200,12493,12549,10063,9725,10628,9586,8960,8273,6331,,
TWC,TWC2201,TRPG,te_rere_hau,Wind,Wind,2026-08-25,5272,4923,5323,5554,5255,5552,5335,6083,6868,6311,5389,6929,4466,7333,7070,7547,6757,5983,6186,7750,11750,12165,10737,12124,12547,11220,10084,12346,11057,10577,9779,11523,12201,13573,12585,13736,13569,12285,8515,9753,9624,9995,9966,10612,10056,10322,9407,7670,,
TWC,TWC2201,TRPG,te_rere_hau,Wind,Wind,2026-08-26,5641,4308,5328,4421,5657,5905,6159,7337,6812,6643,8652,6740,6375,8627,10546,12525,13021,11891,10169,11793,9735,8135,7683,6191,7035,9537,11709,11194,8748,12517,12952,12233,7965,6427,7436,11302,12106,11603,11653,11694,12807,11653,11839,10603,10572,9200,9945,9773,,
TWC,TWC2201,TRPG,te_rere_hau,Wind,Wind,2026-08-27,7071,7566,7206,9791,7068,1720,10,28,933,1433,1659,2014,2722,2970,3244,3962,4305,3667,3576,2563,2862,3139,3105,3231,2894,2265,1672,2362,2875,2760,2314,3139,3871,3934,4316,4584,3919,4598,3266,1590,1343,692,135,0,0,0,0,0,,
TWC,TWC2201,TRPG,te_rere_hau,Wind,Wind,2026-08-28,0,0,5,871,1976,2074,2754,2323,2003,1485,1526,775,770,766,730,1452,3773,3585,1787,2938,4234,4413,5838,8725,10210,11651,7004,8660,11386,9817,7817,8014,9499,10290,10290,11630,12715,13223,12722,13154,12499,11303,10895,11062,10450,10231,11834,12500,,
TWC,TWC2201,TRPG,te_rere_hau,Wind,Wind,2026-08-29,11274,10513,10437,13127,13029,13165,12737,11897,11589,8719,7570,7268,8365,6555,4442,6542,6399,8032,10459,10611,11941,12716,12886,12254,12136,12291,12164,11073,11378,11008,10938,9717,11039,10828,10045,9365,7933,6167,4508,5446,5996,6649,7063,7416,9862,11190,12209,11767,,
TWC,TWC2201,TRPG,te_rere_hau,Wind,Wind,2026-08-30,10898,11181,11075,10493,9817,10224,10042,9352,9390,10309,11487,10158,9785,10725,10740,10659,10832,10305,9696,10431,9818,9875,9583,6463,7436,9211,11538,11425,8933,7001,8196,5039,9283,7888,3282,1497,4585,4804,5849,8606,9408,10322,11876,10757,11195,13358,12331,12719,,
TWC,TWC2201,TRPG,te_rere_hau,Wind,Wind,2026-08-31,13304,8406,5697,10348,10770,11029,13249,10050,5389,7236,9094,10644,10555,12119,9530,132,4,0,0,0,0,0,0,0,0,0,0,0,0,0,0,5,0,80,160,2421,3052,5257,7152,6748,8266,9488,7174,2004,826,86,78,376,,
TWC,TWC2201,TRPG,twf_3,Wind,Wind,2026-08-01,25933,12266,3052,1915,3240,563,1045,1804,4942,16318,18905,25976,26980,22068,25324,20729,16305,28513,22263,14526,12175,15936,20733,25950,25140,28667,28458,24159,17162,4399,732,5702,2870,505,1861,10238,10492,9816,11868,16232,8222,7141,7137,7231,5663,6126,4941,4318,,
TWC,TWC2201,TRPG,twf_3,Wind,Wind,2026-08-02,830,13,493,2150,2375,4344,6299,8656,13272,14450,14199,14124,13633,14857,14509,16122,15670,14193,13168,12248,8519,7205,6522,6423,7805,7448,7546,7749,7654,8520,8744,9171,9169,8089,11969,17583,18372,22650,21458,15962,19119,20724,20216,26890,29707,33272,37827,40194,,
TWC,TWC2201,TRPG,twf_3,Wind,Wind,2026-08-03,38724,41408,41864,40964,41218,41764,42650,42595,41514,42977,43235,42507,41633,42468,40565,41366,40924,40595,40582,40054,40710,42672,44062,43323,44379,44584,44338,43445,41174,40395,41449,42180,42519,43290,41921,40453,41166,43510,44592,42965,41538,39275,37533,43036,44582,42104,39081,35914,,
TWC,TWC2201,TRPG,twf_3,Wind,Wind,2026-08-04,37481,33733,21788,11182,7076,2490,471,3969,13434,24993,27457,25206,22890,24637,25693,29836,25488,26630,24147,24706,20584,29257,28915,27640,20312,10800,29381,21252,20004,15050,23415,14523,22230,23933,21266,18732,8788,22169,10057,4335,7249,4020,2383,1919,1906,1734,1416,2531,,
TWC,TWC2201,TRPG,twf_3,Wind,Wind,2026-08-05,1630,1510,913,517,1295,1333,844,2630,3785,1518,2865,1996,2612,2601,5774,4141,9532,6587,3933,1660,1441,851,1347,1758,4759,1153,629,0,0,405,330,362,452,1371,2951,3385,2069,3779,3114,5828,3965,3701,8837,8942,10338,9500,4372,1707,,
TWC,TWC2201,TRPG,twf_3,Wind,Wind,2026-08-06,2251,2461,1737,3344,3007,1785,1218,1563,1282,699,207,141,0,0,0,0,0,0,0,0,0,0,0,0,0,0,0,252,2273,3576,4218,3804,4852,7547,7298,7448,6279,5606,5280,7158,5713,4873,5428,5766,7600,9486,10079,11187,,
TWC,TWC2201,TRPG,twf_3,Wind,Wind,2026-08-07,11351,12385,14033,17401,17743,18923,20096,16948,17064,20188,21020,19032,17562,16802,16064,17022,16277,18932,21901,15729,13435,13344,15993,21553,20783,24878,22210,24607,28864,27976,30361,31435,32072,31726,32228,33390,33063,29592,29725,28568,25188,22401,23305,25461,23806,24431,24890,25253,,
TWC,TWC2201,TRPG,twf_3,Wind,Wind,2026-08-08,27267,27477,27079,22994,22048,21883,17939,11794,12965,19222,20990,23496,25868,29142,29685,26448,23261,24235,22944,21332,18829,18387,19173,18509,13865,13507,9359,7786,5482,3700,3756,3400,2487,2021,2210,2229,1725,107,0,0,0,0,0,0,107,112,480,716,,
TWC,TWC2201,TRPG,twf_3,Wind,Wind,2026-08-09,995,710,316,237,19,0,86,69,635,132,879,953,2241,2537,2445,4728,6025,6188,5622,7734,12255,15376,19101,23210,35645,41489,39723,39523,39071,35086,34903,33270,26963,26228,24839,23799,22833,27108,27894,25199,21441,22102,26380,38851,38282,36728,34371,36620,,
TWC,TWC2201,TRPG,twf_3,Wind,Wind,2026-08-10,39184,38594,38381,38100,31626,32369,34047,32793,28702,25264,25417,22021,16948,18624,32744,39294,36819,34278,33323,33021,34762,35669,38506,39879,32650,35425,31773,29613,28755,31141,31233,31161,28728,23753,19158,15572,12888,15320,14404,9833,3659,1258,1787,1541,3622,3113,1069,36,,
TWC,TWC2201,TRPG,twf_3,Wind,Wind,2026-08-11,0,2028,1577,1215,35,412,2253,3861,6814,8157,9138,8525,3985,6582,9327,6893,7719,7490,11596,10899,7159,4483,3584,1726,786,1487,3137,7564,5413,5277,3883,5724,9937,12710,14784,15501,17459,18223,20027,18902,13462,22156,29530,30280,23741,22150,24381,26454,,
TWC,TWC2201,TRPG,twf_3,Wind,Wind,2026-08-12,28839,29026,24006,29106,25007,19298,19820,15041,13136,16640,14237,10451,10933,8350,8340,12465,12552,7624,8999,12145,11414,9981,12841,15906,19355,20234,21525,22136,19548,19325,19744,17656,18740,19687,17311,16334,13979,12826,13264,11369,9109,9549,11839,13927,15884,15135,14567,15452,,
TWC,TWC2201,TRPG,twf_3,Wind,Wind,2026-08-13,13398,9249,6815,4780,2882,1421,546,93,277,1332,1685,1540,826,1288,1522,1770,5770,5840,4519,4122,2992,3238,1895,2815,4052,4309,4288,3827,2766,3692,2854,2961,2666,1966,2562,4247,5018,3837,4413,5232,9061,9516,8807,5286,7481,8463,12858,13559,,
TWC,TWC2201,TRPG,twf_3,Wind,Wind,2026-08-14,12416,8506,8237,7407,8058,6826,7111,5190,4247,4239,6635,11956,15631,18378,18535,16888,20416,23851,28397,29291,28096,26786,27980,26346,22373,16796,16127,17029,16406,21238,23518,21590,25069,24233,31381,30772,29613,29407,28239,27345,29874,27007,23308,18174,15269,18809,18459,16307,,
TWC,TWC2201,TRPG,twf_3,Wind,Wind,2026-08-15,18936,23189,25629,27020,26535,24828,24731,19615,18638,20200,18710,19507,20458,22429,20416,15555,9655,9047,7911,7050,5881,5767,6173,6732,5979,5697,5064,4725,3568,2884,2206,2552,3724,4877,5130,6013,7316,6294,6743,15972,22194,25488,33449,31940,27362,24555,25992,30539,,
TWC,TWC2201,TRPG,twf_3,Wind,Wind,2026-08-16,34924,35735,33513,30877,28049,28653,32021,31848,31325,30861,33091,35429,36744,37052,37683,39013,40984,41026,41268,38048,36138,37457,33835,33333,37068,39238,39875,41233,40448,39134,38927,38261,35725,35333,33548,33799,28692,27265,26929,22038,30678,28539,25176,22393,14582,16775,17263,15351,,
TWC,TWC2201,TRPG,twf_3,Wind,Wind,2026-08-17,17125,14475,13461,15019,12786,8610,10542,11574,13742,13403,6550,4607,4574,4237,4824,5366,3639,5885,7589,2842,6516,6035,7105,7026,7696,5961,5422,5022,5963,1771,24,71,0,0,0,583,3746,5599,5587,9528,13087,9369,7650,5527,3184,2745,3310,1570,,
TWC,TWC2201,TRPG,twf_3,Wind,Wind,2026-08-18,282,565,549,808,2956,2692,2772,2191,1842,3273,3820,3154,4440,3510,4831,3099,1101,1377,1437,881,974,1069,1285,712,333,749,398,1269,562,2660,4758,2801,8772,17804,18146,24983,24934,18472,17153,22371,19646,13869,14773,9383,12960,13549,18162,17570,,
TWC,TWC2201,TRPG,twf_3,Wind,Wind,2026-08-19,15510,17486,16339,14235,12070,11061,6152,4870,1740,4353,2775,4972,5393,4130,3123,6442,4042,5130,6433,9557,6183,6466,7778,8534,8971,14563,14398,7933,7804,8515,3340,1191,861,0,0,0,0,0,0,103,0,44,185,725,2504,1935,0,150,,
TWC,TWC2201,TRPG,twf_3,Wind,Wind,2026-08-20,1995,1143,1336,540,0,0,21,0,0,470,856,504,524,122,483,244,120,0,0,0,0,0,636,2989,3427,4431,4970,5187,4444,5300,3982,3916,3535,3322,3360,3354,2960,2439,2055,2154,2339,1778,2397,2866,3841,3319,3211,3490,,
TWC,TWC2201,TRPG,twf_3,Wind,Wind,2026-08-21,3187,2510,1523,2834,5245,6939,6216,7930,5098,3881,5708,7271,8342,8726,9198,10395,11136,10987,15051,16543,14672,12572,12519,14755,20755,21116,26772,33259,36440,36463,36806,38591,37548,37640,38758,34994,36823,40567,40149,40134,40173,41080,41563,40469,40020,43214,41857,42110,,
TWC,TWC2201,TRPG,twf_3,Wind,Wind,2026-08-22,42957,41534,40079,39977,40787,41795,42982,41285,41583,42342,39250,37309,40917,41910,43427,42377,42156,42147,40906,42586,43170,40130,40964,40737,40433,40976,41637,41269,42012,41558,43303,43679,43783,43158,43583,44855,45346,45423,43574,41932,39108,41597,41838,39764,39045,40041,42311,43690,,
TWC,TWC2201,TRPG,twf_3,Wind,Wind,2026-08-23,43308,43232,40776,42216,40099,36560,31125,29940,41398,43691,44856,44978,44826,43263,43349,43639,43249,43978,42958,42695,39878,42455,42571,42773,42966,44505,42517,43304,44445,43073,41227,42192,43456,43841,43759,43055,41101,42039,43178,43369,44621,42738,43629,43934,42668,42609,42365,38921,,
TWC,TWC2201,TRPG,twf_3,Wind,Wind,2026-08-24,33982,31895,30183,35383,32159,33843,35195,36865,32558,30339,26948,25971,24603,24752,29693,29687,30573,31731,29796,32388,33211,33577,35850,38055,37322,38084,36865,39579,40324,41903,42414,43202,42709,41958,42473,42698,43051,42771,43359,41625,42774,43700,42941,43735,43150,42483,42548,41284,,
TWC,TWC2201,TRPG,twf_3,Wind,Wind,2026-08-25,37335,34184,34349,35252,35335,35280,36501,39466,41805,40202,36580,37905,35632,33706,33654,32870,30098,25549,29019,33808,41017,43276,43051,39570,42256,43078,44721,43846,42975,43908,44798,44242,42621,41960,40108,40039,36215,38605,40216,37810,37760,37079,36990,38131,37522,36999,36021,31207,,
TWC,TWC2201,TRPG,twf_3,Wind,Wind,2026-08-26,29457,26071,24063,23916,27130,31314,28709,30959,31899,26337,26601,21376,23712,26719,29089,35103,39825,43181,43211,42214,42447,41057,42110,42705,42909,42736,40527,40090,36937,22613,17812,33470,43609,43510,42100,42315,41733,41162,40748,40253,40561,39824,38072,35722,33267,31915,29660,30987,,
TWC,TWC2201,TRPG,twf_3,Wind,Wind,2026-08-27,32220,30624,30408,31352,31398,21892,5065,4241,7670,10725,11243,11026,18206,20420,19392,18978,19294,18193,16366,14764,17700,18277,17514,16104,15520,14084,13311,14139,16328,16627,15046,17952,20278,20133,21608,21631,20787,21685,18945,11350,10039,6103,3111,1525,564,222,35,0,,
TWC,TWC2201,TRPG,twf_3,Wind,Wind,2026-08-28,0,382,4093,10548,14127,16454,14959,13449,13978,13005,10140,5920,5150,2683,3293,5421,11656,15792,11166,13049,14982,25111,28638,38331,34472,35377,33070,33726,37672,37108,31632,28755,30105,33554,36244,40864,42806,42490,42668,43727,44917,45429,45251,44880,43295,42538,43277,41533,,
TWC,TWC2201,TRPG,twf_3,Wind,Wind,2026-08-29,36797,35787,32706,35801,38361,37658,38428,36916,37424,31931,29989,28026,29116,26410,19595,22626,28286,29241,36798,37577,36996,41155,41423,41219,42246,39515,39884,37619,36579,35252,35405,31024,30091,28404,29305,30604,27929,23179,18407,24147,27193,29652,32208,32589,36312,39120,40205,40398,,
TWC,TWC2201,TRPG,twf_3,Wind,Wind,2026-08-30,41903,40821,40967,40395,39796,41651,42468,41672,39577,41803,37271,41503,42587,40936,41050,40240,40859,41172,42072,42299,41879,41852,43840,44289,41571,39399,41521,43101,42890,42999,43576,43433,42569,42674,43218,41834,43241,43156,43321,41893,42800,41892,43515,39978,39130,38931,38691,41539,,
TWC,TWC2201,TRPG,twf_3,Wind,Wind,2026-08-31,41657,34545,29474,39339,38558,38832,41486,41841,40782,39169,33160,39301,37729,37080,42362,38540,37045,35489,29201,24815,22313,20497,21166,20497,11715,8074,10999,15598,12255,11352,9888,14082,13505,17091,19477,31458,40176,42665,42488,42487,40484,40633,34002,20734,8604,4610,2876,3839,,
TWH,TWH0331,WAIK,te_uku,Wind,Wind,2026-08-01,11156,7064,6907,3756,1615,2315,3831,3740,3818,674,1765,3840,4131,1780,1380,2876,2594,2280,647,2086,1561,6572,11989,13755,14085,10053,12200,11535,12499,9663,5961,4399,3876,2894,2164,1908,6635,11251,10009,11631,11966,14145,19296,22140,15859,12134,11715,8030,,
TWH,TWH0331,WAIK,te_uku,Wind,Wind,2026-08-02,7911,5338,2353,1310,184,0,15,1156,2144,2775,3381,7659,11790,15640,13753,15693,15556,10866,6642,4314,2478,2548,1939,2235,3649,4475,5440,5441,6548,9659,8891,9292,12626,13693,13169,13840,12134,10865,11641,8517,6410,5735,4650,4133,5929,9255,11761,8469,,
TWH,TWH0331,WAIK,te_uku,Wind,Wind,2026-08-03,7244,6364,7627,7167,9552,11960,13423,17823,19860,22014,21873,22870,22391,23606,25637,25792,25955,25667,25590,24696,24850,25405,24581,26447,26191,26558,27616,27688,26953,27694,27559,28309,27731,27854,28361,28051,27802,27848,28044,27645,27986,28134,27666,27302,26794,27055,26573,26935,,
TWH,TWH0331,WAIK,te_uku,Wind,Wind,2026-08-04,26890,26846,26320,26320,27004,26904,27074,27079,27098,27047,26944,26845,26640,26540,27069,27037,26979,26823,25406,25073,25779,25426,24563,25539,25199,26287,26560,27722,27830,26917,25875,18560,9951,11516,19733,18572,15511,17396,17683,18115,19647,16313,16527,20027,20174,19596,16996,17788,,
TWH,TWH0331,WAIK,te_uku,Wind,Wind,2026-08-05,17515,17496,18966,17368,8748,8650,10344,15101,20326,20655,21581,23911,23993,26298,26009,26579,23236,18268,13796,11162,16543,8832,5844,4802,4967,3880,4790,6322,4310,3500,3974,3971,3917,2886,1737,3812,6665,5395,4572,6074,6139,4179,3469,2191,1623,1214,810,485,,
TWH,TWH0331,WAIK,te_uku,Wind,Wind,2026-08-06,163,537,1970,2982,4446,7400,8807,10789,8681,7155,6824,6640,5958,8974,6760,5424,6844,2775,749,0,1,18,38,6,0,65,1437,2732,2030,953,1119,2467,3611,5018,5916,4940,4911,3908,2136,349,448,578,74,282,681,1095,720,441,,
TWH,TWH0331,WAIK,te_uku,Wind,Wind,2026-08-07,439,447,556,381,207,410,783,801,605,659,890,950,739,696,6,0,0,0,47,55,2,38,517,1272,872,895,556,731,666,723,718,849,331,165,1002,1416,1149,891,1267,1421,3069,3534,3180,2848,2850,2079,2221,2555,,
TWH,TWH0331,WAIK,te_uku,Wind,Wind,2026-08-08,3381,3755,5610,5047,3494,3137,2513,2463,1623,4473,4940,4885,5734,5374,7679,8701,7807,7622,8526,7294,5622,3748,1601,1349,556,83,442,597,196,283,792,1066,2372,4751,5655,8885,10304,9323,10523,11743,10861,10692,14365,13289,12693,11587,10982,10176,,
TWH,TWH0331,WAIK,te_uku,Wind,Wind,2026-08-09,11924,13585,14740,15673,19341,24060,24091,24834,23789,23975,23444,22058,19053,19368,20994,19162,16446,18046,18167,14459,16964,26014,26606,21406,17840,14927,10089,6957,6061,5211,4682,3963,2733,2984,3910,3905,1767,1163,1202,1176,147,258,465,412,138,587,785,800,,
TWH,TWH0331,WAIK,te_uku,Wind,Wind,2026-08-10,1535,2086,1178,1703,3297,3082,2668,3898,6455,6775,7763,8403,9721,9318,8677,9356,8748,8772,6741,5348,8077,6964,8502,7980,9927,10867,10256,8713,9098,7827,8207,10934,13530,15720,14648,12750,10906,11555,8573,7264,5920,5931,5980,5610,5165,4412,3641,2634,,
TWH,TWH0331,WAIK,te_uku,Wind,Wind,2026-08-11,2718,1004,1463,1042,1363,1856,1586,1559,1504,1503,273,0,42,203,0,0,0,0,60,0,3,56,327,1574,1426,990,414,249,518,39,27,225,158,1169,1828,2962,5183,10063,18261,19565,18313,12769,14588,15043,16689,19836,23141,16784,,
TWH,TWH0331,WAIK,te_uku,Wind,Wind,2026-08-12,17545,27535,30363,30457,30457,30456,30419,30404,30410,30453,30450,30291,30149,30115,30311,30340,30273,30098,30394,30283,29145,26990,26770,27242,26704,27584,28079,28055,27904,28070,28401,28872,26567,27154,30085,29153,30351,30362,30449,30432,30434,30322,30311,30425,30430,30422,30178,29359,,
TWH,TWH0331,WAIK,te_uku,Wind,Wind,2026-08-13,30155,30069,28889,29141,26020,27083,27855,27137,20170,21882,22571,21539,21287,18386,16992,11535,10902,9976,6047,6726,5250,2958,1570,1374,1776,2004,1643,3659,2229,1484,2032,1607,212,0,0,0,0,0,0,0,530,1118,1790,868,1030,997,404,292,,
TWH,TWH0331,WAIK,te_uku,Wind,Wind,2026-08-14,967,2171,2649,1944,2832,3497,4748,5405,5760,5036,4021,3528,9117,9244,9253,19094,25322,28142,26646,27558,28733,28792,28057,27864,28064,22525,19301,18490,16721,14191,13625,19790,22942,19813,24752,28101,16943,11835,10692,9504,9424,7930,6711,8604,8196,5539,5170,4251,,
TWH,TWH0331,WAIK,te_uku,Wind,Wind,2026-08-15,3893,7715,7939,6105,7822,9350,10100,9280,7239,5343,4479,2335,768,1165,1177,605,656,702,385,614,132,1,298,549,1275,1597,1731,4224,6766,10079,9886,11309,16369,23194,21236,19458,18067,13873,13219,15220,10175,6540,6521,7842,5267,3520,2885,3624,,
TWH,TWH0331,WAIK,te_uku,Wind,Wind,2026-08-16,3613,3047,2277,2374,1956,2409,3042,1972,2508,1428,550,484,253,431,463,356,461,31,2953,6479,8535,8197,8949,10355,15992,16690,9265,8300,4515,6702,11742,13149,13318,14431,11020,6904,8032,7054,9168,6743,4103,5977,8347,13722,18334,18913,16452,14434,,
TWH,TWH0331,WAIK,te_uku,Wind,Wind,2026-08-17,6300,4297,5369,8894,10528,16723,19622,21649,20878,14371,17867,21970,17178,12241,9969,13437,13234,12949,11747,9463,8312,6005,5496,5798,2781,1383,2683,4838,5172,6579,5259,5326,11065,16982,20907,21518,23200,24617,25942,21278,24563,26264,24897,18543,21672,24864,24903,22824,,
TWH,TWH0331,WAIK,te_uku,Wind,Wind,2026-08-18,16831,12056,11272,7861,7005,8863,10356,14424,13166,14730,18864,16388,13992,10000,10568,13601,13787,11124,9565,6368,6246,5228,8519,13850,23977,23972,19895,19707,20772,19078,20816,23298,25547,18465,23100,21725,20130,19772,21910,21362,19525,21891,17337,16490,15715,7091,10959,17661,,
TWH,TWH0331,WAIK,te_uku,Wind,Wind,2026-08-19,23737,22095,21009,24417,24856,26884,26227,25921,27846,21366,16297,13352,11377,10078,12683,10928,8820,11297,10757,7759,5308,4543,2797,5280,5414,4677,5089,4121,4560,4917,5274,5008,3500,1601,1389,3999,6680,7709,6990,6379,6357,4855,2591,4410,7910,5891,4322,1253,,
TWH,TWH0331,WAIK,te_uku,Wind,Wind,2026-08-20,0,0,0,93,2751,4002,5761,5023,4516,2422,2213,5559,2696,2176,3372,5115,2534,1265,1938,2141,2518,2856,3578,4852,5989,7244,7765,10450,10638,8809,7682,8015,8359,8573,6560,8194,12006,12654,12571,13012,12475,10579,8139,8350,8785,8218,6873,5464,,
TWH,TWH0331,WAIK,te_uku,Wind,Wind,2026-08-21,6604,5861,5630,7863,8828,8726,8815,7788,7798,7837,5393,5968,7166,6100,4553,2468,1959,1983,1671,2429,2281,4357,3985,4515,5663,6517,6359,5971,5532,5827,4752,3703,4241,2929,2610,3043,3253,3654,3706,4992,8014,6659,6163,5257,5227,7490,8970,7629,,
TWH,TWH0331,WAIK,te_uku,Wind,Wind,2026-08-22,9124,14465,13322,12989,13402,8342,12177,16358,14731,14978,11806,10996,6181,5507,10839,15389,15791,9851,4882,5138,4254,7159,19036,15278,8237,7045,8067,14161,15075,12882,12216,12612,11374,10411,10998,11151,9920,11025,12516,10963,11093,13296,13263,10866,12594,13575,14747,18401,,
TWH,TWH0331,WAIK,te_uku,Wind,Wind,2026-08-23,22503,26179,24474,20699,19419,18398,23293,23582,21935,24873,28909,29897,27904,28824,30089,30339,30161,30153,30285,30310,29717,30096,29137,19925,14167,14166,14169,14178,14173,14175,14166,14166,14165,14166,14179,14182,14171,14173,14169,14168,14169,14169,14168,14171,14171,14178,14184,14171,,
TWH,TWH0331,WAIK,te_uku,Wind,Wind,2026-08-24,14190,14175,14185,14173,14174,14172,14172,14170,14172,14170,14169,14166,14169,14164,14167,13968,14166,14170,14147,11485,9760,12069,11930,17696,20942,20432,19542,22358,21556,24613,26596,26723,24392,22827,20572,19339,22235,16060,17503,20318,17766,16043,14944,14538,15782,19685,15064,12485,,
TWH,TWH0331,WAIK,te_uku,Wind,Wind,2026-08-25,12814,11424,16699,18335,21623,22683,19406,23245,23668,22722,24425,24908,26207,20534,16918,17896,19670,21234,22825,24242,22468,23544,22281,23183,22592,21893,24735,23596,24288,23761,23661,24366,21228,19460,20661,20987,25531,21879,22269,18971,11688,12863,15827,18503,15226,10084,9859,16299,,
TWH,TWH0331,WAIK,te_uku,Wind,Wind,2026-08-26,23687,16928,17231,17561,23500,20393,22961,25280,25107,21296,24577,23746,21475,19873,20625,15625,10389,12916,13988,13338,10362,9444,7176,9628,8725,11842,13580,14156,12303,10584,12694,11873,10543,10432,11806,8761,10322,11731,10489,10481,9287,6352,6663,9197,10680,13444,12813,9212,,
TWH,TWH0331,WAIK,te_uku,Wind,Wind,2026-08-27,9653,9388,6216,5268,4358,3921,3257,4152,4460,4056,3570,3808,3823,1352,493,48,0,0,0,0,0,0,0,4,45,10,6,39,147,82,282,17,0,3,56,1970,2407,1509,1518,3491,3642,2851,3971,7671,13887,15553,17419,14428,,
TWH,TWH0331,WAIK,te_uku,Wind,Wind,2026-08-28,11570,15845,14154,14895,20033,20334,18836,19337,17370,19684,17184,17691,17632,18291,18831,18691,19648,22190,16430,20258,19164,16163,15255,9367,9360,8161,7913,9932,9917,3670,6456,5595,7161,8345,9075,11277,11681,9330,8953,8651,7319,6258,5518,6377,8293,8762,5864,5395,,
TWH,TWH0331,WAIK,te_uku,Wind,Wind,2026-08-29,6777,7553,6917,9087,8267,6929,9217,10924,7202,7486,6789,2776,3860,4938,7267,7483,9578,7739,5389,4039,2153,1710,911,410,238,428,432,6,2,0,0,0,0,0,127,0,1,121,483,667,1198,1155,443,743,1712,7799,12281,14995,,
TWH,TWH0331,WAIK,te_uku,Wind,Wind,2026-08-30,19866,23911,25397,28036,28035,28143,27488,27800,27424,27878,27234,27736,28164,27086,27054,27052,25345,27734,26845,27107,27661,27587,27765,27993,27818,25823,28090,27662,25357,25334,25825,25850,25057,25176,25847,25889,25307,27008,27037,27012,26944,26311,25651,25119,24224,24527,24818,24825,,
TWH,TWH0331,WAIK,te_uku,Wind,Wind,2026-08-31,23573,24688,24819,24794,24752,24820,24828,24192,24792,24814,24810,24804,24730,24754,24738,26531,26798,26742,26912,26553,24790,24798,25826,25883,25138,23588,24825,25330,26893,27621,27979,27582,27949,25251,28008,26402,26679,27400,28529,29279,29248,26990,25943,25947,25601,25504,25507,25514,,
WAI,WAI0331,HEDL,te_herenga_o_te_rā_solar_farm,SOL,PV,2026-08-01,0,0,0,0,0,0,0,0,0,0,0,0,0,0,0,0,0,0,0,0,0,0,0,0,0,0,0,0,0,0,0,0,0,0,0,0,0,0,0,0,0,0,0,0,0,0,0,0,,
WAI,WAI0331,HEDL,te_herenga_o_te_rā_solar_farm,SOL,PV,2026-08-02,0,0,0,0,0,0,0,0,0,0,0,0,0,0,0,0,0,0,0,0,0,0,0,0,0,0,0,0,0,0,0,0,0,0,0,0,0,0,0,0,0,0,0,0,0,0,0,0,,
WAI,WAI0331,HEDL,te_herenga_o_te_rā_solar_farm,SOL,PV,2026-08-03,0,0,0,0,0,0,0,0,0,0,0,0,0,0,0,0,0,0,0,0,0,0,0,0,0,0,0,0,0,0,0,0,0,0,0,0,0,0,0,0,0,0,0,0,0,0,0,0,,
WAI,WAI0331,HEDL,te_herenga_o_te_rā_solar_farm,SOL,PV,2026-08-04,0,0,0,0,0,0,0,0,0,0,0,0,0,0,0,0,0,0,0,0,0,0,0,0,0,0,0,0,0,0,0,0,0,0,0,0,0,0,0,0,0,0,0,0,0,0,0,0,,
WAI,WAI0331,HEDL,te_herenga_o_te_rā_solar_farm,SOL,PV,2026-08-05,0,0,0,0,0,0,0,0,0,0,0,0,0,0,0,0,0,0,0,0,0,0,0,0,0,0,0,0,0,0,0,0,0,0,0,0,0,0,0,0,0,0,0,0,0,0,0,0,,
WAI,WAI0331,HEDL,te_herenga_o_te_rā_solar_farm,SOL,PV,2026-08-06,0,0,0,0,0,0,0,0,0,0,0,0,0,0,0,0,0,0,0,0,0,0,0,0,0,0,0,0,0,0,0,0,0,0,0,0,0,0,0,0,0,0,0,0,0,0,0,0,,
WAI,WAI0331,HEDL,te_herenga_o_te_rā_solar_farm,SOL,PV,2026-08-07,0,0,0,0,0,0,0,0,0,0,0,0,0,0,0,0,0,0,0,0,0,0,0,0,0,0,0,0,0,0,0,0,0,0,0,0,0,0,0,0,0,0,0,0,0,0,0,0,,
WAI,WAI0331,HEDL,te_herenga_o_te_rā_solar_farm,SOL,PV,2026-08-08,0,0,0,0,0,0,0,0,0,0,0,0,0,0,0,0,0,0,0,0,0,0,0,0,0,0,0,0,0,0,0,0,0,0,0,0,0,0,0,0,0,0,0,0,0,0,0,0,,
WAI,WAI0331,HEDL,te_herenga_o_te_rā_solar_farm,SOL,PV,2026-08-09,0,0,0,0,0,0,0,0,0,0,0,0,0,0,0,0,0,0,0,0,0,0,0,0,0,0,0,0,0,0,0,0,0,0,0,0,0,0,0,0,0,0,0,0,0,0,0,0,,
WAI,WAI0331,HEDL,te_herenga_o_te_rā_solar_farm,SOL,PV,2026-08-10,0,0,0,0,0,0,0,0,0,0,0,0,0,0,0,0,0,0,0,0,0,0,0,0,0,0,0,0,0,0,0,0,0,0,0,0,0,0,0,0,0,0,0,0,0,0,0,0,,
WAI,WAI0331,HEDL,te_herenga_o_te_rā_solar_farm,SOL,PV,2026-08-11,0,0,0,0,0,0,0,0,0,0,0,0,0,0,0,0,0,0,0,0,0,0,0,0,0,0,0,0,0,0,0,0,0,0,0,0,0,0,0,0,0,0,0,0,0,0,0,0,,
WAI,WAI0331,HEDL,te_herenga_o_te_rā_solar_farm,SOL,PV,2026-08-12,0,0,0,0,0,0,0,0,0,0,0,0,0,0,0,0,0,0,0,0,0,0,0,0,0,0,0,0,0,0,0,0,0,0,0,0,0,0,0,0,0,0,0,0,0,0,0,0,,
WAI,WAI0331,HEDL,te_herenga_o_te_rā_solar_farm,SOL,PV,2026-08-13,0,0,0,0,0,0,0,0,0,0,0,0,0,0,0,0,0,0,0,0,0,0,0,0,0,0,0,0,0,0,0,0,0,0,0,0,0,0,0,0,0,0,0,0,0,0,0,0,,
WAI,WAI0331,HEDL,te_herenga_o_te_rā_solar_farm,SOL,PV,2026-08-14,0,0,0,0,0,0,0,0,0,0,0,0,0,0,0,0,0,0,0,0,0,0,0,0,0,0,0,0,0,0,0,0,0,0,0,0,0,0,0,0,0,0,0,0,0,0,0,0,,
WAI,WAI0331,HEDL,te_herenga_o_te_rā_solar_farm,SOL,PV,2026-08-15,0,0,0,0,0,0,0,0,0,0,0,0,0,0,0,0,0,0,0,0,0,0,0,0,0,0,0,0,0,0,0,0,0,0,0,0,0,0,0,0,0,0,0,0,0,0,0,0,,
WAI,WAI0331,HEDL,te_herenga_o_te_rā_solar_farm,SOL,PV,2026-08-16,0,0,0,0,0,0,0,0,0,0,0,0,0,0,0,0,0,0,0,0,0,0,0,0,0,0,0,0,0,0,0,0,0,0,0,0,0,0,0,0,0,0,0,0,0,0,0,0,,
WAI,WAI0331,HEDL,te_herenga_o_te_rā_solar_farm,SOL,PV,2026-08-17,0,0,0,0,0,0,0,0,0,0,0,0,0,0,0,0,0,0,0,0,0,0,0,0,0,0,0,0,0,0,0,0,0,0,0,0,0,0,0,0,0,0,0,0,0,0,0,0,,
WAI,WAI0331,HEDL,te_herenga_o_te_rā_solar_farm,SOL,PV,2026-08-18,0,0,0,0,0,0,0,0,0,0,0,0,0,0,0,0,0,0,0,0,0,0,0,0,0,0,0,0,0,0,0,0,0,0,0,0,0,0,0,0,0,0,0,0,0,0,0,0,,
WAI,WAI0331,HEDL,te_herenga_o_te_rā_solar_farm,SOL,PV,2026-08-19,0,0,0,0,0,0,0,0,0,0,0,0,0,0,0,0,0,0,0,0,0,0,0,0,0,0,0,0,0,0,0,0,0,0,0,0,0,0,0,0,0,0,0,0,0,0,0,0,,
WAI,WAI0331,HEDL,te_herenga_o_te_rā_solar_farm,SOL,PV,2026-08-20,0,0,0,0,0,0,0,0,0,0,0,0,0,0,0,0,0,0,0,0,0,0,0,0,0,0,0,0,0,0,0,0,0,0,0,0,0,0,0,0,0,0,0,0,0,0,0,0,,
WAI,WAI0331,HEDL,te_herenga_o_te_rā_solar_farm,SOL,PV,2026-08-21,0,0,0,0,0,0,0,0,0,0,0,0,0,0,0,0,0,0,0,0,0,0,0,0,0,0,0,0,0,0,0,0,0,0,0,0,0,0,0,0,0,0,0,0,0,0,0,0,,
WAI,WAI0331,HEDL,te_herenga_o_te_rā_solar_farm,SOL,PV,2026-08-22,0,0,0,0,0,0,0,0,0,0,0,0,0,0,0,0,0,0,0,0,0,0,0,0,0,0,0,0,0,0,0,0,0,0,0,0,0,0,0,0,0,0,0,0,0,0,0,0,,
WAI,WAI0331,HEDL,te_herenga_o_te_rā_solar_farm,SOL,PV,2026-08-23,0,0,0,0,0,0,0,0,0,0,0,0,0,0,0,0,0,0,0,0,0,0,0,0,0,0,0,0,0,0,0,0,0,0,0,0,0,0,0,0,0,0,0,0,0,0,0,0,,
WAI,WAI0331,HEDL,te_herenga_o_te_rā_solar_farm,SOL,PV,2026-08-24,0,0,0,0,0,0,0,0,0,0,0,0,0,0,0,0,0,0,0,0,0,0,0,0,0,0,0,0,0,0,0,0,0,0,0,0,0,0,0,0,0,0,0,0,0,0,0,0,,
WAI,WAI0331,HEDL,te_herenga_o_te_rā_solar_farm,SOL,PV,2026-08-25,0,0,0,0,0,0,0,0,0,0,0,0,0,0,0,0,0,0,0,0,0,0,0,0,0,0,0,0,0,0,0,0,0,0,0,0,0,0,0,0,0,0,0,0,0,0,0,0,,
WAI,WAI0331,HEDL,te_herenga_o_te_rā_solar_farm,SOL,PV,2026-08-26,0,0,0,0,0,0,0,0,0,0,0,0,0,0,0,0,0,0,0,0,0,0,0,0,0,0,0,0,0,0,0,0,0,0,0,0,0,0,0,0,0,0,0,0,0,0,0,0,,
WAI,WAI0331,HEDL,te_herenga_o_te_rā_solar_farm,SOL,PV,2026-08-27,0,0,0,0,0,0,0,0,0,0,0,0,0,0,0,0,0,0,0,0,0,0,0,0,0,0,0,0,0,0,0,0,0,0,0,0,0,0,0,0,0,0,0,0,0,0,0,0,,
WAI,WAI0331,HEDL,te_herenga_o_te_rā_solar_farm,SOL,PV,2026-08-28,0,0,0,0,0,0,0,0,0,0,0,0,0,0,0,0,0,0,0,0,0,0,0,0,0,0,0,0,0,0,0,0,0,0,0,0,0,0,0,0,0,0,0,0,0,0,0,0,,
WAI,WAI0331,HEDL,te_herenga_o_te_rā_solar_farm,SOL,PV,2026-08-29,0,0,0,0,0,0,0,0,0,0,0,0,0,0,0,0,0,0,0,0,0,0,0,0,0,0,0,0,0,0,0,0,0,0,0,0,0,0,0,0,0,0,0,0,0,0,0,0,,
WAI,WAI0331,HEDL,te_herenga_o_te_rā_solar_farm,SOL,PV,2026-08-30,0,0,0,0,0,0,0,0,0,0,0,0,0,0,0,0,0,0,0,0,0,0,0,0,0,0,0,0,0,0,0,0,0,0,0,0,0,0,0,0,0,0,0,0,0,0,0,0,,
WAI,WAI0331,HEDL,te_herenga_o_te_rā_solar_farm,SOL,PV,2026-08-31,0,0,0,0,0,0,0,0,0,0,0,0,0,0,0,0,0,0,0,0,0,0,0,0,0,0,0,0,0,0,0,0,0,0,0,0,0,0,0,0,0,0,0,0,0,0,0,0,,
WAI,WAI0331,LODE,te_herenga_o_te_rā_solar_farm,SOL,PV,2026-08-01,0,0,0,0,0,0,0,0,0,0,0,0,0,0,77,1241,4442,8106,10643,12472,13221,13340,13328,13269,12988,12872,12542,12155,12002,10933,9937,8044,5077,1232,120,0,0,0,0,0,0,0,0,0,0,0,0,0,,
WAI,WAI0331,LODE,te_herenga_o_te_rā_solar_farm,SOL,PV,2026-08-02,0,0,0,0,0,0,0,0,0,0,0,0,0,0,110,1556,4771,8468,11065,12869,13395,13439,13305,13059,12831,12622,12375,12118,11831,11230,9957,8171,4847,1720,139,0,0,0,0,0,0,0,0,0,0,0,0,0,,
WAI,WAI0331,LODE,te_herenga_o_te_rā_solar_farm,SOL,PV,2026-08-03,0,0,0,0,0,0,0,0,0,0,0,0,0,0,85,613,2471,6784,2706,5709,5974,10113,7968,12685,12665,12286,11995,11708,11407,10495,8793,7482,4571,1649,164,0,0,0,0,0,0,0,0,0,0,0,0,0,,
WAI,WAI0331,LODE,te_herenga_o_te_rā_solar_farm,SOL,PV,2026-08-04,0,0,0,0,0,0,0,0,0,0,0,0,0,0,203,1487,4549,7997,10531,12263,11873,2759,3468,3230,5704,2808,4954,3643,2763,2452,2530,2024,1186,669,93,0,0,0,0,0,0,0,0,0,0,0,0,0,,
WAI,WAI0331,LODE,te_herenga_o_te_rā_solar_farm,SOL,PV,2026-08-05,0,0,0,0,0,0,0,0,0,0,0,0,0,0,94,1724,5716,8077,10260,13087,10943,8237,6921,7955,8138,9376,12005,13142,12533,12006,10481,8849,3580,2083,215,0,0,0,0,0,0,0,0,0,0,0,0,0,,
WAI,WAI0331,LODE,te_herenga_o_te_rā_solar_farm,SOL,PV,2026-08-06,0,0,0,0,0,0,0,0,0,0,0,0,0,0,148,1603,5338,9203,11719,13375,13808,13814,13695,13450,13173,12950,12698,12524,12355,11849,10492,8701,5269,2081,208,0,0,0,0,0,0,0,0,0,0,0,0,0,,
WAI,WAI0331,LODE,te_herenga_o_te_rā_solar_farm,SOL,PV,2026-08-07,0,0,0,0,0,0,0,0,0,0,0,0,0,0,185,1847,5532,9553,11941,13601,14037,13994,13769,13549,13376,13228,12911,12797,12459,11941,10604,8848,5388,2269,212,0,0,0,0,0,0,0,0,0,0,0,0,0,,
WAI,WAI0331,LODE,te_herenga_o_te_rā_solar_farm,SOL,PV,2026-08-08,0,0,0,0,0,0,0,0,0,0,0,0,0,0,243,2634,3798,1881,2517,4549,8396,10299,11876,8116,6778,11259,7728,6869,5315,4483,3145,2819,1981,1960,244,0,0,0,0,0,0,0,0,0,0,0,0,0,,
WAI,WAI0331,LODE,te_herenga_o_te_rā_solar_farm,SOL,PV,2026-08-09,0,0,0,0,0,0,0,0,0,0,0,0,0,0,0,205,956,1415,961,1810,1222,2219,3005,3380,3695,2625,2524,2586,3217,3277,2366,1537,1062,405,8,0,0,0,0,0,0,0,0,0,0,0,0,0,,
WAI,WAI0331,LODE,te_herenga_o_te_rā_solar_farm,SOL,PV,2026-08-10,0,0,0,0,0,0,0,0,0,0,0,0,0,0,0,239,2847,6726,9463,12727,13609,13694,13642,13419,11754,12600,13238,14120,12613,9557,2264,3682,1366,1249,306,0,0,0,0,0,0,0,0,0,0,0,0,0,,
WAI,WAI0331,LODE,te_herenga_o_te_rā_solar_farm,SOL,PV,2026-08-11,0,0,0,0,0,0,0,0,0,0,0,0,0,0,209,961,5673,8201,10643,12281,12282,11819,12076,13459,13255,12954,12675,12582,12447,12048,10619,8481,4782,1510,352,0,0,0,0,0,0,0,0,0,0,0,0,0,,
WAI,WAI0331,LODE,te_herenga_o_te_rā_solar_farm,SOL,PV,2026-08-12,0,0,0,0,0,0,0,0,0,0,0,0,0,0,179,1226,2085,5120,7399,6945,7667,5929,10313,9050,8436,6757,5971,7621,8120,8946,4114,4276,1836,458,80,0,0,0,0,0,0,0,0,0,0,0,0,0,,
WAI,WAI0331,LODE,te_herenga_o_te_rā_solar_farm,SOL,PV,2026-08-13,0,0,0,0,0,0,0,0,0,0,0,0,0,0,77,739,1396,1440,1640,2084,1887,2350,2137,1902,1423,1367,1325,2167,1811,2634,1620,1560,511,217,21,0,0,0,0,0,0,0,0,0,0,0,0,0,,
WAI,WAI0331,LODE,te_herenga_o_te_rā_solar_farm,SOL,PV,2026-08-14,0,0,0,0,0,0,0,0,0,0,0,0,0,0,0,317,486,290,197,335,606,1073,3126,7091,8416,4354,7903,4700,4777,2918,4079,2717,1709,1065,289,0,0,0,0,0,0,0,0,0,0,0,0,0,,
WAI,WAI0331,LODE,te_herenga_o_te_rā_solar_farm,SOL,PV,2026-08-15,0,0,0,0,0,0,0,0,0,0,0,0,0,0,150,1839,2621,4377,6284,5585,7998,11864,13335,13718,13890,10359,10343,8526,11029,6251,4867,3041,1715,945,236,0,0,0,0,0,0,0,0,0,0,0,0,0,,
WAI,WAI0331,LODE,te_herenga_o_te_rā_solar_farm,SOL,PV,2026-08-16,0,0,0,0,0,0,0,0,0,0,0,0,0,0,332,1143,6039,9949,12402,13641,14009,11238,8333,8228,11498,9988,7973,8525,4911,4335,3493,2504,928,525,256,1,0,0,0,0,0,0,0,0,0,0,0,0,,
WAI,WAI0331,LODE,te_herenga_o_te_rā_solar_farm,SOL,PV,2026-08-17,0,0,0,0,0,0,0,0,0,0,0,0,0,0,318,1820,3762,8905,13649,13590,13222,10705,9433,10597,12085,12284,13570,13512,12796,13071,11476,10391,6503,2922,578,26,0,0,0,0,0,0,0,0,0,0,0,0,,
WAI,WAI0331,LODE,te_herenga_o_te_rā_solar_farm,SOL,PV,2026-08-18,0,0,0,0,0,0,0,0,0,0,0,0,0,0,631,2843,6893,11093,11606,8902,13828,10772,8702,11005,13575,13999,13774,11765,12699,13100,11834,6224,1068,968,817,13,0,0,0,0,0,0,0,0,0,0,0,0,,
WAI,WAI0331,LODE,te_herenga_o_te_rā_solar_farm,SOL,PV,2026-08-19,0,0,0,0,0,0,0,0,0,0,0,0,0,0,653,3564,7646,10874,13427,14313,8718,8205,14151,14775,14575,14855,14048,14199,13528,13300,12039,10468,6651,3373,666,25,0,0,0,0,0,0,0,0,0,0,0,0,,
WAI,WAI0331,LODE,te_herenga_o_te_rā_solar_farm,SOL,PV,2026-08-20,0,0,0,0,0,0,0,0,0,0,0,0,0,10,696,3860,6715,5652,4544,4510,6878,11016,15555,11391,13881,9442,7652,11964,13397,13276,11768,10142,6481,3322,682,25,0,0,0,0,0,0,0,0,0,0,0,0,,
WAI,WAI0331,LODE,te_herenga_o_te_rā_solar_farm,SOL,PV,2026-08-21,0,0,0,0,0,0,0,0,0,0,0,0,0,9,881,3958,7913,11257,13426,14373,12275,10883,6554,9292,15272,11165,9157,7135,4769,4116,10233,10249,4182,2576,431,24,0,0,0,0,0,0,0,0,0,0,0,0,,
WAI,WAI0331,LODE,te_herenga_o_te_rā_solar_farm,SOL,PV,2026-08-22,0,0,0,0,0,0,0,0,0,0,0,0,0,0,287,1164,2480,3572,6181,7371,4548,6150,7678,9542,9187,7038,7514,6912,11875,6005,7428,5144,3149,1507,396,29,0,0,0,0,0,0,0,0,0,0,0,0,,
WAI,WAI0331,LODE,te_herenga_o_te_rā_solar_farm,SOL,PV,2026-08-23,0,0,0,0,0,0,0,0,0,0,0,0,0,0,285,1890,2938,4184,8029,14951,10358,7269,5299,2303,1527,1637,846,958,3137,10568,1590,880,1933,1645,848,26,0,0,0,0,0,0,0,0,0,0,0,0,,
WAI,WAI0331,LODE,te_herenga_o_te_rā_solar_farm,SOL,PV,2026-08-24,0,0,0,0,0,0,0,0,0,0,0,0,0,39,1127,4184,8041,11366,13525,14465,13960,12748,14351,13343,14463,14166,13878,13655,13552,13223,11911,9990,6502,3390,858,48,0,0,0,0,0,0,0,0,0,0,0,0,,
WAI,WAI0331,LODE,te_herenga_o_te_rā_solar_farm,SOL,PV,2026-08-25,0,0,0,0,0,0,0,0,0,0,0,0,0,47,1156,4465,8355,11600,13763,14635,14797,14956,14818,14895,13882,14220,10568,9631,13393,13238,10585,10383,6873,3647,948,59,0,0,0,0,0,0,0,0,0,0,0,0,,
WAI,WAI0331,LODE,te_herenga_o_te_rā_solar_farm,SOL,PV,2026-08-26,0,0,0,0,0,0,0,0,0,0,0,0,0,60,1364,4890,8114,11709,8214,13210,14871,14893,14741,15335,14605,14413,14072,13821,11238,10331,8490,6878,5100,1693,488,8,0,0,0,0,0,0,0,0,0,0,0,0,,
WAI,WAI0331,LODE,te_herenga_o_te_rā_solar_farm,SOL,PV,2026-08-27,0,0,0,0,0,0,0,0,0,0,0,0,0,131,1858,4163,7123,11490,13238,13583,14166,14130,13921,11218,14338,13159,13890,13331,12174,13125,12020,9826,6640,3371,1164,77,0,0,0,0,0,0,0,0,0,0,0,0,,
WAI,WAI0331,LODE,te_herenga_o_te_rā_solar_farm,SOL,PV,2026-08-28,0,0,0,0,0,0,0,0,0,0,0,0,0,7,1147,2305,1943,2718,2190,1625,2764,5598,5647,3394,6234,6914,6501,6413,5875,7360,7201,6830,3079,1618,866,73,0,0,0,0,0,0,0,0,0,0,0,0,,
WAI,WAI0331,LODE,te_herenga_o_te_rā_solar_farm,SOL,PV,2026-08-29,0,0,0,0,0,0,0,0,0,0,0,0,0,0,187,700,897,1332,5371,3412,4045,6267,3795,2598,2449,2797,2712,2608,2748,2135,1150,818,555,274,93,0,0,0,0,0,0,0,0,0,0,0,0,0,,
WAI,WAI0331,LODE,te_herenga_o_te_rā_solar_farm,SOL,PV,2026-08-30,0,0,0,0,0,0,0,0,0,0,0,0,0,322,2421,6566,7749,9014,10398,5212,12261,15426,15254,15087,14682,14512,13297,13152,13593,13558,12771,10952,7541,3924,1115,75,0,0,0,0,0,0,0,0,0,0,0,0,,
WAI,WAI0331,LODE,te_herenga_o_te_rā_solar_farm,SOL,PV,2026-08-31,0,0,0,0,0,0,0,0,0,0,0,0,0,170,1101,5305,9099,14294,11438,10695,7713,13162,7396,3733,10693,7805,3043,9385,13121,14040,13472,9006,7819,2257,417,79,0,0,0,0,0,0,0,0,0,0,0,0,,
WDV,WDV1101,MERI,te_apiti,Wind,Wind,2026-08-01,21381,15364,8192,128,8,12,1,395,153,3614,6818,7315,12706,5649,5800,7130,2441,6191,8558,6462,3992,7032,11998,13716,13294,11947,14387,11115,10015,4634,4,2673,1192,0,1,733,2773,353,1717,8326,4137,643,373,1,0,509,583,303,,
WDV,WDV1101,MERI,te_apiti,Wind,Wind,2026-08-02,0,0,0,0,722,3883,6413,6634,12279,13924,12300,10602,9464,12448,13087,16124,13388,10972,10420,10685,7255,5949,5822,5990,7428,6894,6498,6227,5991,6228,6033,5601,6347,5962,8508,10525,11665,12731,16819,12734,14463,17194,17786,21534,22539,21282,17127,15143,,
WDV,WDV1101,MERI,te_apiti,Wind,Wind,2026-08-03,12968,14269,13540,13128,13575,13005,12730,11118,10607,10426,10932,10203,9767,10071,10270,11146,15904,16003,15421,14209,14075,13467,12414,11862,10390,9599,10879,11654,12607,11513,11591,11513,10566,10532,10803,11290,14067,14639,12935,13337,13856,13785,13761,13952,13885,13774,13546,14147,,
WDV,WDV1101,MERI,te_apiti,Wind,Wind,2026-08-04,16723,15970,14723,13326,8247,993,25,671,4013,12071,13420,12391,9014,10967,13150,16112,15056,17146,14004,0,0,0,0,0,0,0,0,0,0,5911,18542,7164,6531,8311,8974,13776,3394,9889,10852,215,3070,443,0,128,9,215,119,1049,,
WDV,WDV1101,MERI,te_apiti,Wind,Wind,2026-08-05,160,179,838,7,9,526,0,81,64,0,20,3,126,343,102,3740,357,0,0,23,9,7,0,0,45,35,1,0,0,0,0,23,15,0,4,2,0,386,799,695,905,43,1167,2735,893,2024,2442,15,,
WDV,WDV1101,MERI,te_apiti,Wind,Wind,2026-08-06,0,15,12,0,578,33,0,0,0,0,0,0,0,0,0,0,0,0,0,0,0,0,0,0,0,62,504,1913,3565,5572,4327,2875,2969,5799,4105,4267,3441,2562,3267,4544,5720,5452,5159,5218,5470,5555,7279,8365,,
WDV,WDV1101,MERI,te_apiti,Wind,Wind,2026-08-07,9058,10727,11468,15294,15404,15880,15979,11033,11863,17661,18512,17107,16445,17066,15482,16308,15812,18970,21995,21484,20238,20658,20988,21182,21541,23885,22998,23104,23679,21948,23255,26069,25906,24029,23563,24433,22822,20765,20922,26856,25369,23579,25833,26019,24433,22839,23042,22790,,
WDV,WDV1101,MERI,te_apiti,Wind,Wind,2026-08-08,23264,23165,22078,18499,20850,20449,17622,11976,7471,13620,17641,24109,25878,25284,24471,24913,23588,23503,21417,21498,19300,16512,14226,15165,13043,12228,10833,8950,4252,1094,28,32,0,0,0,31,0,0,0,0,0,0,0,0,0,0,0,0,,
WDV,WDV1101,MERI,te_apiti,Wind,Wind,2026-08-09,0,0,0,0,0,0,0,0,1,0,54,16,193,854,684,1652,1265,1212,928,2572,5866,8264,17400,17036,26272,25536,24076,22783,22399,18228,20853,20421,19835,18089,18027,15478,18692,23092,20369,17787,17044,16568,22403,26906,28487,28128,27515,26386,,
WDV,WDV1101,MERI,te_apiti,Wind,Wind,2026-08-10,26775,25814,25104,24783,24718,25068,26163,25320,23244,22398,19599,18231,18699,15919,24949,25028,24132,23179,20833,21996,20056,21237,21157,18737,18192,22702,23748,23011,17588,19668,21229,23759,19490,16376,14356,12904,12309,14420,14899,12883,11797,6051,2414,388,1,542,0,0,,
WDV,WDV1101,MERI,te_apiti,Wind,Wind,2026-08-11,0,0,0,0,0,0,0,1607,3424,2309,3274,3291,1910,364,3281,3179,3735,6631,6445,4808,4662,2220,1739,21,0,0,426,2882,2426,1472,1284,2795,6416,7163,4110,7375,8540,10798,11563,10130,12288,20525,22685,19436,16210,15935,14331,16962,,
WDV,WDV1101,MERI,te_apiti,Wind,Wind,2026-08-12,17190,16045,14256,15962,13620,12178,6795,7075,6238,8795,4305,2890,654,690,1569,3943,2782,256,2096,6029,4205,2436,5128,8573,10986,12086,16434,16945,15968,16829,15319,13794,15682,17048,12816,10941,9052,6917,6996,6070,2588,2076,3171,5595,8019,5409,5187,5887,,
WDV,WDV1101,MERI,te_apiti,Wind,Wind,2026-08-13,3537,1731,1081,800,95,0,0,0,0,82,90,4,4,3,33,228,2915,1843,983,1493,359,767,506,1396,2324,1722,1215,1654,595,1474,749,715,652,260,929,1300,1290,1403,1225,1805,3140,2418,2451,1986,1709,2500,3599,4134,,
WDV,WDV1101,MERI,te_apiti,Wind,Wind,2026-08-14,4211,3200,2454,1922,1867,1514,2361,2163,3262,2511,4444,6187,8546,10450,10361,9899,12229,15476,18032,15042,12585,12471,13748,10317,8013,6450,5949,9381,11675,17780,20898,19275,19700,19740,25519,25052,24025,20783,19732,18699,20754,17975,17670,14120,11362,15946,11696,9055,,
WDV,WDV1101,MERI,te_apiti,Wind,Wind,2026-08-15,17798,18520,22129,21564,18654,19685,20075,13957,15506,18550,18108,16898,18221,16034,12130,7000,5743,5113,3892,3460,5598,8751,10764,10175,8169,7407,7276,5703,2834,3118,5411,7069,7257,6362,7813,8640,11252,12920,10566,6765,11999,14995,17946,18490,15040,14753,15881,16935,,
WDV,WDV1101,MERI,te_apiti,Wind,Wind,2026-08-16,17327,18649,19683,17905,15039,12248,14914,15063,16596,12851,12695,15393,17707,15804,15253,15894,17564,17457,17334,16262,17746,17431,21621,20717,20598,20723,16392,13508,11415,12922,15221,14453,16228,17230,17433,18894,20030,20571,19414,19107,17099,16392,19230,21254,16716,12234,11328,8018,,
WDV,WDV1101,MERI,te_apiti,Wind,Wind,2026-08-17,6566,7407,7530,5666,4805,1816,2066,1326,3168,6811,4520,839,113,2,230,727,279,381,1911,369,1783,1375,1311,5111,2436,1343,2753,2916,5031,1564,57,0,0,0,0,0,181,521,1287,1265,2883,2763,2411,1192,582,301,1533,628,,
WDV,WDV1101,MERI,te_apiti,Wind,Wind,2026-08-18,78,53,24,375,2127,2249,1460,1556,1035,1944,5267,3977,4161,4737,5228,4159,1270,406,604,333,111,1657,1235,56,0,10,145,534,85,254,1318,867,3173,15055,9481,10864,12520,9746,5446,11157,3579,2661,91,122,2773,1995,7435,7261,,
WDV,WDV1101,MERI,te_apiti,Wind,Wind,2026-08-19,2897,3585,7175,5375,4590,4485,343,7,138,1764,570,507,18,0,16,60,230,1236,1606,4203,3452,3115,4805,7257,4481,6813,7205,5370,3849,1517,597,0,11,27,0,0,0,0,0,0,0,0,0,0,5,184,0,0,,
WDV,WDV1101,MERI,te_apiti,Wind,Wind,2026-08-20,0,0,42,170,0,0,3,0,34,147,338,34,118,88,1042,555,4,0,0,0,0,0,437,2195,3067,2294,3481,2479,3017,3812,2321,1510,1810,2091,1010,872,1423,1676,1637,2460,3150,3201,4850,7345,8064,6473,2018,2905,,
WDV,WDV1101,MERI,te_apiti,Wind,Wind,2026-08-21,3004,2458,2245,3473,5387,8894,7374,7476,5749,6101,9518,12184,13876,15817,15174,12426,11011,11827,11973,14384,13033,12477,11822,14446,16022,19241,21110,22579,20581,20993,19775,20152,20410,22482,22883,21746,19023,16765,18072,17822,17191,16961,17252,16019,15993,15672,14652,13131,,
WDV,WDV1101,MERI,te_apiti,Wind,Wind,2026-08-22,14996,16142,15475,15217,15790,14874,15069,12436,13875,13547,13632,13840,13876,13498,13905,13487,12682,12442,12430,12859,12587,14335,15056,14432,13747,12849,13198,13479,13408,12889,13015,12672,12744,12810,14209,14915,14247,12877,12948,13405,13508,14128,14458,13577,14615,15024,13212,11709,,
WDV,WDV1101,MERI,te_apiti,Wind,Wind,2026-08-23,11215,10624,11257,11641,12489,12788,13795,14968,14547,10279,9724,9230,9404,10884,11106,9714,9272,9203,9551,9766,6939,8062,9423,9254,8579,9154,8265,7003,6434,7046,6774,7596,7130,9516,10878,11428,12007,14564,13928,12906,14337,11758,12282,11778,10146,10372,10013,10594,,
WDV,WDV1101,MERI,te_apiti,Wind,Wind,2026-08-24,11600,16748,14836,14568,13955,14044,13350,12159,12119,15560,14869,14487,14813,15321,16705,20270,20002,19070,18737,19748,19831,19159,19213,18323,18096,19199,19659,16789,14330,13487,12367,12459,12924,13592,14060,15768,16704,16556,16045,15592,15025,14746,12513,13292,13018,12602,11985,10394,,
WDV,WDV1101,MERI,te_apiti,Wind,Wind,2026-08-25,11397,10047,9980,10756,10472,9010,7827,7652,7021,6132,5689,6644,8379,8616,8633,8801,7528,6568,6950,7374,8051,8439,8498,8321,9280,8923,8272,8540,8545,8371,9127,9244,9175,9639,10489,11607,10793,9978,10123,8710,9396,9447,9871,10370,10428,9749,8856,8409,,
WDV,WDV1101,MERI,te_apiti,Wind,Wind,2026-08-26,8773,12556,14990,14352,15202,16399,14891,13689,9861,11244,10251,10590,14127,13460,10929,9630,9732,9506,8300,8676,8705,8748,8388,8400,8378,8571,8859,8559,10423,12741,11624,13709,13519,9536,9080,9021,9156,9008,10504,13972,12901,12258,12681,19433,19342,21143,20584,20128,,
WDV,WDV1101,MERI,te_apiti,Wind,Wind,2026-08-27,20690,19806,20245,19461,19951,19209,12431,1860,1792,3921,3273,3894,5489,5448,5810,6561,8679,8530,12214,10817,12850,10501,9670,7946,8405,7816,7887,9629,11556,11391,12024,12601,12349,12835,14942,10842,7821,6961,4342,821,1179,417,0,235,294,0,0,0,,
WDV,WDV1101,MERI,te_apiti,Wind,Wind,2026-08-28,0,206,3087,4316,10312,8645,6919,7753,9088,9780,4662,45,503,1135,1101,1256,2600,4235,1412,2813,3735,15777,20088,22405,19418,21001,18324,21214,22338,20955,19834,23577,21559,22404,25527,24137,20085,19312,18798,17550,16727,13924,13450,12106,14085,14566,17186,17450,,
WDV,WDV1101,MERI,te_apiti,Wind,Wind,2026-08-29,14628,20618,20620,19107,21637,20449,20252,20251,20415,21187,21256,20732,20629,20078,18164,16063,19028,20798,21250,21273,20721,20607,21382,18910,19217,19801,18503,17488,20226,18054,20012,18359,16653,12613,14024,11467,10792,15392,20159,20230,20514,21405,23298,22317,24078,21822,18297,16961,,
WDV,WDV1101,MERI,te_apiti,Wind,Wind,2026-08-30,16794,15439,16685,17394,16605,15625,13524,12229,11969,11786,12300,13086,12960,13112,12414,12369,12280,12518,14227,14242,14642,14548,13402,9782,9420,8937,10933,11024,11233,10664,11777,12092,11740,10278,8909,8580,9300,9512,11681,10958,10607,11047,10937,11427,12422,12142,11796,10936,,
WDV,WDV1101,MERI,te_apiti,Wind,Wind,2026-08-31,11171,11123,14233,11959,12133,12117,11319,9865,9541,10380,11458,12204,10772,12265,12475,9868,6701,7097,6689,5169,362,52,416,16,3,0,0,0,736,33,12,15,156,14,30,303,2134,7179,7862,7933,9741,10347,9686,10277,10461,2958,398,203,,
WHI,WHI2201,CTCT,whirinaki,Diesel,Thrml,2026-08-01,0,0,0,0,0,0,0,0,0,0,0,0,0,0,0,0,0,0,0,0,0,0,0,0,0,0,0,0,0,0,0,0,0,0,0,0,0,0,0,0,0,0,0,0,0,0,0,0,,
WHI,WHI2201,CTCT,whirinaki,Diesel,Thrml,2026-08-02,0,0,0,0,0,0,0,0,0,0,0,0,0,0,0,0,0,0,0,0,0,0,0,0,0,0,0,0,0,0,0,0,0,0,0,0,0,0,0,0,0,0,0,0,0,0,0,0,,
WHI,WHI2201,CTCT,whirinaki,Diesel,Thrml,2026-08-03,0,0,0,0,0,0,0,0,0,0,0,0,0,0,0,0,0,0,0,0,0,0,0,0,0,0,0,0,0,0,0,0,0,0,0,0,0,0,0,0,0,0,0,0,0,0,0,0,,
WHI,WHI2201,CTCT,whirinaki,Diesel,Thrml,2026-08-04,0,0,0,0,0,0,0,0,0,0,0,0,0,0,0,0,0,0,0,0,0,0,0,0,0,0,0,0,0,0,0,0,0,0,0,0,0,0,0,1361,12391,13245,10354,723,0,0,0,0,,
WHI,WHI2201,CTCT,whirinaki,Diesel,Thrml,2026-08-05,0,0,0,0,0,0,0,0,0,0,0,0,0,0,0,0,0,0,0,0,0,0,0,0,0,0,0,0,0,0,0,0,0,0,0,0,0,0,0,0,0,0,0,0,0,0,0,0,,
WHI,WHI2201,CTCT,whirinaki,Diesel,Thrml,2026-08-06,0,0,0,0,0,0,0,0,0,0,0,0,0,0,751,15014,11667,1539,0,0,0,0,0,0,0,0,0,0,0,0,0,0,0,0,0,0,0,0,0,0,0,0,0,0,0,0,0,0,,
WHI,WHI2201,CTCT,whirinaki,Diesel,Thrml,2026-08-07,0,0,0,0,0,0,0,0,0,0,0,0,0,0,1236,8576,2906,0,0,0,0,0,0,0,0,0,0,0,0,0,0,0,0,0,0,0,0,0,0,0,0,0,0,0,0,0,0,0,,
WHI,WHI2201,CTCT,whirinaki,Diesel,Thrml,2026-08-08,0,0,0,0,0,0,0,0,0,0,0,0,0,0,0,0,0,0,0,0,0,0,0,0,0,0,0,0,0,0,0,0,0,0,0,0,0,0,0,0,0,0,0,0,0,0,0,0,,
WHI,WHI2201,CTCT,whirinaki,Diesel,Thrml,2026-08-09,0,0,0,0,0,0,0,0,0,0,0,0,0,0,0,0,0,0,0,0,0,0,0,0,0,0,0,0,0,0,0,0,0,0,0,0,0,0,0,0,0,0,0,0,0,0,0,0,,
WHI,WHI2201,CTCT,whirinaki,Diesel,Thrml,2026-08-10,0,0,0,0,0,0,0,0,0,0,0,0,0,0,0,0,0,0,0,0,0,0,0,0,0,0,0,0,0,0,0,0,0,0,0,0,0,0,0,0,0,0,0,0,0,0,0,0,,
WHI,WHI2201,CTCT,whirinaki,Diesel,Thrml,2026-08-11,0,0,0,0,0,0,0,0,0,0,0,0,0,0,0,0,0,0,0,0,0,0,0,0,0,0,0,0,0,0,0,0,0,0,0,0,0,0,0,0,0,0,0,0,0,0,0,0,,
WHI,WHI2201,CTCT,whirinaki,Diesel,Thrml,2026-08-12,0,0,0,0,0,0,0,0,0,0,0,0,0,0,0,0,0,0,0,0,0,0,0,0,0,0,0,0,0,0,0,0,0,0,0,0,0,0,0,0,0,0,0,0,0,0,0,0,,
WHI,WHI2201,CTCT,whirinaki,Diesel,Thrml,2026-08-13,0,0,0,0,0,0,0,0,0,0,0,0,0,0,0,0,0,0,0,0,0,0,0,0,0,0,0,0,0,0,0,0,0,0,0,0,0,0,0,0,0,0,0,0,0,0,0,0,,
WHI,WHI2201,CTCT,whirinaki,Diesel,Thrml,2026-08-14,0,0,0,0,0,0,0,0,0,0,0,0,0,0,0,0,0,0,0,0,0,0,0,0,0,0,0,0,0,0,0,0,0,0,0,0,0,0,0,0,0,0,0,0,0,0,0,0,,
WHI,WHI2201,CTCT,whirinaki,Diesel,Thrml,2026-08-15,0,0,0,0,0,0,0,0,0,0,0,0,0,0,0,0,0,0,0,0,0,0,0,0,0,0,0,0,0,0,0,0,0,0,0,0,0,0,0,0,0,0,0,0,0,0,0,0,,
WHI,WHI2201,CTCT,whirinaki,Diesel,Thrml,2026-08-16,0,0,0,0,0,0,0,0,0,0,0,0,0,0,0,0,0,0,0,0,0,0,0,0,0,0,0,0,0,0,0,0,0,0,0,0,0,0,0,0,0,0,0,0,0,0,0,0,,
WHI,WHI2201,CTCT,whirinaki,Diesel,Thrml,2026-08-17,0,0,0,0,0,0,0,0,0,0,0,0,0,0,0,0,0,0,0,0,0,0,0,0,0,0,0,0,0,0,0,0,0,0,0,0,0,0,0,0,0,0,0,0,0,0,0,0,,
WHI,WHI2201,CTCT,whirinaki,Diesel,Thrml,2026-08-18,0,0,0,0,0,0,0,0,0,0,0,0,0,0,0,0,0,0,0,0,0,0,0,0,0,0,0,0,0,0,0,0,0,0,0,0,0,0,0,0,0,0,0,0,0,0,0,0,,
WHI,WHI2201,CTCT,whirinaki,Diesel,Thrml,2026-08-19,0,0,0,0,0,0,0,0,0,0,0,0,0,0,0,0,0,0,0,0,0,0,0,0,0,0,0,0,0,0,0,0,0,0,0,0,0,0,0,0,0,0,0,0,0,0,0,0,,
WHI,WHI2201,CTCT,whirinaki,Diesel,Thrml,2026-08-20,0,0,0,0,0,0,0,0,0,0,0,0,0,0,794,4981,426,0,0,0,0,0,0,0,0,0,0,0,0,0,0,0,0,0,0,0,0,0,0,0,0,0,0,0,0,0,0,0,,
WHI,WHI2201,CTCT,whirinaki,Diesel,Thrml,2026-08-21,0,0,0,0,0,0,0,0,0,0,0,0,0,0,0,0,0,0,0,0,0,0,0,0,0,0,0,0,0,0,0,0,0,0,0,0,0,0,0,0,0,0,0,0,0,0,0,0,,
WHI,WHI2201,CTCT,whirinaki,Diesel,Thrml,2026-08-22,0,0,0,0,0,0,0,0,0,0,0,0,0,0,0,0,0,0,0,0,0,0,0,0,0,0,0,0,0,0,0,0,0,0,0,0,0,0,0,0,0,0,0,0,0,0,0,0,,
WHI,WHI2201,CTCT,whirinaki,Diesel,Thrml,2026-08-23,0,0,0,0,0,0,0,0,0,0,0,0,0,0,0,0,0,0,0,0,0,0,0,0,0,0,0,0,0,0,0,0,0,0,0,0,0,0,0,0,0,0,0,0,0,0,0,0,,
WHI,WHI2201,CTCT,whirinaki,Diesel,Thrml,2026-08-24,0,0,0,0,0,0,0,0,0,0,0,0,0,0,0,0,0,0,0,0,0,0,0,0,0,0,0,0,0,0,0,0,0,0,0,0,0,0,0,0,0,0,0,0,0,0,0,0,,
WHI,WHI2201,CTCT,whirinaki,Diesel,Thrml,2026-08-25,0,0,0,0,0,0,0,0,0,0,0,0,0,0,0,0,0,0,0,0,0,0,0,0,0,0,0,0,0,0,0,0,0,0,0,0,0,0,0,0,0,0,0,0,0,0,0,0,,
WHI,WHI2201,CTCT,whirinaki,Diesel,Thrml,2026-08-26,0,0,0,0,0,0,0,0,0,0,0,0,0,0,0,0,0,0,0,0,0,0,0,0,0,0,0,0,0,0,0,0,0,0,0,0,0,0,0,0,0,0,0,0,0,0,0,0,,
WHI,WHI2201,CTCT,whirinaki,Diesel,Thrml,2026-08-27,0,0,0,0,0,0,0,0,0,0,0,0,0,0,0,0,0,0,0,0,0,0,0,0,0,0,0,0,0,0,0,0,0,0,0,0,0,0,0,0,0,0,0,0,0,0,0,0,,
WHI,WHI2201,CTCT,whirinaki,Diesel,Thrml,2026-08-28,0,0,0,0,0,0,0,0,0,0,0,0,0,0,0,0,0,0,0,0,0,0,0,0,0,0,0,0,0,0,0,0,0,0,0,0,0,0,0,0,0,0,0,0,0,0,0,0,,
WHI,WHI2201,CTCT,whirinaki,Diesel,Thrml,2026-08-29,0,0,0,0,0,0,0,0,0,0,0,0,0,0,0,0,0,0,0,0,0,0,0,0,0,0,0,0,0,0,0,0,0,0,0,0,0,0,0,0,0,0,0,0,0,0,0,0,,
WHI,WHI2201,CTCT,whirinaki,Diesel,Thrml,2026-08-30,0,0,0,0,0,0,0,0,0,0,0,0,0,0,0,0,0,0,0,0,0,0,0,0,0,0,0,0,0,0,0,0,0,0,0,0,0,0,0,0,0,0,0,0,0,0,0,0,,
WHI,WHI2201,CTCT,whirinaki,Diesel,Thrml,2026-08-31,0,0,0,0,0,0,0,0,0,0,0,0,0,0,0,0,0,0,0,0,0,0,0,0,0,0,0,0,0,0,0,0,0,0,0,0,0,0,0,0,0,0,0,0,0,0,0,0,,
WHU,WHU1101,HENZ,tauhei_solar_farm,SOL,PV,2026-08-01,0,0,0,0,0,0,0,0,0,0,0,0,0,0,54,1277,3506,3512,3513,3513,3516,3516,3517,3520,3520,3520,3521,3519,3520,3520,3517,3517,3517,2610,650,0,0,0,0,0,0,0,0,0,0,0,0,0,,
WHU,WHU1101,HENZ,tauhei_solar_farm,SOL,PV,2026-08-02,0,0,0,0,0,0,0,0,0,0,0,0,0,0,36,1440,3518,3521,3522,3521,3520,3520,3520,3519,3521,3522,3520,3520,3520,3520,3520,3518,3519,3356,916,0,0,0,0,0,0,0,0,0,0,0,0,0,,
WHU,WHU1101,HENZ,tauhei_solar_farm,SOL,PV,2026-08-03,0,0,0,0,0,0,0,0,0,0,0,0,0,0,54,971,2313,3394,6519,27051,27463,46957,40337,45564,39643,25828,29283,46954,41573,41384,27860,9985,10870,7122,2102,0,0,0,0,0,0,0,0,0,0,0,0,0,,
WHU,WHU1101,HENZ,tauhei_solar_farm,SOL,PV,2026-08-04,0,0,0,0,0,0,0,0,0,0,0,0,0,0,0,0,0,0,0,0,0,0,8058,16240,24635,19960,35374,25668,18463,15518,14110,21907,4916,5467,1140,0,0,0,0,0,0,0,0,0,0,0,0,0,,
WHU,WHU1101,HENZ,tauhei_solar_farm,SOL,PV,2026-08-05,0,0,0,0,0,0,0,0,0,0,0,0,0,0,244,2925,14808,23398,36121,46954,52953,57655,61184,60334,48996,44578,45834,41030,51159,33724,36732,28641,19628,9869,2200,0,0,0,0,0,0,0,0,0,0,0,0,0,,
WHU,WHU1101,HENZ,tauhei_solar_farm,SOL,PV,2026-08-06,0,0,0,0,0,0,0,0,0,0,0,0,0,0,239,3597,15362,24283,37974,48145,54027,58828,62484,64467,63802,62099,60835,58020,53696,47898,40581,27824,18992,9846,2179,0,0,0,0,0,0,0,0,0,0,0,0,0,,
WHU,WHU1101,HENZ,tauhei_solar_farm,SOL,PV,2026-08-07,0,0,0,0,0,0,0,0,0,0,0,0,0,0,306,3992,15646,25192,39598,49385,55948,60657,64077,65469,65869,65662,64317,63263,58228,47903,30132,12439,9816,4311,1044,0,0,0,0,0,0,0,0,0,0,0,0,0,,
WHU,WHU1101,HENZ,tauhei_solar_farm,SOL,PV,2026-08-08,0,0,0,0,0,0,0,0,0,0,0,0,0,0,485,2854,6040,8228,24439,42121,48842,32570,47770,54432,29817,36439,34101,23032,25923,44618,33571,15123,11603,6323,1366,0,0,0,0,0,0,0,0,0,0,0,0,0,,
WHU,WHU1101,HENZ,tauhei_solar_farm,SOL,PV,2026-08-09,0,0,0,0,0,0,0,0,0,0,0,0,0,0,73,1498,3188,4484,4280,3865,5693,9692,16153,14747,20626,27795,24037,22603,24965,16832,14558,9505,2958,751,31,0,0,0,0,0,0,0,0,0,0,0,0,0,,
WHU,WHU1101,HENZ,tauhei_solar_farm,SOL,PV,2026-08-10,0,0,0,0,0,0,0,0,0,0,0,0,0,0,48,2077,5856,10547,18673,20466,23945,38369,40321,38710,25179,18665,18751,25126,16332,28855,47962,35420,20968,10992,2592,0,0,0,0,0,0,0,0,0,0,0,0,0,,
WHU,WHU1101,HENZ,tauhei_solar_farm,SOL,PV,2026-08-11,0,0,0,0,0,0,0,0,0,0,0,0,0,0,325,4087,12181,15002,13978,18353,15238,26059,24588,24495,25832,33788,57645,65969,59802,54586,38051,22960,11719,4371,932,0,0,0,0,0,0,0,0,0,0,0,0,0,,
WHU,WHU1101,HENZ,tauhei_solar_farm,SOL,PV,2026-08-12,0,0,0,0,0,0,0,0,0,0,0,0,0,0,762,3856,4230,9792,16828,22464,22472,22474,24455,62244,57301,49606,48250,30344,19139,13921,11247,12226,5834,2773,894,0,0,0,0,0,0,0,0,0,0,0,0,0,,
WHU,WHU1101,HENZ,tauhei_solar_farm,SOL,PV,2026-08-13,0,0,0,0,0,0,0,0,0,0,0,0,0,0,50,673,2532,9164,28740,21106,15289,17756,22053,19661,24520,33533,40410,29730,22413,27897,17135,11797,6679,3324,823,0,0,0,0,0,0,0,0,0,0,0,0,0,,
WHU,WHU1101,HENZ,tauhei_solar_farm,SOL,PV,2026-08-14,0,0,0,0,0,0,0,0,0,0,0,0,0,0,513,3376,5089,8322,21355,4466,0,0,0,0,0,0,0,10732,22066,26174,18651,20443,20864,12015,2792,0,0,0,0,0,0,0,0,0,0,0,0,0,,
WHU,WHU1101,HENZ,tauhei_solar_farm,SOL,PV,2026-08-15,0,0,0,0,0,0,0,0,0,0,0,0,0,0,539,5086,7853,11609,35694,55665,59739,54270,54769,51041,59342,66331,61790,49348,32321,32799,30501,7921,10790,2654,2186,0,0,0,0,0,0,0,0,0,0,0,0,0,,
WHU,WHU1101,HENZ,tauhei_solar_farm,SOL,PV,2026-08-16,0,0,0,0,0,0,0,0,0,0,0,0,0,0,286,3894,9930,5022,3536,6443,6257,9789,12835,16148,9012,15144,29872,19665,21026,14054,16601,5488,2020,682,0,0,0,0,0,0,0,0,0,0,0,0,0,0,,
WHU,WHU1101,HENZ,tauhei_solar_farm,SOL,PV,2026-08-17,0,0,0,0,0,0,0,0,0,0,0,0,0,0,863,4217,16820,32803,44803,53870,60048,35932,51424,40973,62278,37953,64511,70426,67784,61326,52856,42408,27477,14594,4390,230,0,0,0,0,0,0,0,0,0,0,0,0,,
WHU,WHU1101,HENZ,tauhei_solar_farm,SOL,PV,2026-08-18,0,0,0,0,0,0,0,0,0,0,0,0,0,0,870,10333,21362,37070,47639,55919,62635,67378,69045,69606,68692,68975,69320,68632,63084,53426,40958,44354,26658,14374,4455,272,0,0,0,0,0,0,0,0,0,0,0,0,,
WHU,WHU1101,HENZ,tauhei_solar_farm,SOL,PV,2026-08-19,0,0,0,0,0,0,0,0,0,0,0,0,0,0,0,0,0,0,0,0,0,0,0,0,0,0,0,0,0,0,0,0,0,0,0,0,0,0,0,0,0,0,0,0,0,0,0,0,,
WHU,WHU1101,HENZ,tauhei_solar_farm,SOL,PV,2026-08-20,0,0,0,0,0,0,0,0,0,0,0,0,0,0,0,0,0,0,0,0,0,0,0,0,0,0,0,0,0,0,0,0,0,0,0,0,0,0,0,0,0,0,0,0,0,0,0,0,,
WHU,WHU1101,HENZ,tauhei_solar_farm,SOL,PV,2026-08-21,0,0,0,0,0,0,0,0,0,0,0,0,0,0,0,0,0,0,0,0,0,0,0,0,0,0,0,0,0,0,0,0,0,0,0,0,0,0,0,0,0,0,0,0,0,0,0,0,,
WHU,WHU1101,HENZ,tauhei_solar_farm,SOL,PV,2026-08-22,0,0,0,0,0,0,0,0,0,0,0,0,0,0,0,0,0,0,0,0,0,0,0,0,0,0,0,0,0,0,0,0,0,0,0,0,0,0,0,0,0,0,0,0,0,0,0,0,,
WHU,WHU1101,HENZ,tauhei_solar_farm,SOL,PV,2026-08-23,0,0,0,0,0,0,0,0,0,0,0,0,0,0,0,0,0,0,0,0,0,0,0,0,0,0,0,0,0,0,0,0,0,0,0,0,0,0,0,0,0,0,0,0,0,0,0,0,,
WHU,WHU1101,HENZ,tauhei_solar_farm,SOL,PV,2026-08-24,0,0,0,0,0,0,0,0,0,0,0,0,0,0,0,0,0,0,0,0,0,0,0,0,0,0,0,0,0,0,0,0,0,0,0,0,0,0,0,0,0,0,0,0,0,0,0,0,,
WHU,WHU1101,HENZ,tauhei_solar_farm,SOL,PV,2026-08-25,0,0,0,0,0,0,0,0,0,0,0,0,0,0,0,0,0,0,0,0,0,0,0,0,0,0,0,0,0,0,0,0,0,0,0,0,0,0,0,0,0,0,0,0,0,0,0,0,,
WHU,WHU1101,HENZ,tauhei_solar_farm,SOL,PV,2026-08-26,0,0,0,0,0,0,0,0,0,0,0,0,0,0,0,0,0,0,0,0,0,0,0,0,0,0,0,0,0,0,0,0,0,0,0,0,0,0,0,0,0,0,0,0,0,0,0,0,,
WHU,WHU1101,HENZ,tauhei_solar_farm,SOL,PV,2026-08-27,0,0,0,0,0,0,0,0,0,0,0,0,0,0,0,0,0,0,0,0,0,0,0,0,0,0,0,0,0,0,0,0,0,0,0,0,0,0,0,0,0,0,0,0,0,0,0,0,,
WHU,WHU1101,HENZ,tauhei_solar_farm,SOL,PV,2026-08-28,0,0,0,0,0,0,0,0,0,0,0,0,0,0,0,0,0,0,0,0,0,0,0,0,0,0,0,0,0,0,0,0,0,0,0,0,0,0,0,0,0,0,0,0,0,0,0,0,,
WHU,WHU1101,HENZ,tauhei_solar_farm,SOL,PV,2026-08-29,0,0,0,0,0,0,0,0,0,0,0,0,0,0,0,0,0,0,0,0,0,0,0,0,0,0,0,0,0,0,0,0,0,0,0,0,0,0,0,0,0,0,0,0,0,0,0,0,,
WHU,WHU1101,HENZ,tauhei_solar_farm,SOL,PV,2026-08-30,0,0,0,0,0,0,0,0,0,0,0,0,0,0,0,0,0,0,0,0,0,0,0,0,0,0,0,0,0,0,0,0,0,0,0,0,0,0,0,0,0,0,0,0,0,0,0,0,,
WHU,WHU1101,HENZ,tauhei_solar_farm,SOL,PV,2026-08-31,0,0,0,0,0,0,0,0,0,0,0,0,0,0,0,0,0,0,0,0,0,0,0,0,0,0,0,0,0,0,0,0,0,0,0,0,0,0,0,0,0,0,0,0,0,0,0,0,,
WIL,WIL0331,CKHK,mill_creek,Wind,Wind,2026-08-01,16744,9538,17011,23703,24783,24437,24192,19622,20163,19243,20568,22792,26353,26430,26652,24514,22059,20734,22816,23691,24186,22877,24745,25402,20190,20678,19895,21042,21233,20986,17112,18781,17819,17047,18040,15808,18709,16527,8558,8944,5982,5536,2495,1119,271,0,0,0,,
WIL,WIL0331,CKHK,mill_creek,Wind,Wind,2026-08-02,0,0,0,642,1477,2112,5431,7168,6017,5056,4768,3278,2893,2994,2538,2140,1514,2206,2072,1562,2148,2201,2917,2863,2660,3509,4090,3744,4519,6044,7772,7064,10626,11633,13316,18582,20953,20422,17762,17971,18031,20497,22384,18452,18525,19739,18354,17674,,
WIL,WIL0331,CKHK,mill_creek,Wind,Wind,2026-08-03,17658,17123,18565,21116,18967,20916,16455,7303,5333,10037,7106,9598,10140,9880,6141,4301,4727,3877,3917,7905,14110,12571,14469,13963,16007,11361,8864,9090,14842,21372,23996,24448,22803,21468,24102,18170,12302,15853,9514,9859,3493,3313,1409,765,349,103,0,951,,
WIL,WIL0331,CKHK,mill_creek,Wind,Wind,2026-08-04,3370,5582,9822,12170,19503,19802,22975,20491,22483,24201,24132,21087,21471,21645,23362,25042,22096,21711,24503,27586,27741,27509,26791,27503,27004,26494,27208,27396,25921,25489,26086,25306,24623,23777,24632,23859,27192,24800,25221,26337,26745,26375,27275,27571,27085,26911,27361,27579,,
WIL,WIL0331,CKHK,mill_creek,Wind,Wind,2026-08-05,27377,27149,26856,26211,23828,23431,22021,21133,21527,19324,22102,22005,21921,22786,24104,23389,24898,25000,24393,24735,23411,24112,22739,16604,17789,12748,12913,12590,10229,13026,12535,12169,9953,8915,7482,11277,7111,10582,6533,5471,7454,5816,6290,4938,6183,5372,4209,2495,,
WIL,WIL0331,CKHK,mill_creek,Wind,Wind,2026-08-06,1671,1251,1432,1682,1848,1716,2414,2262,1897,1212,1248,858,664,799,1240,1167,1209,666,120,0,0,0,0,0,0,0,0,0,0,0,0,197,787,826,1150,856,1141,1000,1259,856,1571,2014,1988,2048,2571,2884,4539,4379,,
WIL,WIL0331,CKHK,mill_creek,Wind,Wind,2026-08-07,3452,4108,5421,5037,5616,5888,7509,8664,9843,11080,12399,12908,11395,12726,14594,12508,13484,14763,14736,16856,17756,17785,19685,20536,16985,21905,23980,23148,22941,22769,23364,19881,19468,19440,21198,20634,16667,15596,15937,12108,15505,11153,9673,13436,11563,10922,17301,17184,,
WIL,WIL0331,CKHK,mill_creek,Wind,Wind,2026-08-08,15235,18655,13474,14471,13243,14607,14781,14931,14911,14434,19124,14087,11447,12357,14030,14798,17061,16268,19385,14642,15097,13154,9524,9023,7145,10812,9517,9449,8421,7116,5538,7854,6015,4976,4101,4438,5784,4169,4158,4284,4169,2831,2630,1916,2744,4097,3736,4469,,
WIL,WIL0331,CKHK,mill_creek,Wind,Wind,2026-08-09,6345,9340,11694,10776,11957,11499,10154,12229,11886,14749,15798,17591,17170,16202,16043,12880,9795,9449,16118,25894,27309,26949,23789,26301,24730,17051,18597,21022,21117,21600,24147,17634,16212,16029,11672,18059,23499,25426,24313,24337,26433,24914,22316,22250,24690,24303,25512,24681,,
WIL,WIL0331,CKHK,mill_creek,Wind,Wind,2026-08-10,21307,11909,9317,13633,11609,13011,8592,7628,5503,10409,8627,11284,8430,8189,10315,9580,5260,3735,2585,1068,21,0,0,0,0,0,0,0,230,2226,2748,2983,3901,2992,3070,4746,4796,6712,8068,7717,7302,6110,7529,9945,8795,6232,13901,10878,,
WIL,WIL0331,CKHK,mill_creek,Wind,Wind,2026-08-11,5680,7560,5878,6431,11068,10391,9139,6690,7441,8229,8652,6880,4825,3628,3433,2736,2958,3477,3749,5817,5611,4292,5288,5269,3667,3689,2880,1839,2702,2732,894,1846,2764,4047,3648,3508,2563,2193,2742,4447,3477,4474,5345,4857,3139,4128,4679,3750,,
WIL,WIL0331,CKHK,mill_creek,Wind,Wind,2026-08-12,3519,2746,2872,1970,836,0,0,0,0,0,0,0,0,0,0,20,24,0,0,0,36,33,342,241,39,0,0,0,0,0,0,0,0,0,0,0,0,5,139,1608,3059,1817,2208,2725,3572,3944,5578,6460,,
WIL,WIL0331,CKHK,mill_creek,Wind,Wind,2026-08-13,7613,8160,8073,8653,8149,7324,6456,7649,9072,9011,10422,8565,7218,6930,7169,7389,7161,6955,8289,7762,7737,10072,9076,8484,8959,10535,10464,8663,8006,7732,7104,4826,5641,8175,6966,7950,6214,6321,4310,3333,2766,2716,1529,1610,1371,1260,1180,943,,
WIL,WIL0331,CKHK,mill_creek,Wind,Wind,2026-08-14,539,458,314,0,0,0,0,0,0,0,0,0,345,765,916,720,1429,3426,4575,4113,3711,2813,2280,2620,6570,8276,8147,7874,5551,4147,2418,851,148,358,800,1438,1551,1248,1717,2133,2568,659,681,744,322,109,309,445,,
WIL,WIL0331,CKHK,mill_creek,Wind,Wind,2026-08-15,801,734,261,20,249,361,70,56,151,5,0,117,663,628,674,1678,605,59,20,0,0,0,0,452,1039,1193,1291,3011,8471,10293,13141,17358,21456,25089,27250,27988,28385,27361,26241,25075,25829,26797,26000,26840,27061,28670,27777,27997,,
WIL,WIL0331,CKHK,mill_creek,Wind,Wind,2026-08-16,28224,28334,28139,27775,28188,28213,28252,27263,26166,26771,26972,27042,27060,27054,27244,27229,27181,26457,26743,26288,26977,26843,26935,25864,28150,28069,27886,28154,28002,28145,28341,28394,28553,28399,28388,28369,28442,28238,28173,28288,27664,27670,27784,27291,27815,28187,27714,27975,,
WIL,WIL0331,CKHK,mill_creek,Wind,Wind,2026-08-17,26754,25882,26760,26289,26799,25756,25761,24535,20596,17569,16447,21900,17045,14362,16425,13288,11309,13264,16255,9911,9813,6403,10172,9228,7311,9612,11430,10582,9781,10302,8225,7682,6924,5236,4083,3568,4908,5852,4540,3732,2678,2982,2388,2147,2483,2265,2199,1516,,
WIL,WIL0331,CKHK,mill_creek,Wind,Wind,2026-08-18,1758,1007,843,1465,2255,1390,1166,1435,2975,6282,10875,19603,23562,17247,6843,11164,15681,18250,20580,20344,20853,25603,27138,26874,26976,27209,28019,27988,27661,27903,27815,27517,27908,28307,28088,27822,27780,27467,27247,28386,28388,28572,28413,28236,28624,28182,28032,26919,,
WIL,WIL0331,CKHK,mill_creek,Wind,Wind,2026-08-19,26619,27585,27936,28340,28076,28118,28084,26538,27416,27545,24442,25597,25443,25458,22705,26509,25738,23471,24495,24666,25454,23368,19725,16025,8749,15250,17854,16920,15597,12806,16957,23793,22157,21077,17713,18857,17716,14553,11586,13393,10197,8746,8130,8274,5515,4030,3515,2490,,
WIL,WIL0331,CKHK,mill_creek,Wind,Wind,2026-08-20,1872,1212,460,512,764,188,341,160,2858,1287,1310,1010,505,629,362,218,493,11,0,0,0,0,0,0,0,0,0,0,0,0,0,0,0,0,317,366,780,1397,2218,2689,3056,2454,1844,1132,1174,1314,1272,1239,,
WIL,WIL0331,CKHK,mill_creek,Wind,Wind,2026-08-21,1045,1821,1186,1713,1521,881,796,851,512,356,20,471,203,0,0,52,657,1574,1478,1164,2218,5351,6215,6955,12534,13294,14035,14478,15279,18973,19325,20269,20062,23040,23127,24330,25860,25875,26360,27623,28264,28358,27828,27443,27043,24248,25602,26929,,
WIL,WIL0331,CKHK,mill_creek,Wind,Wind,2026-08-22,27077,27088,28094,28485,28717,28672,28676,28234,27893,28151,28123,28345,27657,27766,26914,27542,27789,28131,28161,27617,27705,28337,27999,27591,28207,28184,28224,27824,28003,28042,27732,24580,25350,27677,27277,27432,27468,26506,26830,26821,27203,25778,22964,23226,25611,23171,23439,22686,,
WIL,WIL0331,CKHK,mill_creek,Wind,Wind,2026-08-23,21856,21280,21790,21680,20591,22039,22611,19918,15592,15160,12210,12300,7069,2300,3154,10373,18918,20121,20612,20636,21482,23585,23699,23369,22969,23282,22762,21784,20096,12972,16791,21542,25008,22287,18500,15001,20483,22979,16503,17614,23248,24532,19515,19186,23131,17276,15838,11718,,
WIL,WIL0331,CKHK,mill_creek,Wind,Wind,2026-08-24,6315,5853,6027,2777,3238,3657,4186,1709,1524,1137,618,207,252,627,1102,410,62,342,4178,9968,14347,15542,20733,24130,22045,20983,23062,25923,25884,23934,24704,24199,25291,27597,27020,24687,22570,22357,23338,18911,26270,26303,25263,27545,27999,27586,28231,28558,,
WIL,WIL0331,CKHK,mill_creek,Wind,Wind,2026-08-25,29069,28549,28746,28379,27598,26383,25213,25587,22562,27510,28692,27958,28039,27170,27575,27419,22561,20405,21169,24796,25118,23284,23793,23939,20333,18707,18450,20847,19250,19689,21292,23136,23054,21775,19522,21079,18860,17851,20469,19664,19811,23289,21472,25132,26508,26085,25293,23456,,
WIL,WIL0331,CKHK,mill_creek,Wind,Wind,2026-08-26,23531,26116,25588,26475,24768,28539,24659,10923,20648,16520,15631,12536,10427,15993,24159,25879,24603,23907,25447,26358,24057,25889,25605,23812,25878,26825,27060,27712,27775,28024,27594,27199,26657,26462,26621,26558,27005,27752,27761,26297,26217,24649,19963,11985,3644,5354,6610,14570,,
WIL,WIL0331,CKHK,mill_creek,Wind,Wind,2026-08-27,12389,10341,10920,10842,10901,10871,11600,5699,6570,5777,6849,5261,6558,5735,5106,4023,4053,2796,1680,2406,3734,4223,3178,2897,482,548,75,0,0,93,665,1664,2262,3229,5571,6623,4319,8383,14574,13811,18267,15009,14151,13083,15706,17304,18825,22128,,
WIL,WIL0331,CKHK,mill_creek,Wind,Wind,2026-08-28,25953,25498,26722,26265,25232,27238,26277,26664,27019,26945,27459,27594,27627,27445,27647,27601,27562,27430,26952,27504,28195,28102,27685,27695,27311,26478,26427,27528,27996,27903,28166,27409,27452,27635,28322,28324,28461,27670,28478,28305,27785,27330,26737,26525,28604,28375,27218,26143,,
WIL,WIL0331,CKHK,mill_creek,Wind,Wind,2026-08-29,26463,23480,20957,20123,22219,16468,18036,20431,23247,17316,8053,9933,17162,20513,18361,24817,23396,22586,26543,24715,24284,19232,20231,23538,28053,28563,28156,26914,26829,25638,25699,22494,23245,20160,21402,22822,21991,25151,26564,25627,26050,25614,26168,26625,25018,25373,22288,16349,,
WIL,WIL0331,CKHK,mill_creek,Wind,Wind,2026-08-30,20610,21591,23182,23282,23963,18305,4800,4535,245,56,1025,3273,8888,10890,8698,17206,20940,19262,12013,11081,12430,16967,23345,22776,17618,26602,26746,26180,26479,26008,27883,28043,27842,28151,27231,25830,20962,17897,18024,14826,20932,19491,12398,5623,4831,5508,3639,2076,,
WIL,WIL0331,CKHK,mill_creek,Wind,Wind,2026-08-31,312,2176,13275,22728,25795,26583,27639,25743,25791,27105,27156,28112,28666,28515,27779,27539,26429,25381,25926,25478,26069,26436,26643,26897,26846,26216,11349,8175,3339,3700,3214,5271,17101,23460,9680,11646,6818,8255,8433,17283,15236,15679,14009,11643,6916,9143,8231,8323,,
WKM,WKM2201,MRPL,whakamaru,Hydro,Hydro,2026-08-01,15300,27390,25580,25780,21070,14640,15570,15620,15670,15110,15270,21340,29090,45370,45570,46820,46530,46800,46800,46630,46610,45950,42470,36070,29580,30160,28700,27740,26430,29410,30750,31020,31310,38740,47840,61390,62190,62480,61340,61280,59310,61090,46360,43530,42990,45880,44640,45490,,
WKM,WKM2201,MRPL,whakamaru,Hydro,Hydro,2026-08-02,30950,29720,30530,15480,15470,15130,15250,15390,15410,15400,15220,15370,27040,30710,44050,46610,46760,46590,46780,46770,45200,32400,31250,29240,27730,24710,22760,22750,22730,22970,22610,30630,30640,30930,43110,58660,62280,59720,45780,45900,45860,45990,46160,38160,30280,29930,30420,25450,,
WKM,WKM2201,MRPL,whakamaru,Hydro,Hydro,2026-08-03,14470,12670,0,0,0,0,0,0,0,0,1330,15000,25770,39800,54380,60300,61220,60830,46550,30400,26850,25370,11000,0,0,0,0,0,0,2690,18390,47130,55150,60960,60960,61010,60530,61460,60240,59350,51310,40340,26690,25010,24790,26200,25690,21720,,
WKM,WKM2201,MRPL,whakamaru,Hydro,Hydro,2026-08-04,11380,2030,0,0,0,0,6050,14200,15390,13870,15390,23140,30520,41250,56960,61480,62120,61600,61300,60930,61070,61070,60220,47110,36940,30600,29120,33700,45940,45550,46670,61170,61570,62090,62260,62090,62220,62140,62010,62270,62280,62070,62230,62310,59290,49700,46140,37400,,
WKM,WKM2201,MRPL,whakamaru,Hydro,Hydro,2026-08-05,37000,23180,15750,15380,15370,15410,15420,15380,15410,22720,31100,42730,57070,62240,60840,62100,62350,62210,61440,61200,62330,62460,61110,61550,61450,61070,61130,60420,55640,48630,51830,58390,60800,61340,61270,61800,61790,61980,61870,62090,62040,61930,62190,62220,62060,62310,62260,55810,,
WKM,WKM2201,MRPL,whakamaru,Hydro,Hydro,2026-08-06,46380,45320,45920,45850,12580,0,0,10190,15440,22790,38360,45380,58850,59230,61770,61840,61880,61780,61470,61450,61240,61490,61290,61270,61280,61290,61310,61330,53460,41700,43390,44480,57550,61740,61720,61660,59520,57550,57210,57390,57220,57280,57330,57240,57300,57480,55300,42990,,
WKM,WKM2201,MRPL,whakamaru,Hydro,Hydro,2026-08-07,43070,30280,26170,17350,15420,15380,15420,15360,27710,30650,29680,51270,51080,51300,60800,61700,61830,62010,60170,61410,60150,59960,59580,48890,44410,44540,44410,44940,44280,45990,45930,45870,44530,57940,57980,61710,62220,62320,62240,61380,61320,59340,59160,59270,59350,45180,44590,31110,,
WKM,WKM2201,MRPL,whakamaru,Hydro,Hydro,2026-08-08,30620,30730,30700,30710,30680,29700,25770,25730,25740,25690,25750,25740,25710,29940,44360,45700,42270,41550,43940,44290,45750,46560,46420,46880,46730,46670,39000,35810,35590,35280,36510,42600,44480,52620,62100,62320,62160,62000,59400,59410,59320,59230,59210,45060,44570,44610,30510,29740,,
WKM,WKM2201,MRPL,whakamaru,Hydro,Hydro,2026-08-09,29590,15250,14900,14540,14430,14420,14400,14270,14550,14430,14880,15320,15460,16280,42880,45920,45980,46010,37000,45900,46040,44470,40230,39860,38690,37150,33440,27220,28660,28750,28940,28590,30350,33030,45690,56060,59090,51430,59380,60150,61380,59710,46120,38050,35770,30250,23000,14920,,
WKM,WKM2201,MRPL,whakamaru,Hydro,Hydro,2026-08-10,12840,2390,14030,14420,15260,14800,14460,9610,5810,14730,14750,28020,30720,43790,59270,61970,62250,61900,53300,39510,30800,20950,12460,14880,19070,30140,28200,28310,24420,23120,14240,28090,37090,37680,36670,47760,49570,61230,61410,61340,61240,61290,61440,42860,29820,29690,29830,29660,,
WKM,WKM2201,MRPL,whakamaru,Hydro,Hydro,2026-08-11,29700,29700,29660,15240,14910,5160,0,0,0,0,0,17150,46880,58870,60120,62180,61820,61550,57210,46110,46040,45980,46040,45860,46140,45170,45420,42520,44620,45920,46300,45400,44250,47780,61150,61530,61600,62260,59340,60070,52940,52400,49220,31430,30710,25570,25620,15340,,
WKM,WKM2201,MRPL,whakamaru,Hydro,Hydro,2026-08-12,15410,15410,15380,15360,12850,14920,15370,15370,15420,15380,15280,22740,39670,57000,61240,61220,62290,60930,58010,45970,45650,44450,44290,29970,30530,29770,29620,30660,30060,29710,36240,45810,46210,45980,46030,60280,62120,61970,48440,56550,52350,43180,44280,41520,45790,45910,29380,24830,,
WKM,WKM2201,MRPL,whakamaru,Hydro,Hydro,2026-08-13,24700,28020,27680,24930,22880,22750,22780,22720,24800,24720,30530,30660,28640,34810,53100,62420,62060,59030,43830,41750,44790,45730,46680,45040,33940,31090,30980,31810,42210,45480,45960,45470,47180,58700,60040,62480,62160,62430,60780,59320,44620,44570,44680,44440,44440,44460,30810,30220,,
WKM,WKM2201,MRPL,whakamaru,Hydro,Hydro,2026-08-14,29770,14940,14910,14870,14920,14900,14880,14890,15290,15370,19740,23080,28590,29780,26110,46330,46550,43430,39890,40000,35980,32030,31250,28450,30580,30540,29800,24220,22690,26610,23890,23010,25200,30150,31050,41130,55240,58030,51950,44640,33320,19540,21830,28740,29840,24890,26620,15370,,
WKM,WKM2201,MRPL,whakamaru,Hydro,Hydro,2026-08-15,15350,15410,12530,0,6480,0,0,0,0,0,0,0,6460,19100,29410,25470,30850,43930,44710,45640,42210,45850,46030,41900,28060,28570,28370,27070,25070,26130,29650,29560,33880,45420,53760,60950,59730,60010,58400,47490,38170,34160,30720,29420,30510,30640,30760,23660,,
WKM,WKM2201,MRPL,whakamaru,Hydro,Hydro,2026-08-16,15390,14200,11420,11420,3220,0,0,0,0,0,0,0,5390,12800,20310,26860,27310,30460,28760,25700,29920,29850,28420,25770,27150,28130,30450,28010,30730,31210,31040,31300,44740,46810,50180,60790,61220,61360,61370,61300,61200,62340,62310,62310,62260,44920,29490,24510,,
WKM,WKM2201,MRPL,whakamaru,Hydro,Hydro,2026-08-17,23130,15540,14050,13910,14350,14630,14770,15660,15660,15660,15450,23220,39760,45630,45910,45850,44670,46070,45790,45950,46220,45890,46010,45130,41070,29470,29700,23160,27050,31250,45930,56390,50150,49670,51150,59860,62180,61490,57380,52150,49510,49430,50110,38680,38780,37350,31320,27770,,
WKM,WKM2201,MRPL,whakamaru,Hydro,Hydro,2026-08-18,30680,23400,25670,15550,15240,14450,15200,12530,15300,14820,21070,28960,42290,56640,61530,61760,58860,39840,43900,45830,41270,30690,30570,30770,29340,29740,30520,30540,30570,30700,30200,40370,44450,45710,46010,45650,45960,45980,46180,45810,46070,45950,46150,45730,46060,44620,43290,44150,,
WKM,WKM2201,MRPL,whakamaru,Hydro,Hydro,2026-08-19,30800,30710,29720,29810,29680,29760,15530,15380,15400,28990,30650,30680,55220,60800,61390,61080,61360,60250,57540,55470,56880,47820,42370,42400,44190,43060,32640,28880,28730,25640,30520,30490,31160,44500,53630,56070,59420,61940,62480,62310,61350,59520,59240,50600,45450,44640,44410,30040,,
WKM,WKM2201,MRPL,whakamaru,Hydro,Hydro,2026-08-20,29620,29750,29720,29750,29620,29690,29510,27730,27690,27680,27770,30490,44310,60340,61590,62320,62470,61540,62220,61340,59880,59200,57720,56880,54450,42710,42860,36990,35790,35350,36960,41340,44050,44470,45830,61250,61800,62120,61560,61000,59340,58840,45150,42570,30720,30730,30680,30770,,
WKM,WKM2201,MRPL,whakamaru,Hydro,Hydro,2026-08-21,31040,30860,30540,29960,29620,30790,29760,29760,30700,30670,30730,31530,44410,44420,53380,61420,61570,54350,55790,54570,37330,43770,44040,43920,44440,44630,38270,29700,25050,25170,28770,28570,31060,37560,40410,45850,58030,61140,60930,59170,59790,53790,46090,37340,30580,30710,30240,28120,,
WKM,WKM2201,MRPL,whakamaru,Hydro,Hydro,2026-08-22,26300,25000,24970,13560,15300,5960,0,0,0,0,5940,14910,23030,29370,27190,31120,37950,44370,38460,37700,32150,28410,24050,29230,27150,23900,23780,11660,14170,14060,13050,13610,12820,13810,15930,28580,43380,40500,35510,23890,23670,23780,29440,30660,30810,27110,13260,12550,,
WKM,WKM2201,MRPL,whakamaru,Hydro,Hydro,2026-08-23,14010,14670,7320,0,0,0,0,0,0,0,0,0,0,0,3820,15380,15230,26500,29760,30360,30700,15020,15320,23520,30380,29100,29550,16480,15650,15600,27950,30730,30690,30880,30840,40600,43130,44460,42410,42190,34840,33870,27350,23540,27810,15340,13260,13950,,
WKM,WKM2201,MRPL,whakamaru,Hydro,Hydro,2026-08-24,15610,14780,12940,15510,11350,10930,12370,13660,15400,15380,17910,30730,38340,44740,51720,61200,60740,43710,31280,30530,22680,15200,15440,14840,15010,14570,1170,1120,0,0,0,6370,14420,15040,20290,45460,56410,56740,46720,47700,37040,46470,41610,27210,23420,14430,11210,14550,,
WKM,WKM2201,MRPL,whakamaru,Hydro,Hydro,2026-08-25,14870,5130,0,0,0,0,0,0,0,0,6920,18730,28610,39690,49530,60580,51650,44600,43290,31310,29720,23000,14030,13890,13960,13800,13100,14190,12370,14260,16200,16170,18560,31040,34660,41460,46050,46820,42790,30690,30300,29630,26370,24920,15000,13440,0,0,,
WKM,WKM2201,MRPL,whakamaru,Hydro,Hydro,2026-08-26,0,0,0,0,0,0,0,0,0,0,0,14170,25280,39530,46020,46680,46610,46770,46150,38730,29990,27880,30370,29900,27670,30680,30660,29300,30750,30590,30700,30600,31170,31200,44160,46710,46390,46750,46810,43550,40900,39930,37740,36870,27830,25640,19900,11420,,
WKM,WKM2201,MRPL,whakamaru,Hydro,Hydro,2026-08-27,15120,10330,0,0,0,0,0,0,0,0,0,0,10740,29150,48390,60370,46760,45600,45010,43340,44940,44890,44970,42920,36660,30630,27670,22030,26200,28200,22620,29780,30710,27560,31970,45650,45830,45750,45960,46010,41790,37020,40220,41020,35860,23120,18950,12240,,
WKM,WKM2201,MRPL,whakamaru,Hydro,Hydro,2026-08-28,10320,0,0,0,0,0,0,0,0,0,1010,15230,28270,46670,46640,46690,46980,46850,31290,17950,13940,13920,11270,15130,15360,15340,17750,30500,30530,30630,28660,30250,30860,30220,30830,30690,44390,45800,42450,30710,23150,16490,13530,11280,14280,4580,0,0,,
WKM,WKM2201,MRPL,whakamaru,Hydro,Hydro,2026-08-29,0,0,0,0,0,0,0,0,0,0,0,0,0,0,6600,13040,14290,11180,14470,15330,15280,10510,10380,11360,12600,12020,10910,12890,12220,13970,14790,14820,23810,30650,30140,33980,30980,30580,30770,30650,26350,26140,13370,10920,60,0,0,0,,
WKM,WKM2201,MRPL,whakamaru,Hydro,Hydro,2026-08-30,0,0,0,0,0,0,0,0,0,0,0,0,0,0,8660,15260,15470,15370,15510,15650,15580,3510,0,0,0,0,0,0,0,0,0,0,0,0,12550,30500,45410,44390,44730,43240,22460,15370,15380,15390,13450,7780,0,0,,
WKM,WKM2201,MRPL,whakamaru,Hydro,Hydro,2026-08-31,0,0,0,0,0,0,0,0,0,0,0,0,0,11150,15530,27140,30680,29100,29260,29460,15200,14510,15510,14490,14400,14550,14900,26460,27120,29540,31280,44040,42270,41220,43310,54220,61510,61920,61490,48520,45220,40320,40020,39360,44190,32200,25650,15550,,
WKM,WKM2201,TUAR,mokai,Geo,Geo,2026-08-01,41338,41741,41733,41750,41595,41756,41304,41642,41458,41927,41698,41383,40792,40497,40209,40426,40389,40344,40117,40587,40529,40189,39828,39607,39475,39366,39382,39689,39555,39093,38669,38583,38721,39565,40960,41249,41237,41459,41772,42244,42271,42228,42496,42359,42375,42603,42421,42555,,
WKM,WKM2201,TUAR,mokai,Geo,Geo,2026-08-02,42280,42494,42243,42273,42329,42460,42122,42350,42458,42691,42422,42368,41662,41338,40954,41031,40713,40564,40741,40792,40326,39563,38784,38511,38077,38050,37842,37891,37777,37143,37002,36780,37128,37831,39070,39580,39771,39757,40120,40299,40606,40782,41113,42058,42734,43205,42667,42404,,
WKM,WKM2201,TUAR,mokai,Geo,Geo,2026-08-03,41790,41501,41466,41761,41893,42177,41988,41739,41458,41318,40615,40337,40059,39679,39320,39750,40015,40070,38835,38167,37766,37522,37407,37424,37450,37415,37506,37441,37222,37015,36468,36377,36801,37754,38694,38408,38175,38433,38480,38657,38890,39304,39594,39817,39870,39790,39467,39209,,
WKM,WKM2201,TUAR,mokai,Geo,Geo,2026-08-04,39008,38914,39109,39294,39125,39341,39601,39471,39213,39099,38593,38081,37937,37491,37236,36852,37036,36896,36350,36279,36000,35877,36040,36144,36611,36758,37088,37679,37788,38565,38760,38734,38682,38585,39126,39390,39514,39756,39928,40295,40553,40398,40439,40822,41447,41554,41456,41376,,
WKM,WKM2201,TUAR,mokai,Geo,Geo,2026-08-05,40996,40985,40991,40981,41053,40769,40995,41273,41720,41428,40686,39751,39117,38874,38715,38815,38923,39241,39316,39464,39467,39571,39282,39061,38880,38847,38813,39018,38899,38290,37903,37606,37680,38470,39909,40236,40485,40855,41421,41059,41512,41747,41804,42040,42494,42683,42359,42366,,
WKM,WKM2201,TUAR,mokai,Geo,Geo,2026-08-06,42076,41779,41649,41286,41052,41153,41033,41216,41433,41537,40991,40587,39909,39642,39573,39559,39914,39891,39715,39746,39760,39874,39859,39485,39346,39435,39061,39688,39557,39087,38416,38060,38258,38939,40743,41531,41943,41894,42045,42334,42513,42702,43021,43328,43479,43194,42929,42744,,
WKM,WKM2201,TUAR,mokai,Geo,Geo,2026-08-07,42337,42114,41964,41904,41669,41730,41942,42121,41692,41365,40836,39915,39476,38555,39580,39825,39923,39483,39358,39407,39380,39126,38925,38690,38170,38200,38734,38619,37930,37446,37179,36977,37059,37835,39258,39447,39339,39236,39175,39301,39425,39411,39874,40469,40453,40552,40009,39594,,
WKM,WKM2201,TUAR,mokai,Geo,Geo,2026-08-08,39496,39510,39613,40049,39979,39996,39667,39599,39529,39585,40345,40655,40345,40138,39561,39403,39499,39559,39397,39219,38992,38926,38741,38180,38418,38244,37681,37676,38044,37798,37414,37364,37506,38469,39867,40422,40779,40916,40807,40513,40876,41006,41061,40715,40752,40708,40189,40021,,
WKM,WKM2201,TUAR,mokai,Geo,Geo,2026-08-09,40103,39866,39986,39819,39751,39362,39395,39362,39194,38739,38332,37978,37207,36806,36414,36602,36797,36729,36616,36395,35873,35774,35498,35414,35800,35699,35560,35241,35065,34684,34362,34980,35319,35942,37297,37444,37491,37967,38655,38864,39352,40001,40442,40551,40174,40593,39970,39886,,
WKM,WKM2201,TUAR,mokai,Geo,Geo,2026-08-10,39988,40009,40268,40801,41200,41297,41175,40866,40904,40504,40380,40139,39604,39911,40113,40123,39961,39556,38901,37757,37493,37000,36807,35949,35933,35840,35817,36092,36304,36008,35942,35626,35610,36438,37329,37564,37854,38217,38798,39433,39755,39546,40356,40606,40850,40890,39717,39492,,
WKM,WKM2201,TUAR,mokai,Geo,Geo,2026-08-11,39636,39671,39911,40040,40434,40584,41116,41352,41416,41330,40911,40597,40023,39795,39776,40121,40201,40377,40030,39499,38670,38445,38414,37880,38385,38876,38497,37973,37593,37492,37146,37214,37123,37841,38444,39169,39550,39688,40110,40323,40259,40508,40378,40766,41146,41431,40943,40547,,
WKM,WKM2201,TUAR,mokai,Geo,Geo,2026-08-12,40378,39887,39697,39826,40303,40235,40270,40366,40573,40294,39787,39220,38529,38158,38243,38681,38731,38707,38537,38728,38005,37565,37742,37160,36879,36674,36079,36451,36486,36148,35807,35764,36145,36362,37494,38234,38277,38476,38800,38695,38994,39314,39438,39418,39796,40109,39365,39016,,
WKM,WKM2201,TUAR,mokai,Geo,Geo,2026-08-13,39517,39649,39774,39615,39234,39364,39383,39095,39150,39101,38228,37586,36524,36151,36302,36553,36811,36956,37163,37228,36834,36007,36216,36571,35831,35506,35000,34930,34572,34248,33815,34084,34585,35232,36384,36852,37209,37149,37599,37860,38201,38093,38385,38205,38271,38820,37486,36883,,
WKM,WKM2201,TUAR,mokai,Geo,Geo,2026-08-14,37144,37402,37816,38062,37977,38735,38693,38503,38476,38721,38326,38125,37481,37134,36766,36448,36017,36114,36191,36242,36729,35912,35963,36310,36031,36213,36807,36868,37382,36889,36470,35957,35787,35824,37341,37968,38266,38682,38890,38816,38546,38812,39651,39728,40529,40677,40300,39664,,
WKM,WKM2201,TUAR,mokai,Geo,Geo,2026-08-15,39859,40303,39704,39557,39624,39539,39582,39671,39372,39583,39480,39008,37566,37443,37583,37862,38088,37813,37862,37736,37835,37733,37665,37487,37564,37731,37736,37527,37606,37151,36827,36780,36936,37505,38431,39170,39329,39702,40226,40649,41265,40955,41005,38728,20515,23340,23745,23215,,
WKM,WKM2201,TUAR,mokai,Geo,Geo,2026-08-16,23395,23390,23433,23388,23989,23874,23941,23785,23858,23470,23166,22928,22029,22335,22479,22239,21817,21554,21538,21901,21648,21087,21328,21369,21128,21483,21350,21218,21154,21011,20917,20415,20490,21011,22729,28453,40669,40839,40617,39922,40103,39993,40429,40644,40745,40871,40304,39656,,
WKM,WKM2201,TUAR,mokai,Geo,Geo,2026-08-17,39297,39586,39744,40071,40133,40259,40368,41126,41099,40891,40407,39838,39154,39304,39584,39426,39190,39381,39353,39140,39175,39103,38553,38369,38358,38220,37898,37711,37560,36864,36474,36531,36799,37333,38561,38783,38834,39322,39507,39941,40286,40619,40388,40743,42461,42704,42040,41840,,
WKM,WKM2201,TUAR,mokai,Geo,Geo,2026-08-18,41845,41842,41875,42078,42492,42286,41908,41800,41844,41961,41971,41765,41576,41150,40718,40634,40475,39841,39455,39134,39070,39349,39179,39063,38727,38737,38651,38636,38722,38468,37950,38073,37973,38351,39444,39517,39266,39441,39876,40200,40686,40829,40938,40757,40948,41300,41216,40912,,
WKM,WKM2201,TUAR,mokai,Geo,Geo,2026-08-19,40718,41045,41253,41888,42107,41880,41796,41715,41797,41745,41020,40397,40077,39703,40133,39845,39494,39774,39856,39902,39808,40257,40247,40091,39834,39830,39743,39480,39187,38386,37636,37694,37747,38444,39551,39864,39979,40249,40911,41698,42503,42531,42733,42978,42620,42623,42162,41786,,
WKM,WKM2201,TUAR,mokai,Geo,Geo,2026-08-20,41640,41127,40980,40606,40372,40618,40627,41010,41227,41394,40980,40368,39537,39083,39032,39017,39136,39390,39363,38757,38199,37693,37370,37950,37519,36916,37022,36773,36526,35924,35352,35401,35460,35495,37642,38366,38832,39448,39886,40095,40365,40401,40860,41267,41663,42076,41569,41222,,
WKM,WKM2201,TUAR,mokai,Geo,Geo,2026-08-21,40968,41313,41399,41127,41305,41455,41997,42042,42087,42082,41462,40670,39819,39324,39372,38944,38161,38482,38257,37858,36962,36514,36375,36804,37293,37412,37449,37208,36584,35865,35467,35310,35606,36363,37342,37526,37913,37961,38171,38339,38599,39341,39625,39825,40063,40373,39746,39496,,
WKM,WKM2201,TUAR,mokai,Geo,Geo,2026-08-22,39434,39607,39984,39535,39735,39732,39720,40009,39704,39395,39098,38081,38521,38940,38684,39107,39220,39334,39590,39303,39521,39655,39284,38927,38208,38099,38765,38415,37588,37284,36764,36320,36549,36733,37813,38321,38738,39199,39648,40143,40427,41008,40835,41222,41165,41240,40874,40114,,
WKM,WKM2201,TUAR,mokai,Geo,Geo,2026-08-23,39973,40183,40274,40586,40473,40379,40164,40149,39475,39298,38099,37024,36272,36181,35926,36406,36424,36451,36481,36680,36466,36759,36745,36175,36183,36189,36775,37130,36858,36533,36272,35765,35737,35985,37091,37355,37831,38354,38735,39032,39152,39143,39387,39682,39746,40039,39478,39090,,
WKM,WKM2201,TUAR,mokai,Geo,Geo,2026-08-24,39098,38922,38851,38911,38809,39363,40047,40459,40518,40306,39818,39249,38266,38257,37743,37956,37753,38274,38342,38784,38334,38302,37917,37938,38424,38370,38452,38625,38055,37041,36317,36856,36848,37544,39045,39559,40916,41228,41718,41228,41405,41907,41568,42352,42224,41795,42294,43057,,
WKM,WKM2201,TUAR,mokai,Geo,Geo,2026-08-25,41764,40714,40422,39944,40322,39855,39889,39946,39679,39575,39067,38052,37632,37422,37527,37192,36738,36909,36676,36475,36346,36298,36510,37001,37248,36986,36639,36205,35546,34910,34527,34608,34749,35683,37700,37627,37796,38250,38407,38793,39592,40172,39856,40096,40755,40815,40400,40570,,
WKM,WKM2201,TUAR,mokai,Geo,Geo,2026-08-26,39941,39967,40830,40871,40486,40885,40708,41228,41066,40952,40206,39149,38669,38197,37834,37502,37562,36946,37106,37117,37021,35855,35774,35714,35098,35147,35027,35341,35340,34856,34554,34625,34680,35298,36477,36683,37099,37405,37653,38407,38461,38717,39016,39051,39342,39457,39423,39430,,
WKM,WKM2201,TUAR,mokai,Geo,Geo,2026-08-27,38302,37980,38266,38284,38216,38324,38481,39640,39870,39257,38756,37959,37205,37206,37153,37124,37758,37607,37311,36973,36837,36945,36502,36420,35682,35327,35188,35202,34701,33334,33269,33449,33572,35057,36015,36285,36806,36956,37226,35114,30296,30677,30535,30314,30516,30995,31215,31458,,
WKM,WKM2201,TUAR,mokai,Geo,Geo,2026-08-28,31566,33447,33735,38081,38153,37938,38166,38138,37415,37120,36970,37245,36658,36297,36116,36453,36431,36499,36568,36818,37212,37293,37213,37083,37524,37469,37418,36858,36473,36375,35817,35873,35960,36868,37846,38029,37969,38084,38496,38700,38571,38572,38586,38732,38980,39018,38868,38954,,
WKM,WKM2201,TUAR,mokai,Geo,Geo,2026-08-29,38631,38373,38025,37675,37779,37791,38380,38764,39110,38529,37881,36806,35935,35495,35344,35213,35266,35280,36132,36486,36060,35764,35531,35232,35540,36370,35785,35837,36035,35460,34906,34994,34909,35687,37148,37558,37639,38108,38624,38813,39129,39371,39434,39824,39949,39839,39711,39862,,
WKM,WKM2201,TUAR,mokai,Geo,Geo,2026-08-30,39281,38534,38588,38895,39602,39711,39593,39544,39961,39652,38419,37888,37456,36711,36885,37106,36288,35935,36062,36058,36232,36766,37534,37830,36298,35875,35255,34987,34690,34298,34042,34295,34778,35458,36478,36841,37227,37642,37936,38171,38449,38855,38723,38673,38994,38780,38795,39053,,
WKM,WKM2201,TUAR,mokai,Geo,Geo,2026-08-31,38614,38287,38670,38876,38945,39242,39081,39006,39198,38934,38229,37226,37068,36591,36505,36615,36948,36990,37015,36948,37215,36961,36262,35816,36255,36413,30009,26842,28308,32785,34331,35598,36081,36247,37191,37472,37733,37875,37960,38170,38311,38583,38859,39197,39004,39438,39702,39632,,
WPA,WPA2201,MRPL,waipapa,Hydro,Hydro,2026-08-01,9720,9740,10300,11730,11430,10950,12060,12700,12620,11250,10890,10740,12160,13190,14630,19230,20560,20600,22030,22050,22050,19160,17640,15320,14740,15620,13840,11150,10730,10770,10740,13590,13740,14140,20940,24410,25020,25020,24510,23520,23520,22100,20700,19120,17690,17620,17620,13720,,
WPA,WPA2201,MRPL,waipapa,Hydro,Hydro,2026-08-02,13210,13200,9820,8830,8830,8820,8820,8830,8810,8820,9130,9610,12640,13200,18410,19090,19100,19090,21360,21370,19120,19990,18760,17650,17610,16700,13210,13190,13210,11850,11710,11730,11720,16180,19090,23910,24990,23730,22090,21490,21630,22070,18570,14480,13210,13210,10580,7890,,
WPA,WPA2201,MRPL,waipapa,Hydro,Hydro,2026-08-03,4370,5410,4680,4360,0,0,0,0,0,0,3690,8190,12280,14660,17060,22020,22070,19150,17620,17590,17660,17620,15960,11750,11720,13020,12720,8540,6360,6350,6360,6360,6370,7810,16630,21970,22100,22100,22080,22070,22050,22040,22050,20280,19070,16320,9730,8440,,
WPA,WPA2201,MRPL,waipapa,Hydro,Hydro,2026-08-04,4730,4810,8320,6730,8110,8330,8320,8310,8320,4950,6180,8180,14030,17810,18990,21000,21570,21600,21590,21360,19640,19580,19590,17750,17630,18110,19140,20420,22030,22030,22020,22060,22030,24000,25020,25030,25040,25030,25020,25150,24980,24900,24980,25050,23750,23450,23470,22070,,
WPA,WPA2201,MRPL,waipapa,Hydro,Hydro,2026-08-05,21980,21640,17980,17560,17580,14290,12620,11690,11700,11710,11730,12340,22520,24990,25050,25070,25100,25070,25060,25030,25020,25010,24990,24990,24960,24920,24940,24930,24930,24920,24830,24420,17440,15670,14150,20700,25060,25130,25070,25070,25060,25050,25080,25050,25010,25000,24970,24940,,
WPA,WPA2201,MRPL,waipapa,Hydro,Hydro,2026-08-06,24950,24930,24930,24910,24920,24880,24860,24780,17450,14020,5400,4390,12880,22470,25060,25100,25060,25080,25040,25030,25010,25020,25010,24960,24950,17760,17940,21900,21990,21970,23360,24270,14130,14220,21680,22120,24910,25120,25070,25070,25060,25060,25080,25040,25020,25020,24970,24960,,
WPA,WPA2201,MRPL,waipapa,Hydro,Hydro,2026-08-07,24950,24870,24840,24870,19120,18990,14370,9820,3920,3870,10340,14070,17870,22380,25060,25100,25070,25110,25090,25060,25030,24710,23560,22050,22000,17680,16250,16150,14830,14670,18970,21960,22010,24750,24930,24990,25050,25090,25050,24990,24980,24970,24980,22620,21640,16570,12610,12690,,
WPA,WPA2201,MRPL,waipapa,Hydro,Hydro,2026-08-08,12720,12710,11800,11720,11720,11710,11720,11220,10730,10730,10740,10750,10750,12650,19290,23170,23530,23510,23520,23510,22170,19140,17180,16190,13780,13220,12640,13230,13210,13210,13220,13210,13290,18600,22070,24990,24380,23560,23550,23530,21720,20590,20560,17460,17640,16250,11020,10740,,
WPA,WPA2201,MRPL,waipapa,Hydro,Hydro,2026-08-09,10740,8900,8760,8770,8780,8760,8750,4450,5990,5880,5800,5800,5800,5800,10720,12360,12730,16050,21400,19090,19080,11180,10730,10750,10760,10740,10750,10730,10750,10740,10760,11420,14370,15310,18950,22880,25030,24640,22210,22090,22060,22050,20320,16290,13940,11620,8990,8140,,
WPA,WPA2201,MRPL,waipapa,Hydro,Hydro,2026-08-10,5500,4820,4460,4450,5000,4630,4870,4370,4370,4440,7230,10040,14570,19010,21880,24980,24980,24970,24940,24970,23410,19910,14370,13630,12720,12690,14300,14670,13240,11770,10630,13290,13340,12800,14660,16100,21610,19570,19150,19150,19110,19080,19090,19070,19110,15060,12710,12710,,
WPA,WPA2201,MRPL,waipapa,Hydro,Hydro,2026-08-11,12710,12700,12690,12710,12710,12060,8760,8750,8770,8740,8760,11630,13040,18590,21900,24940,25040,25050,23510,23520,23460,22060,22030,22010,22040,20190,15740,15320,14690,15840,19960,19120,23030,23530,23490,24750,25040,25040,25000,24950,20510,17350,16150,16160,14540,9710,8760,8780,,
WPA,WPA2201,MRPL,waipapa,Hydro,Hydro,2026-08-12,8760,8770,8560,4380,4370,4380,4380,4370,4380,4370,4390,4360,8880,14870,23100,25010,25030,22940,20600,21750,20760,20570,21620,19410,19150,17690,17640,17320,17610,16340,16140,16140,16180,16790,20010,24850,25040,25050,25020,25000,22660,22030,20020,14830,17240,16160,16140,13650,,
WPA,WPA2201,MRPL,waipapa,Hydro,Hydro,2026-08-13,13180,13190,13210,11810,8780,8760,8290,8270,9740,9770,11370,14610,14680,14680,15610,21810,24320,17010,16640,16660,17320,21920,23510,23500,21810,17780,19520,17820,19940,17650,18540,19990,20920,22050,22530,23530,24990,25050,24170,21610,20410,18220,14640,15420,16610,16540,15710,15300,,
WPA,WPA2201,MRPL,waipapa,Hydro,Hydro,2026-08-14,12950,12760,11810,11780,11640,10080,8830,8810,8830,8810,9570,13130,14690,15830,17690,19380,20600,16090,15510,14740,14700,14710,14720,14730,14710,14700,14690,14260,13190,13200,12150,11730,11730,11730,12420,14420,18680,17830,14480,10970,9650,9010,10090,13130,11730,9690,12020,8840,,
WPA,WPA2201,MRPL,waipapa,Hydro,Hydro,2026-08-15,8820,9510,5460,4470,4380,4370,4380,4370,4380,4370,4380,4350,4370,4560,7880,11450,15670,16700,22290,19310,14940,15870,13240,14180,16730,13690,13220,13230,13270,13230,14580,22540,20620,20560,23440,23520,23130,19860,14710,14690,14710,12000,7770,7770,15100,15430,13620,10720,,
WPA,WPA2201,MRPL,waipapa,Hydro,Hydro,2026-08-16,8400,6050,5470,3890,3860,3870,3860,3870,720,0,0,0,3470,6950,9350,12740,13230,13190,13220,13240,13010,13080,13220,13230,13220,12930,12490,12480,12500,12480,12470,12730,15550,20580,24830,25030,25040,25070,25040,25060,25030,25000,23990,23520,22170,19510,18450,16440,,
WPA,WPA2201,MRPL,waipapa,Hydro,Hydro,2026-08-17,14350,13200,13200,13200,13300,11770,11730,11720,11740,11720,11760,14200,14710,21720,22840,25030,25040,25030,25000,23040,22040,22020,16750,14700,14700,14750,14460,13660,13200,9550,9060,8760,8810,10260,14470,20800,23570,22460,21270,19160,19140,19130,19140,14090,13240,13240,13230,11020,,
WPA,WPA2201,MRPL,waipapa,Hydro,Hydro,2026-08-18,9760,8540,8280,8270,8700,8760,9020,8770,9700,9750,9730,10240,13460,16220,19690,23660,24950,24440,20620,21880,22060,21970,20350,20340,14880,13200,13200,13200,13220,13230,13180,13500,14700,17280,19420,22070,22740,23600,23580,23550,23580,23520,22050,15670,14720,11930,11810,11780,,
WPA,WPA2201,MRPL,waipapa,Hydro,Hydro,2026-08-19,12730,12790,12770,9410,9760,8850,8830,9800,9820,12560,13890,17100,17330,22590,23560,23560,24190,24080,23510,22650,21880,22030,22470,23500,23500,17690,14690,14710,14700,14670,14710,17400,23420,23510,23490,23510,23570,25030,25040,23650,23550,23520,22160,22020,18590,17610,17620,12020,,
WPA,WPA2201,MRPL,waipapa,Hydro,Hydro,2026-08-20,11690,11710,11710,11710,11700,11700,11710,11710,11700,11710,15300,16140,19210,24200,25020,25020,25030,25030,25040,25000,23820,23490,20810,17680,17610,17640,16030,16120,16170,16150,16150,16650,19100,23130,23510,24980,25040,25030,25030,24310,23540,22080,20630,20370,19140,19080,16830,16150,,
WPA,WPA2201,MRPL,waipapa,Hydro,Hydro,2026-08-21,14960,11890,11720,11720,11710,12220,12700,12700,12690,12700,16130,16810,19260,22610,23980,25050,25050,25050,25030,25010,23690,23500,23490,23770,21170,18110,15380,13710,13500,12450,12440,10090,9880,14660,18760,19780,23340,21380,22070,20940,18910,10770,12140,12430,9760,9770,9780,9750,,
WPA,WPA2201,MRPL,waipapa,Hydro,Hydro,2026-08-22,9740,9750,9740,9760,11000,11220,9850,6840,6420,6840,6260,6170,7820,7830,7740,7850,7830,9980,10740,10750,10730,10580,9530,10540,10670,11650,11670,12050,9780,9730,9180,8770,8760,8770,9180,8970,14550,20330,19110,14910,10970,9770,12850,14460,13690,13160,11740,9310,,
WPA,WPA2201,MRPL,waipapa,Hydro,Hydro,2026-08-23,10880,11670,8310,2460,0,0,0,0,0,0,0,0,4930,13760,9710,12880,12010,10080,11360,11300,9730,8950,9410,11860,14680,13680,14090,13410,13240,13290,13200,14620,14690,14720,14520,14710,19050,19150,19120,17820,14700,14690,15400,14560,14490,7970,4370,4520,,
WPA,WPA2201,MRPL,waipapa,Hydro,Hydro,2026-08-24,5760,4870,4880,4840,4310,4130,4110,4130,4130,4830,6400,12010,19740,22060,22530,23560,23190,18020,15210,14700,12630,12710,8970,8830,8200,5220,4830,4410,4380,4390,4370,4440,4390,5270,9650,16080,17220,20520,19510,19130,17060,17540,16800,14350,13210,12770,9740,8670,,
WPA,WPA2201,MRPL,waipapa,Hydro,Hydro,2026-08-25,6600,4300,4120,160,0,0,0,0,0,0,2010,7960,15480,20580,20440,19600,17810,17660,17590,16240,12340,7950,7780,9700,9790,9730,5260,6960,5850,5930,5820,6710,10920,14690,15190,19510,20420,19920,18660,20100,18410,12230,12540,11930,10800,9590,4860,4720,,
WPA,WPA2201,MRPL,waipapa,Hydro,Hydro,2026-08-26,4370,4370,4370,4380,4370,40,0,0,0,0,0,6800,10520,17020,19990,22050,22060,19920,13850,13200,13250,9900,11700,12390,11730,11740,11740,11720,11750,11710,11740,12950,15180,15680,15660,20220,21710,20620,20580,21890,17550,14710,10100,9750,9770,9740,11490,10590,,
WPA,WPA2201,MRPL,waipapa,Hydro,Hydro,2026-08-27,10020,5880,2660,0,0,0,0,0,0,4150,7850,8660,12970,18870,22210,22050,17410,17650,17640,17670,17650,17630,17680,17650,17650,19100,19130,19100,19100,19120,19090,19100,19130,19080,19120,14900,14960,17660,17500,13470,10260,10430,10700,14150,12500,8780,8760,7330,,
WPA,WPA2201,MRPL,waipapa,Hydro,Hydro,2026-08-28,4770,3880,4760,4860,4860,4850,4860,4850,4870,4860,5470,6600,11750,16170,16680,16670,17510,17680,17620,17630,17640,17600,17590,12890,11720,11710,11720,11100,9730,9730,5120,4840,4900,10430,11260,11270,14590,13300,11740,10790,9740,8900,8460,5930,5770,4570,3690,0,,
WPA,WPA2201,MRPL,waipapa,Hydro,Hydro,2026-08-29,0,0,0,0,0,0,0,0,0,0,0,0,0,0,6480,7530,10890,9930,10240,10740,10740,9860,8800,9330,11010,8940,8260,8270,8260,8270,8270,8760,9760,11540,11750,12370,12880,13710,7300,8230,7760,4860,4870,4860,5630,7330,230,0,,
WPA,WPA2201,MRPL,waipapa,Hydro,Hydro,2026-08-30,0,0,0,0,0,0,0,0,0,0,0,0,0,1220,6340,8690,8790,8770,10620,11730,11090,10510,9200,8760,8770,8770,8780,6320,5870,6030,6350,6360,6340,7710,9080,13000,16100,16160,15330,10770,10750,10770,10730,10740,10750,6310,5360,5360,,
WPA,WPA2201,MRPL,waipapa,Hydro,Hydro,2026-08-31,5340,5370,5370,5360,5370,5360,5360,5360,5360,5360,5360,5370,5370,8040,8900,11040,12700,12720,12700,12430,9990,9760,9790,9770,12280,14650,15680,11320,9800,13540,14290,14660,14680,14730,14950,22350,24990,25040,23600,23520,22820,19180,16230,12640,11350,11750,11720,6300,,
WPG,WPG0331,TRPG,waipori,Hydro,Hydro,2026-08-01,10904,15546,15156,14395,14442,13524,13220,13094,13620,12425,13268,14097,13193,14578,13104,13420,12713,12897,13226,12106,11807,13319,11566,13209,13833,11871,11439,11446,8257,10466,14426,18206,18114,19547,19792,19683,19775,19796,19484,19894,19346,19907,19353,19933,19541,20183,19523,20160,,
WPG,WPG0331,TRPG,waipori,Hydro,Hydro,2026-08-02,19569,19951,19395,19940,19390,19928,19362,19830,19403,19811,19771,19069,19627,19300,18935,18217,17872,18672,13818,11851,12060,10999,12007,12159,10654,9585,11567,10557,11243,11984,11436,12950,13241,15902,15304,16827,15709,15329,17694,19472,18735,17123,16098,16042,16384,13141,12450,12985,,
WPG,WPG0331,TRPG,waipori,Hydro,Hydro,2026-08-03,13457,13309,16399,16993,16000,16303,18022,17939,18490,18140,18922,18388,19682,19339,19916,19479,19798,18429,18623,18031,16445,17070,17408,17076,17588,17127,17684,17091,17638,17113,17611,16968,18941,19395,20087,19546,20115,19553,20035,19513,19948,19375,19982,19311,19918,19570,19029,18641,,
WPG,WPG0331,TRPG,waipori,Hydro,Hydro,2026-08-04,18473,18365,18144,18453,17894,18767,18649,19930,19109,18205,19349,18916,19948,19466,17307,18265,16019,16706,17449,16381,16483,17391,17585,18331,18212,19237,19156,19476,19998,19391,19876,23335,21468,19056,17857,19777,24101,24357,24714,24600,20888,19224,19995,16939,15459,10777,8242,6957,,
WPG,WPG0331,TRPG,waipori,Hydro,Hydro,2026-08-05,5783,5357,5320,5518,5622,5380,5106,4897,4455,4367,4071,4098,4650,4797,6120,12044,8898,6212,5320,4631,4572,4549,4529,4525,4512,4514,4447,4212,4534,4538,4449,4427,4430,4798,4865,4891,9563,13736,14091,14276,13540,13949,14498,13566,9939,6011,7853,10620,,
WPG,WPG0331,TRPG,waipori,Hydro,Hydro,2026-08-06,8880,5526,5399,5345,5325,5307,5283,5155,4973,4815,4649,4835,9961,10728,12159,13898,14131,12708,12958,12048,12297,11320,10748,10568,6148,5467,5306,5346,5403,4846,4758,4749,4927,9906,13120,15993,14030,14603,15096,15517,15867,15581,15456,15786,16825,17435,15971,8535,,
WPG,WPG0331,TRPG,waipori,Hydro,Hydro,2026-08-07,7780,6377,7369,7499,5482,7215,8369,5107,5931,6894,6890,5767,9729,11842,13889,16044,16873,14289,14151,11939,13353,16781,19098,20189,18923,17060,15527,12453,10722,13566,15078,16360,16004,14663,14168,14421,14421,13302,7799,6747,6002,6040,6192,5708,4804,4547,3963,3711,,
WPG,WPG0331,TRPG,waipori,Hydro,Hydro,2026-08-08,4024,4932,4175,3908,3373,3069,2858,2946,3375,3378,3285,2512,2906,2844,2056,2518,2202,1556,1348,1287,1278,1260,1263,1428,2598,2720,3136,3326,3014,3121,3648,3732,3832,3362,2933,4063,5555,6353,7688,9609,6961,6739,9832,10253,9866,8223,7229,8475,,
WPG,WPG0331,TRPG,waipori,Hydro,Hydro,2026-08-09,8207,9754,8536,5756,5097,6923,9425,12976,14391,14778,12793,10919,10677,8520,6295,6691,6496,7569,4525,3677,3713,3308,4974,5506,4870,3891,3464,3619,3929,3081,2979,3147,3697,3824,3483,3354,3197,3171,3193,3439,4460,6358,6758,8276,10573,12352,13816,12233,,
WPG,WPG0331,TRPG,waipori,Hydro,Hydro,2026-08-10,11651,10666,10764,9593,9217,8632,8625,8704,7704,6154,6298,5738,6127,5919,5770,5435,5346,5022,4819,4861,4611,3548,3422,3281,3250,3174,3105,3079,3096,3302,3364,3811,4046,4500,9127,9996,11535,11445,11261,11777,11950,12629,12896,13128,14051,10765,9433,8783,,
WPG,WPG0331,TRPG,waipori,Hydro,Hydro,2026-08-11,8659,8788,9830,11137,12688,12332,11541,12938,14217,13071,15674,15414,14428,13744,14585,13762,10833,9882,10463,11552,7796,5807,6649,5946,7656,9387,8400,7073,7840,7738,8058,8973,14244,22743,23088,23637,23904,26526,23380,21889,18861,17791,18112,19474,21002,21448,23935,23946,,
WPG,WPG0331,TRPG,waipori,Hydro,Hydro,2026-08-12,22857,23744,23582,19301,17800,18136,17496,15171,15943,15925,14274,14899,14504,15717,20715,24278,26072,25125,27566,26846,24595,19619,25186,18844,18266,17078,15205,15192,16654,15213,12908,13614,19826,16128,18549,17920,16732,23861,24376,19267,10083,8403,7611,10588,14122,16363,18073,19142,,
WPG,WPG0331,TRPG,waipori,Hydro,Hydro,2026-08-13,16904,14238,11943,13728,15282,18801,18541,12518,13329,10543,12315,10815,10130,9490,11756,9942,9944,9294,7849,8600,9176,6483,5371,4166,3479,3112,3480,3058,3581,3344,3684,4086,4570,4613,4622,4907,4787,5011,4598,5219,4855,5861,5482,5158,4895,4644,4509,4829,,
WPG,WPG0331,TRPG,waipori,Hydro,Hydro,2026-08-14,4565,4495,4500,4951,5230,4580,4507,4493,4495,4701,4776,4777,4846,4948,5458,5941,6224,6190,6114,5067,5625,5428,4929,4781,4238,5216,5469,4648,3672,3218,3382,3394,3218,3142,3206,3224,3217,3242,3238,3323,3566,3838,4138,4391,4382,4457,4796,4708,,
WPG,WPG0331,TRPG,waipori,Hydro,Hydro,2026-08-15,4549,4181,3770,4613,5577,5925,5538,6886,8105,9802,13898,16636,12788,13099,14977,13854,15238,14517,12454,10488,11863,9222,11511,12944,10172,7047,6536,7195,5964,5545,9879,7423,5944,5731,6246,6349,6611,6844,4783,4152,4003,4147,4009,5516,6622,5796,5042,4827,,
WPG,WPG0331,TRPG,waipori,Hydro,Hydro,2026-08-16,4544,3488,4732,5697,6743,6279,5427,4402,3992,3409,3098,2467,2920,2917,3681,3811,4484,4929,5120,4296,4620,3958,5082,4448,4357,3979,3673,3584,4779,4084,4651,4877,4906,4690,4707,5416,9388,10772,10709,10484,10201,10509,11047,13673,12372,11170,10936,10884,,
WPG,WPG0331,TRPG,waipori,Hydro,Hydro,2026-08-17,10870,15022,17214,18188,17455,17328,17192,17842,20407,20396,21704,24490,23615,22932,22752,22951,23136,23164,23685,22278,22838,23107,23060,23040,21794,17179,15683,14412,14812,13926,16518,19024,19115,19656,19708,19586,19107,19665,19242,19778,19292,19854,19267,19809,19134,19724,19428,21190,,
WPG,WPG0331,TRPG,waipori,Hydro,Hydro,2026-08-18,26460,24539,25115,25053,25021,25442,24878,25454,24885,25446,24830,25469,24965,25480,24846,25149,26879,27785,27698,27726,26182,26733,26824,26853,26896,27308,26917,26963,26586,27156,25599,26544,29183,26177,24333,25933,25349,24489,21671,21395,24349,25433,25618,25897,25764,23455,23803,25479,,
WPG,WPG0331,TRPG,waipori,Hydro,Hydro,2026-08-19,26386,22404,21343,21418,23927,20698,20185,23032,22527,24843,24228,20683,23325,22727,20988,21894,17593,18487,19600,20833,24457,23566,26359,27177,26737,26721,22257,26021,25327,24326,23696,23729,23186,17856,16742,19752,20985,20093,18439,17472,17088,16780,17689,21354,21951,21607,21961,22412,,
WPG,WPG0331,TRPG,waipori,Hydro,Hydro,2026-08-20,24023,22385,21656,22006,20861,20110,19698,18183,17957,19134,19761,18722,19526,22751,19622,18749,17476,15829,18690,18716,16633,15134,15614,17095,17733,17635,17006,11925,10697,15437,17038,16389,15475,15209,14290,14248,13559,13020,12798,12761,12750,12744,12735,12754,12740,12724,12727,12762,,
WPG,WPG0331,TRPG,waipori,Hydro,Hydro,2026-08-21,12757,12807,14012,16455,17175,16628,18272,18265,17739,17470,17112,16971,19022,18199,15544,16210,16522,21530,21806,22213,20209,12982,15653,24085,22660,24668,22780,18713,19000,17179,13794,9148,15082,17216,20049,20915,19077,19603,18135,23386,23981,23930,20461,26064,23595,22115,22090,18947,,
WPG,WPG0331,TRPG,waipori,Hydro,Hydro,2026-08-22,23172,24760,23628,23169,25367,19830,20927,13472,15699,16663,22947,20364,20048,16928,21493,24257,26749,23624,18757,16297,21128,11352,12904,11625,15101,13965,12947,15670,21130,20991,16158,13955,12317,16731,17165,15604,15141,14733,15618,20700,28161,24949,20021,25269,24056,24107,20860,20317,,
WPG,WPG0331,TRPG,waipori,Hydro,Hydro,2026-08-23,20645,19661,19488,15223,12294,17775,19209,20774,21803,21747,22037,21653,22040,25473,22978,21566,22232,21359,21537,20692,19775,21957,15630,15899,15666,20967,26445,27283,26600,27290,26636,25779,23657,28051,25208,26053,27895,27652,27598,27596,27497,27208,25973,26868,27845,27341,22092,25144,,
WPG,WPG0331,TRPG,waipori,Hydro,Hydro,2026-08-24,27209,26558,27066,26485,27031,26373,27010,26443,26996,26366,26200,24654,26672,27859,28724,29590,27126,24253,19727,18607,22615,19127,20650,20914,21833,19295,16822,16403,17746,20306,21865,21494,22124,26843,24877,24998,24693,24741,20587,27758,27780,27614,27287,26341,26345,26238,26419,25489,,
WPG,WPG0331,TRPG,waipori,Hydro,Hydro,2026-08-25,21223,20351,20595,20081,19074,18639,18630,18499,20425,20754,24246,24642,26706,26743,26505,24426,23233,22185,18241,19822,21400,18612,16761,15483,15724,14390,16551,18147,18371,18880,20939,22022,20779,22573,23133,19924,22480,23259,25633,25738,23556,22124,24665,22146,20393,20426,13581,8159,,
WPG,WPG0331,TRPG,waipori,Hydro,Hydro,2026-08-26,6008,5584,5302,5450,5255,7927,11809,10517,13597,7995,6295,7449,14530,16652,19116,19458,14933,14818,15120,13976,12712,11251,9831,9466,9273,9274,9275,9346,9271,9757,11228,9860,9533,9562,13186,13589,13689,13895,13626,13794,14095,14115,13569,13181,13472,13390,7065,6201,,
WPG,WPG0331,TRPG,waipori,Hydro,Hydro,2026-08-27,6850,7469,8130,9389,11578,11968,11892,14073,16355,17432,17235,18686,26947,28334,28683,28089,28671,28454,28262,28521,28370,21975,21344,21361,21538,21808,21798,21809,21812,22064,22190,22198,22201,27951,28963,28833,28744,28551,28446,28432,28162,27183,25259,23938,23071,18451,10320,8647,,
WPG,WPG0331,TRPG,waipori,Hydro,Hydro,2026-08-28,9353,13647,17933,15309,14469,12960,14714,17869,16548,13694,12144,13119,18554,17970,17030,20211,18984,19724,17812,18702,20045,14523,12392,9570,12060,10654,6138,4397,3889,4797,5809,10348,11441,10820,13707,11731,7134,3693,2721,2910,2686,3122,3068,3959,3247,4737,3924,5962,,
WPG,WPG0331,TRPG,waipori,Hydro,Hydro,2026-08-29,4588,6326,10010,14338,9935,6304,5682,7772,7837,6196,5921,5343,4363,7959,11305,8951,3773,2773,2645,2328,3074,3457,3096,3078,4052,5537,7717,7404,8284,9505,8244,7768,4572,2694,6077,13181,14214,15079,15974,16210,16176,16161,16343,16351,16245,16315,16344,16063,,
WPG,WPG0331,TRPG,waipori,Hydro,Hydro,2026-08-30,14994,13321,12724,13573,14625,14873,16120,16263,15927,14679,12724,9053,11981,14337,14456,13632,11179,10580,17419,12497,10924,13502,15748,16177,16008,16398,16245,16319,15889,15158,15703,16771,17041,18079,18294,18502,17446,17615,18181,17062,16683,16963,17252,16732,12487,15259,15050,15579,,
WPG,WPG0331,TRPG,waipori,Hydro,Hydro,2026-08-31,15711,15688,15686,15513,15127,15472,15655,15521,15736,15831,15886,15877,16997,17297,17340,17301,17454,16931,16842,17335,17444,15726,15079,15109,14693,15132,17382,16607,15848,15807,15988,15776,16060,16963,16513,17077,20142,26535,20741,20510,17713,17825,17168,16960,16977,17002,14947,15628,,
WRK,WRK0331,HAWK,rotokawa,Geo,Geo,2026-08-01,13154,13243,13218,13276,13228,13201,13267,13184,13341,13341,13385,13445,13488,13502,13562,13502,13531,13519,13405,13197,12741,12531,12471,12406,12282,12274,12319,12285,12296,12355,12396,12451,12555,12596,12712,12832,12923,12969,12874,12943,12911,12993,13357,13397,13433,13452,13461,13518,,
WRK,WRK0331,HAWK,rotokawa,Geo,Geo,2026-08-02,13449,13395,13364,13382,13519,13616,13606,13623,13696,13700,13706,13710,13751,13750,13777,13771,13754,13687,13585,13493,13376,13273,13170,12982,12930,12889,12823,12775,12729,12714,12693,12693,12680,12622,12934,13031,13111,13213,13288,13348,13351,13414,13467,13535,13582,13592,13622,13650,,
WRK,WRK0331,HAWK,rotokawa,Geo,Geo,2026-08-03,13667,13696,13675,13680,13695,13717,13712,13716,13729,13731,13713,13709,13686,13636,13651,13585,13572,13256,13023,12718,12592,12497,12476,12442,12408,12397,12385,12395,12405,12362,12371,12407,12395,12491,12523,12546,12572,12555,12571,12618,12638,12749,12780,12743,12720,12652,12667,12715,,
WRK,WRK0331,HAWK,rotokawa,Geo,Geo,2026-08-04,12676,12713,12787,12836,12776,12714,12740,12730,12733,12720,12772,12727,12776,12833,12797,12877,12869,12823,12788,12744,12751,12734,12750,12685,12717,12798,12652,12576,12831,12974,12920,12979,12879,12920,12924,13026,13113,13141,13145,13292,13243,13122,13073,13115,13202,13423,13504,13561,,
WRK,WRK0331,HAWK,rotokawa,Geo,Geo,2026-08-05,13557,13557,13548,13544,13554,13534,13472,13342,13207,13487,13548,13565,13667,13662,13604,13671,13619,13414,13086,12935,12820,12836,12818,12682,12728,12778,12759,12503,12754,12920,12900,12814,12680,12699,12736,12744,12740,12771,12796,12819,13151,13021,13322,13352,13403,13515,13504,13536,,
WRK,WRK0331,HAWK,rotokawa,Geo,Geo,2026-08-06,13561,13600,13630,13683,13659,13669,13682,13707,13687,13714,13715,13699,13725,13729,13723,13722,13716,13665,13561,13458,13352,13214,13068,13017,12961,12916,12878,12859,12819,12811,12802,12798,12833,12869,13010,13172,13302,13336,13401,13455,13454,13516,13528,13600,13592,13536,13560,13582,,
WRK,WRK0331,HAWK,rotokawa,Geo,Geo,2026-08-07,13620,13639,13642,13661,13679,13697,13691,13685,13673,13683,13710,13698,13673,13689,11983,11059,11245,11312,11338,11295,11288,11277,12677,12681,12610,12491,12441,12355,12224,12252,12400,12386,12435,12509,12749,12886,12952,13008,12973,13011,13252,13345,13270,13409,13528,13528,13551,13575,,
WRK,WRK0331,HAWK,rotokawa,Geo,Geo,2026-08-08,13601,13621,13605,13558,13582,13563,13541,13508,13478,13498,13485,13536,13608,13608,13668,13673,13641,13616,13572,13418,13322,13276,13281,13187,13095,13057,12936,12769,12701,12654,12594,12635,12673,12742,12820,12913,12985,13032,13152,13140,13140,13185,13211,13203,13226,13231,13255,13228,,
WRK,WRK0331,HAWK,rotokawa,Geo,Geo,2026-08-09,13250,13230,13243,13275,13197,13255,13215,13235,13215,13237,13203,13167,13176,13204,13166,13112,13046,12986,13005,12956,12846,12603,12623,12655,12594,12386,12393,12574,12437,11009,10092,9907,9938,9990,10014,10052,10060,10129,10138,10146,10152,10132,10121,10188,10200,10245,10272,10343,,
WRK,WRK0331,HAWK,rotokawa,Geo,Geo,2026-08-10,10377,10386,10390,10398,10435,10436,10536,10501,10512,10567,10613,10576,10610,10640,10630,10627,10613,10563,10473,10396,10298,10117,10053,10021,9949,9946,9963,9953,9930,9915,9990,10079,10316,11493,11851,11900,12232,12431,12511,12503,12560,12671,12678,12758,12892,12864,12949,12932,,
WRK,WRK0331,HAWK,rotokawa,Geo,Geo,2026-08-11,13049,13074,13127,13117,13149,13145,13184,13146,13176,13230,13249,13195,13278,13265,13278,13283,13293,13188,13186,13080,12932,12742,12449,12216,12093,12182,12217,12278,12321,12343,12337,12340,12067,11946,12058,12151,12299,12408,12698,12774,12789,12753,12522,12541,12699,12763,12902,12713,,
WRK,WRK0331,HAWK,rotokawa,Geo,Geo,2026-08-12,12927,12887,12849,12986,13083,13068,13086,13116,13110,13108,13160,13141,13155,13101,13147,13120,13073,13072,12951,12901,12841,12771,12753,12657,12693,12609,12506,12266,12118,12224,12218,12476,12488,12525,12569,12573,12566,12521,12407,12467,12474,12441,12526,12582,12579,12558,12539,12516,,
WRK,WRK0331,HAWK,rotokawa,Geo,Geo,2026-08-13,12540,12581,12453,12487,12518,12598,12565,12563,12526,12484,12523,12509,12614,12612,12521,12527,12471,12514,12517,12507,12518,12420,12284,12148,12183,12136,12060,11955,11851,11963,12077,12163,12186,12194,12151,12150,12225,12336,12324,12200,12312,12281,12173,12166,12092,12025,12029,12127,,
WRK,WRK0331,HAWK,rotokawa,Geo,Geo,2026-08-14,12087,12104,12085,12208,12249,12185,12223,12247,12289,12229,12356,12431,12498,12546,12536,12520,12503,12414,12362,12222,12315,12255,12029,11955,11844,12076,12152,12313,12346,12321,12366,12336,12220,12357,12322,12327,12355,12451,12299,12081,12337,12455,12269,12271,12306,12209,12132,12062,,
WRK,WRK0331,HAWK,rotokawa,Geo,Geo,2026-08-15,12038,12122,12047,12150,12149,12219,12316,12339,12220,12096,12135,12176,12544,12411,12266,12093,12119,12064,11838,11761,11650,11646,11535,11593,11600,11564,11485,11431,11440,11553,11662,11540,11571,11760,11860,12011,12253,12208,12311,12260,12174,12372,12420,12316,12262,12150,12220,12570,,
WRK,WRK0331,HAWK,rotokawa,Geo,Geo,2026-08-16,12336,12662,12794,12822,12988,12963,13015,12941,13009,12982,12742,12872,12705,12940,12919,12903,12814,12516,12449,12273,12206,12244,11960,11952,12008,12042,12034,11992,12037,12074,12098,12126,12220,12240,12309,12296,12334,12359,12391,12460,12466,12432,12488,12548,12682,12777,12573,12572,,
WRK,WRK0331,HAWK,rotokawa,Geo,Geo,2026-08-17,12597,12570,12590,12608,12587,12684,12671,12799,12748,12814,12788,12831,12881,12858,12849,12914,12788,12569,12477,12572,12465,12375,12368,12309,12312,12300,12261,12268,12489,12519,12458,12497,12511,12621,12759,12716,12997,12902,13030,12939,13176,13181,13228,13267,13286,13268,13283,13314,,
WRK,WRK0331,HAWK,rotokawa,Geo,Geo,2026-08-18,13250,13387,13401,13426,13420,13450,13448,13428,13443,13480,13468,13527,13488,13558,13531,13517,13496,13460,13338,13126,12845,12725,12592,12477,12438,12263,12111,12184,12339,12317,12276,12440,12356,12493,12499,12483,12556,12622,12630,12627,12662,12774,12799,12532,12625,12686,12593,12839,,
WRK,WRK0331,HAWK,rotokawa,Geo,Geo,2026-08-19,13062,13034,13009,13052,13039,13042,12893,12774,12755,12779,12797,12775,12736,12774,12835,12861,12863,12801,12778,12680,12615,12610,12594,12463,12325,12314,12405,12261,12191,12195,12235,12263,12285,12341,12463,12560,12627,12545,12627,12871,13115,13258,13290,13287,13365,13368,13380,13400,,
WRK,WRK0331,HAWK,rotokawa,Geo,Geo,2026-08-20,13410,13435,13413,13405,13339,13309,13326,13332,13323,13378,13454,13467,13479,13450,13436,13438,13443,13277,13119,12998,12843,12822,12670,12492,12403,12282,12264,12236,12205,12180,12190,12234,12274,12336,12407,12534,12631,12668,12753,12811,12877,12914,12914,13013,13137,13182,13169,13193,,
WRK,WRK0331,HAWK,rotokawa,Geo,Geo,2026-08-21,13210,13255,13312,13342,13349,13374,13429,13450,13439,13433,13439,13451,13439,13424,13377,13343,13271,13216,13183,13123,13063,12981,12884,12679,12446,12345,12353,12269,12294,12301,12290,12265,12336,12352,12393,12489,12610,12731,12759,12763,12769,12843,12889,12865,12809,12641,12608,12607,,
WRK,WRK0331,HAWK,rotokawa,Geo,Geo,2026-08-22,12626,12666,12663,12652,12635,12656,12685,12701,12682,12647,12666,12691,12700,12742,12781,12783,12685,12663,12573,12472,12448,12418,12309,12438,12267,12265,12243,12230,12309,12217,12200,12271,12290,12316,12366,12395,12396,12413,12443,12446,12459,12450,12486,12495,12504,12479,12429,12419,,
WRK,WRK0331,HAWK,rotokawa,Geo,Geo,2026-08-23,12469,12559,12549,12485,12545,12552,12486,12498,12583,12551,12493,12488,12515,12545,12573,12554,12534,12465,12415,12391,12275,12162,12088,12103,12089,12046,12062,12184,12109,12122,12093,12170,12268,12300,12343,12351,12405,12396,12480,12556,12642,12662,12620,12716,12816,12828,12825,12806,,
WRK,WRK0331,HAWK,rotokawa,Geo,Geo,2026-08-24,12749,12644,12762,12856,12774,12804,12787,12866,12716,12712,12627,12757,12761,12763,12804,12768,12765,12649,12563,12517,12454,12438,12400,12369,12332,12282,12289,12331,12260,12268,12226,12216,12271,12323,12370,12521,12622,12739,12823,12736,12799,12745,12820,12806,12726,12771,12764,12777,,
WRK,WRK0331,HAWK,rotokawa,Geo,Geo,2026-08-25,12796,12844,12896,12991,12937,12988,12956,12913,12934,12855,12909,12818,12826,12792,12732,12726,12627,12537,12509,12456,12388,12335,12297,12214,12205,12091,12099,12100,12108,12068,12079,12087,12119,12224,12351,12377,12446,12524,12539,12580,12566,12568,12587,12579,12606,12654,12614,12691,,
WRK,WRK0331,HAWK,rotokawa,Geo,Geo,2026-08-26,12675,12619,12661,12658,12597,12642,12676,12682,12624,12641,12698,12719,12657,12658,12639,12593,12539,12471,12457,12488,12424,12408,12339,12271,12181,12186,12046,11970,12017,12055,12119,12131,12207,12303,12328,12358,12392,12319,12390,12421,12362,12384,12374,12382,12327,12317,12370,12358,,
WRK,WRK0331,HAWK,rotokawa,Geo,Geo,2026-08-27,12379,12334,12358,12370,12403,12460,12467,12443,12507,12535,12629,12728,12688,12721,11441,11354,11238,11198,11108,11042,11025,11009,10936,10924,10810,10829,10794,10730,10731,10766,10751,10767,10783,10816,10788,10909,10934,11207,12238,12380,12410,12446,12492,12351,12384,12631,12651,12673,,
WRK,WRK0331,HAWK,rotokawa,Geo,Geo,2026-08-28,12479,12633,12535,12455,12427,12490,12597,12556,12530,12506,12524,12561,12364,12408,12594,12560,12420,12392,12362,12284,12288,12287,12242,12204,12131,12144,12129,12083,12049,12030,12051,12088,12125,12200,12362,12442,12506,12560,12572,12575,12552,12516,12471,12418,12446,12517,12531,12564,,
WRK,WRK0331,HAWK,rotokawa,Geo,Geo,2026-08-29,12538,12531,12541,12583,12568,12584,12582,12531,12526,12502,12485,12472,12501,12535,12527,12466,12399,12371,12361,12344,12292,12198,12089,12094,12071,12013,11997,12021,12040,12070,12114,12159,12171,12217,12257,12262,12280,12369,12295,12385,12404,12405,12432,12453,12461,12486,12482,12479,,
WRK,WRK0331,HAWK,rotokawa,Geo,Geo,2026-08-30,12514,12398,12515,12488,12513,12606,12669,12687,12700,12657,12715,12654,12571,12654,12634,12601,12551,12426,12349,12237,12151,12113,12073,12046,12082,12075,12011,12021,11953,11930,12032,11914,11928,12027,12141,12163,12233,12253,12248,12264,12203,12264,12292,12379,12440,12397,12397,12343,,
WRK,WRK0331,HAWK,rotokawa,Geo,Geo,2026-08-31,12303,12309,12322,12383,12388,12389,12403,12397,12415,12441,12456,12458,12441,12435,12433,12396,12325,12311,12283,12186,12165,12096,12156,12058,12003,12073,12081,11977,11971,11972,11970,12052,12164,12170,12205,12189,12373,12387,12375,12401,12393,12418,12451,12474,12498,12470,12500,12481,,
WRK,WRK0331,HAWK,tehuka,Geo,Geo,2026-08-01,12515,12490,12503,12513,12386,12504,12648,12663,12504,12374,12195,12660,12636,12571,12524,12566,12645,12411,12394,12110,12200,11958,12142,12157,11937,12048,12133,12097,12098,12117,12073,12109,12099,12153,12345,12306,12237,12236,12326,12410,12564,12707,12674,12492,12617,12385,12623,12527,,
WRK,WRK0331,HAWK,tehuka,Geo,Geo,2026-08-02,12625,12715,12650,12731,12580,12508,12466,12805,12796,12715,12496,12525,12640,12542,12511,12469,12433,12366,12308,11957,12189,12406,12407,12357,12397,12455,12340,12218,12284,12471,12328,12322,12021,12191,12307,12656,12611,12597,12539,12645,12595,12598,12660,12571,12508,12526,12543,12474,,
WRK,WRK0331,HAWK,tehuka,Geo,Geo,2026-08-03,12496,12591,12488,12551,12482,12419,12563,12497,12431,12393,12441,12554,12447,12075,12201,12257,12568,12507,12328,12150,11840,11881,11906,11906,11817,11928,11906,11908,11956,11897,11941,12052,12093,12020,12066,11978,11968,12029,12016,12015,12104,12149,12102,12088,12176,12098,12150,12231,,
WRK,WRK0331,HAWK,tehuka,Geo,Geo,2026-08-04,12219,12312,12295,12223,12154,12155,12198,12291,12409,12431,12381,12394,12403,12290,12379,12433,12552,12405,12303,12385,12388,12340,12334,12284,12071,12224,12182,12398,12403,12309,12273,12546,12360,12421,12547,12624,12441,12439,12489,12427,12386,12418,12405,12432,12520,12321,12381,12492,,
WRK,WRK0331,HAWK,tehuka,Geo,Geo,2026-08-05,12501,12448,12466,12514,12460,12417,12446,12398,12479,12811,12173,12296,12226,12372,12681,12578,12321,12252,12405,12354,12333,12192,12197,12211,12221,12130,12149,12428,12470,12373,12194,12271,12218,12206,12324,12345,12522,12450,12441,12442,12400,12428,12632,12614,12478,12274,12485,12334,,
WRK,WRK0331,HAWK,tehuka,Geo,Geo,2026-08-06,12631,12879,12349,12687,12702,12537,12414,12558,12605,12479,12579,12428,12540,12389,12683,12526,12454,12476,12430,12297,12428,12285,12294,12406,12426,12354,12372,12233,12289,12297,12231,12275,12411,12467,12624,12536,12566,12801,12529,12660,12472,12575,12683,12520,12599,12545,12597,12540,,
WRK,WRK0331,HAWK,tehuka,Geo,Geo,2026-08-07,12519,12574,12575,12603,12698,12603,12507,12535,12509,12448,12689,12539,12528,12613,12620,12342,12650,12495,12328,12523,12375,12394,12195,12072,12265,12339,12261,12186,12207,12221,12473,12553,12435,12590,12693,12610,12491,12520,12532,12306,12533,12636,12489,12455,12433,12425,12483,12455,,
WRK,WRK0331,HAWK,tehuka,Geo,Geo,2026-08-08,12479,12442,12377,12303,12371,12405,12445,12331,12430,12843,12732,12328,12636,12653,12539,12511,12424,12428,12371,12443,12338,12372,12463,12332,12196,12114,11951,12076,12137,12060,12101,12160,12104,12235,12291,12437,12480,12466,12539,12465,12408,12370,12440,12439,12423,12452,12459,12349,,
WRK,WRK0331,HAWK,tehuka,Geo,Geo,2026-08-09,12423,12408,12415,12389,12435,12460,12397,12462,12392,12405,12508,12519,12330,12387,12326,12487,12534,12477,12410,12418,12367,12313,12296,12196,12052,12110,12105,12027,11864,11719,11686,11831,12057,12055,12141,12084,12005,12036,12079,12077,12174,12174,12287,12200,12344,12248,12352,12434,,
WRK,WRK0331,HAWK,tehuka,Geo,Geo,2026-08-10,12374,12507,12492,12482,12471,12483,12448,12458,12366,12268,12416,12541,12477,12572,12520,12444,12400,12212,12318,12347,12089,12141,12021,12003,12004,11960,12054,12032,12005,12036,12015,12056,12062,12038,12179,12265,12338,12474,12305,12338,12201,12491,12494,12502,12430,12386,12477,12536,,
WRK,WRK0331,HAWK,tehuka,Geo,Geo,2026-08-11,12395,12146,12341,12547,12589,12731,12614,12311,12293,12304,12730,12506,12510,12617,12372,12434,12493,12283,12388,12290,12229,12212,12124,11940,12035,12002,12010,11987,11937,12011,11984,11972,11957,12018,11966,12082,12068,12114,12243,12318,12744,12605,12529,12461,12446,12440,12425,12496,,
WRK,WRK0331,HAWK,tehuka,Geo,Geo,2026-08-12,12385,12439,12486,12341,12544,12446,12430,12303,12513,12470,12455,12498,12436,12372,12330,12380,12347,12423,11497,11966,12259,11780,12289,12262,12210,12191,12200,12112,12110,12074,12114,12165,12096,12167,12140,12229,12467,12427,12416,12423,12462,12406,12439,12402,12481,12428,12455,12302,,
WRK,WRK0331,HAWK,tehuka,Geo,Geo,2026-08-13,12549,12454,12480,12447,12458,12422,12443,12452,12441,12419,12461,12429,12467,12454,12442,12491,12190,12414,12454,12368,12308,12244,12192,12137,12130,12172,12064,12037,11977,12014,11987,12106,12179,12152,12132,12213,12150,12223,12182,12189,12239,12178,12010,12178,12162,12115,12172,12196,,
WRK,WRK0331,HAWK,tehuka,Geo,Geo,2026-08-14,12149,12147,12215,12178,12276,12176,12242,12249,12307,12286,12245,12293,12178,12164,12185,12318,12223,12064,12010,11857,11557,11384,11505,11737,11866,11990,12034,12007,11954,11973,12093,12060,12089,12139,12116,12106,12163,12075,12093,12195,12124,12150,12247,12344,12187,12220,12178,12086,,
WRK,WRK0331,HAWK,tehuka,Geo,Geo,2026-08-15,12115,11974,12136,12160,12049,12018,12158,12057,12273,12157,12108,12112,12123,11991,12231,12132,12133,12136,12041,11863,11634,11157,10945,11179,11041,10898,10798,10770,10791,10900,10855,10867,11045,11031,11305,11426,11365,11432,11216,11250,11466,11554,11503,11644,11500,11601,11811,12194,,
WRK,WRK0331,HAWK,tehuka,Geo,Geo,2026-08-16,12250,12279,12176,12271,12723,12542,12392,12447,12411,12206,12635,12394,12334,12470,12431,12261,12175,12237,12347,12325,12225,12199,12122,12104,11879,11622,11814,11505,11661,11754,11821,11935,12020,12070,11935,11987,11982,12089,12068,12085,12334,12182,12120,12107,12225,12330,12246,12215,,
WRK,WRK0331,HAWK,tehuka,Geo,Geo,2026-08-17,12050,12048,12114,12180,12355,12500,12375,12470,12413,12415,12406,12450,12333,12474,12285,12516,12522,12266,12369,11533,11481,11377,11336,11314,11321,11433,11536,11731,11706,11381,11379,11360,12011,12092,12194,12353,12552,12522,12315,12600,12247,12304,12379,12336,12359,12395,12397,12504,,
WRK,WRK0331,HAWK,tehuka,Geo,Geo,2026-08-18,12506,12401,12282,12503,12432,12246,12305,12508,12479,12485,12490,12276,12657,12444,12101,12287,12247,12183,12326,12223,12177,11978,11829,11741,11718,11925,11812,11751,11786,11674,11778,11881,11878,11819,11753,11817,11940,11903,12000,11980,12041,12083,12056,12150,12204,12329,12401,12394,,
WRK,WRK0331,HAWK,tehuka,Geo,Geo,2026-08-19,12302,12289,12375,12524,12405,12407,12403,12495,12540,12341,12412,12376,12301,12237,12299,12305,12359,12421,12159,12119,12021,11835,11950,11986,11972,11930,12045,11992,11649,11292,11514,11444,11582,11974,12002,12105,12240,12137,12165,12217,12469,12435,12678,12427,12282,12438,12644,12454,,
WRK,WRK0331,HAWK,tehuka,Geo,Geo,2026-08-20,11988,12272,12636,12258,12540,12328,12454,12483,12628,12526,12394,12437,12568,12405,12477,12440,12387,12199,11950,12150,12308,12379,11977,11901,11962,11886,11730,11734,11960,11998,12043,11913,11971,12050,11893,11870,11899,12007,12346,12101,12243,12363,12196,12200,12187,12257,12464,12469,,
WRK,WRK0331,HAWK,tehuka,Geo,Geo,2026-08-21,12393,12433,12274,12598,12734,12579,12465,12439,12262,12707,12427,12378,12419,12494,12535,12427,12443,12295,12346,12336,12215,12251,12089,12083,11876,11899,11955,12006,12119,11934,12032,12001,12076,12097,12255,12436,12418,12445,12463,12452,12422,12425,12413,12453,12064,12404,12362,12318,,
WRK,WRK0331,HAWK,tehuka,Geo,Geo,2026-08-22,12277,12383,12364,12381,12380,12442,12412,12439,12433,12335,12458,12477,12426,12413,12430,12380,12343,12242,12040,12153,12088,12003,12039,12084,11891,11960,11896,11850,11825,11779,11768,11786,11912,11925,12007,12075,12040,12094,12042,12170,12062,12198,12065,12068,12200,12267,12151,12084,,
WRK,WRK0331,HAWK,tehuka,Geo,Geo,2026-08-23,12111,12069,12070,12090,12112,12123,12180,12135,12154,12202,12287,12239,12217,12185,12171,12084,12156,12131,11940,11812,11803,11752,11769,11678,11647,11526,11751,11976,11930,11794,11793,11980,12007,12110,12056,12090,12160,12035,12220,12343,12259,12307,12357,12437,12412,12511,12218,12179,,
WRK,WRK0331,HAWK,tehuka,Geo,Geo,2026-08-24,12022,12012,12227,12147,12256,12127,12107,11907,12005,12092,12264,12194,12403,12336,12279,12198,12157,12096,11981,11971,12042,12052,12090,11984,11939,12042,11854,11902,11817,11780,11800,11957,11969,12060,12152,12287,12266,12246,12280,12313,12246,12170,12293,12198,12148,12177,12248,12287,,
WRK,WRK0331,HAWK,tehuka,Geo,Geo,2026-08-25,12084,12266,12308,12208,12271,12276,12239,12216,12252,12165,12151,12278,12249,11977,12101,12256,12073,11986,11843,11824,11864,11813,11726,11840,11798,11752,11697,11781,11645,11708,11777,11871,11929,11925,12096,12089,12244,12249,12172,12282,12235,12052,12172,12203,12268,12199,12132,12238,,
WRK,WRK0331,HAWK,tehuka,Geo,Geo,2026-08-26,12170,12097,11977,11983,12154,12338,12288,12189,12205,12248,12011,12292,12272,12238,12252,12189,12019,11993,12064,12120,12080,12008,11919,11758,11688,11684,11663,11628,11875,11806,11801,11909,11947,11991,11983,12078,12074,12085,12061,11905,11996,12014,12049,12077,12102,12106,12073,12119,,
WRK,WRK0331,HAWK,tehuka,Geo,Geo,2026-08-27,12098,12001,12048,12061,12151,12101,11981,11957,11962,12049,12285,12220,12352,12231,12090,12144,11706,11745,11643,11674,11889,11891,12047,11844,11725,11685,11613,11522,11324,11213,11327,11206,11326,11403,11407,11504,11619,11769,11855,11919,12096,12130,12153,12071,11998,12192,12124,12160,,
WRK,WRK0331,HAWK,tehuka,Geo,Geo,2026-08-28,12072,12101,12141,12169,12089,12026,12060,11972,11977,12053,12042,12029,11972,12074,12060,12064,11923,11870,11874,11693,11816,11792,11823,11710,11813,11690,11641,11610,11574,11486,11503,11571,11667,11783,11918,12141,12176,12114,12117,11982,12098,12064,12088,11968,12001,12119,12069,12108,,
WRK,WRK0331,HAWK,tehuka,Geo,Geo,2026-08-29,11977,11968,11925,11916,11899,11948,11814,11933,11959,11952,11828,12083,11999,12074,11971,11832,11747,11615,11726,11608,11537,11518,11353,11307,11411,11294,11228,11261,11319,11447,11513,11680,11780,11851,11834,11799,11962,11984,11881,11967,12019,12026,12075,12018,12121,12098,12102,12100,,
WRK,WRK0331,HAWK,tehuka,Geo,Geo,2026-08-30,12148,11939,11956,11977,12026,12266,12107,12218,12170,12358,11969,11962,12137,12111,12277,12041,11984,11838,11771,11719,11841,11903,11810,11912,11650,11615,11584,11317,11396,11571,11333,11435,11478,11420,11543,11574,11797,11899,12056,12089,11910,11962,12113,11987,11990,11898,11929,11867,,
WRK,WRK0331,HAWK,tehuka,Geo,Geo,2026-08-31,11867,11949,11963,11960,12060,12106,12092,11871,11977,11985,12254,12101,12191,12277,12179,12138,12113,12029,12150,11987,12013,11817,11840,11769,11693,11625,11651,11498,11423,11506,11504,11687,11753,11819,12002,11930,11977,11987,11950,11972,12002,12011,12018,12068,12095,12007,12054,12085,,
WRK,WRK2201,CTCT,wairakei,Geo,Geo,2026-08-01,66133,66200,66162,66240,66318,66124,66075,66111,65821,66008,66047,66122,66169,66295,66459,66578,66623,66551,66386,66017,65512,65301,65501,65288,65323,65192,65438,65601,65670,65587,65502,65467,65477,65505,65596,65787,65658,65789,66003,66031,66097,66255,66389,66327,66286,66327,66295,66334,,
WRK,WRK2201,CTCT,wairakei,Geo,Geo,2026-08-02,66348,66431,66595,66607,66532,66449,66470,66333,66350,66355,66402,66392,66471,66616,66741,66653,66520,66349,66347,66350,66022,65557,65432,65388,65516,65637,65529,65352,65161,65037,64944,65056,64893,65201,65547,65826,66133,66303,66395,66352,66294,66273,66266,66334,66343,66367,66359,66557,,
WRK,WRK2201,CTCT,wairakei,Geo,Geo,2026-08-03,66668,66627,66543,66421,66371,66343,66356,66369,66382,66369,66455,66617,66763,66625,66352,66133,65833,65399,65001,64660,64466,64346,64672,64787,64777,64673,64544,64439,64440,64423,64436,64399,64587,64798,64885,64869,64851,64881,64861,65059,65361,65544,65597,65328,65180,65427,65495,65440,,
WRK,WRK2201,CTCT,wairakei,Geo,Geo,2026-08-04,65328,65222,65042,65112,65072,65037,65076,65047,65212,65479,65639,65379,65339,65273,65278,65176,63499,63303,63320,63265,64055,64269,64198,63997,64297,64738,64432,64394,64569,64608,64637,64630,64818,65198,65011,65118,65032,64864,64617,64904,64754,64845,64920,65041,65388,65500,65419,65335,,
WRK,WRK2201,CTCT,wairakei,Geo,Geo,2026-08-05,65156,65028,64985,65082,65140,65159,65164,65305,65491,65556,65469,65376,65292,65200,65254,65291,65241,65110,64885,64730,64576,64444,64399,64098,64092,64051,64022,64653,64660,64737,64752,65544,66578,66491,66682,66715,66681,66838,66830,66924,67131,67338,67312,67372,67470,67380,67277,67142,,
WRK,WRK2201,CTCT,wairakei,Geo,Geo,2026-08-06,67089,67091,67077,67110,67100,66904,66800,66975,67023,66893,66815,66635,66616,66602,66607,66610,66601,66652,66884,67076,66910,66666,66448,66271,66251,66131,66082,65691,65563,65569,65772,65883,65872,65867,66062,66176,66438,66556,66565,66535,66546,66669,66854,66862,66778,66692,66562,66454,,
WRK,WRK2201,CTCT,wairakei,Geo,Geo,2026-08-07,66486,66490,66497,66516,66572,66691,66824,66833,66769,66692,66575,66413,66529,66524,66511,66513,66586,66804,66898,66844,66691,66518,66303,66180,66103,66095,65773,65325,65401,65543,65633,65617,65570,65536,65595,65864,66329,66465,66524,66580,66683,66764,66788,66696,66612,66509,66441,66488,,
WRK,WRK2201,CTCT,wairakei,Geo,Geo,2026-08-08,66465,66509,66532,66616,66705,66806,66723,66680,66609,66512,66521,66527,66545,66542,66529,66617,66824,66895,66863,66679,66453,66364,65941,65729,65637,65549,65438,65101,65564,65589,65495,65502,65408,65407,65549,65659,65882,66056,66139,66329,66486,66487,66376,66256,66162,66124,66119,66095,,
WRK,WRK2201,CTCT,wairakei,Geo,Geo,2026-08-09,66076,66166,66240,66428,66484,66361,66138,65939,65775,65714,65754,65743,65756,65697,65771,65973,65996,65799,65604,65353,65175,65050,65016,65089,64860,64892,64983,65145,64907,64784,64874,65103,65110,65342,65453,65544,65622,65645,65855,66044,66029,65983,65908,65680,65670,65893,66098,66210,,
WRK,WRK2201,CTCT,wairakei,Geo,Geo,2026-08-10,66351,66406,66662,66876,66933,66844,66813,66695,66624,66681,66694,66722,66702,66755,66891,67044,66889,66674,66384,65952,65272,65167,64867,64762,64784,64790,60860,60852,64939,64987,65058,64974,65341,65147,65264,65498,65464,65633,65672,65964,65912,66013,66183,66086,66104,66245,66362,66366,,
WRK,WRK2201,CTCT,wairakei,Geo,Geo,2026-08-11,66397,66560,66812,66859,66924,66754,66594,66636,66659,66663,66659,66627,66554,66541,66819,66992,67503,67277,66976,66659,66493,66142,65748,65749,65829,65835,65817,65968,66127,65901,65727,65750,65808,66119,66144,66350,66284,66557,66756,66978,66907,66947,67003,66995,66944,66917,66959,66975,,
WRK,WRK2201,CTCT,wairakei,Geo,Geo,2026-08-12,66983,67138,67434,67530,67395,67236,67201,67145,67159,67098,67104,67206,67208,67321,67505,67523,67152,66898,66688,66404,66306,66256,66214,66219,66058,66150,66237,66209,63022,62459,62263,62273,62216,62241,62273,62318,62367,62546,62746,62682,62611,62590,62494,62442,62476,62486,62493,62468,,
WRK,WRK2201,CTCT,wairakei,Geo,Geo,2026-08-13,62512,62602,62799,62787,62708,62553,62448,62304,62245,62323,62416,62440,62457,62517,62675,62702,62562,62478,62300,62236,62221,62189,62228,62193,62183,62251,62394,62383,57848,61119,62144,62112,62059,62072,62115,62121,62128,62221,62398,62459,62309,62166,62068,62048,62049,62039,62044,62117,,
WRK,WRK2201,CTCT,wairakei,Geo,Geo,2026-08-14,62135,62272,62423,62508,62505,62366,62271,62268,62301,62328,62319,62324,62398,62509,62758,62787,62642,62591,62445,62238,62121,62136,62104,61991,62097,62203,62429,62514,62443,62380,62247,62127,62102,62066,62191,62257,62361,62411,62605,62573,62590,62556,62476,62400,62438,62463,62496,62497,,
WRK,WRK2201,CTCT,wairakei,Geo,Geo,2026-08-15,62505,62556,62693,62800,62715,62583,62449,62359,62384,62445,62480,62472,62462,62542,62769,62765,62375,62133,62126,62046,62038,61964,61931,61959,61971,62065,62117,62337,62282,62247,62006,61853,61874,61894,61987,62176,62160,62298,62444,62485,62376,62373,62283,62229,62254,62305,62363,62405,,
WRK,WRK2201,CTCT,wairakei,Geo,Geo,2026-08-16,62484,62545,62716,62779,62801,62713,62642,62626,62663,62612,62626,62633,62723,62743,62807,62991,62868,62709,62613,62469,62295,62289,62300,62277,62228,62263,62373,62489,62499,62335,62233,62203,62182,62215,62212,62203,62354,62295,62398,62525,62525,62490,62321,62239,62284,62253,62249,62246,,
WRK,WRK2201,CTCT,wairakei,Geo,Geo,2026-08-17,62273,62306,62515,62609,62723,62577,62448,62374,62411,62425,62388,62502,62466,62509,62573,62808,62767,62651,62420,62264,62209,62178,62081,62090,62148,62279,62348,62532,62424,62278,62215,62080,62165,62220,62212,62247,62405,62492,62726,62847,62826,62796,62854,62677,62668,62678,62740,62726,,
WRK,WRK2201,CTCT,wairakei,Geo,Geo,2026-08-18,62732,62729,62917,63061,63070,63012,62942,62787,62784,62739,62749,62819,62851,62844,62908,63178,63173,62946,62642,62024,61759,61701,61685,61638,61511,61501,61687,61884,61859,61718,61609,61481,61499,61379,61380,61494,61509,61543,61668,61774,61739,61119,60975,60922,60933,60954,61026,61074,,
WRK,WRK2201,CTCT,wairakei,Geo,Geo,2026-08-19,61052,61087,61249,61550,61452,61342,61212,61146,61190,61314,61303,61339,61335,61326,61606,61858,61655,61222,61058,60906,60782,60909,60947,60957,60926,60947,61177,61394,56565,55551,56801,61602,61664,61750,61913,62088,62247,62340,62472,62628,62651,62601,62466,62265,62268,62398,62406,62403,,
WRK,WRK2201,CTCT,wairakei,Geo,Geo,2026-08-20,62413,62439,62493,62650,62613,62560,62428,62382,62426,62449,62409,62486,62482,62535,62715,63045,63083,62841,62678,62430,62297,62261,62181,62047,61921,61918,61965,62109,61654,61562,62287,62160,62117,62102,62206,62265,62376,62394,62538,62719,62779,62767,62692,62533,62514,62561,62523,62614,,
WRK,WRK2201,CTCT,wairakei,Geo,Geo,2026-08-21,62703,62763,62812,63069,63173,63101,62980,62870,62739,62717,62729,62740,62721,62657,62722,62873,62942,62839,62640,62536,62501,62388,62310,62069,62009,61950,61989,62164,62200,62164,62145,62139,62006,62029,62138,62302,62487,62567,62624,62737,62830,62893,62797,62314,62208,62187,62249,62259,,
WRK,WRK2201,CTCT,wairakei,Geo,Geo,2026-08-22,62326,62319,62326,62549,62702,62613,62547,62377,62283,62223,62263,62271,62340,62343,62465,62602,62692,62523,62389,62237,62145,62123,62100,62099,61980,61995,62014,62217,62310,62309,62140,62107,62035,61950,62012,62153,62224,62246,62327,62539,62629,62566,62471,62455,62403,62383,62394,62356,,
WRK,WRK2201,CTCT,wairakei,Geo,Geo,2026-08-23,62391,62423,62494,62586,62701,62645,62570,62402,62356,62298,62345,62338,62379,62303,62452,62660,62684,62619,62456,62334,62162,62131,62141,62172,62037,62055,62211,62358,62391,62335,62259,62169,62105,62102,62079,62093,62162,62154,62162,62361,62626,62542,62435,62287,62211,62206,62158,62197,,
WRK,WRK2201,CTCT,wairakei,Geo,Geo,2026-08-24,62254,62344,62341,62591,62747,62667,62544,62478,62255,62334,62345,62392,62309,62291,62366,62591,62581,62442,62265,62146,62060,62045,61974,62048,62136,62153,62180,62428,62455,62340,62210,62065,62060,62038,62088,62150,62208,62298,62443,62566,62592,62587,62521,62265,62263,62280,62289,62236,,
WRK,WRK2201,CTCT,wairakei,Geo,Geo,2026-08-25,62310,62486,62357,62495,62539,62525,62476,62378,62234,62228,62220,62244,62355,62437,62435,62606,62649,62503,62268,62111,62066,61909,61952,62025,61971,61984,61990,62178,62287,62190,62074,62042,61993,62011,62070,62055,62133,62129,62139,62320,62403,62433,62435,62294,62229,62022,62092,62118,,
WRK,WRK2201,CTCT,wairakei,Geo,Geo,2026-08-26,62136,62221,62282,62482,62507,62475,62456,62404,62346,62305,62404,62511,62420,62379,62419,62600,62627,62531,62387,62252,62113,62052,57305,59745,61447,61868,61862,62047,62243,62161,62033,61937,61845,61823,61854,61629,61761,61905,61921,62156,62255,62249,62192,62080,61842,61632,61794,61834,,
WRK,WRK2201,CTCT,wairakei,Geo,Geo,2026-08-27,61937,62021,62024,62237,62424,62500,62339,62231,62095,62092,62098,62151,62150,62097,62036,62054,62178,62139,61934,61901,61830,61470,58591,58448,58473,58449,58458,58543,58760,58723,58642,58539,58448,60925,61382,61518,61578,61663,61756,61916,62029,62059,62052,61935,61780,61741,61830,61812,,
WRK,WRK2201,CTCT,wairakei,Geo,Geo,2026-08-28,61879,61895,61865,56470,52092,52108,52639,54658,54584,56279,57476,57439,57437,57448,57458,57456,57425,60787,61586,61419,61449,61419,62019,64138,64595,64633,64692,64919,64928,64832,64864,64909,64859,64807,65032,65085,65036,65131,65182,65233,65365,65491,65504,65451,65284,65218,65168,56373,,
WRK,WRK2201,CTCT,wairakei,Geo,Geo,2026-08-29,51708,49994,49982,49918,49957,50044,50122,50035,50179,50273,52612,52540,52560,52549,52538,55104,57247,57952,63103,63104,65039,64744,64688,64685,64678,64710,64789,64837,64787,64912,65115,65257,65282,65249,65107,65107,65126,65125,65264,65428,65495,65627,65777,65790,65776,65576,65573,65556,,
WRK,WRK2201,CTCT,wairakei,Geo,Geo,2026-08-30,65583,65470,65089,65069,65095,65345,65415,65532,65373,65348,65303,65097,65187,65176,65082,65046,64875,64743,64782,64965,64925,64909,64574,64717,64470,64414,64394,55847,50063,48719,45268,45335,45953,50527,53639,60044,60458,60503,60543,60556,61623,63036,64808,65246,65270,65222,64907,64706,,
WRK,WRK2201,CTCT,wairakei,Geo,Geo,2026-08-31,64644,64330,52330,45064,45283,45253,45135,45169,45186,45235,45263,45271,45293,45193,45174,45152,45108,45225,45157,45076,45515,61381,64748,64669,64577,64549,64525,64397,64458,64468,64082,64676,64939,64803,64743,64566,64599,64563,64470,64686,64682,64666,64718,64974,65068,65003,64890,64724,,
WTK,WTK0111,MERI,waitaki,Hydro,Hydro,2026-08-01,22735,21996,21414,21321,21735,22296,22278,22182,22277,22181,22270,22177,22305,22236,22362,22356,22226,22381,22372,22285,22263,22000,22316,22444,22561,22437,22393,22326,22320,22392,22382,22212,22553,22374,22260,21939,22209,22335,22250,22236,22229,22298,22348,22232,22239,22247,22253,22249,,
WTK,WTK0111,MERI,waitaki,Hydro,Hydro,2026-08-02,22263,22225,22202,22099,22369,22271,22288,22250,22246,22260,22228,22239,22306,22340,22347,22183,22259,22162,22264,22250,22324,22392,22324,22327,22335,22299,22336,22317,22314,22453,22231,22331,22300,22494,21883,22306,22262,22251,22264,22195,22203,22259,22364,22154,22311,22437,22141,22279,,
WTK,WTK0111,MERI,waitaki,Hydro,Hydro,2026-08-03,24710,24775,27204,27147,29688,29288,32352,32260,34526,34704,36842,38357,39631,41186,42038,41929,43952,44177,44103,43694,44238,44145,44261,44257,43395,41912,41989,42212,42073,42062,42531,42122,42333,42042,42506,44448,43974,44847,44740,44721,44564,44645,44806,44577,44237,42712,41769,40512,,
WTK,WTK0111,MERI,waitaki,Hydro,Hydro,2026-08-04,40519,40905,40414,40498,40822,40576,40417,40602,40526,40649,40597,40723,40710,40268,39969,40661,41166,40938,40653,40307,40427,40393,40640,40906,40771,40519,40933,40526,40583,40720,40955,40758,40415,40672,40824,40554,40674,40475,40418,40863,40666,40368,42996,43068,43097,42523,41765,41166,,
WTK,WTK0111,MERI,waitaki,Hydro,Hydro,2026-08-05,41029,41070,41030,40988,40982,41112,42161,41994,44135,43995,46837,47267,48524,48805,48506,48757,49001,48914,48944,48856,48134,47366,46238,45414,43374,42604,42116,41613,40011,39269,38816,38071,37743,37828,37810,37601,37418,38028,37414,37986,40037,40063,42069,42089,41537,41299,41222,41122,,
WTK,WTK0111,MERI,waitaki,Hydro,Hydro,2026-08-06,41230,41141,41110,41109,41176,41233,41254,42149,44045,44559,46940,47083,49280,49237,49097,50093,50803,51272,50863,49831,49230,48492,47664,46169,45170,44133,43245,42456,41233,41333,41253,40994,40864,41112,41195,41007,41141,41253,41026,41166,41020,41068,41091,41010,41039,41119,41159,41148,,
WTK,WTK0111,MERI,waitaki,Hydro,Hydro,2026-08-07,43453,43632,45777,46252,48558,48446,49541,49338,49471,49534,49463,49181,49442,49691,50062,51684,51610,51928,52079,51910,51636,51744,51771,51841,51773,51967,51904,51969,51953,52048,51887,51892,51772,51599,51930,51526,51609,50221,49916,48745,48212,48096,48015,48071,47171,46326,45296,44052,,
WTK,WTK0111,MERI,waitaki,Hydro,Hydro,2026-08-08,42570,42165,41239,40158,39266,38292,37233,36323,35349,34315,33309,32682,31218,30526,29856,29451,29826,29865,29816,29687,30261,29774,29591,30021,29826,29807,29886,29807,29868,29894,29870,29835,29784,29907,29782,29879,33578,43487,49669,50457,52098,49884,48939,47834,47517,45996,44183,42698,,
WTK,WTK0111,MERI,waitaki,Hydro,Hydro,2026-08-09,40799,40525,39653,38473,37158,35864,34620,34304,34132,32945,31841,30496,29933,28380,28839,28715,28765,28765,28674,28677,28758,28789,28860,28757,28935,28902,28686,28754,28859,28843,29004,28659,28729,28787,28788,28702,28768,28829,28819,28833,28736,28689,28851,28696,28650,28665,28746,28690,,
WTK,WTK0111,MERI,waitaki,Hydro,Hydro,2026-08-10,31037,30278,29663,29545,29469,29363,29289,29027,31383,32738,34515,34344,36868,38647,39864,40300,41731,42875,43210,43253,43305,43359,43469,43439,43325,43160,43005,42826,42675,42531,42534,42614,42681,42715,42792,42878,43001,43108,43257,43390,43521,43649,43768,43835,43947,44004,44090,44077,,
WTK,WTK0111,MERI,waitaki,Hydro,Hydro,2026-08-11,43519,42922,42541,41823,40642,39654,38708,37734,37134,37035,37071,36610,35757,37781,37686,37714,39865,40404,40294,40177,39341,39292,38319,36832,37097,36839,35916,34945,34804,34752,35160,34784,34545,34743,34706,35213,34994,36503,38601,39550,44461,43008,42125,41747,40331,38821,36972,35785,,
WTK,WTK0111,MERI,waitaki,Hydro,Hydro,2026-08-12,35316,35172,35163,35089,35297,35270,35137,35143,35277,35196,34840,34802,35302,34971,35077,35043,35683,35796,35587,35627,35576,35139,34945,35123,35196,35209,35120,35475,35066,35220,35592,37516,37950,36668,36655,35420,35123,35150,35318,35138,35176,35180,35196,35188,35066,35079,35216,35251,,
WTK,WTK0111,MERI,waitaki,Hydro,Hydro,2026-08-13,37103,37479,37041,37016,37261,37920,39145,40467,41615,42843,44258,44492,44379,44289,44286,44423,44576,44494,44451,44708,44442,44596,44660,44764,44591,44755,44612,44647,44879,44590,44738,44684,44583,44453,44540,44759,44549,44764,44687,44677,44565,44691,44854,44595,44624,44673,44606,44549,,
WTK,WTK0111,MERI,waitaki,Hydro,Hydro,2026-08-14,43696,43429,43510,43432,43485,43379,43090,42072,41154,40045,38808,37391,35545,35473,35450,35505,35614,37660,36958,36723,36784,36731,36851,36668,36796,36724,36621,36786,36841,36912,36920,36739,35548,35260,34544,33500,32226,32074,31337,30385,29284,28301,27344,26269,25220,24200,23400,22309,,
WTK,WTK0111,MERI,waitaki,Hydro,Hydro,2026-08-15,21308,21314,20767,20760,20752,20715,20791,20710,20770,20794,20758,20674,20750,20786,20720,20809,20774,20733,20547,21026,21302,21207,21267,21230,21241,21535,20963,21103,21406,21339,21279,21154,21264,21198,21240,21205,21213,21184,21188,21363,21254,21203,21234,21264,21196,21165,21282,21196,,
WTK,WTK0111,MERI,waitaki,Hydro,Hydro,2026-08-16,22225,22246,22233,22227,22170,22245,22220,22248,22262,22258,22210,22293,22113,22238,22199,22258,22260,22219,22199,22226,22232,22271,22073,22341,22252,22198,22270,22270,22215,22265,22121,22373,22280,22344,22361,22201,22271,22331,22330,22310,22286,22308,22290,22307,22295,22360,22249,22256,,
WTK,WTK0111,MERI,waitaki,Hydro,Hydro,2026-08-17,24731,24692,26792,27200,29300,29668,31786,32204,34629,34637,36148,36561,37106,37134,37068,37060,37203,37287,36928,37161,37329,37094,37203,37090,37142,37259,36954,37244,37116,37261,37138,36727,37375,37444,37156,36587,37088,37113,37176,37177,37215,37163,37314,36901,37323,37145,37286,37126,,
WTK,WTK0111,MERI,waitaki,Hydro,Hydro,2026-08-18,37083,37018,37072,37180,37141,37223,37452,37171,37171,37024,37017,37250,37533,37398,37032,36802,37103,37538,37112,37183,37309,37284,37122,37386,37468,37216,37032,37045,37071,37258,36578,37516,37109,37308,37181,36871,37120,37164,37310,37033,37351,37254,37424,37149,37341,37241,37112,37059,,
WTK,WTK0111,MERI,waitaki,Hydro,Hydro,2026-08-19,35791,35172,34412,33298,32689,32744,32616,32599,32728,32553,32600,32648,32824,32608,32711,32543,32663,32709,32499,32800,32649,32507,32581,32715,33049,32590,32602,32877,32718,32677,33001,32396,32670,32778,32818,32721,32491,32556,32806,32683,32663,32765,32682,32781,32809,32775,32581,32668,,
WTK,WTK0111,MERI,waitaki,Hydro,Hydro,2026-08-20,35054,35252,37503,37758,38896,39102,39031,39132,39082,39056,39197,39151,39104,38775,38504,39164,39392,39634,39161,39048,38824,39001,39244,39424,39105,39353,39157,39052,39374,39041,39403,39003,39039,39113,39214,39167,39040,38979,38925,39428,39257,38837,39577,39300,39294,39282,39102,39235,,
WTK,WTK0111,MERI,waitaki,Hydro,Hydro,2026-08-21,39312,39696,39339,39760,39458,39748,39680,39682,39629,39590,39701,39448,39711,39682,39609,39895,39858,39578,39478,39599,39672,38450,37762,36515,36496,36742,36288,36929,36469,36488,36544,36578,36101,34882,33995,33399,31566,31133,31004,30118,28448,27764,26822,26158,25302,23613,23228,23144,,
WTK,WTK0111,MERI,waitaki,Hydro,Hydro,2026-08-22,22240,22261,22064,21566,21225,21144,21179,22387,22253,22143,22131,22159,22094,22159,22162,22138,22432,21975,22165,22229,22153,22137,22297,22173,22187,22089,22155,22189,22369,22100,22185,22164,22144,22325,22201,22278,22393,22287,22246,22290,22228,22245,22111,22135,22254,22058,22283,22183,,
WTK,WTK0111,MERI,waitaki,Hydro,Hydro,2026-08-23,24517,24787,24950,26281,26320,26276,26167,26216,26401,26265,26212,26306,26385,26184,26245,26212,26205,26237,26358,26272,26315,26207,26857,26234,25926,25791,25862,26361,26770,26651,26091,26160,26190,26266,26452,26133,26197,26194,26273,26180,26241,26237,26059,26488,26158,26192,26254,26324,,
WTK,WTK0111,MERI,waitaki,Hydro,Hydro,2026-08-24,28653,28560,28639,30002,31202,33616,33737,35654,36261,37828,38569,39175,39366,39170,39334,39232,39261,39348,39323,39375,39305,38733,39525,39593,39372,39424,38820,39549,39679,39814,39105,39064,39336,39204,39347,39335,39192,39224,39515,39240,39417,39331,39102,39276,39493,39287,39065,39075,,
WTK,WTK0111,MERI,waitaki,Hydro,Hydro,2026-08-25,38323,38223,37271,36488,35379,34077,33224,32199,31196,30238,29007,28070,27463,27531,27265,27177,27389,27437,26708,27335,27641,27320,27239,27180,27336,27042,27234,27387,26825,27559,27461,26902,27334,27351,27736,27085,26880,27508,27388,27404,27301,27318,27221,27424,27463,27218,27337,27263,,
WTK,WTK0111,MERI,waitaki,Hydro,Hydro,2026-08-26,29662,29708,29652,31675,32212,34379,35040,34553,34514,34662,34618,34594,34766,34870,34652,34651,34558,34765,34642,34702,35050,34745,34277,34818,34631,34810,34651,34719,34726,34628,34687,34564,34744,34756,34848,34759,34539,34788,34844,34769,34749,34882,35029,34618,34464,34549,34847,34685,,
WTK,WTK0111,MERI,waitaki,Hydro,Hydro,2026-08-27,36994,37303,37034,37207,37134,37119,37102,36946,36898,36788,36725,36546,36524,36455,36479,36628,36752,36840,36893,37036,36921,36982,37204,37164,37145,37136,37219,37149,37186,37238,37094,37051,37167,37091,37229,37111,36984,36891,37100,37135,37106,37187,37439,37148,37289,37200,37152,37021,,
WTK,WTK0111,MERI,waitaki,Hydro,Hydro,2026-08-28,37149,37228,37122,37067,37193,37239,37191,37096,37278,37135,37088,36930,37211,37146,37101,37195,37623,37254,37405,36913,37338,37299,37042,37506,37298,37240,37364,37101,37149,37348,37856,36793,37872,36661,37721,37507,37065,37225,37493,37210,37080,37125,37211,36990,37345,37136,37199,37130,,
WTK,WTK0111,MERI,waitaki,Hydro,Hydro,2026-08-29,38503,39696,39672,42021,42316,44495,44433,46622,46875,49584,49405,51863,52160,52100,51913,52156,52157,52342,52308,52215,51978,52024,52070,52118,52062,51865,52206,52103,51943,52133,51869,52246,52195,52104,52111,52257,52239,51938,52296,52134,52197,52078,52231,52097,52111,51985,52092,51881,,
WTK,WTK0111,MERI,waitaki,Hydro,Hydro,2026-08-30,51184,51012,50088,48825,48249,47094,45955,45171,44124,43144,42124,41314,41316,41158,41313,41027,40504,39318,38331,37484,36129,35285,35310,34951,35314,34952,35148,35528,35331,35098,35085,35250,35037,35202,35255,35024,35346,34730,35429,35170,35277,35139,35125,35186,35183,35277,35038,35088,,
WTK,WTK0111,MERI,waitaki,Hydro,Hydro,2026-08-31,36013,37717,37676,38664,40309,40632,41742,41584,41677,41559,41443,41817,41525,41399,42163,41571,41719,41609,40747,40007,39781,39257,39145,38560,37641,37844,37396,37510,38076,37389,37800,37527,37572,38025,37673,37730,37858,37056,37431,37292,37188,37369,37262,37200,37133,37256,37169,37111,,
WTK,WTK0111,WATA,waitaki,Hydro,Hydro,2026-08-01,0,0,0,0,0,0,0,0,0,0,0,0,0,0,0,0,0,0,0,0,0,0,0,0,0,0,0,0,0,0,0,0,0,0,0,0,0,0,0,0,0,0,0,0,0,0,0,0,,
WTK,WTK0111,WATA,waitaki,Hydro,Hydro,2026-08-02,0,0,0,0,0,0,0,0,0,0,0,0,0,0,0,0,0,0,0,0,0,0,0,0,0,0,0,0,0,0,0,0,0,0,0,0,0,0,0,0,0,0,0,0,0,0,0,0,,
WTK,WTK0111,WATA,waitaki,Hydro,Hydro,2026-08-03,0,0,0,0,0,0,0,0,0,0,0,0,0,0,0,0,0,0,0,0,0,0,0,0,0,0,0,0,0,0,0,0,0,0,0,0,0,0,0,0,0,0,0,0,0,0,0,0,,
WTK,WTK0111,WATA,waitaki,Hydro,Hydro,2026-08-04,0,0,0,0,0,0,0,0,0,0,0,0,0,0,0,0,0,0,0,0,0,0,0,0,0,0,0,0,0,0,0,0,0,0,0,0,0,0,0,0,0,0,0,0,0,0,0,0,,
WTK,WTK0111,WATA,waitaki,Hydro,Hydro,2026-08-05,0,0,0,0,0,0,0,0,0,0,0,0,0,0,0,0,0,0,0,0,0,0,0,0,0,0,0,0,0,0,0,0,0,0,0,0,0,0,0,0,0,0,0,0,0,0,0,0,,
WTK,WTK0111,WATA,waitaki,Hydro,Hydro,2026-08-06,0,0,0,0,0,0,0,0,0,0,0,0,0,0,0,0,0,0,0,0,0,0,0,0,0,0,0,0,0,0,0,0,0,0,0,0,0,0,0,0,0,0,0,0,0,0,0,0,,
WTK,WTK0111,WATA,waitaki,Hydro,Hydro,2026-08-07,0,0,0,0,0,0,0,0,0,0,0,0,0,0,0,0,0,0,0,0,0,0,0,0,0,0,0,0,0,0,0,0,0,0,0,0,0,0,0,0,0,0,0,0,0,0,0,0,,
WTK,WTK0111,WATA,waitaki,Hydro,Hydro,2026-08-08,0,0,0,0,0,0,0,0,0,0,0,0,0,0,0,0,0,0,0,0,0,0,0,0,0,0,0,0,0,0,0,0,0,0,0,0,0,0,0,0,0,0,0,0,0,0,0,0,,
WTK,WTK0111,WATA,waitaki,Hydro,Hydro,2026-08-09,0,0,0,0,0,0,0,0,0,0,0,0,0,0,0,0,0,0,0,0,0,0,0,0,0,0,0,0,0,0,0,0,0,0,0,0,0,0,0,0,0,0,0,0,0,0,0,0,,
WTK,WTK0111,WATA,waitaki,Hydro,Hydro,2026-08-10,0,0,0,0,0,0,0,0,0,0,0,0,0,0,0,0,0,0,0,0,0,0,0,0,0,0,0,0,0,0,0,0,0,0,0,0,0,0,0,0,0,0,0,0,0,0,0,0,,
WTK,WTK0111,WATA,waitaki,Hydro,Hydro,2026-08-11,0,0,0,0,0,0,0,0,0,0,0,0,0,0,0,0,0,0,0,0,0,0,0,0,0,0,0,0,0,0,0,0,0,0,0,0,0,0,0,0,0,0,0,0,0,0,0,0,,
WTK,WTK0111,WATA,waitaki,Hydro,Hydro,2026-08-12,0,0,0,0,0,0,0,0,0,0,0,0,0,0,0,0,0,0,0,0,0,0,0,0,0,0,0,0,0,0,0,0,0,0,0,0,0,0,0,0,0,0,0,0,0,0,0,0,,
WTK,WTK0111,WATA,waitaki,Hydro,Hydro,2026-08-13,0,0,0,0,0,0,0,0,0,0,0,0,0,0,0,0,0,0,0,0,0,0,0,0,0,0,0,0,0,0,0,0,0,0,0,0,0,0,0,0,0,0,0,0,0,0,0,0,,
WTK,WTK0111,WATA,waitaki,Hydro,Hydro,2026-08-14,0,0,0,0,0,0,0,0,0,0,0,0,0,0,0,0,0,0,0,0,0,0,0,0,0,0,0,0,0,0,0,0,0,0,0,0,0,0,0,0,0,0,0,0,0,0,0,0,,
WTK,WTK0111,WATA,waitaki,Hydro,Hydro,2026-08-15,0,0,0,0,0,0,0,0,0,0,0,0,0,0,0,0,0,0,0,0,0,0,0,0,0,0,0,0,0,0,0,0,0,0,0,0,0,0,0,0,0,0,0,0,0,0,0,0,,
WTK,WTK0111,WATA,waitaki,Hydro,Hydro,2026-08-16,0,0,0,0,0,0,0,0,0,0,0,0,0,0,0,0,0,0,0,0,0,0,0,0,0,0,0,0,0,0,0,0,0,0,0,0,0,0,0,0,0,0,0,0,0,0,0,0,,
WTK,WTK0111,WATA,waitaki,Hydro,Hydro,2026-08-17,0,0,0,0,0,0,0,0,0,0,0,0,0,0,0,0,0,0,0,0,0,0,0,0,0,0,0,0,0,0,0,0,0,0,0,0,0,0,0,0,0,0,0,0,0,0,0,0,,
WTK,WTK0111,WATA,waitaki,Hydro,Hydro,2026-08-18,0,0,0,0,0,0,0,0,0,0,0,0,0,0,0,0,0,0,0,0,0,0,0,0,0,0,0,0,0,0,0,0,0,0,0,0,0,0,0,0,0,0,0,0,0,0,0,0,,
WTK,WTK0111,WATA,waitaki,Hydro,Hydro,2026-08-19,0,0,0,0,0,0,0,0,0,0,0,0,0,0,0,0,0,0,0,0,0,0,0,0,0,0,0,0,0,0,0,0,0,0,0,0,0,0,0,0,0,0,0,0,0,0,0,0,,
WTK,WTK0111,WATA,waitaki,Hydro,Hydro,2026-08-20,0,0,0,0,0,0,0,0,0,0,0,0,0,0,0,0,0,0,0,0,0,0,0,0,0,0,0,0,0,0,0,0,0,0,0,0,0,0,0,0,0,0,0,0,0,0,0,0,,
WTK,WTK0111,WATA,waitaki,Hydro,Hydro,2026-08-21,0,0,0,0,0,0,0,0,0,0,0,0,0,0,0,0,0,0,0,0,0,0,0,0,0,0,0,0,0,0,0,0,0,0,0,0,0,0,0,0,0,0,0,0,0,0,0,0,,
WTK,WTK0111,WATA,waitaki,Hydro,Hydro,2026-08-22,0,0,0,0,0,0,0,0,0,0,0,0,0,0,0,0,0,0,0,0,0,0,0,0,0,0,0,0,0,0,0,0,0,0,0,0,0,0,0,0,0,0,0,0,0,0,0,0,,
WTK,WTK0111,WATA,waitaki,Hydro,Hydro,2026-08-23,0,0,0,0,0,0,0,0,0,0,0,0,0,0,0,0,0,0,0,0,0,0,0,0,0,0,0,0,0,0,0,0,0,0,0,0,0,0,0,0,0,0,0,0,0,0,0,0,,
WTK,WTK0111,WATA,waitaki,Hydro,Hydro,2026-08-24,0,0,0,0,0,0,0,0,0,0,0,0,0,0,0,0,0,0,0,0,0,0,0,0,0,0,0,0,0,0,0,0,0,0,0,0,0,0,0,0,0,0,0,0,0,0,0,0,,
WTK,WTK0111,WATA,waitaki,Hydro,Hydro,2026-08-25,0,0,0,0,0,0,0,0,0,0,0,0,0,0,0,0,0,0,0,0,0,0,0,0,0,0,0,0,0,0,0,0,0,0,0,0,0,0,0,0,0,0,0,0,0,0,0,0,,
WTK,WTK0111,WATA,waitaki,Hydro,Hydro,2026-08-26,0,0,0,0,0,0,0,0,0,0,0,0,0,0,0,0,0,0,0,0,0,0,0,0,0,0,0,0,0,0,0,0,0,0,0,0,0,0,0,0,0,0,0,0,0,0,0,0,,
WTK,WTK0111,WATA,waitaki,Hydro,Hydro,2026-08-27,0,0,0,0,0,0,0,0,0,0,0,0,0,0,0,0,0,0,0,0,0,0,0,0,0,0,0,0,0,0,0,0,0,0,0,0,0,0,0,0,0,0,0,0,0,0,0,0,,
WTK,WTK0111,WATA,waitaki,Hydro,Hydro,2026-08-28,0,0,0,0,0,0,0,0,0,0,0,0,0,0,0,0,0,0,0,0,0,0,0,0,0,0,0,0,0,0,0,0,0,0,0,0,0,0,0,0,0,0,0,0,0,0,0,0,,
WTK,WTK0111,WATA,waitaki,Hydro,Hydro,2026-08-29,0,0,0,0,0,0,0,0,0,0,0,0,0,0,0,0,0,0,0,0,0,0,0,0,0,0,0,0,0,0,0,0,0,0,0,0,0,0,0,0,0,0,0,0,0,0,0,0,,
WTK,WTK0111,WATA,waitaki,Hydro,Hydro,2026-08-30,0,0,0,0,0,0,0,0,0,0,0,0,0,0,0,0,0,0,0,0,0,0,0,0,0,0,0,0,0,0,0,0,0,0,0,0,0,0,0,0,0,0,0,0,0,0,0,0,,
WTK,WTK0111,WATA,waitaki,Hydro,Hydro,2026-08-31,0,0,0,0,0,0,0,0,0,0,0,0,0,0,0,0,0,0,0,0,0,0,0,0,0,0,0,0,0,0,0,0,0,0,0,0,0,0,0,0,0,0,0,0,0,0,0,0,,
WVY,WVY1101,WPWF,waipipi,Wind,Wind,2026-08-01,49346,41046,12415,14706,10586,6317,317,5943,29030,19689,17743,26759,59987,61253,62608,62584,62638,62547,62707,62536,62728,62790,62786,62740,62782,62439,53371,53651,57148,46529,29010,38001,37022,28892,15382,3662,13245,16553,2624,1303,2249,5227,2839,2024,2606,4098,8065,8441,,
WVY,WVY1101,WPWF,waipipi,Wind,Wind,2026-08-02,4576,1893,915,3216,3203,3805,4940,5912,4558,1796,3371,7526,9541,12249,14961,9881,7042,2506,1765,2625,4139,2910,1772,1250,341,16,1725,3109,2660,3413,4882,5469,6897,7037,5973,7619,8107,13227,19092,22596,26725,25352,32545,35902,35208,30119,22976,38987,,
WVY,WVY1101,WPWF,waipipi,Wind,Wind,2026-08-03,58368,58232,53865,58747,62401,62799,62705,62525,62207,61734,62603,62560,62746,62581,62401,62531,62008,60184,60365,61339,61993,62118,61294,59086,57105,56221,60514,61493,62458,62697,62711,60041,56597,62618,62739,62744,62748,62632,62460,62788,62801,62779,62786,62684,62779,62722,62673,62643,,
WVY,WVY1101,WPWF,waipipi,Wind,Wind,2026-08-04,62652,62725,62795,62813,62812,62752,62796,62827,62761,58912,28337,44273,35448,29318,32144,49735,60016,60698,60740,60699,60689,60726,60727,60723,60729,60656,60675,60605,59116,61644,62688,62778,62793,62795,62797,62791,62811,62814,62825,62815,62657,62768,62703,60847,62063,61608,61526,62394,,
WVY,WVY1101,WPWF,waipipi,Wind,Wind,2026-08-05,61170,60503,60455,46484,45162,49994,57855,62199,62626,61204,60462,60751,60697,59687,59385,60663,60552,62347,60825,60319,62129,57444,57549,54633,61042,55919,60364,50872,61948,61734,59262,58679,59127,57008,50076,41928,38562,34535,31471,29257,21209,17140,14611,12149,9025,7526,5866,2407,,
WVY,WVY1101,WPWF,waipipi,Wind,Wind,2026-08-06,1291,288,6,1,765,2438,2499,1280,2859,8641,5615,3906,5955,5705,6745,9443,10189,8684,8567,5772,4953,4670,2789,1113,359,101,54,2,228,11,2,0,4,0,0,0,0,0,0,506,1936,3698,4889,5705,6649,3583,970,1301,,
WVY,WVY1101,WPWF,waipipi,Wind,Wind,2026-08-07,2615,4125,4877,5070,6191,7878,10337,12127,14616,8259,8693,6244,5472,3952,3998,4743,4311,4677,8271,8193,5352,3298,4104,5161,4768,6634,6878,6253,8383,5394,3615,3126,5405,6349,9411,11074,13951,15466,18361,22434,20197,21354,22290,20041,19107,19091,22185,23073,,
WVY,WVY1101,WPWF,waipipi,Wind,Wind,2026-08-08,23933,22969,21188,23492,28851,33794,28587,21357,21599,23933,23961,23963,23556,24066,24928,27087,27552,25005,21806,19713,15925,17703,20567,23604,17092,22437,22775,19386,26290,23105,16472,16704,25288,25000,21218,16141,9581,8112,9231,13352,15906,17251,18159,16715,16665,14562,16538,21274,,
WVY,WVY1101,WPWF,waipipi,Wind,Wind,2026-08-09,25843,35685,39616,42442,34800,26667,19332,35490,25631,17859,16503,35371,22794,18944,36499,55087,48560,46273,42660,25695,19009,24140,38766,37710,36383,34515,33335,36156,40000,40805,37065,40849,44303,42677,39202,31231,24291,23344,22849,27055,21402,26815,25679,22617,22214,22308,21152,25977,,
WVY,WVY1101,WPWF,waipipi,Wind,Wind,2026-08-10,25807,24722,27174,26150,22374,24984,24948,27622,27352,25993,22811,16836,25708,23713,22267,21617,16450,15561,18693,20231,27860,31360,35675,46330,51547,45879,43414,38609,36349,32452,28196,30446,42561,42843,39159,31945,31255,22448,20488,19494,12892,8701,7177,7440,8402,8762,7221,2295,,
WVY,WVY1101,WPWF,waipipi,Wind,Wind,2026-08-11,9,0,18,11,617,5040,7628,5592,8382,4997,3379,6829,5077,9869,15357,12133,14293,8853,6740,2155,22,17,1353,3855,5755,8429,6899,6293,10124,10190,12242,11233,16851,20411,20951,16345,15347,17954,14622,12402,17165,19273,17925,14454,14033,11684,7349,7584,,
WVY,WVY1101,WPWF,waipipi,Wind,Wind,2026-08-12,6986,7022,6849,8374,2330,92,686,1588,966,330,2654,2632,2935,4218,6406,9610,8016,8156,5918,4684,3356,1867,1668,1793,489,588,403,147,164,3806,2789,1531,6378,6623,3347,1189,162,259,518,1316,2026,3414,4791,3680,18406,18918,11569,6808,,
WVY,WVY1101,WPWF,waipipi,Wind,Wind,2026-08-13,7401,8185,3615,2815,2712,3203,4551,17201,16752,5985,455,545,22,1747,3029,1183,388,27,778,5339,5820,5443,10039,12837,13491,8643,8244,7277,5953,7537,11481,5143,561,5,0,0,4,0,0,129,3005,4705,4254,3780,2637,2417,1021,130,,
WVY,WVY1101,WPWF,waipipi,Wind,Wind,2026-08-14,1026,2193,496,219,8,2,661,257,7,19,63,829,3563,4030,2116,241,400,3085,1376,1340,1217,2683,6154,14088,19098,18203,17036,17748,16698,18307,25620,30986,28175,30784,30125,34591,19055,15863,14961,17682,21271,22153,17586,9885,9384,7055,11411,13773,,
WVY,WVY1101,WPWF,waipipi,Wind,Wind,2026-08-15,16868,16629,12209,9306,6890,3410,2666,3942,1752,2005,1271,3011,3723,4778,6185,7713,4348,539,102,477,694,469,649,591,394,1540,5843,12422,18109,16187,16487,22818,22093,32608,44199,41203,38145,47575,55452,62116,62534,62656,62787,62795,62807,62800,62808,62810,,
WVY,WVY1101,WPWF,waipipi,Wind,Wind,2026-08-16,62812,62814,62810,62814,62816,62799,62353,61466,62106,60625,58890,60063,59233,58254,53426,54760,58568,56066,56834,56535,55255,42762,45695,49884,50889,54701,60471,61321,61914,62791,62769,62794,62771,62034,34868,19145,20028,25913,18950,16959,23800,27132,25387,29064,28608,25189,33069,32021,,
WVY,WVY1101,WPWF,waipipi,Wind,Wind,2026-08-17,25896,21629,14654,21766,21616,19323,16899,14163,15524,16330,19334,41909,56633,58891,54918,27301,12613,16476,45947,41563,23408,8979,12347,10343,23535,21121,24540,30036,13928,45927,35063,27416,29278,26260,24499,22281,20896,16565,12453,9889,5748,3625,2655,2675,1261,665,19,134,,
WVY,WVY1101,WPWF,waipipi,Wind,Wind,2026-08-18,49,15,0,0,0,1,350,1127,253,155,145,48,509,118,1482,17218,22163,24446,9453,9710,9890,13754,17593,15607,12631,6592,2173,119,9,80,733,904,48,1,0,7358,59798,62800,62804,62803,62793,62805,62808,62801,62791,62148,61905,60420,,
WVY,WVY1101,WPWF,waipipi,Wind,Wind,2026-08-19,62079,62115,61321,62598,62647,62818,62826,62825,62828,62821,62813,62671,62746,62754,62598,62627,59731,58645,60836,58506,53215,39104,32130,30551,7154,4774,6703,8974,3986,1990,895,18,0,2,282,21223,22660,28146,39330,51696,51913,45977,34371,32568,29265,23006,16459,8060,,
WVY,WVY1101,WPWF,waipipi,Wind,Wind,2026-08-20,5506,3624,701,0,0,0,0,0,1,0,0,0,0,0,30,265,411,1157,742,363,120,9,6,0,0,131,187,291,308,198,6,12,132,680,634,517,429,1609,3326,7260,8784,8637,8123,7044,6839,8648,5790,3525,,
WVY,WVY1101,WPWF,waipipi,Wind,Wind,2026-08-21,2846,1477,6518,9743,11483,13490,10739,13174,12008,15468,17790,11764,11895,14200,10591,9072,11711,8270,9618,8667,10257,15162,32977,30759,32086,28430,27326,35665,37617,41686,40002,34761,31134,25633,30515,27442,17730,14976,22054,24769,27699,19583,18736,15959,18243,18051,18553,17735,,
WVY,WVY1101,WPWF,waipipi,Wind,Wind,2026-08-22,13924,13059,12607,11236,18909,12876,15318,16042,16437,18066,32230,36917,22921,15386,10184,22696,19951,10087,10217,15804,19300,39045,44028,38245,22799,29033,41249,53144,56075,52461,51424,46092,48069,48167,40993,32690,17835,26000,36347,42224,37510,38993,30523,45200,44276,38512,51191,42967,,
WVY,WVY1101,WPWF,waipipi,Wind,Wind,2026-08-23,47659,45021,43588,52759,53872,45429,58097,60441,58407,59965,60646,60720,60512,60219,59764,60523,60568,60491,59873,60657,60575,61400,60787,58467,62421,62548,62529,62536,62550,62521,62491,62498,62242,62295,62049,62383,61938,62436,62428,62530,62454,62140,62523,61697,62535,62529,62415,62077,,
WVY,WVY1101,WPWF,waipipi,Wind,Wind,2026-08-24,60798,58406,61473,61864,61555,62379,62553,62570,62299,62293,61120,55283,57555,52010,51370,52537,51930,46895,43143,38549,37784,37920,43479,40275,40264,38280,47042,46375,50678,44060,44850,47382,55570,53488,49004,43827,42424,43915,48164,55440,36050,32025,37224,38019,27083,27083,33321,36879,,
WVY,WVY1101,WPWF,waipipi,Wind,Wind,2026-08-25,33827,28877,42365,38956,40134,43808,38237,28568,26572,27872,26047,23191,21161,19960,21599,32693,32188,27302,33047,43715,51134,55371,54863,57481,55033,59430,58467,54909,46247,43626,37377,29541,36430,43034,43485,40230,37108,30881,38328,32023,27074,28490,30846,32569,34472,38250,39438,35095,,
WVY,WVY1101,WPWF,waipipi,Wind,Wind,2026-08-26,32249,24597,23812,29276,30475,34701,32158,28189,26975,28215,27397,21889,31622,35615,43325,31642,31619,28698,37586,35219,38700,43239,36261,39158,50427,54747,59320,61322,61678,61697,60364,58483,57092,60908,59874,60352,60249,59523,59292,60298,59574,59350,57330,55511,51148,47719,46041,39561,,
WVY,WVY1101,WPWF,waipipi,Wind,Wind,2026-08-27,27838,23543,28297,24114,25107,25409,22961,17247,11448,9540,9116,10437,13683,6932,7105,6925,1742,4395,2928,994,947,1292,2584,479,33,6,0,108,1572,565,110,16,0,0,0,0,1,2193,2918,16276,11580,9961,9289,5744,11090,10874,7022,8616,,
WVY,WVY1101,WPWF,waipipi,Wind,Wind,2026-08-28,9342,12936,17790,29635,38727,44508,52168,51884,53533,60084,61672,62438,61639,61994,62380,62399,62375,62380,62373,62241,62076,61949,61810,59803,61636,62112,61552,62009,62369,61656,62440,62345,62056,62078,61586,62479,62088,61987,62014,62354,57645,59278,58630,56788,43624,33572,30041,25772,,
WVY,WVY1101,WPWF,waipipi,Wind,Wind,2026-08-29,28370,26822,30163,28967,28317,24329,21713,21094,21902,30302,33537,39781,42849,48406,45825,38779,35527,36214,37476,38639,47330,44887,36324,31816,24371,19382,18203,19335,20653,23895,24660,25847,25622,20067,23920,28284,27963,30339,36670,27773,25509,31259,30319,34370,44001,50459,51367,51967,,
WVY,WVY1101,WPWF,waipipi,Wind,Wind,2026-08-30,61476,61695,61919,59667,62050,62390,62557,62677,62719,62343,62270,62105,59986,58902,57517,52097,55201,57157,55520,61280,56812,62382,62687,62267,48221,35736,60567,62758,62755,62588,62597,62647,62672,62510,62727,62702,62584,62728,62712,62693,62713,62744,62683,62720,62750,62747,62762,62743,,
WVY,WVY1101,WPWF,waipipi,Wind,Wind,2026-08-31,62780,62769,62786,62065,56305,61752,58072,54979,56314,62751,62446,62715,62713,62680,62648,62713,62738,62705,62668,62704,62751,62774,62760,61744,60882,62774,62744,62797,62303,62674,62755,62704,62547,62209,60195,59224,62151,60100,62180,62747,62773,62754,62779,62777,60770,62793,62789,62781,,
WWD,WWD1102,MERI,west_wind,Wind,Wind,2026-08-01,26792,26105,28911,30072,29751,29681,29956,29785,29656,30123,30237,30142,30189,29053,28362,27495,27910,27445,27309,26654,28283,27510,27370,25310,21588,20154,21104,23214,21725,21633,22084,20206,18087,21099,15890,14403,14716,14405,11063,9129,7655,6051,4162,1928,1102,1307,258,0,,
WWD,WWD1102,MERI,west_wind,Wind,Wind,2026-08-02,0,0,136,509,545,1577,3653,5293,4574,4564,4205,3824,3259,2795,2521,2376,1855,2373,2441,2174,2481,2628,3449,2944,2723,3502,4439,4628,5375,6330,7035,8371,10766,12205,13932,17990,18456,14253,15318,17127,19675,21420,21978,20881,17981,14994,12960,12998,,
WWD,WWD1102,MERI,west_wind,Wind,Wind,2026-08-03,14733,15398,18047,20118,18172,18356,13781,6667,4118,5902,3518,3325,1685,2530,3631,2113,1948,1052,1434,2091,4425,7895,9120,6057,4293,2022,2498,5074,5978,13499,22133,23002,25646,18236,13186,6313,9804,11570,7735,11248,9549,7843,5717,3734,956,166,0,2055,,
WWD,WWD1102,MERI,west_wind,Wind,Wind,2026-08-04,6328,10177,8814,12888,15405,17863,19544,21731,21182,25724,27523,27209,25527,26278,26754,27731,27674,27119,25650,25486,24579,24014,24528,27304,27881,28388,28012,28740,23285,24825,27904,29187,27649,30870,29590,30269,30324,23670,28800,29334,30359,30341,30710,31321,31039,31242,31295,31332,,
WWD,WWD1102,MERI,west_wind,Wind,Wind,2026-08-05,31159,31281,31234,30951,30820,29895,30410,29645,29841,27976,29890,28404,27526,25779,26588,23883,25453,27180,25309,24792,24682,23340,22784,21190,20654,18327,18031,18219,16398,16042,18665,16333,14113,10330,12422,10032,9905,8305,7092,5589,6874,6415,6088,5192,4864,3914,1986,1954,,
WWD,WWD1102,MERI,west_wind,Wind,Wind,2026-08-06,1488,1346,1649,2024,2523,1774,1821,1402,2113,972,1022,1068,1253,1456,1117,1115,1540,1133,756,335,68,0,0,0,0,3,2,3,1,0,15,295,1079,1076,1520,1620,1963,1834,2226,1601,2085,2850,2694,3885,4409,2698,3995,7372,,
WWD,WWD1102,MERI,west_wind,Wind,Wind,2026-08-07,7687,6611,8359,5713,4970,7587,11421,13919,12220,12961,13944,14585,15061,17952,16946,16320,17228,17121,18496,21946,20713,20003,23336,22214,21310,21593,19221,18654,21425,23256,23961,21751,19100,18387,17250,17232,18599,16418,15846,12527,13663,10357,10125,11620,12854,15959,17603,18488,,
WWD,WWD1102,MERI,west_wind,Wind,Wind,2026-08-08,16291,16948,15757,17675,17663,18053,17557,17929,14480,11214,11884,10988,11271,13314,15433,16583,18084,19469,21521,17237,16827,14492,10425,11780,10031,8509,11598,13791,12791,11795,8565,12029,8820,7048,7281,8221,6973,6781,5695,6836,5713,6129,5234,3848,4602,4493,4306,5046,,
WWD,WWD1102,MERI,west_wind,Wind,Wind,2026-08-09,4997,6397,9893,11303,12795,13307,12743,10312,10022,12019,13935,16022,17906,15914,16598,12246,9905,10903,14356,26830,30324,29657,27221,28599,24902,13298,11655,21797,19346,18779,24296,21936,15510,20588,8574,8181,19146,22472,21160,19743,24128,23556,19864,23567,23766,24256,25425,16901,,
WWD,WWD1102,MERI,west_wind,Wind,Wind,2026-08-10,18810,14510,17166,15291,11058,8739,5529,6307,8367,7273,5713,7480,6074,6343,8707,6725,2647,2535,1245,221,0,62,1,50,27,0,0,0,0,962,2275,3552,5695,6452,7485,9375,11151,12330,12847,11104,7865,8799,10893,18735,19861,20230,18868,14385,,
WWD,WWD1102,MERI,west_wind,Wind,Wind,2026-08-11,16994,18775,16387,17945,20380,17185,19115,17114,15504,11935,9330,9500,7621,5564,7644,7310,7295,8339,10691,9450,5408,3491,3647,2233,2369,2512,1807,1731,2122,3119,1788,2991,5528,7205,4131,2988,3567,2414,1563,1801,3431,4164,5908,4651,4490,3192,2033,4423,,
WWD,WWD1102,MERI,west_wind,Wind,Wind,2026-08-12,5427,4098,2567,1680,849,156,0,0,0,0,0,0,0,0,0,1,0,0,0,0,0,0,0,46,3,0,0,2,0,0,0,0,0,0,0,0,1,99,725,1537,963,946,876,694,1203,1374,1790,2325,,
WWD,WWD1102,MERI,west_wind,Wind,Wind,2026-08-13,3189,4137,7972,10001,10174,9758,7614,5900,6043,6664,9159,9463,8948,8110,7437,5925,5171,5300,7549,8655,8250,9075,9575,8125,6643,7855,10987,11944,11495,8640,7783,5891,6286,6003,7531,6775,4445,4095,3991,4450,3602,3344,2496,2777,1484,1179,1583,968,,
WWD,WWD1102,MERI,west_wind,Wind,Wind,2026-08-14,712,917,548,104,0,0,0,0,0,0,0,0,170,2066,2053,3685,8207,11750,11851,11241,11888,11751,12693,17324,19912,19258,18849,19651,19482,13272,5864,3261,1484,2171,2827,2771,2444,2662,3219,3507,3314,3008,1826,1385,1181,1132,1485,840,,
WWD,WWD1102,MERI,west_wind,Wind,Wind,2026-08-15,787,473,504,252,8,3,1,0,0,0,0,1,0,48,40,197,0,0,0,0,0,148,1521,2208,4040,4087,4498,10462,18076,24909,28415,29718,31145,31841,32429,32490,32456,32376,32370,32198,32477,32252,32457,32303,32540,32316,32417,31588,,
WWD,WWD1102,MERI,west_wind,Wind,Wind,2026-08-16,31460,31535,31262,30657,30740,31681,31435,31604,29968,29855,30680,31750,31923,31775,31992,31915,30921,30801,31651,31155,31632,30404,30673,30931,29919,30526,29709,29281,28951,29516,29661,29402,29149,29452,28904,29241,29114,30718,30640,30240,30655,30343,30111,29614,27952,28216,28800,28072,,
WWD,WWD1102,MERI,west_wind,Wind,Wind,2026-08-17,28443,26942,27469,27900,26895,23833,25119,26447,25987,24764,20173,26017,20667,17554,18386,16930,13943,16967,14751,15183,17422,15019,16567,13615,15812,15824,14591,12872,12398,11831,9949,7450,6741,6914,5011,4206,3951,3689,2938,4063,3706,3124,1867,2043,1581,1287,2295,2071,,
WWD,WWD1102,MERI,west_wind,Wind,Wind,2026-08-18,1724,1106,1429,1749,1151,597,793,1191,4513,6951,21138,29329,30142,27756,20314,18636,29073,30164,28061,27622,28663,30022,29976,29348,30297,30373,30800,29749,28554,27413,30480,31361,31556,31098,30955,30497,30284,30088,28300,29725,30475,30677,31123,31187,30973,31084,30665,29166,,
WWD,WWD1102,MERI,west_wind,Wind,Wind,2026-08-19,28402,29529,29225,29704,29703,28941,27080,25790,26341,25219,23949,21901,23753,23761,25215,21841,22381,20381,19754,22320,18690,15862,16392,13571,18267,16073,15851,14525,14904,20983,26670,27974,23877,20761,20428,21015,14424,16865,11060,9949,6924,7448,9912,8679,7639,5510,4788,5693,,
WWD,WWD1102,MERI,west_wind,Wind,Wind,2026-08-20,4743,3785,2987,2606,2758,2281,3375,1875,3627,2981,1995,1968,1548,1101,492,1002,708,329,21,0,0,0,0,0,0,0,0,0,0,0,0,0,0,9,95,230,497,615,1048,1487,1261,1385,1403,1102,1019,1106,1208,466,,
WWD,WWD1102,MERI,west_wind,Wind,Wind,2026-08-21,544,571,107,2,0,0,0,19,601,1035,606,658,23,46,23,62,265,1063,1776,2277,4393,6540,5885,11394,13527,14350,15314,16271,17749,20805,20759,19340,18876,22061,25667,26388,25580,27962,28602,28841,29052,27484,27969,26938,27131,27346,26384,28066,,
WWD,WWD1102,MERI,west_wind,Wind,Wind,2026-08-22,28487,29374,30001,30525,30110,31416,31603,31262,30467,30380,30298,29903,30041,28776,28703,29204,29247,30278,29114,29788,29983,30959,30067,29884,30043,29973,29712,30459,30123,29668,28765,26712,28957,29450,28135,28769,29969,30227,29438,30551,31000,30522,29115,27880,25506,25001,25957,24429,,
WWD,WWD1102,MERI,west_wind,Wind,Wind,2026-08-23,20759,24092,26043,23512,20891,22459,22191,21885,19628,17725,13536,11175,5529,908,618,11821,14124,15185,21315,21911,24012,24494,24639,24130,24285,24308,23766,18294,12262,13590,18162,19658,20308,17712,19305,15222,9712,12063,7513,9607,16301,15648,10442,13783,12999,12958,8820,10364,,
WWD,WWD1102,MERI,west_wind,Wind,Wind,2026-08-24,8686,6219,4796,2650,2080,2195,905,834,353,36,36,35,12,337,988,162,128,14,1404,4669,6737,11816,8390,20213,18334,19150,20837,21738,22344,23431,23913,18608,19211,23350,21369,19814,15799,11335,11309,14401,17111,22050,23139,24553,26965,24205,27776,27758,,
WWD,WWD1102,MERI,west_wind,Wind,Wind,2026-08-25,27394,27079,26749,27220,27522,28226,28124,25219,23178,24382,24548,26536,27027,28689,29497,28022,22950,14676,17275,18702,19595,21360,21240,21651,14290,9221,12443,15783,15487,17684,19957,19584,19628,18517,16393,16876,11986,8826,9749,14481,16007,18092,20764,23480,23103,17092,19126,16067,,
WWD,WWD1102,MERI,west_wind,Wind,Wind,2026-08-26,18554,20444,17896,20182,16526,21632,16962,8606,11749,13747,15472,15909,7683,7783,17001,15700,14857,20318,19515,21573,22535,24415,23231,16913,22619,24499,23762,26811,26591,27398,28727,28985,26897,26981,23038,22062,12671,13123,21134,21947,23503,25003,9828,4280,10553,19155,22097,22081,,
WWD,WWD1102,MERI,west_wind,Wind,Wind,2026-08-27,20144,16721,19339,19718,21897,23128,22457,21164,20680,20721,18931,16795,16887,15406,13204,9427,8004,5518,3482,3769,2916,2428,1455,790,359,1184,135,0,4,18,771,958,1416,1869,3631,4919,4309,7037,12822,16361,19134,21068,19115,15353,19210,19698,20208,19663,,
WWD,WWD1102,MERI,west_wind,Wind,Wind,2026-08-28,25338,27869,28182,27907,27519,28905,30097,30134,30625,30426,30555,29816,30379,31365,31905,31833,31577,30692,28239,28973,28373,27477,27489,26580,25783,27739,30621,30208,31749,31729,31687,31471,31668,31677,31767,31906,31825,31879,31116,30742,29963,28287,24810,27405,31180,30613,28185,27851,,
WWD,WWD1102,MERI,west_wind,Wind,Wind,2026-08-29,26486,26381,24415,25822,18736,12945,15572,19213,15729,10974,10137,8750,9094,12691,13733,19372,18464,14363,18477,13687,14562,19061,22891,19917,19041,20624,27865,23871,26404,25861,22463,18714,16668,14239,15186,18948,19660,22633,23476,26517,26165,25498,24220,24096,22910,22702,13443,17526,,
WWD,WWD1102,MERI,west_wind,Wind,Wind,2026-08-30,13138,14181,13075,16190,4199,2765,1009,51,5,103,1285,3250,6468,5123,6876,7411,16616,19425,9821,5525,8572,16222,20209,20216,16047,27236,30990,29882,27605,29794,29464,30253,30498,31217,28251,20918,5647,4962,10161,12328,20886,11850,14785,14102,6951,2900,1017,1219,,
WWD,WWD1102,MERI,west_wind,Wind,Wind,2026-08-31,1346,2345,3928,12487,14860,17345,21000,26619,29183,29765,27872,29489,30134,30363,29445,29446,24082,17331,18055,22427,23845,23575,24080,26300,24359,14333,10026,13173,8803,5575,7922,10996,26193,22874,19206,19745,17332,18295,21021,20935,24229,21762,17746,12065,9124,12377,13646,20574,,
WWD,WWD1103,MERI,west_wind,Wind,Wind,2026-08-01,23621,23286,25014,25895,25514,26429,25865,26128,26699,26088,25994,26286,25887,25929,26392,25656,26721,26582,26802,26194,25498,23948,24637,22547,19416,21186,21522,21842,22116,22272,22200,20719,23273,23461,21022,20178,19668,17659,13939,10633,7542,6351,4258,2041,643,683,28,0,,
WWD,WWD1103,MERI,west_wind,Wind,Wind,2026-08-02,0,0,260,1076,1128,2755,3922,4916,6725,6321,7141,6190,4477,5418,4735,4242,3448,4211,3710,2680,3315,3804,4734,3726,3700,4572,6092,6347,8581,9112,9562,12673,17832,19735,20834,20719,21449,20515,19522,20761,22641,24447,24369,23389,22503,16321,14814,14485,,
WWD,WWD1103,MERI,west_wind,Wind,Wind,2026-08-03,15641,15188,17046,15925,11319,12050,9482,8451,6448,7144,5559,4994,3832,2718,3471,6155,5577,4898,5048,4615,3042,4641,6505,4749,3860,2633,2229,4180,8248,11053,16231,18016,20938,15816,13084,12927,17614,16189,10375,13550,11028,6283,3244,1993,396,7,37,3020,,
WWD,WWD1103,MERI,west_wind,Wind,Wind,2026-08-04,6360,8266,9374,15346,16111,17144,19826,20873,19074,22598,22374,24065,22347,21789,25064,25544,25597,26183,26058,25131,23813,22552,21786,22700,23048,22703,23166,22794,19930,21577,23980,24102,23739,23994,23840,24072,23776,20772,24370,23603,23472,24261,24294,24481,24179,24204,24200,23830,,
WWD,WWD1103,MERI,west_wind,Wind,Wind,2026-08-05,23727,23635,23390,22325,22642,22727,23310,22826,23273,22570,23100,23272,23576,24316,24303,24973,25795,26651,25202,24150,25233,23778,23235,21976,21429,21052,19967,19261,17982,19232,18933,15335,15076,13509,12273,9409,9425,9106,8018,6100,6024,6741,6571,5382,5422,4525,3958,4346,,
WWD,WWD1103,MERI,west_wind,Wind,Wind,2026-08-06,3948,3499,3297,3242,3158,3222,2990,3292,3285,2122,2133,1956,1627,1436,1240,1126,853,571,386,20,0,0,0,0,0,0,0,0,2,1,8,245,1157,1684,2733,3028,3678,4088,4426,4138,3686,4398,4626,6002,5373,5240,6974,7223,,
WWD,WWD1103,MERI,west_wind,Wind,Wind,2026-08-07,7307,6004,6595,5588,6873,9762,13159,13792,14799,14592,15727,17059,16175,18256,19493,20318,20830,20054,20243,19983,19333,20051,19497,17759,18447,21836,23809,24705,25539,26293,26263,23607,23642,23864,24007,24559,24300,24092,21692,21585,20847,19764,20861,21781,20437,23442,25515,25400,,
WWD,WWD1103,MERI,west_wind,Wind,Wind,2026-08-08,22621,21893,20662,22368,22738,21077,20146,20667,19640,16467,16612,17148,18170,19060,20683,18817,20560,24805,23766,20158,18549,17403,13994,14841,15553,15152,11477,13073,13319,12275,12455,13450,10378,8666,7564,7542,6732,5863,5501,6163,6420,6592,6273,4890,4971,5692,5580,7498,,
WWD,WWD1103,MERI,west_wind,Wind,Wind,2026-08-09,9205,10523,11151,12453,13361,14103,13375,10263,11060,11771,13676,15019,16831,15325,15823,16011,15351,15826,17148,21472,26306,26334,25934,25941,20604,10490,11660,22681,21016,20095,21678,21560,18504,20717,17312,17352,18676,17462,17855,19475,23853,20715,20871,21906,20968,20059,19199,20523,,
WWD,WWD1103,MERI,west_wind,Wind,Wind,2026-08-10,20666,18228,17601,14175,10190,10540,10319,9131,12489,9361,6706,7465,6332,5233,6338,4774,2451,1684,597,285,567,689,162,151,9,0,0,435,1376,2582,1880,3023,3817,4966,4588,5351,6572,6247,6782,5920,6779,9227,9597,13087,14744,17317,16919,16518,,
WWD,WWD1103,MERI,west_wind,Wind,Wind,2026-08-11,17013,15392,14273,14598,15993,17669,17364,17197,16820,15935,14297,11434,10541,9260,10288,9518,10681,10133,9000,8502,6553,6639,6062,5234,4068,2539,2271,1866,1027,2272,1454,1732,2732,3306,2076,1245,1564,1158,822,361,1155,2088,4341,3662,2880,1690,1133,3314,,
WWD,WWD1103,MERI,west_wind,Wind,Wind,2026-08-12,5572,4018,3294,3186,2751,698,0,0,0,0,0,0,0,0,0,0,0,0,0,16,339,464,504,585,163,7,23,24,3,0,0,0,0,1,72,414,468,743,1922,2944,2579,2505,2761,3182,2632,3538,4464,6079,,
WWD,WWD1103,MERI,west_wind,Wind,Wind,2026-08-13,6634,4889,8170,10103,10066,9503,8687,7956,9389,12562,15332,15981,10290,8021,8263,9898,11961,10996,10391,9615,11140,9631,9905,11500,10207,11347,10015,10159,9857,9360,9185,6102,8076,8435,10849,13362,14035,13778,14413,13506,12520,9151,5804,5253,4547,4673,4461,4434,,
WWD,WWD1103,MERI,west_wind,Wind,Wind,2026-08-14,4598,3465,2055,1534,920,103,1,0,0,0,0,0,0,524,887,2502,6399,5733,5204,5861,6330,6285,8252,8942,9730,9617,10173,9892,10390,7427,4356,1705,943,1099,1132,1043,1039,1908,2061,1815,1616,1668,1053,936,556,878,901,296,,
WWD,WWD1103,MERI,west_wind,Wind,Wind,2026-08-15,291,466,803,573,165,88,36,0,0,0,0,0,0,0,0,78,6,0,0,0,0,394,1547,2709,2734,3789,5608,10084,13363,18783,21137,22728,23754,25189,26237,26889,27580,27543,27764,27842,27806,27497,27396,27331,27010,26526,25707,24944,,
WWD,WWD1103,MERI,west_wind,Wind,Wind,2026-08-16,24032,22386,20819,20793,21262,22095,23378,23215,22056,21127,22174,22423,21575,21526,20298,20611,20777,21647,21676,19183,19347,19551,20063,20592,21854,21666,21698,21223,21519,21873,22496,22431,22906,23528,22356,23086,23376,24595,23883,24021,24275,24312,23508,23101,22911,22382,22889,22884,,
WWD,WWD1103,MERI,west_wind,Wind,Wind,2026-08-17,21514,21394,21418,21324,20960,20392,21437,20584,18000,19702,18878,20452,17038,18828,18697,17892,17076,19364,16576,17308,15369,13973,15705,14205,15399,12779,12809,11349,11890,10814,8801,8236,6484,5535,4052,3994,3521,5026,5531,6473,6983,5447,4895,5136,4445,4007,4865,5489,,
WWD,WWD1103,MERI,west_wind,Wind,Wind,2026-08-18,3912,3132,4005,4345,3677,4113,3746,6157,8559,12098,23665,25741,26434,23303,18466,20252,25238,23587,19756,21217,22951,22964,23055,22897,22464,22581,22130,22877,23482,24629,25495,24160,22898,22808,23199,23188,24676,23660,22706,23119,22858,22969,22449,22616,22510,22988,22763,22473,,
WWD,WWD1103,MERI,west_wind,Wind,Wind,2026-08-19,22220,21980,22342,22131,22349,22951,21393,21544,21133,21889,21243,21047,20796,22846,24606,23417,23930,22651,21612,21612,19706,19540,17795,16492,22007,17652,14102,12777,16509,20612,22376,21937,19870,18591,18058,17441,13665,12281,10083,11058,10077,7784,7054,5838,5162,4186,4044,3076,,
WWD,WWD1103,MERI,west_wind,Wind,Wind,2026-08-20,2057,1282,1300,881,1145,1086,1957,1923,1898,999,779,566,515,437,160,65,5,0,0,0,0,0,0,0,0,0,0,0,0,0,0,0,0,10,272,457,503,944,956,869,961,636,1047,863,742,702,607,461,,
WWD,WWD1103,MERI,west_wind,Wind,Wind,2026-08-21,80,397,38,0,1,0,0,67,844,870,687,506,29,175,452,649,315,739,1690,2046,3561,5023,5641,10370,13695,14424,14845,14701,15606,17884,18378,17868,16799,18866,22684,23608,24522,24647,24903,25245,25463,26323,26061,25933,26555,26399,26990,26441,,
WWD,WWD1103,MERI,west_wind,Wind,Wind,2026-08-22,27034,26220,25128,26514,26666,27160,26792,27080,27172,26968,26786,26505,26956,26494,26099,26677,26557,26343,26230,26405,26624,26381,27132,26676,26248,26919,26975,26450,27177,25914,26181,25767,25607,24978,26000,26504,25685,25882,25808,25258,23731,22996,20840,18972,18234,15509,16631,15671,,
WWD,WWD1103,MERI,west_wind,Wind,Wind,2026-08-23,12743,17151,18457,16367,14557,14830,15151,16230,14926,14225,10110,9380,4113,2268,3544,10836,13390,14835,15986,16106,17557,18499,18947,18898,19233,17430,16217,9934,12097,15162,16333,13157,17611,15483,14432,9232,10408,14452,11626,11646,14877,10973,7391,11741,10747,10759,9006,10557,,
WWD,WWD1103,MERI,west_wind,Wind,Wind,2026-08-24,8706,6589,4197,3324,3729,5655,2787,1379,1797,1688,1491,672,670,1495,1297,1312,796,342,921,2154,3494,4739,4588,8595,9407,14873,18358,19357,19375,20031,20220,19723,20348,21216,22270,21340,17777,14267,15130,16184,16484,16902,20234,22561,24295,23662,24563,24978,,
WWD,WWD1103,MERI,west_wind,Wind,Wind,2026-08-25,24411,24403,25551,26255,26318,25880,26199,25963,25906,25660,24758,23731,25335,25069,23830,21232,17591,12880,13277,12327,13683,16178,16164,16714,8078,5353,8987,10366,12133,13861,16180,17808,15264,18332,18300,16961,15765,12776,10961,10878,14131,15501,15319,16697,18687,13834,11890,12056,,
WWD,WWD1103,MERI,west_wind,Wind,Wind,2026-08-26,13019,13897,15519,16758,17467,18236,17168,14011,17419,18722,18375,20500,18370,15061,14138,14904,17420,15207,17169,23056,21722,23637,24999,23917,23769,25411,23283,24948,24957,24978,25509,25361,24376,24115,23919,22602,21195,24580,25847,24494,24670,19871,11254,4703,7281,9481,12250,12778,,
WWD,WWD1103,MERI,west_wind,Wind,Wind,2026-08-27,11188,9111,11931,13136,14112,15356,14404,11631,12067,12048,11079,9759,10214,9840,8906,6764,4700,2832,1282,1222,886,967,480,168,94,571,14,0,0,126,1030,2007,2597,3015,3430,5931,6878,8497,9375,15376,17766,20985,21765,21037,20009,20633,18868,19212,,
WWD,WWD1103,MERI,west_wind,Wind,Wind,2026-08-28,21589,25147,25894,26622,25565,25074,25834,25600,25117,25713,26601,27598,27595,27585,28022,27779,26766,27155,26195,25064,24167,21492,22142,20584,19735,19366,21379,21709,23251,23818,23828,24167,24012,23531,24284,24691,23494,23640,23646,24562,24753,22791,23059,25310,26459,25117,24699,22913,,
WWD,WWD1103,MERI,west_wind,Wind,Wind,2026-08-29,21512,19650,15773,17280,15787,16991,17517,17021,14938,10716,9685,11803,13987,13095,14012,18295,17329,16008,15135,15204,17078,16823,19472,15293,13278,16864,18335,19498,22680,22586,20002,16229,13864,10933,11831,13988,16282,19674,18410,19306,19090,18605,16564,16412,15614,14449,6404,10800,,
WWD,WWD1103,MERI,west_wind,Wind,Wind,2026-08-30,10292,9836,7455,7469,2630,1231,1264,948,1139,2327,3396,4255,6478,6201,7818,7518,8709,11303,5974,4830,4717,8413,14700,13685,10977,12585,18895,22885,23237,23986,23465,24710,24853,24796,19979,9573,3129,9344,13133,14249,16661,13626,15626,6842,6287,3251,1216,3509,,
WWD,WWD1103,MERI,west_wind,Wind,Wind,2026-08-31,1860,3800,4885,7976,9319,13820,16688,16975,22003,22532,22810,25739,25293,24229,23095,22806,20741,14773,13563,15798,17592,17765,17400,17268,12764,10781,15017,16620,15497,12185,13584,16735,22660,19234,18172,14019,12145,12245,13902,16696,17931,15814,12496,8942,9525,10704,9202,13516,,
