Site_Code,POC_Code,Nwk_Code,Gen_Code,Fuel_Code,Tech_Code,Trading_Date,TP1,TP2,TP3,TP4,TP5,TP6,TP7,TP8,TP9,TP10,TP11,TP12,TP13,TP14,TP15,TP16,TP17,TP18,TP19,TP20,TP21,TP22,TP23,TP24,TP25,TP26,TP27,TP28,TP29,TP30,TP31,TP32,TP33,TP34,TP35,TP36,TP37,TP38,TP39,TP40,TP41,TP42,TP43,TP44,TP45,TP46,TP47,TP48,TP49,TP50
ARA,ARA2201,MRPL,aratiatia,Hydro,Hydro,2026-06-01,12340,12320,12310,12320,12310,8340,8380,8340,8340,8330,8360,8360,8410,8340,10310,10320,11390,12260,12280,12300,12260,12260,12250,12300,12230,12290,12260,12230,12270,24020,25090,25140,24980,25030,25050,25060,25150,25450,25570,25620,25590,25630,25630,25680,25590,25600,23430,12830,,
ARA,ARA2201,MRPL,aratiatia,Hydro,Hydro,2026-06-02,12840,12910,12900,12910,12900,12890,12900,12880,12870,12860,12810,12830,12840,12870,23440,23610,23510,23700,23650,17610,12710,13600,13120,12730,12720,12750,12780,12780,11830,11280,11280,11320,11220,11310,11320,14450,21190,22520,22360,20790,12780,12350,12470,12760,12830,12780,12810,12790,,
ARA,ARA2201,MRPL,aratiatia,Hydro,Hydro,2026-06-03,12800,12770,12830,12790,12820,12800,12790,12790,12790,12760,12830,12460,12290,15800,26040,25980,25580,24720,24570,18420,12700,12740,12780,12780,12690,12720,12750,12760,12380,11810,11810,11800,11800,11790,11910,13650,25670,26440,26460,26470,26450,26430,26480,26400,26410,18040,12860,19410,,
ARA,ARA2201,MRPL,aratiatia,Hydro,Hydro,2026-06-04,18810,12790,12800,12790,12810,12820,12810,12790,12780,12780,12300,12270,19800,21670,21680,21560,21620,21630,21660,21670,21500,21670,20750,22650,13030,11800,11780,11780,11770,12710,12900,12900,12900,12890,12960,13760,12860,12890,12900,12910,12920,12910,12910,12910,12920,12900,12830,12100,,
ARA,ARA2201,MRPL,aratiatia,Hydro,Hydro,2026-06-05,8360,8290,8370,8340,8360,8330,8400,8330,8340,8360,8330,8370,8400,8180,8290,8360,8300,8420,8300,8280,8220,8380,8300,8320,8300,8290,8360,8310,8310,8290,8350,11010,12930,12930,12930,12910,12900,12890,12890,12880,12880,12860,12850,12850,12860,12860,12230,10840,,
ARA,ARA2201,MRPL,aratiatia,Hydro,Hydro,2026-06-06,10790,10490,9370,8350,8310,8360,8380,8320,8380,8260,8360,8400,8290,8280,8350,8390,8350,8310,8400,8260,8300,8290,8330,8310,8320,8360,8310,8290,8270,8330,8890,11740,12310,12060,19090,21990,22130,22170,22070,19820,18970,8340,8350,9190,12940,12940,12910,12470,,
ARA,ARA2201,MRPL,aratiatia,Hydro,Hydro,2026-06-07,8310,8370,8350,8340,8310,8350,8350,8360,8330,8330,8380,8340,8310,8360,8500,10300,12300,12280,12270,24680,25000,18760,12300,12330,12280,12290,12310,12290,12500,12810,12830,12780,17590,25120,24730,24570,24490,24660,24510,25460,25980,26160,26190,26090,26010,26050,26060,20510,,
ARA,ARA2201,MRPL,aratiatia,Hydro,Hydro,2026-06-08,13730,12480,11700,17740,7800,7840,7820,7830,7830,7840,7870,8670,9850,17430,35750,37010,38190,38040,38340,38300,38460,38240,38300,38250,38190,38140,37840,37470,37120,37150,36820,37460,37540,37420,37450,38160,38230,39000,30140,20150,12040,11850,11300,11330,11310,11270,11320,11350,,
ARA,ARA2201,MRPL,aratiatia,Hydro,Hydro,2026-06-09,11970,11990,11980,11990,11980,11980,11990,11980,11970,11980,11980,11970,12690,29440,36080,36090,36170,36320,34920,33570,32060,31050,29680,29460,25000,24540,13110,7800,7740,9250,16110,23670,26370,24340,30970,36870,37620,37670,37740,37650,37660,37600,37620,37630,36780,36760,36740,37270,,
ARA,ARA2201,MRPL,aratiatia,Hydro,Hydro,2026-06-10,37720,37690,37330,36250,33490,26640,26450,26460,26470,26430,26440,26470,35690,37300,37230,36130,36020,36140,26940,26770,24560,24550,24470,24610,24550,24500,24530,24540,24610,24660,24650,24820,24600,24580,27690,34820,34650,34940,34970,34860,34940,34860,35110,34700,28790,24500,24620,21670,,
ARA,ARA2201,MRPL,aratiatia,Hydro,Hydro,2026-06-11,21610,20620,20640,20640,20170,20270,20120,20130,20270,20250,20400,19940,28490,33830,33630,35580,35730,34920,34240,34450,33340,32450,29510,23370,22980,23080,23020,23160,22970,23050,23250,22960,23300,22980,27070,31670,31820,31890,31780,31880,26360,23630,23800,23650,23510,23590,24600,24590,,
ARA,ARA2201,MRPL,aratiatia,Hydro,Hydro,2026-06-12,24580,24600,24570,24670,24410,24400,24400,24600,24730,24740,24580,24590,24640,24530,24440,24570,24600,24560,24620,24520,24140,24140,24100,24150,24050,24090,24160,24050,24290,24600,24600,24510,24670,24550,24930,25080,25080,25110,25120,25070,25070,25120,25170,24950,24120,24090,24130,24150,,
ARA,ARA2201,MRPL,aratiatia,Hydro,Hydro,2026-06-13,24060,24170,24090,24080,24120,24120,24120,24120,24100,24080,24130,24130,24170,23210,13380,12790,12870,12890,12900,12890,12810,12820,12770,12800,12760,12780,12320,12360,12270,12370,12270,12310,12310,12300,12300,12300,22960,24610,24600,24590,24640,24580,24650,24630,25360,26110,24310,12520,,
ARA,ARA2201,MRPL,aratiatia,Hydro,Hydro,2026-06-14,8930,10640,10820,9800,8320,8340,8920,8820,8850,9150,8380,8360,8350,8290,8350,8320,8320,8340,8340,8320,8320,8350,8340,8290,8380,8330,8320,8330,8320,8340,8350,8310,8370,8330,8310,8260,8350,8340,8300,8350,11240,11290,11330,11290,11320,11280,11270,11310,,
ARA,ARA2201,MRPL,aratiatia,Hydro,Hydro,2026-06-15,11320,11300,11330,11300,11290,11340,11300,11310,11310,11300,11280,11470,12290,12260,12300,12230,12260,12290,12310,12270,12270,12320,12130,11790,11770,11830,11780,11760,11800,11830,11770,11790,11850,16910,21590,21520,21610,21640,21670,21610,22100,23650,23680,23640,22880,21620,21710,21520,,
ARA,ARA2201,MRPL,aratiatia,Hydro,Hydro,2026-06-16,21720,21680,21660,21610,21520,21590,21740,21640,21720,21630,21480,21830,21840,21450,23500,24580,24590,24680,24510,24660,24610,24580,24570,24600,24550,24690,24530,24600,24590,24590,24660,24590,27120,34930,34530,34260,34510,34400,34430,34440,34450,34420,34510,31010,23620,23820,27730,23200,,
ARA,ARA2201,MRPL,aratiatia,Hydro,Hydro,2026-06-17,18250,18550,11180,8770,7840,7840,7880,7820,7840,7830,11140,10720,18730,23520,23530,23480,23490,23800,21360,18750,18380,18230,18680,19000,18930,18770,18590,18480,18710,18710,18800,18780,18720,18580,18580,22890,26390,31540,31500,31440,31430,29640,24930,24590,24570,24650,21060,18630,,
ARA,ARA2201,MRPL,aratiatia,Hydro,Hydro,2026-06-18,10500,10820,10800,10820,10830,10830,10820,10820,10830,10790,10790,10770,10990,10740,14570,23100,23110,23130,23090,23170,23120,23130,23210,23050,23040,23130,23180,23160,23060,23200,23190,23030,23750,23940,26630,33790,35790,35820,35830,35850,35680,35490,36240,34590,31880,31980,32170,37130,,
ARA,ARA2201,MRPL,aratiatia,Hydro,Hydro,2026-06-19,35130,20740,16850,12760,12900,14590,15260,15180,15190,15260,15150,17450,23330,24200,25100,25100,24970,25090,24950,25080,24970,25060,25030,25060,24760,24570,24510,24540,24480,24580,24680,24470,24540,24470,24660,24470,24510,24570,24530,24460,24490,24570,13310,8310,8360,8300,8360,8330,,
ARA,ARA2201,MRPL,aratiatia,Hydro,Hydro,2026-06-20,8330,8390,8350,8390,8320,8370,8320,8370,8350,8320,8360,8360,8370,8350,8320,8880,11800,15320,21640,21570,20070,15700,21730,21590,21590,21580,21530,21820,21590,21660,21690,21640,21680,25200,25280,30440,25190,32460,33940,31280,17770,12410,12300,12530,12810,12780,12770,12780,,
ARA,ARA2201,MRPL,aratiatia,Hydro,Hydro,2026-06-21,12770,12790,12810,12350,12310,12310,12290,12320,12310,12340,12300,12270,12320,22250,23590,23660,23660,24380,25650,25580,28920,31920,32430,32450,31280,30980,31040,31020,30990,30700,28600,28470,30750,31960,31850,31990,32060,31850,31650,31510,31580,31370,31510,31450,31430,31660,28840,23720,,
ARA,ARA2201,MRPL,aratiatia,Hydro,Hydro,2026-06-22,25050,21210,12680,12310,12300,12610,12810,12780,12800,14420,22540,26280,33560,35900,35850,35860,35850,35990,35830,35970,35940,35940,35960,35950,35910,35640,35410,35560,35520,35420,35160,34990,34960,34980,35020,36390,37230,37300,37270,37220,37170,34070,33100,32960,32970,35670,35980,35910,,
ARA,ARA2201,MRPL,aratiatia,Hydro,Hydro,2026-06-23,36180,35900,35950,36440,36440,36440,34340,32480,24730,25120,25130,26220,31810,33180,36420,37200,37200,37130,35830,35230,27160,23130,23390,24340,24620,28980,33890,32110,31920,31960,32090,31890,31950,32200,33940,33900,34240,37200,37300,37270,36550,34860,34900,34920,35000,34980,35010,34990,,
ARA,ARA2201,MRPL,aratiatia,Hydro,Hydro,2026-06-24,35000,35040,34050,24870,26200,25840,25670,25660,25630,25620,25620,26970,30630,30430,30570,30590,27550,27840,28790,29040,28980,29210,28790,28980,28970,27890,26050,26060,25970,26090,26130,26030,25980,26130,26040,32210,34990,34450,34440,34460,34460,34480,34520,34490,31700,23600,23650,23630,,
ARA,ARA2201,MRPL,aratiatia,Hydro,Hydro,2026-06-25,18530,9910,9830,8320,8320,8340,8360,8780,9190,8840,9260,11030,13930,22040,21940,22160,22310,22650,22560,22690,23120,23220,23130,23150,22950,23160,23110,23090,21740,21860,22740,23400,23620,23570,23580,23590,23550,23730,23580,23620,23580,23600,23680,23610,23620,17930,11850,11770,,
ARA,ARA2201,MRPL,aratiatia,Hydro,Hydro,2026-06-26,13530,15330,8770,8840,8820,8820,8820,8830,8840,9060,9410,8810,20180,22480,22650,22570,22560,22610,22590,23380,24050,24170,12040,12800,13170,13190,12090,10740,10850,10780,10860,10770,18980,22640,31260,33880,33760,33920,33970,34050,26160,26040,26060,26100,25750,25090,25140,25110,,
ARA,ARA2201,MRPL,aratiatia,Hydro,Hydro,2026-06-27,25080,25180,25090,25100,25600,25540,25580,25590,25670,25600,25640,25640,25540,25650,25670,25600,25600,24730,24620,24600,24630,24720,24580,24620,24620,24640,24580,24690,24620,24610,24650,24770,26720,36300,36430,36300,36210,35980,36010,30990,19650,12830,12690,12730,12840,12860,12760,12790,,
ARA,ARA2201,MRPL,aratiatia,Hydro,Hydro,2026-06-28,12500,12320,12290,12310,12260,12300,12350,11600,11440,11410,11280,11360,11290,11310,11310,11290,11300,9610,8310,8330,8300,9180,9330,9330,9320,9320,9270,10830,10840,10790,10790,10830,11580,11800,12210,16740,23560,23590,23630,23600,23600,23640,23650,24430,25540,25690,25660,17170,,
ARA,ARA2201,MRPL,aratiatia,Hydro,Hydro,2026-06-29,11860,11790,11930,12280,12330,12300,12300,12320,12280,12290,11330,12590,25030,33580,36360,36380,36360,36320,36310,36320,35160,30040,28680,28050,28030,25160,24420,25200,25120,25130,25290,26580,26110,26100,26120,36150,36930,33470,33420,33500,33390,33290,33690,34870,34920,34940,36770,36390,,
ARA,ARA2201,MRPL,aratiatia,Hydro,Hydro,2026-06-30,36120,34140,29410,23600,23700,23680,31710,34450,34540,34450,35960,36410,36170,36370,36220,36120,36480,36340,36300,36250,36220,36330,36410,36420,37850,38240,38220,38150,38110,38060,38130,38140,37870,37090,37110,37160,37080,37170,36800,35860,35860,35890,36100,36050,35990,36810,36960,37830,,
ARG,ARG1101,CNIR,argyle_wairau,Hydro,Hydro,2026-06-01,4482,4526,3365,3340,3339,45,0,0,0,0,4191,5102,5059,4968,5086,5153,5151,5190,5180,5186,5199,5189,5165,5216,5230,5250,5248,5261,5265,5266,5267,5267,5260,5273,5291,5290,5289,5285,5276,5270,5263,5268,5285,5305,5303,5302,5299,5261,,
ARG,ARG1101,CNIR,argyle_wairau,Hydro,Hydro,2026-06-02,186,0,0,0,0,0,0,0,0,0,0,0,0,0,0,4111,5041,5023,4980,3712,3607,3531,3443,86,0,0,0,0,0,0,0,0,0,0,0,0,0,0,0,0,0,0,0,0,0,0,0,0,,
ARG,ARG1101,CNIR,argyle_wairau,Hydro,Hydro,2026-06-03,0,0,0,0,0,0,0,0,0,0,0,0,0,0,0,0,0,0,0,0,0,0,0,0,0,0,0,0,0,0,0,0,0,0,0,0,0,0,0,0,0,0,0,0,0,0,0,0,,
ARG,ARG1101,CNIR,argyle_wairau,Hydro,Hydro,2026-06-04,0,0,0,0,0,0,0,0,0,0,0,0,0,0,0,0,0,0,0,0,0,0,0,0,0,0,0,0,0,0,0,0,0,3784,4880,4859,5164,5166,5066,4965,4905,4937,4964,4946,4920,4894,4890,4890,,
ARG,ARG1101,CNIR,argyle_wairau,Hydro,Hydro,2026-06-05,4950,4927,4938,4910,4905,4881,4861,4880,4780,4909,4890,4903,4925,4895,5073,5201,5194,5200,5185,5189,5193,5206,5197,5196,5196,5205,5224,5222,5221,5213,5210,5201,5198,5201,5176,5182,5176,5172,5157,5155,5153,5174,5151,5165,5155,5153,5161,5157,,
ARG,ARG1101,CNIR,argyle_wairau,Hydro,Hydro,2026-06-06,5153,5151,5157,5152,5152,5158,5148,5141,5165,5124,5127,5161,5148,5156,5172,3234,3143,3158,3473,4920,4998,4114,3328,3285,3263,3275,4312,4714,3838,3305,3538,4428,3320,3277,4165,5036,5060,5048,4733,4660,3758,4160,4912,4331,3766,3543,3287,3300,,
ARG,ARG1101,CNIR,argyle_wairau,Hydro,Hydro,2026-06-07,3294,3304,3322,4780,38,0,0,0,0,0,0,0,0,0,0,0,3978,5050,4977,3220,3135,3140,3357,3342,3779,0,0,0,0,0,0,0,1592,4643,4363,5072,3596,3153,3115,3135,3883,3180,3504,161,0,0,0,0,,
ARG,ARG1101,CNIR,argyle_wairau,Hydro,Hydro,2026-06-08,0,0,0,0,0,0,0,0,0,0,0,3457,3368,3501,4153,4981,5023,3335,3254,3219,3241,3238,3254,3263,35,0,0,0,0,0,0,0,0,0,0,0,0,0,0,0,0,0,0,0,0,0,0,0,,
ARG,ARG1101,CNIR,argyle_wairau,Hydro,Hydro,2026-06-09,0,0,0,0,0,0,0,3310,3575,3290,3269,3801,4163,4174,4417,4397,4895,3500,4860,4897,4928,4963,4964,4942,4355,4049,4911,3830,4938,5019,5075,5050,4462,4712,4894,4908,4881,4889,4893,4874,4890,4947,4974,4960,4926,4901,4878,4861,,
ARG,ARG1101,CNIR,argyle_wairau,Hydro,Hydro,2026-06-10,4875,4873,4876,4874,4892,4911,4947,4953,4946,4915,4878,4863,4854,4851,4867,4854,4850,4853,4889,4939,4955,4945,4033,3765,3159,3159,3181,3210,3234,3261,3276,5021,5052,5073,5044,4988,4905,4875,4869,4867,4878,4873,4887,4862,4938,4980,5033,4988,,
ARG,ARG1101,CNIR,argyle_wairau,Hydro,Hydro,2026-06-11,4953,4911,4889,4878,4875,4879,4877,4872,4233,0,0,0,2578,4986,4980,5184,5007,4896,4868,4869,4863,4874,4295,3741,3154,3622,3219,3249,3258,3275,3712,4301,5062,5080,5065,4998,4939,4906,4882,4892,4897,4930,4924,4885,4890,4970,5011,4994,,
ARG,ARG1101,CNIR,argyle_wairau,Hydro,Hydro,2026-06-12,4963,4914,4876,4870,3131,3106,3096,3130,3139,3144,3144,3145,4879,4938,4991,5021,3295,3231,4901,4955,4994,4990,4955,4910,4895,4888,4886,4888,4883,4881,4889,4899,4947,4952,4933,4914,4895,4884,4883,4876,4876,4882,4882,4880,4907,4939,4942,4936,,
ARG,ARG1101,CNIR,argyle_wairau,Hydro,Hydro,2026-06-13,4898,4884,4881,4879,3168,3141,3138,3140,4917,4956,5019,5022,5003,4940,4897,4868,4868,4880,4914,4885,3723,3136,3131,3143,3166,3190,3211,3230,3239,108,0,0,0,3913,5019,5013,4979,4927,4890,4878,4877,4887,4893,4887,4030,3751,3485,4377,,
ARG,ARG1101,CNIR,argyle_wairau,Hydro,Hydro,2026-06-14,42,0,0,0,0,0,0,0,0,0,0,0,0,0,2852,3554,3307,3245,3819,3849,3307,3806,3820,4257,3884,3886,3896,3868,3856,3832,3809,4209,3812,3775,4355,5002,3827,3790,3977,3757,3748,3775,122,0,0,0,0,0,,
ARG,ARG1101,CNIR,argyle_wairau,Hydro,Hydro,2026-06-15,0,0,0,0,0,0,0,0,0,0,0,0,3921,3540,4421,3611,3804,3490,3245,3257,97,36,0,0,0,0,0,0,1224,1740,1728,1733,1734,1732,1724,1722,1729,1478,1477,1475,1478,1477,1481,1481,1483,1481,1486,1479,,
ARG,ARG1101,CNIR,argyle_wairau,Hydro,Hydro,2026-06-16,1485,1484,6,0,0,0,0,0,0,0,0,0,1095,1156,1169,998,598,0,0,0,0,0,832,945,933,947,938,947,954,943,944,933,937,918,2519,4355,4156,5058,5010,4920,4858,4858,4864,4864,4872,4656,4260,3379,,
ARG,ARG1101,CNIR,argyle_wairau,Hydro,Hydro,2026-06-17,3217,3237,32,0,0,0,0,0,0,0,0,0,4299,5446,5410,5384,5355,5415,3828,4004,3718,1931,2656,2791,3215,5402,5763,5771,5791,5792,5790,4502,5070,5044,3574,3294,3177,3128,3128,3150,3177,3195,3209,3212,3229,3243,3236,3260,,
ARG,ARG1101,CNIR,argyle_wairau,Hydro,Hydro,2026-06-18,3264,3270,3269,3276,3270,3274,3276,3282,3273,3274,3249,3235,3266,3230,3235,3242,560,0,0,0,0,0,0,0,0,0,0,0,0,0,0,0,914,3683,4073,4267,4921,4716,4601,4337,4841,4352,4761,4126,3557,3308,3308,3856,,
ARG,ARG1101,CNIR,argyle_wairau,Hydro,Hydro,2026-06-19,3305,3316,3272,3264,3291,3297,3282,3277,171,0,0,0,0,0,0,2992,3240,3239,4944,4153,5357,5669,4147,1731,2438,3917,3775,4001,3479,3349,3240,3161,3146,3143,3164,3170,3179,3193,3198,3207,3222,3227,3237,3246,3255,3255,3275,3272,,
ARG,ARG1101,CNIR,argyle_wairau,Hydro,Hydro,2026-06-20,3277,3291,3295,3312,3287,3310,49,0,0,0,0,0,0,0,2880,3299,3291,3285,3292,3292,3302,14,2935,3283,3282,3284,3274,3307,3307,3315,3330,5040,5076,5076,5045,4984,4921,4318,3135,3153,3151,4908,4922,4997,5031,5008,3320,45,,
ARG,ARG1101,CNIR,argyle_wairau,Hydro,Hydro,2026-06-21,0,0,0,0,0,0,0,0,0,0,0,0,0,0,0,0,2904,3280,3274,3264,3261,3262,3266,3277,3269,3263,3266,3287,3286,3303,3308,3298,3314,3307,3302,3312,3318,3303,3310,3306,3311,3297,3295,3294,3291,3314,3304,3287,,
ARG,ARG1101,CNIR,argyle_wairau,Hydro,Hydro,2026-06-22,118,0,0,0,0,0,0,0,0,0,0,0,0,3962,4484,4980,4942,4874,4859,4616,3116,3130,3127,3136,3163,3188,3210,3240,3258,3265,3283,3290,3564,3827,3915,4170,3304,3216,3206,3676,3859,3668,5005,4436,4762,4798,4840,4241,,
ARG,ARG1101,CNIR,argyle_wairau,Hydro,Hydro,2026-06-23,3345,3297,3296,3299,3298,3297,3292,3293,3298,3291,3582,3897,4375,4418,4939,4924,4892,3215,3398,3608,3639,3386,3212,3217,3232,86,0,0,0,0,0,0,3165,4828,5044,4982,4904,4870,4569,4871,4887,4311,4031,3788,4918,5022,5053,3364,,
ARG,ARG1101,CNIR,argyle_wairau,Hydro,Hydro,2026-06-24,3264,3221,3225,3224,3227,3232,3247,3246,3254,3255,3260,3499,4161,4192,4172,4718,4102,4182,4899,4934,4958,4963,4911,4885,4875,4864,4611,3123,3120,3129,3123,3178,3138,3413,3212,3183,4900,4962,4460,4154,4938,3890,3277,3241,3237,3231,3241,3231,,
ARG,ARG1101,CNIR,argyle_wairau,Hydro,Hydro,2026-06-25,59,0,0,0,0,0,0,0,0,0,0,0,21,3334,3609,3266,3272,4659,4978,5019,5012,4982,4924,4868,4846,4866,4512,4616,4884,4918,4987,4991,4986,4939,4897,4861,4851,4866,4864,4871,4864,4863,4907,4942,4703,4344,4906,4888,,
ARG,ARG1101,CNIR,argyle_wairau,Hydro,Hydro,2026-06-26,4898,4886,4888,4878,4868,4869,4869,4596,4399,4732,3175,3144,3141,3411,4894,4952,4994,4999,4968,4916,4871,4868,4860,4868,4872,4877,4870,4866,3200,3175,3185,3187,3192,3190,3190,3193,3188,3206,3212,3221,3220,3224,3223,3234,3240,3243,3254,3253,,
ARG,ARG1101,CNIR,argyle_wairau,Hydro,Hydro,2026-06-27,3248,3260,3256,52,0,0,0,0,0,0,0,0,0,0,0,0,3970,3314,3257,3519,3232,4043,4115,3318,3322,3325,3329,3340,3340,3343,3343,3357,3342,3605,3597,3350,3294,3278,3275,3270,3267,3269,3512,3288,3489,3302,3291,3301,,
ARG,ARG1101,CNIR,argyle_wairau,Hydro,Hydro,2026-06-28,428,0,0,0,0,0,0,0,0,0,0,0,0,0,0,0,0,0,0,0,0,0,0,0,0,0,0,0,0,0,0,0,0,0,2757,3306,3274,3260,3257,3258,3257,3260,3265,3769,3591,3311,3306,3309,,
ARG,ARG1101,CNIR,argyle_wairau,Hydro,Hydro,2026-06-29,115,0,0,0,0,0,0,0,0,0,0,0,3464,4184,3783,3823,4860,4855,4869,4618,4375,3984,3550,3271,3275,3286,3289,3303,3319,3316,3327,3304,4130,4198,4780,4970,3562,4189,4320,4933,4978,4465,4725,3834,3540,3510,3223,3223,,
ARG,ARG1101,CNIR,argyle_wairau,Hydro,Hydro,2026-06-30,3225,3242,3240,3235,3244,3261,3261,3266,3267,3269,3257,3267,3233,3248,4931,4975,5008,4969,4911,4849,3151,19,0,0,0,0,0,0,0,0,0,0,2271,4015,4516,4495,4860,4863,4878,4883,4884,4876,4882,4912,3263,80,0,0,,
ARI,ARI1101,MRPL,arapuni,Hydro,Hydro,2026-06-01,33739,33208,23283,23457,22572,22916,19895,22534,22548,19609,22514,22561,23193,23240,23345,23324,23370,23303,23312,23327,23336,23318,23322,23376,23310,23338,23334,23258,23396,23265,27535,35226,34714,35023,34775,35041,35073,34973,34994,35022,34978,35035,35129,35188,34945,34958,34995,35055,,
ARI,ARI1101,MRPL,arapuni,Hydro,Hydro,2026-06-02,35039,34926,35391,35104,34796,30780,10692,15552,21040,20807,22360,23811,22884,20426,22555,22553,22479,22617,26066,33850,37976,37964,36976,33829,33850,33816,33743,34322,35955,31212,35311,35397,34990,35443,36723,36590,36815,36801,35413,34976,35014,34980,35070,34928,31350,23300,23333,23300,,
ARI,ARI1101,MRPL,arapuni,Hydro,Hydro,2026-06-03,23320,23276,12130,10784,49,0,5540,11215,11364,7499,11325,11253,21189,23300,23385,23288,23208,23455,23297,25911,34960,34900,35021,34983,35027,35006,35111,35025,34911,34990,35027,35010,35007,34964,35432,38040,39065,38207,37158,35279,35277,35310,35428,35257,35217,35263,35377,35400,,
ARI,ARI1101,MRPL,arapuni,Hydro,Hydro,2026-06-04,35263,32359,31056,21903,11092,9705,19488,13504,11073,19911,11813,20566,22219,23470,23613,34221,35343,35269,35329,35334,35103,35327,35127,35266,35374,35333,35298,35222,35299,35388,35313,35256,35297,35276,35699,39218,39704,39730,39871,37745,36779,36605,36566,36659,24952,16794,19239,18787,,
ARI,ARI1101,MRPL,arapuni,Hydro,Hydro,2026-06-05,11885,19938,21692,129,0,0,0,0,0,0,18979,8090,28405,37734,38129,38442,38193,38547,38192,38143,37917,35484,33926,33771,33780,33727,33955,33790,33847,33808,33913,34333,33291,37041,38824,39733,39669,39749,35986,34914,34868,35184,35080,35060,34888,29582,16235,22733,,
ARI,ARI1101,MRPL,arapuni,Hydro,Hydro,2026-06-06,23453,23451,18726,12212,17691,658,0,0,0,2156,0,0,0,0,0,22125,24230,23966,24077,23432,23955,23702,23933,24491,23827,24746,32165,35028,35088,35738,35292,35306,35354,35430,36434,34978,35314,35386,35236,35253,35321,35231,35316,35386,28240,23216,23093,23815,,
ARI,ARI1101,MRPL,arapuni,Hydro,Hydro,2026-06-07,27690,23660,23603,33371,34014,25241,37257,34445,23115,17284,16064,15056,14652,17912,23045,23092,23271,23309,23269,23258,23338,23327,23342,23354,23301,23279,23304,23289,23259,24377,24749,23639,23445,23625,33485,35330,34497,35098,35674,36185,35649,36063,34807,35467,35439,35845,33951,8818,,
ARI,ARI1101,MRPL,arapuni,Hydro,Hydro,2026-06-08,14371,16293,13697,15525,14789,15234,15173,15402,15646,15381,15487,14826,15538,17760,27907,34166,34207,33941,34297,34235,34680,34217,34267,35032,35551,35022,35352,36331,35547,23357,22704,33700,34539,34286,35081,35329,35121,35222,35026,34863,35091,34915,34983,34986,34992,31758,23918,23609,,
ARI,ARI1101,MRPL,arapuni,Hydro,Hydro,2026-06-09,24305,23325,23717,32736,35729,35953,33552,35293,35487,25711,35419,34912,35773,35441,34884,34835,34895,35094,35026,35083,34828,35008,35191,34983,35044,34788,35429,35265,34730,31095,31696,31470,33110,35709,38467,38750,39306,39423,39418,39391,38191,38205,38201,35286,34929,35046,35110,34923,,
ARI,ARI1101,MRPL,arapuni,Hydro,Hydro,2026-06-10,16260,11973,10900,10599,8520,8439,10833,10894,11861,12351,21162,32189,35148,37835,38124,37907,39284,39381,39007,35567,34289,33783,33736,33854,33927,33630,34738,34496,34685,34678,34456,34013,33466,33687,34429,38682,39236,37034,35330,35241,35298,35010,35195,34798,35059,34964,35005,35008,,
ARI,ARI1101,MRPL,arapuni,Hydro,Hydro,2026-06-11,35979,36035,34946,34959,33270,35116,34893,34941,35106,35094,37763,37829,38249,38096,35645,39391,39417,39499,39043,36788,36142,35361,35446,35254,35550,36438,36161,35998,35693,35441,35903,35344,34827,34447,34653,35611,35487,35381,35576,35680,34487,35972,36663,36308,35047,35491,36651,35357,,
ARI,ARI1101,MRPL,arapuni,Hydro,Hydro,2026-06-12,23313,21308,19055,22794,23445,5264,0,0,0,0,21173,23143,29071,35443,34803,35703,36095,35390,35840,35009,35001,35007,34903,35065,34998,34955,34982,34912,35022,35007,34983,34892,35068,34846,34869,34970,36834,36788,36818,36717,35211,34551,34586,34527,34500,34518,35049,35320,,
ARI,ARI1101,MRPL,arapuni,Hydro,Hydro,2026-06-13,35150,35331,34630,34484,34535,34523,34543,34526,34487,34513,34510,34579,34686,35211,35080,34941,34867,34929,34989,35341,35002,34996,35423,34969,35064,34975,23714,23536,23272,23406,23242,25609,34988,34977,34969,34949,34928,35415,35291,35383,35755,35496,35300,35898,35261,34474,35046,34613,,
ARI,ARI1101,MRPL,arapuni,Hydro,Hydro,2026-06-14,31527,22579,23064,22308,15696,6726,0,0,0,0,0,20359,20902,22678,33580,36395,34017,34930,35003,35017,35017,25785,22953,34443,35147,29277,22919,20288,20093,20460,22977,32625,35107,35015,34942,34851,38048,36829,34921,35112,25896,23284,23361,21439,11404,10444,5934,0,,
ARI,ARI1101,MRPL,arapuni,Hydro,Hydro,2026-06-15,0,0,0,0,0,0,0,0,0,0,0,3656,18904,23223,27974,36044,36865,37363,36926,35649,36667,35216,36250,33895,33813,34728,36730,36672,35997,37350,38157,38172,38071,36790,35731,37650,38148,38174,38237,38206,38179,38234,38022,35356,35363,35282,35322,35198,,
ARI,ARI1101,MRPL,arapuni,Hydro,Hydro,2026-06-16,35245,35342,35279,31962,28882,27027,31155,32669,33452,35240,35073,32117,34143,34483,35905,35768,35684,35827,35728,36315,36168,35613,36173,36770,35852,35890,35165,35349,35373,35274,35335,35238,35313,35359,35206,35088,35332,35249,35247,35264,35329,35291,35370,35248,35210,35233,35229,34018,,
ARI,ARI1101,MRPL,arapuni,Hydro,Hydro,2026-06-17,17454,3846,0,0,0,0,0,0,0,0,11010,18164,33422,35101,35222,35114,35051,35594,34834,35485,34849,34677,35292,35785,35846,35375,35255,35057,35358,35344,35459,35381,35355,35231,35161,35084,35083,35369,35343,35254,35269,35291,35443,35247,35233,35387,35161,34845,,
ARI,ARI1101,MRPL,arapuni,Hydro,Hydro,2026-06-18,31200,21906,23032,25224,25516,25504,24827,14303,19572,12000,9646,13692,27636,37099,33919,33714,33885,33848,34216,35585,35746,35914,34183,23661,23550,24648,23498,24063,23956,24285,24215,31142,35559,35580,35910,35924,39316,37456,35297,37178,39620,37820,38683,38361,38096,38221,37918,36819,,
ARI,ARI1101,MRPL,arapuni,Hydro,Hydro,2026-06-19,36891,28804,22654,32327,27934,23778,23711,23577,30202,35855,35673,35227,36119,35456,35893,35131,37956,35196,34936,35065,27458,24269,34956,25406,23288,23310,23294,23293,23290,23328,23385,23249,23336,23192,23403,32840,34961,35067,34972,34893,34916,35020,35264,34944,35016,34911,35853,29226,,
ARI,ARI1101,MRPL,arapuni,Hydro,Hydro,2026-06-20,23515,23737,23609,17815,23338,16269,15228,15343,15303,15259,15313,21428,23674,23621,31428,35654,35416,35332,35190,35164,35350,35292,35402,35294,35220,35158,35126,35504,35277,35314,35367,35329,35199,35289,35351,35151,35314,35310,31243,23357,23335,23686,23612,23791,24225,23649,23886,23590,,
ARI,ARI1101,MRPL,arapuni,Hydro,Hydro,2026-06-21,23954,24085,16477,15356,19592,19956,20301,19887,17194,15624,15433,15413,15651,20882,20107,23570,23584,23586,23598,23544,23543,23532,23532,23542,23543,33362,35296,35308,35276,35277,35354,35287,35245,35271,35148,35270,35367,35190,35354,35336,35368,35138,35137,33788,37302,24204,19411,13957,,
ARI,ARI1101,MRPL,arapuni,Hydro,Hydro,2026-06-22,21910,4512,0,13350,6427,0,6432,22160,22574,24531,18208,24456,32522,36580,35654,35266,35998,36797,36758,36392,34900,34532,34212,33834,33798,34432,34508,34648,33954,34391,34530,35723,35294,35241,35309,38462,36817,36260,35314,35254,35196,35296,35382,35311,35267,35345,35337,35235,,
ARI,ARI1101,MRPL,arapuni,Hydro,Hydro,2026-06-23,35488,35260,35268,29899,23510,23507,23549,23524,32748,35235,35264,34700,35429,35260,35117,37961,38060,37046,36076,35199,34909,34510,34701,34511,34585,34545,34517,34626,34521,34528,34631,34497,34529,34566,35444,38129,38080,39401,39656,38847,35331,36550,35489,35257,35353,35295,35397,35319,,
ARI,ARI1101,MRPL,arapuni,Hydro,Hydro,2026-06-24,35286,35353,35249,35227,35439,35684,35468,25975,23706,23563,23534,27723,33469,35551,35785,35690,34949,35518,35571,35172,35766,36782,35953,35939,35852,35748,35494,35694,35601,35960,36048,35550,34827,36336,35478,36563,36570,35513,35250,35289,34772,34544,34742,34610,34505,34478,34490,34006,,
ARI,ARI1101,MRPL,arapuni,Hydro,Hydro,2026-06-25,34028,35020,32949,22642,23167,22559,23588,23784,24025,22207,21867,23833,23827,27154,34665,34922,35351,35068,34977,34896,35121,35064,34944,35009,34818,35120,34931,34995,29225,35118,35059,34674,35012,34854,34925,34993,34916,35259,35213,35305,35202,35221,35371,34856,33784,33846,33878,33764,,
ARI,ARI1101,MRPL,arapuni,Hydro,Hydro,2026-06-26,33400,33754,33766,33827,28673,22531,22548,22527,22536,22468,26815,33707,34864,34951,35590,38109,38266,35168,37544,36838,36734,36829,36778,35366,34982,37977,38173,38034,38394,37555,36895,36653,36689,36750,38352,38185,38071,38205,36106,35098,34958,34968,35548,35109,35525,35515,35473,35688,,
ARI,ARI1101,MRPL,arapuni,Hydro,Hydro,2026-06-27,35437,35836,35403,35358,24441,23243,23671,23598,24338,23902,23811,24162,31645,36276,35827,35930,35510,35009,35482,35891,35988,36114,36097,35901,35968,36135,35933,36478,35743,34358,23601,32173,34780,34865,35706,35044,35462,35911,35742,35456,35136,35572,34492,36665,33918,23926,23544,23583,,
ARI,ARI1101,MRPL,arapuni,Hydro,Hydro,2026-06-28,23352,23353,24093,24407,23203,23353,23434,4374,0,0,22412,23966,23796,23897,25951,32937,32666,35341,35827,36568,36721,35620,30503,24043,23516,34862,35160,33198,30344,31872,29627,31383,35196,35313,35089,35145,35270,35256,35309,37614,37088,36733,37841,37449,34894,31740,25040,21495,,
ARI,ARI1101,MRPL,arapuni,Hydro,Hydro,2026-06-29,3650,22678,21534,18746,18779,21177,23220,19529,22948,24468,23422,21268,21139,25324,25497,25446,25487,25497,25484,25468,24935,23889,23659,24023,24288,24216,23743,24098,24483,24034,24995,23150,24111,24044,29719,35573,35519,35373,35060,34860,34859,33966,33869,35532,34481,33779,33790,33777,,
ARI,ARI1101,MRPL,arapuni,Hydro,Hydro,2026-06-30,33803,33897,35303,35092,35347,35201,33894,31699,33850,33654,35984,36769,35802,35323,36669,34906,34861,34025,34584,34719,34873,35148,35568,35687,35970,36072,36073,35349,36032,34662,35744,35425,35600,33659,33686,33713,33583,35147,36775,36727,36676,36677,36937,36850,36721,36825,36713,36795,,
ARI,ARI1102,MRPL,arapuni,Hydro,Hydro,2026-06-01,11216,8416,7909,8405,7420,8300,7422,6359,890,0,0,7358,9207,10712,0,8727,13009,19828,18627,20324,20819,20818,20825,20327,19344,30217,31265,31244,26842,29022,30475,29111,40057,39581,53204,54685,53304,53585,53294,53307,53293,52711,41871,30514,30361,17927,15747,16204,,
ARI,ARI1102,MRPL,arapuni,Hydro,Hydro,2026-06-02,18030,7176,1583,0,0,0,3601,1735,3733,2078,8728,7778,7808,7123,12711,15844,19199,26981,29717,31078,32446,32457,32137,26209,25035,26056,32781,33217,21253,16023,11981,11419,17745,21665,25140,32017,32094,28885,20227,20800,22179,20804,21163,20842,20455,20402,21492,19920,,
ARI,ARI1102,MRPL,arapuni,Hydro,Hydro,2026-06-03,22096,13178,1594,9183,9734,15475,13949,8909,177,16378,17290,7472,18885,28240,29426,42863,42872,32699,39562,42896,32460,32208,32251,32240,37031,41485,38340,38550,33693,32478,32497,32496,32492,32878,45158,56280,56765,56562,54514,51414,51414,44603,38607,34309,36602,31799,17122,5870,,
ARI,ARI1102,MRPL,arapuni,Hydro,Hydro,2026-06-04,0,0,0,0,0,0,0,0,0,0,0,0,1006,0,9924,15234,15088,14892,14890,14892,14885,14888,16245,17848,17857,17516,14754,19983,20824,20824,20829,20832,20834,23947,40685,53225,50190,41825,34504,29245,26348,26509,19438,19867,11728,458,3054,0,,
ARI,ARI1102,MRPL,arapuni,Hydro,Hydro,2026-06-05,0,2275,4154,0,0,0,0,0,0,0,7374,4633,7004,10546,22924,27931,27589,27710,27591,22513,26011,31103,27012,16524,20809,20824,20829,20829,20825,16706,14889,15759,25553,32669,42668,44482,44476,44511,36932,25588,21748,23484,29915,29536,24400,16238,7545,8233,,
ARI,ARI1102,MRPL,arapuni,Hydro,Hydro,2026-06-06,9852,10394,5567,6699,6167,0,0,0,0,0,0,0,0,0,0,8079,15018,13588,16859,18611,19241,18394,17995,20591,17327,17272,15345,15004,15006,16148,13854,17468,17753,18308,19852,28821,31290,30778,26817,26817,26815,26818,26818,26649,25171,23799,21382,17111,,
ARI,ARI1102,MRPL,arapuni,Hydro,Hydro,2026-06-07,15656,16258,16565,15513,15682,18071,17814,15733,14575,17765,16716,17093,16352,14481,1789,14176,24627,26607,22763,17798,12610,19089,15055,10090,10086,9934,9411,10468,8899,8893,10405,14132,18588,18378,28761,39520,29705,31184,31223,29672,22896,20545,20541,20543,20541,10443,8230,8346,,
ARI,ARI1102,MRPL,arapuni,Hydro,Hydro,2026-06-08,16350,18839,12875,15760,14939,16238,16647,17443,18379,17156,16978,15832,17299,16346,17097,31814,36675,28348,28506,23867,18680,18523,19041,12706,11099,11027,11049,11143,7280,11023,10860,14940,20258,30301,40685,51029,50972,51568,53518,42491,31550,31403,28457,30382,34391,30147,16585,17911,,
ARI,ARI1102,MRPL,arapuni,Hydro,Hydro,2026-06-09,16782,23969,22792,28458,19338,18368,18046,9697,236,8391,16003,20624,21648,32814,47170,50922,50938,43289,40810,42885,44608,39671,33468,33374,29069,34726,32194,38904,30787,26848,31126,37046,41563,50189,54288,55855,56504,56547,56523,55784,56512,56558,56230,55255,53348,42230,28189,14287,,
ARI,ARI1102,MRPL,arapuni,Hydro,Hydro,2026-06-10,11661,11592,8711,8700,8769,8710,11082,11164,12127,12615,11649,11559,15537,35460,45731,55971,56801,56794,56664,46681,45026,48494,48338,49691,33858,29734,27095,28014,26327,18851,18588,18444,19599,33736,42315,56329,56511,53901,51358,51342,51365,47579,39559,36787,35443,28773,27505,19574,,
ARI,ARI1102,MRPL,arapuni,Hydro,Hydro,2026-06-11,14636,11882,11294,11303,11626,11598,11523,11543,11592,11594,12483,15903,34313,40314,50112,57044,57074,57186,56998,55783,55514,55189,45739,44631,41113,41161,37253,42512,49029,45923,33905,39254,41178,41153,41220,50778,53084,51387,51233,51260,51183,41595,29879,28931,25643,16067,9438,7485,,
ARI,ARI1102,MRPL,arapuni,Hydro,Hydro,2026-06-12,7106,11895,7193,9552,2483,5961,6812,6326,6050,8041,7443,7826,8651,9152,20684,29747,31106,31113,30428,26715,26686,26687,31027,30550,27455,29600,31054,31137,29328,26701,28925,26683,26696,31043,38581,39537,39555,39586,39597,39617,34783,28736,36200,29792,34503,23670,23531,22114,,
ARI,ARI1102,MRPL,arapuni,Hydro,Hydro,2026-06-13,24875,25004,21506,14900,12470,15664,7384,12404,7857,14059,16853,9564,17353,21482,30823,30112,30526,32221,31225,31650,30770,30075,27814,24213,25902,19898,20822,26014,20450,20153,28230,28913,31314,38256,41564,41567,41587,41587,41591,41594,41589,41599,41595,36551,30879,19390,17835,15883,,
ARI,ARI1102,MRPL,arapuni,Hydro,Hydro,2026-06-14,12541,7461,8375,5497,551,0,21,7416,7423,3783,492,0,7270,8796,9616,9480,1567,9533,9869,8701,4710,0,0,0,5768,0,0,0,0,0,0,2895,10852,10861,12905,15785,23408,23001,31611,21165,20995,20795,20473,13741,12923,13024,17962,17649,,
ARI,ARI1102,MRPL,arapuni,Hydro,Hydro,2026-06-15,10825,10138,8426,10396,10403,10400,10402,10404,10402,10401,10139,9637,8786,10353,10344,19087,23114,23274,23148,22714,21674,16774,19301,11404,13669,14796,22260,22064,21847,21801,23543,31071,29733,31829,32531,34090,34494,34498,34527,34514,34514,34525,34201,31599,29578,19375,20116,17568,,
ARI,ARI1102,MRPL,arapuni,Hydro,Hydro,2026-06-16,8454,14915,14902,5115,1821,2686,0,7180,6718,7427,298,0,8632,21057,27691,29050,31866,36516,41504,37557,36974,36936,36973,29440,29232,30955,30275,26481,27843,15243,14844,14854,14854,17614,36450,51336,53322,53302,53314,53340,52078,45481,44734,33295,24136,16581,13986,1845,,
ARI,ARI1102,MRPL,arapuni,Hydro,Hydro,2026-06-17,0,0,0,0,0,0,0,0,0,0,0,0,4548,6259,7364,13367,23629,26664,30775,29453,32288,32288,32489,31228,26770,25453,19382,17701,14976,14979,15007,20395,21375,21334,31025,41511,40685,36995,36997,36964,31860,23898,20454,19367,18399,11448,11379,11436,,
ARI,ARI1102,MRPL,arapuni,Hydro,Hydro,2026-06-18,11410,11630,11520,12500,12653,12647,12306,11962,9941,11955,8500,12544,18198,25773,27541,28995,28662,31978,30441,16885,17893,11169,9328,14541,13623,10087,16379,16188,12079,8316,9045,12618,21530,21446,41125,46632,48322,50018,47459,50807,54771,47020,45390,44346,39334,35790,31328,28581,,
ARI,ARI1102,MRPL,arapuni,Hydro,Hydro,2026-06-19,20101,16370,14579,22511,24298,17297,17232,18037,20496,22317,24332,22999,24826,27243,36794,51642,55962,55021,53231,46681,41571,40268,31192,29842,33764,31911,31204,31206,26907,26777,32856,38954,30750,37556,39522,41491,41563,31389,31217,31217,31217,27988,18535,15754,16389,13512,8493,7865,,
ARI,ARI1102,MRPL,arapuni,Hydro,Hydro,2026-06-20,8058,8136,8137,3697,0,0,0,0,0,0,0,0,0,3480,7337,7333,8789,8106,9801,13202,17479,15836,9074,12990,7089,11146,9107,8082,8083,15071,16753,15376,18600,24900,36203,42709,42880,42849,31277,31440,23916,20729,20249,20666,19886,20811,12720,7421,,
ARI,ARI1102,MRPL,arapuni,Hydro,Hydro,2026-06-21,8265,8324,8143,7462,7939,8582,7707,8347,8101,7795,7771,7838,7860,7508,1129,7224,8427,8699,8291,14193,16848,16849,16848,16850,16847,16850,16851,16846,16851,18300,19790,17322,23849,29683,35234,39569,38465,35169,38593,39289,34807,27506,24905,13829,1968,0,0,0,,
ARI,ARI1102,MRPL,arapuni,Hydro,Hydro,2026-06-22,0,0,0,0,0,0,0,0,0,0,3338,10827,18668,31421,37681,52349,54414,54241,54141,53053,40182,33466,29543,25886,25825,33365,33808,27480,25921,21024,22773,34642,34098,39630,44187,56253,55807,55313,53344,48487,53223,53308,53337,52553,51333,46929,41253,27884,,
ARI,ARI1102,MRPL,arapuni,Hydro,Hydro,2026-06-23,16105,12389,11404,11406,14930,18261,18295,19162,13375,19002,23996,26673,37759,44836,50693,56432,56519,56245,53376,47768,43186,43103,45802,41337,41220,41208,41186,41233,41201,42458,44554,45146,45159,45177,53004,56128,56187,48153,50531,50007,51414,52955,51433,51274,48361,34448,28695,26978,,
ARI,ARI1102,MRPL,arapuni,Hydro,Hydro,2026-06-24,19874,19899,28191,21050,18025,19105,19110,11556,11413,5574,10932,10690,15956,28330,36076,42670,52225,53581,49373,47273,47251,47298,47209,52835,48626,52077,51499,51917,50319,47267,47280,51457,54908,53778,55018,55533,55649,54037,53157,53259,51928,49197,35130,24392,23606,24644,21011,11770,,
ARI,ARI1102,MRPL,arapuni,Hydro,Hydro,2026-06-25,7683,7312,8464,7862,7636,7805,8257,7871,8125,8435,11904,15459,24412,23407,26557,36400,39665,39382,33471,35474,30888,29103,31070,31120,31122,28237,18019,14374,9499,4818,10093,28774,29049,31609,39936,41588,41592,35812,37593,37672,43606,47378,48807,43092,42101,36641,38125,35655,,
ARI,ARI1102,MRPL,arapuni,Hydro,Hydro,2026-06-26,22590,18716,15786,8729,8926,8770,7155,7632,10022,12911,19505,24612,26180,38341,37196,54904,56270,54462,55789,53932,51818,51846,51826,51369,51222,52190,48422,52127,52355,49202,48487,52331,55642,55756,56287,56233,56206,56241,54321,53240,53204,49638,41322,35836,42728,35333,25740,24669,,
ARI,ARI1102,MRPL,arapuni,Hydro,Hydro,2026-06-27,21104,19098,16770,9743,10416,17673,8976,347,1992,0,6551,17307,16931,18852,24489,33904,42540,33269,40212,31666,26205,21849,9374,9391,21173,20197,16601,7475,6566,7551,8417,8814,19927,29557,31757,41037,44330,43849,50282,39119,31190,21130,20798,21332,20806,20663,25442,14575,,
ARI,ARI1102,MRPL,arapuni,Hydro,Hydro,2026-06-28,10383,10449,10454,1483,9367,406,0,1793,10287,355,7311,8034,8006,8301,8390,10491,17035,19242,20206,21795,21688,20109,19191,17022,11120,10729,8195,9949,236,0,0,0,0,0,5126,20264,22105,22100,22123,23288,22231,22888,23445,19925,21291,14421,19858,2339,,
ARI,ARI1102,MRPL,arapuni,Hydro,Hydro,2026-06-29,1374,2527,6104,1603,0,6713,7910,6945,10312,10876,10876,10855,15541,31846,34638,42034,51654,49342,49350,49334,49319,50168,49750,50851,49167,42089,46182,42722,51108,43489,33087,38425,35523,36719,40470,44258,38019,36269,36076,34827,34939,34662,33665,31367,30908,18380,18384,18379,,
ARI,ARI1102,MRPL,arapuni,Hydro,Hydro,2026-06-30,18386,19847,26111,25057,26709,23958,15994,8471,7336,20657,22095,22579,28927,36791,38363,42751,44682,41477,42820,42817,42891,42905,42930,41045,28421,27835,19860,19342,19398,19330,20146,30168,36749,33208,33205,35646,36152,46534,55790,55763,55753,55751,55843,55818,55775,55808,55763,55797,,
ARI,ARI1102,POCO,arapuni,Hydro,Hydro,2026-06-01,0,0,0,0,0,0,0,0,0,0,0,0,0,0,0,0,0,0,0,0,0,0,0,0,0,0,0,0,0,0,0,0,0,0,0,0,0,0,0,0,0,0,0,0,0,0,0,0,,
ARI,ARI1102,POCO,arapuni,Hydro,Hydro,2026-06-02,0,0,0,0,0,0,0,0,0,0,0,0,0,0,0,0,0,0,0,0,0,0,0,0,0,0,0,0,0,0,0,0,0,0,0,0,0,0,0,0,0,0,0,0,0,0,0,0,,
ARI,ARI1102,POCO,arapuni,Hydro,Hydro,2026-06-03,0,0,0,0,0,0,0,0,0,0,0,0,0,0,0,0,0,0,0,0,0,0,0,0,0,0,0,0,0,0,0,0,0,0,0,0,0,0,0,0,0,0,0,0,0,0,0,0,,
ARI,ARI1102,POCO,arapuni,Hydro,Hydro,2026-06-04,0,0,0,0,0,0,0,0,0,0,0,0,0,0,0,0,0,0,0,0,0,0,0,0,0,0,0,0,0,0,0,0,0,0,0,0,0,0,0,0,0,0,0,0,0,0,0,0,,
ARI,ARI1102,POCO,arapuni,Hydro,Hydro,2026-06-05,0,0,0,0,0,0,0,0,0,0,0,0,0,0,0,0,0,0,0,0,0,0,0,0,0,0,0,0,0,0,0,0,0,0,0,0,0,0,0,0,0,0,0,0,0,0,0,0,,
ARI,ARI1102,POCO,arapuni,Hydro,Hydro,2026-06-06,0,0,0,0,0,0,0,0,0,0,0,0,0,0,0,0,0,0,0,0,0,0,0,0,0,0,0,0,0,0,0,0,0,0,0,0,0,0,0,0,0,0,0,0,0,0,0,0,,
ARI,ARI1102,POCO,arapuni,Hydro,Hydro,2026-06-07,0,0,0,0,0,0,0,0,0,0,0,0,0,0,0,0,0,0,0,0,0,0,0,0,0,0,0,0,0,0,0,0,0,0,0,0,0,0,0,0,0,0,0,0,0,0,0,0,,
ARI,ARI1102,POCO,arapuni,Hydro,Hydro,2026-06-08,0,0,0,0,0,0,0,0,0,0,0,0,0,0,0,0,0,0,0,0,0,0,0,0,0,0,0,0,0,0,0,0,0,0,0,0,0,0,0,0,0,0,0,0,0,0,0,0,,
ARI,ARI1102,POCO,arapuni,Hydro,Hydro,2026-06-09,0,0,0,0,0,0,0,0,0,0,0,0,0,0,0,0,0,0,0,0,0,0,0,0,0,0,0,0,0,0,0,0,0,0,0,0,0,0,0,0,0,0,0,0,0,0,0,0,,
ARI,ARI1102,POCO,arapuni,Hydro,Hydro,2026-06-10,0,0,0,0,0,0,0,0,0,0,0,0,0,0,0,0,0,0,0,0,0,0,0,0,0,0,0,0,0,0,0,0,0,0,0,0,0,0,0,0,0,0,0,0,0,0,0,0,,
ARI,ARI1102,POCO,arapuni,Hydro,Hydro,2026-06-11,0,0,0,0,0,0,0,0,0,0,0,0,0,0,0,0,0,0,0,0,0,0,0,0,0,0,0,0,0,0,0,0,0,0,0,0,0,0,0,0,0,0,0,0,0,0,0,0,,
ARI,ARI1102,POCO,arapuni,Hydro,Hydro,2026-06-12,0,0,0,0,0,0,0,0,0,0,0,0,0,0,0,0,0,0,0,0,0,0,0,0,0,0,0,0,0,0,0,0,0,0,0,0,0,0,0,0,0,0,0,0,0,0,0,0,,
ARI,ARI1102,POCO,arapuni,Hydro,Hydro,2026-06-13,0,0,0,0,0,0,0,0,0,0,0,0,0,0,0,0,0,0,0,0,0,0,0,0,0,0,0,0,0,0,0,0,0,0,0,0,0,0,0,0,0,0,0,0,0,0,0,0,,
ARI,ARI1102,POCO,arapuni,Hydro,Hydro,2026-06-14,0,0,0,0,0,0,0,0,0,0,0,0,0,0,0,0,0,0,0,0,0,0,0,0,0,0,0,0,0,0,0,0,0,0,0,0,0,0,0,0,0,0,0,0,0,0,0,0,,
ARI,ARI1102,POCO,arapuni,Hydro,Hydro,2026-06-15,0,0,0,0,0,0,0,0,0,0,0,0,0,0,0,0,0,0,0,0,0,0,0,0,0,0,0,0,0,0,0,0,0,0,0,0,0,0,0,0,0,0,0,0,0,0,0,0,,
ARI,ARI1102,POCO,arapuni,Hydro,Hydro,2026-06-16,0,0,0,0,0,0,0,0,0,0,0,0,0,0,0,0,0,0,0,0,0,0,0,0,0,0,0,0,0,0,0,0,0,0,0,0,0,0,0,0,0,0,0,0,0,0,0,0,,
ARI,ARI1102,POCO,arapuni,Hydro,Hydro,2026-06-17,0,0,0,0,0,0,0,0,0,0,0,0,0,0,0,0,0,0,0,0,0,0,0,0,0,0,0,0,0,0,0,0,0,0,0,0,0,0,0,0,0,0,0,0,0,0,0,0,,
ARI,ARI1102,POCO,arapuni,Hydro,Hydro,2026-06-18,0,0,0,0,0,0,0,0,0,0,0,0,0,0,0,0,0,0,0,0,0,0,0,0,0,0,0,0,0,0,0,0,0,0,0,0,0,0,0,0,0,0,0,0,0,0,0,0,,
ARI,ARI1102,POCO,arapuni,Hydro,Hydro,2026-06-19,0,0,0,0,0,0,0,0,0,0,0,0,0,0,0,0,0,0,0,0,0,0,0,0,0,0,0,0,0,0,0,0,0,0,0,0,0,0,0,0,0,0,0,0,0,0,0,0,,
ARI,ARI1102,POCO,arapuni,Hydro,Hydro,2026-06-20,0,0,0,0,0,0,0,0,0,0,0,0,0,0,0,0,0,0,0,0,0,0,0,0,0,0,0,0,0,0,0,0,0,0,0,0,0,0,0,0,0,0,0,0,0,0,0,0,,
ARI,ARI1102,POCO,arapuni,Hydro,Hydro,2026-06-21,0,0,0,0,0,0,0,0,0,0,0,0,0,0,0,0,0,0,0,0,0,0,0,0,0,0,0,0,0,0,0,0,0,0,0,0,0,0,0,0,0,0,0,0,0,0,0,0,,
ARI,ARI1102,POCO,arapuni,Hydro,Hydro,2026-06-22,0,0,0,0,0,0,0,0,0,0,0,0,0,0,0,0,0,0,0,0,0,0,0,0,0,0,0,0,0,0,0,0,0,0,0,0,0,0,0,0,0,0,0,0,0,0,0,0,,
ARI,ARI1102,POCO,arapuni,Hydro,Hydro,2026-06-23,0,0,0,0,0,0,0,0,0,0,0,0,0,0,0,0,0,0,0,0,0,0,0,0,0,0,0,0,0,0,0,0,0,0,0,0,0,0,0,0,0,0,0,0,0,0,0,0,,
ARI,ARI1102,POCO,arapuni,Hydro,Hydro,2026-06-24,0,0,0,0,0,0,0,0,0,0,0,0,0,0,0,0,0,0,0,0,0,0,0,0,0,0,0,0,0,0,0,0,0,0,0,0,0,0,0,0,0,0,0,0,0,0,0,0,,
ARI,ARI1102,POCO,arapuni,Hydro,Hydro,2026-06-25,0,0,0,0,0,0,0,0,0,0,0,0,0,0,0,0,0,0,0,0,0,0,0,0,0,0,0,0,0,0,0,0,0,0,0,0,0,0,0,0,0,0,0,0,0,0,0,0,,
ARI,ARI1102,POCO,arapuni,Hydro,Hydro,2026-06-26,0,0,0,0,0,0,0,0,0,0,0,0,0,0,0,0,0,0,0,0,0,0,0,0,0,0,0,0,0,0,0,0,0,0,0,0,0,0,0,0,0,0,0,0,0,0,0,0,,
ARI,ARI1102,POCO,arapuni,Hydro,Hydro,2026-06-27,0,0,0,0,0,0,0,0,0,0,0,0,0,0,0,0,0,0,0,0,0,0,0,0,0,0,0,0,0,0,0,0,0,0,0,0,0,0,0,0,0,0,0,0,0,0,0,0,,
ARI,ARI1102,POCO,arapuni,Hydro,Hydro,2026-06-28,0,0,0,0,0,0,0,0,0,0,0,0,0,0,0,0,0,0,0,0,0,0,0,0,0,0,0,0,0,0,0,0,0,0,0,0,0,0,0,0,0,0,0,0,0,0,0,0,,
ARI,ARI1102,POCO,arapuni,Hydro,Hydro,2026-06-29,0,0,0,0,0,0,0,0,0,0,0,0,0,0,0,0,0,0,0,0,0,0,0,0,0,0,0,0,0,0,0,0,0,0,0,0,0,0,0,0,0,0,0,0,0,0,0,0,,
ARI,ARI1102,POCO,arapuni,Hydro,Hydro,2026-06-30,0,0,0,0,0,0,0,0,0,0,0,0,0,0,0,0,0,0,0,0,0,0,0,0,0,0,0,0,0,0,0,0,0,0,0,0,0,0,0,0,0,0,0,0,0,0,0,0,,
ASB,ASB0661,EASH,Lauriston,Solar,Solar,2026-06-01,0,0,0,0,0,0,0,0,0,0,0,0,0,0,0,0,282,1059,2396,6777,6366,5549,6916,5845,4707,3927,4179,4050,5175,3908,2416,1992,744,125,0,0,0,0,0,0,0,0,0,0,0,0,0,0,,
ASB,ASB0661,EASH,Lauriston,Solar,Solar,2026-06-02,0,0,0,0,0,0,0,0,0,0,0,0,0,0,0,0,58,369,547,779,1053,884,1395,4698,5418,2856,2418,1908,1363,1582,796,415,440,196,0,0,0,0,0,0,0,0,0,0,0,0,0,0,,
ASB,ASB0661,EASH,Lauriston,Solar,Solar,2026-06-03,0,0,0,0,0,0,0,0,0,0,0,0,0,0,0,0,198,1042,1503,3966,7975,7635,9157,5480,6647,5983,5372,9975,7197,4654,4357,2225,746,115,0,0,0,0,0,0,0,0,0,0,0,0,0,0,,
ASB,ASB0661,EASH,Lauriston,Solar,Solar,2026-06-04,0,0,0,0,0,0,0,0,0,0,0,0,0,0,0,3,290,1012,1967,4864,5245,2024,1975,3710,7059,5838,5513,5953,6997,12297,5977,3230,993,288,0,0,0,0,0,0,0,0,0,0,0,0,0,0,,
ASB,ASB0661,EASH,Lauriston,Solar,Solar,2026-06-05,0,0,0,0,0,0,0,0,0,0,0,0,0,0,0,0,195,953,2320,2848,3075,2869,2176,2652,2947,2383,2305,1064,890,496,936,1418,716,301,0,0,0,0,0,0,0,0,0,0,0,0,0,0,,
ASB,ASB0661,EASH,Lauriston,Solar,Solar,2026-06-06,0,0,0,0,0,0,0,0,0,0,0,0,0,0,0,0,235,742,1191,934,781,1151,2413,3862,2770,2694,2058,1812,1970,907,1047,1463,757,189,0,0,0,0,0,0,0,0,0,0,0,0,0,0,,
ASB,ASB0661,EASH,Lauriston,Solar,Solar,2026-06-07,0,0,0,0,0,0,0,0,0,0,0,0,0,0,0,18,322,1947,5938,10728,11474,9014,11599,10632,8099,8515,10450,11282,12285,12830,10433,6504,2604,350,4,0,0,0,0,0,0,0,0,0,0,0,0,0,,
ASB,ASB0661,EASH,Lauriston,Solar,Solar,2026-06-08,0,0,0,0,0,0,0,0,0,0,0,0,0,0,0,6,249,1450,2358,2581,12818,12835,11647,10720,8597,9270,9189,4497,10681,11846,5804,1052,270,56,1,0,0,0,0,0,0,0,0,0,0,0,0,0,,
ASB,ASB0661,EASH,Lauriston,Solar,Solar,2026-06-09,0,0,0,0,0,0,0,0,0,0,0,0,0,0,0,7,308,1924,5751,10207,13243,12786,11826,10784,10058,9925,10464,11340,12323,12730,10310,6427,2576,382,9,0,0,0,0,0,0,0,0,0,0,0,0,0,,
ASB,ASB0661,EASH,Lauriston,Solar,Solar,2026-06-10,0,0,0,0,0,0,0,0,0,0,0,0,0,0,0,6,275,1696,5321,9650,12720,12425,11448,10484,9817,9720,10267,11162,12137,12594,10136,6236,2447,371,8,0,0,0,0,0,0,0,0,0,0,0,0,0,,
ASB,ASB0661,EASH,Lauriston,Solar,Solar,2026-06-11,0,0,0,0,0,0,0,0,0,0,0,0,0,0,0,8,305,2005,5344,9775,13120,12747,11692,10722,9969,9941,9831,10155,12191,12324,10252,6039,2090,234,4,0,0,0,0,0,0,0,0,0,0,0,0,0,,
ASB,ASB0661,EASH,Lauriston,Solar,Solar,2026-06-12,0,0,0,0,0,0,0,0,0,0,0,0,0,0,0,0,66,472,1004,2566,2146,2336,4332,6969,5690,7561,9791,10736,9124,3933,2991,2119,838,219,1,0,0,0,0,0,0,0,0,0,0,0,0,0,,
ASB,ASB0661,EASH,Lauriston,Solar,Solar,2026-06-13,0,0,0,0,0,0,0,0,0,0,0,0,0,0,0,1,67,614,3030,5650,7821,7498,10364,10421,6914,5162,3566,3156,1428,1277,989,804,667,156,0,0,0,0,0,0,0,0,0,0,0,0,0,0,,
ASB,ASB0661,EASH,Lauriston,Solar,Solar,2026-06-14,0,0,0,0,0,0,0,0,0,0,0,0,0,0,0,4,199,1333,5053,9333,12538,12331,11348,10358,9612,9358,9819,10770,11769,12489,10141,6188,2425,326,6,0,0,0,0,0,0,0,0,0,0,0,0,0,,
ASB,ASB0661,EASH,Lauriston,Solar,Solar,2026-06-15,0,0,0,0,0,0,0,0,0,0,0,0,0,0,0,0,1,52,247,203,477,1102,771,1368,1240,1056,1236,1102,1251,1661,1170,666,519,130,0,0,0,0,0,0,0,0,0,0,0,0,0,0,,
ASB,ASB0661,EASH,Lauriston,Solar,Solar,2026-06-16,0,0,0,0,0,0,0,0,0,0,0,0,0,0,0,0,320,1615,4925,9287,12868,12790,11781,10763,10022,9907,10440,11410,12493,13165,10343,6199,2426,239,0,0,0,0,0,0,0,0,0,0,0,0,0,0,,
ASB,ASB0661,EASH,Lauriston,Solar,Solar,2026-06-17,0,0,0,0,0,0,0,0,0,0,0,0,0,0,0,0,254,1426,3915,2527,3229,2558,3242,3809,2165,2358,3358,3859,9717,3029,2636,1805,942,25,2,0,0,0,0,0,0,0,0,0,0,0,0,0,,
ASB,ASB0661,EASH,Lauriston,Solar,Solar,2026-06-18,0,0,0,0,0,0,0,0,0,0,0,0,0,0,0,2,224,1059,3058,9273,9065,2635,3496,3970,6421,8469,9785,7694,11548,11025,8898,6143,2424,345,6,0,0,0,0,0,0,0,0,0,0,0,0,0,,
ASB,ASB0661,EASH,Lauriston,Solar,Solar,2026-06-19,0,0,0,0,0,0,0,0,0,0,0,0,0,0,0,8,227,1742,4583,9430,13173,13073,7156,10340,9729,9447,9305,11896,6948,4673,2952,766,675,262,11,0,0,0,0,0,0,0,0,0,0,0,0,0,,
ASB,ASB0661,EASH,Lauriston,Solar,Solar,2026-06-20,0,0,0,0,0,0,0,0,0,0,0,0,0,0,0,0,182,1037,3933,5385,6519,6745,9559,9780,9606,8585,7520,4303,2578,1387,1107,410,68,2,0,0,0,0,0,0,0,0,0,0,0,0,0,0,,
ASB,ASB0661,EASH,Lauriston,Solar,Solar,2026-06-21,0,0,0,0,0,0,0,0,0,0,0,0,0,0,0,0,64,481,1005,3458,2671,3566,4574,5272,9513,9123,10343,6228,9372,9879,10052,6214,2460,363,8,0,0,0,0,0,0,0,0,0,0,0,0,0,,
ASB,ASB0661,EASH,Lauriston,Solar,Solar,2026-06-22,0,0,0,0,0,0,0,0,0,0,0,0,0,0,0,0,176,1324,4781,9125,12754,12682,11555,10470,9727,9571,9904,10185,11028,12660,10292,6371,2516,375,8,0,0,0,0,0,0,0,0,0,0,0,0,0,,
ASB,ASB0661,EASH,Lauriston,Solar,Solar,2026-06-23,0,0,0,0,0,0,0,0,0,0,0,0,0,0,0,2,216,1680,4808,9140,12276,9523,11900,11272,8478,6094,8562,8421,7921,5772,3932,2735,1191,259,0,0,0,0,0,0,0,0,0,0,0,0,0,0,,
ASB,ASB0661,EASH,Lauriston,Solar,Solar,2026-06-24,0,0,0,0,0,0,0,0,0,0,0,0,0,0,0,0,5,247,730,643,889,1308,1381,1648,2515,2187,2826,3465,2423,1281,1309,3031,1217,220,0,0,0,0,0,0,0,0,0,0,0,0,0,0,,
ASB,ASB0661,EASH,Lauriston,Solar,Solar,2026-06-25,0,0,0,0,0,0,0,0,0,0,0,0,0,0,0,0,109,971,1630,4372,4348,6980,10401,9596,9422,5097,3568,2437,1320,1140,656,920,639,73,0,0,0,0,0,0,0,0,0,0,0,0,0,0,,
ASB,ASB0661,EASH,Lauriston,Solar,Solar,2026-06-26,0,0,0,0,0,0,0,0,0,0,0,0,0,0,0,0,9,266,981,756,0,0,1663,5293,5384,5922,4726,5011,3842,2934,2966,3224,2593,452,5,0,0,0,0,0,0,0,0,0,0,0,0,0,,
ASB,ASB0661,EASH,Lauriston,Solar,Solar,2026-06-27,0,0,0,0,0,0,0,0,0,0,0,0,0,0,0,0,154,639,1334,2317,5158,4491,4395,5527,7833,8270,8088,10081,8908,12420,10248,6439,2661,429,11,0,0,0,0,0,0,0,0,0,0,0,0,0,,
ASB,ASB0661,EASH,Lauriston,Solar,Solar,2026-06-28,0,0,0,0,0,0,0,0,0,0,0,0,0,0,0,0,182,1717,3585,6160,12413,12453,11588,10551,9780,9507,9920,10783,11804,12416,10306,6508,2712,437,10,0,0,0,0,0,0,0,0,0,0,0,0,0,,
ASB,ASB0661,EASH,Lauriston,Solar,Solar,2026-06-29,0,0,0,0,0,0,0,0,0,0,0,0,0,0,0,0,67,439,1193,2128,2445,2559,3510,6291,6249,5954,7663,8014,11681,11403,9224,4557,1459,242,11,0,0,0,0,0,0,0,0,0,0,0,0,0,,
ASB,ASB0661,EASH,Lauriston,Solar,Solar,2026-06-30,0,0,0,0,0,0,0,0,0,0,0,0,0,0,0,0,200,1637,5008,9070,12742,12769,11710,10634,9905,9725,10222,11132,12138,12776,10710,6766,2810,482,15,0,0,0,0,0,0,0,0,0,0,0,0,0,,
ASB,ASB0661,EASH,highbank,Hydro,Hydro,2026-06-02,0,0,0,0,0,0,0,0,0,0,0,0,0,0,0,0,0,0,0,0,0,0,0,0,0,0,0,0,0,0,0,0,0,0,0,0,0,0,0,0,0,0,0,0,0,0,0,0,,
ASB,ASB0661,EASH,highbank,Hydro,Hydro,2026-06-03,0,0,0,0,0,0,0,0,0,0,0,0,0,0,0,0,0,0,0,0,0,0,0,0,0,0,0,0,0,0,0,0,0,0,0,0,0,0,0,0,0,0,0,0,0,0,0,0,,
ASB,ASB0661,EASH,highbank,Hydro,Hydro,2026-06-04,0,0,0,0,0,0,0,0,0,0,0,0,0,0,0,0,0,0,0,0,0,0,0,0,0,0,0,0,0,0,0,0,0,0,0,0,0,0,0,0,0,0,0,0,0,0,0,0,,
ASB,ASB0661,EASH,highbank,Hydro,Hydro,2026-06-05,0,0,0,0,0,0,0,0,0,0,0,0,0,0,0,0,0,0,0,0,0,0,0,0,0,0,0,0,0,0,0,0,0,0,0,0,0,0,0,0,0,0,0,0,0,0,0,0,,
ASB,ASB0661,EASH,highbank,Hydro,Hydro,2026-06-06,0,0,0,0,0,0,0,0,0,0,0,0,0,0,0,0,0,0,0,0,0,0,0,0,0,0,0,0,0,0,0,0,0,0,0,0,0,0,0,0,0,0,0,0,0,0,0,0,,
ASB,ASB0661,EASH,highbank,Hydro,Hydro,2026-06-07,0,0,0,0,0,0,0,0,0,0,0,0,0,0,0,0,0,0,0,0,0,0,0,0,0,0,0,0,0,0,0,0,0,0,0,0,0,0,0,0,0,0,0,0,0,0,0,0,,
ASB,ASB0661,EASH,highbank,Hydro,Hydro,2026-06-08,0,0,0,0,0,0,0,0,0,0,0,0,0,0,0,0,0,0,0,0,0,0,0,0,0,0,0,0,0,0,0,0,0,0,0,0,0,0,0,0,0,0,0,0,0,0,0,0,,
ASB,ASB0661,EASH,highbank,Hydro,Hydro,2026-06-09,0,0,0,0,0,0,0,0,0,0,0,0,0,0,0,0,0,0,0,0,0,0,0,0,0,0,0,0,0,0,0,0,0,0,0,0,0,0,0,0,0,0,0,0,0,0,0,0,,
ASB,ASB0661,EASH,highbank,Hydro,Hydro,2026-06-10,0,0,0,0,0,0,0,0,0,0,0,0,0,0,0,0,0,0,0,0,0,0,0,0,0,0,0,0,0,0,0,0,0,0,0,0,0,0,0,0,0,0,0,0,0,0,0,0,,
ASB,ASB0661,EASH,highbank,Hydro,Hydro,2026-06-11,0,0,0,0,0,0,0,0,0,0,0,0,0,0,0,0,0,0,0,0,0,0,0,0,0,0,0,0,0,0,0,0,0,0,0,0,0,0,0,0,0,0,0,0,0,0,0,0,,
ASB,ASB0661,EASH,highbank,Hydro,Hydro,2026-06-12,0,0,0,0,0,0,0,0,0,0,0,0,0,0,0,0,0,0,0,0,0,0,0,0,0,0,0,0,0,0,0,0,0,0,0,0,0,0,0,0,0,0,0,0,0,0,0,0,,
ASB,ASB0661,EASH,highbank,Hydro,Hydro,2026-06-13,0,0,0,0,0,0,0,0,0,0,0,0,0,0,0,0,0,0,0,0,0,0,0,0,0,0,0,0,0,0,0,0,0,0,0,0,0,0,0,0,0,0,0,0,0,0,0,0,,
ASB,ASB0661,EASH,highbank,Hydro,Hydro,2026-06-14,0,0,0,0,0,0,0,0,0,0,0,0,0,0,0,0,0,0,0,0,0,0,0,0,0,0,0,0,0,0,0,0,0,0,0,0,0,0,0,0,0,0,0,0,0,0,0,0,,
ASB,ASB0661,EASH,highbank,Hydro,Hydro,2026-06-15,0,0,0,0,0,0,0,0,0,0,0,0,0,0,0,0,0,0,0,0,0,0,0,0,0,0,0,0,0,0,0,0,0,0,0,0,0,0,0,0,0,0,0,0,0,0,0,0,,
ASB,ASB0661,EASH,highbank,Hydro,Hydro,2026-06-16,0,0,0,0,0,0,0,0,0,0,0,0,0,0,0,0,0,0,0,0,0,0,0,0,0,0,0,0,0,0,0,0,0,0,0,0,0,0,0,0,0,0,0,0,0,0,0,0,,
ASB,ASB0661,EASH,highbank,Hydro,Hydro,2026-06-17,0,0,0,0,0,0,0,0,0,0,0,0,0,0,0,0,0,0,0,0,0,0,0,0,0,0,0,0,0,0,0,0,0,0,0,0,0,0,0,0,0,0,0,0,0,0,0,0,,
ASB,ASB0661,EASH,highbank,Hydro,Hydro,2026-06-18,0,0,0,0,0,0,0,0,0,0,0,0,0,0,0,0,0,0,0,0,0,0,0,0,0,0,0,0,0,0,0,0,0,0,0,0,0,0,0,0,0,0,0,0,0,0,0,0,,
ASB,ASB0661,EASH,highbank,Hydro,Hydro,2026-06-19,0,0,0,0,0,0,0,0,0,0,0,0,0,0,0,0,0,0,0,0,0,0,0,0,0,0,0,0,0,0,0,0,0,0,0,0,0,0,0,0,0,0,0,0,0,0,0,0,,
ASB,ASB0661,EASH,highbank,Hydro,Hydro,2026-06-20,0,0,0,0,0,0,0,0,0,0,0,0,0,0,0,0,0,0,0,0,0,0,0,0,0,0,0,0,0,0,0,0,0,0,0,0,0,0,0,0,0,0,0,0,0,0,0,0,,
ASB,ASB0661,EASH,highbank,Hydro,Hydro,2026-06-21,0,0,0,0,0,0,0,0,0,0,0,0,0,0,0,0,0,0,0,0,0,0,0,0,0,0,0,0,0,0,0,0,0,0,0,0,0,0,0,0,0,0,0,0,0,0,0,0,,
ASB,ASB0661,EASH,highbank,Hydro,Hydro,2026-06-22,0,0,0,0,0,0,0,0,0,0,0,0,0,0,0,0,0,0,0,0,0,0,0,0,0,0,0,0,0,0,0,0,0,0,0,0,0,0,0,0,0,0,0,0,0,0,0,0,,
ASB,ASB0661,EASH,highbank,Hydro,Hydro,2026-06-23,0,0,0,0,0,0,0,0,0,0,0,0,0,0,0,0,0,0,0,0,0,0,0,0,0,0,0,0,0,0,0,0,0,0,0,0,0,0,0,0,0,0,0,0,0,0,0,0,,
ASB,ASB0661,EASH,highbank,Hydro,Hydro,2026-06-24,0,0,0,0,0,0,0,0,0,0,0,0,0,0,0,0,0,0,0,0,0,0,0,0,0,0,0,0,0,0,0,0,0,0,0,0,0,0,0,0,0,0,0,0,0,0,0,0,,
ASB,ASB0661,EASH,highbank,Hydro,Hydro,2026-06-25,0,0,0,0,0,0,0,0,0,0,0,0,0,0,0,0,0,0,0,0,0,0,0,0,0,0,0,0,0,0,0,0,0,0,0,0,0,0,0,0,0,0,0,0,0,0,0,0,,
ASB,ASB0661,EASH,highbank,Hydro,Hydro,2026-06-26,0,0,0,0,0,0,0,0,0,0,0,0,0,0,0,0,0,0,0,0,0,0,0,0,0,0,0,0,0,0,0,0,0,0,0,0,0,0,0,0,0,0,0,0,0,0,0,0,,
ASB,ASB0661,EASH,highbank,Hydro,Hydro,2026-06-27,0,0,0,0,0,0,0,0,0,0,0,0,0,0,0,0,0,0,0,0,0,0,0,0,0,0,0,0,0,0,0,0,0,0,0,0,0,0,0,0,0,0,0,0,0,0,0,0,,
ASB,ASB0661,EASH,highbank,Hydro,Hydro,2026-06-28,0,0,0,0,0,0,0,0,0,0,0,0,0,0,0,0,0,0,0,0,0,0,0,0,0,0,0,0,0,0,0,0,0,0,0,0,0,0,0,0,0,0,0,0,0,0,0,0,,
ASB,ASB0661,EASH,highbank,Hydro,Hydro,2026-06-29,0,0,0,0,0,0,0,0,0,0,0,0,0,0,0,0,0,0,0,0,0,0,0,0,0,0,0,0,0,0,0,0,0,0,0,0,0,0,0,0,0,0,0,0,0,0,0,0,,
ASB,ASB0661,EASH,highbank,Hydro,Hydro,2026-06-30,0,0,0,0,0,0,0,0,0,0,0,0,0,0,0,0,0,0,0,0,0,0,0,0,0,0,0,0,0,0,0,0,0,0,0,0,0,0,0,0,0,0,0,0,0,0,0,0,,
ATI,ATI2201,MRPL,atiamuri,Hydro,Hydro,2026-06-01,8880,7880,0,0,0,0,0,0,30,0,0,0,3800,8820,8470,9140,10270,18120,18070,18140,26760,26860,26770,27030,26800,27000,27010,26970,27090,26910,27040,27190,26640,29030,29240,29860,29630,29520,26870,25300,17440,10160,13590,8920,11150,8350,8370,8690,,
ATI,ATI2201,MRPL,atiamuri,Hydro,Hydro,2026-06-02,7920,9480,1830,0,7610,70,0,0,0,0,7460,10010,14470,17820,21550,29740,29440,21910,20140,20240,20290,20350,20410,20440,20560,20610,20690,20730,20660,20660,20650,20690,20600,20710,25260,26910,24010,23850,26060,26870,26860,18370,18360,18260,18470,18360,18400,9510,,
ATI,ATI2201,MRPL,atiamuri,Hydro,Hydro,2026-06-03,9380,9060,8970,5950,0,0,0,0,0,0,2280,9120,13180,17770,17710,24190,26410,26100,25840,25980,27520,20050,20100,20080,18490,18140,18290,18260,18180,18280,18230,19410,23080,25030,29480,37540,36050,32470,31080,28800,28470,19600,19580,14440,10760,8850,3610,0,,
ATI,ATI2201,MRPL,atiamuri,Hydro,Hydro,2026-06-04,100,0,110,0,0,0,0,0,0,0,7710,12160,21620,31610,34480,34120,34210,33090,19370,18310,18180,18380,18260,18400,18480,18400,18400,18780,17940,17180,17060,17090,17110,22520,26320,36560,36100,35320,35280,27550,24720,24740,14910,9280,8660,7840,0,0,,
ATI,ATI2201,MRPL,atiamuri,Hydro,Hydro,2026-06-05,0,0,0,0,0,0,0,0,0,0,0,0,1900,10250,12360,18430,25090,27050,33530,34210,29620,19950,25380,16760,13140,20870,18170,18620,18630,18480,18570,18510,18470,18580,18130,18360,18310,18320,16880,17150,17180,14450,9980,10120,10070,7650,2820,0,,
ATI,ATI2201,MRPL,atiamuri,Hydro,Hydro,2026-06-06,9990,10070,30,0,70,0,0,0,0,0,0,0,0,0,0,7340,8450,14270,17720,19840,18680,17310,16840,15990,17220,16930,16810,16730,12620,11840,16980,17170,8620,15290,19320,26090,25220,25300,25170,25330,17390,17440,17540,15910,3340,0,0,0,,
ATI,ATI2201,MRPL,atiamuri,Hydro,Hydro,2026-06-07,0,0,0,0,0,0,0,0,0,0,1190,8740,8630,8860,9090,11720,18050,17990,17990,18030,17870,17820,17810,17810,17800,17740,17820,17790,17760,17830,20400,26350,26300,26260,26090,26090,25950,26210,26000,26220,20130,16730,8690,7530,60,0,0,0,,
ATI,ATI2201,MRPL,atiamuri,Hydro,Hydro,2026-06-08,0,0,0,0,0,0,0,0,0,0,0,2670,6170,9810,21000,27570,27330,18600,16470,16740,10490,8820,8730,8700,8760,650,0,0,0,0,0,0,10730,24590,31900,33510,28770,28510,27450,24350,12670,9410,8980,8770,8740,8790,8890,8880,,
ATI,ATI2201,MRPL,atiamuri,Hydro,Hydro,2026-06-09,8980,8790,9090,9170,9220,9230,9210,9180,9230,9230,9160,10050,19280,22730,16390,23670,32840,18260,18380,20420,15530,11120,13920,18160,11310,20650,16350,18210,9830,9870,10100,12570,29840,32680,35420,37540,37870,37840,37830,37800,37800,37720,35360,35410,34870,28040,26050,26020,,
ATI,ATI2201,MRPL,atiamuri,Hydro,Hydro,2026-06-10,11170,8640,8670,8620,8760,8650,8660,8700,8690,13370,16190,16140,26360,28660,32560,38200,38200,38190,38110,36190,34710,34680,31910,30730,27060,25750,17910,17760,17860,17870,17570,17110,19190,29290,31630,37040,37740,37660,37560,37540,34850,26960,27510,28020,27630,27580,24770,16700,,
ATI,ATI2201,MRPL,atiamuri,Hydro,Hydro,2026-06-11,16740,17700,19190,19060,16680,16830,16650,16640,16840,16760,17000,16730,25050,30470,34900,38190,38010,36820,36150,27370,27300,25460,25790,18720,17390,17710,17610,17770,17550,17590,17870,18260,22770,31300,34490,34640,34750,34880,34700,34890,34470,29750,27870,27820,26740,26010,18370,9710,,
ATI,ATI2201,MRPL,atiamuri,Hydro,Hydro,2026-06-12,9160,8110,8070,890,0,0,0,0,0,0,9190,9810,19550,23000,27030,27210,27260,27170,27460,27190,27330,27360,27320,27400,27260,27300,27410,27190,27280,27200,27230,27100,27310,27070,34500,35000,35020,35080,35110,35000,32970,26590,26800,25180,20150,18970,17680,17630,,
ATI,ATI2201,MRPL,atiamuri,Hydro,Hydro,2026-06-13,9120,8990,8940,8370,8360,8380,8390,8400,8370,8370,8430,11320,17430,17380,27100,26890,26920,26960,27050,27010,27050,24280,18590,18790,18770,18750,18740,18840,18660,18810,18610,18680,21090,27320,33580,35130,35020,26970,27290,27290,27430,27290,18670,17250,17180,11900,8870,8530,,
ATI,ATI2201,MRPL,atiamuri,Hydro,Hydro,2026-06-14,13090,7740,8170,2830,0,0,0,0,0,0,0,7710,8310,8740,11940,17080,17040,17080,17120,17030,17040,16880,15590,9280,7790,7690,9090,7710,7680,7650,8690,9070,9590,13120,18860,21910,28640,28470,26950,27150,25690,18270,18080,11690,9120,9040,420,0,,
ATI,ATI2201,MRPL,atiamuri,Hydro,Hydro,2026-06-15,0,0,0,0,0,0,0,0,0,0,0,2690,9640,11680,17990,19420,19460,19450,19480,19390,15900,9850,9780,8300,8680,9980,9930,9900,9980,9970,15660,19720,23420,26880,33580,35360,35290,34300,27380,19770,21470,18900,26110,26000,19000,17820,10030,9940,,
ATI,ATI2201,MRPL,atiamuri,Hydro,Hydro,2026-06-16,710,310,1570,10,0,0,0,0,0,2760,13050,24790,25860,33670,34930,34730,34680,34770,34350,30930,34030,34520,29550,27300,26740,27870,27560,27820,21470,19120,17620,17400,15550,19060,27490,32430,32590,32430,32480,25430,25350,21960,18760,10520,18700,9660,6850,1280,,
ATI,ATI2201,MRPL,atiamuri,Hydro,Hydro,2026-06-17,1510,0,0,0,0,0,0,0,0,0,0,4030,15580,26540,28150,26330,29250,18010,25870,26560,25940,25700,24820,19620,19510,19360,20770,20700,20710,20680,20650,20630,20610,22100,29360,33580,33290,33740,33720,33670,33700,33420,32640,25920,25770,24680,17950,18270,,
ATI,ATI2201,MRPL,atiamuri,Hydro,Hydro,2026-06-18,9580,9490,6550,0,0,0,0,0,0,0,0,410,10970,17370,21540,26090,26020,21200,15120,8600,12230,16390,12370,10740,9230,9270,8750,8670,8480,10550,13380,17770,26730,33590,33280,34920,37170,35880,35910,36030,35670,33140,25860,19560,24790,16610,10170,10170,,
ATI,ATI2201,MRPL,atiamuri,Hydro,Hydro,2026-06-19,10180,10260,10080,10140,10290,10280,10240,10190,10160,10140,10080,6980,3220,17120,26840,34830,34690,34970,34680,34960,30570,25630,18700,18860,18800,18850,18800,18830,18770,18770,18910,18710,22780,27150,27370,26990,27130,27220,27170,25980,15710,10230,15640,18290,18390,18270,16990,15280,,
ATI,ATI2201,MRPL,atiamuri,Hydro,Hydro,2026-06-20,8540,8760,8590,8750,8570,8660,8590,8660,8630,8530,8580,7830,14210,14270,17340,24400,21940,20610,25270,26770,27330,23020,18760,26280,27170,27110,20960,21590,19540,9350,9540,10630,16860,21310,26620,26430,26530,26500,19520,18260,18250,18220,18330,9970,9550,9870,9760,9540,,
ATI,ATI2201,MRPL,atiamuri,Hydro,Hydro,2026-06-21,5080,0,0,0,0,0,0,0,0,0,0,0,0,0,0,50,10450,23000,33040,34150,34110,34010,33980,34000,27330,18760,17030,17530,12590,9400,10910,11670,16200,18820,26830,31900,28140,27020,24510,24080,16150,16090,8460,8130,8180,8340,5200,0,,
ATI,ATI2201,MRPL,atiamuri,Hydro,Hydro,2026-06-22,50,0,0,0,0,0,0,0,0,0,3020,14090,23620,33070,34220,34100,34070,34320,34070,33090,26270,26340,26160,26110,26070,17860,17870,17980,16910,17310,20910,27710,33650,33400,33660,35770,36320,34410,32610,29620,32390,27280,27600,23510,27070,27110,18200,14300,,
ATI,ATI2201,MRPL,atiamuri,Hydro,Hydro,2026-06-23,3490,5670,30,3020,4710,9530,9870,9460,8530,14020,16690,16300,23100,35230,35380,38690,38840,37670,34910,34870,35210,35130,36140,34510,35020,34930,34780,35000,34750,34710,34860,34550,34670,34700,35590,35480,35330,35440,35530,35510,35610,31670,23350,18960,22450,18310,18580,17350,,
ATI,ATI2201,MRPL,atiamuri,Hydro,Hydro,2026-06-24,17170,16950,6410,40,0,0,0,0,0,0,8390,17800,21230,25190,26500,26700,27780,28500,34100,36930,36740,36930,36380,36600,36560,36620,36440,36500,29420,28630,28730,34050,35870,36240,36170,37930,37880,37780,37790,36540,36090,30070,34090,26790,28530,17190,12190,9850,,
ATI,ATI2201,MRPL,atiamuri,Hydro,Hydro,2026-06-25,11970,12870,10160,9890,3250,6590,5810,7160,4340,6520,11070,14220,22440,28890,33840,28740,28920,28750,28640,28630,28730,28840,28700,28700,28420,28570,25200,19630,19710,17870,18390,18020,26530,26940,33880,34660,34480,34840,34500,34580,27450,19210,19010,8860,9100,17500,19380,17690,,
ATI,ATI2201,MRPL,atiamuri,Hydro,Hydro,2026-06-26,9630,8510,9240,8170,9800,8860,8690,8670,8620,8920,7430,14760,16870,27830,34670,34190,34160,34190,34100,34150,34110,34280,34180,34090,34040,34010,31500,26410,27230,26820,27580,27120,27670,34120,33900,36330,36100,36310,36330,36430,28380,28380,19590,19650,19700,14870,10000,10010,,
ATI,ATI2201,MRPL,atiamuri,Hydro,Hydro,2026-06-27,12710,9130,8720,9300,9750,9800,9410,5250,2450,7450,9270,9100,8850,8920,14790,18230,24640,24640,24600,24650,24770,24880,24670,23510,16560,16680,16620,16760,16690,16530,12430,17700,19240,21800,28630,29000,29080,28510,26120,18820,18920,18920,18660,19090,19070,19160,17350,9290,,
ATI,ATI2201,MRPL,atiamuri,Hydro,Hydro,2026-06-28,9210,10140,8510,0,0,0,0,0,0,0,0,0,0,0,0,0,0,0,0,0,0,1820,350,6760,9990,14130,16720,16940,16990,16790,8710,16840,16760,23800,33260,33030,35480,34750,34820,34760,31900,25510,25740,25580,22070,8170,1560,40,,
ATI,ATI2201,MRPL,atiamuri,Hydro,Hydro,2026-06-29,0,0,0,0,0,0,0,0,3450,170,6390,9630,18690,26190,29390,33680,34750,37610,37510,37430,37380,36230,31470,26790,29960,28420,28590,22120,14710,8930,9090,8850,16280,21910,30880,32960,33400,33470,35000,34370,34300,33660,33250,30530,27180,31770,24580,16490,,
ATI,ATI2201,MRPL,atiamuri,Hydro,Hydro,2026-06-30,17530,11050,17880,15720,15690,14600,8990,8130,9110,9610,9570,9630,17190,25570,27330,36970,37040,36750,29790,29930,27540,27510,27010,26010,26050,26090,26080,25880,20730,24390,23350,25990,25990,28870,36670,36300,36180,36350,36460,36320,36250,36200,28740,14430,11970,10260,10310,9930,,
AVI,AVI2201,MERI,aviemore,Hydro,Hydro,2026-06-01,44891,24443,23414,23128,23689,23509,47576,27172,23544,47783,22842,23787,48664,47443,49559,63382,69541,74866,74846,71324,59378,55556,49091,49017,49029,25825,40276,39092,23456,20478,19220,16876,33142,53130,54163,73733,77414,76802,76211,74069,73996,73471,75726,73578,70447,52094,47175,25056,,
AVI,AVI2201,MERI,aviemore,Hydro,Hydro,2026-06-02,22904,20970,23513,22852,23265,20630,21679,23231,23915,22158,20505,35612,23843,48259,73772,88661,86804,82165,76115,75766,74910,77785,75132,75456,72323,75144,70398,73723,74679,73463,72150,74289,74395,74259,74161,73788,75508,75925,73001,70737,73078,73680,73409,73062,74916,45770,48543,24367,,
AVI,AVI2201,MERI,aviemore,Hydro,Hydro,2026-06-03,22954,22785,23303,22774,23264,23444,22886,23152,23828,23280,40233,48727,78641,75569,78292,75077,75500,75891,75091,76756,74919,76346,77367,76820,75855,75338,72853,76542,76600,76790,76792,100482,101232,79040,77039,101769,102751,101812,100030,101093,103561,101905,103172,98407,100086,76792,70873,62109,,
AVI,AVI2201,MERI,aviemore,Hydro,Hydro,2026-06-04,68351,67810,71697,70759,50208,48929,47224,48222,48130,48829,48604,48358,83149,76672,76352,77838,102176,103354,77432,76993,96518,91626,75713,74141,75443,69320,56246,76315,74968,73778,70945,68861,75015,70215,75458,72633,75342,73719,48908,44777,48558,48809,49031,48831,47551,48381,48019,32628,,
AVI,AVI2201,MERI,aviemore,Hydro,Hydro,2026-06-05,23545,21341,21563,14865,17709,14498,943,0,0,0,13912,37497,48719,66107,74725,101698,103628,102858,99062,75686,73559,76481,75448,74452,73018,69766,73753,73754,73659,49378,49079,48001,49507,48695,46847,47794,48833,48746,44395,48069,47912,49414,48182,47477,47629,45100,48890,41734,,
AVI,AVI2201,MERI,aviemore,Hydro,Hydro,2026-06-06,46668,47868,46518,43876,48024,47786,36612,1937,0,0,21779,3915,18187,23224,29940,48342,51160,74811,76799,76070,73636,49578,46937,47423,50554,74860,71639,73125,72237,71454,71216,72417,76685,75594,72441,74194,74545,74759,51081,49849,50241,73381,50805,49602,49988,73570,51589,50160,,
AVI,AVI2201,MERI,aviemore,Hydro,Hydro,2026-06-07,50646,50035,47079,49532,50531,50402,50305,49823,49481,50119,26552,24970,21334,24692,45759,51345,49855,46755,49402,50609,48576,47524,50566,49862,49978,49919,50678,50705,50039,50962,51198,50307,50738,75985,73369,75905,75140,62945,49010,50872,49566,51501,49407,50695,49498,50021,47559,50968,,
AVI,AVI2201,MERI,aviemore,Hydro,Hydro,2026-06-08,50141,45815,47269,47434,46353,51158,42416,44761,50612,53538,69269,73246,53834,72348,76610,75374,75836,74098,75030,75799,75699,72691,73431,74896,73083,76700,72732,75377,75107,76762,70272,74003,75034,77629,74388,73536,74048,73870,70680,73026,75772,74079,74022,75298,74554,73405,74152,73219,,
AVI,AVI2201,MERI,aviemore,Hydro,Hydro,2026-06-09,74644,47518,48518,48090,47305,49224,49696,24447,23650,23305,44437,49945,50327,69506,76287,74429,74077,78653,74778,74160,76071,74600,73916,75643,74613,72988,72366,73349,71618,71388,51816,50542,49581,50264,74999,74937,70375,75912,75520,74888,76093,73988,50163,61494,49279,50057,48511,47659,,
AVI,AVI2201,MERI,aviemore,Hydro,Hydro,2026-06-10,27896,22504,24448,22052,23875,22591,21963,23540,28304,57065,64071,74100,79366,94652,103285,103362,102176,80799,98982,81328,76111,75871,71605,73350,72423,74803,75019,74926,60069,90242,97720,97504,98412,100088,100970,80073,94834,76968,78026,76245,101311,100458,103754,100815,90918,72370,74313,75656,,
AVI,AVI2201,MERI,aviemore,Hydro,Hydro,2026-06-11,72382,73808,70681,48735,42897,49281,48944,48925,48575,53847,75868,69161,76558,76444,99487,104293,104593,104103,104455,102986,103608,99536,97999,93983,98506,99947,98551,74340,73834,72269,69857,97998,100078,99319,79195,74529,73948,73426,72937,73174,72885,97094,76126,74328,73215,74574,50055,45396,,
AVI,AVI2201,MERI,aviemore,Hydro,Hydro,2026-06-12,24085,23052,22334,21849,20672,20553,20721,21035,22151,23280,21932,22057,23797,47070,73018,100213,104019,102852,101980,100619,99686,103227,102743,101601,100236,77553,75997,75523,74557,76301,76518,81520,76827,92404,102378,103200,101781,99879,99371,91803,74610,71110,73882,73793,75034,51263,48459,48636,,
AVI,AVI2201,MERI,aviemore,Hydro,Hydro,2026-06-13,49481,47834,49292,49022,50063,50739,51015,50996,51061,51225,50488,50427,48548,53936,101572,79833,100294,100757,102139,101283,99642,76287,73695,68784,57852,45815,47968,73696,73781,74002,71762,48113,67531,54911,73090,64512,61424,48639,72731,72346,72736,47408,67394,45938,47451,48781,45045,45167,,
AVI,AVI2201,MERI,aviemore,Hydro,Hydro,2026-06-14,48669,23686,48694,50357,47869,48172,32521,46364,27040,1348,15927,23612,23964,24442,24143,24843,49458,51704,53721,47376,47666,49817,50699,47085,47902,50205,50520,49270,51013,50801,51379,50450,49550,47395,49674,70677,74513,47914,49562,49667,50727,46214,49843,49662,48620,42441,38414,42957,,
AVI,AVI2201,MERI,aviemore,Hydro,Hydro,2026-06-15,23175,45392,23220,22306,39824,19828,18740,20051,10974,30165,24567,24782,24505,25041,50258,51049,76250,77680,76250,72632,76325,76542,74237,51116,49453,50534,50176,49353,50099,50060,49480,50510,50212,57347,75408,76923,74820,74208,74892,74128,74181,74795,50493,48677,46915,48278,48340,40857,,
AVI,AVI2201,MERI,aviemore,Hydro,Hydro,2026-06-16,23535,23378,47506,43449,50336,48712,47418,22305,21112,23202,20575,27994,64364,49217,99013,102764,102958,104189,105610,105590,107032,109744,109218,109897,81665,79991,78893,79452,79891,79485,79954,79809,80186,101207,92408,104736,105365,95233,72379,59641,48275,48247,49813,44645,40780,45651,46201,16666,,
AVI,AVI2201,MERI,aviemore,Hydro,Hydro,2026-06-17,44435,23866,24086,22041,24289,24018,22611,20917,20854,30834,48671,52726,50155,59788,83228,98563,99327,102291,95573,92654,86245,76088,71173,69201,78332,74853,76009,72093,62100,60989,44400,61627,71076,84360,103364,100934,94028,101762,101961,101339,82303,74620,77218,76463,52582,48825,50191,37341,,
AVI,AVI2201,MERI,aviemore,Hydro,Hydro,2026-06-18,21958,22852,22415,23011,24528,25154,20946,21381,22222,21159,22963,42761,76163,98893,101007,104735,102209,100286,93469,99481,100119,88110,90803,97075,75089,73345,75259,73829,74895,75563,75544,75071,63523,73593,75429,79721,98073,98236,97309,76615,73086,74074,76951,71668,50351,48670,49606,48316,,
AVI,AVI2201,MERI,aviemore,Hydro,Hydro,2026-06-19,44116,46868,23207,21566,24553,24412,23510,23224,23973,23862,47746,61969,76111,83561,103214,103889,102903,101220,99138,99216,102636,99427,99081,99303,101052,102000,101878,99911,98507,100875,100102,61503,74560,48812,72983,74210,73890,73516,61124,59572,59620,52599,53618,47786,45502,52146,49439,41628,,
AVI,AVI2201,MERI,aviemore,Hydro,Hydro,2026-06-20,33739,17937,16648,16747,15954,15882,15367,17500,21856,22548,23298,24442,21981,22890,23532,49398,49980,51571,46767,46767,52404,49748,25986,23573,23283,22356,24811,24582,23146,23616,24677,23915,24279,50616,51728,74155,75202,70582,76334,75342,60222,49438,47336,32493,32479,30965,49546,41886,,
AVI,AVI2201,MERI,aviemore,Hydro,Hydro,2026-06-21,23807,18721,16693,16336,16162,15388,15371,23363,24281,24181,17266,25004,20735,48029,49912,63480,76631,35151,50449,67751,46889,32012,56636,73405,91342,107141,72983,69384,78835,79876,79994,79563,97824,95724,94340,93386,95283,83632,83871,58796,40638,28960,45399,36520,85029,104678,62207,62887,,
AVI,AVI2201,MERI,aviemore,Hydro,Hydro,2026-06-22,70888,22603,20129,18809,18966,22615,29654,29450,18225,24222,23787,45379,92209,101915,105521,103141,105016,103984,105253,105477,105153,111016,109712,106035,107775,102113,107133,106750,107562,104815,106350,108433,106046,105975,105774,103944,102986,108896,110550,93500,107956,108528,102980,102253,103970,104313,101650,93160,,
AVI,AVI2201,MERI,aviemore,Hydro,Hydro,2026-06-23,89610,60738,92712,94064,88093,95563,95405,97295,101057,76122,77783,75717,80341,94442,103457,104112,102865,99426,102697,102102,102979,82401,78076,77411,76635,77154,77396,77730,76442,75954,76831,91781,96815,99985,103383,106129,105319,101381,103249,105868,97739,77170,73426,50658,69216,73836,74153,73280,,
AVI,AVI2201,MERI,aviemore,Hydro,Hydro,2026-06-24,73605,71191,67843,69162,46904,44806,41666,43603,45908,25987,21527,23619,54166,51846,78996,103531,102417,103463,104716,104340,95058,104910,103100,103572,106503,102011,86675,56970,69137,75360,75232,58256,48125,49833,77782,89333,55443,40961,24156,47166,48186,49245,49143,48697,47207,45861,48716,45197,,
AVI,AVI2201,MERI,aviemore,Hydro,Hydro,2026-06-25,24029,21728,21673,21128,20818,20748,23130,21927,23138,23193,23399,48337,49269,94706,99605,102183,106885,108058,99581,99723,100636,96486,67839,66580,67778,67863,62024,73289,56742,52562,54810,64606,74301,86545,93529,59104,99886,105351,98574,76803,75918,69525,81726,78371,74802,71222,66139,51454,,
AVI,AVI2201,MERI,aviemore,Hydro,Hydro,2026-06-26,49365,45446,39664,36082,34184,34029,34067,34470,34576,37276,44597,50862,73892,83453,105721,107216,108046,90792,67455,90325,80899,76839,89614,89950,94020,76364,56751,45384,49040,45869,48220,62602,77512,74905,93052,96062,105216,84754,67892,62857,63670,73763,68506,99343,106926,85638,68474,57837,,
AVI,AVI2201,MERI,aviemore,Hydro,Hydro,2026-06-27,62857,49357,43160,42965,43807,42633,43135,44441,48830,51372,50763,45721,44091,23185,46961,68608,74582,101963,102772,103252,103394,100540,87968,74980,75377,56761,48923,49205,47758,47684,48702,49816,48640,47482,74312,48245,48473,49099,47912,48642,47805,48700,47038,48902,44053,50532,32165,29081,,
AVI,AVI2201,MERI,aviemore,Hydro,Hydro,2026-06-28,32153,29809,29571,24638,41953,44146,43731,44957,45322,41679,21131,21285,37815,49629,32002,22969,71987,73017,76583,76128,76569,75286,74258,74085,48964,24984,22851,22004,21732,22815,22941,23412,44914,49632,79034,75808,76430,74978,74053,75316,73759,50307,45469,48103,48022,48706,48654,47874,,
AVI,AVI2201,MERI,aviemore,Hydro,Hydro,2026-06-29,49117,44664,23708,23920,21586,21294,23503,23391,22609,22184,16276,20831,26008,53486,79057,103675,103254,100339,77139,74937,75490,74667,70003,73764,62679,49045,48425,45920,47456,44736,49147,73979,75682,75166,75702,73462,73556,76980,73267,74525,75690,72946,51075,49292,50498,45586,49577,48247,,
AVI,AVI2201,MERI,aviemore,Hydro,Hydro,2026-06-30,48414,23943,22746,25454,21502,14736,20125,14894,22218,23815,45652,50632,49357,84319,90050,102654,103581,104838,105406,103645,75272,69764,49796,49447,50912,50081,50129,49013,50027,47883,49561,50080,50258,72995,88990,106915,105946,105828,102378,102830,102534,86426,101314,78633,76570,76922,77536,50501,,
BEN,BEN2202,MERI,benmore,Hydro,Hydro,2026-06-01,117318,125713,121400,79833,83989,81943,131005,129541,134366,121268,118193,127036,126890,84255,123139,141638,164022,164873,167421,172299,172730,166112,161869,132460,125931,117969,118725,113875,109852,106675,115962,131872,132855,150891,168498,165689,176331,169830,170160,158961,158618,158017,131661,119634,79969,122019,118627,125261,,
BEN,BEN2202,MERI,benmore,Hydro,Hydro,2026-06-02,90090,78063,42989,37289,38265,35833,36729,41725,42084,71206,103543,90804,107086,164084,205322,228391,228788,210676,211122,200063,179284,171490,161599,161515,158751,208534,195521,198257,199292,198007,197703,208688,209842,209538,200036,205882,210431,212031,198234,197442,208225,198697,164476,157200,167774,185796,132246,90079,,
BEN,BEN2202,MERI,benmore,Hydro,Hydro,2026-06-03,77468,81785,81110,82775,79478,79290,78134,72760,61630,68728,125234,188351,177808,188347,200508,207226,211938,203081,197318,170340,158877,175730,213681,212625,210501,200745,198718,213962,201488,217101,218280,203124,169508,167123,169306,168537,170270,169095,158292,166498,178261,169961,175852,187094,208296,206216,211192,226645,,
BEN,BEN2202,MERI,benmore,Hydro,Hydro,2026-06-04,201455,189804,168792,152618,165109,159745,158527,158099,158628,162579,127469,156778,192799,220913,210669,221110,217104,215027,218116,213829,172605,161047,206037,204807,170885,171029,158176,129149,125491,123948,121094,117018,126329,118485,127157,159994,170092,166024,167652,157345,169790,131161,151380,128932,84094,83466,82520,81798,,
BEN,BEN2202,MERI,benmore,Hydro,Hydro,2026-06-05,83198,78047,67201,26459,32671,31077,26180,29709,24074,33798,34955,58363,112873,116399,154167,174556,174480,172283,166570,173399,167255,171800,209444,211659,168210,196392,170564,163246,158267,167357,169255,166553,171102,161725,195052,205936,213260,210674,195104,166731,203856,200260,213700,197669,133283,111566,84630,79557,,
BEN,BEN2202,MERI,benmore,Hydro,Hydro,2026-06-06,78546,82469,64015,48817,40289,73732,59647,811,0,38617,37051,1346,67190,45971,40101,37760,119693,122088,124262,126383,133454,118402,118096,118269,126524,127440,112154,117726,117614,117603,116026,118307,126844,161380,187776,207940,210088,209881,197429,202380,198559,209666,210241,201852,204099,209502,170466,166552,,
BEN,BEN2202,MERI,benmore,Hydro,Hydro,2026-06-07,127279,118415,116408,77892,82616,81948,78842,77533,77779,81376,88018,87983,114526,134394,104891,134011,83515,115496,121135,131147,148439,157366,172031,164628,164306,164133,160808,159406,157879,159853,164666,166231,169291,170281,158389,166921,168003,164954,157134,129649,117436,129825,121860,127217,125343,125881,118909,84974,,
BEN,BEN2202,MERI,benmore,Hydro,Hydro,2026-06-08,97243,102861,126478,126059,116964,120013,88173,91623,85248,106451,113364,91429,94394,121547,164495,166760,167874,242384,249304,199523,169813,197493,196138,166941,160577,174490,150014,124276,131547,169268,153690,162321,172080,180722,178197,208296,201149,199000,196169,197686,210960,208665,197980,209000,167756,122455,79606,117049,,
BEN,BEN2202,MERI,benmore,Hydro,Hydro,2026-06-09,120319,77709,119518,121531,79688,76431,80126,116928,128996,154804,165778,205035,202298,200534,215409,209235,203852,221644,206822,161431,169909,159500,159165,167091,163975,156326,167665,157430,156375,131855,138367,168988,167709,168383,194986,200744,197650,168930,160160,134008,124805,119573,120982,163799,155353,128787,118114,98472,,
BEN,BEN2202,MERI,benmore,Hydro,Hydro,2026-06-10,143341,107701,83303,75531,134156,159532,152979,119254,136268,169930,204842,208124,185771,233817,261225,263341,258382,254322,253150,209357,204583,238191,235220,237535,227757,239763,243884,236797,217649,169927,156564,159231,201484,207237,212231,265445,207701,199303,176879,175631,173169,231055,258578,240313,179720,168159,149206,107436,,
BEN,BEN2202,MERI,benmore,Hydro,Hydro,2026-06-11,115401,120854,120097,84216,73775,102859,119872,147200,138876,178359,199710,199562,212670,234716,245600,267184,267079,265156,264362,256001,263777,242243,240376,215948,246847,239503,238129,247972,241276,228418,222789,198458,219979,199057,183347,228472,243159,221250,174457,148793,187616,166629,165087,160489,104896,82245,80068,96482,,
BEN,BEN2202,MERI,benmore,Hydro,Hydro,2026-06-12,82410,83570,76858,73208,66777,70525,74681,76131,82224,80532,70256,55136,83297,124994,205054,245762,259883,263715,220360,241082,237573,212521,249195,245337,236783,245048,239738,239687,235596,252205,251033,252151,229496,242783,235015,260302,202361,161865,200323,171290,140481,118449,85327,114245,123956,123997,125106,100414,,
BEN,BEN2202,MERI,benmore,Hydro,Hydro,2026-06-13,110891,103794,117406,105753,85233,79224,79816,83002,81238,90353,116695,130993,165785,188367,216365,221213,252499,254585,266142,263410,252290,256183,244182,234194,227976,227401,206805,169160,157277,150522,151820,193889,172668,221303,182194,137221,155815,171016,134918,159044,154579,156071,129456,113534,118175,82143,74477,78649,,
BEN,BEN2202,MERI,benmore,Hydro,Hydro,2026-06-14,86527,79389,39352,42411,37644,77436,68255,52013,62154,37718,39860,49641,77131,81650,98499,125204,119563,127989,91516,116810,114682,87688,78111,76300,78057,122937,122144,117938,93408,81023,76231,122006,81614,116510,123103,120647,134084,157582,127804,119769,86362,77825,80620,84360,46112,32015,16565,48090,,
BEN,BEN2202,MERI,benmore,Hydro,Hydro,2026-06-15,79254,78954,78622,76466,80376,73290,65347,40988,68081,78413,79114,83853,82306,81842,160441,210710,217146,214316,207402,198004,172151,165563,121910,126674,123446,120982,84300,121132,123125,124432,131529,161560,162952,197380,225305,256800,252061,238079,211189,198378,167233,128294,126261,97350,80593,72691,81898,62448,,
BEN,BEN2202,MERI,benmore,Hydro,Hydro,2026-06-16,38818,76737,78764,88091,85051,80904,79433,79044,40744,76267,58745,83845,145393,174799,222631,261067,260164,259786,260424,268151,262813,266902,271707,273732,247801,242573,237563,251947,253902,214632,201436,210825,253768,251689,251191,268268,269584,268776,264356,249695,235169,193690,226839,155847,111508,88692,40665,32541,,
BEN,BEN2202,MERI,benmore,Hydro,Hydro,2026-06-17,36538,39242,40864,37719,41402,39032,39006,35289,35348,13303,39475,74769,122521,142369,234363,253302,250080,252859,245611,250800,237809,230327,232321,229237,176900,196073,208698,194989,187336,185623,190154,212049,235776,257692,254391,243731,238556,200146,173951,183327,169924,151770,168520,200796,135636,89171,75094,81036,,
BEN,BEN2202,MERI,benmore,Hydro,Hydro,2026-06-18,63416,76692,78110,42154,42051,42245,75256,77249,76955,115297,125740,124046,175444,211391,232878,265151,265097,258433,242978,249052,232344,230955,237718,240399,247256,244729,238081,235754,246340,238454,241796,247676,234572,228873,247176,264646,237374,223711,204809,176111,130311,123503,86950,116042,84381,78497,121185,119876,,
BEN,BEN2202,MERI,benmore,Hydro,Hydro,2026-06-19,73505,43555,38119,73863,88314,87166,84299,83609,86629,86762,69175,79612,135481,156123,212217,243100,260858,227311,225465,197195,209713,202382,197970,197879,207405,213236,203423,198126,170569,137680,162002,192307,164279,204940,246198,250822,244829,235604,220072,186581,159904,138017,101744,91988,56429,42338,36167,29915,,
BEN,BEN2202,MERI,benmore,Hydro,Hydro,2026-06-20,3059,0,0,0,0,0,0,4466,34981,35382,36624,39801,64837,78464,119697,124736,123687,89610,115392,117881,92288,81852,89582,83021,78161,72466,44977,41817,38047,38501,41562,38856,79094,88380,129963,117613,127118,133155,132287,123820,134234,128939,111232,96047,104919,80276,84293,75858,,
BEN,BEN2202,MERI,benmore,Hydro,Hydro,2026-06-21,55666,36007,32355,29619,29586,29240,27321,3431,0,0,27117,42006,35809,36694,60184,83787,82265,122923,120419,119478,175263,220321,176985,125765,105065,83731,121158,125007,173594,202077,206860,224857,226531,203905,260990,271801,272950,271139,266520,249362,247517,267322,221273,188449,132441,90190,102727,85958,,
BEN,BEN2202,MERI,benmore,Hydro,Hydro,2026-06-22,39938,39071,34449,34935,40030,75535,32926,32631,29477,38918,78610,78562,117801,165581,241611,245285,266601,257458,257372,258881,212223,193103,191855,180957,180077,178201,178651,182170,191715,182163,173156,180245,171702,213761,219118,223918,269069,273703,273538,242626,225779,226189,163474,241784,205860,182987,180052,148851,,
BEN,BEN2202,MERI,benmore,Hydro,Hydro,2026-06-23,139175,91770,36457,29759,24199,72449,76489,77424,78167,119016,176560,171670,196425,251282,261435,268280,266629,250245,258991,267305,254826,253142,248979,261370,253074,258679,256442,254776,251362,249295,256379,266147,238824,247577,248416,267367,266554,255880,259551,268589,243825,220096,169094,167255,129299,119597,109350,94673,,
BEN,BEN2202,MERI,benmore,Hydro,Hydro,2026-06-24,115582,153954,138094,78433,80880,77165,75437,75979,77280,112675,156547,162873,152460,211658,247785,256358,264325,266611,267718,263133,237723,259025,269053,269069,269303,266046,267008,268623,252528,256925,259685,252398,252638,259990,267978,270233,268378,263732,229930,188154,168472,150624,129009,82188,119876,87915,45568,38733,,
BEN,BEN2202,MERI,benmore,Hydro,Hydro,2026-06-25,39985,37597,41733,41159,37995,29445,73107,78645,80613,79270,49564,58660,120780,160885,189790,208459,227373,228146,214868,173994,206303,201078,160296,161469,174056,152987,144553,167201,144808,172436,151197,176224,205898,214236,211033,229289,222598,255523,249970,191971,181058,171025,186073,186185,166467,135058,129772,109070,,
BEN,BEN2202,MERI,benmore,Hydro,Hydro,2026-06-26,94457,76064,71949,61981,53679,53455,49362,52507,57810,71959,97695,105665,154786,203741,228332,261358,260675,246665,208869,207513,190376,217082,214666,203846,198485,181617,144206,130739,119562,115546,118509,116594,136233,179286,220361,258237,263972,219778,190065,179269,208904,195819,194294,196666,209754,189429,181943,164123,,
BEN,BEN2202,MERI,benmore,Hydro,Hydro,2026-06-27,167314,156684,146826,146597,130353,122990,117829,122508,124428,132934,125633,95404,107764,116744,155995,167193,169493,169539,177842,178213,172702,168833,171165,171283,172025,178363,179037,179560,166322,162667,147142,177185,174858,198871,177075,206043,197817,211831,199153,171357,159660,127217,82070,43286,29669,42116,36912,28476,,
BEN,BEN2202,MERI,benmore,Hydro,Hydro,2026-06-28,35802,28713,28564,38927,38529,39269,38603,39261,40042,36784,35266,38807,37915,44123,48526,84712,79728,122410,133264,134920,134797,130010,121571,121446,126261,134344,125670,118392,109585,109099,125329,128062,150885,169291,189640,215801,213921,211388,198951,171279,162237,168636,158605,169203,160407,122983,121310,107529,,
BEN,BEN2202,MERI,benmore,Hydro,Hydro,2026-06-29,105869,80090,78417,65140,59827,59678,63236,65457,80367,78596,77604,74841,123222,177940,197060,213612,217522,243686,256497,243359,216274,207301,195542,165054,164919,167813,158832,158327,159386,156289,152354,126798,161435,166843,191582,205011,197184,175343,157817,166212,134518,124481,123556,91143,89524,77478,78455,40573,,
BEN,BEN2202,MERI,benmore,Hydro,Hydro,2026-06-30,39821,40657,40215,7750,17203,34735,35691,35204,38851,66422,92887,151863,159631,180341,233813,264030,267590,227896,227024,219676,201549,190766,210316,204357,211012,211653,209694,206002,204795,200050,199913,212921,212968,178566,241190,269368,267450,267148,242199,223781,229407,199714,207717,176387,166944,143889,119089,97602,,
BPE,BPE0331,POCO,twf_12,Wind,Wind,2026-06-01,3197,4291,2258,1171,680,35,0,0,16,66,996,1417,345,70,14,20,2,4,0,350,853,14,88,1280,256,8,0,0,0,0,0,0,0,263,429,121,43,365,39,0,0,3,9,616,254,73,258,351,,
BPE,BPE0331,POCO,twf_12,Wind,Wind,2026-06-02,690,1238,1862,1949,2496,2847,4740,3531,1895,734,1582,2798,1945,1410,1839,1787,1764,2307,1718,2019,2567,2064,1140,600,370,116,50,0,827,781,351,561,1511,2396,3330,6774,10897,10361,9842,8568,7449,6382,5601,6635,6496,6476,4482,3294,,
BPE,BPE0331,POCO,twf_12,Wind,Wind,2026-06-03,5389,5563,6800,9497,11038,9853,7722,7694,8833,9397,5889,4727,5881,5420,4514,2471,1253,544,765,932,2023,4560,3751,3951,2787,3214,2013,1034,2318,2262,1987,1118,939,686,445,167,126,326,1537,1862,1723,1758,1111,506,1975,4339,5917,5234,,
BPE,BPE0331,POCO,twf_12,Wind,Wind,2026-06-04,4844,4707,4844,5264,5925,6579,6191,5670,7285,9191,10127,10504,7383,7214,6247,5239,5986,6394,5697,5043,4239,4156,3559,2920,4469,7641,8348,8869,8266,5324,6059,7638,7334,6408,5190,4730,4803,5980,5790,5848,7273,7741,8159,8591,8839,9222,8694,7638,,
BPE,BPE0331,POCO,twf_12,Wind,Wind,2026-06-05,8732,9796,9347,8516,9416,8680,6894,6508,6586,6045,5628,7298,8574,6502,5516,1749,2250,4273,2036,1918,1300,2995,6434,5691,6687,9861,8205,10218,12715,12453,11694,11715,13518,13874,13307,12535,10394,6963,5713,3052,4915,6410,3476,1107,1238,6774,8624,5778,,
BPE,BPE0331,POCO,twf_12,Wind,Wind,2026-06-06,892,1639,4336,6083,6736,12368,7675,2904,2762,6885,10973,12358,13032,13491,14247,13762,12486,11492,12561,13965,12496,11710,12786,13429,13929,13300,11526,12147,11242,11362,12687,12033,11553,11456,9877,7448,6700,2443,829,1718,2600,741,67,14,197,144,698,1028,,
BPE,BPE0331,POCO,twf_12,Wind,Wind,2026-06-07,60,67,90,230,534,1697,1203,88,0,0,235,90,0,190,358,843,125,1838,1990,4519,3425,2178,596,71,0,0,0,0,1,771,946,1360,1868,3438,4981,6603,9565,12338,12207,11190,10598,8823,9616,10353,13552,14433,14720,14638,,
BPE,BPE0331,POCO,twf_12,Wind,Wind,2026-06-08,14774,14696,14447,14415,14093,14036,14630,14509,14310,14572,14813,14831,14808,14814,14764,14834,14829,14805,14512,14405,13692,13894,13804,14502,14575,14254,14743,14616,14304,13465,13033,13892,13742,14862,14980,14913,14949,14708,13299,10897,13501,12918,10757,11660,3878,6732,7911,8501,,
BPE,BPE0331,POCO,twf_12,Wind,Wind,2026-06-09,6421,5690,2945,1364,1666,522,138,23,80,3,200,897,1129,456,681,1309,1073,918,568,203,2,0,27,1,553,1066,1732,3320,2881,6517,5281,6240,3578,6312,2746,5527,4706,7111,3163,2242,1661,27,22,0,706,1611,2776,1137,,
BPE,BPE0331,POCO,twf_12,Wind,Wind,2026-06-10,207,196,305,325,428,173,255,161,233,0,0,0,0,0,0,0,0,0,0,0,0,0,5,0,0,76,18,0,0,0,0,0,0,0,0,0,0,0,0,0,0,0,0,0,0,0,0,0,,
BPE,BPE0331,POCO,twf_12,Wind,Wind,2026-06-11,0,0,0,0,0,0,0,0,0,0,0,0,0,0,0,0,0,0,0,0,0,0,0,0,0,0,8,34,72,550,1458,2140,2558,2591,2979,3940,3191,3572,3478,3328,4101,3780,3927,5366,8423,10841,12315,12271,,
BPE,BPE0331,POCO,twf_12,Wind,Wind,2026-06-12,12691,12786,13327,13438,14018,13451,13529,12590,12423,11737,12796,13893,14087,14345,14592,14665,14116,13730,12187,9154,7436,5923,4433,3786,1778,748,12,0,0,0,0,0,0,0,0,0,31,12,2,188,737,356,533,1624,595,326,44,0,,
BPE,BPE0331,POCO,twf_12,Wind,Wind,2026-06-13,0,0,0,0,0,0,0,0,0,0,0,0,1,446,793,671,910,520,476,719,2363,3100,4398,6561,7817,9476,10025,9670,11383,11916,10062,11755,8659,11248,10551,9799,8893,5949,5428,3207,4201,5390,6115,8958,11388,14510,13922,10024,,
BPE,BPE0331,POCO,twf_12,Wind,Wind,2026-06-14,8679,10739,11758,11198,12174,13531,14088,13863,14198,14482,14414,14743,14528,14444,14745,14636,14943,14926,14849,14914,14934,14919,14954,14974,15010,15009,14844,14752,14753,14901,14786,14780,14872,14590,13765,13389,12982,12928,14142,14915,14935,14952,15062,15122,15163,15195,15174,15046,,
BPE,BPE0331,POCO,twf_12,Wind,Wind,2026-06-15,14984,14905,14917,14990,14984,14980,15021,15017,14922,14993,14783,14830,14878,14818,14939,15015,14953,14664,14926,14962,14956,14938,14824,14655,14581,14002,13740,14311,14629,14262,13730,12638,11341,6167,3199,3121,3756,5668,5862,5206,3650,2876,2827,2866,2163,1354,476,2,,
BPE,BPE0331,POCO,twf_12,Wind,Wind,2026-06-16,511,2643,3654,8118,8258,7355,5300,6601,6348,5414,5533,5998,4441,3300,3434,3798,4201,3424,2644,5479,4792,4626,4566,4322,1906,1308,1246,816,1696,2070,2939,2209,1958,1617,917,242,5,0,0,0,0,10,363,1193,2209,2860,4885,7837,,
BPE,BPE0331,POCO,twf_12,Wind,Wind,2026-06-17,12621,14673,15012,15049,15053,15077,14841,13414,14528,15042,15031,14629,10477,5706,5937,6066,10682,13538,13638,12017,11121,11410,11250,8732,9232,9648,6690,4618,4042,2293,3137,1398,9,0,0,0,1239,2942,2592,3244,2977,3070,3049,2887,3163,3170,2310,1404,,
BPE,BPE0331,POCO,twf_12,Wind,Wind,2026-06-18,2081,1705,1683,938,782,347,0,0,0,52,1298,2194,2311,2704,2316,4315,7236,6113,7036,9441,12415,13408,14220,13564,13621,13410,14239,14119,13650,12644,12159,11135,9324,5488,4062,2563,987,160,0,243,202,774,985,1222,776,902,2043,1617,,
BPE,BPE0331,POCO,twf_12,Wind,Wind,2026-06-19,1176,430,97,246,35,96,225,198,34,8,0,1,0,0,0,0,0,0,0,0,0,0,0,0,0,287,1268,2040,2249,2587,3706,5447,5735,6341,7921,9019,9329,12056,12740,14377,15022,15005,14924,14949,15000,14998,15035,15023,,
BPE,BPE0331,POCO,twf_12,Wind,Wind,2026-06-20,15025,15027,15022,15013,15015,14872,14772,15033,14938,14769,15164,14937,14997,14385,13778,14380,14948,14979,14969,14968,14964,14867,12731,10865,11588,13119,14828,14667,14900,14987,14969,14961,14944,14938,14932,14923,14924,14810,13765,13592,13592,13590,14375,14931,15023,15021,14872,14930,,
BPE,BPE0331,POCO,twf_12,Wind,Wind,2026-06-21,14027,14261,13970,12922,12115,13701,13845,14996,15034,14850,13716,11996,12012,13049,13858,9848,9400,10784,10238,9606,7870,8881,9134,7631,9767,8244,8117,7509,8472,8469,8947,7694,7129,6347,7564,7384,7532,8618,8123,8031,4406,106,1738,3484,3061,5170,5599,4722,,
BPE,BPE0331,POCO,twf_12,Wind,Wind,2026-06-22,5161,4750,5736,7495,9337,10474,8807,6112,6043,4118,2117,2645,3926,3737,4063,5291,4821,2888,2742,1742,534,387,258,340,504,246,724,1964,1851,1962,1730,1642,1742,2834,2348,2059,1385,944,847,997,2028,2727,2294,1671,1382,536,174,125,,
BPE,BPE0331,POCO,twf_12,Wind,Wind,2026-06-23,36,0,0,0,0,0,0,0,0,0,0,0,0,0,0,0,0,0,0,0,0,0,0,0,0,0,0,0,0,0,0,0,0,0,0,420,463,302,296,231,221,343,492,659,1888,1410,898,394,,
BPE,BPE0331,POCO,twf_12,Wind,Wind,2026-06-24,534,294,148,340,690,1326,1845,1923,2162,2869,3004,3450,3218,3837,4459,4192,3896,2537,2434,2751,2727,1845,2357,1091,614,1903,2485,1787,2636,2695,2849,3076,3127,3049,3840,4439,4930,4069,3698,3956,4352,4185,4646,5700,5786,5558,5100,4196,,
BPE,BPE0331,POCO,twf_12,Wind,Wind,2026-06-25,3683,2933,2918,3039,3300,2280,2896,2986,2253,2183,1830,1513,1501,1470,2485,6199,7187,9790,12130,13607,12959,13066,12827,12587,13939,14497,14734,14767,14920,14891,14632,14990,14642,14622,14386,14486,14471,14619,14967,14786,14103,13326,13748,14683,14778,15102,13949,14665,,
BPE,BPE0331,POCO,twf_12,Wind,Wind,2026-06-26,14729,14111,14173,14435,13979,14504,14038,13709,14029,14356,14187,14406,14605,14580,14447,14420,14566,14954,14508,14519,14211,14794,14822,14741,13372,13864,14547,13975,13723,14899,8583,8549,11895,12714,11674,9745,9364,11417,9892,7102,6300,8288,8685,7854,8956,11103,11846,10463,,
BPE,BPE0331,POCO,twf_12,Wind,Wind,2026-06-27,9443,7924,6278,5278,3577,3467,5275,5737,4602,4439,4586,6273,5324,3426,4152,3702,3403,3254,3607,3802,2842,3196,4364,5775,4982,6356,6530,4942,5404,5661,7749,8554,6073,3999,4297,5854,7885,8102,8379,8142,9620,9401,9013,10300,10480,10899,11152,9958,,
BPE,BPE0331,POCO,twf_12,Wind,Wind,2026-06-28,8068,6395,6302,6591,6573,7851,7214,7474,7871,7762,8456,7613,6279,6363,6228,7018,6963,5910,6627,7091,7004,6992,7367,7864,8537,8894,7980,8460,8935,9370,10250,10013,10359,10572,11493,11341,9372,9744,12156,13350,13499,10889,9188,8835,9381,10402,9130,8130,,
BPE,BPE0331,POCO,twf_12,Wind,Wind,2026-06-29,9054,8682,9056,8835,8782,8935,7601,6326,5116,4046,4773,4496,2520,1309,3172,3060,2143,1007,1415,1140,2531,1991,1937,1783,2393,5780,4644,4455,4343,3196,4221,3520,5531,4511,5188,6790,9064,9582,8708,7861,5428,5994,4313,3143,2822,1037,1404,4191,,
BPE,BPE0331,POCO,twf_12,Wind,Wind,2026-06-30,7378,7209,2989,2850,2242,1316,399,378,84,271,318,86,3,0,0,51,31,72,3,2,102,47,197,67,785,2021,2663,2659,1484,630,978,1103,977,1113,959,1401,1443,1374,1093,794,1229,972,392,178,102,5,0,0,,
BRB,BRB0331,MERI,ruakākā_energy_park,ELE,BAT,2026-06-01,15628,1515,0,0,0,19,17,3,4644,8005,3105,3876,12468,17748,585,0,0,0,9975,2542,12142,19924,9280,398,19610,244,0,0,0,0,0,0,5017,7950,2195,19852,391,0,0,7,15734,381,207,0,0,1963,289,244,,
BRB,BRB0331,MERI,ruakākā_energy_park,ELE,BAT,2026-06-02,6640,5448,780,0,0,8,0,0,0,0,2972,5861,14471,23725,15516,1919,5286,0,904,35503,8193,132,60,0,78,19197,280,49,22,2,0,0,0,1723,5964,123,0,0,0,0,0,0,9542,7374,3292,0,4965,18733,,
BRB,BRB0331,MERI,ruakākā_energy_park,ELE,BAT,2026-06-03,1182,11202,0,0,0,0,0,0,61,61,0,4538,12711,5202,12588,11063,213,13,6665,21422,10518,797,0,0,0,14800,7458,3193,0,0,0,0,16396,10179,288,19729,19944,1964,2895,0,1656,979,0,0,1,0,0,0,,
BRB,BRB0331,MERI,ruakākā_energy_park,ELE,BAT,2026-06-04,0,1,0,0,0,0,0,0,0,0,4636,6813,14502,10399,14531,31456,13596,3521,0,3742,7089,0,12122,2843,2925,2163,2461,0,623,17,185,0,0,0,0,0,19398,12206,61,0,13,1,0,0,0,0,0,0,,
BRB,BRB0331,MERI,ruakākā_energy_park,ELE,BAT,2026-06-05,0,0,0,0,0,0,13,0,1,5,248,44,956,310,2335,673,0,5718,39195,39877,26566,13279,147,1551,4,1,0,0,0,0,20,10027,261,3094,549,0,13,12,7513,725,0,0,13919,18640,10066,0,0,0,,
BRB,BRB0331,MERI,ruakākā_energy_park,ELE,BAT,2026-06-06,14838,14662,4136,10434,6946,0,0,0,0,0,0,0,0,0,0,0,0,0,3034,15805,17053,4117,0,0,0,0,8689,7439,1236,0,227,7037,369,0,4114,19018,342,14857,8667,0,1085,1765,11101,8418,0,0,0,0,,
BRB,BRB0331,MERI,ruakākā_energy_park,ELE,BAT,2026-06-07,0,0,0,26,3322,0,7,2,0,0,207,14038,347,0,0,0,10741,19956,19957,538,0,0,17,18,2399,0,0,0,0,0,0,7962,13191,11758,20689,20618,6888,0,741,0,5895,2356,10183,4213,2913,0,0,0,,
BRB,BRB0331,MERI,ruakākā_energy_park,ELE,BAT,2026-06-08,0,0,1,29,37,37,37,38,36,30,33,119,52,41,2894,15198,10659,9,0,0,20,28,26,27,24,0,16,15,13,2,3,0,1149,3090,6900,1725,6,7,3322,4094,8,11,2,0,3,1,1,49,,
BRB,BRB0331,MERI,ruakākā_energy_park,ELE,BAT,2026-06-09,1,7,3,7,9,9,7,9,9,4,5,10,195,5065,1898,54,56,18,0,8,52,50,47,38,43,3946,45,60,99,5,0,46,38,3403,1385,21813,18347,6259,2502,1064,0,5828,108,57,65,16,0,20,,
BRB,BRB0331,MERI,ruakākā_energy_park,ELE,BAT,2026-06-10,180,4074,249,223,173,291,294,289,143,197,466,6374,10667,26326,34710,17608,16201,778,713,92,50,45,0,68,0,0,0,0,0,0,0,50,14661,2132,618,837,5930,295,305,1123,19582,4123,2,10499,22513,8191,304,19652,,
BRB,BRB0331,MERI,ruakākā_energy_park,ELE,BAT,2026-06-11,578,186,0,0,0,246,131,0,0,0,55,2697,6678,2027,32565,31720,27959,929,21,889,2936,33,323,0,0,357,0,0,0,0,24,78,0,33,20800,5670,9477,16717,19939,13731,13935,0,0,0,2278,0,0,0,,
BRB,BRB0331,MERI,ruakākā_energy_park,ELE,BAT,2026-06-12,0,0,0,0,0,0,0,0,99,309,299,4561,4999,1279,7065,495,0,0,19134,3924,267,1265,19687,17205,6107,215,107,228,0,0,75,192,128,13829,17219,18751,15808,9908,4,0,1926,0,4719,0,9972,714,14443,16271,,
BRB,BRB0331,MERI,ruakākā_energy_park,ELE,BAT,2026-06-13,15466,194,23,0,0,0,127,0,17,111,0,11170,967,143,5,7507,17312,20214,15359,2153,25,0,0,0,0,0,0,0,0,0,0,20,64,629,3105,19557,20009,38134,36723,12939,4165,17,0,0,0,0,0,0,,
BRB,BRB0331,MERI,ruakākā_energy_park,ELE,BAT,2026-06-14,8437,11,221,35,1400,0,0,0,26,145,250,220,874,1241,396,3548,11205,4363,17612,13218,14821,7645,120,11534,0,1092,0,28,0,0,5279,3464,8050,7989,11239,14981,125,0,2042,0,0,0,0,0,0,0,0,0,,
BRB,BRB0331,MERI,ruakākā_energy_park,ELE,BAT,2026-06-15,34,2543,376,161,173,186,197,217,0,0,77,87,537,6114,3200,8525,111,71,0,0,188,1,61,32,165,194,10862,13009,851,5231,8,1597,264,15953,13052,19958,19447,10845,428,0,122,154,31350,814,26,0,0,1,,
BRB,BRB0331,MERI,ruakākā_energy_park,ELE,BAT,2026-06-16,0,0,0,0,0,0,0,0,13,40,22995,2711,3639,35062,10394,1806,1040,36,1764,25,40,64,21552,643,3037,0,29,1,0,0,0,10,0,10908,20378,18519,18637,19910,19954,1035,10480,1,62,65,9487,75,77,23,,
BRB,BRB0331,MERI,ruakākā_energy_park,ELE,BAT,2026-06-17,0,0,0,0,0,0,0,0,0,0,61,111,28366,35757,11176,14723,610,0,64,85,137,42,12,68,11383,6214,239,171,6,0,0,53,1489,11347,29660,21718,6374,5609,10561,279,206,962,10088,3270,69,0,0,0,,
BRB,BRB0331,MERI,ruakākā_energy_park,ELE,BAT,2026-06-18,0,0,0,0,0,0,0,0,0,83,134,2,20099,16227,15780,4002,1150,111,4,0,0,0,0,0,0,33,7,38,44,56,4944,22790,17852,2920,2598,22305,4222,1802,39,2908,30,31,18697,24040,104,0,9509,137,,
BRB,BRB0331,MERI,ruakākā_energy_park,ELE,BAT,2026-06-19,0,0,0,10,0,0,0,0,0,27,60,62,12868,5594,28231,20801,19947,17960,378,12566,420,0,51,0,0,0,0,0,0,0,0,1132,6014,15681,9095,19956,15866,5909,4189,9443,108,9694,962,3780,9803,37,9379,0,,
BRB,BRB0331,MERI,ruakākā_energy_park,ELE,BAT,2026-06-20,0,0,9,0,5763,0,0,0,0,0,0,0,7579,262,170,2,221,262,19212,19936,393,126,133,10396,16634,19157,8764,116,25,0,0,19,61,16457,36342,21923,1052,89,48,0,1900,0,27,16,2642,2534,0,0,,
BRB,BRB0331,MERI,ruakākā_energy_park,ELE,BAT,2026-06-21,0,0,0,0,0,0,110,127,0,15,56,1417,41,1,11,20,83,6381,16394,19988,19967,20127,19957,17847,294,1009,8,0,0,0,0,0,0,863,11,6,0,0,0,10059,19792,16842,13735,6440,2829,0,0,0,,
BRB,BRB0331,MERI,ruakākā_energy_park,ELE,BAT,2026-06-22,134,47,0,0,0,0,0,0,3168,453,29,0,5070,13261,26395,20432,19956,14250,11600,0,0,0,0,0,0,0,0,0,0,0,1358,10060,30771,26736,17969,2106,0,0,0,4,1361,1,17386,8954,17,26389,126,0,,
BRB,BRB0331,MERI,ruakākā_energy_park,ELE,BAT,2026-06-23,0,0,0,0,0,0,6,97,6822,218,83,1864,629,26509,18815,31691,19821,476,13,35,15,8,0,56,9,36,0,0,0,0,3816,620,4937,8517,14519,26182,22150,18168,5564,1,0,0,0,1698,0,0,0,3304,,
BRB,BRB0331,MERI,ruakākā_energy_park,ELE,BAT,2026-06-24,0,0,0,0,0,0,0,0,0,0,0,0,0,0,5860,32541,32588,30117,20464,739,5,0,0,0,607,14065,3069,0,0,236,0,0,3699,2292,84,8,0,0,0,0,0,0,1,23103,0,0,1,0,,
BRB,BRB0331,MERI,ruakākā_energy_park,ELE,BAT,2026-06-25,7,0,0,0,0,0,9,0,0,0,0,0,51,5616,5913,17,0,0,0,0,862,0,834,3156,0,8,44,0,0,27,0,0,4541,20036,801,25075,32917,1356,8,37439,4209,1,0,0,19410,24,1,22,,
BRB,BRB0331,MERI,ruakākā_energy_park,ELE,BAT,2026-06-26,26,11,12,3,12,0,0,0,0,0,9,32,72,8,7689,14647,5768,8742,129,38,47,15,39,58,63,31,38,0,0,0,0,0,1019,14590,13958,19953,694,13125,19614,4230,25615,482,0,15314,131,0,15,665,,
BRB,BRB0331,MERI,ruakākā_energy_park,ELE,BAT,2026-06-27,2903,2537,4891,2,53,75,90,1,0,89,48,105,3533,7285,4840,5375,7705,363,94,118,50,15056,14757,56,0,0,40,0,0,0,0,0,9878,23257,19007,14333,14071,2413,1,0,0,0,0,0,0,0,0,0,,
BRB,BRB0331,MERI,ruakākā_energy_park,ELE,BAT,2026-06-28,2037,4,4388,0,504,0,0,0,0,0,0,0,0,0,0,0,0,0,0,0,0,0,0,0,0,0,0,0,0,0,0,0,609,7933,5650,15747,19956,14474,26,11107,4739,0,26670,651,2,0,0,0,,
BRB,BRB0331,MERI,ruakākā_energy_park,ELE,BAT,2026-06-29,0,0,0,0,0,0,0,3,9,13195,10353,888,93,20,5685,16592,19944,743,31,38,34,12,29,0,0,0,0,0,0,0,0,10370,812,28182,2949,13979,4986,15427,14862,17803,744,0,0,2,0,1,0,0,,
BRB,BRB0331,MERI,ruakākā_energy_park,ELE,BAT,2026-06-30,0,0,47,13,0,0,0,0,75,0,115,3448,9454,8179,36061,39894,20940,312,62,56,24,0,0,0,0,0,0,13,0,63,19,86,61,40,49,16647,19478,16185,19850,4997,3,0,10,12487,0,0,145,52,,
BRB,BRB0331,NPOW,ruakākā_energy_park,ELE,BAT,2026-06-01,0,0,0,0,0,0,0,0,0,0,0,0,0,0,0,0,0,0,0,0,0,0,0,0,0,0,0,0,0,0,0,0,0,0,0,0,0,0,0,0,0,0,0,0,0,0,0,0,,
BRB,BRB0331,NPOW,ruakākā_energy_park,ELE,BAT,2026-06-02,0,0,0,0,0,0,0,0,0,0,0,0,0,0,0,0,0,0,0,0,0,0,0,0,0,0,0,0,0,0,0,0,0,0,0,0,0,0,0,0,0,0,0,0,0,0,0,0,,
BRB,BRB0331,NPOW,ruakākā_energy_park,ELE,BAT,2026-06-03,0,0,0,0,0,0,0,0,0,0,0,0,0,0,0,0,0,0,0,0,0,0,0,0,0,0,0,0,0,0,0,0,0,0,0,0,0,0,0,0,0,0,0,0,0,0,0,0,,
BRB,BRB0331,NPOW,ruakākā_energy_park,ELE,BAT,2026-06-04,0,0,0,0,0,0,0,0,0,0,0,0,0,0,0,0,0,0,0,0,0,0,0,0,0,0,0,0,0,0,0,0,0,0,0,0,0,0,0,0,0,0,0,0,0,0,0,0,,
BRB,BRB0331,NPOW,ruakākā_energy_park,ELE,BAT,2026-06-05,0,0,0,0,0,0,0,0,0,0,0,0,0,0,0,0,0,0,0,0,0,0,0,0,0,0,0,0,0,0,0,0,0,0,0,0,0,0,0,0,0,0,0,0,0,0,0,0,,
BRB,BRB0331,NPOW,ruakākā_energy_park,ELE,BAT,2026-06-06,0,0,0,0,0,0,0,0,0,0,0,0,0,0,0,0,0,0,0,0,0,0,0,0,0,0,0,0,0,0,0,0,0,0,0,0,0,0,0,0,0,0,0,0,0,0,0,0,,
BRB,BRB0331,NPOW,ruakākā_energy_park,ELE,BAT,2026-06-07,0,0,0,0,0,0,0,0,0,0,0,0,0,0,0,0,0,0,0,0,0,0,0,0,0,0,0,0,0,0,0,0,0,0,0,0,0,0,0,0,0,0,0,0,0,0,0,0,,
BRB,BRB0331,NPOW,ruakākā_energy_park,ELE,BAT,2026-06-08,0,0,0,0,0,0,0,0,0,0,0,0,0,0,0,0,0,0,0,0,0,0,0,0,0,0,0,0,0,0,0,0,0,0,0,0,0,0,0,0,0,0,0,0,0,0,0,0,,
BRB,BRB0331,NPOW,ruakākā_energy_park,ELE,BAT,2026-06-09,0,0,0,0,0,0,0,0,0,0,0,0,0,0,0,0,0,0,0,0,0,0,0,0,0,0,0,0,0,0,0,0,0,0,0,0,0,0,0,0,0,0,0,0,0,0,0,0,,
BRB,BRB0331,NPOW,ruakākā_energy_park,ELE,BAT,2026-06-10,0,0,0,0,0,0,0,0,0,0,0,0,0,0,0,0,0,0,0,0,0,0,0,0,0,0,0,0,0,0,0,0,0,0,0,0,0,0,0,0,0,0,0,0,0,0,0,0,,
BRB,BRB0331,NPOW,ruakākā_energy_park,ELE,BAT,2026-06-11,0,0,0,0,0,0,0,0,0,0,0,0,0,0,0,0,0,0,0,0,0,0,0,0,0,0,0,0,0,0,0,0,0,0,0,0,0,0,0,0,0,0,0,0,0,0,0,0,,
BRB,BRB0331,NPOW,ruakākā_energy_park,ELE,BAT,2026-06-12,0,0,0,0,0,0,0,0,0,0,0,0,0,0,0,0,0,0,0,0,0,0,0,0,0,0,0,0,0,0,0,0,0,0,0,0,0,0,0,0,0,0,0,0,0,0,0,0,,
BRB,BRB0331,NPOW,ruakākā_energy_park,ELE,BAT,2026-06-13,0,0,0,0,0,0,0,0,0,0,0,0,0,0,0,0,0,0,0,0,0,0,0,0,0,0,0,0,0,0,0,0,0,0,0,0,0,0,0,0,0,0,0,0,0,0,0,0,,
BRB,BRB0331,NPOW,ruakākā_energy_park,ELE,BAT,2026-06-14,0,0,0,0,0,0,0,0,0,0,0,0,0,0,0,0,0,0,0,0,0,0,0,0,0,0,0,0,0,0,0,0,0,0,0,0,0,0,0,0,0,0,0,0,0,0,0,0,,
BRB,BRB0331,NPOW,ruakākā_energy_park,ELE,BAT,2026-06-15,0,0,0,0,0,0,0,0,0,0,0,0,0,0,0,0,0,0,0,0,0,0,0,0,0,0,0,0,0,0,0,0,0,0,0,0,0,0,0,0,0,0,0,0,0,0,0,0,,
BRB,BRB0331,NPOW,ruakākā_energy_park,ELE,BAT,2026-06-16,0,0,0,0,0,0,0,0,0,0,0,0,0,0,0,0,0,0,0,0,0,0,0,0,0,0,0,0,0,0,0,0,0,0,0,0,0,0,0,0,0,0,0,0,0,0,0,0,,
BRB,BRB0331,NPOW,ruakākā_energy_park,ELE,BAT,2026-06-17,0,0,0,0,0,0,0,0,0,0,0,0,0,0,0,0,0,0,0,0,0,0,0,0,0,0,0,0,0,0,0,0,0,0,0,0,0,0,0,0,0,0,0,0,0,0,0,0,,
BRB,BRB0331,NPOW,ruakākā_energy_park,ELE,BAT,2026-06-18,0,0,0,0,0,0,0,0,0,0,0,0,0,0,0,0,0,0,0,0,0,0,0,0,0,0,0,0,0,0,0,0,0,0,0,0,0,0,0,0,0,0,0,0,0,0,0,0,,
BRB,BRB0331,NPOW,ruakākā_energy_park,ELE,BAT,2026-06-19,0,0,0,0,0,0,0,0,0,0,0,0,0,0,0,0,0,0,0,0,0,0,0,0,0,0,0,0,0,0,0,0,0,0,0,0,0,0,0,0,0,0,0,0,0,0,0,0,,
BRB,BRB0331,NPOW,ruakākā_energy_park,ELE,BAT,2026-06-20,0,0,0,0,0,0,0,0,0,0,0,0,0,0,0,0,0,0,0,0,0,0,0,0,0,0,0,0,0,0,0,0,0,0,0,0,0,0,0,0,0,0,0,0,0,0,0,0,,
BRB,BRB0331,NPOW,ruakākā_energy_park,ELE,BAT,2026-06-21,0,0,0,0,0,0,0,0,0,0,0,0,0,0,0,0,0,0,0,0,0,0,0,0,0,0,0,0,0,0,0,0,0,0,0,0,0,0,0,0,0,0,0,0,0,0,0,0,,
BRB,BRB0331,NPOW,ruakākā_energy_park,ELE,BAT,2026-06-22,0,0,0,0,0,0,0,0,0,0,0,0,0,0,0,0,0,0,0,0,0,0,0,0,0,0,0,0,0,0,0,0,0,0,0,0,0,0,0,0,0,0,0,0,0,0,0,0,,
BRB,BRB0331,NPOW,ruakākā_energy_park,ELE,BAT,2026-06-23,0,0,0,0,0,0,0,0,0,0,0,0,0,0,0,0,0,0,0,0,0,0,0,0,0,0,0,0,0,0,0,0,0,0,0,0,0,0,0,0,0,0,0,0,0,0,0,0,,
BRB,BRB0331,NPOW,ruakākā_energy_park,ELE,BAT,2026-06-24,0,0,0,0,0,0,0,0,0,0,0,0,0,0,0,0,0,0,0,0,0,0,0,0,0,0,0,0,0,0,0,0,0,0,0,0,0,0,0,0,0,0,0,0,0,0,0,0,,
BRB,BRB0331,NPOW,ruakākā_energy_park,ELE,BAT,2026-06-25,0,0,0,0,0,0,0,0,0,0,0,0,0,0,0,0,0,0,0,0,0,0,0,0,0,0,0,0,0,0,0,0,0,0,0,0,0,0,0,0,0,0,0,0,0,0,0,0,,
BRB,BRB0331,NPOW,ruakākā_energy_park,ELE,BAT,2026-06-26,0,0,0,0,0,0,0,0,0,0,0,0,0,0,0,0,0,0,0,0,0,0,0,0,0,0,0,0,0,0,0,0,0,0,0,0,0,0,0,0,0,0,0,0,0,0,0,0,,
BRB,BRB0331,NPOW,ruakākā_energy_park,ELE,BAT,2026-06-27,0,0,0,0,0,0,0,0,0,0,0,0,0,0,0,0,0,0,0,0,0,0,0,0,0,0,0,0,0,0,0,0,0,0,0,0,0,0,0,0,0,0,0,0,0,0,0,0,,
BRB,BRB0331,NPOW,ruakākā_energy_park,ELE,BAT,2026-06-28,0,0,0,0,0,0,0,0,0,0,0,0,0,0,0,0,0,0,0,0,0,0,0,0,0,0,0,0,0,0,0,0,0,0,0,0,0,0,0,0,0,0,0,0,0,0,0,0,,
BRB,BRB0331,NPOW,ruakākā_energy_park,ELE,BAT,2026-06-29,0,0,0,0,0,0,0,0,0,0,0,0,0,0,0,0,0,0,0,0,0,0,0,0,0,0,0,0,0,0,0,0,0,0,0,0,0,0,0,0,0,0,0,0,0,0,0,0,,
BRB,BRB0331,NPOW,ruakākā_energy_park,ELE,BAT,2026-06-30,0,0,0,0,0,0,0,0,0,0,0,0,0,0,0,0,0,0,0,0,0,0,0,0,0,0,0,0,0,0,0,0,0,0,0,0,0,0,0,0,0,0,0,0,0,0,0,0,,
BWK,BWK1101,CNIR,waipori,Hydro,Hydro,2026-06-01,26,26,26,26,26,25,20,17,16,18,19,19,20,19,19,20,20,19,19,19,19,21,26,27,26,27,27,26,16417,22802,22702,20277,24330,20590,5586,37,33,33,32,32,32,32,32,33,32,33,33,33,,
BWK,BWK1101,CNIR,waipori,Hydro,Hydro,2026-06-02,32,33,33,31,32,32,32,32,32,32,32,32,32,32,32,32,31,31,31,31,32,32,32,32,32,31,606,8520,10568,10816,10783,11089,10999,10913,21407,27129,27084,27089,5432,57,32,32,31,31,31,31,31,31,,
BWK,BWK1101,CNIR,waipori,Hydro,Hydro,2026-06-03,32,31,32,31,31,31,31,31,30,30,31,31,31,31,31,31,31,32,31,31,31,31,31,31,31,31,31,25,25,25,25,22,19,203,10300,11325,11625,18161,12878,11042,10892,10951,19944,18979,2879,35,32,31,,
BWK,BWK1101,CNIR,waipori,Hydro,Hydro,2026-06-04,31,30,30,30,30,31,31,31,31,31,31,31,31,30,31,31,31,32,31,32,27,23,20,20,20,19,20,19,20,20,20,20,20,20,20,20,19,19,19,19,19,20,20,20,20,19,20,21,,
BWK,BWK1101,CNIR,waipori,Hydro,Hydro,2026-06-05,26,25,25,25,25,26,26,27,31,32,32,32,32,31,31,31,31,31,32,31,30,30,30,30,30,30,29,30,30,31,31,31,32,31,32,31,32,31,31,31,31,31,31,32,31,31,31,31,,
BWK,BWK1101,CNIR,waipori,Hydro,Hydro,2026-06-06,31,31,25,24,24,23,24,24,23,24,24,24,24,24,24,24,24,22,18,19,19,19,20,19,20,22,26,25,25,25,25,26,26,26,26,25,25,26,25,25,25,24,23,25,25,25,25,22,,
BWK,BWK1101,CNIR,waipori,Hydro,Hydro,2026-06-07,23,28,31,31,30,31,30,31,31,32,32,32,32,32,32,32,31,31,31,31,32,32,32,32,32,32,32,32,31,27,25,25,25,26,26,26,26,26,25,25,25,25,25,25,25,25,26,25,,
BWK,BWK1101,CNIR,waipori,Hydro,Hydro,2026-06-08,25,25,25,25,27,30,30,30,31,31,28,25,26,22,23,25,25,24,24,24,25,25,25,25,25,26,23,24,22,24,23,21,20,20,20,21,24,21,23,23,22,24,27,29,28,29,30,30,,
BWK,BWK1101,CNIR,waipori,Hydro,Hydro,2026-06-09,30,30,29,28,28,29,28,29,26,23,24,24,24,24,24,23,24,23,23,23,23,23,24,24,24,24,24,24,24,23,23,23,26,27,29,29,29,29,29,29,30,29,28,28,28,28,29,29,,
BWK,BWK1101,CNIR,waipori,Hydro,Hydro,2026-06-10,27,23,23,23,23,22,22,22,22,23,23,23,23,23,24,23,23,23,23,23,23,119,136,25,24,25,25,25,25,24,24,24,18,18,18,24,23,23,24,23,23,23,22,23,22,23,23,23,,
BWK,BWK1101,CNIR,waipori,Hydro,Hydro,2026-06-11,23,23,22,22,22,21,21,21,26,28,29,29,29,29,29,6058,10749,518,29,29,30,30,29,30,30,30,30,30,30,30,30,28,24,24,24,24,24,24,24,24,24,24,24,24,20,18,18,18,,
BWK,BWK1101,CNIR,waipori,Hydro,Hydro,2026-06-12,18,17,15,15,15,15,15,15,14,15,16,16,16,16,16,15,16,16,20,23,23,29,29,30,30,29,29,29,29,30,30,30,29,30,29,29,29,28,28,28,28,93,4843,5251,4583,4683,4857,594,,
BWK,BWK1101,CNIR,waipori,Hydro,Hydro,2026-06-13,213,251,28,28,28,28,29,25,22,22,22,22,21,21,21,21,21,22,23,23,23,24,23,18,17,17,17,17,17,18,18,18,18,18,18,21,23,23,23,22,23,23,23,23,23,23,23,23,,
BWK,BWK1101,CNIR,waipori,Hydro,Hydro,2026-06-14,22,23,22,22,23,24,24,24,24,26,30,29,29,29,29,29,30,30,30,30,30,30,30,29,30,30,30,31,31,31,31,25,25,25,25,24,24,24,23,23,23,22,23,22,21,21,19,19,,
BWK,BWK1101,CNIR,waipori,Hydro,Hydro,2026-06-15,18,20,21,22,21,22,22,25,29,30,29,29,28,23,24,23,22,20,19,19,20,19,18,19,19,19,17,16,16,17,15,17,17,15,16,15,16,18,18,19,20,19,19,19,19,19,24,24,,
BWK,BWK1101,CNIR,waipori,Hydro,Hydro,2026-06-16,24,24,26,25,25,25,25,25,25,25,22,18,18,17,18,19,19,19,19,19,19,19,19,19,19,19,20,20,20,20,2455,4026,4012,4000,9596,10007,9857,9755,9259,9380,9474,9482,9526,9585,9737,1115,20,19,,
BWK,BWK1101,CNIR,waipori,Hydro,Hydro,2026-06-17,18,18,16,16,20,15,15,14,14,14,13,14,13,14,15,14,14,14,15,14,13,15,20,21,21,21,22,23,24,24,24,25,25,24,25,25,25,24,24,24,24,24,24,24,26,29,29,29,,
BWK,BWK1101,CNIR,waipori,Hydro,Hydro,2026-06-18,29,29,29,29,29,29,29,29,29,29,29,30,29,61,9254,10732,11176,10813,10781,10756,9971,996,30,30,30,31,31,32,31,25,25,25,24,19,17,18,18,18,17,15,15,16,17,17,17,16,17,18,,
BWK,BWK1101,CNIR,waipori,Hydro,Hydro,2026-06-19,18,18,18,18,18,18,18,17,17,17,22,23,24,22,8985,11086,10923,10994,1673,30,30,30,30,30,29,30,31,31,31,31,31,31,31,31,29,24,24,24,25,25,25,25,25,25,22,19,19,18,,
BWK,BWK1101,CNIR,waipori,Hydro,Hydro,2026-06-20,18,18,19,19,18,18,18,17,18,17,17,17,20,23,24,24,24,24,24,24,23,20,20,20,21,21,22,22,21,22,23,24,28,25,27,26,26,30,29,28,30,30,29,29,29,29,29,29,,
BWK,BWK1101,CNIR,waipori,Hydro,Hydro,2026-06-21,29,30,30,30,30,30,30,30,29,29,29,29,29,30,30,25,24,24,25,24,24,24,24,540,1009,1132,1150,1144,1175,935,916,921,1134,1150,1134,1058,984,960,65,18,18,18,17,17,17,18,18,18,,
BWK,BWK1101,CNIR,waipori,Hydro,Hydro,2026-06-22,18,18,18,18,18,17,17,17,17,18,6649,18884,22921,23132,23280,23379,23476,23558,19438,18295,20034,21299,20965,23029,17777,16742,12527,14009,13875,672,33,32,32,32,32,32,32,32,32,32,32,33,32,31,31,32,32,32,,
BWK,BWK1101,CNIR,waipori,Hydro,Hydro,2026-06-23,28,27,26,25,20,20,19,19,19,19,20,21,20,20,20,21,20,18,17,17,16,18,22,33,35,11,2,83,20,20,19,19,20,23,26,26,26,26,26,27,32,31,31,31,31,31,32,32,,
BWK,BWK1101,CNIR,waipori,Hydro,Hydro,2026-06-24,32,32,32,32,31,31,31,31,31,32,32,32,32,32,31,31,31,31,31,31,32,32,32,32,32,32,27,25,25,25,25,24,24,22,23,24,19,19,19,20,20,20,20,21,21,21,21,21,,
BWK,BWK1101,CNIR,waipori,Hydro,Hydro,2026-06-25,21,19,20,23,25,25,26,26,24,25,25,24,23,24,23,24,22,18,19,24,25,24,24,28,29,30,28,26,28,28,27,29,31,31,31,30,29,30,29,30,31,31,31,31,31,31,31,24,,
BWK,BWK1101,CNIR,waipori,Hydro,Hydro,2026-06-26,24,23,23,24,24,24,24,24,24,24,23,23,23,23,23,24,25,25,25,25,25,25,24,21,25,25,26,26,26,26,26,26,26,26,25,25,25,25,25,25,26,25,25,25,25,24,25,24,,
BWK,BWK1101,CNIR,waipori,Hydro,Hydro,2026-06-27,24,25,25,26,25,26,26,26,25,25,24,24,30,30,30,30,28,24,24,24,24,24,24,24,25,25,25,25,26,25,26,24,24,24,24,24,25,24,25,25,25,25,24,28,30,30,30,30,,
BWK,BWK1101,CNIR,waipori,Hydro,Hydro,2026-06-28,30,30,30,30,30,30,29,29,29,28,24,25,24,24,24,24,24,24,24,24,24,25,25,26,26,25,25,25,24,24,24,24,24,25,24,1102,1438,48,18,18,17,17,17,17,17,18,17,16,,
BWK,BWK1101,CNIR,waipori,Hydro,Hydro,2026-06-29,16,17,17,18,17,17,17,17,17,18,18,18,17,20,22,21,21,21,25,27,28,28,30,30,31,31,31,31,30,30,30,31,30,31,30,31,30,30,30,30,30,30,30,31,30,30,30,30,,
BWK,BWK1101,CNIR,waipori,Hydro,Hydro,2026-06-30,30,30,29,29,29,29,31,30,30,30,30,31,30,23,18,18,19,19,19,19,20,19,19,19,19,19,18,18,18,19,20,20,20,19,19,18,18,19,18,20,26,26,26,26,25,25,24,24,,
CML,CML0331,DUNE,roaring_meg,HYD,HYD,2026-06-01,0,0,0,0,0,0,0,0,0,0,0,0,0,0,0,0,0,0,0,0,0,0,0,0,0,0,0,0,0,0,0,0,0,0,0,0,0,0,0,0,0,0,0,0,0,0,0,0,,
CML,CML0331,DUNE,roaring_meg,HYD,HYD,2026-06-02,0,0,0,0,0,0,0,0,0,0,0,0,0,0,0,0,0,0,0,0,0,0,0,0,0,0,0,0,0,0,0,0,0,0,0,0,0,0,0,0,0,0,0,0,0,0,0,0,,
CML,CML0331,DUNE,roaring_meg,HYD,HYD,2026-06-03,0,0,0,0,0,0,0,0,0,0,0,0,0,0,0,0,0,0,0,0,0,0,0,0,0,0,0,0,0,0,0,0,0,0,0,0,0,0,0,0,0,0,0,0,0,0,0,0,,
CML,CML0331,DUNE,roaring_meg,HYD,HYD,2026-06-04,0,0,0,0,0,0,0,0,0,0,0,0,0,0,0,0,0,0,0,0,0,0,0,0,0,0,0,0,0,0,0,0,0,0,0,0,0,0,0,0,0,0,0,0,0,0,0,0,,
CML,CML0331,DUNE,roaring_meg,HYD,HYD,2026-06-05,0,0,0,0,0,0,0,0,0,0,0,0,0,0,0,0,0,0,0,0,0,0,0,0,0,0,0,0,0,0,0,0,0,0,0,0,0,0,0,0,0,0,0,0,0,0,0,0,,
CML,CML0331,DUNE,roaring_meg,HYD,HYD,2026-06-06,0,0,0,0,0,0,0,0,0,0,0,0,0,0,0,0,0,0,0,0,0,0,0,0,0,0,0,0,0,0,0,0,0,0,0,0,0,0,0,0,0,0,0,0,0,0,0,0,,
CML,CML0331,DUNE,roaring_meg,HYD,HYD,2026-06-07,0,0,0,0,0,0,0,0,0,0,0,0,0,0,0,0,0,0,0,0,0,0,0,0,0,0,0,0,0,0,0,0,0,0,0,0,0,0,0,0,0,0,0,0,0,0,0,0,,
CML,CML0331,DUNE,roaring_meg,HYD,HYD,2026-06-08,0,0,0,0,0,0,0,0,0,0,0,0,0,0,0,0,0,0,0,0,0,0,0,0,0,0,0,0,0,0,0,0,0,0,0,0,0,0,0,0,0,0,0,0,0,0,0,0,,
CML,CML0331,DUNE,roaring_meg,HYD,HYD,2026-06-09,0,0,0,0,0,0,0,0,0,0,0,0,0,0,0,0,0,0,0,0,0,0,0,0,0,0,0,0,0,0,0,0,0,0,0,0,0,0,0,0,0,0,0,0,0,0,0,0,,
CML,CML0331,DUNE,roaring_meg,HYD,HYD,2026-06-10,0,0,0,0,0,0,0,0,0,0,0,0,0,0,0,0,0,0,0,0,0,0,0,0,0,0,0,0,0,0,0,0,0,0,0,0,0,0,0,0,0,0,0,0,0,0,0,0,,
CML,CML0331,DUNE,roaring_meg,HYD,HYD,2026-06-11,0,0,0,0,0,0,0,0,0,0,0,0,0,0,0,0,0,0,0,0,0,0,0,0,0,0,0,0,0,0,0,0,0,0,0,0,0,0,0,0,0,0,0,0,0,0,0,0,,
CML,CML0331,DUNE,roaring_meg,HYD,HYD,2026-06-12,0,0,0,0,0,0,0,0,0,0,0,0,0,0,0,0,0,0,0,0,0,0,0,0,0,0,0,0,0,0,0,0,0,0,0,0,0,0,0,0,0,0,0,0,0,0,0,0,,
CML,CML0331,DUNE,roaring_meg,HYD,HYD,2026-06-13,0,0,0,0,0,0,0,0,0,0,0,0,0,0,0,0,0,0,0,0,0,0,0,0,0,0,0,0,0,0,0,0,0,0,0,0,0,0,0,0,0,0,0,0,0,0,0,0,,
CML,CML0331,DUNE,roaring_meg,HYD,HYD,2026-06-14,0,0,0,0,0,0,0,0,0,0,0,0,0,0,0,0,0,0,0,0,0,0,0,0,0,0,0,0,0,0,0,0,0,0,0,0,0,0,0,0,0,0,0,0,0,0,0,0,,
CML,CML0331,DUNE,roaring_meg,HYD,HYD,2026-06-15,0,0,0,0,0,0,0,0,0,0,0,0,0,0,0,0,0,0,0,0,0,0,0,0,0,0,0,0,0,0,0,0,0,0,0,0,0,0,0,0,0,0,0,0,0,0,0,0,,
CML,CML0331,DUNE,roaring_meg,HYD,HYD,2026-06-16,0,0,0,0,0,0,0,0,0,0,0,0,0,0,0,0,0,0,0,0,0,0,0,0,0,0,0,0,0,0,0,0,0,0,0,0,0,0,0,0,0,0,0,0,0,0,0,0,,
CML,CML0331,DUNE,roaring_meg,HYD,HYD,2026-06-17,0,0,0,0,0,0,0,0,0,0,0,0,0,0,0,0,0,0,0,0,0,0,0,0,0,0,0,0,0,0,0,0,0,0,0,0,0,0,0,0,0,0,0,0,0,0,0,0,,
CML,CML0331,DUNE,roaring_meg,HYD,HYD,2026-06-18,0,0,0,0,0,0,0,0,0,0,0,0,0,0,0,0,0,0,0,0,0,0,0,0,0,0,0,0,0,0,0,0,0,0,0,0,0,0,0,0,0,0,0,0,0,0,0,0,,
CML,CML0331,DUNE,roaring_meg,HYD,HYD,2026-06-19,0,0,0,0,0,0,0,0,0,0,0,0,0,0,0,0,0,0,0,0,0,0,0,0,0,0,0,0,0,0,0,0,0,0,0,0,0,0,0,0,0,0,0,0,0,0,0,0,,
CML,CML0331,DUNE,roaring_meg,HYD,HYD,2026-06-20,0,0,0,0,0,0,0,0,0,0,0,0,0,0,0,0,0,0,0,0,0,0,0,0,0,0,0,0,0,0,0,0,0,0,0,0,0,0,0,0,0,0,0,0,0,0,0,0,,
CML,CML0331,DUNE,roaring_meg,HYD,HYD,2026-06-21,0,0,0,0,0,0,0,0,0,0,0,0,0,0,0,0,0,0,0,0,0,0,0,0,0,0,0,0,0,0,0,0,0,0,0,0,0,0,0,0,0,0,0,0,0,0,0,0,,
CML,CML0331,DUNE,roaring_meg,HYD,HYD,2026-06-22,0,0,0,0,0,0,0,0,0,0,0,0,0,0,0,0,0,0,0,0,0,0,0,0,0,0,0,0,0,0,0,0,0,0,0,0,0,0,0,0,0,0,0,0,0,0,0,0,,
CML,CML0331,DUNE,roaring_meg,HYD,HYD,2026-06-23,0,0,0,0,0,0,0,0,0,0,0,0,0,0,0,0,0,0,0,0,0,0,0,0,0,0,0,0,0,0,0,0,0,0,0,0,0,0,0,0,0,0,0,0,0,0,0,0,,
CML,CML0331,DUNE,roaring_meg,HYD,HYD,2026-06-24,0,0,0,0,0,0,0,0,0,0,0,0,0,0,0,0,0,0,0,0,0,0,0,0,0,0,0,0,0,0,0,0,0,0,0,0,0,0,0,0,0,0,0,0,0,0,0,0,,
CML,CML0331,DUNE,roaring_meg,HYD,HYD,2026-06-25,0,0,0,0,0,0,0,0,0,0,0,0,0,0,0,0,0,0,0,0,0,0,0,0,0,0,0,0,0,0,0,0,0,0,0,0,0,0,0,0,0,0,0,0,0,0,0,0,,
CML,CML0331,DUNE,roaring_meg,HYD,HYD,2026-06-26,0,0,0,0,0,0,0,0,0,0,0,0,0,0,0,0,0,0,0,0,0,0,0,0,0,0,0,0,0,0,0,0,0,0,0,0,0,0,0,0,0,0,0,0,0,0,0,0,,
CML,CML0331,DUNE,roaring_meg,HYD,HYD,2026-06-27,0,0,0,0,0,0,0,0,0,0,0,0,0,0,0,0,0,0,0,0,0,0,0,0,0,0,0,0,0,0,0,0,0,0,0,0,0,0,0,0,0,0,0,0,0,0,0,0,,
CML,CML0331,DUNE,roaring_meg,HYD,HYD,2026-06-28,0,0,0,0,0,0,0,0,0,0,0,0,0,0,0,0,0,0,0,0,0,0,0,0,0,0,0,0,0,0,0,0,0,0,0,0,0,0,0,0,0,0,0,0,0,0,0,0,,
CML,CML0331,DUNE,roaring_meg,HYD,HYD,2026-06-29,0,0,0,0,0,0,0,0,0,0,0,0,0,0,0,0,0,0,0,0,0,0,0,0,0,0,0,0,0,0,0,0,0,0,0,0,0,0,0,0,0,0,0,0,0,0,0,0,,
CML,CML0331,DUNE,roaring_meg,HYD,HYD,2026-06-30,0,0,0,0,0,0,0,0,0,0,0,0,0,0,0,0,0,0,0,0,0,0,0,0,0,0,0,0,0,0,0,0,0,0,0,0,0,0,0,0,0,0,0,0,0,0,0,0,,
COL,COL0661,CNIR,coleridge,Hydro,Hydro,2026-06-01,20040,20046,20037,20045,20029,20030,20054,20031,20023,20020,20038,20036,20071,19985,20043,20021,19989,19970,20003,19983,19982,19980,19983,19997,19975,19992,19979,19970,19996,19974,19986,20009,19954,19976,19967,19974,19989,19978,19984,19986,19980,19981,19996,20003,19978,19988,19983,19992,,
COL,COL0661,CNIR,coleridge,Hydro,Hydro,2026-06-02,19992,19960,19998,19977,19978,19975,19975,19981,19975,19997,19825,20068,19761,19615,19650,19654,18939,18761,18753,16279,19323,19599,19584,19571,19513,19419,19416,19423,19433,19417,19416,19424,19405,19433,19423,19404,19431,19425,19416,19422,19424,19424,19451,19419,19442,19428,19429,19425,,
COL,COL0661,CNIR,coleridge,Hydro,Hydro,2026-06-03,19439,19413,19429,19424,19428,19421,19415,19411,19431,19406,19427,19395,19406,19411,19433,19407,19393,19430,19414,19412,19401,19409,19427,19416,19424,19414,19418,19420,19417,19413,19424,19413,19418,19408,19422,19403,19405,19416,19418,19420,19424,19413,19446,19417,19413,19414,19432,19425,,
COL,COL0661,CNIR,coleridge,Hydro,Hydro,2026-06-04,19416,19411,19415,19418,19531,19534,19520,19529,19520,19514,19547,19527,19539,19526,19529,19513,19522,19518,19515,19527,19491,19526,19513,19526,19534,19531,19509,19524,19524,19535,19515,19517,19510,19512,19564,19491,19517,19540,19531,19521,19532,19528,19532,19523,19534,19569,19555,19518,,
COL,COL0661,CNIR,coleridge,Hydro,Hydro,2026-06-05,19527,19499,19546,19531,19529,19513,18742,19471,14274,13604,13626,13626,13632,13568,13612,13630,13605,13644,13611,13599,13599,13624,12499,13831,13814,14245,14278,14255,14809,14792,14812,14789,14697,15651,15561,15605,15611,15604,15595,15597,15591,15645,15600,14649,14090,14095,14151,14124,,
COL,COL0661,CNIR,coleridge,Hydro,Hydro,2026-06-06,14078,14078,14095,14109,14099,14118,14118,14080,14108,14603,14646,14658,15560,15592,15590,15616,15598,15584,15633,15582,15595,15589,15600,15530,15141,15090,15582,15599,15590,15594,15604,15054,15075,15056,15085,15043,15067,15067,15059,15063,15060,15064,15071,15070,15058,15072,15078,15061,,
COL,COL0661,CNIR,coleridge,Hydro,Hydro,2026-06-07,14635,14644,14638,14641,14622,14640,14638,14637,14634,14618,14645,14637,14622,14633,15053,15075,15059,15061,15070,15063,15077,15076,15065,15078,15061,15061,15063,15064,15063,15069,15070,15067,15078,15073,15062,15063,15068,15078,15058,15075,15049,16562,16608,16569,16565,15139,15069,15093,,
COL,COL0661,CNIR,coleridge,Hydro,Hydro,2026-06-08,14648,14719,14603,14635,14618,14639,14632,14625,14627,14637,14637,14662,14663,14620,13694,14619,14633,14600,14651,14631,14683,14630,14647,14640,14652,14627,14637,14670,14645,14624,14549,14673,14678,14665,14632,14633,14626,15078,15071,15046,15100,15054,15073,15077,15080,15057,15077,15086,,
COL,COL0661,CNIR,coleridge,Hydro,Hydro,2026-06-09,15091,15078,15054,15060,15061,15073,15061,15050,15067,15065,15076,15027,15070,15105,15062,14626,15136,15149,15144,15148,15126,15142,15146,15138,15142,15108,15156,15148,12605,12322,12383,12363,12190,12131,14266,15563,15604,15607,15619,15610,15602,15603,15605,15612,15604,15619,15604,15600,,
COL,COL0661,CNIR,coleridge,Hydro,Hydro,2026-06-10,15615,15620,15601,15594,15625,15595,15601,15592,15592,15588,15609,15601,15635,15601,15596,15586,15586,15601,15598,15607,15601,15598,16533,18043,18069,18211,18669,18664,18674,18680,18688,18688,18630,18662,17142,17124,17094,17123,17120,17115,17121,17113,17136,17094,17126,17109,17128,17122,,
COL,COL0661,CNIR,coleridge,Hydro,Hydro,2026-06-11,17117,17113,16579,16574,16576,16583,16574,16565,16606,16587,16618,16520,17159,17107,17081,17108,17106,17111,17108,17125,17109,17121,17113,17113,17098,17112,17110,17130,17108,17101,17156,17098,17109,17102,17134,17102,17121,17118,17107,17111,17087,17124,17156,17119,17105,17112,17138,17114,,
COL,COL0661,CNIR,coleridge,Hydro,Hydro,2026-06-12,16409,16374,16352,16395,16526,16534,16535,16583,16623,16637,16559,16571,17121,17108,17076,17109,17126,17110,17133,17104,17111,17111,17105,17117,17112,17111,17123,17104,17106,17107,17111,17099,17132,17103,17089,17111,17117,17124,17133,17121,17115,17123,17131,16587,16583,16581,16587,16584,,
COL,COL0661,CNIR,coleridge,Hydro,Hydro,2026-06-13,17607,17667,17648,17111,17119,17113,17111,17108,17109,17092,17104,17108,17647,18588,18675,18650,18659,18670,18665,18664,18662,18671,18656,18665,18671,18659,18661,18706,18657,19513,19567,19584,19591,19580,19578,18696,18659,18676,18676,18667,18667,18665,18680,18672,18668,18675,18656,18669,,
COL,COL0661,CNIR,coleridge,Hydro,Hydro,2026-06-14,18671,18665,18661,18663,18650,18652,18657,18645,18653,18656,18677,18648,18663,18662,18664,18648,18656,18674,18666,18658,18662,18672,18664,18649,18684,18665,18667,18667,18664,18665,18677,18645,18677,18672,18659,18645,18677,18673,18661,18677,18666,18666,18692,18669,18695,18668,18657,18679,,
COL,COL0661,CNIR,coleridge,Hydro,Hydro,2026-06-15,18616,18674,18535,18659,18590,15585,16426,15284,15320,16540,18270,18107,17211,17103,17124,17098,17107,17118,17121,17110,17112,17114,17118,17123,17112,17115,17105,17100,17124,17116,17103,17105,17140,17127,17106,17090,17117,17110,17119,17111,16178,16156,16162,16155,16154,15625,15619,15604,,
COL,COL0661,CNIR,coleridge,Hydro,Hydro,2026-06-16,15619,15610,15182,15173,15212,15168,15193,15180,15627,15598,15561,15647,15683,15569,15603,15602,15187,15201,15160,16136,16148,16154,17039,17122,16578,16179,14630,14639,14136,14103,14113,14096,14111,15175,15196,15170,15194,15189,15190,15195,15185,15182,15208,15190,15187,15177,15181,15177,,
COL,COL0661,CNIR,coleridge,Hydro,Hydro,2026-06-17,15227,15204,15207,15184,15190,15196,15195,15180,15184,15335,15569,15487,15719,15587,15595,15581,15601,15648,15566,15624,15565,15532,15630,15671,15673,15643,15610,15585,15623,15612,15643,15636,15626,15592,15592,15591,15578,17119,17120,17117,17114,17118,17131,17123,17119,16617,16573,16589,,
COL,COL0661,CNIR,coleridge,Hydro,Hydro,2026-06-18,16161,16152,16134,15622,15602,15609,15603,15180,15635,15603,15622,16101,16713,17079,17100,17099,17115,17122,17111,17116,17110,17103,17125,17098,17093,17116,17121,17126,17102,17127,17116,17096,17109,17118,17117,17100,17103,17118,17117,17125,17102,17061,17193,17118,16578,16576,16594,16565,,
COL,COL0661,CNIR,coleridge,Hydro,Hydro,2026-06-19,16138,15697,15560,15574,15641,15627,15627,15601,15599,15606,15600,16160,16587,17088,17118,17129,17116,17119,17096,17122,17106,17111,17110,17109,17107,17105,17112,17111,17113,17116,17122,17097,17100,17098,17141,17107,17117,17122,17113,17108,17112,17118,17135,17105,17128,17094,17120,17105,,
COL,COL0661,CNIR,coleridge,Hydro,Hydro,2026-06-20,16573,16165,15604,15638,15591,15616,15596,15613,15600,15156,15186,15212,16008,16603,17093,17120,17118,17119,17109,17102,17127,17127,17141,17123,17113,17112,17091,17147,17112,17110,17124,17114,17116,17111,17119,17118,17126,17130,17123,17130,17119,17129,17134,17120,17131,17124,17116,17127,,
COL,COL0661,CNIR,coleridge,Hydro,Hydro,2026-06-21,17112,17130,17121,16149,16142,16143,16141,16151,16137,16161,16130,16136,16156,15610,15593,15602,15606,15606,15619,15611,15606,15594,15594,15604,15607,15607,15616,15600,15606,15603,15610,15594,15616,15597,15584,15600,15617,17102,17125,17108,17125,17102,17115,17106,17087,18063,18061,18051,,
COL,COL0661,CNIR,coleridge,Hydro,Hydro,2026-06-22,19439,19609,19582,19578,19587,19581,19581,19577,19577,19583,19566,19569,19598,15918,15590,15583,15593,15196,15164,15174,15176,15170,15181,15181,15171,15608,15599,15607,15603,15602,15609,15606,15598,15590,15607,15575,15603,16573,16572,13758,13671,13678,13704,13676,13684,13674,13688,13660,,
COL,COL0661,CNIR,coleridge,Hydro,Hydro,2026-06-23,13702,13662,13672,13673,13678,13672,13678,13669,13672,13666,13656,13656,13685,13669,13671,8912,8568,8596,8584,8574,8587,8584,12194,13119,13132,11219,11067,11093,11081,11090,12364,13114,13113,13125,13117,13115,14601,14634,14637,14635,14637,14635,14636,14633,14638,14640,14638,14648,,
COL,COL0661,CNIR,coleridge,Hydro,Hydro,2026-06-24,14637,14639,14641,14627,14636,14630,14642,14632,14647,14626,14634,13149,13148,13118,13135,13143,13094,13112,13120,13126,13129,13142,13103,13124,13129,8447,9010,9018,9016,7876,13047,14621,14601,14660,14616,14611,14640,14622,14632,14637,14627,14626,14640,14639,14619,14631,14642,14625,,
COL,COL0661,CNIR,coleridge,Hydro,Hydro,2026-06-25,14622,14659,14626,14624,14631,14641,14649,14622,14636,14621,14623,16597,16640,16610,16601,16635,16656,16110,16093,15555,12765,14650,16565,16569,16548,16585,16582,16577,16576,16587,16593,16528,16568,16571,16563,16584,16566,16614,16576,16593,16579,16585,16593,16582,16584,16569,16600,16566,,
COL,COL0661,CNIR,coleridge,Hydro,Hydro,2026-06-26,16159,15605,15606,15600,15171,15181,15170,15172,15594,15594,15619,16122,16690,16547,16570,16580,16589,16573,16573,16570,16568,16593,16578,16578,16569,16571,16572,16554,16592,16567,16585,16566,16574,16574,16581,16570,16570,16577,16584,16600,16581,16580,16585,16166,16154,16164,15651,15617,,
COL,COL0661,CNIR,coleridge,Hydro,Hydro,2026-06-27,15185,14676,15186,15190,15186,15173,15179,15185,14657,14637,14644,15182,15178,15614,15627,16134,16145,16168,16154,17117,17117,17130,17117,17117,17119,17117,17110,17120,17113,17110,17110,17135,17115,17106,17119,17104,17117,17120,17127,17112,17104,17112,17041,17132,17132,17142,15638,15610,,
COL,COL0661,CNIR,coleridge,Hydro,Hydro,2026-06-28,15196,15195,15185,15187,15159,15185,15196,15118,15224,15215,15168,14670,14631,14631,15591,16128,16148,17643,17651,17654,17649,17659,18651,18666,17672,17645,17633,17658,17665,17641,17637,17659,17629,17660,17647,17644,17656,17654,17658,17659,17656,17656,17660,17641,17646,17664,17662,17649,,
COL,COL0661,CNIR,coleridge,Hydro,Hydro,2026-06-29,15698,15594,15610,15592,15621,15617,15604,15603,15597,15601,15600,15620,16161,16549,16576,16577,16573,16583,16578,16573,16562,16577,16565,16568,16573,16570,16559,16574,16590,16570,16598,16536,16577,16578,16588,16555,16582,16591,16570,16593,16590,16563,16591,16586,16572,16580,16579,16585,,
COL,COL0661,CNIR,coleridge,Hydro,Hydro,2026-06-30,16154,15621,15622,15605,15615,15608,15603,15603,15609,15595,15595,16156,16545,16600,16560,16554,16598,16568,16562,16557,16562,16574,16576,16577,16569,16584,16575,16563,16588,16571,16571,16578,16581,16551,16550,16573,16550,16571,16582,16577,16569,16572,16612,16596,16580,16590,16574,16585,,
CYD,CYD0331,DUNE,teviot,Hydro,Hydro,2026-06-01,1479,1295,1755,2106,2074,2182,2315,2440,2380,2267,2084,1886,1635,1355,1073,929,629,319,76,54,39,106,163,434,544,172,305,341,429,877,1331,1539,1769,1104,299,3,0,13,228,316,523,664,744,1045,1106,1675,1547,1555,,
CYD,CYD0331,DUNE,teviot,Hydro,Hydro,2026-06-02,1866,1936,2066,2156,2166,2149,2100,2184,1945,1791,1517,1217,615,75,0,0,0,0,0,0,0,0,0,0,0,0,0,0,0,0,0,0,0,0,0,0,0,0,0,0,0,0,0,45,300,693,799,1031,,
CYD,CYD0331,DUNE,teviot,Hydro,Hydro,2026-06-03,1364,1580,1837,1890,1963,2004,2047,2072,2065,2003,1699,1373,816,179,0,0,0,0,0,0,0,0,0,83,315,592,866,756,983,986,878,398,16,0,0,0,0,0,0,0,0,0,0,0,124,502,597,692,,
CYD,CYD0331,DUNE,teviot,Hydro,Hydro,2026-06-04,1062,1292,1586,1498,1619,1948,1792,1543,1552,1340,965,786,145,0,0,0,0,0,0,0,0,0,0,80,281,827,887,824,894,648,595,337,126,6,0,0,0,0,0,0,0,1,1,253,453,805,987,1127,,
CYD,CYD0331,DUNE,teviot,Hydro,Hydro,2026-06-05,1684,1808,1973,2223,2212,2336,2235,2251,2280,2121,1774,1371,588,26,0,0,0,0,0,0,5,140,18,745,875,866,869,467,513,615,513,248,24,0,0,0,0,0,0,0,0,0,0,2,113,299,273,488,,
CYD,CYD0331,DUNE,teviot,Hydro,Hydro,2026-06-06,814,929,1045,977,963,931,961,955,889,911,767,649,332,44,0,0,0,0,0,0,0,0,0,0,0,90,252,402,443,575,350,179,5,0,0,0,0,0,0,0,0,0,0,0,71,337,330,473,,
CYD,CYD0331,DUNE,teviot,Hydro,Hydro,2026-06-07,470,605,792,730,739,844,760,686,566,401,393,256,22,0,0,0,0,0,0,0,0,0,0,0,3,113,150,104,414,324,51,0,0,0,0,0,0,0,0,0,0,0,0,0,47,409,398,498,,
CYD,CYD0331,DUNE,teviot,Hydro,Hydro,2026-06-08,686,834,1014,1177,1152,1281,1288,1034,802,779,638,317,5,0,0,0,0,0,0,0,0,0,17,808,645,671,546,243,142,121,6,0,0,0,0,0,0,0,0,0,0,0,0,0,3,82,220,206,,
CYD,CYD0331,DUNE,teviot,Hydro,Hydro,2026-06-09,392,683,880,943,894,986,960,843,796,567,321,32,0,0,0,0,0,0,0,0,0,0,0,45,293,772,1132,1124,1319,1057,701,314,4,0,0,0,0,0,0,0,0,0,0,0,0,13,17,59,,
CYD,CYD0331,DUNE,teviot,Hydro,Hydro,2026-06-10,361,415,664,738,736,757,587,585,467,329,41,0,0,0,0,0,0,0,0,0,0,0,0,0,0,0,69,224,321,409,250,15,0,0,0,0,0,0,0,0,0,0,0,0,0,0,0,0,,
CYD,CYD0331,DUNE,teviot,Hydro,Hydro,2026-06-11,0,0,0,0,0,0,0,0,0,0,0,0,0,0,0,0,0,0,0,0,0,0,0,0,0,0,0,0,0,0,0,0,0,0,0,0,0,0,0,0,0,0,0,0,4,259,208,1,,
CYD,CYD0331,DUNE,teviot,Hydro,Hydro,2026-06-12,0,61,38,9,42,73,84,66,43,44,0,0,0,0,0,0,0,0,0,0,0,0,0,0,0,0,0,0,0,0,0,0,0,0,0,0,0,0,0,0,0,0,0,0,0,0,0,0,,
CYD,CYD0331,DUNE,teviot,Hydro,Hydro,2026-06-13,1,56,77,35,4,21,1,2,0,0,0,0,0,0,0,0,0,0,0,0,0,0,0,0,0,0,0,0,0,3,0,0,0,0,0,0,0,0,0,0,0,0,0,0,0,0,0,0,,
CYD,CYD0331,DUNE,teviot,Hydro,Hydro,2026-06-14,0,0,0,42,47,144,262,362,251,180,105,25,0,0,0,0,0,0,0,0,0,0,0,0,0,0,0,1,0,0,0,0,0,0,0,0,0,0,0,0,0,0,0,0,36,368,672,1082,,
CYD,CYD0331,DUNE,teviot,Hydro,Hydro,2026-06-15,1823,2323,2779,3406,3796,4125,4403,4561,4579,4661,4471,4450,4031,3934,4314,4052,3698,3161,1915,2390,3633,4170,3783,3949,3903,2785,2337,2535,2530,2256,1817,1623,1552,1614,1258,928,1035,1272,1420,1030,1061,1045,760,1217,1603,2032,1989,2049,,
CYD,CYD0331,DUNE,teviot,Hydro,Hydro,2026-06-16,2339,2450,2486,2534,2504,2460,2280,2042,2008,1755,1304,798,105,0,0,0,0,0,0,0,0,0,0,0,146,516,561,664,1451,1990,1659,1139,689,106,0,0,0,0,0,0,0,1,2,213,328,592,600,714,,
CYD,CYD0331,DUNE,teviot,Hydro,Hydro,2026-06-17,1232,1454,1995,2037,2205,2314,2548,2542,2209,2095,1736,1304,436,9,0,0,0,0,0,3,71,388,763,1174,1297,1218,1607,1457,1660,1780,1628,1307,889,310,6,0,0,0,0,0,0,0,0,0,10,147,94,140,,
CYD,CYD0331,DUNE,teviot,Hydro,Hydro,2026-06-18,474,596,722,759,838,859,770,753,732,580,306,2,0,0,0,0,0,0,0,0,0,0,0,6,115,517,932,877,912,1010,1006,878,538,67,0,0,0,0,0,0,0,0,0,0,0,0,0,8,,
CYD,CYD0331,DUNE,teviot,Hydro,Hydro,2026-06-19,78,190,327,333,444,423,513,485,350,324,94,0,0,0,0,0,0,0,0,0,0,0,0,0,0,0,0,0,0,0,2,26,0,0,0,0,0,0,0,0,1,73,6,10,418,820,632,779,,
CYD,CYD0331,DUNE,teviot,Hydro,Hydro,2026-06-20,1202,1279,1245,1333,1553,1733,1725,1722,1918,2075,2066,2133,2030,1575,1359,977,744,467,45,141,548,1270,2082,2138,2089,2221,2286,2222,2444,2572,2572,2578,2515,2489,2476,2240,2509,2843,3191,3420,3559,3812,3757,4029,4346,4802,4845,5012,,
CYD,CYD0331,DUNE,teviot,Hydro,Hydro,2026-06-21,5414,5803,6368,7409,8403,7001,5925,6526,7296,7053,6852,6509,6198,5633,5354,4890,4399,3561,3457,3729,4225,4623,3596,3471,3538,3402,3316,3142,3222,3073,2855,2700,2266,1737,834,5,25,0,0,443,1066,1152,1235,1510,1637,1308,1272,1534,,
CYD,CYD0331,DUNE,teviot,Hydro,Hydro,2026-06-22,1868,1915,1871,1895,1781,1734,1664,1547,1274,1143,679,89,0,0,0,0,0,0,0,0,0,0,0,0,0,0,0,0,0,18,0,0,0,0,0,0,0,0,0,0,0,0,0,0,0,44,19,17,,
CYD,CYD0331,DUNE,teviot,Hydro,Hydro,2026-06-23,225,412,614,615,555,579,512,432,391,305,18,0,0,0,0,0,0,0,0,0,0,0,0,0,0,0,263,0,23,18,0,0,0,0,0,0,0,0,0,0,0,0,0,0,0,0,0,0,,
CYD,CYD0331,DUNE,teviot,Hydro,Hydro,2026-06-24,6,47,168,205,250,298,263,220,297,394,71,0,0,0,0,0,0,0,0,0,0,0,0,0,0,0,0,0,0,0,0,0,0,0,0,0,0,0,0,0,0,0,0,0,25,491,513,465,,
CYD,CYD0331,DUNE,teviot,Hydro,Hydro,2026-06-25,960,1034,1104,1225,1143,1241,1237,1175,1068,745,396,257,4,0,0,0,0,0,0,0,0,0,0,0,1,1,0,0,0,0,0,0,0,0,0,0,0,0,0,0,0,0,0,0,0,76,100,256,,
CYD,CYD0331,DUNE,teviot,Hydro,Hydro,2026-06-26,827,2491,2095,1748,1645,1584,1483,1494,1177,1028,782,356,5,0,0,0,0,0,0,0,0,0,4,90,471,938,1221,1179,1165,2199,1989,1207,437,0,0,0,0,0,0,0,0,0,0,0,0,0,0,0,,
CYD,CYD0331,DUNE,teviot,Hydro,Hydro,2026-06-27,43,107,301,394,340,321,396,198,115,32,0,0,0,0,0,0,0,0,0,0,0,0,0,0,0,1,34,130,384,457,467,163,6,0,0,0,0,0,0,0,0,0,0,0,0,0,0,0,,
CYD,CYD0331,DUNE,teviot,Hydro,Hydro,2026-06-28,4,5,43,56,106,178,127,117,72,40,0,0,0,0,0,0,0,0,0,0,0,0,0,0,0,27,197,271,488,606,351,158,1,0,0,0,0,0,0,0,0,0,0,0,0,62,62,285,,
CYD,CYD0331,DUNE,teviot,Hydro,Hydro,2026-06-29,655,802,919,1043,1015,1223,1198,1206,1088,1003,657,278,3,0,0,0,0,0,0,0,0,0,0,209,648,1061,1282,1184,1231,1326,1093,735,277,0,0,0,0,0,0,0,0,0,0,0,0,96,156,272,,
CYD,CYD0331,DUNE,teviot,Hydro,Hydro,2026-06-30,630,757,974,860,961,953,876,814,538,386,96,0,0,0,0,0,0,0,0,0,0,0,0,0,0,0,0,0,0,0,0,0,0,0,0,0,0,0,0,0,0,0,0,0,0,0,0,0,,
CYD,CYD2201,CTCT,clyde,Hydro,Hydro,2026-06-01,46076,51037,51535,51547,51532,51505,51510,51559,51542,51492,51575,51545,51685,51422,51640,94187,103181,103058,148136,154743,154624,154562,156346,155128,161728,162204,161855,161889,161986,161883,162211,162268,161460,161870,203519,205872,206323,206007,163440,162009,157511,152509,168426,167786,108164,104647,102801,54822,,
CYD,CYD2201,CTCT,clyde,Hydro,Hydro,2026-06-02,52599,53906,53296,52334,1425,41698,42446,42686,42507,51598,50651,52331,84809,105237,152507,202565,206051,206513,205994,159225,154576,154838,156882,154490,154410,154309,159026,158363,155752,154042,154574,154642,160023,156304,209000,215334,216567,215784,216072,213934,156183,154572,157402,156289,106465,103847,103060,53474,,
CYD,CYD2201,CTCT,clyde,Hydro,Hydro,2026-06-03,51545,51508,51612,51480,51575,51535,51484,51494,51840,51393,51625,51465,51471,97365,146831,201946,205219,206746,205969,156270,161960,161983,162236,161989,162231,161827,162281,162022,162018,161993,162242,161980,162096,161578,162435,172186,172053,173089,168289,164748,170234,162106,174245,173939,155967,105202,103159,103040,,
CYD,CYD2201,CTCT,clyde,Hydro,Hydro,2026-06-04,103013,102863,52565,51485,51507,51599,51513,51475,51471,51564,51611,98278,106437,153967,163800,168448,167273,154726,154538,154730,154512,154716,154132,155069,157896,159443,159451,159652,159804,160083,159218,171715,170544,171931,203952,213724,206347,206244,206155,203673,203723,186954,206063,160280,154772,106039,103123,102961,,
CYD,CYD2201,CTCT,clyde,Hydro,Hydro,2026-06-05,103243,100834,52351,49028,43720,41096,46346,46383,46278,48823,51057,93002,100002,138361,193591,206415,205936,207099,163898,161751,161486,154832,154453,154458,154140,154744,154573,154449,156018,161808,161999,162027,162183,162307,207077,216218,207890,212729,215714,207598,156183,152878,159226,161928,160460,154953,155070,104513,,
CYD,CYD2201,CTCT,clyde,Hydro,Hydro,2026-06-06,107080,107102,104689,56152,56289,56235,56054,56001,56118,53013,53119,94469,105760,102933,139088,139724,151796,154366,156431,155094,156858,154464,154802,154326,154790,154608,155047,155455,154422,154634,154457,154839,201381,205632,207620,212136,210614,206035,207644,208202,206249,205867,207791,206828,206921,156755,154713,104983,,
CYD,CYD2201,CTCT,clyde,Hydro,Hydro,2026-06-07,102997,103223,103023,57798,56507,56552,56525,56530,56517,56502,56671,59742,112620,103893,141220,154643,158253,162098,163330,163565,158448,157421,164166,164489,164682,164417,164621,159039,159407,159732,159670,158279,209954,214069,216020,215906,211702,209389,208735,212884,215616,211022,212853,209023,159653,154693,106482,98398,,
CYD,CYD2201,CTCT,clyde,Hydro,Hydro,2026-06-08,94249,97784,102400,52417,51507,51583,51519,51549,51492,51406,51612,90253,145210,154859,163453,162720,159685,153645,154783,139406,140198,138369,139134,138924,139483,138404,139152,140390,142577,146226,148056,161595,159689,162679,208987,215954,215711,216456,216085,215244,216888,212355,213787,209884,210306,160594,156197,109289,,
CYD,CYD2201,CTCT,clyde,Hydro,Hydro,2026-06-09,106517,107453,107495,53210,51685,51550,51482,51504,51591,51484,51605,51427,95629,103735,148231,154462,154455,158964,159849,160071,143131,144107,140526,140160,139481,142932,142168,138839,138550,138768,139239,138720,141802,142651,159724,209627,216139,214679,215800,213267,211323,163283,154566,156640,152667,151843,108370,106180,,
CYD,CYD2201,CTCT,clyde,Hydro,Hydro,2026-06-10,103189,102989,103001,102894,103386,102870,103019,103118,102915,102981,103136,155296,194577,209372,209646,204349,207317,202781,202854,202957,202410,202409,202337,153035,150898,101297,99569,100704,103119,102896,148534,160646,159894,193580,207884,210393,213635,208338,211113,211126,211387,210983,216537,216101,216599,163521,162031,109320,,
CYD,CYD2201,CTCT,clyde,Hydro,Hydro,2026-06-11,55271,54002,54053,53939,54062,54123,54059,53977,103178,108091,108293,152922,162292,181560,221556,219168,227858,222853,228363,222146,163049,162049,159595,155739,154163,154603,154545,154726,154406,154466,156913,157295,159589,206009,209714,230804,232022,232084,231672,231717,210856,200874,231000,231351,159908,106978,103307,102805,,
CYD,CYD2201,CTCT,clyde,Hydro,Hydro,2026-06-12,53900,51435,51500,51250,51377,51514,51482,51923,51853,51854,94569,97002,103417,146288,199165,206368,231972,205796,157103,154722,154688,152594,149795,155722,164742,163370,157056,160490,154627,162163,164443,164726,205742,228900,217317,227111,227096,227058,216453,215955,211910,206355,214446,216759,162536,155694,110011,107273,,
CYD,CYD2201,CTCT,clyde,Hydro,Hydro,2026-06-13,56256,54097,53966,53968,54097,54022,53266,54000,53177,53475,54077,52756,99645,104769,105924,150404,161324,199460,206345,205968,206256,156124,154412,154809,154427,154552,139188,139097,139266,139248,154345,154493,155815,157152,202489,214382,211782,216071,216036,163043,162156,161883,162056,158301,155663,148721,104066,90024,,
CYD,CYD2201,CTCT,clyde,Hydro,Hydro,2026-06-14,43646,41580,42851,43749,51414,51521,51573,51494,51503,50588,51617,51377,51683,53540,95587,102515,147672,154638,154676,154410,154160,145858,104088,95804,93263,92929,93045,92809,92947,96956,102992,103829,103311,144544,155878,207586,203491,203301,154483,151463,151307,152485,156529,155780,105373,97656,92418,95925,,
CYD,CYD2201,CTCT,clyde,Hydro,Hydro,2026-06-15,89366,51850,49303,47266,46570,46210,40097,39978,40035,42141,48847,51679,100196,148528,201500,205895,206548,157677,154611,154402,154380,154893,154286,154670,154535,154659,154351,154326,154735,154631,157967,159578,160273,159849,209237,215698,216140,206287,202531,200073,199950,200068,152156,148679,148487,154317,104849,102842,,
CYD,CYD2201,CTCT,clyde,Hydro,Hydro,2026-06-16,103221,103104,102911,102941,103251,102991,103119,102994,103102,102950,102316,145754,201339,207018,206001,205923,206131,206575,157565,156320,161719,154788,154182,154583,154345,155145,154019,154591,154732,154525,154784,154225,154582,198449,206576,205664,206190,205930,206114,206192,205992,206006,156541,154610,105044,102969,102978,103015,,
CYD,CYD2201,CTCT,clyde,Hydro,Hydro,2026-06-17,103502,106136,107928,55899,54069,49711,45650,46438,46529,48313,96676,144815,193780,206424,205863,205433,206025,206866,154914,154796,153414,152940,155262,155650,154693,155201,153676,154189,155018,154580,155086,154475,199096,205625,206066,205497,210956,216342,215891,215943,216033,215979,216125,165599,154706,105855,102681,103228,,
CYD,CYD2201,CTCT,clyde,Hydro,Hydro,2026-06-18,103000,103158,102977,53580,51522,51567,51535,51475,51619,51509,94425,146970,155592,198034,205974,206384,206170,206092,206150,206260,155909,154480,154937,154112,144773,144600,152896,154822,150594,152996,154976,153569,154710,191757,195260,208341,209720,210506,210357,212793,215630,206530,216366,212599,208976,160026,154461,106355,,
CYD,CYD2201,CTCT,clyde,Hydro,Hydro,2026-06-19,103104,103244,102212,103011,103342,103033,103103,102858,102988,103600,106803,152304,212323,213218,211189,211526,210916,214816,214909,211148,205754,156984,154475,153667,150077,150176,178019,181306,177158,183042,182056,181268,183937,201177,215259,218371,212212,211873,201571,201218,217204,216153,223121,212370,204246,153616,151446,107816,,
CYD,CYD2201,CTCT,clyde,Hydro,Hydro,2026-06-20,100147,103093,102806,103484,47697,43557,43543,43555,44570,46448,46603,88618,103144,147038,154624,154717,185937,185852,201839,205023,206298,199692,201253,158460,154375,110277,107703,108460,107781,143128,147982,193706,203318,211032,221675,231581,231071,216148,216135,224165,225973,226010,226187,226081,226400,175724,162690,88798,,
CYD,CYD2201,CTCT,clyde,Hydro,Hydro,2026-06-21,81634,103055,102945,103020,102970,92561,87206,86466,92408,99163,103673,103040,144301,154394,143910,183736,187424,198863,223030,224175,226136,225966,225784,226096,218451,220771,217211,215988,215732,216099,216179,214786,219637,216812,211558,206418,206254,206150,207641,207280,219221,214150,215263,209151,209006,206092,205635,201922,,
CYD,CYD2201,CTCT,clyde,Hydro,Hydro,2026-06-22,190342,193210,189974,140265,139208,139031,139061,138959,139167,153004,207568,213104,223263,218278,216260,216121,215965,216457,229347,228135,217539,214544,218742,207427,205640,214558,210123,206099,201630,207995,210337,216212,214464,217657,212659,216475,209300,207810,207846,215725,216077,216142,216358,216106,216155,215861,216063,215959,,
CYD,CYD2201,CTCT,clyde,Hydro,Hydro,2026-06-23,216919,212179,206090,212235,198816,156630,109144,108000,109822,107742,106494,150503,155594,162077,162031,173684,173567,211433,215334,215737,216303,216154,216324,213981,215957,216116,215772,216626,215931,215966,216307,215696,216274,216080,216383,216433,215934,216046,216184,216020,216185,215855,215360,212888,214712,212716,215725,164041,,
CYD,CYD2201,CTCT,clyde,Hydro,Hydro,2026-06-24,162023,162086,162016,158286,157440,157661,104090,102998,103154,147574,154578,200972,206474,206262,206210,216029,215380,216053,216004,163981,162078,162336,161208,162175,162093,162133,162699,162088,161859,162437,162198,161564,161634,208214,215908,215609,216578,215777,216220,216128,215991,214904,212515,210529,211030,212598,211572,206445,,
CYD,CYD2201,CTCT,clyde,Hydro,Hydro,2026-06-25,209134,157404,154542,154345,154579,104701,103082,102993,103066,151722,154447,203353,211293,212710,212040,211167,212035,212030,215581,165259,162001,162525,161911,172002,173089,164294,162012,161882,162303,167886,164708,173152,173964,228663,231807,231854,231712,232253,231700,227189,220810,218662,231643,225731,216648,213558,174400,169739,,
CYD,CYD2201,CTCT,clyde,Hydro,Hydro,2026-06-26,164023,162903,109455,103040,103145,103006,103057,103117,103054,102910,105656,104805,161486,173516,230386,231925,216371,216456,214157,163179,173932,174117,173905,174082,173922,173996,170774,163891,155682,154837,162080,165804,167412,208412,216135,225946,225701,226242,216264,216290,205995,204589,231011,221636,206132,194306,185975,140536,,
CYD,CYD2201,CTCT,clyde,Hydro,Hydro,2026-06-27,139784,94832,98517,99407,102962,103028,102927,103205,103077,103010,103111,135057,138774,141137,139230,138859,154598,201365,206166,205893,206392,163682,154408,154724,154522,154653,154437,154651,154602,154496,154738,154773,154092,206965,210516,215706,211590,206177,208846,206054,206292,205942,209562,206601,159603,154663,154018,154674,,
CYD,CYD2201,CTCT,clyde,Hydro,Hydro,2026-06-28,154567,154511,104453,103098,102804,102817,102673,101533,91310,94479,92998,99991,132830,151786,154389,154553,202618,205917,206200,206132,206127,156494,154520,154655,153477,102284,100606,92710,92900,95122,125937,142764,154274,201511,205473,205008,205508,206002,206132,206156,206088,206133,207245,205834,156303,154776,154564,154382,,
CYD,CYD2201,CTCT,clyde,Hydro,Hydro,2026-06-29,147440,103716,103048,92408,92825,92621,92547,92550,102838,103081,104661,102757,145281,155150,198793,209860,226016,216128,206164,170933,162037,157124,158022,158219,170518,170975,154302,154888,154840,154382,154772,154043,169249,205241,206511,215056,216614,216042,205862,205301,205065,204567,224170,222854,205097,159461,150811,150876,,
CYD,CYD2201,CTCT,clyde,Hydro,Hydro,2026-06-30,152028,149939,101072,100013,100028,100076,100018,99930,98567,100145,145330,153156,154408,203251,207375,229261,231498,230508,211474,162646,153784,153661,152027,151127,151058,157636,144329,158309,153255,150820,154021,154690,151460,192695,204439,214253,209971,208081,206268,206020,206044,206059,231707,232140,209526,158300,160868,158214,,
DVK,DVK0111,DSFL,dannevirke_solar_farm,SOL,PV,2026-06-01,0,0,0,0,0,0,0,0,0,0,0,0,0,0,0,0,0,0,0,0,0,0,0,0,0,0,0,0,0,0,0,0,0,0,0,0,0,0,0,0,0,0,0,0,0,0,0,0,,
DVK,DVK0111,DSFL,dannevirke_solar_farm,SOL,PV,2026-06-02,0,0,0,0,0,0,0,0,0,0,0,0,0,0,0,0,0,0,0,0,0,0,0,0,0,0,0,0,0,0,0,0,0,0,0,0,0,0,0,0,0,0,0,0,0,0,0,0,,
DVK,DVK0111,DSFL,dannevirke_solar_farm,SOL,PV,2026-06-03,0,0,0,0,0,0,0,0,0,0,0,0,0,0,0,0,0,0,0,0,0,0,0,0,0,0,0,0,0,0,0,0,0,0,0,0,0,0,0,0,0,0,0,0,0,0,0,0,,
DVK,DVK0111,DSFL,dannevirke_solar_farm,SOL,PV,2026-06-04,0,0,0,0,0,0,0,0,0,0,0,0,0,0,0,0,0,0,0,0,0,0,0,0,0,0,0,0,0,0,0,0,0,0,0,0,0,0,0,0,0,0,0,0,0,0,0,0,,
DVK,DVK0111,DSFL,dannevirke_solar_farm,SOL,PV,2026-06-05,0,0,0,0,0,0,0,0,0,0,0,0,0,0,0,0,0,0,0,0,0,0,0,0,0,0,0,0,0,0,0,0,0,0,0,0,0,0,0,0,0,0,0,0,0,0,0,0,,
DVK,DVK0111,DSFL,dannevirke_solar_farm,SOL,PV,2026-06-06,0,0,0,0,0,0,0,0,0,0,0,0,0,0,0,0,0,0,0,0,0,0,0,0,0,0,0,0,0,0,0,0,0,0,0,0,0,0,0,0,0,0,0,0,0,0,0,0,,
DVK,DVK0111,DSFL,dannevirke_solar_farm,SOL,PV,2026-06-07,0,0,0,0,0,0,0,0,0,0,0,0,0,0,0,0,0,0,0,0,0,0,0,0,0,0,0,0,0,0,0,0,0,0,0,0,0,0,0,0,0,0,0,0,0,0,0,0,,
DVK,DVK0111,DSFL,dannevirke_solar_farm,SOL,PV,2026-06-08,0,0,0,0,0,0,0,0,0,0,0,0,0,0,0,0,0,0,0,0,0,0,0,0,0,0,0,0,0,0,0,0,0,0,0,0,0,0,0,0,0,0,0,0,0,0,0,0,,
DVK,DVK0111,DSFL,dannevirke_solar_farm,SOL,PV,2026-06-09,0,0,0,0,0,0,0,0,0,0,0,0,0,0,0,0,0,0,0,0,0,0,0,0,0,0,0,0,0,0,0,0,0,0,0,0,0,0,0,0,0,0,0,0,0,0,0,0,,
DVK,DVK0111,DSFL,dannevirke_solar_farm,SOL,PV,2026-06-10,0,0,0,0,0,0,0,0,0,0,0,0,0,0,0,0,0,0,0,0,0,0,0,0,0,0,0,0,0,0,0,0,0,0,0,0,0,0,0,0,0,0,0,0,0,0,0,0,,
DVK,DVK0111,DSFL,dannevirke_solar_farm,SOL,PV,2026-06-11,0,0,0,0,0,0,0,0,0,0,0,0,0,0,0,0,0,0,0,0,0,0,0,0,0,0,0,0,0,0,0,0,0,0,0,0,0,0,0,0,0,0,0,0,0,0,0,0,,
DVK,DVK0111,DSFL,dannevirke_solar_farm,SOL,PV,2026-06-12,0,0,0,0,0,0,0,0,0,0,0,0,0,0,0,0,0,0,0,0,0,55,145,760,890,832,802,326,0,0,0,0,0,0,0,0,0,0,0,0,0,0,0,0,0,0,0,0,,
DVK,DVK0111,DSFL,dannevirke_solar_farm,SOL,PV,2026-06-13,0,0,0,0,0,0,0,0,0,0,0,0,0,0,0,0,0,0,0,0,0,0,0,0,0,0,0,0,0,0,0,0,0,0,0,0,0,0,0,0,0,0,0,0,0,0,0,0,,
DVK,DVK0111,DSFL,dannevirke_solar_farm,SOL,PV,2026-06-14,0,0,0,0,0,0,0,0,0,0,0,0,0,0,0,0,0,0,0,0,0,0,0,0,0,0,0,0,0,0,0,0,0,0,0,0,0,0,0,0,0,0,0,0,0,0,0,0,,
DVK,DVK0111,DSFL,dannevirke_solar_farm,SOL,PV,2026-06-15,0,0,0,0,0,0,0,0,0,0,0,0,0,0,0,0,0,0,0,0,0,0,0,0,0,0,293,783,878,586,217,52,30,0,0,0,0,0,0,0,0,0,0,0,0,0,0,0,,
DVK,DVK0111,DSFL,dannevirke_solar_farm,SOL,PV,2026-06-16,0,0,0,0,0,0,0,0,0,0,0,0,0,0,0,0,0,0,0,0,37,69,99,0,0,161,211,267,275,286,150,206,22,0,0,0,0,0,0,0,0,0,0,0,0,0,0,0,,
DVK,DVK0111,DSFL,dannevirke_solar_farm,SOL,PV,2026-06-17,0,0,0,0,0,0,0,0,0,0,0,0,0,0,0,0,31,75,133,187,0,0,0,0,0,0,0,0,0,0,0,0,0,0,0,0,0,0,0,0,0,0,0,0,0,0,0,0,,
DVK,DVK0111,DSFL,dannevirke_solar_farm,SOL,PV,2026-06-18,0,0,0,0,0,0,0,0,0,0,0,0,0,0,0,0,0,0,0,89,312,322,344,315,383,664,553,523,420,438,388,163,26,0,0,0,0,0,0,0,0,0,0,0,0,0,0,0,,
DVK,DVK0111,DSFL,dannevirke_solar_farm,SOL,PV,2026-06-19,0,0,0,0,0,0,0,0,0,0,0,0,0,0,0,0,53,379,494,1048,1027,966,1547,2561,1761,1051,53,0,1947,1990,1990,1846,635,32,0,0,0,0,0,0,0,0,0,0,0,0,0,0,,
DVK,DVK0111,DSFL,dannevirke_solar_farm,SOL,PV,2026-06-20,0,0,0,0,0,0,0,0,0,0,0,0,0,0,0,0,44,92,57,153,331,398,1473,1990,1990,1969,1974,1526,1022,570,963,474,243,6,0,0,0,0,0,0,0,0,0,0,0,0,0,0,,
DVK,DVK0111,DSFL,dannevirke_solar_farm,SOL,PV,2026-06-21,0,0,0,0,0,0,0,0,0,0,0,0,0,0,0,0,46,381,823,637,640,1007,1420,1627,1521,1700,1752,1784,1171,1564,991,762,464,114,0,0,0,0,0,0,0,0,0,0,0,0,0,0,,
DVK,DVK0111,DSFL,dannevirke_solar_farm,SOL,PV,2026-06-22,0,0,0,0,0,0,0,0,0,0,0,0,0,0,0,0,173,555,465,1317,1742,1914,1989,1855,1732,1725,1618,1292,1396,942,165,0,74,3,0,0,0,0,0,0,0,0,0,0,0,0,0,0,,
DVK,DVK0111,DSFL,dannevirke_solar_farm,SOL,PV,2026-06-23,0,0,0,0,0,0,0,0,0,0,0,0,0,0,0,25,486,1010,1264,1531,1809,1966,1978,1670,1739,1510,1854,1733,1419,1004,962,797,395,65,0,0,0,0,0,0,0,0,0,0,0,0,0,0,,
DVK,DVK0111,DSFL,dannevirke_solar_farm,SOL,PV,2026-06-24,0,0,0,0,0,0,0,0,0,0,0,0,0,0,0,0,286,706,1221,497,5,80,754,1387,1591,1341,1320,1175,339,197,147,73,0,0,0,0,0,0,0,0,0,0,0,0,0,0,0,0,,
DVK,DVK0111,DSFL,dannevirke_solar_farm,SOL,PV,2026-06-25,0,0,0,0,0,0,0,0,0,0,0,0,0,0,0,15,108,133,158,204,266,491,645,833,962,796,649,564,327,252,439,136,30,0,0,0,0,0,0,0,0,0,0,0,0,0,0,0,,
DVK,DVK0111,DSFL,dannevirke_solar_farm,SOL,PV,2026-06-26,0,0,0,0,0,0,0,0,0,0,0,0,0,0,0,0,2,45,135,228,212,255,364,448,652,464,109,0,0,0,0,5,28,19,0,0,0,0,0,0,0,0,0,0,0,0,0,0,,
DVK,DVK0111,DSFL,dannevirke_solar_farm,SOL,PV,2026-06-27,0,0,0,0,0,0,0,0,0,0,0,0,0,0,0,0,263,559,500,515,701,1001,1197,1557,1916,1492,1269,595,629,293,220,129,52,0,0,0,0,0,0,0,0,0,0,0,0,0,0,0,,
DVK,DVK0111,DSFL,dannevirke_solar_farm,SOL,PV,2026-06-28,0,0,0,0,0,0,0,0,0,0,0,0,0,0,0,0,117,416,503,683,1008,767,978,1371,1585,1237,1311,1049,622,572,393,261,91,0,0,0,0,0,0,0,0,0,0,0,0,0,0,0,,
DVK,DVK0111,DSFL,dannevirke_solar_farm,SOL,PV,2026-06-29,0,0,0,0,0,0,0,0,0,0,0,0,0,0,0,0,140,242,481,907,1045,953,1563,1189,1352,1337,2317,805,841,475,664,156,126,6,0,0,0,0,0,0,0,0,0,0,0,0,0,0,,
DVK,DVK0111,DSFL,dannevirke_solar_farm,SOL,PV,2026-06-30,0,0,0,0,0,0,0,0,0,0,0,0,0,0,0,0,192,502,1395,2053,2555,1449,2038,2689,2977,3750,1789,1320,1795,1510,2051,518,219,46,0,0,0,0,0,0,0,0,0,0,0,0,0,0,,
DVK,DVK0111,SCAN,dannevirke_solar_farm,SOL,PV,2026-06-01,0,0,0,0,0,0,0,0,0,0,0,0,0,0,0,0,0,0,0,0,0,0,0,0,0,0,0,0,0,0,0,0,0,0,0,0,0,0,0,0,0,0,0,0,0,0,0,0,,
DVK,DVK0111,SCAN,dannevirke_solar_farm,SOL,PV,2026-06-02,0,0,0,0,0,0,0,0,0,0,0,0,0,0,0,0,0,0,0,0,0,0,0,0,0,0,0,0,0,0,0,0,0,0,0,0,0,0,0,0,0,0,0,0,0,0,0,0,,
DVK,DVK0111,SCAN,dannevirke_solar_farm,SOL,PV,2026-06-03,0,0,0,0,0,0,0,0,0,0,0,0,0,0,0,0,0,0,0,0,0,0,0,0,0,0,0,0,0,0,0,0,0,0,0,0,0,0,0,0,0,0,0,0,0,0,0,0,,
DVK,DVK0111,SCAN,dannevirke_solar_farm,SOL,PV,2026-06-04,0,0,0,0,0,0,0,0,0,0,0,0,0,0,0,0,0,0,0,0,0,0,0,0,0,0,0,0,0,0,0,0,0,0,0,0,0,0,0,0,0,0,0,0,0,0,0,0,,
DVK,DVK0111,SCAN,dannevirke_solar_farm,SOL,PV,2026-06-05,0,0,0,0,0,0,0,0,0,0,0,0,0,0,0,0,0,0,0,0,0,0,0,0,0,0,0,0,0,0,0,0,0,0,0,0,0,0,0,0,0,0,0,0,0,0,0,0,,
DVK,DVK0111,SCAN,dannevirke_solar_farm,SOL,PV,2026-06-06,0,0,0,0,0,0,0,0,0,0,0,0,0,0,0,0,0,0,0,0,0,0,0,0,0,0,0,0,0,0,0,0,0,0,0,0,0,0,0,0,0,0,0,0,0,0,0,0,,
DVK,DVK0111,SCAN,dannevirke_solar_farm,SOL,PV,2026-06-07,0,0,0,0,0,0,0,0,0,0,0,0,0,0,0,0,0,0,0,0,0,0,0,0,0,0,0,0,0,0,0,0,0,0,0,0,0,0,0,0,0,0,0,0,0,0,0,0,,
DVK,DVK0111,SCAN,dannevirke_solar_farm,SOL,PV,2026-06-08,0,0,0,0,0,0,0,0,0,0,0,0,0,0,0,0,0,0,0,0,0,0,0,0,0,0,0,0,0,0,0,0,0,0,0,0,0,0,0,0,0,0,0,0,0,0,0,0,,
DVK,DVK0111,SCAN,dannevirke_solar_farm,SOL,PV,2026-06-09,0,0,0,0,0,0,0,0,0,0,0,0,0,0,0,0,0,0,0,0,0,0,0,0,0,0,0,0,0,0,0,0,0,0,0,0,0,0,0,0,0,0,0,0,0,0,0,0,,
DVK,DVK0111,SCAN,dannevirke_solar_farm,SOL,PV,2026-06-10,0,0,0,0,0,0,0,0,0,0,0,0,0,0,0,0,0,0,0,0,0,0,0,0,0,0,0,0,0,0,0,0,0,0,0,0,0,0,0,0,0,0,0,0,0,0,0,0,,
DVK,DVK0111,SCAN,dannevirke_solar_farm,SOL,PV,2026-06-11,0,0,0,0,0,0,0,0,0,0,0,0,0,0,0,0,0,0,0,0,0,0,0,0,0,0,0,0,0,0,0,0,0,0,0,0,0,0,0,0,0,0,0,0,0,0,0,0,,
DVK,DVK0111,SCAN,dannevirke_solar_farm,SOL,PV,2026-06-12,0,0,0,0,0,0,0,0,0,0,0,0,0,0,0,0,0,0,0,0,0,0,0,0,0,0,0,0,0,0,0,0,0,0,0,0,0,0,0,0,0,0,0,0,0,0,0,0,,
DVK,DVK0111,SCAN,dannevirke_solar_farm,SOL,PV,2026-06-13,0,0,0,0,0,0,0,0,0,0,0,0,0,0,0,0,0,0,0,0,0,0,0,0,0,0,0,0,0,0,0,0,0,0,0,0,0,0,0,0,0,0,0,0,0,0,0,0,,
DVK,DVK0111,SCAN,dannevirke_solar_farm,SOL,PV,2026-06-14,0,0,0,0,0,0,0,0,0,0,0,0,0,0,0,0,0,0,0,0,0,0,0,0,0,0,0,0,0,0,0,0,0,0,0,0,0,0,0,0,0,0,0,0,0,0,0,0,,
DVK,DVK0111,SCAN,dannevirke_solar_farm,SOL,PV,2026-06-15,0,0,0,0,0,0,0,0,0,0,0,0,0,0,0,0,0,0,0,0,0,0,0,0,0,0,0,0,0,0,0,0,0,0,0,0,0,0,0,0,0,0,0,0,0,0,0,0,,
DVK,DVK0111,SCAN,dannevirke_solar_farm,SOL,PV,2026-06-16,0,0,0,0,0,0,0,0,0,0,0,0,0,0,0,0,0,0,0,0,0,0,0,0,0,0,0,0,0,0,0,0,0,0,0,0,0,0,0,0,0,0,0,0,0,0,0,0,,
DVK,DVK0111,SCAN,dannevirke_solar_farm,SOL,PV,2026-06-17,0,0,0,0,0,0,0,0,0,0,0,0,0,0,0,0,0,0,0,0,0,0,0,0,0,0,0,0,0,0,0,0,0,0,0,0,0,0,0,0,0,0,0,0,0,0,0,0,,
DVK,DVK0111,SCAN,dannevirke_solar_farm,SOL,PV,2026-06-18,0,0,0,0,0,0,0,0,0,0,0,0,0,0,0,0,0,0,0,0,0,0,0,0,0,0,0,0,0,0,0,0,0,0,0,0,0,0,0,0,0,0,0,0,0,0,0,0,,
DVK,DVK0111,SCAN,dannevirke_solar_farm,SOL,PV,2026-06-19,0,0,0,0,0,0,0,0,0,0,0,0,0,0,0,0,0,0,0,0,0,0,0,0,0,0,0,0,0,0,0,0,0,0,0,0,0,0,0,0,0,0,0,0,0,0,0,0,,
DVK,DVK0111,SCAN,dannevirke_solar_farm,SOL,PV,2026-06-20,0,0,0,0,0,0,0,0,0,0,0,0,0,0,0,0,0,0,0,0,0,0,0,0,0,0,0,0,0,0,0,0,0,0,0,0,0,0,0,0,0,0,0,0,0,0,0,0,,
DVK,DVK0111,SCAN,dannevirke_solar_farm,SOL,PV,2026-06-21,0,0,0,0,0,0,0,0,0,0,0,0,0,0,0,0,0,0,0,0,0,0,0,0,0,0,0,0,0,0,0,0,0,0,0,0,0,0,0,0,0,0,0,0,0,0,0,0,,
DVK,DVK0111,SCAN,dannevirke_solar_farm,SOL,PV,2026-06-22,0,0,0,0,0,0,0,0,0,0,0,0,0,0,0,0,0,0,0,0,0,0,0,0,0,0,0,0,0,0,0,0,0,0,0,0,0,0,0,0,0,0,0,0,0,0,0,0,,
DVK,DVK0111,SCAN,dannevirke_solar_farm,SOL,PV,2026-06-23,0,0,0,0,0,0,0,0,0,0,0,0,0,0,0,0,0,0,0,0,0,0,0,0,0,0,0,0,0,0,0,0,0,0,0,0,0,0,0,0,0,0,0,0,0,0,0,0,,
DVK,DVK0111,SCAN,dannevirke_solar_farm,SOL,PV,2026-06-24,0,0,0,0,0,0,0,0,0,0,0,0,0,0,0,0,0,0,0,0,0,0,0,0,0,0,0,0,0,0,0,0,0,0,0,0,0,0,0,0,0,0,0,0,0,0,0,0,,
DVK,DVK0111,SCAN,dannevirke_solar_farm,SOL,PV,2026-06-25,0,0,0,0,0,0,0,0,0,0,0,0,0,0,0,0,0,0,0,0,0,0,0,0,0,0,0,0,0,0,0,0,0,0,0,0,0,0,0,0,0,0,0,0,0,0,0,0,,
DVK,DVK0111,SCAN,dannevirke_solar_farm,SOL,PV,2026-06-26,0,0,0,0,0,0,0,0,0,0,0,0,0,0,0,0,0,0,0,0,0,0,0,0,0,0,0,0,0,0,0,0,0,0,0,0,0,0,0,0,0,0,0,0,0,0,0,0,,
DVK,DVK0111,SCAN,dannevirke_solar_farm,SOL,PV,2026-06-27,0,0,0,0,0,0,0,0,0,0,0,0,0,0,0,0,0,0,0,0,0,0,0,0,0,0,0,0,0,0,0,0,0,0,0,0,0,0,0,0,0,0,0,0,0,0,0,0,,
DVK,DVK0111,SCAN,dannevirke_solar_farm,SOL,PV,2026-06-28,0,0,0,0,0,0,0,0,0,0,0,0,0,0,0,0,0,0,0,0,0,0,0,0,0,0,0,0,0,0,0,0,0,0,0,0,0,0,0,0,0,0,0,0,0,0,0,0,,
DVK,DVK0111,SCAN,dannevirke_solar_farm,SOL,PV,2026-06-29,0,0,0,0,0,0,0,0,0,0,0,0,0,0,0,0,0,0,0,0,0,0,0,0,0,0,0,0,0,0,0,0,0,0,0,0,0,0,0,0,0,0,0,0,0,0,0,0,,
DVK,DVK0111,SCAN,dannevirke_solar_farm,SOL,PV,2026-06-30,0,0,0,0,0,0,0,0,0,0,0,0,0,0,0,0,0,0,0,0,0,0,0,0,0,0,0,0,0,0,0,0,0,0,0,0,0,0,0,0,0,0,0,0,0,0,0,0,,
EDG,EDG0331,HEDL,Rangitaiki,Solar,Solar,2026-06-01,0,0,0,0,0,0,0,0,0,0,0,0,0,0,0,176,973,1074,1602,1279,3030,2918,2518,2429,2188,2823,2960,2571,1471,844,634,566,299,44,0,0,0,0,0,0,0,0,0,0,0,0,0,0,,
EDG,EDG0331,HEDL,Rangitaiki,Solar,Solar,2026-06-02,0,0,0,0,0,0,0,0,0,0,0,0,0,0,0,0,1,27,120,412,606,737,701,677,1089,983,963,1729,1337,1205,1110,858,790,670,112,0,0,0,0,0,0,0,0,0,0,0,0,0,,
EDG,EDG0331,HEDL,Rangitaiki,Solar,Solar,2026-06-03,0,0,0,0,0,0,0,0,0,0,0,0,0,0,65,465,260,467,695,991,808,1606,2799,3350,3184,3427,4562,5967,6330,3142,4846,3004,1758,516,15,0,0,0,0,0,0,0,0,0,0,0,0,0,,
EDG,EDG0331,HEDL,Rangitaiki,Solar,Solar,2026-06-04,0,0,0,0,0,0,0,0,0,0,0,0,0,0,14,187,763,3527,6785,7983,7751,6610,6013,5500,5312,5327,3531,3038,2193,2150,920,708,491,121,0,0,0,0,0,0,0,0,0,0,0,0,0,0,,
EDG,EDG0331,HEDL,Rangitaiki,Solar,Solar,2026-06-05,0,0,0,0,0,0,0,0,0,0,0,0,0,0,36,280,468,943,1416,2291,2736,3916,2243,1475,3286,1286,3232,1218,490,1272,939,171,116,0,0,0,0,0,0,0,0,0,0,0,0,0,0,0,,
EDG,EDG0331,HEDL,Rangitaiki,Solar,Solar,2026-06-06,0,0,0,0,0,0,0,0,0,0,0,0,0,0,0,323,1284,3471,6349,7632,8555,8405,10006,4245,3123,4431,3009,740,1097,1793,1361,482,453,359,12,0,0,0,0,0,0,0,0,0,0,0,0,0,,
EDG,EDG0331,HEDL,Rangitaiki,Solar,Solar,2026-06-07,0,0,0,0,0,0,0,0,0,0,0,0,0,0,3,381,2005,4413,6719,8154,8088,7671,7333,7104,7031,6677,7629,7807,8071,7968,6298,3900,1541,218,0,0,0,0,0,0,0,0,0,0,0,0,0,0,,
EDG,EDG0331,HEDL,Rangitaiki,Solar,Solar,2026-06-08,0,0,0,0,0,0,0,0,0,0,0,0,0,0,4,399,2078,4197,5848,7900,6839,5102,6813,5843,5600,5810,5482,7517,8280,4614,1255,1695,1631,466,72,0,0,0,0,0,0,0,0,0,0,0,0,0,,
EDG,EDG0331,HEDL,Rangitaiki,Solar,Solar,2026-06-09,0,0,0,0,0,0,0,0,0,0,0,0,0,0,2,401,1888,4151,6498,8058,8099,7756,7439,7250,7163,7350,7468,7825,7873,5955,5452,3630,1471,240,1,0,0,0,0,0,0,0,0,0,0,0,0,0,,
EDG,EDG0331,HEDL,Rangitaiki,Solar,Solar,2026-06-10,0,0,0,0,0,0,0,0,0,0,0,0,0,0,2,352,1837,4059,6278,7742,7845,7603,7315,7151,7029,7130,7403,7747,7978,7864,6110,3606,1499,213,0,0,0,0,0,0,0,0,0,0,0,0,0,0,,
EDG,EDG0331,HEDL,Rangitaiki,Solar,Solar,2026-06-11,0,0,0,0,0,0,0,0,0,0,0,0,0,0,1,194,976,3595,4667,7682,7966,7757,7406,7111,6939,7045,7310,7544,7774,7655,6000,3741,1475,245,1,0,0,0,0,0,0,0,0,0,0,0,0,0,,
EDG,EDG0331,HEDL,Rangitaiki,Solar,Solar,2026-06-12,0,0,0,0,0,0,0,0,0,0,0,0,0,0,1,229,781,1852,4979,5944,8063,7690,7317,7051,6934,7032,6737,7177,7049,7423,5817,3643,1427,212,0,0,0,0,0,0,0,0,0,0,0,0,0,0,,
EDG,EDG0331,HEDL,Rangitaiki,Solar,Solar,2026-06-13,0,0,0,0,0,0,0,0,0,0,0,0,0,0,4,346,1864,4196,6530,8054,7956,7606,7222,6953,6829,6917,7111,7376,7588,7429,5855,3629,1413,201,0,0,0,0,0,0,0,0,0,0,0,0,0,0,,
EDG,EDG0331,HEDL,Rangitaiki,Solar,Solar,2026-06-14,0,0,0,0,0,0,0,0,0,0,0,0,0,0,1,300,1749,4049,6325,7871,7780,7412,7047,6806,6607,4389,3101,3278,3444,3200,2305,1205,820,107,0,0,0,0,0,0,0,0,0,0,0,0,0,0,,
EDG,EDG0331,HEDL,Rangitaiki,Solar,Solar,2026-06-15,0,0,0,0,0,0,0,0,0,0,0,0,0,0,0,292,1082,1938,5310,2757,7899,6700,3261,4202,4814,2921,3257,2300,5940,3095,1269,1484,1464,138,0,0,0,0,0,0,0,0,0,0,0,0,0,0,,
EDG,EDG0331,HEDL,Rangitaiki,Solar,Solar,2026-06-16,0,0,0,0,0,0,0,0,0,0,0,0,0,0,0,310,1503,3593,1808,1549,1240,870,3114,4264,4968,3777,958,450,735,679,1185,1760,2093,252,0,0,0,0,0,0,0,0,0,0,0,0,0,0,,
EDG,EDG0331,HEDL,Rangitaiki,Solar,Solar,2026-06-17,0,0,0,0,0,0,0,0,0,0,0,0,0,0,45,599,1709,2243,1155,3156,4297,6264,6484,3536,2795,3730,3689,3775,6644,6800,5820,3597,1389,218,0,0,0,0,0,0,0,0,0,0,0,0,0,0,,
EDG,EDG0331,HEDL,Rangitaiki,Solar,Solar,2026-06-18,0,0,0,0,0,0,0,0,0,0,0,0,0,0,0,182,752,1030,4358,3265,4722,7610,7086,5961,5281,5061,6485,6190,6045,5343,5275,3637,599,139,0,0,0,0,0,0,0,0,0,0,0,0,0,0,,
EDG,EDG0331,HEDL,Rangitaiki,Solar,Solar,2026-06-19,0,0,0,0,0,0,0,0,0,0,0,0,0,0,0,274,1697,3962,6365,4975,6484,7151,7173,6889,6761,6846,7077,7402,7679,7615,6027,3755,1487,208,0,0,0,0,0,0,0,0,0,0,0,0,0,0,,
EDG,EDG0331,HEDL,Rangitaiki,Solar,Solar,2026-06-20,0,0,0,0,0,0,0,0,0,0,0,0,0,0,0,239,1666,3996,6294,7986,7987,7610,7197,6684,6554,6814,4897,2552,5091,2508,1867,1085,469,100,0,0,0,0,0,0,0,0,0,0,0,0,0,0,,
EDG,EDG0331,HEDL,Rangitaiki,Solar,Solar,2026-06-21,0,0,0,0,0,0,0,0,0,0,0,0,0,0,0,123,579,875,1665,1288,783,1494,2184,3507,2971,2509,3662,4919,8562,2996,3505,3831,1490,203,0,0,0,0,0,0,0,0,0,0,0,0,0,0,,
EDG,EDG0331,HEDL,Rangitaiki,Solar,Solar,2026-06-22,0,0,0,0,0,0,0,0,0,0,0,0,0,0,0,263,1529,3018,6247,7886,7839,7505,7134,6866,6734,6826,7093,7363,7055,7773,6124,3805,1524,221,0,0,0,0,0,0,0,0,0,0,0,0,0,0,,
EDG,EDG0331,HEDL,Rangitaiki,Solar,Solar,2026-06-23,0,0,0,0,0,0,0,0,0,0,0,0,0,0,0,165,557,1353,2062,2929,5239,5350,5369,4199,3003,2245,2465,3158,2226,1602,2016,846,444,121,0,0,0,0,0,0,0,0,0,0,0,0,0,0,,
EDG,EDG0331,HEDL,Rangitaiki,Solar,Solar,2026-06-24,0,0,0,0,0,0,0,0,0,0,0,0,0,0,0,33,496,914,1088,1935,2799,2762,1849,1529,1659,873,893,607,525,393,214,74,141,20,0,0,0,0,0,0,0,0,0,0,0,0,0,0,,
EDG,EDG0331,HEDL,Rangitaiki,Solar,Solar,2026-06-25,0,0,0,0,0,0,0,0,0,0,0,0,0,0,0,113,402,533,1556,1899,4210,7280,4003,5259,5534,5119,6694,6067,3004,1666,1099,775,363,60,0,0,0,0,0,0,0,0,0,0,0,0,0,0,,
EDG,EDG0331,HEDL,Rangitaiki,Solar,Solar,2026-06-26,0,0,0,0,0,0,0,0,0,0,0,0,0,0,0,14,183,499,372,436,753,659,1009,995,1410,4145,2713,2502,2141,1090,960,653,222,97,0,0,0,0,0,0,0,0,0,0,0,0,0,0,,
EDG,EDG0331,HEDL,Rangitaiki,Solar,Solar,2026-06-27,0,0,0,0,0,0,0,0,0,0,0,0,0,0,0,207,1621,3631,6074,7052,8232,7228,5214,6890,6720,6856,7247,7661,8082,3909,1973,1070,641,437,58,0,0,0,0,0,0,0,0,0,0,0,0,0,,
EDG,EDG0331,HEDL,Rangitaiki,Solar,Solar,2026-06-28,0,0,0,0,0,0,0,0,0,0,0,0,0,0,0,121,1611,3695,6076,7771,7811,7480,6428,4315,6380,4453,2945,5434,7789,2233,2895,3469,1850,355,4,0,0,0,0,0,0,0,0,0,0,0,0,0,,
EDG,EDG0331,HEDL,Rangitaiki,Solar,Solar,2026-06-29,0,0,0,0,0,0,0,0,0,0,0,0,0,0,0,249,1612,3854,6162,7886,7957,7668,7755,4946,7088,6097,6148,5358,5308,2578,5075,4095,2108,399,4,0,0,0,0,0,0,0,0,0,0,0,0,0,,
EDG,EDG0331,HEDL,Rangitaiki,Solar,Solar,2026-06-30,0,0,0,0,0,0,0,0,0,0,0,0,0,0,0,0,0,0,0,0,0,0,0,0,0,0,0,0,0,3180,4460,3793,1757,278,4,0,0,0,0,0,0,0,0,0,0,0,0,0,,
GLN,GLN0332,NZST,glenbrook_kilns,Gas,Cogen,2026-06-01,30918,29352,29345,29423,28399,27454,27370,27520,27460,27149,26991,26946,27032,27380,27564,27264,27391,27215,27121,26772,27195,26731,27062,27135,26866,18233,17405,17015,16846,16797,16833,18658,18766,19101,19192,19158,19482,19542,19484,19545,19687,20146,22815,22808,22659,22690,22948,22876,,
GLN,GLN0332,NZST,glenbrook_kilns,Gas,Cogen,2026-06-02,22814,22686,24688,27546,28245,28758,28486,28114,27799,28410,29499,29230,28759,28936,28341,28385,28873,27872,27648,28578,28326,28472,28362,28453,29107,29076,28797,28599,28243,27890,28972,28656,29085,28898,29161,28995,29117,29002,29024,28786,29149,29268,28745,29296,28810,28519,29707,29203,,
GLN,GLN0332,NZST,glenbrook_kilns,Gas,Cogen,2026-06-03,29225,29330,29291,29182,29402,29391,28908,29082,29252,29173,29312,29062,29105,28579,28404,28773,28678,28809,29528,28536,29474,29423,29298,29216,29094,28736,29258,28718,28402,29403,29723,29932,29422,28816,28581,28721,29006,28798,28655,28715,28585,28418,28429,27935,27973,27977,27996,28147,,
GLN,GLN0332,NZST,glenbrook_kilns,Gas,Cogen,2026-06-04,28629,29230,29909,30430,30720,30312,30280,30035,29906,29890,30128,30485,29613,30144,29271,29520,29785,30446,30071,29217,29230,30359,24620,18832,19355,19105,19427,19252,19198,19309,19376,18106,18958,19123,19087,19197,19178,19025,18939,19261,19543,19610,20131,19653,19585,19511,19835,20105,,
GLN,GLN0332,NZST,glenbrook_kilns,Gas,Cogen,2026-06-05,20023,20073,19835,21346,23232,23138,23095,22937,22936,22754,22508,26726,28534,28976,29033,28990,29468,28866,30462,29839,29272,29886,30418,29045,29922,29935,29698,28870,29546,29715,29945,29101,29509,29819,29910,29735,29507,29074,29049,29031,28744,28468,28665,28940,29108,29342,29387,29575,,
GLN,GLN0332,NZST,glenbrook_kilns,Gas,Cogen,2026-06-06,29608,29739,29519,29396,29408,29405,29210,29219,28924,29173,29421,29254,29169,29454,29349,29817,29422,29326,28315,29552,29842,29497,28972,28476,29223,29897,29411,28867,28510,28847,28577,28334,28889,29296,29258,29664,29687,29681,29940,29998,29812,29804,29960,30045,30106,29897,30032,30574,,
GLN,GLN0332,NZST,glenbrook_kilns,Gas,Cogen,2026-06-07,27978,26872,26394,26294,26370,26001,25840,26317,26546,26205,26237,26095,26076,25134,19793,18767,18921,18829,18103,18720,18584,18757,19145,19342,19350,18906,18345,19075,18955,18406,17716,17621,17607,17390,16936,17341,19731,19467,19245,21269,23405,27145,29792,29573,29751,30111,29892,29904,,
GLN,GLN0332,NZST,glenbrook_kilns,Gas,Cogen,2026-06-08,29332,30433,30781,30829,30886,30993,31212,31231,31064,30942,30777,30906,30738,30159,30302,30179,31245,29978,30103,30959,31132,31222,31166,30616,31201,31179,31353,31178,31119,31315,31410,31293,31428,31282,31301,31351,31598,31756,31615,31784,31876,31796,31736,31127,30173,31143,31265,31286,,
GLN,GLN0332,NZST,glenbrook_kilns,Gas,Cogen,2026-06-09,31011,30985,31303,30641,30821,31134,31020,31150,31448,31630,30920,30973,31053,30990,30732,30435,31055,30116,31614,30593,31617,32081,32081,31735,31813,31597,31653,31517,31707,31854,32074,32026,31824,31825,31731,31248,31200,31487,31613,31606,31004,31132,29742,29638,29496,29311,29738,29811,,
GLN,GLN0332,NZST,glenbrook_kilns,Gas,Cogen,2026-06-10,32017,31431,31357,31407,31790,31524,31244,31076,31022,30816,30714,30003,28815,29213,28504,28307,28634,28475,28574,28397,28974,28263,28484,29254,28832,28958,29297,29099,28945,28990,28992,28519,28955,28619,28734,28463,28378,28627,28437,28517,28300,28275,28448,28838,29681,29783,29741,30002,,
GLN,GLN0332,NZST,glenbrook_kilns,Gas,Cogen,2026-06-11,30454,30792,31155,31106,30974,31221,30616,30636,30908,30680,30529,30704,30181,31225,31081,30673,30618,32897,31608,30714,31038,31218,30390,31127,30378,30837,30739,30662,30695,31045,31105,31195,31853,30756,30791,30844,30883,30698,30602,30776,30876,31040,31008,30735,30580,30804,30776,30865,,
GLN,GLN0332,NZST,glenbrook_kilns,Gas,Cogen,2026-06-12,31059,30733,30704,30904,30687,30633,30354,30214,30291,30302,30302,30384,30035,29795,29583,29693,29013,28853,27310,28331,28601,30015,30723,31564,31532,32646,32621,32568,32525,32139,32016,32173,32129,32143,32097,31920,31842,31971,32129,31962,32264,32587,32784,32766,32629,32092,31648,32360,,
GLN,GLN0332,NZST,glenbrook_kilns,Gas,Cogen,2026-06-13,31927,32411,32265,32249,31989,31873,31774,31640,31770,31388,31273,31189,31412,31355,31083,30802,31237,30964,30388,30403,30563,30807,30714,31132,31068,31295,31341,30994,31133,31152,31968,31766,31225,31192,31453,31508,31547,31623,31995,32012,32214,32107,32020,31975,32038,31864,32153,31989,,
GLN,GLN0332,NZST,glenbrook_kilns,Gas,Cogen,2026-06-14,32039,31963,32279,31889,31895,31992,31975,31748,31808,31443,31524,31701,31767,32162,32019,32052,31905,31547,31269,30687,30600,30879,31112,31700,31614,31510,31726,31856,31970,31500,31419,30811,30812,30830,31169,31333,31285,31066,31403,31772,31608,31763,32050,31898,31609,31611,31869,31744,,
GLN,GLN0332,NZST,glenbrook_kilns,Gas,Cogen,2026-06-15,31743,31270,31546,31459,31538,31344,31347,31454,31500,31496,31417,31166,30667,30531,31029,31208,31254,31202,31485,31220,31472,31201,31399,31582,31444,31325,31332,31529,31563,31697,31637,31852,31780,31775,31741,31743,31969,31873,31849,31901,31760,31628,31582,31574,31292,31285,31402,31649,,
GLN,GLN0332,NZST,glenbrook_kilns,Gas,Cogen,2026-06-16,31770,31923,31775,31557,31542,31281,31382,31524,31640,31713,31761,32034,31876,31886,31878,31659,31296,31345,31731,30418,31216,30850,30791,31126,30741,30338,31926,31967,31950,31943,31930,30965,31593,31508,31668,31469,32001,31790,31933,31986,31717,31659,31379,31369,31369,31774,31469,31472,,
GLN,GLN0332,NZST,glenbrook_kilns,Gas,Cogen,2026-06-17,31165,31218,27920,27838,27829,27210,27968,27711,27972,27642,27661,27682,27725,25163,21030,21127,20778,20298,20957,19344,20241,20341,20756,20562,20990,21531,21540,20995,20658,21355,21384,21470,21353,20444,19653,19648,19756,19965,19892,19774,19709,19969,20406,20425,20274,20212,19814,19578,,
GLN,GLN0332,NZST,glenbrook_kilns,Gas,Cogen,2026-06-18,19683,22223,24923,25068,27182,27786,28193,29545,29441,29347,28724,26540,26783,27381,27770,27586,28363,30354,29197,27796,28612,29492,29799,29689,29389,29691,29904,29056,29251,29304,28793,28944,29518,29396,29613,29363,29541,29619,30171,30322,31545,31607,32381,32003,32004,31518,30980,31137,,
GLN,GLN0332,NZST,glenbrook_kilns,Gas,Cogen,2026-06-19,31050,30890,31414,31622,31799,31388,30749,31023,31361,31009,31133,32099,32454,32223,32330,32067,31601,31308,32026,31334,31573,31887,32428,32070,32092,32512,32292,31865,31306,30601,30440,30303,30412,30003,29526,30602,32086,30972,31036,31079,31079,30226,30521,30871,30532,30483,30340,30364,,
GLN,GLN0332,NZST,glenbrook_kilns,Gas,Cogen,2026-06-20,30405,30630,30641,30877,30609,30523,30500,30782,30482,30449,30214,30315,30414,30453,30388,30133,30016,28770,29088,29442,29004,29321,29536,29384,29006,28688,28516,29865,30121,30325,31075,31127,30998,31122,30996,31034,31167,31375,31200,30453,30286,30650,31320,31336,31193,31254,31143,31372,,
GLN,GLN0332,NZST,glenbrook_kilns,Gas,Cogen,2026-06-21,31266,31377,31475,30774,29767,30343,30739,30776,31117,31229,31307,30838,30435,30517,30462,30305,30430,29756,29670,29909,29966,30569,30180,29646,29719,29367,29763,30825,31019,30768,30586,30352,30878,30875,30811,29070,29515,30507,31105,30941,29966,30366,30347,30330,30347,30519,30049,29994,,
GLN,GLN0332,NZST,glenbrook_kilns,Gas,Cogen,2026-06-22,30365,30314,30337,30524,30281,29999,29887,29978,30145,30207,30057,30034,30023,30180,29864,29852,29828,30129,29662,30360,30826,30190,30020,29955,28450,29829,28119,28412,28927,29775,30666,30407,30238,30259,30069,29398,29108,28902,29296,29687,29928,30173,29939,30170,30308,30310,30051,29803,,
GLN,GLN0332,NZST,glenbrook_kilns,Gas,Cogen,2026-06-23,29728,29528,29200,29337,29364,29481,29354,29477,29564,29426,29522,28446,28283,28260,28019,27947,28633,28401,28749,28642,29093,28882,30078,29285,28705,28975,28616,28812,28890,29309,29139,29738,30164,29732,29835,28756,28701,29011,29098,28637,29040,29410,29623,29020,29127,29285,29625,29686,,
GLN,GLN0332,NZST,glenbrook_kilns,Gas,Cogen,2026-06-24,29742,30121,29726,29450,29059,29522,29531,29556,29492,29842,29761,29715,29731,29840,29710,29024,28702,28717,28773,28493,28785,29077,29006,29588,29762,28948,28782,29132,29046,29337,29167,28684,29546,30871,30581,29483,29352,30012,28855,28869,29195,29454,29688,29088,29160,29549,29682,29505,,
GLN,GLN0332,NZST,glenbrook_kilns,Gas,Cogen,2026-06-25,29454,29575,29494,29682,29756,29620,29614,29790,29775,25467,22814,23029,23246,27948,29912,29264,29418,28616,25639,22526,22183,22110,26025,29393,28983,29013,29016,29322,30703,29905,29850,29862,29933,30302,30042,30077,30229,30179,30347,30776,30183,30545,30127,30231,30052,29900,28623,27993,,
GLN,GLN0332,NZST,glenbrook_kilns,Gas,Cogen,2026-06-26,30914,30484,27462,26904,26971,27030,26775,26973,26787,27125,26958,26354,26076,21622,18909,18902,18762,18582,18334,18186,17969,18039,17972,18214,17192,17847,17584,17633,17276,17315,17704,17756,17625,17690,17696,18055,18172,19024,19153,18913,19138,19258,19314,19354,19316,18231,18201,18268,,
GLN,GLN0332,NZST,glenbrook_kilns,Gas,Cogen,2026-06-27,17662,17861,18017,18693,18930,19163,21247,22630,22798,23064,22884,22865,22931,22968,22778,22318,23466,27829,28717,28929,29839,29102,28733,29404,29260,30300,29969,29273,29503,29516,29565,29400,29846,29857,29747,29415,29453,29369,29776,29833,29957,29830,29795,30208,30130,30139,29963,30179,,
GLN,GLN0332,NZST,glenbrook_kilns,Gas,Cogen,2026-06-28,30062,29698,29896,30151,29830,29678,29160,28873,28935,28875,28968,29687,30259,30361,30648,30551,31009,30746,30169,30816,29698,30754,30257,30706,30280,30650,30977,30953,30741,30765,30379,30388,30064,29838,29845,29800,29884,29713,29750,29675,29859,29794,29585,29734,29764,29651,29692,29502,,
GLN,GLN0332,NZST,glenbrook_kilns,Gas,Cogen,2026-06-29,29628,29673,29538,29513,29577,29382,29170,29439,28714,28553,27815,27563,27497,26723,26812,27406,28333,29152,29256,29299,30873,30107,30254,29949,30010,29339,29955,29693,30177,28831,23349,22924,25243,29243,29720,29232,24278,22706,25500,29656,29404,30061,29812,29884,29678,29627,27035,27704,,
GLN,GLN0332,NZST,glenbrook_kilns,Gas,Cogen,2026-06-30,28630,29151,29109,29071,28990,29222,29147,28994,28937,28872,28604,28592,29015,29193,29030,28922,28328,29298,28435,28992,29311,30077,30722,30901,30154,30245,29988,29796,29847,29818,29762,29764,29822,29564,29707,29967,28265,28867,28457,29504,29672,30974,30472,30827,31077,30857,30866,31010,,
GOR,GOR0331,TPCO,KaiweraDowns,Wind,Wind,2026-06-01,194,1830,3034,3707,2479,3145,1567,1160,2398,3844,3704,5641,6863,6673,3796,3137,3082,4021,5248,4988,6872,7543,5223,5030,4306,4769,7325,7918,9377,7705,8917,7872,6205,8373,9871,9441,10309,8878,8555,8533,9560,8006,4682,6184,6469,9436,9230,9220,,
GOR,GOR0331,TPCO,KaiweraDowns,Wind,Wind,2026-06-02,5778,3680,771,180,262,4041,3396,2478,3893,3731,5437,5138,8254,10419,9144,9174,8650,2524,4874,4589,6601,6354,7964,10277,9467,14710,14780,15152,10229,10866,11927,7270,5801,5014,8067,7505,3213,5167,4248,2944,2386,1917,1176,1209,1495,1708,2485,2207,,
GOR,GOR0331,TPCO,KaiweraDowns,Wind,Wind,2026-06-03,3623,5093,4733,2478,2478,2478,3673,2519,3400,3096,2736,2233,2096,1500,618,157,0,59,686,430,92,208,810,2005,1939,919,825,296,128,0,0,76,145,419,1071,1814,2937,2813,3771,5825,8393,10220,10515,11850,12620,11230,14588,14039,,
GOR,GOR0331,TPCO,KaiweraDowns,Wind,Wind,2026-06-04,14179,10961,15714,16926,17575,9973,14909,11317,8727,9869,8365,9342,12082,12152,12100,13750,13795,15695,16944,14816,15449,14367,12490,12610,12132,10920,6242,4296,3299,3688,6840,8537,5714,6197,5883,6988,8960,4996,6566,6122,4267,3018,3737,2533,2545,2752,2525,3701,,
GOR,GOR0331,TPCO,KaiweraDowns,Wind,Wind,2026-06-05,2416,2503,2745,2217,2478,2479,2411,1970,2453,2399,1544,2335,2913,2242,3478,1738,1353,2109,2297,3678,3442,499,1154,1651,2749,3005,2219,2373,540,422,497,1074,309,136,11,226,1194,1441,2101,2861,2659,2478,7290,7775,9446,3430,2485,2890,,
GOR,GOR0331,TPCO,KaiweraDowns,Wind,Wind,2026-06-06,13744,18075,16119,16217,15564,3607,4920,9127,7341,5173,2480,2479,2481,2480,2479,2479,3570,7600,16529,18120,15387,18797,17389,17644,13231,13315,7547,3178,1712,2275,2888,8525,10859,14051,9625,20273,20079,20297,20305,20300,20302,20257,20247,20136,15747,9608,3721,9271,,
GOR,GOR0331,TPCO,KaiweraDowns,Wind,Wind,2026-06-07,13242,15565,16379,19739,20290,20303,20299,20277,18484,15330,17909,19750,17765,7992,4009,8582,14831,19530,19843,5753,2480,2480,2483,16004,18579,19463,13155,7569,6097,2498,7789,13602,17528,14060,14956,12685,17690,19373,19339,18543,18898,19324,19535,16832,13066,2998,5939,2480,,
GOR,GOR0331,TPCO,KaiweraDowns,Wind,Wind,2026-06-08,2479,2483,2515,10378,5558,2499,2480,2482,3233,4420,12204,8540,5631,12084,12606,20218,20268,3078,2489,2485,2482,2491,2487,2488,2494,2486,2487,2489,2486,2492,11082,12304,12078,20265,14984,20273,20309,20278,20322,20326,20320,20323,17984,7387,11354,9058,2973,12811,,
GOR,GOR0331,TPCO,KaiweraDowns,Wind,Wind,2026-06-09,3628,19647,20303,20306,20317,20313,20314,20317,20316,6969,5991,16836,12749,16692,14949,19291,17698,5784,5625,7578,5970,7952,7520,10013,10585,15498,19148,17952,14658,2590,2489,13614,13247,16557,13116,15465,16427,14874,17759,16037,17092,14169,13905,11462,8803,10698,15750,15169,,
GOR,GOR0331,TPCO,KaiweraDowns,Wind,Wind,2026-06-10,12026,13135,13556,15274,14988,12626,11171,10127,9746,11865,13221,12526,11749,8044,5613,6409,7894,6717,4042,3731,2392,1630,2472,3349,5633,6127,4729,5546,4487,5740,5167,6403,10086,10052,8942,11566,10916,9617,6718,3222,2588,2106,544,0,197,952,2149,4671,,
GOR,GOR0331,TPCO,KaiweraDowns,Wind,Wind,2026-06-11,3791,1597,1368,1409,1509,2284,3940,3173,3213,2912,3414,4858,4791,4141,4508,3110,2674,2307,2650,4115,5832,5030,4600,5686,4491,5735,4828,4063,4362,4743,5089,7033,6715,7094,6104,5203,7615,8364,10054,11137,13391,14098,12280,11370,12626,10821,10240,10209,,
GOR,GOR0331,TPCO,KaiweraDowns,Wind,Wind,2026-06-12,8946,7287,4504,2479,16657,16996,4853,2519,3636,2483,2478,6574,12256,9845,8375,12003,4690,2478,12763,7120,5434,6441,5425,5169,3943,4298,5160,4168,2566,1292,1453,983,1159,2054,3394,3986,3364,2136,912,840,1753,2012,1996,2131,2147,1478,1966,1637,,
GOR,GOR0331,TPCO,KaiweraDowns,Wind,Wind,2026-06-13,2012,2716,2745,2153,2370,2574,2410,2078,2094,2526,3373,2529,2284,2846,2525,2412,2517,2685,3086,3382,3576,4117,3064,2435,1398,561,134,14,0,0,0,18,0,47,532,1003,1115,1013,1028,1084,863,889,3686,6198,6127,5884,11426,11721,,
GOR,GOR0331,TPCO,KaiweraDowns,Wind,Wind,2026-06-14,9780,9587,10047,10134,6405,3039,2479,2479,2481,2486,2483,2480,3380,4068,2614,5728,11127,10031,4978,4857,5695,3867,10115,10937,3388,8134,6549,8972,2478,3668,6049,7967,5801,3710,5973,8083,3554,3806,3253,3069,3594,2478,14844,7785,7832,3003,2479,2482,,
GOR,GOR0331,TPCO,KaiweraDowns,Wind,Wind,2026-06-15,2485,6503,4452,2729,2478,2480,2478,2479,2479,2479,11976,6363,14891,6880,13208,14705,18870,16794,10826,6438,8874,7937,10917,8153,7048,7123,3442,5313,3709,4303,6379,5647,5464,3627,3398,3006,1850,1422,396,188,6,0,0,0,0,0,40,0,,
GOR,GOR0331,TPCO,KaiweraDowns,Wind,Wind,2026-06-16,0,7,12,0,208,144,117,469,1269,1244,1050,1099,809,662,1396,1738,2294,1934,424,1305,2122,2974,4871,8978,3976,2383,1447,358,226,1844,6724,7315,11533,10420,15038,18138,18896,19204,20246,20240,20202,19685,19996,20129,20184,18190,18816,11763,,
GOR,GOR0331,TPCO,KaiweraDowns,Wind,Wind,2026-06-17,8480,4775,3598,8556,11862,2484,2484,2481,2481,5772,7607,9309,15422,19524,19694,20259,19677,14163,14363,13475,15295,13525,14803,15998,13971,17241,18445,15602,19672,17297,17333,18067,17770,19580,19562,19340,16358,18023,18771,19477,20195,20248,20289,19976,18089,14500,12460,14322,,
GOR,GOR0331,TPCO,KaiweraDowns,Wind,Wind,2026-06-18,11046,12145,15238,19628,18818,10486,9179,7668,10393,18493,13085,9248,12183,14358,13455,18117,19799,16150,10034,2486,5920,4251,3735,5696,3234,3266,9562,2977,2480,5651,12596,14387,11021,15286,14756,10951,4812,4680,3525,2599,3520,1961,292,139,326,750,357,0,,
GOR,GOR0331,TPCO,KaiweraDowns,Wind,Wind,2026-06-19,0,64,205,114,117,259,52,367,899,1873,2966,5386,5960,6654,6277,4714,5189,5689,8401,9429,8896,10791,15858,14237,11133,9835,8089,11596,2498,2482,9008,19627,20258,20254,14000,20248,20258,19676,18873,19922,19728,20055,20226,20175,20254,18319,11098,16733,,
GOR,GOR0331,TPCO,KaiweraDowns,Wind,Wind,2026-06-20,13626,15847,17813,20204,20018,20192,17566,5763,4656,6667,3088,4303,10601,14878,7079,4819,6358,3966,4021,3555,3393,1571,631,343,1341,2001,1946,3604,10095,17709,18631,19917,20012,19610,19963,19945,20148,20163,19664,18520,18441,13091,17516,12054,10434,11302,13034,13867,,
GOR,GOR0331,TPCO,KaiweraDowns,Wind,Wind,2026-06-21,16063,5373,6537,2527,7241,2486,3692,2520,3648,13669,9811,5664,6006,16331,3251,3628,9343,17745,20019,20065,20157,19750,20000,19824,19052,19004,20099,16614,12964,10241,13214,7312,12325,11143,11308,14923,10299,13718,18015,20152,19878,19475,18583,15528,8511,2480,2479,2481,,
GOR,GOR0331,TPCO,KaiweraDowns,Wind,Wind,2026-06-22,2480,2480,2479,5614,2479,2479,2479,8577,10575,11765,11388,13406,8438,5178,3770,3115,1535,994,485,35,35,30,11,41,292,228,67,177,260,122,120,0,104,74,758,547,50,5,127,204,288,44,0,0,0,0,0,110,,
GOR,GOR0331,TPCO,KaiweraDowns,Wind,Wind,2026-06-23,676,819,928,1381,1874,2383,2194,2185,1498,896,1478,1092,3234,5029,3711,3357,1739,974,1641,2429,3818,3906,4968,3339,2111,1574,1783,772,610,304,380,733,906,1415,2431,2806,2857,3934,4868,5251,5468,5413,4783,4715,6167,6081,7513,6221,,
GOR,GOR0331,TPCO,KaiweraDowns,Wind,Wind,2026-06-24,7207,7985,10991,8581,7491,8784,10307,12974,11169,4382,9207,4768,5257,4715,4195,4410,3942,3515,2828,696,785,5267,8757,10339,11925,14849,15028,17287,17529,19300,19031,19568,13139,12757,19864,19465,16970,18003,20197,20273,20310,20306,20278,20166,19093,18715,20106,17403,,
GOR,GOR0331,TPCO,KaiweraDowns,Wind,Wind,2026-06-25,16178,20223,18883,4783,2481,3997,5504,5301,2713,2913,3882,6128,12068,15677,12744,20308,17908,19010,20333,20308,20083,15933,19264,20118,19206,16514,19375,18669,12591,12266,16015,11963,9865,5728,4740,1678,312,589,8,0,0,21,247,0,0,0,20,552,,
GOR,GOR0331,TPCO,KaiweraDowns,Wind,Wind,2026-06-26,293,8,50,31,0,0,0,0,0,0,88,124,55,192,338,203,488,1045,990,1026,1101,1437,951,1583,1134,1604,1071,151,0,0,0,0,0,650,2014,3280,5603,4285,3302,238,62,9,0,0,0,0,0,10,,
GOR,GOR0331,TPCO,KaiweraDowns,Wind,Wind,2026-06-27,107,713,1027,99,37,539,509,390,228,19,97,107,27,342,7,0,309,1789,1599,699,1050,589,154,55,14,0,0,0,0,0,0,0,51,266,153,513,517,901,536,683,1075,1223,930,1207,1325,764,953,1034,,
GOR,GOR0331,TPCO,KaiweraDowns,Wind,Wind,2026-06-28,1105,1340,1284,1907,2162,2426,2360,2345,2478,2479,2478,2482,2479,2478,2478,2478,2478,2238,1368,2002,2478,2478,2289,2478,2478,3159,2478,2478,2479,2478,2478,2481,9443,10521,8560,14969,9943,9052,6448,5051,4774,3567,2708,1307,1268,2288,1036,173,,
GOR,GOR0331,TPCO,KaiweraDowns,Wind,Wind,2026-06-29,13,0,0,0,0,0,0,0,95,334,572,610,487,1266,1835,2585,3670,4523,7598,9752,12840,13373,14546,11783,11187,9233,7821,8100,7281,6290,4515,5222,3818,1478,3218,3122,3888,5501,5904,5167,4426,3597,2914,1433,812,597,461,45,,
GOR,GOR0331,TPCO,KaiweraDowns,Wind,Wind,2026-06-30,0,0,103,162,157,39,32,252,84,3,1,0,0,0,0,0,70,795,932,1643,1789,2095,1714,1468,1135,2165,1817,2059,1670,1395,1305,1090,1144,1250,1326,1501,628,666,1234,1459,1478,650,463,332,45,166,25,0,,
HLY,HLY0331,WAIK,rotohiko,ELE,BAT,2026-06-01,0,0,0,0,0,0,0,0,0,0,0,0,0,0,0,0,0,0,0,0,0,0,0,0,0,0,0,0,0,0,0,0,0,0,0,0,0,0,0,0,0,0,0,0,0,0,0,0,,
HLY,HLY0331,WAIK,rotohiko,ELE,BAT,2026-06-02,0,0,0,0,0,0,0,0,0,0,0,0,0,0,0,0,0,0,0,0,0,205,295,518,2305,6568,1862,3949,148,194,30,0,0,0,0,0,0,0,0,0,0,0,0,0,0,0,0,0,,
HLY,HLY0331,WAIK,rotohiko,ELE,BAT,2026-06-03,0,0,0,0,0,0,0,0,0,0,0,0,0,0,0,0,0,0,0,0,0,0,0,0,0,1538,3948,1550,1116,72,92,0,0,0,0,0,0,0,0,0,0,0,0,0,0,0,0,0,,
HLY,HLY0331,WAIK,rotohiko,ELE,BAT,2026-06-04,0,0,0,0,0,0,0,0,0,0,0,0,0,0,0,0,0,0,0,0,114,0,0,0,0,0,0,0,68,0,0,0,0,0,0,0,0,0,0,0,0,0,0,0,0,0,0,0,,
HLY,HLY0331,WAIK,rotohiko,ELE,BAT,2026-06-05,0,0,0,0,0,0,0,0,0,0,0,0,0,0,0,0,0,0,0,0,0,4,0,6,0,0,0,0,0,0,0,0,0,0,0,0,0,0,0,0,0,0,0,0,0,0,0,0,,
HLY,HLY0331,WAIK,rotohiko,ELE,BAT,2026-06-06,0,0,0,0,0,0,0,0,0,0,0,0,0,0,0,0,0,0,0,0,0,0,0,25,0,0,0,0,0,1,0,0,0,0,0,0,0,0,0,0,0,0,0,0,0,0,0,0,,
HLY,HLY0331,WAIK,rotohiko,ELE,BAT,2026-06-07,0,0,0,0,0,0,0,0,0,0,0,0,0,0,0,0,0,0,42,85,550,1053,4270,5960,6266,6533,6041,5058,3663,2392,492,0,0,0,0,0,0,0,0,0,0,0,0,0,0,0,0,0,,
HLY,HLY0331,WAIK,rotohiko,ELE,BAT,2026-06-08,0,0,0,0,0,0,0,0,0,0,0,0,0,0,0,0,0,0,3,0,109,1061,178,1641,5632,3181,1421,653,4,278,5,0,0,0,0,0,0,0,0,0,0,0,0,0,0,0,0,0,,
HLY,HLY0331,WAIK,rotohiko,ELE,BAT,2026-06-09,0,0,0,0,0,0,0,0,0,0,0,0,0,0,0,0,0,0,0,40,1119,3865,3064,3889,22,1666,2915,1696,322,29,583,0,0,0,0,0,0,0,0,0,0,0,0,0,0,0,0,0,,
HLY,HLY0331,WAIK,rotohiko,ELE,BAT,2026-06-10,0,0,0,0,0,0,0,0,0,0,0,0,0,0,0,0,0,0,0,0,0,435,0,0,1605,2239,2748,2541,2701,1306,32,0,0,0,0,0,0,0,0,0,0,0,0,0,0,0,0,0,,
HLY,HLY0331,WAIK,rotohiko,ELE,BAT,2026-06-11,0,0,0,0,0,0,0,0,0,0,0,0,0,0,0,0,0,0,0,0,0,2165,2209,2542,2762,3025,2618,2696,1066,801,11,0,0,0,0,0,0,0,0,0,0,0,0,0,0,0,0,0,,
HLY,HLY0331,WAIK,rotohiko,ELE,BAT,2026-06-12,0,0,0,0,0,0,0,0,0,0,0,0,0,0,0,0,0,0,0,0,0,0,0,0,0,0,0,0,0,0,0,0,0,0,0,0,0,0,0,0,0,0,0,0,0,0,0,0,,
HLY,HLY0331,WAIK,rotohiko,ELE,BAT,2026-06-13,0,0,0,0,0,0,0,0,0,0,0,0,0,0,0,0,0,0,0,0,0,67,239,1281,2016,3036,3437,2778,1606,903,226,0,0,0,0,0,0,0,0,0,0,0,0,0,0,0,0,0,,
HLY,HLY0331,WAIK,rotohiko,ELE,BAT,2026-06-14,0,0,0,0,0,0,0,0,0,0,0,0,0,0,0,0,0,0,0,0,0,381,82,1066,0,1307,41,1084,0,0,0,0,0,0,0,0,0,0,0,0,0,0,0,0,0,0,0,0,,
HLY,HLY0331,WAIK,rotohiko,ELE,BAT,2026-06-15,0,0,0,0,0,0,0,0,0,0,0,0,0,0,0,0,0,0,0,0,27,341,302,47,15,0,0,39,0,96,0,0,0,0,0,0,0,0,0,0,0,0,0,0,0,0,0,0,,
HLY,HLY0331,WAIK,rotohiko,ELE,BAT,2026-06-16,0,0,0,0,0,0,0,0,0,0,0,0,0,0,0,0,0,0,0,0,0,0,0,0,240,135,1481,705,164,49,0,0,0,0,0,0,0,0,0,0,0,0,0,0,0,0,0,0,,
HLY,HLY0331,WAIK,rotohiko,ELE,BAT,2026-06-17,0,0,0,0,0,0,0,0,0,0,0,0,0,0,0,0,0,0,0,0,187,1880,0,118,1050,484,1294,691,331,73,0,0,0,0,0,0,0,0,0,0,0,0,0,0,0,0,0,0,,
HLY,HLY0331,WAIK,rotohiko,ELE,BAT,2026-06-18,0,0,0,0,0,0,0,0,0,0,0,0,0,0,0,0,0,0,0,0,2,652,1155,1595,3021,2237,2286,1187,1279,1709,0,0,0,0,0,0,0,0,0,0,0,0,0,0,0,0,0,0,,
HLY,HLY0331,WAIK,rotohiko,ELE,BAT,2026-06-19,0,0,0,0,0,0,0,0,0,0,0,0,0,0,0,0,0,0,0,0,0,69,1221,3093,4227,4829,4716,4194,1076,46,0,0,0,0,0,0,0,0,0,0,0,0,0,0,0,0,0,0,,
HLY,HLY0331,WAIK,rotohiko,ELE,BAT,2026-06-20,0,0,0,0,0,0,0,0,0,0,0,0,0,0,0,0,0,0,0,0,10,2012,807,2577,1019,1629,241,0,0,0,0,0,0,0,0,0,0,0,0,0,0,0,0,0,0,0,0,0,,
HLY,HLY0331,WAIK,rotohiko,ELE,BAT,2026-06-21,0,0,0,0,0,0,0,0,0,0,0,0,0,0,0,0,0,0,0,0,0,0,0,0,0,0,286,632,1207,57,0,0,0,0,0,0,0,0,0,0,0,0,0,0,0,0,0,0,,
HLY,HLY0331,WAIK,rotohiko,ELE,BAT,2026-06-22,0,0,0,0,0,0,0,0,0,0,0,0,0,0,0,0,0,0,0,0,61,4279,2366,2786,2943,2824,2189,1344,1325,963,0,0,0,0,0,0,0,0,0,0,0,0,0,0,0,0,0,0,,
HLY,HLY0331,WAIK,rotohiko,ELE,BAT,2026-06-23,0,0,0,0,0,0,0,0,0,0,0,0,0,0,0,0,0,0,0,0,0,0,0,0,0,277,36,34,0,39,0,0,0,0,0,0,0,0,0,0,0,0,0,0,0,0,0,0,,
HLY,HLY0331,WAIK,rotohiko,ELE,BAT,2026-06-24,0,0,0,0,0,0,0,0,0,0,0,0,0,0,0,0,0,0,0,0,0,0,0,0,0,0,0,0,0,0,0,0,0,0,0,0,0,0,0,0,0,0,0,0,0,0,0,0,,
HLY,HLY0331,WAIK,rotohiko,ELE,BAT,2026-06-25,0,0,0,0,0,0,0,0,0,0,0,0,0,0,0,0,0,0,0,0,1287,4564,590,1441,3406,3479,2356,512,2,0,0,0,0,0,0,0,0,0,0,0,0,0,0,0,0,0,0,0,,
HLY,HLY0331,WAIK,rotohiko,ELE,BAT,2026-06-26,0,0,0,0,0,0,0,0,0,0,0,0,0,0,0,0,0,0,0,0,0,0,0,0,0,0,0,7,777,482,0,0,0,0,0,0,0,0,0,0,0,0,0,0,0,0,0,0,,
HLY,HLY0331,WAIK,rotohiko,ELE,BAT,2026-06-27,0,0,0,0,0,0,0,0,0,0,0,0,0,0,0,0,0,0,0,441,819,3049,4216,4570,3478,3374,4877,4507,3884,1539,162,0,0,0,0,0,0,0,0,0,0,0,0,0,0,0,0,0,,
HLY,HLY0331,WAIK,rotohiko,ELE,BAT,2026-06-28,0,0,0,0,0,0,0,0,0,0,0,0,0,0,0,0,0,0,0,110,1518,3141,4123,4956,5435,5637,5320,4665,3557,2016,290,0,0,0,0,0,0,0,0,0,0,0,0,0,0,0,0,0,,
HLY,HLY0331,WAIK,rotohiko,ELE,BAT,2026-06-29,0,0,0,0,0,0,0,0,0,0,0,0,0,0,0,0,0,0,0,0,664,2686,2095,3831,4419,4766,4310,3801,3100,1656,95,0,0,0,0,0,0,0,0,0,0,0,0,0,0,0,0,0,,
HLY,HLY0331,WAIK,rotohiko,ELE,BAT,2026-06-30,0,0,0,0,0,0,0,0,0,0,0,0,0,0,0,0,0,0,0,0,513,4124,3322,2830,3068,3053,2848,2560,1223,705,4,0,0,0,0,0,0,0,0,0,0,0,0,0,0,0,0,0,,
HLY,HLY2201,GENE,huntly_1_4,Coal,Thrml,2026-06-06,0,0,0,0,0,0,3644,7746,11424,16306,19889,35981,49084,64122,82238,86685,87591,96378,99421,96863,96548,96898,87419,70805,66103,66058,66114,66412,66519,66557,66558,66294,82508,101467,101157,114217,114408,114374,114148,114067,114296,114296,114134,114115,113681,112021,99855,90744,,
HLY,HLY2201,GENE,huntly_1_4,Coal,Thrml,2026-06-07,67425,44317,26037,25807,26170,26062,26045,26113,26196,26178,25467,0,0,0,0,0,0,0,2147,34720,67323,85391,86309,97329,99409,99310,98727,97597,97709,91445,99318,99245,99306,99096,111637,114128,114467,114235,114042,114272,114378,114260,114336,114014,101864,90531,77678,57244,,
HLY,HLY2201,GENE,huntly_1_4,Coal,Thrml,2026-06-08,50197,41961,26688,25811,26036,25873,26003,26144,26120,26152,38613,50264,70701,88629,97972,115039,116438,107737,97935,84257,81384,81592,81709,81749,81712,81757,81722,81726,81732,81819,90621,104420,115556,116629,116577,116494,115856,114294,114526,116159,116266,114438,114269,114256,100242,81536,64244,52016,,
HLY,HLY2201,GENE,huntly_1_4,Coal,Thrml,2026-06-09,42313,40514,41070,41264,41345,41322,41362,41474,50235,64333,79523,89614,100008,101471,114110,116639,116907,116220,116294,116368,117168,97918,80358,78193,78019,78583,78612,78561,78791,89474,90823,90293,101309,113095,115767,114737,114291,114305,114334,114573,114466,114280,114508,114378,100368,82041,59806,33555,,
HLY,HLY2201,GENE,huntly_1_4,Coal,Thrml,2026-06-10,4055,0,0,0,0,0,0,0,0,0,0,0,0,0,0,0,0,0,0,0,0,0,0,0,0,0,0,0,0,0,0,0,0,0,0,0,0,0,0,0,0,0,0,0,0,0,0,0,,
HLY,HLY2201,GENE,huntly_1_4,Coal,Thrml,2026-06-15,0,0,0,0,0,0,4365,7964,11803,16769,22826,38873,52533,66964,84194,105511,116400,116345,115787,116664,106080,93542,91733,91454,91463,91441,91477,91468,91467,91420,91375,91329,101282,113024,114730,114756,114760,114791,114799,102741,90800,89255,89260,89162,88894,88865,81319,72543,,
HLY,HLY2201,GENE,huntly_1_4,Coal,Thrml,2026-06-16,53776,31092,19284,17256,17402,17246,17348,17398,17241,17255,25679,38753,51023,66852,88308,109707,114791,99395,94693,78227,55928,46197,46988,39145,37044,36993,37492,38515,38369,32940,32403,31967,31440,31139,31041,31048,31079,31087,31041,31053,31096,31085,31719,27763,5724,0,0,0,,
HLY,HLY2201,GENE,huntly_1_4,Coal,Thrml,2026-06-20,0,0,0,0,2850,6828,9160,15406,19338,26600,40686,52686,62168,80194,89817,101486,117364,116532,97678,79533,77876,59592,51610,43807,29214,27114,27291,27424,27575,27582,27535,27529,27583,27591,27651,27614,46302,53766,53155,52978,33574,28307,27858,28478,4591,0,0,0,,
HLY,HLY2201,GENE,huntly_1_4,Coal,Thrml,2026-06-21,0,0,0,0,0,0,0,0,0,0,0,0,0,0,0,0,0,0,0,0,0,0,0,0,9809,36907,51838,53588,69195,73381,73359,72310,82417,94613,110986,114444,112865,111186,99276,89596,87829,87768,75048,73573,74338,74761,59897,36007,,
HLY,HLY2201,GENE,huntly_1_4,Coal,Thrml,2026-06-22,4780,0,0,0,0,0,4688,7840,12153,16998,23073,38443,51172,53258,52317,60510,62593,62163,62097,53346,51962,52022,52284,52241,43381,42013,42158,43588,44086,44217,53141,59638,97010,124413,142839,147272,146814,146737,137932,127262,117727,103509,101661,92708,83800,58061,44325,42505,,
HLY,HLY2201,GENE,huntly_1_4,Coal,Thrml,2026-06-23,42729,33472,32222,32283,32383,32549,32603,32486,32483,41159,54498,66940,66642,78186,81541,101423,106233,83942,97599,101704,89172,61524,56166,56184,56121,56091,56155,56185,56084,56126,56276,56179,82088,108820,121813,146729,156131,137620,137051,127864,121981,109620,81221,57076,52984,52823,44910,32958,,
HLY,HLY2201,GENE,huntly_1_4,Coal,Thrml,2026-06-24,5795,0,0,0,0,0,0,0,0,0,0,0,0,17967,48998,70708,83146,86617,86803,95668,99729,99832,102035,101059,114470,114909,114913,114928,114956,114948,114980,114929,114907,114937,114959,114986,114969,114929,114984,114826,114945,114957,114947,114927,99618,80524,59381,34905,,
HLY,HLY2201,GENE,huntly_1_4,Coal,Thrml,2026-06-25,5042,0,0,0,0,0,0,0,0,0,0,0,18191,48378,65820,77607,83151,83448,83402,83399,83340,83309,83322,83284,83295,83216,83128,83154,83139,83177,74447,73072,73675,76107,90926,91157,91172,91199,91134,90873,90926,76844,60816,57683,55727,52007,34544,4808,,
HLY,HLY2201,GENE,huntly_1_4,Coal,Thrml,2026-06-26,0,0,0,0,0,0,0,0,0,5037,9370,15138,20328,27283,38014,52975,67459,83208,98208,101763,101549,101407,101464,101305,101246,101207,101196,101114,101037,92352,90991,90226,91561,90881,99671,100889,99812,101012,100267,100354,99188,86483,73114,70831,55483,50299,51120,33729,,
HLY,HLY2201,GENE,huntly_1_4,Coal,Thrml,2026-06-27,3458,0,0,0,0,0,0,0,0,0,0,0,19602,48990,67969,86977,90131,89704,89627,89473,89415,89326,89316,89255,88449,88467,72456,70718,70888,70984,70969,70985,70934,71140,86318,89324,90884,91124,90290,89416,86390,79423,87546,83051,75401,56898,51056,36506,,
HLY,HLY2201,GENE,huntly_1_4,Coal,Thrml,2026-06-28,4638,0,0,0,0,4726,9861,15582,20895,25817,36925,49721,51189,52549,53751,58501,63454,70272,70943,70979,70724,70933,54092,31097,27709,27732,27732,27716,27732,27737,27744,39734,58403,65489,93467,102859,102939,102967,103000,90987,88106,87972,71905,53985,53791,53739,53905,42052,,
HLY,HLY2201,GENE,huntly_1_4,Coal,Thrml,2026-06-29,7951,0,0,0,0,0,0,0,0,0,0,16575,47769,62610,76522,94587,99757,99772,99789,99801,99796,99750,99653,99657,99645,99646,99644,99646,99540,99733,98448,99666,99694,99659,99606,99634,99800,99648,99670,99662,99690,99733,99795,99752,99157,77167,54335,40667,,
HLY,HLY2201,GENE,huntly_1_4,Coal,Thrml,2026-06-30,7464,0,0,0,0,0,4875,9993,15747,21913,31691,39792,48959,59951,69776,84310,101714,104675,97794,72435,70874,70817,70805,70862,59294,55908,53657,52765,53072,53388,67896,102537,117393,120413,133569,162456,180330,174083,168652,168545,168542,153254,140778,124115,103853,82883,56236,51368,,
HLY,HLY2201,GENE,huntly_e3p,Gas,Thrml,2026-06-01,96656,98113,100955,98096,99532,98079,98176,95984,98073,96979,98306,100257,98817,108605,106008,99022,98169,114465,97700,107203,111019,111024,109430,132072,134935,128319,128201,123372,123025,130018,133898,152229,151869,158063,158895,163422,171322,159649,148904,159225,141078,138073,123367,129610,108422,123246,108066,103973,,
HLY,HLY2201,GENE,huntly_e3p,Gas,Thrml,2026-06-02,96893,97344,97587,96589,98388,95465,99242,99608,100693,99942,107009,103324,102120,114516,132190,146695,146541,109775,136719,155252,157226,151479,147550,139357,140434,114533,115586,113753,111956,113382,112992,120390,126402,119932,127214,138489,115779,127545,138677,114260,123861,119322,128618,130327,134293,155642,144681,128137,,
HLY,HLY2201,GENE,huntly_e3p,Gas,Thrml,2026-06-03,103797,101812,105157,101760,104645,105469,102175,104048,106758,104648,105573,108013,104575,106704,114386,115403,121225,119484,121228,116968,124847,112441,102197,99062,99994,100264,100571,99671,99479,99160,98805,108933,123572,114089,133267,157806,152311,152922,153228,143297,124463,133792,128896,114204,113914,108945,108633,104265,,
HLY,HLY2201,GENE,huntly_e3p,Gas,Thrml,2026-06-04,116570,101293,102942,103250,104476,103210,104219,103619,101089,102903,103862,101481,105351,122806,133989,151784,153258,142935,124832,111974,116142,110360,98443,99915,99403,99470,100829,98560,99325,107806,100252,100227,100196,100197,100204,100209,100211,100212,100211,100211,100511,100481,101333,101874,101887,112547,102367,101896,,
HLY,HLY2201,GENE,huntly_e3p,Gas,Thrml,2026-06-05,108507,105912,106621,106021,108156,108586,108633,107397,108870,109087,105249,107185,111755,103328,104626,115923,120768,113474,117569,108377,104137,120161,112847,106107,109533,106525,107529,107824,106694,105541,114092,124238,134973,112124,106320,122707,120077,124491,106068,107304,108064,110905,108248,107339,106271,106087,105663,100340,,
HLY,HLY2201,GENE,huntly_e3p,Gas,Thrml,2026-06-06,28032,0,0,0,0,0,0,0,0,0,0,0,0,0,0,0,0,0,0,0,0,0,0,0,0,0,0,0,0,0,0,0,0,0,0,0,0,0,0,0,0,0,0,0,0,0,0,0,,
HLY,HLY2201,GENE,huntly_e3p,Gas,Thrml,2026-06-10,0,0,0,0,0,0,2536,25830,26840,27792,44253,65872,89435,102559,124238,149088,150276,150278,150285,150286,150272,150276,150287,145347,140323,135330,130330,128049,124832,121056,128281,131784,150103,154905,144136,155350,155260,155267,155284,155273,160215,160295,145881,140352,135281,130300,122693,107995,,
HLY,HLY2201,GENE,huntly_e3p,Gas,Thrml,2026-06-11,107596,107600,107598,107608,107595,107595,107605,107603,107654,111637,112033,105179,110010,122536,146288,179155,178787,166358,155960,130023,116230,109550,110783,111932,109453,109596,109649,108478,107607,110224,111847,115348,134465,152077,150615,142762,144597,145307,144459,161589,162583,157702,172115,162781,148145,127944,117634,107692,,
HLY,HLY2201,GENE,huntly_e3p,Gas,Thrml,2026-06-12,105167,106493,104805,108613,102859,101629,101406,100304,101193,104581,107112,107041,106575,112782,111198,132119,135489,111483,109133,106815,109813,108801,109151,109510,119399,120165,122071,124313,137985,137503,138590,137386,147704,151670,162487,172499,174628,175302,173178,171443,170140,171569,166953,152902,140698,124588,120947,122106,,
HLY,HLY2201,GENE,huntly_e3p,Gas,Thrml,2026-06-13,107952,107627,107610,107616,107164,107022,108522,108360,108709,108577,108235,108427,125695,125262,125910,135920,145826,147528,147598,128554,108360,107620,107625,104203,107452,107571,107859,108931,107139,109473,106261,107074,107654,119153,143026,164568,161992,150343,147603,147602,132892,147174,147599,132391,121706,107317,109542,107620,,
HLY,HLY2201,GENE,huntly_e3p,Gas,Thrml,2026-06-14,107914,107772,108795,107966,106471,106967,108677,108550,108140,108726,108729,108209,106465,107083,108175,107909,112309,123293,123629,121427,123454,123014,123323,111135,114896,112389,112842,106301,108159,109210,114225,113066,113655,111591,129994,134653,118841,109379,111334,110835,108181,108408,108127,106519,106514,105379,106410,100272,,
HLY,HLY2201,GENE,huntly_e3p,Gas,Thrml,2026-06-15,24285,0,0,0,0,0,0,0,0,0,0,0,0,0,0,0,0,0,0,0,0,0,0,0,0,0,0,0,0,0,0,0,0,0,0,0,0,0,0,0,0,0,0,0,0,0,0,0,,
HLY,HLY2201,GENE,huntly_e3p,Gas,Thrml,2026-06-16,0,0,0,0,0,0,0,0,0,0,0,0,0,0,0,0,0,0,0,0,0,0,0,0,0,0,0,0,2904,31824,35840,65813,98572,122966,148452,164768,165225,165223,165218,161494,147091,146714,131249,130203,131771,131675,117417,114395,,
HLY,HLY2201,GENE,huntly_e3p,Gas,Thrml,2026-06-17,107418,110495,107533,106585,108773,116220,118630,114762,115988,119460,117650,118852,116406,116566,142147,165708,167743,146564,119061,110637,110246,110246,110239,110250,110258,110264,110243,110244,110240,110241,112872,112542,109739,119083,140518,172903,177706,177710,177721,154329,124549,112905,111101,112512,110309,110241,110243,110243,,
HLY,HLY2201,GENE,huntly_e3p,Gas,Thrml,2026-06-18,110237,110262,110244,110236,109840,110195,110731,110737,105503,110777,108868,108189,108924,121834,146023,171352,173226,149369,122303,110106,110840,110953,105671,109102,105905,101480,104054,101497,100236,101711,102733,102752,102122,107631,124647,153254,169826,165295,160475,141180,124637,109310,112584,112705,110266,110250,110247,110248,,
HLY,HLY2201,GENE,huntly_e3p,Gas,Thrml,2026-06-19,110247,110004,108769,110558,112379,113996,109822,108868,111395,110248,110241,110354,110241,122377,146688,171650,172725,149570,142761,123430,115809,112707,110247,110233,109455,109295,109673,109153,110177,111828,112445,108767,110091,110734,117763,122734,132621,132727,132730,128425,126995,117048,116868,117010,114657,114619,114863,114665,,
HLY,HLY2201,GENE,huntly_e3p,Gas,Thrml,2026-06-20,114796,114637,35101,0,0,0,0,0,0,0,0,0,0,0,0,0,0,0,0,0,0,0,0,0,0,0,0,0,0,0,0,0,0,0,0,0,0,0,0,0,0,0,0,0,0,0,0,0,,
HLY,HLY2201,GENE,huntly_p40,Gas,Thrml,2026-06-02,0,0,0,0,0,0,0,0,0,0,0,0,0,0,0,0,0,0,0,0,0,0,0,0,0,0,0,0,0,0,0,0,0,0,0,18100,21730,21849,21946,21926,22054,22118,926,0,0,0,0,0,,
HLY,HLY2201,GENE,huntly_p40,Gas,Thrml,2026-06-03,0,0,0,0,0,0,0,0,0,0,0,0,0,0,0,0,0,0,0,0,0,0,0,0,0,0,0,0,0,0,0,0,18813,21932,21904,22049,22201,22287,22303,22465,22518,22507,22579,22653,980,0,0,0,,
HLY,HLY2201,GENE,huntly_p40,Gas,Thrml,2026-06-07,0,0,0,0,0,0,0,0,0,0,0,0,0,0,18851,22339,22386,22349,22225,22129,21939,869,0,0,0,0,0,0,0,0,0,0,0,0,0,0,0,0,0,0,0,0,0,0,0,0,0,0,,
HLY,HLY2201,GENE,huntly_p40,Gas,Thrml,2026-06-08,0,0,0,0,0,0,0,0,0,0,0,0,0,0,0,0,0,0,0,0,0,0,0,0,0,0,0,0,0,0,0,0,19133,22132,22133,22119,22223,22256,22312,22243,22166,22124,22079,22090,1255,0,0,0,,
HLY,HLY2201,GENE,huntly_p40,Gas,Thrml,2026-06-09,0,0,0,0,0,0,0,0,0,0,0,0,20206,22381,22411,22443,22462,22455,22482,1155,0,0,0,0,0,0,0,0,0,0,0,0,20637,22601,22621,22719,22693,22687,22778,22865,22892,23043,22959,1680,0,0,0,0,,
HLY,HLY2201,GENE,huntly_p40,Gas,Thrml,2026-06-10,0,0,0,0,0,0,0,0,0,0,0,0,20368,22484,22076,22134,22334,22318,22468,2465,0,0,0,0,0,0,0,0,0,0,0,0,0,0,20644,23161,23308,23343,23471,22756,22710,22816,1272,0,0,0,0,0,,
HLY,HLY2201,GENE,huntly_p40,Gas,Thrml,2026-06-11,0,0,0,0,0,0,0,0,0,0,0,0,0,0,0,0,0,0,0,0,0,0,0,0,0,0,0,0,0,0,0,0,0,0,20429,23037,23144,23286,23365,23417,23413,23388,1140,0,0,0,0,0,,
HLY,HLY2201,GENE,huntly_p40,Gas,Thrml,2026-06-15,0,0,0,0,0,0,0,0,0,0,0,0,19298,22998,22974,22944,22925,22883,22741,1287,0,0,0,0,0,0,0,0,0,0,0,0,0,0,19504,22447,22430,22496,22514,22482,22564,1178,0,0,0,0,0,0,,
HLY,HLY2201,GENE,huntly_p40,Gas,Thrml,2026-06-16,0,0,0,0,0,0,0,0,0,0,0,0,0,0,18867,22718,22699,22665,22648,22601,22620,22649,2493,0,0,0,0,0,0,0,0,0,0,0,0,0,0,0,0,0,0,0,0,0,0,0,0,0,,
HLY,HLY2201,GENE,huntly_p40,Gas,Thrml,2026-06-24,0,0,0,0,0,0,0,0,0,0,0,0,18739,21933,21931,22054,22089,19706,22084,22185,19705,11279,0,0,0,0,0,0,0,0,0,0,0,0,19059,22100,22103,22117,22118,1233,0,0,0,0,0,0,0,0,,
HLY,HLY2201,GENE,huntly_p40,Gas,Thrml,2026-06-25,0,0,0,0,0,0,0,0,0,0,0,0,19509,21861,21891,22023,22036,21921,21759,21631,21480,21310,21247,21132,21049,21048,20890,20796,21015,21246,21708,21744,21776,21893,21913,21919,21975,21979,21994,21978,22010,1116,0,0,0,0,0,0,,
HLY,HLY2201,GENE,huntly_p40,Gas,Thrml,2026-06-26,0,0,0,0,0,0,0,0,0,0,0,0,17355,22412,21438,21431,21432,21436,21419,22010,22347,872,0,0,0,0,0,0,0,0,0,0,0,0,19865,22403,22484,22503,22530,22505,22567,1074,0,0,0,0,0,0,,
HLY,HLY2201,GENE,huntly_p40,Gas,Thrml,2026-06-27,0,0,0,0,0,0,0,0,0,0,0,0,19273,22136,22237,22139,22025,22598,22570,22448,22308,22162,22068,21865,21747,21757,21508,21298,21253,21437,21466,21503,21652,21796,21886,21926,22182,22291,22329,22242,22338,22394,22345,22192,2538,0,0,0,,
HLY,HLY2201,GENE,huntly_p40,Gas,Thrml,2026-06-28,0,0,0,0,0,0,0,0,0,0,0,0,0,18774,20863,20899,20919,20891,20801,20711,20501,20352,20250,20105,19799,19599,19438,19330,19267,19205,19148,19258,19416,19756,20025,20232,20276,20264,20212,20253,20319,20329,20157,1326,0,0,0,0,,
HLY,HLY2201,GENE,huntly_p40,Gas,Thrml,2026-06-29,0,0,0,0,0,0,0,0,0,0,0,0,15580,21159,21072,21121,21142,21133,21066,20973,2149,0,0,0,0,0,0,0,0,0,19501,22237,22279,22259,22500,22542,22612,22568,22689,22759,22718,22784,1504,0,0,0,0,0,,
HLY,HLY2201,GENE,huntly_p40,Gas,Thrml,2026-06-30,0,0,0,0,0,0,0,0,0,0,0,0,19200,23166,23183,23175,23135,23097,23043,22965,22911,808,0,0,0,0,0,0,0,0,0,0,0,0,0,0,0,0,0,0,0,0,0,0,0,0,0,0,,
HRP,HRP2201,MERI,Harapaki,Wind,Wind,2026-06-01,82873,85296,86445,86401,85551,82064,78110,81271,82036,76645,68439,69928,74020,77185,79275,79970,83700,83847,85288,75259,75593,75157,71437,82738,84708,83877,83431,82192,79786,76978,64641,60228,45664,20368,38175,49272,46623,36448,42490,36302,46399,54816,64156,64546,64844,73460,64837,71409,,
HRP,HRP2201,MERI,Harapaki,Wind,Wind,2026-06-02,61015,61517,66089,66361,68503,80280,81834,82079,83584,84563,82030,82899,76227,48090,49400,60585,46395,44190,25387,19264,51386,53888,75849,78423,75748,72022,54952,58896,72070,76968,66614,70646,81005,86107,85729,78192,60672,48377,43993,55358,60634,57262,57833,62936,72321,74697,73841,66619,,
HRP,HRP2201,MERI,Harapaki,Wind,Wind,2026-06-03,62848,67922,65849,65219,71085,66811,67097,72776,51514,47540,47488,44646,45358,39516,23142,22099,22391,17019,13739,15873,9964,12667,9111,7906,5727,765,0,0,0,185,2237,2884,2771,2008,2287,3050,3665,2746,2525,3906,2071,591,232,14,260,6561,30050,23546,,
HRP,HRP2201,MERI,Harapaki,Wind,Wind,2026-06-04,10139,8601,13064,8206,6713,12296,18047,13202,15900,15839,11595,20012,17976,25972,39384,32911,29614,39934,38285,45538,52629,60084,68324,70151,74564,76799,81514,79914,81093,85798,80167,80250,84097,85326,86071,79309,77172,80116,78536,84377,84606,83328,85091,81928,82922,84096,83232,84686,,
HRP,HRP2201,MERI,Harapaki,Wind,Wind,2026-06-05,85105,85861,85130,85271,85065,85976,86586,86586,85711,83890,85242,86030,86532,86491,86060,85712,84932,80433,79950,84154,83866,85212,86577,85906,84373,86033,86308,85323,84307,85111,85609,85480,83898,83211,78893,83062,80386,84924,83961,85085,83615,84868,81141,80598,82052,84930,86303,86420,,
HRP,HRP2201,MERI,Harapaki,Wind,Wind,2026-06-06,86367,85910,85115,84912,86148,86334,86464,82881,85681,86604,83675,77553,83335,84610,83819,78482,72349,77174,73605,75592,78920,74011,78402,82662,76018,66010,67148,71218,70031,76413,74291,62069,62438,60880,54244,59878,54738,46389,52429,46695,33308,23625,18386,19483,24251,24472,27697,19463,,
HRP,HRP2201,MERI,Harapaki,Wind,Wind,2026-06-07,28842,25275,28404,28676,19667,11500,5116,4369,16664,16767,20862,25569,39229,39645,30778,14918,10441,6981,13984,34728,29761,30563,20057,13442,6944,5546,1463,49,570,0,607,1899,3492,4834,5482,6557,9942,10585,7755,15718,25027,34742,32305,31991,35964,33307,43725,50939,,
HRP,HRP2201,MERI,Harapaki,Wind,Wind,2026-06-08,51590,51378,33800,26764,29418,24628,25357,37028,32502,29052,34455,37055,45774,55351,55411,55904,64120,66364,68465,72268,70098,64953,53395,58811,62359,70941,61835,43511,31307,40296,45743,67492,39145,23316,38450,51998,55889,40531,17268,18315,22010,21149,48231,49144,32735,36441,43236,59685,,
HRP,HRP2201,MERI,Harapaki,Wind,Wind,2026-06-09,36974,20018,19647,9293,9848,10362,7544,13262,15096,21245,32764,39996,55604,64988,64668,66309,65675,61721,56825,57983,45617,39381,54354,44156,56551,56293,48130,34389,58592,64120,72188,74392,72535,71585,73217,74629,76727,78864,81696,81758,81545,81302,79218,78130,78538,77927,77297,79195,,
HRP,HRP2201,MERI,Harapaki,Wind,Wind,2026-06-10,79949,79733,76929,75221,74263,74027,72236,70129,67175,68839,72479,70973,69498,64985,67331,70669,69573,69003,68887,59457,50859,48571,50485,43866,47215,42613,43252,39655,49312,50942,53156,36759,35161,47027,46619,48870,46253,58006,56547,52120,43462,43514,49958,50439,41891,46470,56387,48895,,
HRP,HRP2201,MERI,Harapaki,Wind,Wind,2026-06-11,25899,23742,26014,33395,39670,34386,18298,15179,17844,16535,15566,16191,17536,14489,11726,8416,7147,5501,3823,1415,36,0,0,0,0,0,0,0,0,0,0,0,0,0,0,0,0,0,56,4,0,0,0,281,2284,979,2093,2844,,
HRP,HRP2201,MERI,Harapaki,Wind,Wind,2026-06-12,4285,2752,2583,372,451,1042,3779,5420,4617,4629,2447,1945,2039,2338,2989,3892,4235,2933,3790,2055,2424,3012,4068,7196,10436,9494,8683,6347,3340,1435,1187,1386,3111,5128,11705,17091,12285,14227,15542,12887,19389,24637,21190,29413,28865,24674,22598,25919,,
HRP,HRP2201,MERI,Harapaki,Wind,Wind,2026-06-13,20011,22392,17132,13138,11727,9775,9409,5879,871,314,47,0,0,0,61,20,176,1468,1996,2019,2207,2354,991,2999,3245,3696,5750,5570,5240,1967,1254,191,2430,3319,3679,5270,5324,10062,9382,13927,13289,12417,13504,11472,9431,6894,4401,3086,,
HRP,HRP2201,MERI,Harapaki,Wind,Wind,2026-06-14,5642,7003,5976,6794,7837,13545,19201,16315,11154,4610,2593,676,258,2277,4337,8351,7090,6157,8949,11082,12362,12291,14226,15173,12658,11695,10977,7202,5384,7664,12375,17447,24375,27682,25946,27620,35698,53363,69221,72765,75790,74550,72444,72442,74708,71723,73649,74139,,
HRP,HRP2201,MERI,Harapaki,Wind,Wind,2026-06-15,76038,69155,76286,78065,80316,80869,80704,80325,81933,77076,83164,84899,85027,83477,83272,81284,76566,75360,77778,80465,81794,81386,81495,82659,82574,81661,82603,77160,78989,78792,76637,71721,74266,67688,75518,77997,76088,75804,73492,71407,69298,66016,73720,73878,60677,70251,79342,82921,,
HRP,HRP2201,MERI,Harapaki,Wind,Wind,2026-06-16,83207,84828,85718,83357,80786,77150,71263,66054,56732,44191,13844,18550,12299,8421,4026,1599,3470,2510,3559,1313,2531,5019,4731,13922,12136,8454,7004,6585,8226,3316,663,1463,1144,60,0,0,0,0,0,0,347,3890,13419,13077,13624,11978,15047,24376,,
HRP,HRP2201,MERI,Harapaki,Wind,Wind,2026-06-17,28269,28927,39142,42819,43933,52146,62762,70141,75594,69699,69759,68788,64481,65237,76436,70664,60674,53737,68183,64752,57025,61730,44108,50506,31790,27603,16836,18303,19973,14649,19150,13790,10332,13082,10862,9728,13972,5720,444,0,0,0,0,0,184,30,4,1,,
HRP,HRP2201,MERI,Harapaki,Wind,Wind,2026-06-18,0,0,4,380,2502,5568,10949,12853,15332,26620,43104,49032,39708,28200,30753,27306,31057,42736,46690,54177,47611,43976,36432,40046,37811,31719,21559,18421,19080,9904,1541,2,161,6254,13836,13443,12278,20804,28695,18314,6479,4695,3485,2451,4709,4666,9728,28617,,
HRP,HRP2201,MERI,Harapaki,Wind,Wind,2026-06-19,35447,36108,33052,38356,39384,40246,50114,54354,48900,46243,44739,44669,38401,38538,31105,25895,22805,19624,12297,5308,4503,1219,4,0,0,3,3898,11506,11754,9304,8922,9906,17471,23373,20581,30191,31732,38894,41894,42495,47153,52944,60210,68873,69524,70524,65631,64812,,
HRP,HRP2201,MERI,Harapaki,Wind,Wind,2026-06-20,66009,65771,70945,70815,66911,70128,73619,73941,75897,80870,73736,74292,76475,78404,80176,81561,80891,84478,85393,84829,86747,84585,84854,84845,86116,86164,86604,86718,85816,83758,84570,86036,86376,85554,84553,83434,84037,85333,86619,86468,86283,86406,86847,86902,86959,86932,85914,85104,,
HRP,HRP2201,MERI,Harapaki,Wind,Wind,2026-06-21,82589,85413,86298,86588,85828,85272,86404,84844,85289,83462,84740,86207,86980,86559,86312,84495,80859,78857,62790,32604,16084,11701,1708,0,412,2007,2567,7038,4878,3858,3534,2576,1410,1697,28,390,3515,5196,4544,7256,12508,11050,7286,3968,3708,3161,1852,9546,,
HRP,HRP2201,MERI,Harapaki,Wind,Wind,2026-06-22,22968,23245,22137,16245,15615,16510,16648,16992,24295,31138,41039,37198,30340,24081,22198,21933,19286,14133,16834,24669,24411,17850,22213,19043,11609,14081,15832,13564,7649,4650,3647,2001,1012,492,2395,3229,2030,1012,1320,1997,1724,1227,925,577,1383,1920,3203,5177,,
HRP,HRP2201,MERI,Harapaki,Wind,Wind,2026-06-23,3826,2074,1854,1537,5537,5233,3521,3002,2602,1435,1378,334,246,1176,3450,5225,6540,9211,8672,11498,13709,4485,6613,5991,6384,6306,7522,5757,3777,3743,4325,1568,2307,4051,4971,8137,13623,24616,27900,34574,36868,38886,47689,46945,45253,46945,46114,47768,,
HRP,HRP2201,MERI,Harapaki,Wind,Wind,2026-06-24,40207,43608,43349,48938,44579,42729,50447,55731,63067,63109,68350,66232,70689,69639,57268,30937,42506,36225,36810,37836,57907,66864,58940,50106,56310,35408,30457,45485,50637,50511,62385,56252,60730,74861,73061,69701,69873,69767,71962,72372,73376,72449,75193,66005,71438,76599,62294,52646,,
HRP,HRP2201,MERI,Harapaki,Wind,Wind,2026-06-25,35674,67532,42917,34864,26424,49225,32886,11440,3487,1162,2233,2275,2289,5981,4494,218,0,0,0,0,0,0,0,362,558,7999,11407,36517,67054,71699,75210,84679,83074,80193,81701,82406,81958,81592,80113,79722,80078,80958,81462,79823,79697,79009,79361,77785,,
HRP,HRP2201,MERI,Harapaki,Wind,Wind,2026-06-26,80137,82015,83765,83771,83707,83097,82963,83727,82715,82448,80644,79200,72457,70623,74361,73506,69777,72068,70637,73949,76223,74081,67306,67653,63988,65395,67819,60139,50733,39966,32503,39684,48709,61475,58421,70280,58375,63780,64750,49296,43737,47766,41265,38871,30238,19601,22379,24631,,
HRP,HRP2201,MERI,Harapaki,Wind,Wind,2026-06-27,27397,27498,26989,22761,20154,12811,12477,27204,40987,50483,45572,41888,56044,46106,41072,52239,69923,71619,72048,71119,71789,63784,50909,66192,63996,61244,53574,78273,78453,82369,81958,80064,74283,67608,66899,66485,65714,64500,62336,66271,70067,71889,56983,53426,61511,64492,61580,51900,,
HRP,HRP2201,MERI,Harapaki,Wind,Wind,2026-06-28,54459,52521,52979,41637,41331,49280,47239,55952,65169,71504,68095,60435,64630,55570,55075,62819,63690,63422,63753,61322,51515,66198,70417,59428,52306,49481,43420,35390,40653,41590,43638,47167,41148,37126,44399,38733,38868,47185,42524,36689,41604,51971,57863,63874,74691,72461,67440,74690,,
HRP,HRP2201,MERI,Harapaki,Wind,Wind,2026-06-29,78977,80373,78610,75106,62600,57779,63174,63535,57105,58872,56605,56965,56700,62858,64001,66454,74157,67850,66075,74471,71926,76675,73623,74550,77315,64245,67088,66783,72996,70506,70241,77012,79538,76523,75840,76754,78295,80072,83019,79289,64830,61724,64990,64751,65899,62966,65788,72116,,
HRP,HRP2201,MERI,Harapaki,Wind,Wind,2026-06-30,62126,42567,34360,43821,57499,55891,45912,42064,27960,34730,29007,23283,22268,21582,19511,16266,22130,18088,16950,12350,9688,6561,10088,6616,5673,5701,3397,2335,1360,515,1984,537,1282,1639,1320,1996,201,534,269,642,208,32,1660,1599,1567,451,129,907,,
HWA,HWA1101,CNIR,patea,Hydro,Hydro,2026-06-01,1557,1652,1656,181,178,177,176,175,175,176,175,177,1726,1808,1836,92,181,180,178,180,181,180,182,180,1361,8803,9265,9230,9225,9241,9283,9253,9192,9221,9209,9229,9368,9427,9412,9457,9461,9472,9450,9446,9421,9456,9450,9448,,
HWA,HWA1101,CNIR,patea,Hydro,Hydro,2026-06-02,2180,1879,1744,5006,8876,689,175,175,180,180,177,178,1084,4165,2903,1919,1737,1750,1735,2112,4611,95,140,157,1350,1432,1432,99,176,178,179,180,177,178,178,326,1579,1661,1656,179,178,177,176,179,178,178,178,177,,
HWA,HWA1101,CNIR,patea,Hydro,Hydro,2026-06-03,3754,3995,1948,382,176,176,176,177,178,177,178,509,1761,1490,1927,204,179,180,178,278,1343,140,177,178,179,1375,1458,1462,81,178,654,4053,4879,9210,9213,9227,9399,9453,8754,6935,8457,1683,7509,6893,3593,2589,276,177,,
HWA,HWA1101,CNIR,patea,Hydro,Hydro,2026-06-04,2058,4138,7137,197,179,177,175,178,179,180,181,180,1167,1500,1499,545,495,199,8643,5114,9123,7700,9113,7505,6821,2748,4134,8438,9734,9290,9496,10303,10126,10069,10251,10443,599,180,180,177,8248,8343,3270,6181,2297,2020,2015,2313,,
HWA,HWA1101,CNIR,patea,Hydro,Hydro,2026-06-05,1999,1981,1991,2004,2015,1984,1985,1972,2060,2025,5910,2363,4536,4860,5644,7603,6903,5597,10519,10520,10314,9733,10124,7377,9301,5711,167,180,179,181,8058,9329,9324,9732,8663,9954,3886,4638,10057,3925,1938,1826,10072,10650,10630,10629,10635,10642,,
HWA,HWA1101,CNIR,patea,Hydro,Hydro,2026-06-06,10651,10660,10676,10687,10698,10419,10159,10013,9922,9885,9856,9811,9783,9770,9754,9754,9829,9747,9748,9749,9745,9854,9774,9789,9816,9847,9880,9922,9960,9995,10025,10048,10069,10098,10119,10139,10167,10181,10202,10224,10232,10238,10242,10250,10264,10279,10290,10307,,
HWA,HWA1101,CNIR,patea,Hydro,Hydro,2026-06-07,10316,10327,10504,10643,10707,10691,10558,10579,10592,10598,10600,10581,10581,10601,10537,10426,10356,10321,10307,10308,10311,10317,10319,10321,10322,10320,10376,10432,10576,10700,10747,10765,10779,10782,10797,10823,10826,10828,10846,10854,10770,10549,10467,10431,10409,10414,10486,10651,,
HWA,HWA1101,CNIR,patea,Hydro,Hydro,2026-06-08,10761,10781,10797,10809,10812,10819,10819,10813,10815,10815,10817,10819,10818,10818,10804,10808,10810,10812,10811,10813,10814,10807,10810,10807,10804,10803,10806,10807,10807,10807,10807,10812,10811,10812,10812,10803,10780,10785,10788,10790,10794,10790,10788,10792,10791,10793,10793,7847,,
HWA,HWA1101,CNIR,patea,Hydro,Hydro,2026-06-09,1768,4774,8247,9182,8711,9149,9144,8082,2736,946,124,2577,5598,5822,7672,6599,9231,6645,10808,10881,10863,10854,10842,10845,10458,10847,10844,10841,8455,1805,1833,6791,9725,10890,10863,10839,10815,10815,10835,10828,10818,10811,10806,10799,10801,10802,10800,10786,,
HWA,HWA1101,CNIR,patea,Hydro,Hydro,2026-06-10,10783,10804,10810,10802,10795,10791,10787,10781,10773,10773,10780,10781,10804,10804,10803,10793,10796,10796,10785,10776,10338,10082,10268,10578,10801,10793,10790,8716,3149,7933,7633,7872,10245,7974,7653,10814,10790,10787,10779,10769,10760,10756,10759,10753,10745,10735,10734,10734,,
HWA,HWA1101,CNIR,patea,Hydro,Hydro,2026-06-11,10732,10721,10717,10715,10713,10709,10707,10726,10744,10741,10742,10732,10742,10741,10729,10728,10732,10729,10729,10728,10725,10723,10722,10631,7329,10596,8401,10625,10726,10718,10713,10710,10703,10701,10315,10701,10697,10694,10693,10691,10689,10688,10500,10148,10567,7950,8405,6083,,
HWA,HWA1101,CNIR,patea,Hydro,Hydro,2026-06-12,6791,6005,3222,1852,9178,5011,1910,1858,2573,1860,1850,4482,7374,3940,6483,5495,1961,1871,10444,10735,10703,10686,10675,10672,10665,10662,10658,10658,10654,10653,10653,10648,10647,10646,10642,10640,10639,10637,10635,10635,10507,9782,10638,10626,10619,10617,10613,10611,,
HWA,HWA1101,CNIR,patea,Hydro,Hydro,2026-06-13,10610,10607,10602,10604,10604,10601,10598,10594,10588,10587,10586,10584,10346,10543,10581,10398,10577,10573,10570,10568,9692,9917,9229,5096,130,263,263,262,263,264,264,263,6266,8658,10654,10607,10584,10571,10566,10558,10556,10553,10548,10549,7699,6356,7972,9492,,
HWA,HWA1101,CNIR,patea,Hydro,Hydro,2026-06-14,10366,8457,10072,9534,5620,1760,1760,1758,1778,1779,1796,8000,8281,10033,5621,6003,9135,8439,10137,9924,8448,6304,8783,9870,3536,7210,7262,6731,6275,6934,7601,9512,7658,6608,8373,10551,2067,2902,6962,1740,2542,1788,8346,4034,4418,1756,1754,1755,,
HWA,HWA1101,CNIR,patea,Hydro,Hydro,2026-06-15,1750,4825,3300,1780,1769,1766,1768,1764,1761,1766,5605,3760,8634,4970,7178,9088,9905,5623,1699,1669,3819,1770,5797,6928,9196,9462,10341,10502,10502,9153,10499,10490,9775,10318,10482,10475,10471,10469,10274,10095,9829,9581,10464,10464,10261,7281,10128,10064,,
HWA,HWA1101,CNIR,patea,Hydro,Hydro,2026-06-16,6614,5911,1926,155,257,258,258,258,258,1608,6113,2190,6362,9293,10153,10480,10464,10455,10451,10447,10444,10441,10439,10436,10435,10433,10430,10429,10426,10425,2049,7690,6370,3940,7588,10479,10446,10433,10427,10422,10420,10416,10413,7932,6563,5805,4181,146,,
HWA,HWA1101,CNIR,patea,Hydro,Hydro,2026-06-17,1371,1478,166,259,259,259,259,258,259,258,257,2846,7669,8861,10492,10458,10291,9831,10062,10113,10259,9985,10299,10361,10408,10416,10411,10408,10408,10401,10403,10402,10402,10398,10398,10394,10393,10394,10389,10387,10385,10382,10382,10380,10377,10370,10364,10362,,
HWA,HWA1101,CNIR,patea,Hydro,Hydro,2026-06-18,10358,10357,10354,10353,10351,10349,10347,10345,9768,10343,9789,9111,9353,9970,10322,10234,10230,10206,8118,5850,7329,8526,6613,8989,7407,8018,9550,7037,5859,7329,10253,10337,9400,10325,10278,10210,10208,10216,10194,10217,10235,10254,10271,10264,10250,10236,10227,10201,,
HWA,HWA1101,CNIR,patea,Hydro,Hydro,2026-06-19,10194,9127,9181,10052,10275,10267,10261,10260,10255,10253,10252,10250,10247,10243,10239,10207,10193,10187,10183,269,0,0,0,0,0,0,0,0,0,0,0,0,0,0,0,0,0,0,0,0,0,0,0,0,0,0,0,0,,
HWA,HWA1101,CNIR,patea,Hydro,Hydro,2026-06-20,0,0,0,0,0,0,0,0,0,0,0,0,0,0,0,0,0,0,0,0,0,0,0,0,0,0,0,0,0,0,0,0,0,0,0,0,0,0,0,0,0,0,0,0,0,0,0,0,,
HWA,HWA1101,CNIR,patea,Hydro,Hydro,2026-06-21,0,0,0,0,0,0,0,0,0,0,0,0,0,0,0,0,0,0,0,0,0,0,0,0,0,0,0,0,0,0,0,0,0,0,0,0,0,0,0,0,0,0,0,0,0,0,0,0,,
HWA,HWA1101,CNIR,patea,Hydro,Hydro,2026-06-22,0,0,0,0,0,0,0,0,0,0,0,0,0,0,0,0,0,0,0,0,0,0,0,0,0,0,0,0,0,0,0,0,0,0,0,0,0,0,0,0,0,0,0,0,0,0,0,0,,
HWA,HWA1101,CNIR,patea,Hydro,Hydro,2026-06-23,0,0,0,0,0,0,0,0,0,0,0,0,0,0,0,0,0,0,0,0,0,0,0,0,0,0,0,0,0,0,0,0,0,0,0,0,0,0,0,0,0,0,0,0,0,0,0,0,,
HWA,HWA1101,CNIR,patea,Hydro,Hydro,2026-06-24,0,0,0,0,0,0,0,0,0,0,0,0,0,0,0,0,0,0,0,0,0,0,0,0,0,0,0,0,0,0,0,0,0,0,0,0,0,0,0,0,0,0,0,0,0,0,0,0,,
HWA,HWA1101,CNIR,patea,Hydro,Hydro,2026-06-25,0,0,0,0,0,0,0,0,0,0,0,0,0,0,0,0,0,0,0,0,0,0,0,0,0,0,0,0,0,0,0,0,0,0,0,0,0,0,0,0,0,0,0,0,0,0,0,0,,
HWA,HWA1101,CNIR,patea,Hydro,Hydro,2026-06-26,0,0,0,0,0,0,0,0,0,0,0,0,0,0,0,0,0,0,0,0,0,0,0,0,0,0,0,0,0,0,0,0,0,0,0,0,0,0,0,0,0,0,0,0,0,0,0,0,,
HWA,HWA1101,CNIR,patea,Hydro,Hydro,2026-06-27,0,0,0,0,0,0,0,0,0,0,0,0,0,0,0,0,0,0,0,0,0,0,0,0,0,0,0,0,0,0,0,0,0,0,0,0,0,0,0,0,0,0,0,0,0,0,0,0,,
HWA,HWA1101,CNIR,patea,Hydro,Hydro,2026-06-28,0,0,0,0,0,0,0,0,0,0,0,0,0,0,0,0,0,0,0,0,0,0,0,0,0,0,0,0,0,0,0,0,0,0,0,0,0,0,0,0,0,0,0,0,0,0,0,0,,
HWA,HWA1101,CNIR,patea,Hydro,Hydro,2026-06-29,0,0,0,0,0,0,0,0,0,0,0,0,0,0,0,0,0,0,0,0,0,0,0,0,0,0,0,0,0,0,0,0,0,0,0,0,0,0,0,0,0,0,0,0,0,0,0,0,,
HWA,HWA1101,CNIR,patea,Hydro,Hydro,2026-06-30,0,0,0,0,0,0,0,0,0,0,0,0,0,0,0,0,0,0,0,0,0,0,0,0,0,0,0,0,0,0,0,0,0,0,0,0,0,0,0,0,0,0,0,0,0,0,0,0,,
HWA,HWA1101,KIWI,whareroa,Gas,Cogen,2026-06-01,6237,6122,5700,5848,5800,5815,5474,5359,5541,5425,5399,5538,5688,5807,5935,5797,5998,3024,0,0,0,0,0,0,0,0,0,0,0,0,0,0,0,0,0,0,0,0,0,0,0,0,0,0,0,0,0,0,,
HWA,HWA1101,KIWI,whareroa,Gas,Cogen,2026-06-02,0,0,0,0,0,0,0,0,0,0,0,0,0,0,0,0,0,0,0,0,0,0,0,0,0,0,0,0,0,0,0,0,0,0,0,0,0,0,0,0,0,0,0,0,0,0,0,0,,
HWA,HWA1101,KIWI,whareroa,Gas,Cogen,2026-06-03,0,0,0,0,0,0,0,0,0,0,0,0,0,0,0,0,0,0,0,0,0,0,0,0,0,0,0,0,0,0,0,0,0,0,0,0,0,0,0,0,0,0,0,0,0,0,0,0,,
HWA,HWA1101,KIWI,whareroa,Gas,Cogen,2026-06-04,0,0,0,0,0,0,0,0,0,0,0,0,0,0,0,0,0,0,0,0,0,0,0,0,0,0,0,0,0,0,0,0,0,0,0,0,0,0,0,0,0,0,0,0,0,0,0,0,,
HWA,HWA1101,KIWI,whareroa,Gas,Cogen,2026-06-05,0,0,0,0,0,0,0,0,0,0,0,0,0,0,0,0,0,0,0,0,0,0,0,0,0,0,0,0,0,0,0,0,0,0,0,0,0,0,0,0,0,0,0,0,0,0,0,0,,
HWA,HWA1101,KIWI,whareroa,Gas,Cogen,2026-06-06,0,0,0,0,0,0,0,0,0,0,0,0,0,0,0,0,0,0,0,0,0,0,0,0,0,0,0,0,0,0,0,0,0,0,0,0,0,0,0,0,0,0,0,0,0,0,0,0,,
HWA,HWA1101,KIWI,whareroa,Gas,Cogen,2026-06-07,0,0,0,0,0,0,0,0,0,0,0,0,0,0,0,0,0,0,0,0,0,0,0,0,0,0,0,0,0,0,0,0,0,0,0,0,0,0,0,0,0,0,0,0,0,0,0,0,,
HWA,HWA1101,KIWI,whareroa,Gas,Cogen,2026-06-08,0,0,0,0,0,0,0,0,0,0,0,0,0,0,0,0,0,0,0,0,0,0,0,0,0,0,0,0,0,0,0,0,0,0,0,0,0,0,0,0,0,0,0,0,0,0,0,0,,
HWA,HWA1101,KIWI,whareroa,Gas,Cogen,2026-06-09,0,0,0,0,0,0,0,0,0,0,0,0,0,0,0,0,0,0,0,0,0,0,0,0,0,0,0,0,0,0,0,0,0,0,0,0,0,0,0,0,0,0,0,0,0,0,0,0,,
HWA,HWA1101,KIWI,whareroa,Gas,Cogen,2026-06-10,0,0,0,0,0,0,0,0,0,0,0,0,0,0,0,0,0,0,0,0,0,0,0,0,0,0,0,0,0,0,0,0,0,0,0,0,0,0,0,0,0,0,0,0,0,0,0,0,,
HWA,HWA1101,KIWI,whareroa,Gas,Cogen,2026-06-11,0,0,0,0,0,0,0,0,0,0,0,0,0,0,0,0,0,0,0,0,0,0,0,0,0,0,0,0,0,0,0,0,0,0,0,0,0,0,0,0,0,0,0,0,0,0,0,0,,
HWA,HWA1101,KIWI,whareroa,Gas,Cogen,2026-06-12,0,0,0,0,0,0,0,0,0,0,0,0,0,0,0,0,0,0,0,0,0,0,0,0,0,0,0,0,0,0,0,0,0,0,0,0,0,0,0,0,0,0,0,0,0,0,0,0,,
HWA,HWA1101,KIWI,whareroa,Gas,Cogen,2026-06-13,0,0,0,0,0,0,0,0,0,0,0,0,0,0,0,0,0,0,0,0,0,0,0,0,0,0,0,0,0,0,0,0,0,0,0,0,0,0,0,0,0,0,0,0,0,0,0,0,,
HWA,HWA1101,KIWI,whareroa,Gas,Cogen,2026-06-14,0,0,0,0,0,0,0,0,0,0,0,0,0,0,0,0,0,0,0,0,0,0,0,0,0,0,0,0,0,0,0,0,0,0,0,0,0,0,0,0,0,0,0,0,0,0,0,0,,
HWA,HWA1101,KIWI,whareroa,Gas,Cogen,2026-06-15,0,0,0,0,0,0,0,0,0,0,0,0,0,0,0,0,0,0,0,0,0,0,0,0,0,0,0,0,0,0,0,0,0,0,0,0,0,0,0,0,0,0,0,0,0,0,0,0,,
HWA,HWA1101,KIWI,whareroa,Gas,Cogen,2026-06-16,0,0,0,0,0,0,0,0,0,0,0,0,0,0,0,0,0,0,0,0,0,0,0,0,0,0,0,0,0,0,0,0,0,0,0,0,0,0,0,0,0,0,0,0,0,0,0,0,,
HWA,HWA1101,KIWI,whareroa,Gas,Cogen,2026-06-17,0,0,0,0,0,0,0,0,0,0,0,0,0,0,0,0,0,0,0,0,0,0,0,0,0,0,0,0,0,0,0,0,0,0,0,0,0,0,0,0,0,0,0,0,0,0,0,0,,
HWA,HWA1101,KIWI,whareroa,Gas,Cogen,2026-06-18,0,0,0,0,0,0,0,0,0,0,0,0,0,0,0,0,0,0,0,0,0,0,0,0,0,0,0,0,0,0,0,0,0,0,0,0,0,0,0,0,0,0,0,0,0,0,0,0,,
HWA,HWA1101,KIWI,whareroa,Gas,Cogen,2026-06-19,0,0,0,0,0,0,0,0,0,0,0,0,0,0,0,0,0,0,0,0,0,0,0,0,0,0,0,0,0,0,0,0,0,0,0,0,0,0,0,0,0,0,0,0,0,0,0,0,,
HWA,HWA1101,KIWI,whareroa,Gas,Cogen,2026-06-20,0,0,0,0,0,0,0,0,0,0,0,0,0,0,0,0,0,0,0,0,0,0,0,0,0,0,0,0,0,0,0,0,0,0,0,0,0,0,0,0,0,0,0,0,0,0,0,0,,
HWA,HWA1101,KIWI,whareroa,Gas,Cogen,2026-06-21,0,0,0,0,0,0,0,0,0,0,0,0,0,0,0,0,0,0,0,0,0,0,0,0,0,0,0,0,0,0,0,0,0,0,0,0,0,0,0,0,0,0,0,0,0,0,0,0,,
HWA,HWA1101,KIWI,whareroa,Gas,Cogen,2026-06-22,0,0,0,0,0,0,0,0,0,0,0,0,0,0,0,0,0,0,0,0,0,0,0,0,0,0,0,0,0,0,0,0,0,0,317,295,371,372,395,396,345,401,365,355,374,400,407,404,,
HWA,HWA1101,KIWI,whareroa,Gas,Cogen,2026-06-23,401,377,384,408,420,467,430,392,459,387,410,399,134,0,0,0,0,0,0,0,0,0,0,0,0,0,0,0,0,0,0,0,0,0,0,0,0,0,0,513,270,281,292,291,338,344,376,361,,
HWA,HWA1101,KIWI,whareroa,Gas,Cogen,2026-06-24,347,345,358,368,350,388,381,431,408,397,370,359,269,221,215,213,143,196,208,312,306,256,139,228,235,383,470,515,628,973,1120,2521,2572,2681,2696,2665,2713,2753,2764,2768,2800,2706,7055,7790,7867,7833,7897,7836,,
HWA,HWA1101,KIWI,whareroa,Gas,Cogen,2026-06-25,7809,7895,7880,7862,7832,7920,7808,7846,7922,7820,7813,7747,7682,7601,7556,7593,7636,4598,2061,1976,2048,2133,2082,2183,1897,1893,1925,2093,2033,1989,1874,1815,1747,1854,1910,1909,1945,2012,2051,2066,2005,2910,2579,1960,1493,1535,1604,1532,,
HWA,HWA1101,KIWI,whareroa,Gas,Cogen,2026-06-26,1621,1564,1501,1651,1547,1541,1582,1549,1577,1647,1830,2009,1846,1781,1805,2528,3867,6125,7996,7919,7747,7865,7903,7982,7985,7608,7892,8091,8036,7774,7526,7592,8077,8074,8080,8164,8105,8174,8177,8144,8235,8168,8150,8159,8180,8232,8149,8268,,
HWA,HWA1101,KIWI,whareroa,Gas,Cogen,2026-06-27,8100,8202,8218,8193,8147,8171,8105,8198,8192,8174,8123,8126,8102,8003,8044,8064,7278,6393,6264,7008,8046,7282,7089,7225,6475,6662,6268,5521,5213,4706,3633,3217,6355,10437,10487,10575,10690,10360,10292,10218,10306,10215,10111,10300,10289,10399,10210,10318,,
HWA,HWA1101,KIWI,whareroa,Gas,Cogen,2026-06-28,10303,10347,10259,10293,10226,10243,10255,10039,10474,10423,10202,10311,10144,10089,10109,10182,7705,7031,6639,10832,10655,8048,7955,7877,7819,7894,7622,7807,9823,9635,9849,7986,10936,11021,10959,10959,11007,11044,11049,11000,11057,11003,11037,11028,11071,11183,11159,11151,,
HWA,HWA1101,KIWI,whareroa,Gas,Cogen,2026-06-29,11116,11150,11097,11073,11155,11207,11099,11191,11127,11135,11020,11146,10886,10977,10959,10940,11054,11001,10937,10935,10098,9002,10703,12568,12326,12276,12173,11908,11854,11546,7369,7333,7393,7441,10622,10913,11046,11097,11192,11150,11172,11189,11186,11223,11235,11229,11294,11170,,
HWA,HWA1101,KIWI,whareroa,Gas,Cogen,2026-06-30,11328,11312,11287,11264,11283,11316,11304,11266,11320,11251,11283,11278,10968,11004,10920,10901,10952,10916,10207,8149,7356,7305,7325,11456,12478,9587,9075,8984,8874,8834,9108,9057,12471,13365,10687,9539,8515,8540,8576,8516,8471,8529,8689,8595,8460,8570,8446,8508,,
HWA,HWA1102,KIWI,whareroa,Gas,Cogen,2026-06-01,5862,5959,5503,5462,5507,5719,5451,5434,5651,5534,5441,5572,5708,5711,5641,5480,5610,8890,11617,11543,11647,12040,11697,11848,11798,11943,11534,11443,11899,12133,11937,12008,11694,11780,11939,11875,12114,12156,12031,12210,12204,12396,12178,12171,12045,12306,12571,12621,,
HWA,HWA1102,KIWI,whareroa,Gas,Cogen,2026-06-02,12200,12328,12650,12646,12443,12312,12556,12939,12870,12855,11891,12333,11718,11549,11632,11557,11558,11846,11740,11541,11624,11742,11723,11617,11798,12057,12036,12088,12118,12062,12136,12314,11971,12069,12041,11953,11880,11832,12020,12238,12052,11873,11831,12126,12218,12166,12183,12197,,
HWA,HWA1102,KIWI,whareroa,Gas,Cogen,2026-06-03,11979,11909,12197,12171,12255,12124,12163,12361,12461,12107,12421,12401,12516,12766,12799,12830,12642,13155,12451,12310,12180,12153,12373,12341,10483,8201,8139,7598,7676,7809,7527,7636,7840,14926,15781,15530,15936,16211,16178,16241,16225,16249,16311,16135,16234,16322,16381,16142,,
HWA,HWA1102,KIWI,whareroa,Gas,Cogen,2026-06-04,8916,8230,8303,8354,8209,8203,8296,8588,8414,8477,8420,8400,11447,12039,12613,12637,12910,12891,12723,12957,12852,12944,12742,12719,8381,8550,8386,8243,8271,8397,8291,8190,8158,8307,8526,8406,8415,8419,8608,8540,8432,8428,8592,8510,8376,8589,8755,8470,,
HWA,HWA1102,KIWI,whareroa,Gas,Cogen,2026-06-05,8396,8471,8614,8386,8389,8418,8440,8551,8488,8410,8238,8564,8736,8402,8645,8560,8579,8880,8750,8659,8629,8847,8659,8602,8636,8926,8816,8671,8738,8703,8752,8551,8670,8753,8639,8627,8796,8650,8826,8684,8976,9053,8773,8745,8858,8938,8944,8692,,
HWA,HWA1102,KIWI,whareroa,Gas,Cogen,2026-06-06,8859,8753,8969,8966,9020,8981,8924,9049,9127,8845,8953,8965,8786,8681,8649,8826,8711,8591,8403,8496,8613,8624,8428,8635,8594,8789,8575,8601,8652,8744,8522,8733,8812,8585,8497,8725,8880,8814,8979,8886,8860,9017,9100,8895,9063,8984,8914,8950,,
HWA,HWA1102,KIWI,whareroa,Gas,Cogen,2026-06-07,9064,9111,9171,9043,9097,9032,9132,8844,8818,8827,8857,8731,8751,8727,8480,8584,8699,8621,8625,8720,8617,8556,8516,8758,8802,8721,8650,8779,8601,8612,8497,8634,8691,8762,8544,8681,8747,8854,8664,8831,8513,8650,8809,8836,8628,8792,8749,8771,,
HWA,HWA1102,KIWI,whareroa,Gas,Cogen,2026-06-08,8725,8890,8632,8787,8657,8742,8808,8667,8789,8720,8728,8454,8595,8271,8375,8338,8487,8275,8387,8248,8606,8443,8303,8329,8473,8571,8360,8520,8703,8778,8839,9165,9068,9077,9246,8602,8651,8822,8810,8593,8763,8757,8797,8873,8657,8901,8824,8623,,
HWA,HWA1102,KIWI,whareroa,Gas,Cogen,2026-06-09,8711,8735,8885,8677,8708,8656,8739,8881,8790,8792,8850,8569,8639,8712,8366,8450,8675,8661,8679,8538,8328,8486,8739,8567,8530,8312,8667,8429,8455,8625,8771,8625,8491,8826,9012,8928,9014,8962,9094,9032,9012,8986,8915,8810,8773,9012,9007,8908,,
HWA,HWA1102,KIWI,whareroa,Gas,Cogen,2026-06-10,9054,8975,9023,8946,9192,8939,8973,8973,9002,8970,8999,8910,8804,8599,8432,8345,10441,10745,10673,10920,10556,9463,9383,9487,9480,9508,9571,9445,9522,9536,9481,9584,9510,9580,9654,9875,9652,9827,9926,9779,9906,9820,9955,9810,10229,10137,10266,10234,,
HWA,HWA1102,KIWI,whareroa,Gas,Cogen,2026-06-11,10213,10216,9936,9855,9785,9884,9793,9758,9856,9785,9890,9422,9541,9327,9262,9319,9381,9985,10157,10083,9986,10024,9988,9373,9449,9666,9389,9373,9352,9609,9596,9499,9635,9603,9741,9673,9735,9811,9726,9754,9653,9846,9885,9860,9791,9678,9899,9792,,
HWA,HWA1102,KIWI,whareroa,Gas,Cogen,2026-06-12,9691,9623,9642,9708,9676,9640,9619,9835,9973,9963,9753,9691,9551,9334,9263,9440,9590,9490,9470,9319,9524,9391,9381,9585,9543,9416,9444,9630,9693,9610,9588,9589,9743,9659,9707,9752,9818,9821,9812,10750,10851,10898,10913,10907,10915,10885,10898,10937,,
HWA,HWA1102,KIWI,whareroa,Gas,Cogen,2026-06-13,10943,10900,10887,9954,9803,9785,9738,9746,9754,9807,9779,9736,9711,9547,9636,9575,9478,9445,9478,9576,9784,9752,9603,9420,7591,6529,6413,6545,6694,6816,6844,6999,6933,6774,6827,7006,6990,7025,7009,7014,7123,7021,6947,6854,6875,6966,7106,7044,,
HWA,HWA1102,KIWI,whareroa,Gas,Cogen,2026-06-14,7002,7054,7021,7060,6981,7066,7024,6986,7043,7053,7092,6930,6871,6597,6742,6781,6840,6868,6688,6789,6805,6821,6736,6628,6122,5884,5864,5925,5991,6145,5945,5911,5956,6064,6125,5915,6095,6217,6033,5712,5743,5578,5806,5475,5539,5678,5669,5054,,
HWA,HWA1102,KIWI,whareroa,Gas,Cogen,2026-06-15,1705,1745,1725,1793,1563,988,989,956,948,905,892,870,614,585,601,415,443,633,595,670,526,538,462,618,586,713,538,527,682,574,528,493,592,776,704,909,997,874,960,1071,1059,1055,1058,1030,1026,1022,1024,515,,
HWA,HWA1102,KIWI,whareroa,Gas,Cogen,2026-06-16,0,0,0,0,0,0,0,0,0,0,0,0,0,0,0,0,0,0,0,0,0,0,0,0,0,0,0,0,0,0,0,0,0,0,0,0,0,0,0,0,0,0,0,0,0,0,0,0,,
HWA,HWA1102,KIWI,whareroa,Gas,Cogen,2026-06-17,634,2326,2317,2319,2384,2391,2359,2378,2354,2359,2319,2329,2259,2191,2151,2091,2179,2163,1906,2093,2044,1896,2014,2209,2134,2113,2010,2014,2064,2081,2031,2126,2150,2376,2472,2399,2492,2528,2557,2542,2539,2415,2249,2249,2340,2340,2333,2374,,
HWA,HWA1102,KIWI,whareroa,Gas,Cogen,2026-06-18,2346,2345,2263,2377,2344,2302,2337,2339,2366,2350,2235,2250,2240,2006,2016,2111,2082,2101,1071,734,713,609,624,617,696,674,660,647,648,743,643,666,959,1065,1005,956,1052,1081,1109,1150,1065,1044,1039,800,848,928,905,878,,
HWA,HWA1102,KIWI,whareroa,Gas,Cogen,2026-06-19,797,933,860,854,1035,933,923,931,893,912,838,834,927,970,865,1037,1019,1115,914,1092,1061,1087,1052,1045,1038,1081,964,1023,1146,1221,915,712,837,789,814,872,901,932,909,914,1003,831,1015,873,908,937,931,991,,
HWA,HWA1102,KIWI,whareroa,Gas,Cogen,2026-06-20,873,1009,887,947,936,916,929,976,918,955,906,929,826,772,801,867,847,762,656,862,755,743,758,778,810,864,754,905,822,799,838,847,893,917,934,953,979,986,932,987,980,929,994,931,984,958,961,1013,,
HWA,HWA1102,KIWI,whareroa,Gas,Cogen,2026-06-21,939,976,964,957,926,1005,891,934,1018,943,1000,873,916,865,802,853,812,864,787,794,838,677,768,798,726,902,776,881,827,864,807,807,909,798,872,910,905,920,949,927,954,887,891,951,882,997,936,854,,
HWA,HWA1102,KIWI,whareroa,Gas,Cogen,2026-06-22,962,978,964,910,899,895,953,938,928,939,859,800,739,632,580,641,601,679,545,700,698,628,680,664,727,770,638,763,714,630,735,706,771,815,442,461,519,490,519,524,499,536,521,517,514,510,503,488,,
HWA,HWA1102,KIWI,whareroa,Gas,Cogen,2026-06-23,507,489,475,488,458,460,474,453,454,421,429,406,137,0,0,0,0,0,0,0,0,0,0,0,0,0,0,0,0,0,0,0,0,0,0,0,0,0,0,723,469,471,489,475,470,445,422,441,,
HWA,HWA1102,KIWI,whareroa,Gas,Cogen,2026-06-24,455,443,439,442,413,413,359,377,373,382,323,358,335,304,288,365,307,350,374,490,437,384,254,235,284,236,0,0,0,0,0,0,0,0,0,0,0,0,0,0,0,0,0,0,0,0,0,0,,
HWA,HWA1102,KIWI,whareroa,Gas,Cogen,2026-06-25,0,0,0,0,0,0,0,0,0,0,0,0,0,0,0,0,0,0,0,0,0,0,0,0,0,0,0,0,0,0,0,0,0,0,0,0,0,0,0,0,0,0,0,0,0,0,0,0,,
HWA,HWA1102,KIWI,whareroa,Gas,Cogen,2026-06-26,0,0,0,0,0,0,0,0,0,0,0,0,0,0,0,0,0,0,0,0,0,0,0,0,0,0,0,0,0,0,0,0,0,0,0,0,0,0,0,0,0,0,0,0,0,0,0,0,,
HWA,HWA1102,KIWI,whareroa,Gas,Cogen,2026-06-27,0,0,0,0,0,0,0,0,0,0,0,0,0,0,0,0,0,0,0,0,0,0,0,0,0,0,0,0,0,0,0,0,0,0,0,0,0,0,0,0,0,0,0,0,0,0,0,0,,
HWA,HWA1102,KIWI,whareroa,Gas,Cogen,2026-06-28,0,0,0,0,0,0,0,0,0,0,0,0,0,0,0,0,0,0,0,0,0,0,0,0,0,0,0,0,0,0,0,0,0,0,0,0,0,0,0,0,0,0,0,0,0,0,0,0,,
HWA,HWA1102,KIWI,whareroa,Gas,Cogen,2026-06-29,0,0,0,0,0,0,0,0,0,0,0,0,0,0,0,0,0,0,0,0,0,0,0,0,0,0,0,0,0,0,0,0,0,0,0,0,0,0,0,0,0,0,0,0,0,0,0,0,,
HWA,HWA1102,KIWI,whareroa,Gas,Cogen,2026-06-30,0,0,0,0,0,0,0,0,0,0,0,0,0,0,0,0,0,0,0,0,0,0,0,0,0,0,0,0,0,0,0,0,0,0,0,0,0,0,0,0,0,0,0,0,0,0,0,0,,
HWB,HWB0331,DUNE,Waipori,Hydro,Hydro,2026-06-01,0,0,0,0,0,0,0,0,0,0,0,0,0,0,0,0,0,0,0,0,0,0,0,0,0,0,0,0,0,0,0,0,0,0,0,0,0,0,0,0,0,0,0,0,0,0,0,0,,
HWB,HWB0331,DUNE,Waipori,Hydro,Hydro,2026-06-02,0,0,0,0,0,0,0,0,0,0,0,0,0,0,0,0,0,0,0,0,0,0,0,0,0,0,0,0,0,0,0,0,0,0,0,0,0,0,0,0,0,0,0,0,0,0,0,0,,
HWB,HWB0331,DUNE,Waipori,Hydro,Hydro,2026-06-03,0,0,0,0,0,0,0,0,0,0,0,0,0,0,0,0,0,0,0,0,0,0,0,0,0,0,0,0,0,0,0,0,0,0,0,0,0,0,0,0,0,0,0,0,0,0,0,0,,
HWB,HWB0331,DUNE,Waipori,Hydro,Hydro,2026-06-04,0,0,0,0,0,0,0,0,0,0,0,0,0,0,0,0,0,0,0,0,0,0,0,0,0,0,0,0,0,0,0,0,0,0,0,0,0,0,0,0,0,0,0,0,0,0,0,0,,
HWB,HWB0331,DUNE,Waipori,Hydro,Hydro,2026-06-05,0,0,0,0,0,0,0,0,0,0,0,0,0,0,0,0,0,0,0,0,0,0,0,0,0,0,0,0,0,0,0,0,0,0,0,0,0,0,0,0,0,0,0,0,0,0,0,0,,
HWB,HWB0331,DUNE,Waipori,Hydro,Hydro,2026-06-06,0,0,0,0,0,0,0,0,0,0,0,0,0,0,0,0,0,0,0,0,0,0,0,0,0,0,0,0,0,0,0,0,0,0,0,0,0,0,0,0,0,0,0,0,0,0,0,0,,
HWB,HWB0331,DUNE,Waipori,Hydro,Hydro,2026-06-07,0,0,0,0,0,0,0,0,0,0,0,0,0,0,0,0,0,0,0,0,0,0,0,0,0,0,0,0,0,0,0,0,0,0,0,0,0,0,0,0,0,0,0,0,0,0,0,0,,
HWB,HWB0331,DUNE,Waipori,Hydro,Hydro,2026-06-08,0,0,0,0,0,0,0,0,0,0,0,0,0,0,0,0,0,0,0,0,0,0,0,0,0,0,0,0,0,0,0,0,0,0,0,0,0,0,0,0,0,0,0,0,0,0,0,0,,
HWB,HWB0331,DUNE,Waipori,Hydro,Hydro,2026-06-09,0,0,0,0,0,0,0,0,0,0,0,0,0,0,0,0,0,0,0,0,0,0,0,0,0,0,0,0,0,0,0,0,0,0,0,0,0,0,0,0,0,0,0,0,0,0,0,0,,
HWB,HWB0331,DUNE,Waipori,Hydro,Hydro,2026-06-10,0,0,0,0,0,0,0,0,0,0,0,0,0,0,0,0,0,0,0,0,0,0,0,0,0,0,0,0,0,0,0,0,0,0,0,0,0,0,0,0,0,0,0,0,0,0,0,0,,
HWB,HWB0331,DUNE,Waipori,Hydro,Hydro,2026-06-11,0,0,0,0,0,0,0,0,0,0,0,0,0,0,0,0,0,0,0,0,0,0,0,0,0,0,0,0,0,0,0,0,0,0,0,0,0,0,0,0,0,0,0,0,0,0,0,0,,
HWB,HWB0331,DUNE,Waipori,Hydro,Hydro,2026-06-12,0,0,0,0,0,0,0,0,0,0,0,0,0,0,0,0,0,0,0,0,0,0,0,0,0,0,0,0,0,0,0,0,0,0,0,0,0,0,0,0,0,0,0,0,0,0,0,0,,
HWB,HWB0331,DUNE,Waipori,Hydro,Hydro,2026-06-13,0,0,0,0,0,0,0,0,0,0,0,0,0,0,0,0,0,0,0,0,0,0,0,0,0,0,0,0,0,0,0,0,0,0,0,0,0,0,0,0,0,0,0,0,0,0,0,0,,
HWB,HWB0331,DUNE,Waipori,Hydro,Hydro,2026-06-14,0,0,0,0,0,0,0,0,0,0,0,0,0,0,0,0,0,0,0,0,0,0,0,0,0,0,0,0,0,0,0,0,0,0,0,0,0,0,0,0,0,0,0,0,0,0,0,0,,
HWB,HWB0331,DUNE,Waipori,Hydro,Hydro,2026-06-15,0,0,0,0,0,0,0,0,0,0,0,0,0,0,0,0,0,0,0,0,0,0,0,0,0,0,0,0,0,0,0,0,0,0,0,0,0,0,0,0,0,0,0,0,0,0,0,0,,
HWB,HWB0331,DUNE,Waipori,Hydro,Hydro,2026-06-16,0,0,0,0,0,0,0,0,0,0,0,0,0,0,0,0,0,0,0,0,0,0,0,0,0,0,0,0,0,0,0,0,0,0,0,0,0,0,0,0,0,0,0,0,0,0,0,0,,
HWB,HWB0331,DUNE,Waipori,Hydro,Hydro,2026-06-17,0,0,0,0,0,0,0,0,0,0,0,0,0,0,0,0,0,0,0,0,0,0,0,0,0,0,0,0,0,0,0,0,0,0,0,0,0,0,0,0,0,0,0,0,0,0,0,0,,
HWB,HWB0331,DUNE,Waipori,Hydro,Hydro,2026-06-18,0,0,0,0,0,0,0,0,0,0,0,0,0,0,0,0,0,0,0,0,0,0,0,0,0,0,0,0,0,0,0,0,0,0,0,0,0,0,0,0,0,0,0,0,0,0,0,0,,
HWB,HWB0331,DUNE,Waipori,Hydro,Hydro,2026-06-19,0,0,0,0,0,0,0,0,0,0,0,0,0,0,0,0,0,0,0,0,0,0,0,0,0,0,0,0,0,0,0,0,0,0,0,0,0,0,0,0,0,0,0,0,0,0,0,0,,
HWB,HWB0331,DUNE,Waipori,Hydro,Hydro,2026-06-20,0,0,0,0,0,0,0,0,0,0,0,0,0,0,0,0,0,0,0,0,0,0,0,0,0,0,0,0,0,0,0,0,0,0,0,0,0,0,0,0,0,0,0,0,0,0,0,0,,
HWB,HWB0331,DUNE,Waipori,Hydro,Hydro,2026-06-21,0,0,0,0,0,0,0,0,0,0,0,0,0,0,0,0,0,0,0,0,0,0,0,0,0,0,0,0,0,0,0,0,0,0,0,0,0,0,0,0,0,0,0,0,0,0,0,0,,
HWB,HWB0331,DUNE,Waipori,Hydro,Hydro,2026-06-22,0,0,0,0,0,0,0,0,0,0,0,0,0,0,0,0,0,0,0,0,0,0,0,0,0,0,0,0,0,0,0,0,0,0,0,0,0,0,0,0,0,0,0,0,0,0,0,0,,
HWB,HWB0331,DUNE,Waipori,Hydro,Hydro,2026-06-23,0,0,0,0,0,0,0,0,0,0,0,0,0,0,0,0,0,0,0,0,0,0,0,0,0,0,0,0,0,0,0,0,0,0,0,0,0,0,0,0,0,0,0,0,0,0,0,0,,
HWB,HWB0331,DUNE,Waipori,Hydro,Hydro,2026-06-24,0,0,0,0,0,0,0,0,0,0,0,0,0,0,0,0,0,0,0,0,0,0,0,0,0,0,0,0,0,0,0,0,0,0,0,0,0,0,0,0,0,0,0,0,0,0,0,0,,
HWB,HWB0331,DUNE,Waipori,Hydro,Hydro,2026-06-25,0,0,0,0,0,0,0,0,0,0,0,0,0,0,0,0,0,0,0,0,0,0,0,0,0,0,0,0,0,0,0,0,0,0,0,0,0,0,0,0,0,0,0,0,0,0,0,0,,
HWB,HWB0331,DUNE,Waipori,Hydro,Hydro,2026-06-26,0,0,0,0,0,0,0,0,0,0,0,0,0,0,0,0,0,0,0,0,0,0,0,0,0,0,0,0,0,0,0,0,0,0,0,0,0,0,0,0,0,0,0,0,0,0,0,0,,
HWB,HWB0331,DUNE,Waipori,Hydro,Hydro,2026-06-27,0,0,0,0,0,0,0,0,0,0,0,0,0,0,0,0,0,0,0,0,0,0,0,0,0,0,0,0,0,0,0,0,0,0,0,0,0,0,0,0,0,0,0,0,0,0,0,0,,
HWB,HWB0331,DUNE,Waipori,Hydro,Hydro,2026-06-28,0,0,0,0,0,0,0,0,0,0,0,0,0,0,0,0,0,0,0,0,0,0,0,0,0,0,0,0,0,0,0,0,0,0,0,0,0,0,0,0,0,0,0,0,0,0,0,0,,
HWB,HWB0331,DUNE,Waipori,Hydro,Hydro,2026-06-29,0,0,0,0,0,0,0,0,0,0,0,0,0,0,0,0,0,0,0,0,0,0,0,0,0,0,0,0,0,0,0,0,0,0,0,0,0,0,0,0,0,0,0,0,0,0,0,0,,
HWB,HWB0331,DUNE,Waipori,Hydro,Hydro,2026-06-30,0,0,0,0,0,0,0,0,0,0,0,0,0,0,0,0,0,0,0,0,0,0,0,0,0,0,0,0,0,0,0,0,0,0,0,0,0,0,0,0,0,0,0,0,0,0,0,0,,
JRD,JRD1101,TODD,junctionroad,Gas,Thrml,2026-06-01,0,0,0,0,0,0,0,0,0,0,0,0,0,0,0,0,0,0,0,0,0,0,0,0,0,0,0,0,0,0,0,0,0,0,0,0,0,0,0,0,0,0,0,0,0,0,0,0,,
JRD,JRD1101,TODD,junctionroad,Gas,Thrml,2026-06-02,0,0,0,0,0,0,0,0,0,0,0,0,0,0,0,0,0,0,0,0,0,0,0,0,0,0,0,0,0,0,0,0,0,0,0,0,0,0,0,0,0,0,0,0,0,0,0,0,,
JRD,JRD1101,TODD,junctionroad,Gas,Thrml,2026-06-03,0,0,0,0,0,0,0,0,0,0,0,0,0,0,0,0,0,0,0,0,0,0,0,0,0,0,0,0,0,0,0,0,0,0,0,0,0,0,0,0,0,0,0,0,0,0,0,0,,
JRD,JRD1101,TODD,junctionroad,Gas,Thrml,2026-06-04,0,0,0,0,0,0,0,0,0,0,0,0,0,0,0,0,0,0,0,0,0,0,0,0,0,0,0,0,0,0,0,0,0,0,0,0,0,0,0,0,0,0,0,0,0,0,0,0,,
JRD,JRD1101,TODD,junctionroad,Gas,Thrml,2026-06-05,0,0,0,0,0,0,0,0,0,0,0,0,0,0,0,0,0,0,0,0,0,0,0,0,0,0,0,0,0,0,0,0,0,0,0,0,0,0,0,0,0,0,0,0,0,0,0,0,,
JRD,JRD1101,TODD,junctionroad,Gas,Thrml,2026-06-06,0,0,0,0,0,0,0,0,0,0,0,0,0,0,0,0,0,0,0,0,0,0,0,0,0,0,0,0,0,0,0,0,0,0,0,0,0,0,0,0,0,0,0,0,0,0,0,0,,
JRD,JRD1101,TODD,junctionroad,Gas,Thrml,2026-06-07,0,0,0,0,0,0,0,0,0,0,0,0,0,0,0,0,0,0,0,0,0,0,0,0,0,0,0,0,0,0,0,0,0,0,0,0,0,0,0,0,0,0,0,0,0,0,0,0,,
JRD,JRD1101,TODD,junctionroad,Gas,Thrml,2026-06-08,0,0,0,0,0,0,0,0,0,0,0,0,0,0,0,0,0,0,0,0,0,0,0,0,0,0,0,0,0,0,0,0,0,0,0,0,0,0,0,0,0,0,0,0,0,0,0,0,,
JRD,JRD1101,TODD,junctionroad,Gas,Thrml,2026-06-09,0,0,0,0,0,0,0,0,0,0,0,0,0,0,0,0,0,0,0,0,0,0,0,0,0,0,0,0,0,0,0,0,0,0,0,0,0,0,0,0,0,0,0,0,0,0,0,0,,
JRD,JRD1101,TODD,junctionroad,Gas,Thrml,2026-06-10,0,0,0,0,0,0,0,0,0,0,0,0,0,0,0,0,0,0,0,0,0,0,0,0,0,0,0,0,0,0,0,0,0,0,21630,23683,24022,24025,24024,24025,24024,24025,24028,24014,1749,0,0,0,,
JRD,JRD1101,TODD,junctionroad,Gas,Thrml,2026-06-11,0,0,0,0,0,0,0,0,0,0,0,0,22405,23604,23640,23636,23641,23637,23641,23643,23650,23653,23653,23656,23655,24080,24153,24155,24152,24155,24151,24130,45659,48232,48301,47691,47704,47733,47741,47706,47673,47650,47820,47910,47986,47949,47976,47981,,
JRD,JRD1101,TODD,junctionroad,Gas,Thrml,2026-06-12,8621,0,0,0,0,0,0,0,0,0,22401,24384,46685,48145,48110,48139,48159,47780,8365,0,0,0,0,0,0,0,0,0,0,0,0,0,0,21231,23467,23680,23877,24021,24019,24010,23993,23988,24312,24331,24335,24336,24331,24332,,
JRD,JRD1101,TODD,junctionroad,Gas,Thrml,2026-06-13,24335,24344,24342,24361,24364,24359,24356,24358,24357,24347,24333,24334,24331,24332,24334,24331,24331,24334,24339,24051,23813,23591,3144,0,0,0,0,0,0,0,0,3,21679,23287,23432,23581,23678,23661,23648,23653,23647,23654,23656,23652,23647,23652,23652,23672,,
JRD,JRD1101,TODD,junctionroad,Gas,Thrml,2026-06-14,1617,0,0,0,0,0,0,0,0,0,0,0,21527,23520,23477,23482,23472,23466,23272,23263,1732,0,0,0,0,0,0,0,0,0,0,0,21053,23140,23134,23132,23137,23136,23131,23112,23294,23354,1970,0,0,0,0,0,,
JRD,JRD1101,TODD,junctionroad,Gas,Thrml,2026-06-15,0,0,0,0,0,0,0,0,0,0,0,0,0,20702,23285,23284,23282,23285,23287,1902,0,0,0,0,0,0,0,0,0,0,0,20920,22883,22865,22854,22847,23011,23250,23254,23254,23254,23249,23248,23254,23275,23519,23520,23516,,
JRD,JRD1101,TODD,junctionroad,Gas,Thrml,2026-06-16,1833,0,0,0,0,0,0,0,0,0,0,0,0,0,20954,45698,48206,48135,48082,48079,47672,47515,47333,47445,47426,47354,47180,47057,47064,47052,47103,47179,47212,47288,47377,47776,48004,48104,48073,48056,48090,48079,48115,48295,48380,48306,48307,48228,,
JRD,JRD1101,TODD,junctionroad,Gas,Thrml,2026-06-17,8655,0,0,0,0,0,0,0,0,0,0,0,0,0,20128,23751,23780,23791,23785,23776,2479,0,0,0,0,0,0,0,0,0,20750,23776,23734,23752,44193,47866,47931,47966,47996,47996,48034,48100,48096,48069,48049,48018,48013,48036,,
JRD,JRD1101,TODD,junctionroad,Gas,Thrml,2026-06-18,26390,24386,24436,24470,24465,24430,24409,24424,24399,24447,24402,24411,24390,24397,24344,24145,24115,24083,24041,23527,23511,23417,23390,23273,23194,23191,23193,23192,23163,23169,23162,23157,23161,23141,44988,47341,47428,47607,47571,47677,47678,47699,47704,47740,47777,47715,47720,47689,,
JRD,JRD1101,TODD,junctionroad,Gas,Thrml,2026-06-19,47741,47716,47720,26238,24305,24289,24297,24349,24267,24276,24301,24309,46144,48103,48058,48029,48021,48053,48019,47989,47642,47518,25256,23230,23266,23269,23270,23270,23268,23269,23268,23264,23262,23514,23521,23724,23908,23995,24160,24166,24166,24165,24164,24165,24156,24135,24139,24136,,
JRD,JRD1101,TODD,junctionroad,Gas,Thrml,2026-06-20,24139,24148,24146,23765,23750,23755,23750,23769,23773,23775,23559,23533,23531,23532,23503,23504,23282,23258,23255,23106,23109,23042,23009,23006,23008,23007,22786,22789,22791,22788,22795,22795,22778,22759,22762,22911,22909,22907,22910,22909,22909,22909,22930,22933,22935,22940,22935,22937,,
JRD,JRD1101,TODD,junctionroad,Gas,Thrml,2026-06-21,1779,0,0,0,0,0,0,0,0,0,0,0,0,0,0,0,0,0,3,21246,22791,22793,22795,22786,22792,1638,0,0,0,0,0,21231,22937,22910,22907,22889,44837,47263,47263,47192,47200,47194,47192,47192,47331,47350,47344,47346,,
JRD,JRD1101,TODD,junctionroad,Gas,Thrml,2026-06-22,8240,0,0,0,0,0,0,0,0,0,0,0,21662,24266,24268,24259,24259,24276,24091,24014,23624,23614,23425,23417,23417,23196,23164,23159,23167,23164,23160,23173,23185,23182,23496,45135,47846,47836,47832,47830,47824,25880,23963,23985,23995,23991,24243,24240,,
JRD,JRD1101,TODD,junctionroad,Gas,Thrml,2026-06-23,24240,24238,24249,24244,24240,24254,24265,24265,24263,24256,24246,24213,46148,48248,48158,48053,48020,48072,47769,47778,26843,23596,23583,23548,23359,23355,23357,23391,23374,23361,23366,23357,23355,23408,23452,23561,23562,23545,23543,23541,23543,23541,23543,23544,23545,23572,23578,23577,,
JRD,JRD1101,TODD,junctionroad,Gas,Thrml,2026-06-24,23576,23576,23576,23568,23557,23553,23556,23554,23555,23555,23555,23557,23558,23532,33650,35011,47133,35380,35012,35024,35171,35085,34962,34995,24445,23334,23334,45279,47256,47224,47275,47313,47284,25688,23523,23636,23657,23687,23629,23605,23631,23635,23598,23583,23662,23644,23639,23656,,
JRD,JRD1101,TODD,junctionroad,Gas,Thrml,2026-06-25,5149,0,0,0,0,0,0,0,0,0,19558,23548,23524,23506,23521,23526,23536,23423,23390,23360,23461,23459,23262,23254,23256,23260,23397,23412,23503,23510,23758,23762,23776,23749,44565,47715,47632,47521,47336,47327,47303,47342,47352,47298,26035,23693,23708,23767,,
JRD,JRD1101,TODD,junctionroad,Gas,Thrml,2026-06-26,1956,0,0,0,0,0,0,0,0,0,21138,23771,23801,23776,23754,45703,47595,47593,47598,47594,47581,47527,47412,47359,47420,47450,47438,47494,47472,47235,47435,47462,47468,47430,47461,47450,47461,47464,47485,47498,47520,47513,47478,47453,47475,47478,25746,23884,,
JRD,JRD1101,TODD,junctionroad,Gas,Thrml,2026-06-27,2032,0,0,0,0,0,0,0,0,0,0,0,21383,45976,47712,47701,47697,47707,47636,47493,47344,25057,23375,1621,0,0,0,0,0,0,0,0,0,0,0,0,0,0,0,0,0,0,0,0,0,0,0,0,,
JRD,JRD1101,TODD,junctionroad,Gas,Thrml,2026-06-28,0,0,0,0,0,0,0,0,0,0,0,0,0,0,0,0,0,0,0,0,0,0,0,0,0,0,0,0,0,0,0,0,0,0,21808,23382,23529,23900,23871,23878,23864,23853,1902,0,0,0,0,0,,
JRD,JRD1101,TODD,junctionroad,Gas,Thrml,2026-06-29,0,0,0,0,0,0,0,0,0,0,22940,46093,48210,48039,47979,47980,47978,25616,23546,23511,23170,23172,23172,23170,1842,0,0,0,0,0,0,38377,47220,47203,47171,47261,47481,47711,48048,48170,48217,48213,48231,48246,48207,48203,48208,48232,,
JRD,JRD1101,TODD,junctionroad,Gas,Thrml,2026-06-30,8292,0,0,0,0,0,0,0,0,0,0,0,22559,24754,24750,24755,24753,24674,24546,24551,24555,24016,23811,23667,23663,23663,23662,23663,23663,23682,23680,23677,23679,23676,24001,24378,24430,24463,24503,24661,2101,0,0,0,0,0,0,0,,
KAW,KAW0111,HEDL,kawerau,Geo,Geo,2026-06-01,0,0,0,0,0,0,0,0,0,0,0,0,0,0,0,0,0,0,0,0,0,0,0,0,0,0,0,0,0,0,0,0,0,0,0,0,0,0,0,0,0,0,0,0,0,0,0,0,,
KAW,KAW0111,HEDL,kawerau,Geo,Geo,2026-06-02,0,0,0,0,0,0,0,0,0,0,0,0,0,0,0,0,0,0,0,0,0,0,0,0,0,0,0,0,0,0,0,0,0,0,0,0,0,0,0,0,0,0,0,0,0,0,0,0,,
KAW,KAW0111,HEDL,kawerau,Geo,Geo,2026-06-03,0,0,0,0,0,0,0,0,0,0,0,0,0,0,0,0,0,0,0,0,0,0,0,0,0,0,0,0,0,0,0,0,0,0,0,0,0,0,0,0,0,0,0,0,0,0,0,0,,
KAW,KAW0111,HEDL,kawerau,Geo,Geo,2026-06-04,0,0,0,0,0,0,0,0,0,0,0,0,0,0,0,0,0,0,0,0,0,0,0,0,0,0,0,0,0,0,0,0,0,0,0,0,0,0,0,0,0,0,0,0,0,0,0,0,,
KAW,KAW0111,HEDL,kawerau,Geo,Geo,2026-06-05,0,0,0,0,0,0,0,0,0,0,0,0,0,0,0,0,0,0,0,0,0,0,0,0,0,0,0,0,0,0,0,0,0,0,0,0,0,0,0,0,0,0,0,0,0,0,0,0,,
KAW,KAW0111,HEDL,kawerau,Geo,Geo,2026-06-06,0,0,0,0,0,0,0,0,0,0,0,0,0,0,0,0,0,0,0,0,0,0,0,0,0,0,0,0,0,0,0,0,0,0,0,0,0,0,0,0,0,0,0,0,0,0,0,0,,
KAW,KAW0111,HEDL,kawerau,Geo,Geo,2026-06-07,0,0,0,0,0,0,0,0,0,0,0,0,0,0,0,0,0,0,0,0,0,0,0,0,0,0,0,0,0,0,0,0,0,0,0,0,0,0,0,0,0,0,0,0,0,0,0,0,,
KAW,KAW0111,HEDL,kawerau,Geo,Geo,2026-06-08,0,0,0,0,0,0,0,0,0,0,0,0,0,0,0,0,0,0,0,0,0,0,0,0,0,0,0,0,0,0,0,0,0,0,0,0,0,0,0,0,0,0,0,0,0,0,0,0,,
KAW,KAW0111,HEDL,kawerau,Geo,Geo,2026-06-09,0,0,0,0,0,0,0,0,0,0,0,0,0,0,0,0,0,0,0,0,0,0,0,0,0,0,0,0,0,0,0,0,0,0,0,0,0,0,0,0,0,0,0,0,0,0,0,0,,
KAW,KAW0111,HEDL,kawerau,Geo,Geo,2026-06-10,0,0,0,0,0,0,0,0,0,0,0,0,0,0,0,0,0,0,0,0,0,0,0,0,0,0,0,0,0,0,0,0,0,0,0,0,0,0,0,0,0,0,0,0,0,0,0,0,,
KAW,KAW0111,HEDL,kawerau,Geo,Geo,2026-06-11,0,0,0,0,0,0,0,0,0,0,0,0,0,0,0,0,0,0,0,0,0,0,0,0,0,0,0,0,0,0,0,0,0,0,0,0,0,0,0,0,0,0,0,0,0,0,0,0,,
KAW,KAW0111,HEDL,kawerau,Geo,Geo,2026-06-12,0,0,0,0,0,0,0,0,0,0,0,0,0,0,0,0,0,0,0,0,0,0,0,0,0,0,0,0,0,0,0,0,0,0,0,0,0,0,0,0,0,0,0,0,0,0,0,0,,
KAW,KAW0111,HEDL,kawerau,Geo,Geo,2026-06-13,0,0,0,0,0,0,0,0,0,0,0,0,0,0,0,0,0,0,0,0,0,0,0,0,0,0,0,0,0,0,0,0,0,0,0,0,0,0,0,0,0,0,0,0,0,0,0,0,,
KAW,KAW0111,HEDL,kawerau,Geo,Geo,2026-06-14,0,0,0,0,0,0,0,0,0,0,0,0,0,0,0,0,0,0,0,0,0,0,0,0,0,0,0,0,0,0,0,0,0,0,0,0,0,0,0,0,0,0,0,0,0,0,0,0,,
KAW,KAW0111,HEDL,kawerau,Geo,Geo,2026-06-15,0,0,0,0,0,0,0,0,0,0,0,0,0,0,0,0,0,0,0,0,0,0,0,0,0,0,0,0,0,0,0,0,0,0,0,0,0,0,0,0,0,0,0,0,0,0,0,0,,
KAW,KAW0111,HEDL,kawerau,Geo,Geo,2026-06-16,0,0,0,0,0,0,0,0,0,0,0,0,0,0,0,0,0,0,0,0,0,0,0,0,0,0,0,0,0,0,0,0,0,0,0,0,0,0,0,0,0,0,0,0,0,0,0,0,,
KAW,KAW0111,HEDL,kawerau,Geo,Geo,2026-06-17,0,0,0,0,0,0,0,0,0,0,0,0,0,0,0,0,0,0,0,0,0,0,0,0,0,0,0,0,0,0,0,0,0,0,0,0,0,0,0,0,0,0,0,0,0,0,0,0,,
KAW,KAW0111,HEDL,kawerau,Geo,Geo,2026-06-18,0,0,0,0,0,0,0,0,0,0,0,0,0,0,0,0,0,0,0,0,0,0,0,0,0,0,0,0,0,0,0,0,0,0,0,0,0,0,0,0,0,0,0,0,0,0,0,0,,
KAW,KAW0111,HEDL,kawerau,Geo,Geo,2026-06-19,0,0,0,0,0,0,0,0,0,0,0,0,0,0,0,0,0,0,0,0,0,0,0,0,0,0,0,0,0,0,0,0,0,0,0,0,0,0,0,0,0,0,0,0,0,0,0,0,,
KAW,KAW0111,HEDL,kawerau,Geo,Geo,2026-06-20,0,0,0,0,0,0,0,0,0,0,0,0,0,0,0,0,0,0,0,0,0,0,0,0,0,0,0,0,0,0,0,0,0,0,0,0,0,0,0,0,0,0,0,0,0,0,0,0,,
KAW,KAW0111,HEDL,kawerau,Geo,Geo,2026-06-21,0,0,0,0,0,0,0,0,0,0,0,0,0,0,0,0,0,0,0,0,0,0,0,0,0,0,0,0,0,0,0,0,0,0,0,0,0,0,0,0,0,0,0,0,0,0,0,0,,
KAW,KAW0111,HEDL,kawerau,Geo,Geo,2026-06-22,0,0,0,0,0,0,0,0,0,0,0,0,0,0,0,0,0,0,0,0,0,0,0,0,0,0,0,0,0,0,0,0,0,0,0,0,0,0,0,0,0,0,0,0,0,0,0,0,,
KAW,KAW0111,HEDL,kawerau,Geo,Geo,2026-06-23,0,0,0,0,0,0,0,0,0,0,0,0,0,0,0,0,0,0,0,0,0,0,0,0,0,0,0,0,0,0,0,0,0,0,0,0,0,0,0,0,0,0,0,0,0,0,0,0,,
KAW,KAW0111,HEDL,kawerau,Geo,Geo,2026-06-24,0,0,0,0,0,0,0,0,0,0,0,0,0,0,0,0,0,0,0,0,0,0,0,0,0,0,0,0,0,0,0,0,0,0,0,0,0,0,0,0,0,0,0,0,0,0,0,0,,
KAW,KAW0111,HEDL,kawerau,Geo,Geo,2026-06-25,0,0,0,0,0,0,0,0,0,0,0,0,0,0,0,0,0,0,0,0,0,0,0,0,0,0,0,0,0,0,0,0,0,0,0,0,0,0,0,0,0,0,0,0,0,0,0,0,,
KAW,KAW0111,HEDL,kawerau,Geo,Geo,2026-06-26,0,0,0,0,0,0,0,0,0,0,0,0,0,0,0,0,0,0,0,0,0,0,0,0,0,0,0,0,0,0,0,0,0,0,0,0,0,0,0,0,0,0,0,0,0,0,0,0,,
KAW,KAW0111,HEDL,kawerau,Geo,Geo,2026-06-27,0,0,0,0,0,0,0,0,0,0,0,0,0,0,0,0,0,0,0,0,0,0,0,0,0,0,0,0,0,0,0,0,0,0,0,0,0,0,0,0,0,0,0,0,0,0,0,0,,
KAW,KAW0111,HEDL,kawerau,Geo,Geo,2026-06-28,0,0,0,0,0,0,0,0,0,0,0,0,0,0,0,0,0,0,0,0,0,0,0,0,0,0,0,0,0,0,0,0,0,0,0,0,0,0,0,0,0,0,0,0,0,0,0,0,,
KAW,KAW0111,HEDL,kawerau,Geo,Geo,2026-06-29,0,0,0,0,0,0,0,0,0,0,0,0,0,0,0,0,0,0,0,0,0,0,0,0,0,0,0,0,0,0,0,0,0,0,0,0,0,0,0,0,0,0,0,0,0,0,0,0,,
KAW,KAW0111,HEDL,kawerau,Geo,Geo,2026-06-30,0,0,0,0,0,0,0,0,0,0,0,0,0,0,0,0,0,0,0,0,0,0,0,0,0,0,0,0,0,0,0,0,0,0,0,0,0,0,0,0,0,0,0,0,0,0,0,0,,
KAW,KAW0112,CHHE,norskeskog,Geo,Geo,2026-06-01,13244,13248,13355,13247,13326,13424,13344,13390,13381,13401,13371,13383,13375,13356,13377,13264,13204,13225,13259,13159,13215,13126,12998,12970,13064,12967,13068,12896,12940,13005,13089,13028,12923,12912,13141,13121,13148,13139,13167,13192,13181,13188,13112,13134,13124,13142,13082,13151,,
KAW,KAW0112,CHHE,norskeskog,Geo,Geo,2026-06-02,13082,13082,12977,13037,13038,13115,13071,13033,13019,13080,13003,12972,12968,12956,12822,12501,12489,12597,12628,12676,12621,12478,12447,12678,12593,12534,12881,12836,12826,12776,12698,12470,12585,12752,12853,12837,12979,13015,12958,12880,12911,12929,12927,11590,10753,10772,10666,11074,,
KAW,KAW0112,CHHE,norskeskog,Geo,Geo,2026-06-03,11794,11558,12289,13019,12949,13103,13111,13125,13134,13078,13061,13067,12930,13075,13062,13054,13112,13096,13163,13152,13198,13165,12954,12674,12991,13110,13104,13071,13101,12952,13006,13024,13031,12960,12979,13174,13090,12996,12964,13057,13079,13071,13087,13169,13205,13087,13052,13156,,
KAW,KAW0112,CHHE,norskeskog,Geo,Geo,2026-06-04,13162,13105,13136,13169,13087,13156,13183,13165,13127,13100,13122,13166,13160,13180,13143,13152,13126,13195,13178,13148,13162,13112,13083,13033,13149,13060,13027,12935,12982,13123,13138,13168,13151,13128,13192,13139,13092,13103,13046,12894,13024,13056,13022,13053,13201,13166,13088,13027,,
KAW,KAW0112,CHHE,norskeskog,Geo,Geo,2026-06-05,13064,13005,13017,13042,13048,13067,13009,12985,13026,12986,13055,13074,13074,13161,13119,13109,13099,12967,12851,12924,12814,12574,12635,12728,12737,12874,12968,12896,12762,12706,12691,12737,12908,12995,12886,12812,12558,12709,12525,12921,12935,13132,13100,13100,12986,12855,12676,12465,,
KAW,KAW0112,CHHE,norskeskog,Geo,Geo,2026-06-06,12473,12502,12527,12441,12450,12465,12507,12504,12491,12602,12597,12548,13012,13085,12712,12912,12934,12898,12670,12768,12799,12724,12946,12924,12713,12613,12545,12648,12820,12897,12865,13032,12971,13050,13004,13015,13023,13140,13124,13067,13082,13154,13322,13251,13285,13281,13247,13174,,
KAW,KAW0112,CHHE,norskeskog,Geo,Geo,2026-06-07,13185,13008,13179,13077,13077,13179,13218,13146,13139,13151,13007,13187,13193,13047,13106,12826,12595,12689,12649,12695,12762,12683,12603,12564,12553,12544,12547,12488,12442,12534,12547,12591,12628,12795,12822,13236,13155,13218,13198,13233,13218,13190,13179,13213,13232,13225,13231,13192,,
KAW,KAW0112,CHHE,norskeskog,Geo,Geo,2026-06-08,13169,13162,13175,13152,13167,13202,13108,13158,13161,11223,9725,9722,9715,9655,9763,9660,9553,9470,9560,9030,8413,8372,7956,7374,7435,7433,7498,7499,7480,7496,7499,7439,7455,7468,7521,7481,7497,7457,7450,7450,7490,7497,7565,7581,7681,7628,7712,7894,,
KAW,KAW0112,CHHE,norskeskog,Geo,Geo,2026-06-09,7953,8022,8091,8178,8211,8233,8247,8264,8258,8295,8287,8292,8338,8401,8475,8505,8671,8757,8825,8798,9413,9841,9827,9884,9965,9975,9968,9942,9801,9930,9924,10016,9996,10027,9997,9998,9990,10000,9986,9973,9988,10044,10050,10048,10042,10030,9979,10067,,
KAW,KAW0112,CHHE,norskeskog,Geo,Geo,2026-06-10,10002,10003,9994,9889,9804,9862,9797,9631,9583,9621,9582,9553,9593,9487,9470,9430,9453,9447,9380,9324,9418,9393,9341,9257,9142,8749,9032,8665,8482,9178,8988,8964,8879,9005,8977,9043,9089,9098,9109,9027,9068,9154,9136,9097,9014,9056,9078,9118,,
KAW,KAW0112,CHHE,norskeskog,Geo,Geo,2026-06-11,9063,9047,9106,9023,8950,8971,8993,8965,8970,8957,8975,8897,8970,8824,8965,9021,9009,9003,8936,8864,8886,8905,8916,8951,8990,8947,8719,8634,8719,8711,8629,8430,8599,8686,8633,8620,8584,8530,8508,8465,8474,8493,8473,8519,8540,8473,8443,8484,,
KAW,KAW0112,CHHE,norskeskog,Geo,Geo,2026-06-12,8485,8489,8550,8503,8369,8316,8135,8086,8361,8551,8546,8552,8527,8511,8400,8360,8353,8301,8421,8507,8428,8261,8297,8246,8419,7891,8011,9423,10866,11959,12060,12033,12108,12137,12133,12141,12126,12134,12048,11945,11923,11933,11911,11948,11978,12023,11960,11847,,
KAW,KAW0112,CHHE,norskeskog,Geo,Geo,2026-06-13,11819,11882,11908,12010,11909,11860,11926,11936,11937,11935,11924,11860,11834,11823,11804,11812,11861,11887,11943,11939,11954,11959,11930,11897,11882,11900,11871,11852,11962,11927,11837,11954,11965,12437,12831,12893,12977,12885,12899,12875,12818,12753,12815,12905,12913,12891,12773,12737,,
KAW,KAW0112,CHHE,norskeskog,Geo,Geo,2026-06-14,12755,12757,12768,12687,12877,12936,12856,12789,12880,12943,12948,12862,12897,13056,12963,12849,12516,12639,12863,12977,12981,12936,12872,12759,12813,12763,12974,12908,12784,12942,12909,12930,12922,13019,13015,12983,13006,13059,13095,13012,13051,13011,13057,13011,13048,12938,12957,13065,,
KAW,KAW0112,CHHE,norskeskog,Geo,Geo,2026-06-15,13092,13074,13028,13081,12986,13123,13086,13104,13126,13103,13060,13089,13075,13032,12981,12561,12792,12798,12768,12759,12701,12770,12747,12726,12680,12477,12461,12672,12886,12802,12980,13033,12995,12943,13029,13002,13079,12979,13067,13017,13091,13060,13042,13076,13057,13088,13086,13015,,
KAW,KAW0112,CHHE,norskeskog,Geo,Geo,2026-06-16,13059,13013,12991,13000,13033,13042,12995,12999,13043,13038,13002,13026,13029,13038,13033,12991,13079,13192,13220,13180,13228,13229,13184,13023,13007,12951,12980,13025,12983,12994,12956,12930,12984,12973,12992,12977,12997,12985,13004,13011,13003,12988,12967,12960,12965,12943,12951,12978,,
KAW,KAW0112,CHHE,norskeskog,Geo,Geo,2026-06-17,12975,12981,12988,12965,12972,12978,12861,12907,12930,12951,12879,12874,12941,12901,12860,12775,12887,12946,13046,13056,13132,12973,12887,12930,12920,12867,13018,12899,12907,12868,12874,12865,12810,13001,13008,13010,13011,13037,13050,13005,13006,13059,13053,13070,13045,13023,13029,13053,,
KAW,KAW0112,CHHE,norskeskog,Geo,Geo,2026-06-18,13058,13068,13062,13032,13041,13064,13068,13055,13063,13037,13026,12922,12990,12935,13074,13106,13491,13598,13563,13465,13430,13607,13395,13350,13344,13385,13553,13524,13637,13673,13217,13110,12885,12912,12992,13049,13026,13026,13024,13049,13043,12996,13026,12855,12845,12859,12829,12975,,
KAW,KAW0112,CHHE,norskeskog,Geo,Geo,2026-06-19,13002,13031,13017,13009,13021,13003,13020,13006,12890,12998,12932,12903,12979,12997,12999,13009,12967,12974,12975,13018,12925,12774,12760,12648,12629,12627,12671,12782,12716,12907,12773,12996,12972,13021,13076,13069,13028,12935,12903,12872,12952,13015,13014,13029,13061,13007,13051,12990,,
KAW,KAW0112,CHHE,norskeskog,Geo,Geo,2026-06-20,12911,12882,12814,12869,12876,12835,12918,12866,12864,12853,12891,12849,12847,12887,12914,12956,12941,12810,12474,13012,12937,12922,12759,12914,12692,12451,12679,12741,12953,12942,12728,12949,13032,13098,13096,13024,13044,13041,13015,13029,13041,13009,13008,12985,13058,12967,12977,12942,,
KAW,KAW0112,CHHE,norskeskog,Geo,Geo,2026-06-21,12898,12993,12934,12969,12966,12926,13032,13025,12911,13062,12925,13066,13052,13077,13057,13050,13099,13031,12982,13024,13024,13042,13065,12935,13033,12832,12881,13049,13048,12995,12890,12717,12579,12370,12437,12767,12858,13008,13015,13134,13134,13133,13106,13098,13106,13125,13119,13094,,
KAW,KAW0112,CHHE,norskeskog,Geo,Geo,2026-06-22,13102,13105,13106,13124,13120,13129,13135,13136,13074,13081,13062,13061,13105,12986,12928,12944,12913,12896,12839,12922,13011,12948,12905,12875,12837,12897,12937,12751,12699,12752,12863,13046,13032,13067,13057,13052,13063,13025,13028,13045,13044,13039,13058,13082,13007,13036,13010,12995,,
KAW,KAW0112,CHHE,norskeskog,Geo,Geo,2026-06-23,12970,12970,13007,12999,12973,13009,13013,13017,13035,13039,13051,13060,13006,13013,13003,12813,12839,12938,13096,13093,13091,13102,13091,13021,13029,13072,13035,13070,13078,13066,13046,13036,13074,13091,13086,13091,13077,13003,12854,12820,12749,12854,12826,12874,12947,12976,12930,12912,,
KAW,KAW0112,CHHE,norskeskog,Geo,Geo,2026-06-24,12803,12900,12899,12861,12609,12915,13041,13002,13011,13012,13019,13006,12991,13175,13461,13256,13320,13335,13329,13411,13845,13473,13351,13405,13193,12974,12955,13012,12975,12955,12904,12993,13071,12998,13064,13026,12906,12339,12385,12608,12609,12560,12596,12675,12512,12467,12565,12795,,
KAW,KAW0112,CHHE,norskeskog,Geo,Geo,2026-06-25,12670,12891,12969,12967,12867,12794,12775,12805,12742,12643,12936,13085,13025,12954,12955,13011,12925,12852,12797,12788,12889,12682,12796,12749,12656,12859,12847,12763,12677,12775,13012,13026,12915,12832,13005,12938,12916,13039,13021,13014,13015,12965,12965,12994,12984,12627,12653,12766,,
KAW,KAW0112,CHHE,norskeskog,Geo,Geo,2026-06-26,12675,12621,12778,12836,12820,12788,12784,12842,12831,12794,12789,12801,12755,12767,12633,12632,12649,12690,12784,13079,13180,13077,13085,13162,13072,12947,12995,12860,12916,12840,12654,12657,12799,13002,13067,13074,12925,13029,13018,13065,12962,12990,12980,12970,13105,13124,13114,13137,,
KAW,KAW0112,CHHE,norskeskog,Geo,Geo,2026-06-27,13131,13135,13144,13135,13134,13091,13128,13113,13123,13103,13086,13105,13102,13085,13107,13102,13111,13124,13110,13015,13072,12881,12793,12426,12195,12151,12391,12690,12361,12250,12282,12535,12498,12634,12789,13053,12962,12914,12943,12967,12912,12955,12824,12880,13065,13074,12963,12955,,
KAW,KAW0112,CHHE,norskeskog,Geo,Geo,2026-06-28,12974,12935,12955,12900,12876,12894,12893,12867,13043,13049,13004,13032,13028,13014,12872,12924,12936,12833,12905,12859,12925,12832,12725,12572,12474,12564,12863,12619,12619,12583,12636,12835,12855,12835,12418,12450,12435,12441,12262,12293,12281,12310,12413,12395,12454,12476,12493,12443,,
KAW,KAW0112,CHHE,norskeskog,Geo,Geo,2026-06-29,12529,12688,12840,12903,12936,12964,12885,12895,12867,12939,12857,12957,12991,12970,12980,12973,12839,12852,12794,12780,12916,12898,12881,12853,12630,12825,12823,12974,12757,12820,12856,12856,12862,12953,12887,12736,12866,12791,12966,12937,13002,12981,12976,12834,12888,12956,12966,13007,,
KAW,KAW0112,CHHE,norskeskog,Geo,Geo,2026-06-30,13001,12992,12906,12826,12975,12818,12954,12854,12952,13015,13001,12936,12887,12996,12971,12946,12934,12973,12906,12970,12912,12847,12957,12911,12901,12755,12784,12816,12841,12658,12783,12782,12923,12988,13031,13027,12885,12858,13011,12911,12964,13017,12934,12862,12941,12910,12938,12950,,
KAW,KAW1101,KRGL,kawerau_new,Geo,Geo,2026-06-01,50469,50455,50475,50450,50465,50518,50514,50529,50544,50592,50591,50518,50430,50467,50380,50247,50322,50224,50161,50071,49993,50083,50061,50104,50015,49946,49916,49786,49840,49842,49896,49975,49946,49877,49919,49938,49945,49989,49941,49911,49916,49910,49819,49818,49819,49830,49761,49848,,
KAW,KAW1101,KRGL,kawerau_new,Geo,Geo,2026-06-02,49830,49829,49803,49787,49831,49791,49762,49768,49742,49763,49672,49612,49647,49626,49585,49473,49408,49481,49802,49734,49766,49789,49776,49645,49710,49799,49928,50197,50298,50353,50385,50348,50418,50440,50368,50404,50468,50515,50525,50526,50589,50572,50559,50533,50542,50530,50560,50603,,
KAW,KAW1101,KRGL,kawerau_new,Geo,Geo,2026-06-03,50627,50643,50685,50680,50659,50619,50607,50634,50653,50599,50638,50686,50709,50742,50748,50733,50745,50736,50726,50726,50705,50680,50657,50624,50606,50609,50641,50642,50633,50623,50609,50593,50583,50562,50576,50599,50637,50663,50639,50675,50728,50816,50873,50920,50900,50937,50967,51018,,
KAW,KAW1101,KRGL,kawerau_new,Geo,Geo,2026-06-04,51084,51090,51075,51091,51099,51093,51157,51207,51224,51233,51210,51242,51261,51241,51233,51229,51244,51228,51195,51153,51086,50991,50938,50873,50848,50783,50757,50772,50760,50691,50662,50720,50746,50767,50755,50746,50785,50789,50773,50742,50755,50737,50737,50739,50744,50751,50770,50727,,
KAW,KAW1101,KRGL,kawerau_new,Geo,Geo,2026-06-05,50695,50718,50715,50696,50687,50698,50670,50623,50624,50615,50596,50590,50607,50622,50605,50581,50517,50419,50335,50353,50356,50355,50390,50390,50373,50365,50376,50358,50359,50360,50391,50398,50393,50381,50340,50334,50344,50374,50418,50344,50290,50500,50487,50507,50475,50474,50499,50522,,
KAW,KAW1101,KRGL,kawerau_new,Geo,Geo,2026-06-06,50529,50545,50631,50637,50655,50660,50672,50693,50685,50684,50710,50730,50734,50711,50706,50673,50703,50734,50741,50727,50701,50672,50663,50701,50693,50612,50613,50577,50671,50654,50635,50606,50645,50687,50725,50722,50743,50805,50884,50919,50880,50906,50976,51003,51006,50979,50924,50919,,
KAW,KAW1101,KRGL,kawerau_new,Geo,Geo,2026-06-07,50911,50922,50975,51044,51070,51089,51094,51109,51083,51000,50987,50974,51041,51073,51101,51095,51094,51100,51059,51015,51147,51122,51092,51045,51071,51113,51207,51493,51202,51140,51120,51178,51255,51285,51279,51285,51293,51284,51231,51238,51276,51293,51359,51329,51311,51309,51357,51387,,
KAW,KAW1101,KRGL,kawerau_new,Geo,Geo,2026-06-08,51430,51467,51464,51465,51461,51469,51487,51497,51545,51532,51526,51525,51519,51514,51506,51531,51534,51445,51232,51235,51108,51056,51005,50954,50910,50879,50759,50748,50702,50725,50716,50847,50876,50914,50914,50916,51090,51101,51094,51034,51052,51066,51038,51032,50963,50998,50975,50893,,
KAW,KAW1101,KRGL,kawerau_new,Geo,Geo,2026-06-09,50866,50830,50871,50945,50975,51073,51127,51214,51230,51250,51251,51304,51360,51388,51367,51296,51299,51296,51308,51272,51203,51137,51116,50669,50081,48007,45673,45613,45609,45634,45691,45717,45740,45613,45599,45591,45758,45771,45643,45624,45682,45537,45426,45669,45721,45744,45489,45687,,
KAW,KAW1101,KRGL,kawerau_new,Geo,Geo,2026-06-10,45757,45713,45769,45793,45816,45784,45758,45752,45757,45762,45754,45766,45779,45743,45764,46129,46245,46278,46522,46607,41985,35425,35284,35438,40562,46866,46695,46699,46653,45700,45981,46442,46898,46891,46954,46961,46939,46893,46939,46932,46954,46944,46964,47008,47044,47066,47069,47035,,
KAW,KAW1101,KRGL,kawerau_new,Geo,Geo,2026-06-11,47050,47040,47049,47027,47041,47052,47068,47090,47086,47069,47128,47130,47127,47119,47071,47040,46977,46980,46899,46927,46894,46849,46809,46796,46793,46846,46824,46834,46803,46801,46798,46831,46779,46863,46855,46900,46952,47001,47019,47059,47030,47061,47068,47083,47109,47119,47140,47139,,
KAW,KAW1101,KRGL,kawerau_new,Geo,Geo,2026-06-12,47171,47192,47192,47183,47190,47168,47231,47229,47251,47246,47233,47235,47221,47219,47224,47237,47251,47236,47200,47171,47372,48886,48933,50210,51524,51541,51507,51439,51400,51324,51313,51301,51304,51312,51353,51392,51424,51407,51432,51417,51425,51457,51496,51513,51496,51503,51490,51517,,
KAW,KAW1101,KRGL,kawerau_new,Geo,Geo,2026-06-13,51544,51565,51618,51596,51567,51566,51533,51525,51514,51500,51520,51529,51549,51520,51504,51505,51504,51442,51337,51312,51257,51204,51358,51519,51444,51236,51209,51189,51185,51140,51104,51071,51113,51143,51154,51219,51266,51272,51257,51281,51306,51308,51314,51314,51356,51360,51379,51402,,
KAW,KAW1101,KRGL,kawerau_new,Geo,Geo,2026-06-14,51408,51410,51489,51439,51464,51449,51447,51464,51487,51494,51500,51524,51512,51481,51496,51547,51568,51539,51505,51436,51354,51281,51214,51119,51038,50981,50985,50981,50964,50951,50931,50979,50997,51032,51047,51057,51063,51042,51052,51056,51065,51088,51101,51111,51120,51124,51113,51108,,
KAW,KAW1101,KRGL,kawerau_new,Geo,Geo,2026-06-15,51119,51111,51114,51142,51141,51153,51159,51172,51217,51207,51232,51257,51265,51298,51318,51314,51237,51304,51275,51227,51146,51069,51012,51083,51025,50955,50904,50920,50896,50834,50837,50839,50920,50912,50963,51032,51047,51078,51040,51101,51135,51157,51124,51143,51139,51139,51142,51140,,
KAW,KAW1101,KRGL,kawerau_new,Geo,Geo,2026-06-16,51153,51175,51182,51154,51140,51144,51156,51181,51184,51199,51167,51184,51207,51182,51184,51175,51167,51156,51136,51117,51072,51044,51020,50960,50870,50861,50841,50766,50745,50795,50858,50947,50962,50960,50983,51011,51075,51111,51096,51105,51096,51103,51088,51070,51119,51159,51216,51256,,
KAW,KAW1101,KRGL,kawerau_new,Geo,Geo,2026-06-17,51310,51334,51351,51324,51336,51347,51361,51336,51326,51312,51334,51338,51353,51356,51413,51448,51459,51375,51342,51373,51352,51285,51139,50888,50651,50650,50728,50791,50780,50676,50632,50651,50658,50707,50726,50765,50783,50747,50822,50907,50922,50904,50942,50978,50984,50923,50956,50940,,
KAW,KAW1101,KRGL,kawerau_new,Geo,Geo,2026-06-18,50936,50973,50986,51003,50988,50974,50970,50976,50961,51007,51030,51006,50992,50980,50962,50970,50934,50927,50789,50826,50894,50294,50360,50424,50528,50587,50672,50701,50643,50538,50514,50567,50608,50638,50669,50694,50685,50665,50699,50703,50732,50728,50746,50753,50725,50770,50755,50732,,
KAW,KAW1101,KRGL,kawerau_new,Geo,Geo,2026-06-19,50746,50786,50774,50705,50727,50762,50751,50692,50659,50577,50575,50641,50678,50684,50764,50748,50751,50771,50685,50637,50573,50530,50514,50536,50530,50531,50562,50538,50524,50470,50465,50417,50401,50480,50492,50517,50535,50483,50477,50515,50503,50546,50588,50714,50753,50749,50736,50732,,
KAW,KAW1101,KRGL,kawerau_new,Geo,Geo,2026-06-20,50783,50775,50767,50809,50844,50826,50812,50848,50863,50875,50885,50907,50884,50867,50939,50979,50975,50952,50908,50895,50843,50768,50676,50625,50569,50562,50507,50491,50435,50433,50450,50441,50439,50417,50413,50449,50472,50474,50436,50434,50438,50453,50470,50465,50431,50465,50451,50403,,
KAW,KAW1101,KRGL,kawerau_new,Geo,Geo,2026-06-21,50339,50320,50282,50261,50299,50342,50328,50341,50347,50362,50373,50346,50336,50335,50368,50376,50331,50337,50333,50283,50290,50238,50207,50188,50134,50133,50046,50044,50186,50369,50159,49946,49985,50025,50012,50079,50140,50131,50205,50251,50353,50392,50427,50424,50451,50485,50488,50433,,
KAW,KAW1101,KRGL,kawerau_new,Geo,Geo,2026-06-22,50550,50569,50566,50561,50542,50579,50559,50557,50485,50444,50472,50419,50403,50446,50550,50608,50594,50544,50489,50480,50424,50435,50464,50456,50428,50449,50410,50403,50437,50439,50409,50378,50377,50430,50500,50523,50562,50594,50624,50637,50625,50605,50586,50581,50583,50612,50627,50675,,
KAW,KAW1101,KRGL,kawerau_new,Geo,Geo,2026-06-23,50676,50627,50581,50634,50675,50669,50656,50662,50711,50725,50739,50759,50733,50726,50698,50688,50716,50726,50721,50671,50651,50656,50660,50634,50615,50603,50574,50524,50508,50497,50453,50421,50425,50424,50353,50572,50861,50833,50813,50817,50872,50831,50781,50658,50638,50676,50669,50608,,
KAW,KAW1101,KRGL,kawerau_new,Geo,Geo,2026-06-24,50520,50432,50534,50447,50490,50438,50310,50321,50367,50498,50571,50482,50491,50540,50579,50595,50561,50547,50478,50422,45679,38108,38148,38169,45241,50056,49880,49949,49952,50070,50066,50002,50070,50070,49941,49895,49861,49837,49721,49687,49781,49835,49854,49940,49964,49794,49898,50024,,
KAW,KAW1101,KRGL,kawerau_new,Geo,Geo,2026-06-25,50056,50097,50381,50499,50493,50462,50432,50474,50384,50327,50354,50410,50388,50447,50518,50526,50495,50459,50401,50336,50329,50322,50139,50118,50135,50195,50283,50326,50415,50403,50385,50427,50449,50447,50450,50476,50583,50631,50683,50744,50762,50752,50768,50798,50765,50765,50759,50768,,
KAW,KAW1101,KRGL,kawerau_new,Geo,Geo,2026-06-26,50796,50801,50771,50738,50732,50743,50737,50737,50762,50758,50706,50713,50724,50753,50738,50718,50723,50740,50679,50644,50608,50598,50557,50560,50559,50500,50476,50432,50457,50584,50623,50658,50646,50658,50655,50637,50653,50665,50662,50695,50692,50652,50658,50641,50597,50586,50561,50538,,
KAW,KAW1101,KRGL,kawerau_new,Geo,Geo,2026-06-27,50548,50558,50582,50687,50683,50625,50567,50606,50660,50704,50699,50772,50798,50766,50793,50777,50855,50891,50772,50669,50547,50454,50467,50497,50483,50503,50471,50508,50456,50451,50419,50447,50402,50385,50385,50402,50392,50395,50424,50449,50481,50479,50509,50544,50546,50558,50505,50513,,
KAW,KAW1101,KRGL,kawerau_new,Geo,Geo,2026-06-28,50490,50461,50470,50438,50438,50412,50451,50433,50475,50506,50554,50546,50583,50655,50635,50630,50635,50528,50510,50425,50375,50370,50342,50360,50398,50385,50373,50397,50429,50486,50492,50471,50498,50510,50518,50548,50589,50597,50580,50595,50614,50607,50618,50607,50590,50561,50553,50541,,
KAW,KAW1101,KRGL,kawerau_new,Geo,Geo,2026-06-29,50551,50582,50628,50651,50681,50666,50696,50721,50704,50710,50757,50783,50783,50801,50806,50680,50760,50620,50550,50481,50437,50412,50381,50381,50533,50558,50571,50561,50536,50565,50596,50560,50546,50578,50576,50559,50598,50603,50576,50593,50589,50582,50578,50599,50593,50596,50613,50610,,
KAW,KAW1101,KRGL,kawerau_new,Geo,Geo,2026-06-30,50613,50624,50634,50657,50669,50665,50675,50667,50644,50648,50673,50697,50677,50688,50728,50726,50691,50571,50740,50718,50715,50856,51064,51216,51133,51138,51047,51044,51100,51091,51166,51143,51195,51109,51175,51144,51111,50980,51012,51023,51014,50999,50982,51049,51092,51130,51068,51130,,
KAW,KAW2201,TAOM,kawerau_(topp2),GEO,GEO,2026-06-01,36381,36612,36358,36376,36582,36472,36660,36613,36495,36571,36492,36707,37343,37546,37397,36932,36624,36729,36750,36676,36208,36290,36255,36373,36432,36292,36216,36206,36427,36687,36713,36561,36372,36471,36717,36491,36578,36619,36736,36992,36868,36861,36574,36721,36632,36645,33433,31444,,
KAW,KAW2201,TAOM,kawerau_(topp2),GEO,GEO,2026-06-02,31241,31288,31028,31274,31585,31925,31691,31709,31611,31698,31877,31896,31943,31890,32020,31748,32179,34288,36184,36531,36406,36163,36124,36308,35974,36015,36337,36289,36268,36124,36409,36733,36717,36653,36414,36589,36949,37508,37523,37554,37684,37609,37543,37620,37659,37628,37615,37716,,
KAW,KAW2201,TAOM,kawerau_(topp2),GEO,GEO,2026-06-03,37703,37836,37754,37372,37359,37135,36927,37234,37420,37511,37206,37333,37396,37397,37467,37394,37408,37444,37393,37419,37230,37001,36784,36804,36562,36762,36712,36146,36129,36534,36454,36897,36922,37180,37601,37840,37825,37814,37812,37893,37293,37328,37646,37987,37725,37828,37858,37598,,
KAW,KAW2201,TAOM,kawerau_(topp2),GEO,GEO,2026-06-04,38410,38011,38194,38181,38256,38064,38180,38330,38137,38492,38207,38201,38262,38194,38198,38278,38182,38504,38135,37436,37091,36902,36720,37001,36781,36454,36463,36744,36597,36796,36754,36955,37276,37299,37543,37451,37444,37628,37575,37543,37625,37597,37426,37554,37413,37445,37622,37749,,
KAW,KAW2201,TAOM,kawerau_(topp2),GEO,GEO,2026-06-05,37703,37639,37673,37612,37513,37666,37415,37430,37463,37257,37082,37178,36993,36794,36847,36507,36518,36587,36731,36740,36393,36447,36448,36595,36780,36604,36299,36427,36632,36439,36611,36638,36499,36599,36616,36629,36992,36744,36982,37195,37417,37799,37082,37287,37532,37273,37034,37122,,
KAW,KAW2201,TAOM,kawerau_(topp2),GEO,GEO,2026-06-06,36732,37234,37505,37536,37732,37516,37489,37520,37482,37530,37628,37543,37390,37559,37507,37552,37751,37623,37374,37177,36953,37171,37816,37333,36697,36697,36718,37033,37046,36753,36831,37135,37235,37631,37850,37906,37896,38040,38086,38235,38273,37967,37780,37882,37963,38269,38333,38090,,
KAW,KAW2201,TAOM,kawerau_(topp2),GEO,GEO,2026-06-07,37605,37253,37390,37078,37623,37724,37508,38061,38434,38123,37696,37974,38362,38238,38309,38393,38214,38258,37836,37740,37574,37244,36886,36679,36779,36781,36711,36699,36643,37185,36680,37314,37843,38248,38348,38481,38645,38328,38476,38479,38461,38473,38305,38301,38579,38201,38155,37839,,
KAW,KAW2201,TAOM,kawerau_(topp2),GEO,GEO,2026-06-08,38014,38399,38225,37999,38209,38335,38304,38391,38298,38335,38669,38355,38061,38338,38372,38370,38091,37450,36367,35857,35691,35817,35015,35780,36377,36382,36400,36408,36721,36788,36995,37212,36919,37142,37272,37043,37586,37293,37086,36971,37620,37359,37083,37265,37346,37050,36959,37068,,
KAW,KAW2201,TAOM,kawerau_(topp2),GEO,GEO,2026-06-09,37216,37058,37151,37405,37252,37593,37661,38046,37987,38135,38268,38418,38478,38468,38492,38543,38517,38308,37195,35567,35112,34610,34624,34157,34882,34815,35435,34498,34210,34722,34939,35099,35307,35928,35562,36654,37400,37432,37515,37518,37893,38188,38228,38253,38494,38092,38375,38491,,
KAW,KAW2201,TAOM,kawerau_(topp2),GEO,GEO,2026-06-10,38553,38546,38794,38703,38628,38631,38803,38681,38629,38705,38777,38678,38755,38808,38827,38810,38728,38449,38195,38070,37650,37344,37184,36929,36995,36652,36599,36604,36779,37036,37070,36920,37502,37732,38545,38447,38001,38131,38089,38220,38097,38251,38195,38134,37729,37517,37662,38075,,
KAW,KAW2201,TAOM,kawerau_(topp2),GEO,GEO,2026-06-11,38311,38474,38604,38436,38358,38285,38390,38227,38031,38150,38201,38274,38330,38268,38059,37851,38061,38167,38112,37679,37173,36673,36041,35606,35397,34678,35823,20634,12343,11862,11866,12199,12574,12776,11997,19435,34716,38467,37924,38100,38017,36743,36612,37200,38041,38487,38050,38011,,
KAW,KAW2201,TAOM,kawerau_(topp2),GEO,GEO,2026-06-12,38428,38567,38692,38682,38599,38519,38575,38432,38238,38219,38150,38050,37942,38104,38224,38268,38128,37976,37371,36707,36499,37084,36486,36182,36582,36916,36900,36542,36420,36630,36707,36471,36881,37893,38083,38134,38328,38143,38159,38219,38217,38393,38517,38410,38401,38469,38491,38435,,
KAW,KAW2201,TAOM,kawerau_(topp2),GEO,GEO,2026-06-13,38477,38488,38021,38337,38528,38271,38201,38061,37979,38205,38374,38373,38335,38390,38450,38522,38308,38115,37922,37487,37387,37012,36896,36832,36853,36733,36900,36961,36696,36959,37065,37181,37350,37825,38242,38257,38442,38296,38464,38347,38532,38400,38388,38472,38543,38525,38417,38698,,
KAW,KAW2201,TAOM,kawerau_(topp2),GEO,GEO,2026-06-14,38583,38162,37788,38036,38046,38119,38278,38147,38211,38136,38181,38065,38424,38406,37978,38269,38244,38056,37589,37462,36833,36251,36416,36826,36863,37082,36930,36929,37437,37355,37573,37623,37678,37669,37768,37965,37780,37756,37621,37172,37673,37567,37735,37650,37578,36875,37394,37625,,
KAW,KAW2201,TAOM,kawerau_(topp2),GEO,GEO,2026-06-15,37705,37782,37819,37990,38041,38055,37988,38033,38070,38015,37988,38032,38215,38326,38195,38204,37946,37564,37442,37599,37106,36628,36353,36615,36543,36466,36434,36628,36475,36647,36885,36913,37273,37530,37736,37648,37753,37553,37428,37560,38018,37905,37660,37563,37676,37647,37876,37711,,
KAW,KAW2201,TAOM,kawerau_(topp2),GEO,GEO,2026-06-16,37661,37679,37659,37639,37638,37840,38028,38018,37995,38007,37993,38026,38028,38035,37854,37220,36873,36341,36576,36572,36371,36405,36378,36241,36066,36187,36683,37305,37177,36252,35989,36142,36350,36849,37151,37072,36935,36947,36930,36839,36982,37073,37211,37175,37381,37724,37969,38225,,
KAW,KAW2201,TAOM,kawerau_(topp2),GEO,GEO,2026-06-17,38441,38551,38439,38494,38416,38474,38597,38099,37754,38218,38114,37974,38275,38210,38094,37607,37351,36951,36564,36218,35784,35027,34662,34437,34880,35989,37241,37092,36798,36451,36493,36614,37044,37419,38233,38239,38390,38236,38496,38432,38276,38058,37852,38021,37988,38030,38194,38234,,
KAW,KAW2201,TAOM,kawerau_(topp2),GEO,GEO,2026-06-18,38095,38468,38549,38423,38308,38226,38161,38261,38400,38379,38219,38152,38247,38195,38164,38035,38001,38321,38326,37862,36730,36572,35825,35240,34880,34790,34986,35096,35705,36197,37265,37633,37446,37421,37633,37723,37734,37433,37633,37703,38070,38046,38246,37856,37883,38269,37950,38008,,
KAW,KAW2201,TAOM,kawerau_(topp2),GEO,GEO,2026-06-19,38386,38349,38258,38116,38127,38322,38242,37688,37940,37957,38121,38283,38157,38336,38580,38346,38034,38074,37516,37023,37155,37172,36941,36574,36664,36590,36855,36583,36521,36390,36651,36615,37092,37411,37397,37614,37852,37540,37688,37696,37776,38185,38516,38329,38238,38340,38177,38100,,
KAW,KAW2201,TAOM,kawerau_(topp2),GEO,GEO,2026-06-20,38172,38229,38484,38568,38263,38194,38373,38345,38364,38731,38581,38395,38181,38248,38557,38596,38683,38397,37946,37478,36726,36150,35170,35085,36368,36274,36630,36944,36638,36909,36705,37091,37071,37301,37610,37840,37887,37725,37636,37576,37273,37257,37291,37255,37240,37342,37553,37324,,
KAW,KAW2201,TAOM,kawerau_(topp2),GEO,GEO,2026-06-21,37237,36603,36797,36811,36819,36849,36680,36726,36953,36982,37179,36868,37011,37277,37297,36978,37085,37201,36937,36478,36555,36518,35964,36351,36266,36173,36171,36265,36395,36631,35995,36184,36388,36538,36546,36824,36736,36578,36781,36540,36813,36833,36884,36944,36682,36853,37292,37428,,
KAW,KAW2201,TAOM,kawerau_(topp2),GEO,GEO,2026-06-22,37947,38073,38165,38045,38262,38290,38185,38209,38208,38186,38019,38034,37875,37987,37934,37951,37955,38034,37801,37070,36591,36852,37150,37091,36842,36758,36789,37013,36751,36573,36534,36940,37145,37383,37449,37367,37543,38074,38353,38278,37598,37637,37884,37928,37892,37980,37959,37915,,
KAW,KAW2201,TAOM,kawerau_(topp2),GEO,GEO,2026-06-23,37849,38043,38176,37643,37618,37843,37917,37721,37633,37685,37657,37676,37802,38044,38122,38143,38178,38025,37825,37683,37400,37311,37258,37967,37893,37802,37848,37591,37461,37283,37210,37219,37309,37553,37952,37999,37241,36956,37142,37408,38137,37891,37990,37457,37477,37371,37354,37223,,
KAW,KAW2201,TAOM,kawerau_(topp2),GEO,GEO,2026-06-24,37285,37381,37226,37334,37491,36355,36034,36243,36419,36868,37262,37041,36960,36968,37162,37389,37305,37390,37290,37328,36936,36715,36591,36530,36974,36910,36908,36888,36898,37475,36605,30239,23918,23557,23561,29154,35838,36709,36739,36425,36317,36524,36273,36504,35930,36163,36273,36437,,
KAW,KAW2201,TAOM,kawerau_(topp2),GEO,GEO,2026-06-25,36410,36844,36941,37234,37118,36931,36824,36642,37026,37312,36949,36648,36871,36810,37296,37076,37252,36812,37107,36862,37135,37046,36757,36413,36117,36245,36806,36662,36308,36656,36893,37181,37133,37292,37076,36579,36796,37061,37460,37574,37588,37863,38258,37949,38080,38045,38159,37715,,
KAW,KAW2201,TAOM,kawerau_(topp2),GEO,GEO,2026-06-26,37620,38196,38441,38242,38165,38094,38022,37894,37887,37643,37626,37707,37407,37333,37408,37474,37205,37001,36930,36770,36724,36650,36662,36744,36990,36969,36394,36518,36623,36350,36299,36714,37141,37222,37222,36934,37650,37815,37554,38106,37857,37693,37988,38084,38064,37928,38079,38157,,
KAW,KAW2201,TAOM,kawerau_(topp2),GEO,GEO,2026-06-27,38141,38084,37966,37970,38144,38184,38391,38329,38181,38048,37934,37986,37955,38283,38474,38440,38249,37896,37423,36994,36649,36829,36320,36412,35861,36120,36039,36112,36025,36241,36396,36596,36810,36642,36911,36738,36935,36933,37067,37251,37751,37951,38035,38115,37883,37666,37849,37901,,
KAW,KAW2201,TAOM,kawerau_(topp2),GEO,GEO,2026-06-28,37425,37187,37250,37374,37357,37404,37465,37525,37710,37906,37806,37619,37532,37504,37233,37174,36909,36807,36465,36474,36712,36118,35768,35966,36167,36236,36252,36088,36489,36877,36766,36884,37008,37346,37799,37852,37706,37728,37666,37641,37606,37565,37449,37440,37522,37520,37789,37966,,
KAW,KAW2201,TAOM,kawerau_(topp2),GEO,GEO,2026-06-29,37951,37598,37438,37367,37373,37372,37409,37481,37694,37519,37582,37994,37856,37570,37528,37672,37447,37261,36936,36388,36100,36665,36652,36707,36903,36905,36954,37062,36996,37099,37285,37520,37621,37810,38032,38065,38043,37838,37780,37724,37550,37501,37446,37830,37995,38102,38274,38279,,
KAW,KAW2201,TAOM,kawerau_(topp2),GEO,GEO,2026-06-30,38156,38085,38123,38340,38064,38231,38358,38232,38150,37895,38139,38181,38289,38101,38216,38103,38061,38013,37566,37134,37240,37368,37405,36738,37012,36999,37237,37058,37309,37364,37644,37391,37976,38680,38872,38761,38846,38390,38417,38715,38578,38531,38383,38539,38431,38601,38628,38535,,
KIN,KIN0112,POCO,kinleith,Wood,Cogen,2026-06-01,11687,11729,11626,11404,11575,11725,11745,11837,11608,11512,11815,10794,11802,11827,11647,11495,11981,12123,12082,11957,12036,12085,12003,12141,11631,12140,12061,11920,11795,11733,11604,11566,11560,11774,11468,11761,12142,12041,12428,12107,11559,11700,11780,11920,11846,11434,11877,11860,,
KIN,KIN0112,POCO,kinleith,Wood,Cogen,2026-06-02,11848,11795,11737,11790,11633,11393,11603,11570,11389,11209,10741,12396,12389,12237,11995,11652,10349,10420,10201,10013,10112,10432,10965,10941,10979,11353,11624,10898,12233,12168,12040,12013,12164,11796,12211,12267,12405,12345,12311,11608,11246,11345,11760,12082,12185,11724,11323,11132,,
KIN,KIN0112,POCO,kinleith,Wood,Cogen,2026-06-03,11557,11732,11725,11828,12044,11383,12125,11849,11680,11799,12045,12011,11805,11391,11006,12131,10800,11269,9988,9186,10309,9941,9550,10748,10439,10262,10748,10591,10639,11074,10513,10883,10825,12228,12058,12765,11934,11518,11519,11772,11115,10655,10690,10569,11355,11512,11322,11935,,
KIN,KIN0112,POCO,kinleith,Wood,Cogen,2026-06-04,12067,11392,11517,11919,12459,12043,12259,12112,12465,12163,12122,11948,12081,12164,12048,12096,11849,11956,12247,11825,11589,12051,11970,11927,11851,11969,11792,11580,11542,11847,11933,11959,11922,11951,12029,12098,11990,12039,12078,12023,12087,12102,12136,12229,12145,12032,12149,12068,,
KIN,KIN0112,POCO,kinleith,Wood,Cogen,2026-06-05,11823,12032,12081,12103,11910,11826,12094,11655,11749,11953,12054,12094,12094,12022,12076,12231,11475,11758,11697,11430,11044,11593,11445,11786,11925,11855,10909,10813,10865,10572,8902,8825,8330,7318,5896,7069,7551,8140,8595,7761,8672,10067,11463,10950,11661,11270,11011,10366,,
KIN,KIN0112,POCO,kinleith,Wood,Cogen,2026-06-06,11206,11530,11229,11104,11197,11201,11067,11127,11223,11072,10960,11017,10669,11252,10702,10627,10927,11059,9750,11146,11236,8178,8930,10174,9287,10585,11425,11628,11685,11860,11634,11642,11580,11558,11670,11538,9408,12687,11649,11460,12418,12351,12324,12457,12260,12358,12381,12241,,
KIN,KIN0112,POCO,kinleith,Wood,Cogen,2026-06-07,12386,12554,12300,12359,12334,12490,12403,12238,12381,12348,12394,12590,12705,12512,11418,12446,11940,12011,12260,12055,12138,12191,12145,12481,12241,11948,12197,12446,12578,12174,12181,11870,12431,11690,11756,11311,11896,11887,11524,12140,12242,12008,11472,11574,11938,11839,11569,11893,,
KIN,KIN0112,POCO,kinleith,Wood,Cogen,2026-06-08,11924,11801,11756,11910,11862,11878,11971,11567,11562,12326,11740,11845,11723,11654,11693,11721,11704,11685,11799,11840,11689,11988,12390,12292,11841,11728,12281,11900,11784,11669,11401,10751,10738,11644,11482,11826,11644,11922,11805,11881,11474,11135,11588,11605,10983,10819,10649,10000,,
KIN,KIN0112,POCO,kinleith,Wood,Cogen,2026-06-09,9847,9965,10122,10209,10000,9878,9896,9972,10008,9833,9909,9991,10155,10647,11604,11865,12666,11460,11930,12193,12062,12099,12087,11927,11257,10996,10673,10851,11139,11173,10975,10725,11122,11816,11933,11034,11177,11798,12145,11768,11472,9585,8894,11916,7189,8229,11855,12158,,
KIN,KIN0112,POCO,kinleith,Wood,Cogen,2026-06-10,12163,11779,9541,10921,11435,9438,9256,9318,10161,12599,12580,12538,11997,9682,9879,11574,12463,13035,12759,12657,11942,11916,12588,12700,12613,12651,12788,12774,12546,12724,12645,12669,12555,12569,12219,12173,12171,12308,12260,12339,12286,12348,12316,12260,12310,12183,12317,12352,,
KIN,KIN0112,POCO,kinleith,Wood,Cogen,2026-06-11,12247,12259,12248,12339,12333,12238,12116,12239,12220,12233,12159,12077,12126,12251,12145,12181,12092,12199,12110,12095,12109,12155,12264,12348,12112,12321,12475,12185,12306,12085,12084,12176,12144,12179,12095,12027,12235,12208,12140,12140,12096,11980,12243,12107,12123,12135,12189,12214,,
KIN,KIN0112,POCO,kinleith,Wood,Cogen,2026-06-12,12098,12094,12010,12205,12160,12135,11957,11978,12053,12054,12061,12088,11988,12104,12008,12050,12089,12080,12200,12234,11990,12121,12103,12168,11088,10191,8282,6220,6365,6885,7422,7996,8078,7546,7686,6622,6169,5584,5085,6211,6131,5596,5556,5904,6405,6429,6239,6179,,
KIN,KIN0112,POCO,kinleith,Wood,Cogen,2026-06-13,5961,5879,5705,5604,5601,6624,6441,6346,6279,6692,6724,6654,7209,6375,6364,8916,8187,7258,5214,5407,6396,7330,6875,8906,8779,9808,9772,9751,10017,10550,10582,9820,9905,10043,10647,9426,7857,8004,7416,7558,7313,6943,7145,7474,7959,8072,7633,8101,,
KIN,KIN0112,POCO,kinleith,Wood,Cogen,2026-06-14,8375,7659,7967,7296,7547,8832,9129,9068,9549,9613,9842,10286,10536,10287,8745,5833,5788,7349,8957,8836,8491,7349,7131,7354,8103,10163,9851,9455,10170,10081,8976,11375,12002,11658,11806,12180,12343,12069,11907,11854,12085,10362,10000,9835,10556,10605,11021,11987,,
KIN,KIN0112,POCO,kinleith,Wood,Cogen,2026-06-15,11866,11988,11060,10946,10916,10624,10690,10845,11250,10734,11101,10978,11025,11120,11025,10990,11309,11272,11022,11108,11120,12247,12006,12082,12182,12156,11642,11420,11932,10053,9370,9044,8132,8436,8817,9587,9699,8883,9559,9815,9242,10026,10276,10378,10712,10815,10172,10479,,
KIN,KIN0112,POCO,kinleith,Wood,Cogen,2026-06-16,10339,10732,10590,10733,10543,10681,10580,10654,10658,10484,10332,10329,10328,10567,10433,10449,11001,11441,11019,10959,10914,11581,11267,11056,10924,11111,11087,11600,11463,11068,10378,10984,9550,12066,11924,11080,11041,11158,10602,10446,10840,10708,10666,10812,10620,10460,10392,10709,,
KIN,KIN0112,POCO,kinleith,Wood,Cogen,2026-06-17,11694,10985,7230,8154,9688,10299,8827,8039,8285,8277,8321,8331,7786,7272,6353,5980,6771,7106,7836,7736,6863,7530,8559,9352,9122,9174,6435,0,0,0,0,0,0,0,0,0,0,0,0,0,0,0,0,0,0,0,0,712,,
KIN,KIN0112,POCO,kinleith,Wood,Cogen,2026-06-18,2956,5969,8332,8498,8476,8717,8445,8384,8353,8046,7765,8654,8794,9186,10097,9540,10275,10793,10647,10551,10768,11016,11051,11041,11570,11211,10837,10660,10566,10633,10745,10523,10598,10010,9479,9632,9519,8772,8219,8431,7789,8479,8277,6529,5478,5101,4938,5921,,
KIN,KIN0112,POCO,kinleith,Wood,Cogen,2026-06-19,6490,6250,5365,5495,6118,6475,8294,9372,10274,9483,9909,9552,9400,8716,6738,6904,7023,6989,6988,7209,7498,9733,8833,8814,9698,11106,10835,11595,11539,11491,10920,11659,11439,11553,11763,11740,11649,11419,11281,11501,11549,11664,11584,11125,11362,11509,11772,11680,,
KIN,KIN0112,POCO,kinleith,Wood,Cogen,2026-06-20,11832,11842,11905,11947,11932,11832,11867,12164,11928,10605,10267,10309,9031,10553,9256,9961,9977,10879,10863,11273,10948,10112,10896,11831,11775,11677,11995,11966,12038,11690,12097,11703,11807,11547,12102,12088,11944,11969,12156,12002,11720,11947,12050,12167,11977,11984,12134,12026,,
KIN,KIN0112,POCO,kinleith,Wood,Cogen,2026-06-21,12104,11987,12034,11893,12060,11877,12186,12241,12182,12122,12119,12175,12093,11911,12246,12090,11897,12206,12097,12159,12327,12060,12294,12239,12234,12299,12131,12267,12201,12207,12089,12241,12206,12139,12047,12229,12106,12141,11985,11993,12062,12027,11973,11307,11281,11560,11468,11393,,
KIN,KIN0112,POCO,kinleith,Wood,Cogen,2026-06-22,11358,11771,11527,11567,11702,11470,11524,11815,11921,11737,11346,11421,11893,11368,11598,11651,11455,11774,11496,11268,11428,11544,11255,11280,11632,11505,11660,11701,11621,11610,11659,11803,11912,11974,11516,12069,11767,11532,11153,11969,11687,12323,12398,12310,12150,12061,11986,12189,,
KIN,KIN0112,POCO,kinleith,Wood,Cogen,2026-06-23,12238,12201,12120,12264,12024,11965,11970,11993,11977,11959,11946,11931,11686,11568,11590,11657,12004,11779,11688,11902,11698,11484,11931,11690,11728,11829,11801,11933,11718,11691,11783,11829,11765,11756,11819,11924,11983,11937,11773,11876,12224,11833,11862,11829,11913,11665,11726,12477,,
KIN,KIN0112,POCO,kinleith,Wood,Cogen,2026-06-24,12277,11681,11616,11663,11683,11689,11710,11724,11886,11693,11814,11824,11689,11882,11854,11785,11778,11705,11943,11874,11792,11932,11951,12320,12401,12161,11842,11671,11236,11321,11505,11542,11767,11777,12245,12006,12021,12076,11800,11780,11860,11884,12052,12006,12037,11564,11793,11725,,
KIN,KIN0112,POCO,kinleith,Wood,Cogen,2026-06-25,11871,11738,11760,11683,11609,11660,11616,11700,11650,11610,11369,11773,11641,11700,12110,11844,11882,11911,12314,12335,11975,12176,12096,12227,12151,12337,12302,12049,12394,12217,12357,12315,12306,12360,12300,12280,12107,12087,11791,11413,11902,11661,12064,11563,12059,11983,12044,11963,,
KIN,KIN0112,POCO,kinleith,Wood,Cogen,2026-06-26,12035,12259,12138,12230,12507,12469,12428,12257,12150,12138,10504,11483,11860,11376,11057,11841,11509,11122,10875,10400,10497,10789,10661,9706,10430,9726,9732,9559,9212,8614,8636,8884,9452,8441,9276,9091,8334,8795,8615,8467,8824,9382,7885,8589,9744,8693,8159,9537,,
KIN,KIN0112,POCO,kinleith,Wood,Cogen,2026-06-27,9852,9769,8638,8889,9724,9326,10061,9381,8856,8979,9579,9916,10778,10820,11007,11003,10701,10954,11581,10578,11210,10796,11286,10985,11246,11318,11079,10824,10025,10819,11156,11725,11555,11284,11505,11821,11082,11086,9611,10752,10602,10521,10376,9484,10185,10245,10629,10043,,
KIN,KIN0112,POCO,kinleith,Wood,Cogen,2026-06-28,9915,9720,9321,9212,9819,9835,9243,9381,9982,10032,9702,9217,8943,9799,9997,10236,10350,10725,9990,9753,9804,10155,10251,10345,10464,10829,11770,11328,11269,11394,11529,11609,11619,11405,11584,11629,11897,11765,12048,12010,11566,11532,11459,11308,11937,12215,12201,12158,,
KIN,KIN0112,POCO,kinleith,Wood,Cogen,2026-06-29,12148,11966,12377,12302,11986,11794,11313,12333,12070,12219,12025,12143,12015,12033,12057,12262,11972,12234,12174,12004,12101,9201,12012,11623,10881,11324,11476,11675,11644,11840,11113,11874,12201,12140,12286,12024,12146,12286,12115,12145,11964,10856,10071,9444,9445,9444,9445,9444,,
KIN,KIN0112,POCO,kinleith,Wood,Cogen,2026-06-30,9444,9444,9444,9444,9444,9444,9444,9444,9444,9444,9443,9443,9444,9444,9444,9443,9444,9443,9444,9444,9444,9445,9445,9444,9445,9443,9444,9443,9443,9443,9443,9443,9442,9443,9444,9443,9404,9442,7330,4976,5595,6485,4939,5104,5228,5288,5326,5076,,
KIW,KIW2201,MRPL,kaiwera_downs_(stage_2),WIN,ONW,2026-06-01,56,748,2375,6191,7247,6000,4606,3747,9257,9510,13427,16242,16462,10869,17014,15906,16111,10578,10273,13661,12697,12446,8602,8704,7570,10675,12101,17566,15561,19021,17804,13656,12003,16367,20992,16652,20617,19794,23374,22220,21857,15988,14698,15574,16510,26145,27029,20904,,
KIW,KIW2201,MRPL,kaiwera_downs_(stage_2),WIN,ONW,2026-06-02,16519,8701,4228,947,501,6439,12141,20720,19612,19602,19456,17832,19783,27145,22415,17874,17739,13804,9966,7164,14456,12779,15325,32414,28699,32883,37040,34414,35153,27408,22535,20285,20844,22074,19717,19978,17396,12497,14198,11266,9072,5281,4313,2623,3245,4719,7149,8902,,
KIW,KIW2201,MRPL,kaiwera_downs_(stage_2),WIN,ONW,2026-06-03,13098,13785,19545,22196,26007,26494,24720,20373,16329,7989,7326,7358,7673,7161,4233,2866,135,113,766,1418,674,451,847,2126,3457,2793,3480,1103,522,20,0,0,26,194,1365,2733,4467,5696,7883,11633,16926,20082,21362,22716,26388,25335,25307,30872,,
KIW,KIW2201,MRPL,kaiwera_downs_(stage_2),WIN,ONW,2026-06-04,28484,20871,30548,33861,38429,32122,29777,26726,16463,21659,23164,23615,26168,26628,26072,21986,22164,24178,23310,22323,22181,23034,23336,20313,18909,16409,12835,12090,9629,11700,11227,15286,8787,11275,11872,13332,18528,14062,13979,11674,9704,7885,10279,5943,10117,11691,13578,16741,,
KIW,KIW2201,MRPL,kaiwera_downs_(stage_2),WIN,ONW,2026-06-05,7724,14857,10623,8232,14209,10236,7307,6068,8064,9427,7848,7160,9094,6587,7619,4274,2515,5401,7855,10861,7482,345,1580,2914,6290,6264,4893,3414,1579,1614,2991,3018,2286,1573,755,385,2577,6011,7825,11146,12978,17989,24569,26734,25090,28640,33540,31819,,
KIW,KIW2201,MRPL,kaiwera_downs_(stage_2),WIN,ONW,2026-06-06,31068,35653,33490,33676,31411,35280,40195,41011,41606,41316,41688,41247,38617,35891,37830,42358,42338,37200,39867,42689,39290,39867,42567,39607,34189,33962,25874,11198,6174,7028,9426,17896,40453,43504,44271,44029,43214,43866,43840,42297,43261,42367,43221,42863,43217,41311,40760,43307,,
KIW,KIW2201,MRPL,kaiwera_downs_(stage_2),WIN,ONW,2026-06-07,43444,43649,42942,42766,42188,43649,44010,43280,40748,38610,42910,43485,44295,43538,43755,45949,45272,45477,44314,43949,44383,44322,43930,40475,42736,44110,40262,42933,43439,42674,36376,27058,30746,31291,31494,29517,39535,43731,43977,44017,43740,43116,39348,34899,44099,46174,45617,44994,,
KIW,KIW2201,MRPL,kaiwera_downs_(stage_2),WIN,ONW,2026-06-08,44905,44895,40793,31218,33699,41968,41738,43583,43572,43005,43876,43512,43044,42979,43918,42550,44466,43833,43989,44308,41641,41879,43734,43862,42321,40310,41523,41395,41216,42336,41736,41623,41345,43721,42205,41520,41666,40930,42027,41876,41460,40929,40092,40987,41997,41010,41691,43003,,
KIW,KIW2201,MRPL,kaiwera_downs_(stage_2),WIN,ONW,2026-06-09,41269,41299,42011,41203,41683,42127,42164,42443,42453,40318,40297,40700,41388,40798,39703,39096,33415,26336,20197,16795,14851,17752,19528,23611,25908,30304,34711,35478,34274,39552,42846,36441,36880,34544,29107,33285,35643,36615,39350,34718,35027,27965,29824,26120,26205,30872,32509,29785,,
KIW,KIW2201,MRPL,kaiwera_downs_(stage_2),WIN,ONW,2026-06-10,25022,28210,27100,28934,29030,24279,21037,22430,21284,20232,18528,18439,15485,16393,14583,15334,14720,12249,8972,8116,5622,3812,4086,6157,10616,12655,14049,14741,18189,17441,13516,17353,22255,24610,25137,23617,22932,18174,15380,10517,8429,5950,3476,1419,1160,1607,4427,8840,,
KIW,KIW2201,MRPL,kaiwera_downs_(stage_2),WIN,ONW,2026-06-11,13189,6420,2499,2327,2043,1699,5458,7755,4729,4965,6642,12676,16644,16633,16476,15229,10661,10238,8436,8637,11452,11794,14093,14589,14408,14069,12256,13019,18727,21440,20137,22342,24014,23774,23144,18473,17975,18837,21204,28726,37638,44342,41426,40122,38595,41858,35786,35302,,
KIW,KIW2201,MRPL,kaiwera_downs_(stage_2),WIN,ONW,2026-06-12,32521,32419,42387,44189,44032,45563,46590,47303,44157,44051,43233,43835,43193,43390,35506,36826,41124,34934,30704,22153,21414,21974,19512,17850,14161,15064,15736,11040,8549,4622,5899,4962,7728,9993,13202,14479,12240,8143,3542,3369,5800,6358,6600,6743,7306,5620,5757,5489,,
KIW,KIW2201,MRPL,kaiwera_downs_(stage_2),WIN,ONW,2026-06-13,6438,5922,5337,5554,6736,5834,5438,5348,4532,5891,10136,7629,6863,8392,10291,10706,13773,15714,14955,13437,16239,13683,12001,9666,6786,2851,2527,827,125,0,0,0,0,28,92,994,2507,3224,4465,5109,4326,5654,12285,21563,31601,33418,35140,35861,,
KIW,KIW2201,MRPL,kaiwera_downs_(stage_2),WIN,ONW,2026-06-14,32695,30510,29194,31906,31479,32443,40331,39972,34818,30156,17516,18356,14973,9077,8448,13941,26656,31679,20351,15130,22609,27744,30231,28122,29817,25672,26342,34956,55401,46658,41656,37032,35283,32379,27017,19441,20995,20883,20242,18689,42584,35640,44496,43244,38960,36471,42490,45107,,
KIW,KIW2201,MRPL,kaiwera_downs_(stage_2),WIN,ONW,2026-06-15,49024,44391,44118,42865,41839,39375,37037,42347,45868,48628,48366,48749,48956,49514,46974,48419,44815,46127,44114,37380,35657,29406,26674,22532,24889,18615,10843,12029,16093,14481,14494,19383,18817,8617,7421,6695,5757,3990,1153,1381,116,1,3,0,0,0,0,28,,
KIW,KIW2201,MRPL,kaiwera_downs_(stage_2),WIN,ONW,2026-06-16,2,213,355,132,359,578,195,888,1599,2011,2347,1857,1667,1172,1994,2595,2386,2041,1726,2261,2424,5148,8934,17619,10919,6434,4233,3450,4837,6560,20603,33723,46560,44100,36582,46001,49225,51764,51396,54747,56060,54388,50419,51196,50611,49848,49472,43675,,
KIW,KIW2201,MRPL,kaiwera_downs_(stage_2),WIN,ONW,2026-06-17,44120,47625,48592,49388,50002,47892,47132,40877,40516,42271,48496,47584,47200,47135,48664,50389,47526,46167,41420,33951,42416,36051,39330,44933,41976,47468,47583,40718,47826,44656,48029,43157,46695,45909,45110,53706,50115,50135,50144,50144,50144,50144,50148,50182,50142,48386,42598,40128,,
KIW,KIW2201,MRPL,kaiwera_downs_(stage_2),WIN,ONW,2026-06-18,41789,42742,50360,55926,57181,54978,49529,43916,49309,58164,58072,56330,55406,55586,57045,57418,56941,53580,52132,47616,47040,44224,49497,55432,56750,55854,55183,56270,52280,13354,0,0,0,0,0,0,0,0,0,0,0,0,0,0,0,0,0,0,,
KIW,KIW2201,MRPL,kaiwera_downs_(stage_2),WIN,ONW,2026-06-19,0,0,0,0,0,0,0,0,0,0,0,0,0,0,0,0,0,0,0,0,0,0,0,0,0,0,0,0,0,0,0,0,0,0,0,0,0,0,0,0,0,0,0,0,0,0,0,0,,
KIW,KIW2201,MRPL,kaiwera_downs_(stage_2),WIN,ONW,2026-06-20,0,0,0,0,0,0,0,0,0,0,0,0,0,0,0,0,0,0,0,0,0,0,0,0,0,0,0,0,0,0,0,0,0,0,0,0,0,0,0,0,0,0,0,0,0,0,0,0,,
KIW,KIW2201,MRPL,kaiwera_downs_(stage_2),WIN,ONW,2026-06-21,0,0,0,0,0,0,0,0,0,0,0,0,0,0,0,0,0,0,0,0,0,0,0,0,0,0,0,0,0,0,0,0,0,0,0,0,0,0,0,0,0,0,0,0,0,0,0,0,,
KIW,KIW2201,MRPL,kaiwera_downs_(stage_2),WIN,ONW,2026-06-22,0,0,0,0,0,0,0,0,0,0,0,0,0,0,0,0,0,0,0,0,0,0,0,0,0,0,0,0,0,0,0,0,0,0,0,0,0,0,0,0,0,0,0,0,0,0,0,0,,
KIW,KIW2201,MRPL,kaiwera_downs_(stage_2),WIN,ONW,2026-06-23,0,0,0,0,0,0,0,0,0,0,0,0,0,0,0,0,0,0,0,0,0,0,0,0,0,0,0,0,0,0,0,0,0,0,0,0,0,0,0,0,0,0,0,0,0,0,0,0,,
KIW,KIW2201,MRPL,kaiwera_downs_(stage_2),WIN,ONW,2026-06-24,0,0,0,0,0,0,0,0,0,0,0,0,0,0,0,0,0,0,0,0,0,0,0,0,0,0,0,0,0,0,0,0,0,0,0,0,0,0,0,0,0,0,0,0,0,0,0,0,,
KIW,KIW2201,MRPL,kaiwera_downs_(stage_2),WIN,ONW,2026-06-25,0,0,0,0,0,0,0,0,0,0,0,0,0,0,0,0,0,0,0,0,0,0,0,0,0,0,0,0,0,0,0,0,0,0,0,0,0,0,0,0,0,0,0,0,0,0,0,0,,
KIW,KIW2201,MRPL,kaiwera_downs_(stage_2),WIN,ONW,2026-06-26,0,0,0,0,0,0,0,0,0,0,0,0,0,0,0,0,0,0,0,0,0,0,0,0,0,0,0,0,0,0,0,0,0,0,0,0,0,0,0,0,0,0,0,0,0,0,0,0,,
KIW,KIW2201,MRPL,kaiwera_downs_(stage_2),WIN,ONW,2026-06-27,0,0,0,0,0,0,0,0,0,0,0,0,0,0,0,0,0,0,0,0,0,0,0,0,0,0,0,0,0,0,0,0,0,0,0,0,0,0,0,0,0,0,0,0,0,0,0,0,,
KIW,KIW2201,MRPL,kaiwera_downs_(stage_2),WIN,ONW,2026-06-28,0,0,0,0,0,0,0,0,0,0,0,0,0,0,0,0,0,0,0,0,0,0,0,0,0,0,0,0,0,0,0,0,0,0,0,0,0,0,0,0,0,0,0,0,0,0,0,0,,
KIW,KIW2201,MRPL,kaiwera_downs_(stage_2),WIN,ONW,2026-06-29,0,0,0,0,0,0,0,0,0,0,0,0,0,0,0,0,0,0,0,0,0,0,0,0,0,0,0,0,0,0,0,0,0,0,0,0,0,0,0,0,0,0,0,0,0,0,0,0,,
KIW,KIW2201,MRPL,kaiwera_downs_(stage_2),WIN,ONW,2026-06-30,0,0,0,0,0,0,0,0,0,0,0,0,0,0,0,0,0,0,0,0,0,0,0,0,0,0,0,0,0,0,0,0,0,0,0,0,0,0,0,0,0,0,0,0,0,0,0,0,,
KOE,KOE1101,TOPE,Kohira,Solar,Solar,2026-06-01,0,0,0,0,0,0,0,0,0,0,0,0,0,0,0,0,8,149,284,378,719,777,906,1455,1104,1167,1684,1697,1020,996,806,640,271,186,13,0,0,0,0,0,0,0,0,0,0,0,0,0,,
KOE,KOE1101,TOPE,Kohira,Solar,Solar,2026-06-02,0,0,0,0,0,0,0,0,0,0,0,0,0,0,0,98,908,2164,3476,2812,4651,6481,7077,7406,7304,6573,7575,5548,4142,4201,3003,1360,1516,291,101,0,0,0,0,0,0,0,0,0,0,0,0,0,,
KOE,KOE1101,TOPE,Kohira,Solar,Solar,2026-06-03,0,0,0,0,0,0,0,0,0,0,0,0,0,0,0,221,1241,983,3531,4732,4840,6582,7306,7608,8482,8106,6961,6221,6362,5452,4373,3109,1722,668,109,0,0,0,0,0,0,0,0,0,0,0,0,0,,
KOE,KOE1101,TOPE,Kohira,Solar,Solar,2026-06-04,0,0,0,0,0,0,0,0,0,0,0,0,0,0,34,266,1162,2194,2340,4707,7378,7396,6556,5150,7090,7581,7736,7055,7814,7620,6334,4838,2042,521,63,0,0,0,0,0,0,0,0,0,0,0,0,0,,
KOE,KOE1101,TOPE,Kohira,Solar,Solar,2026-06-05,0,0,0,0,0,0,0,0,0,0,0,0,0,0,0,121,529,665,877,796,1095,2541,2555,1863,1117,1554,1375,1505,1656,699,248,44,33,29,0,0,0,0,0,0,0,0,0,0,0,0,0,0,,
KOE,KOE1101,TOPE,Kohira,Solar,Solar,2026-06-06,0,0,0,0,0,0,0,0,0,0,0,0,0,0,0,129,818,969,3283,4755,7620,7669,7602,7491,6708,7447,7764,7534,7610,6948,5664,3877,2496,667,122,0,0,0,0,0,0,0,0,0,0,0,0,0,,
KOE,KOE1101,TOPE,Kohira,Solar,Solar,2026-06-07,0,0,0,0,0,0,0,0,0,0,0,0,0,0,0,220,1366,3272,5656,7117,6654,5566,6267,6437,4836,5687,7100,6400,6611,7456,6607,4659,2381,789,91,0,0,0,0,0,0,0,0,0,0,0,0,0,,
KOE,KOE1101,TOPE,Kohira,Solar,Solar,2026-06-08,0,0,0,0,0,0,0,0,0,0,0,0,0,0,0,189,1424,3900,4562,5922,4781,5847,5338,3197,7267,5287,6805,8292,7836,8353,7571,5945,2481,473,82,0,0,0,0,0,0,0,0,0,0,0,0,0,,
KOE,KOE1101,TOPE,Kohira,Solar,Solar,2026-06-09,0,0,0,0,0,0,0,0,0,0,0,0,0,0,0,257,1189,3098,3634,4481,2934,6964,4563,6152,4666,7323,6556,5265,7861,8442,7647,5190,2557,998,236,0,0,0,0,0,0,0,0,0,0,0,0,0,,
KOE,KOE1101,TOPE,Kohira,Solar,Solar,2026-06-10,0,0,0,0,0,0,0,0,0,0,0,0,0,0,0,234,1627,4141,6702,8393,8519,8399,8189,7997,7872,7937,8123,8330,8564,8771,8133,5976,3568,1258,124,0,0,0,0,0,0,0,0,0,0,0,0,0,,
KOE,KOE1101,TOPE,Kohira,Solar,Solar,2026-06-11,0,0,0,0,0,0,0,0,0,0,0,0,0,0,0,219,1569,4035,6607,8343,8522,8315,8012,7784,7695,7793,8019,8263,8537,8600,7952,5777,3428,1193,118,0,0,0,0,0,0,0,0,0,0,0,0,0,,
KOE,KOE1101,TOPE,Kohira,Solar,Solar,2026-06-12,0,0,0,0,0,0,0,0,0,0,0,0,0,0,0,197,657,1180,1407,1921,2091,2428,3079,4381,5011,3993,3953,3539,4871,3416,2091,2013,1487,328,34,0,0,0,0,0,0,0,0,0,0,0,0,0,,
KOE,KOE1101,TOPE,Kohira,Solar,Solar,2026-06-13,0,0,0,0,0,0,0,0,0,0,0,0,0,0,0,65,725,1623,1768,3086,5733,5610,6067,4734,6219,6313,3479,4674,7847,8857,7998,5988,3778,1135,134,0,0,0,0,0,0,0,0,0,0,0,0,0,,
KOE,KOE1101,TOPE,Kohira,Solar,Solar,2026-06-14,0,0,0,0,0,0,0,0,0,0,0,0,0,0,0,141,1192,3892,6428,8133,8240,8005,7731,7560,7495,7606,7732,8024,8316,8410,7802,5636,3309,1098,82,0,0,0,0,0,0,0,0,0,0,0,0,0,,
KOE,KOE1101,TOPE,Kohira,Solar,Solar,2026-06-15,0,0,0,0,0,0,0,0,0,0,0,0,0,0,0,100,562,1472,5979,7655,8064,7887,7703,7244,4962,2901,3748,4121,3903,8713,7822,5685,2113,845,190,0,0,0,0,0,0,0,0,0,0,0,0,0,,
KOE,KOE1101,TOPE,Kohira,Solar,Solar,2026-06-16,0,0,0,0,0,0,0,0,0,0,0,0,0,0,0,83,136,291,1157,2844,1890,3563,4773,4767,4566,6665,7330,6540,3824,7284,7839,4846,2643,1242,108,0,0,0,0,0,0,0,0,0,0,0,0,0,,
KOE,KOE1101,TOPE,Kohira,Solar,Solar,2026-06-17,0,0,0,0,0,0,0,0,0,0,0,0,0,0,0,153,1139,1244,1945,6068,2670,1997,3131,3377,4561,7122,7111,5560,3480,5918,935,3430,3528,948,66,0,0,0,0,0,0,0,0,0,0,0,0,0,,
KOE,KOE1101,TOPE,Kohira,Solar,Solar,2026-06-18,0,0,0,0,0,0,0,0,0,0,0,0,0,0,0,106,1362,3751,6292,8054,7578,2881,7025,4535,5036,4894,3818,4460,3477,4620,5950,4260,2387,1005,97,0,0,0,0,0,0,0,0,0,0,0,0,0,,
KOE,KOE1101,TOPE,Kohira,Solar,Solar,2026-06-19,0,0,0,0,0,0,0,0,0,0,0,0,0,0,0,123,1172,3867,6381,5746,6709,7198,6637,6995,8247,4228,5302,8008,7013,8766,8138,6148,2340,673,103,0,0,0,0,0,0,0,0,0,0,0,0,0,,
KOE,KOE1101,TOPE,Kohira,Solar,Solar,2026-06-20,0,0,0,0,0,0,0,0,0,0,0,0,0,0,6,266,1434,1255,1549,2595,3288,3885,3889,5475,7445,5894,6086,7677,7593,7920,5798,4491,2833,779,94,0,0,0,0,0,0,0,0,0,0,0,0,0,,
KOE,KOE1101,TOPE,Kohira,Solar,Solar,2026-06-21,0,0,0,0,0,0,0,0,0,0,0,0,0,0,0,59,331,898,1564,3256,2668,3198,4506,3730,3638,2988,3821,2993,2710,1576,1766,2039,1995,859,64,0,0,0,0,0,0,0,0,0,0,0,0,0,,
KOE,KOE1101,TOPE,Kohira,Solar,Solar,2026-06-22,0,0,0,0,0,0,0,0,0,0,0,0,0,0,0,123,546,1211,3141,7341,8331,8031,5403,6307,4263,6563,7837,8159,7681,6350,6423,4716,2788,1251,169,0,0,0,0,0,0,0,0,0,0,0,0,0,,
KOE,KOE1101,TOPE,Kohira,Solar,Solar,2026-06-23,0,0,0,0,0,0,0,0,0,0,0,0,0,0,0,194,1142,1799,3470,3863,4651,5816,6171,9497,7991,2747,5696,5730,8710,6297,4528,3439,2284,246,31,0,0,0,0,0,0,0,0,0,0,0,0,0,,
KOE,KOE1101,TOPE,Kohira,Solar,Solar,2026-06-24,0,0,0,0,0,0,0,0,0,0,0,0,0,0,0,33,418,1231,2097,2887,3004,2888,2544,3110,2971,6199,5803,5584,2433,3800,4693,3567,3071,885,105,0,0,0,0,0,0,0,0,0,0,0,0,0,,
KOE,KOE1101,TOPE,Kohira,Solar,Solar,2026-06-25,0,0,0,0,0,0,0,0,0,0,0,0,0,0,0,0,115,176,998,832,1516,2213,2470,3022,2476,3726,2567,1732,2185,1539,1090,1104,1362,326,98,0,0,0,0,0,0,0,0,0,0,0,0,0,,
KOE,KOE1101,TOPE,Kohira,Solar,Solar,2026-06-26,0,0,0,0,0,0,0,0,0,0,0,0,0,0,0,40,301,1214,1938,3693,4599,4087,3880,5316,3161,2040,3093,5259,5865,5392,3401,1869,969,678,117,0,0,0,0,0,0,0,0,0,0,0,0,0,,
KOE,KOE1101,TOPE,Kohira,Solar,Solar,2026-06-27,0,0,0,0,0,0,0,0,0,0,0,0,0,0,0,127,633,2765,6558,4661,8637,6726,7952,7966,7827,7340,7728,8431,7978,8324,8234,6190,3297,1036,109,0,0,0,0,0,0,0,0,0,0,0,0,0,,
KOE,KOE1101,TOPE,Kohira,Solar,Solar,2026-06-28,0,0,0,0,0,0,0,0,0,0,0,0,0,0,0,133,1217,3506,6036,7685,5966,8133,6949,7242,6750,5962,5618,7977,7850,6991,7665,5802,3496,1290,168,0,0,0,0,0,0,0,0,0,0,0,0,0,,
KOE,KOE1101,TOPE,Kohira,Solar,Solar,2026-06-29,0,0,0,0,0,0,0,0,0,0,0,0,0,0,0,132,910,3638,6282,7985,7813,6921,7497,7529,7433,7563,7846,7012,7280,4855,5334,5281,2397,799,203,0,0,0,0,0,0,0,0,0,0,0,0,0,,
KOE,KOE1101,TOPE,Kohira,Solar,Solar,2026-06-30,0,0,0,0,0,0,0,0,0,0,0,0,0,0,0,126,1270,3637,6209,8083,8327,8149,7464,7703,7570,7582,6460,7577,4881,1954,1772,1445,950,437,49,0,0,0,0,0,0,0,0,0,0,0,0,0,,
KOE,KOE1101,TOPE,Pukenui,Solar,Solar,2026-06-01,0,0,0,0,0,0,0,0,0,0,0,0,0,0,0,0,17,104,193,276,384,404,624,557,685,952,1058,684,566,380,463,267,147,36,0,0,0,0,0,0,0,0,0,0,0,0,0,0,,
KOE,KOE1101,TOPE,Pukenui,Solar,Solar,2026-06-02,0,0,0,0,0,0,0,0,0,0,0,0,0,0,1,163,697,1339,2059,2765,2936,1813,2399,1701,3633,2869,4068,3695,2943,2728,1820,601,466,436,19,0,0,0,0,0,0,0,0,0,0,0,0,0,,
KOE,KOE1101,TOPE,Pukenui,Solar,Solar,2026-06-03,0,0,0,0,0,0,0,0,0,0,0,0,0,0,2,200,1011,542,2228,2983,3565,3896,3809,4506,4634,4558,4467,4099,3423,3031,2360,1610,907,346,55,0,0,0,0,0,0,0,0,0,0,0,0,0,,
KOE,KOE1101,TOPE,Pukenui,Solar,Solar,2026-06-04,0,0,0,0,0,0,0,0,0,0,0,0,0,0,13,207,944,1406,2242,2572,3040,3526,4128,3525,2608,3915,4109,2551,2876,1807,2102,1566,667,338,34,0,0,0,0,0,0,0,0,0,0,0,0,0,,
KOE,KOE1101,TOPE,Pukenui,Solar,Solar,2026-06-05,0,0,0,0,0,0,0,0,0,0,0,0,0,0,15,201,168,570,397,691,632,593,1622,1302,947,1119,498,1118,560,98,38,13,102,35,0,0,0,0,0,0,0,0,0,0,0,0,0,0,,
KOE,KOE1101,TOPE,Pukenui,Solar,Solar,2026-06-06,0,0,0,0,0,0,0,0,0,0,0,0,0,0,9,83,660,285,879,2883,2685,3767,4486,4265,4273,4339,3763,3374,2471,3362,2353,1586,647,295,59,0,0,0,0,0,0,0,0,0,0,0,0,0,,
KOE,KOE1101,TOPE,Pukenui,Solar,Solar,2026-06-07,0,0,0,0,0,0,0,0,0,0,0,0,0,0,1,164,748,1347,1991,2766,2136,3719,2848,3547,3765,2599,4176,3116,2491,2589,2191,1516,756,334,55,0,0,0,0,0,0,0,0,0,0,0,0,0,,
KOE,KOE1101,TOPE,Pukenui,Solar,Solar,2026-06-08,0,0,0,0,0,0,0,0,0,0,0,0,0,0,0,106,678,1320,2058,2173,2142,3821,4239,4199,3499,2652,3284,4292,4035,2539,2237,1368,956,724,146,0,0,0,0,0,0,0,0,0,0,0,0,0,,
KOE,KOE1101,TOPE,Pukenui,Solar,Solar,2026-06-09,0,0,0,0,0,0,0,0,0,0,0,0,0,0,0,71,363,882,1700,2126,2828,3183,4093,3153,3319,3025,3021,3970,3270,2972,2275,1521,976,376,53,0,0,0,0,0,0,0,0,0,0,0,0,0,,
KOE,KOE1101,TOPE,Pukenui,Solar,Solar,2026-06-10,0,0,0,0,0,0,0,0,0,0,0,0,0,0,0,126,649,1316,2044,2740,3301,3825,4207,4470,4602,4596,4409,4073,3627,3087,2383,1577,896,379,66,0,0,0,0,0,0,0,0,0,0,0,0,0,,
KOE,KOE1101,TOPE,Pukenui,Solar,Solar,2026-06-11,0,0,0,0,0,0,0,0,0,0,0,0,0,0,0,116,503,1288,1995,2695,3301,3805,4193,4415,4556,4538,4353,4013,3567,3004,2279,1557,891,371,61,0,0,0,0,0,0,0,0,0,0,0,0,0,,
KOE,KOE1101,TOPE,Pukenui,Solar,Solar,2026-06-12,0,0,0,0,0,0,0,0,0,0,0,0,0,0,0,159,637,910,1172,1517,1680,1841,1690,2186,2553,2668,2633,2096,2259,2292,1625,1134,624,230,33,0,0,0,0,0,0,0,0,0,0,0,0,0,,
KOE,KOE1101,TOPE,Pukenui,Solar,Solar,2026-06-13,0,0,0,0,0,0,0,0,0,0,0,0,0,0,0,40,210,548,996,1280,2145,2374,2692,4072,3190,3959,3572,3105,2719,1658,1116,755,815,337,48,0,0,0,0,0,0,0,0,0,0,0,0,0,,
KOE,KOE1101,TOPE,Pukenui,Solar,Solar,2026-06-14,0,0,0,0,0,0,0,0,0,0,0,0,0,0,0,101,588,1218,1903,2592,3169,3656,4030,4294,4448,3966,4104,3988,3633,3027,2284,1545,880,336,39,0,0,0,0,0,0,0,0,0,0,0,0,0,,
KOE,KOE1101,TOPE,Pukenui,Solar,Solar,2026-06-15,0,0,0,0,0,0,0,0,0,0,0,0,0,0,0,77,452,822,1879,2556,3124,3605,3995,3819,1927,1180,3099,3376,1783,1655,967,1369,741,491,113,0,0,0,0,0,0,0,0,0,0,0,0,0,,
KOE,KOE1101,TOPE,Pukenui,Solar,Solar,2026-06-16,0,0,0,0,0,0,0,0,0,0,0,0,0,0,0,60,457,728,1790,1982,2404,1658,2465,1517,2898,2353,2904,3118,2462,1654,2105,1625,839,340,94,0,0,0,0,0,0,0,0,0,0,0,0,0,,
KOE,KOE1101,TOPE,Pukenui,Solar,Solar,2026-06-17,0,0,0,0,0,0,0,0,0,0,0,0,0,0,0,67,575,751,932,1290,2212,962,744,1002,2327,2018,2027,1614,1916,2086,1102,518,513,202,22,0,0,0,0,0,0,0,0,0,0,0,0,0,,
KOE,KOE1101,TOPE,Pukenui,Solar,Solar,2026-06-18,0,0,0,0,0,0,0,0,0,0,0,0,0,0,0,66,564,771,1046,1193,1746,1988,2330,1988,1458,2517,2764,1764,1580,1445,1684,1144,521,390,41,0,0,0,0,0,0,0,0,0,0,0,0,0,,
KOE,KOE1101,TOPE,Pukenui,Solar,Solar,2026-06-19,0,0,0,0,0,0,0,0,0,0,0,0,0,0,0,80,516,749,1100,1511,710,1550,2333,1910,2647,1928,3939,2541,2651,2502,2099,1555,797,236,70,0,0,0,0,0,0,0,0,0,0,0,0,0,,
KOE,KOE1101,TOPE,Pukenui,Solar,Solar,2026-06-20,0,0,0,0,0,0,0,0,0,0,0,0,0,0,10,164,490,546,1017,1457,1992,2582,2230,3269,4521,4059,2814,3398,3576,2736,2603,1655,951,491,63,1,0,0,0,0,0,0,0,0,0,0,0,0,,
KOE,KOE1101,TOPE,Pukenui,Solar,Solar,2026-06-21,0,0,0,0,0,0,0,0,0,0,0,0,0,0,0,49,598,569,1343,2154,2362,2404,2394,2736,2539,2896,1976,2060,2310,1937,2209,966,702,334,70,0,0,0,0,0,0,0,0,0,0,0,0,0,,
KOE,KOE1101,TOPE,Pukenui,Solar,Solar,2026-06-22,0,0,0,0,0,0,0,0,0,0,0,0,0,0,0,54,268,800,1637,2716,2620,3113,2327,2685,3136,3965,3379,4041,3603,3055,2342,1596,926,405,67,0,0,0,0,0,0,0,0,0,0,0,0,0,,
KOE,KOE1101,TOPE,Pukenui,Solar,Solar,2026-06-23,0,0,0,0,0,0,0,0,0,0,0,0,0,0,0,113,315,599,1053,1418,2261,3563,1820,3081,4827,3725,3364,3572,3352,2330,1508,822,859,171,24,0,0,0,0,0,0,0,0,0,0,0,0,0,,
KOE,KOE1101,TOPE,Pukenui,Solar,Solar,2026-06-24,0,0,0,0,0,0,0,0,0,0,0,0,0,0,0,12,232,477,879,2268,2259,2546,2321,2284,3225,3995,2312,2189,1770,3015,2494,1652,805,369,52,0,0,0,0,0,0,0,0,0,0,0,0,0,,
KOE,KOE1101,TOPE,Pukenui,Solar,Solar,2026-06-25,0,0,0,0,0,0,0,0,0,0,0,0,0,0,0,2,66,102,216,550,842,1215,1571,1474,1735,1703,1873,1629,957,1132,1080,868,723,232,21,0,0,0,0,0,0,0,0,0,0,0,0,0,,
KOE,KOE1101,TOPE,Pukenui,Solar,Solar,2026-06-26,0,0,0,0,0,0,0,0,0,0,0,0,0,0,0,12,116,284,1313,2154,1540,1913,1823,1680,1840,2104,1933,1709,1800,1400,1390,1155,639,318,68,0,0,0,0,0,0,0,0,0,0,0,0,0,,
KOE,KOE1101,TOPE,Pukenui,Solar,Solar,2026-06-27,0,0,0,0,0,0,0,0,0,0,0,0,0,0,0,90,636,1130,1439,2349,3209,3666,3349,4225,4100,4378,3825,3987,3468,3038,2210,1539,774,391,68,0,0,0,0,0,0,0,0,0,0,0,0,0,,
KOE,KOE1101,TOPE,Pukenui,Solar,Solar,2026-06-28,0,0,0,0,0,0,0,0,0,0,0,0,0,0,0,74,508,1122,1799,2515,3102,3209,3832,3670,3594,3540,4150,3921,3559,2975,2281,1716,1183,460,107,0,0,0,0,0,0,0,0,0,0,0,0,0,,
KOE,KOE1101,TOPE,Pukenui,Solar,Solar,2026-06-29,0,0,0,0,0,0,0,0,0,0,0,0,0,0,0,72,596,1157,1830,2540,3118,3610,4012,4286,4417,4428,4324,4006,3594,3126,1650,887,709,275,47,0,0,0,0,0,0,0,0,0,0,0,0,0,,
KOE,KOE1101,TOPE,Pukenui,Solar,Solar,2026-06-30,0,0,0,0,0,0,0,0,0,0,0,0,0,0,0,45,202,443,1437,2226,3184,3673,4066,4335,4471,4474,4340,4036,2847,2668,1442,1020,631,285,52,0,0,0,0,0,0,0,0,0,0,0,0,0,,
KOE,KOE1101,TOPE,ngawha,Geo,Geo,2026-06-01,26586,26606,26603,26634,26525,26516,26548,26455,26410,26429,26569,26842,26660,26574,26563,26609,26665,26496,26469,26315,26529,26405,26347,26340,26223,26279,26357,26265,26189,26282,26384,26422,26115,26183,26165,26272,26189,26175,26407,26474,26250,26352,26375,26437,26455,26508,26606,26974,,
KOE,KOE1101,TOPE,ngawha,Geo,Geo,2026-06-02,27068,27055,26621,26696,26641,26547,26799,26729,26580,26562,26612,26961,26990,26982,27101,27148,27106,26951,26891,26941,26844,26583,26572,26366,26174,26038,26128,26136,26343,26189,26223,26477,26528,26723,26983,27114,27085,26993,27107,27272,27513,27449,27394,27406,27457,27464,27444,27518,,
KOE,KOE1101,TOPE,ngawha,Geo,Geo,2026-06-03,27507,27497,27160,27112,27125,27153,27179,27281,27379,27351,27291,27333,27373,27344,27460,27464,27317,27416,27306,27169,27182,27218,27053,26995,26975,26720,26727,26738,26757,26752,26822,27046,27130,27382,27599,27644,27633,27734,27857,27750,27884,27988,27995,28127,28250,28254,28192,28256,,
KOE,KOE1101,TOPE,ngawha,Geo,Geo,2026-06-04,28197,28200,28240,28148,28051,27971,27831,27957,27980,28090,28129,28143,27976,27803,27938,27752,27501,27448,27054,26983,26677,26465,26114,25970,25873,25725,25700,25555,25816,25872,26101,26116,26147,26558,26733,26817,26907,27201,27246,27257,27333,27306,27246,27206,27138,27276,27337,27255,,
KOE,KOE1101,TOPE,ngawha,Geo,Geo,2026-06-05,27208,26985,26867,26831,26722,26696,26644,26756,26735,26622,26685,26742,26758,26760,26708,26730,26921,27002,26901,26646,26652,26512,26522,26523,26499,26519,26660,26665,26636,26569,26577,26847,26783,26711,27213,27193,27238,27467,27650,27668,27673,27568,27474,27630,27657,27654,27794,27396,,
KOE,KOE1101,TOPE,ngawha,Geo,Geo,2026-06-06,27229,27202,27254,27366,27431,27405,27383,27398,27310,27304,27291,27390,27452,27655,27758,27587,27673,27295,27249,27788,27388,27147,27074,26915,26911,26914,26863,26933,26855,26866,27020,27069,27278,27258,27421,27360,27437,27496,27542,27561,27686,27669,27666,27733,27756,27804,27794,27778,,
KOE,KOE1101,TOPE,ngawha,Geo,Geo,2026-06-07,27758,27815,27888,27919,27931,27988,27952,28032,28110,28155,27908,28128,28004,28115,28104,28081,27985,27963,27863,27616,27380,27331,27176,27206,27147,27304,27144,27079,27167,27176,27116,27195,27463,27539,27764,27674,27767,27754,27727,27723,27650,27681,27753,27548,27719,28023,28048,28033,,
KOE,KOE1101,TOPE,ngawha,Geo,Geo,2026-06-08,27994,28138,28201,28151,28094,28209,28146,28165,28119,28235,28157,28128,28147,28085,28176,28194,28272,28220,28035,27917,27819,27584,27571,27375,27337,27351,27293,27556,27628,27373,27717,27600,27354,27501,27615,27631,27650,27516,27533,27696,27962,27819,27852,27800,27716,27718,27719,27639,,
KOE,KOE1101,TOPE,ngawha,Geo,Geo,2026-06-09,27816,27758,27854,27846,27849,27728,27704,27717,27743,27618,27613,27568,27600,27735,27855,27696,27705,27815,27814,27746,27457,27411,27474,27403,27172,27089,27100,27084,27241,27237,27238,27288,27390,27556,27670,27801,27923,27984,28025,28057,27941,27925,27980,28132,28178,27941,28004,27973,,
KOE,KOE1101,TOPE,ngawha,Geo,Geo,2026-06-10,28162,28315,28406,28197,28266,28320,28509,28607,28565,28478,28663,28475,28350,28345,28313,28392,28609,28571,28211,28215,28111,28110,28047,27779,27723,27697,27605,27635,27670,27732,27669,27666,27770,27921,28141,28371,28364,28441,28318,28463,28483,28526,28655,28664,28495,28652,28655,28624,,
KOE,KOE1101,TOPE,ngawha,Geo,Geo,2026-06-11,28571,28494,28508,28529,28589,28630,28724,28710,28744,28795,28754,28695,28721,28778,28782,28814,28704,28553,28445,28194,28053,27978,27965,27828,27775,27782,27704,27645,27776,27720,27712,27747,27823,27921,28028,28147,28212,28300,28295,28381,28496,28557,28636,28558,28720,28794,28806,28791,,
KOE,KOE1101,TOPE,ngawha,Geo,Geo,2026-06-12,28754,28780,28808,28866,28831,28870,28858,28838,28854,28819,28833,28726,28680,28607,28624,28646,28605,28573,28513,28405,28303,28249,28107,28058,27826,27778,27887,27898,27940,27983,28073,28032,27909,27894,28079,28002,28044,28013,28046,28042,27939,28093,28092,28070,28069,28083,28082,28160,,
KOE,KOE1101,TOPE,ngawha,Geo,Geo,2026-06-13,28131,28124,28147,28063,28052,28093,28024,28087,28083,28157,28165,28190,28273,28373,28443,28406,28292,28229,28339,28232,28186,27993,28180,28046,27788,27684,27573,27433,27428,27414,27275,27570,27569,27723,27764,27721,27879,28021,27991,28118,28307,28544,28675,28674,28648,28641,28582,28696,,
KOE,KOE1101,TOPE,ngawha,Geo,Geo,2026-06-14,28730,28705,28691,28737,28762,28677,28704,28669,28603,28613,28622,28652,28641,28697,28621,28609,28559,28379,28275,28126,27952,27823,27764,27712,27639,27552,27471,27409,27458,27437,27520,27511,27566,27796,27931,28011,28178,28245,28297,28243,28322,28282,28294,28350,28413,28496,28484,28432,,
KOE,KOE1101,TOPE,ngawha,Geo,Geo,2026-06-15,28390,28520,28315,28182,28316,28258,28356,28238,28572,28554,28530,28361,28608,28635,28481,28421,28521,28311,28257,28003,27588,27407,27492,27347,27194,27043,27182,27214,27196,27270,27280,27279,27393,27604,27669,27728,27832,27886,27938,27889,27939,27988,27981,27931,27935,27993,27959,27916,,
KOE,KOE1101,TOPE,ngawha,Geo,Geo,2026-06-16,27898,27996,28024,27968,27844,27810,27854,27834,27833,28005,28078,28185,28310,28214,28173,28190,28272,27937,27714,27689,27633,27685,27973,27798,27863,27876,27834,27714,27746,27797,27780,27852,28018,28184,28203,28344,28346,28419,28444,28465,28500,28415,28421,28494,28529,28647,28607,28578,,
KOE,KOE1101,TOPE,ngawha,Geo,Geo,2026-06-17,28505,28563,28517,28467,28434,28373,28424,28434,28361,28441,28244,28262,28215,28326,28344,28272,28355,28175,28013,27991,27774,27740,27751,27851,27860,27679,27705,27798,27760,27716,27626,27592,27658,27959,28007,28125,28079,28124,28118,28096,28110,28107,28126,28058,27947,28038,28229,28114,,
KOE,KOE1101,TOPE,ngawha,Geo,Geo,2026-06-18,28133,28225,28451,28208,28257,28247,28172,28120,28159,28281,28381,28290,28389,28312,28275,28323,28305,28198,28184,28066,27804,27804,27853,27850,27778,27706,27607,27581,27689,27752,27710,28038,27950,28016,28187,28242,28262,28307,28230,28376,28292,28338,28271,28311,28279,28175,28081,28268,,
KOE,KOE1101,TOPE,ngawha,Geo,Geo,2026-06-19,28296,28063,28216,28157,28277,28243,28257,28296,28332,28325,28337,28360,28409,28353,28367,28342,28314,28029,27802,27709,27665,27472,27569,27438,27421,27342,27275,27291,27406,27374,27358,27567,27558,27726,27868,27915,27989,28048,28176,28341,28371,28463,28498,28582,28524,28551,28557,28582,,
KOE,KOE1101,TOPE,ngawha,Geo,Geo,2026-06-20,28593,28655,28638,28689,28828,28738,28770,28759,28836,28809,28771,28708,28615,28562,28816,28761,28703,28579,28402,28066,27835,27640,27456,27524,27458,27228,27059,27035,27167,27159,27159,27235,27381,27547,27631,27737,27831,27961,28015,28077,28168,28311,28339,28388,28384,28232,28132,28137,,
KOE,KOE1101,TOPE,ngawha,Geo,Geo,2026-06-21,28115,28076,28125,28098,28133,28199,28140,28032,28130,28000,28270,28040,27983,28081,28078,27867,27827,27576,27352,27287,27162,27050,26882,26715,26679,26923,26739,26686,26655,26796,26893,26906,26964,27072,27112,27138,27118,27254,27360,27393,27478,27548,27411,27483,27419,27478,27589,27610,,
KOE,KOE1101,TOPE,ngawha,Geo,Geo,2026-06-22,27643,27762,27868,27822,27992,28001,27954,27954,28007,27949,27737,27788,27719,27764,27887,27948,27857,27880,27849,27725,27721,27639,27564,27526,27465,27518,27445,27499,27512,27484,27668,27871,27833,28038,27992,27948,27993,28106,28113,28089,27972,28118,28279,28262,28410,28472,28573,28607,,
KOE,KOE1101,TOPE,ngawha,Geo,Geo,2026-06-23,28679,28663,28698,28726,28726,28725,28706,28656,28779,28717,28724,28748,28966,28765,28789,28754,28700,28576,28310,28066,27857,27691,27667,27494,27331,27213,27200,27166,27206,27344,27475,27398,27292,27401,27542,27577,27573,27629,27572,27565,27588,27602,27523,27343,27374,27263,27238,27351,,
KOE,KOE1101,TOPE,ngawha,Geo,Geo,2026-06-24,27186,27238,27176,27108,27079,26969,27080,27318,27419,27265,27295,27295,27148,27134,27127,27000,26954,26870,26783,26905,26637,27170,26900,27010,26941,26934,26911,26709,26942,26647,26621,26810,26893,26993,27240,27433,27384,27437,27455,27443,27521,27548,27490,27362,27410,27542,27556,27508,,
KOE,KOE1101,TOPE,ngawha,Geo,Geo,2026-06-25,27514,27519,27420,27460,27584,27643,27607,27670,27543,27384,27300,27174,27274,27153,27136,26948,27222,27295,27315,27260,27133,27137,27373,27211,27197,27224,27419,27546,27597,27723,27827,27748,27829,27737,27687,27675,27819,27841,27957,27938,27961,28029,28135,28210,28205,28218,28247,28454,,
KOE,KOE1101,TOPE,ngawha,Geo,Geo,2026-06-26,28552,28467,28486,28468,28515,28451,28305,28317,28422,28521,28489,28423,28364,28491,28485,28500,28293,28195,28216,28137,28139,27865,28039,27888,27859,27890,27935,27893,27875,27764,27805,27850,28032,28013,27972,27913,27994,28008,28249,28187,28063,28010,27969,28020,28073,28156,28260,28215,,
KOE,KOE1101,TOPE,ngawha,Geo,Geo,2026-06-27,28249,28194,28130,28140,28162,28269,28370,28281,28276,28214,28264,28252,28173,28304,28189,28212,28352,28087,28064,27882,27733,27656,27521,27385,27345,27262,27227,27273,27225,27207,27277,27342,27409,27517,27621,27635,27693,27782,27752,27776,27859,27993,27937,27793,27833,27859,27780,27851,,
KOE,KOE1101,TOPE,ngawha,Geo,Geo,2026-06-28,27950,27919,28144,28107,28047,28081,28086,27899,27968,27782,27830,27817,27931,27867,27777,27781,27853,27813,27607,27502,27506,27378,27301,27258,27124,27008,26967,26843,26972,26924,26921,27085,27229,27381,27598,27656,27712,27730,27746,27925,27913,27963,27895,27943,28049,28105,28141,28119,,
KOE,KOE1101,TOPE,ngawha,Geo,Geo,2026-06-29,28183,28175,28150,28026,28033,27909,27973,28094,28025,28069,28070,28094,28079,28114,28139,28186,28175,28055,27915,27697,27641,27545,27413,27405,27492,27451,27358,27385,27430,27555,27510,27579,27650,27756,27881,27011,27121,28176,28115,28347,28326,28314,28422,28382,28361,28365,28350,28297,,
KOE,KOE1101,TOPE,ngawha,Geo,Geo,2026-06-30,28351,28271,28258,28330,28424,28524,28490,28358,28449,28453,28573,28484,28530,28645,28659,28705,28502,28434,28131,27962,27888,27852,27825,27675,27584,27647,27556,27639,27910,27985,27930,28027,28055,28144,28195,28246,28239,28315,28371,28367,28424,28416,28412,28429,28466,28399,28422,28417,,
KPA,KPA1101,KAPE,kapuni,Gas,Cogen,2026-06-01,1925,1907,1901,1938,1936,1905,1956,1981,2005,2043,2079,2069,1966,1956,2007,1979,1984,2023,2006,2017,2005,2016,2018,2060,2041,2078,2025,2059,2090,2072,2101,2126,2128,2112,2117,2164,2266,2277,2284,2285,2224,2212,2205,2233,2249,2261,2229,2218,,
KPA,KPA1101,KAPE,kapuni,Gas,Cogen,2026-06-02,2185,2169,2182,2187,2162,2151,2154,2168,2159,2189,2053,2842,5355,7223,7257,7180,7175,7231,7167,7130,7105,7122,7126,7059,7102,7092,7053,6968,6959,6946,6947,6871,6826,6845,6838,6750,6838,6836,6850,6849,6860,6824,6692,6605,6667,6721,6787,6818,,
KPA,KPA1101,KAPE,kapuni,Gas,Cogen,2026-06-03,6854,6797,6716,6651,6661,6768,6852,6910,6965,6785,6808,6689,6657,6663,6736,6839,6779,6809,6732,6748,6688,5866,1869,1693,1717,1739,1719,1783,1801,1741,1741,1717,1746,1808,1852,1761,1740,1710,1751,1760,1768,1785,1838,1866,1829,1917,1890,1896,,
KPA,KPA1101,KAPE,kapuni,Gas,Cogen,2026-06-04,1816,1777,1801,1780,1784,1848,1861,1806,1859,1894,1848,1933,1950,1941,1927,1973,2003,1967,2040,2033,2023,2140,2132,2140,2132,2172,2104,2084,2078,1941,1952,1707,1681,1698,1767,1939,1847,1797,1789,1793,1727,1766,1837,1810,1849,1960,1976,1970,,
KPA,KPA1101,KAPE,kapuni,Gas,Cogen,2026-06-05,1975,1990,2021,2051,2033,1971,2006,1973,1940,1813,1758,1810,1767,1780,1835,1852,1783,1690,1574,1690,1814,1820,1780,1819,1800,1799,1748,1783,1860,1918,1928,1972,2058,2028,1945,1929,1982,1959,1898,1930,1919,1884,1825,1777,1812,1822,1868,1831,,
KPA,KPA1101,KAPE,kapuni,Gas,Cogen,2026-06-06,1864,1957,1997,2003,2020,2049,2044,2015,2028,1908,1949,2006,2105,2419,2452,2412,2367,2392,2430,2394,2319,2300,2355,2281,2270,2380,2420,2494,2486,2547,2505,2417,2417,2382,2389,2337,2330,2382,2307,2330,2321,2315,2237,2204,2178,2199,2257,2276,,
KPA,KPA1101,KAPE,kapuni,Gas,Cogen,2026-06-07,2314,2295,2280,2242,2262,2311,2346,2306,2219,2210,2199,2118,2130,2213,2208,2278,2286,2383,2445,2377,2301,2330,2286,2338,2300,2284,2287,2304,2304,2285,2338,2343,2421,2393,2372,2353,2322,2317,2297,2299,2279,2350,2286,2290,2336,2392,2372,2353,,
KPA,KPA1101,KAPE,kapuni,Gas,Cogen,2026-06-08,2268,2307,2328,2397,2398,2374,2384,2361,2318,2341,2383,2273,2306,2284,2292,2322,2288,2313,2353,2375,2413,2331,2369,2415,2393,2314,2283,2474,5742,7297,7271,7341,7178,7178,7091,6941,6900,6933,6855,6760,6759,6713,6688,6722,6665,6800,6695,6624,,
KPA,KPA1101,KAPE,kapuni,Gas,Cogen,2026-06-09,6634,6633,6631,6588,6682,6730,6764,6804,6853,6798,6706,6641,6579,6683,6455,6506,6542,6862,6776,6771,6753,6841,6882,6825,6924,6826,6933,6945,6901,6904,6840,6829,6880,6936,6854,6849,6791,6721,6687,6663,6654,6778,6719,6674,6728,6680,6710,6680,,
KPA,KPA1101,KAPE,kapuni,Gas,Cogen,2026-06-10,6697,6739,6732,6715,6788,6720,6709,6690,6646,6754,6822,6845,6743,6761,6818,6856,6799,6931,6958,7013,6991,6949,6990,7023,7069,7088,7039,6998,6930,7022,7027,6912,6897,6948,6984,6934,6908,6884,6847,6837,6789,6757,6796,6830,6880,6792,6811,6750,,
KPA,KPA1101,KAPE,kapuni,Gas,Cogen,2026-06-11,6718,6658,6651,6708,6739,6783,6803,6787,6776,6671,6654,6585,6711,6716,6681,6680,6615,6593,6587,6657,6698,6711,6830,6798,6785,6824,6984,7096,7043,7074,7178,7207,7209,7114,6930,6816,6975,7006,6989,7015,6937,6934,6852,6859,6861,6876,6844,6879,,
KPA,KPA1101,KAPE,kapuni,Gas,Cogen,2026-06-12,6931,6887,6885,6813,6877,6935,6925,7038,7030,6930,6809,6821,7162,7172,7238,7259,7315,7401,7505,7446,7450,7481,7450,7524,7446,7414,7348,7352,7244,7098,7052,6997,6942,7014,7072,7082,7066,7072,7095,7104,7107,7083,7053,7054,7015,7008,7014,7022,,
KPA,KPA1101,KAPE,kapuni,Gas,Cogen,2026-06-13,7041,6997,6976,7014,7039,6989,7059,7075,7095,7111,7125,7178,7199,7192,7255,7234,7282,7245,7221,7096,7002,7007,7036,7079,7089,7117,7163,7184,7307,7284,7257,7254,7251,7291,7300,7279,7295,7287,7235,7216,7258,7217,7296,7322,7218,7169,7188,7166,,
KPA,KPA1101,KAPE,kapuni,Gas,Cogen,2026-06-14,7216,7219,7237,7186,7221,7296,7327,7371,7413,7464,7506,7485,7461,7435,7431,7425,7442,7446,7505,7506,7458,7470,7470,7299,7295,7297,7326,7295,7328,7318,7330,7244,7286,7299,7373,7313,7275,7305,7257,7266,7266,7292,7323,7359,7354,7376,7370,7413,,
KPA,KPA1101,KAPE,kapuni,Gas,Cogen,2026-06-15,7309,7252,7269,7362,7366,7393,7451,7438,7426,7410,7346,7365,7303,7400,7353,7331,7420,7528,7593,7552,7549,7606,7578,7582,7606,7591,7574,7528,7530,7541,7610,7617,7601,7569,7531,7352,7310,7248,7256,7276,7281,7273,7258,7242,7188,7168,7190,7186,,
KPA,KPA1101,KAPE,kapuni,Gas,Cogen,2026-06-16,7256,7180,7195,7216,7290,7269,7298,7353,7396,7388,7320,7396,7210,7347,7247,7200,7191,7160,7120,7174,7141,7088,7050,7011,6981,7108,7048,7032,6980,6989,6943,6849,6947,6938,6946,6926,6930,6902,6924,6939,6918,6901,6865,6848,6907,6902,6860,6896,,
KPA,KPA1101,KAPE,kapuni,Gas,Cogen,2026-06-17,6937,6933,6982,6992,6990,7005,6987,6950,6915,6929,6999,6969,6963,6994,6915,7003,7019,7127,7135,7123,6988,7026,7098,7180,7128,7164,6967,6988,7064,6998,6997,6876,6866,6801,6905,6860,6891,6864,6816,6874,6891,6873,6806,6802,6832,6874,6849,6937,,
KPA,KPA1101,KAPE,kapuni,Gas,Cogen,2026-06-18,6875,6897,6857,6767,6633,6655,6600,6648,6713,6915,6966,7044,6915,6895,7113,7231,7327,7305,7457,7412,7438,7455,7514,7390,7430,7470,7513,7661,7400,7340,7325,7313,7344,7307,7226,7144,7127,7041,7043,7021,6937,7052,7007,6906,6983,7006,6990,6945,,
KPA,KPA1101,KAPE,kapuni,Gas,Cogen,2026-06-19,6910,6890,6826,7042,7043,7065,7054,6936,6938,7032,7087,7154,7117,7055,7045,7083,7049,7121,7118,7151,7165,6794,6710,7025,6862,6764,6964,7021,7074,7178,7073,7033,7129,7166,7163,7107,7062,7045,6997,6928,6879,6922,6967,6964,6932,6875,7009,6920,,
KPA,KPA1101,KAPE,kapuni,Gas,Cogen,2026-06-20,6971,7087,7007,7092,7086,7126,7181,7283,7292,7200,7220,7165,7145,7197,7222,7153,7157,7157,7141,7162,7223,7158,7124,7062,7112,7173,7205,7285,7185,7252,7285,7296,7293,7268,7303,7285,7239,7193,7130,7140,7109,7126,7121,7070,7071,7062,7112,7205,,
KPA,KPA1101,KAPE,kapuni,Gas,Cogen,2026-06-21,7175,7221,7234,7251,7286,7298,7272,7265,7355,7305,7318,7295,7309,7366,7393,7370,7351,7350,7390,7335,7394,7344,7382,7340,7460,7489,7556,7436,7457,7504,7507,7511,7612,7604,7558,7557,7570,7591,7601,7658,7738,7679,7630,7667,7695,7750,7890,7928,,
KPA,KPA1101,KAPE,kapuni,Gas,Cogen,2026-06-22,8001,7923,7885,7905,7971,8055,8021,8012,8067,8096,8053,8138,8040,8114,8172,8223,8123,8182,8167,8244,8225,8288,8312,8343,8284,8285,8227,8191,8257,8253,8336,8310,8285,8264,8226,8219,8153,8075,8121,8132,8166,8112,8080,8107,8111,8066,8032,8002,,
KPA,KPA1101,KAPE,kapuni,Gas,Cogen,2026-06-23,8033,7927,7932,7960,8056,7920,3966,3164,3148,3197,3199,3123,3067,3076,3040,3073,3072,3148,3089,3029,2982,3024,3035,3076,3027,3043,3124,3141,3094,3079,3083,3158,3155,3183,3168,3118,3135,3079,3055,3068,3075,3092,3068,3020,2995,3044,3088,3026,,
KPA,KPA1101,KAPE,kapuni,Gas,Cogen,2026-06-24,3045,3063,3088,3060,3094,3041,3013,3039,3069,3058,3129,3088,3039,3048,3035,3023,2981,2956,2957,2987,2993,3056,2990,2968,2941,2882,2913,2934,3036,3105,3073,3092,3129,3121,3081,2989,2971,2972,3025,2986,2964,2952,2948,2945,2923,2953,2959,2985,,
KPA,KPA1101,KAPE,kapuni,Gas,Cogen,2026-06-25,2937,2950,2937,2893,2930,2984,2920,2912,2952,2924,2906,2942,2931,2885,2771,2846,2783,2774,2840,2890,2860,2812,2775,2819,2834,2886,2981,2982,3111,3111,3051,2966,2968,3012,3060,3055,3064,3116,3128,3197,3219,3160,3140,3151,3122,3111,3074,3097,,
KPA,KPA1101,KAPE,kapuni,Gas,Cogen,2026-06-26,3087,3098,3125,3083,3043,3016,3049,3097,3053,3000,2990,2960,2944,2989,2957,2989,3125,3210,3208,3138,3084,3084,3110,3159,3185,3174,3222,3256,3221,3384,3299,3241,3264,3303,3298,3280,3164,3121,3053,2960,2931,3015,3051,3043,3071,3093,3164,3157,,
KPA,KPA1101,KAPE,kapuni,Gas,Cogen,2026-06-27,3114,3140,3135,3214,3246,3249,3249,3288,3327,3251,3307,3317,3343,3348,3325,3294,3332,3332,3379,3387,3423,3371,3373,3381,3356,3307,3290,3260,3274,3308,3313,3328,3354,3355,3369,3310,3331,3314,3353,3376,3384,3358,3340,3310,3278,3376,3389,3413,,
KPA,KPA1101,KAPE,kapuni,Gas,Cogen,2026-06-28,3391,3355,3315,3295,3275,3371,3335,3355,3417,3312,3324,3313,3330,3366,3249,2561,2098,2083,2202,2774,3311,2898,3160,3398,3387,3392,3380,3440,3469,3420,3399,3214,3115,3227,3290,3293,3291,3263,3246,3231,3230,3275,3271,3256,3240,3241,3220,3184,,
KPA,KPA1101,KAPE,kapuni,Gas,Cogen,2026-06-29,3217,3186,3239,3210,3252,3259,3245,3248,3243,3226,3220,3281,3200,3292,3233,3300,3304,3371,3537,3559,3585,3580,3603,3625,3599,3575,3519,3559,3579,3550,3571,3432,3432,3448,3420,3243,3190,3137,3202,3156,3100,3060,3049,3029,2955,2916,2953,2988,,
KPA,KPA1101,KAPE,kapuni,Gas,Cogen,2026-06-30,3016,2966,2961,2977,2965,2935,2895,2963,3002,3064,3020,3029,3005,3066,2999,3068,3122,3122,3110,3070,3098,3068,3029,2986,2952,2935,2951,2958,2963,2954,2954,2949,2924,2903,2927,2903,2930,2905,2884,2821,2777,2796,2811,2830,2781,2755,2871,2826,,
KPO,KPO1101,MRPL,karapiro,Hydro,Hydro,2026-06-01,25850,26310,25630,21860,21830,22940,21890,21800,21810,21820,21820,21830,23180,24720,22860,22950,24790,26070,25920,25650,25780,25800,25810,25800,26640,29750,27830,27790,27760,29530,31670,32930,34620,41440,44560,43920,39710,41570,41630,41670,41550,41660,41680,39780,38740,34780,32860,32910,,
KPO,KPO1101,MRPL,karapiro,Hydro,Hydro,2026-06-02,33930,32770,32690,32690,32740,23580,21860,23350,22910,22260,22820,24820,25000,24700,22990,22830,22830,22820,27020,36820,42070,41630,46170,44660,44600,44560,44590,44570,39910,37280,37170,37190,37220,37170,37690,44510,44570,44630,30730,25880,25570,25810,25390,22830,22870,22870,22810,22800,,
KPO,KPO1101,MRPL,karapiro,Hydro,Hydro,2026-06-03,23260,22690,22270,21980,22460,22620,22670,21860,22740,22500,22800,22650,23740,33010,35950,36590,37160,37170,37160,37160,37180,37210,37210,37200,39950,41520,41600,41640,40270,41540,41690,41610,41610,41640,44680,52480,52430,52460,51240,49070,49090,50450,50540,48610,44750,42560,35700,32880,,
KPO,KPO1101,MRPL,karapiro,Hydro,Hydro,2026-06-04,29560,21940,21840,24690,24880,24560,25850,23900,22860,21960,21920,21850,21870,21810,21790,21770,25490,21860,21760,21780,21750,21810,21810,21780,21800,21830,21810,21790,21800,21790,21790,21780,21800,23200,32290,35440,32780,25900,21850,21810,21840,29780,31740,31350,27020,23860,22910,22650,,
KPO,KPO1101,MRPL,karapiro,Hydro,Hydro,2026-06-05,21750,26730,26860,21540,21290,21290,21360,21350,21320,21310,21420,21350,24670,28580,29810,31710,33400,32820,32730,32650,32710,32760,32750,32710,32750,32660,32760,32750,32730,32730,32730,32720,32700,32760,32670,32730,32760,32770,32750,32710,32720,32710,32740,32720,32750,32360,25270,21880,,
KPO,KPO1101,MRPL,karapiro,Hydro,Hydro,2026-06-06,21760,23150,23840,21340,21310,21370,21760,21340,21310,23760,21380,21330,21280,21520,21780,21820,21960,21800,22270,22790,22800,22820,22810,22830,22820,22840,22820,22820,23490,23810,23050,22770,22860,23370,24810,32550,32720,32810,32740,32730,32700,32730,32760,32760,32750,32740,32700,32720,,
KPO,KPO1101,MRPL,karapiro,Hydro,Hydro,2026-06-07,33190,32720,28850,35510,35640,35650,35670,35660,34740,30700,35540,35690,35620,34430,26850,25680,27450,27780,27130,26420,23210,22880,22600,22110,25170,22010,21840,21820,21810,21820,22650,22620,21910,22070,22780,33060,34530,34210,34660,37160,37140,39240,41550,40730,35870,32950,32720,28070,,
KPO,KPO1101,MRPL,karapiro,Hydro,Hydro,2026-06-08,24440,24850,24830,25570,24830,24770,24770,24770,24770,24770,24770,24910,24810,24750,25480,28830,30680,28070,28790,31640,38170,36770,35730,33920,31290,31270,32620,39550,37800,41120,41530,41570,45790,46070,48020,51930,40550,40230,41420,40400,39220,34510,28980,29800,28120,26200,22770,28440,,
KPO,KPO1101,MRPL,karapiro,Hydro,Hydro,2026-06-09,26360,27410,29120,34620,23310,29320,31200,29670,23030,23910,28110,33400,36290,40250,46220,53360,50940,46850,45610,45580,45600,45590,44610,42250,40850,40500,46470,46170,35710,34930,32880,33930,35900,46150,53120,53530,53410,53500,53490,53490,53460,53480,53480,53260,48030,47310,42200,37910,,
KPO,KPO1101,MRPL,karapiro,Hydro,Hydro,2026-06-10,27200,23900,21410,21330,21250,21270,21290,21260,21280,21290,21300,21340,21500,40000,41550,48940,49820,48550,47520,47540,46350,41370,39650,38710,37520,37660,37110,35680,35210,32780,32390,31270,31250,31210,32530,50240,52060,51220,50500,50520,47750,47640,44720,44670,36940,33420,22020,21890,,
KPO,KPO1101,MRPL,karapiro,Hydro,Hydro,2026-06-11,21810,21790,21810,21790,25530,24870,24790,24780,24800,28510,31270,31690,43680,47070,49040,55410,55240,55280,55420,52170,50670,50610,47380,45620,43180,43830,44870,44710,44590,44600,44600,44610,44530,44550,46540,50520,50480,50530,50530,50550,50570,50530,48850,46170,42370,35040,32850,32770,,
KPO,KPO1101,MRPL,karapiro,Hydro,Hydro,2026-06-12,32660,22370,21840,21850,21780,21800,21790,21790,21890,22520,22780,22800,22790,22870,23030,31080,34790,35680,34440,34220,34210,34220,38020,35040,32210,34700,38670,38690,34810,34210,34480,34250,34270,38580,42230,44600,44560,42750,42620,42620,39480,36270,35780,33800,34270,34210,34260,34200,,
KPO,KPO1101,MRPL,karapiro,Hydro,Hydro,2026-06-13,34170,34210,32840,32700,25360,24820,24810,24770,24790,24790,24790,24820,28440,34080,34220,35470,35700,36520,39930,40510,41150,41270,39680,35760,39670,32340,31310,31250,31810,31780,35850,38130,37360,38080,40130,44350,39110,41490,38160,32860,32810,32770,32790,32740,32750,32750,32730,32710,,
KPO,KPO1101,MRPL,karapiro,Hydro,Hydro,2026-06-14,32360,22340,21830,21770,21810,21810,22690,22750,22780,23470,23750,23760,23690,21850,22380,22820,22680,21840,21800,21580,21340,21320,21330,21320,21320,21340,21340,21320,21330,21330,21350,21310,21340,21360,21320,21310,23370,23670,22820,22680,21850,21820,21830,21490,21390,21320,21320,21320,,
KPO,KPO1101,MRPL,karapiro,Hydro,Hydro,2026-06-15,21270,21310,21340,21360,21310,21310,21300,21290,21290,21300,21280,21320,21440,21270,21320,21280,21290,21520,21340,21330,21350,21320,21320,21330,21330,21310,21330,21320,21340,21330,21310,21300,21360,23760,26730,32230,47210,47520,47530,47540,47550,47590,47530,46120,39810,37280,37150,37180,,
KPO,KPO1101,MRPL,karapiro,Hydro,Hydro,2026-06-16,37130,34290,32800,29170,22990,24180,24150,31130,29260,31000,30370,28270,32950,32710,32670,32690,40480,43610,43550,44870,43640,43580,43600,43190,42230,42800,46020,46050,46100,41040,35530,32780,32770,32680,32650,35120,32820,32760,32740,32760,32890,34180,34380,34240,37140,40060,38360,30840,,
KPO,KPO1101,MRPL,karapiro,Hydro,Hydro,2026-06-17,23790,22910,23840,22800,23110,21350,21320,21330,21320,21320,21320,23440,21790,21250,21310,21300,21320,21370,29480,29800,29730,29610,29760,29810,29810,29740,35130,35570,35590,35580,35590,35630,35620,35590,35590,46200,49130,33180,32800,32770,24300,23820,23190,22860,21850,21360,21350,21340,,
KPO,KPO1101,MRPL,karapiro,Hydro,Hydro,2026-06-18,21320,21350,21300,24440,24790,24780,27380,28690,25120,21870,24010,24700,29680,45770,45050,35820,35740,35770,35780,35690,34930,35680,30350,28670,28750,28770,26870,25300,24830,24620,27150,30810,33930,34160,34230,43900,50760,51420,49550,43390,47490,46080,40830,40700,40640,40650,40660,40630,,
KPO,KPO1101,MRPL,karapiro,Hydro,Hydro,2026-06-19,39110,36750,36670,36520,36720,36720,36680,33410,32760,32700,36910,37410,37100,35910,37140,42710,49120,48590,41700,38770,38980,38690,38630,34280,39050,35040,37010,38620,35600,34220,34230,37730,37300,32690,37220,38590,37920,34870,33420,22970,22860,22820,22850,22820,22820,22840,24630,24810,,
KPO,KPO1101,MRPL,karapiro,Hydro,Hydro,2026-06-20,24760,24820,28900,21960,23680,24850,21940,21830,21820,21790,21810,21860,21870,21910,24410,27660,27090,22840,29340,33000,28790,27790,27780,27780,22860,22850,25870,25810,25760,22140,21380,21330,21300,22620,29600,32570,32680,25200,29060,29780,29750,26500,25290,27360,24210,25400,26000,24280,,
KPO,KPO1101,MRPL,karapiro,Hydro,Hydro,2026-06-21,23200,24060,21870,21340,21600,21320,21330,21320,21330,22090,21770,21600,21670,21830,25610,25770,21080,20840,24960,22390,20860,20840,20840,20840,20820,26490,26750,24540,23870,25300,26740,28480,33060,38750,46150,48430,48560,44850,37370,37220,37210,37180,36760,29960,23250,21370,21360,21220,,
KPO,KPO1101,MRPL,karapiro,Hydro,Hydro,2026-06-22,20870,20870,20860,21270,22320,22910,21300,21600,22660,22800,23450,24760,29720,42310,47430,47500,49000,49100,48970,49110,47570,40380,35780,35790,35690,35690,34870,34240,34270,34210,34220,34180,34180,34720,38790,50570,50440,50490,48160,47570,47560,47540,47670,47570,47590,45380,44700,43610,,
KPO,KPO1101,MRPL,karapiro,Hydro,Hydro,2026-06-23,34240,31340,31260,30190,24990,23980,24930,21890,21360,21320,24000,27760,35730,42520,46440,49860,49930,47180,44690,44320,41690,42940,44560,44600,44630,44610,44570,44580,44590,44550,44660,44620,44580,44630,48250,50480,50470,53420,53410,53470,53490,51460,49170,49080,45590,35870,41930,45970,,
KPO,KPO1101,MRPL,karapiro,Hydro,Hydro,2026-06-24,39110,34940,39710,37220,35660,33030,39090,33740,32600,35530,43820,36160,47300,42100,34620,36800,41560,42790,44470,44580,44630,44640,44640,44620,44600,46100,48910,49050,46020,44730,44640,48900,48990,49130,49030,52060,52030,50160,49070,49050,49060,47510,47620,39550,35870,35710,34180,32070,,
KPO,KPO1101,MRPL,karapiro,Hydro,Hydro,2026-06-25,25320,24900,25670,23140,22830,22840,22950,22830,22800,22810,23990,29810,32890,34710,36670,38830,38690,40480,39600,39460,40680,40990,41590,41630,41640,41640,41660,41650,41640,39860,41160,41610,41580,42190,44420,44630,41920,41660,41600,41630,42020,45100,46130,45670,44290,37580,30810,30760,,
KPO,KPO1101,MRPL,karapiro,Hydro,Hydro,2026-06-26,31560,31410,29750,28380,27760,27730,27750,27730,27710,27710,27800,27730,33620,37060,38360,44450,46100,48500,48560,52530,51720,50570,50530,48130,49100,50450,50550,50520,50490,50520,50530,50510,50510,53440,53480,53490,53450,53480,53510,53500,49140,44700,44720,41510,44000,40340,36930,40430,,
KPO,KPO1101,MRPL,karapiro,Hydro,Hydro,2026-06-27,42290,38220,36190,39630,39630,41660,34790,33230,37120,31460,37090,37290,38590,37970,36790,42170,44470,41440,41650,40100,37300,38300,38900,37230,34850,32790,32730,32740,32700,32720,32720,32710,32710,36380,39920,43040,41040,37560,34400,30350,25360,22820,22790,23550,22850,21900,22270,22290,,
KPO,KPO1101,MRPL,karapiro,Hydro,Hydro,2026-06-28,21320,22280,21550,21300,21300,22710,22840,21980,22800,21360,21300,21900,21350,22890,29600,27470,32580,32720,32700,32690,32690,30890,26210,24840,24830,24780,24200,28740,22050,21810,21780,21800,21800,21820,24710,35580,35630,35650,35660,35660,35690,35680,35650,35680,35660,35540,34310,28970,,
KPO,KPO1101,MRPL,karapiro,Hydro,Hydro,2026-06-29,22420,26470,26090,26660,26700,26840,28360,24850,29140,26710,30740,32570,32540,35580,32770,34060,37110,37870,38010,38030,38020,38010,38000,38040,34370,33480,33400,33380,33410,33410,32950,28850,33280,33470,33410,38060,38380,38390,38360,38360,38390,38330,38370,37220,34990,35880,34970,34790,,
KPO,KPO1101,MRPL,karapiro,Hydro,Hydro,2026-06-30,34280,34110,31380,30960,30890,30890,31790,33000,33830,33850,33870,34940,37380,38760,38610,39830,39630,39410,39410,39770,38430,38190,37500,35170,34730,34680,34680,34690,34700,34700,34670,34680,34950,35670,36980,37760,39820,48800,49000,49030,49060,49040,49170,49070,49030,49060,49070,49070,,
KPU,KPU0661,POCO,pāmu_rā_ki_whitianga_solar_farm,SOL,PV,2026-06-01,0,0,0,0,0,0,0,0,0,0,0,0,0,0,0,0,0,0,0,0,0,0,0,0,0,0,0,0,0,0,0,0,0,0,0,0,0,0,0,0,0,0,0,0,0,0,0,0,,
KPU,KPU0661,POCO,pāmu_rā_ki_whitianga_solar_farm,SOL,PV,2026-06-02,0,0,0,0,0,0,0,0,0,0,0,0,0,0,0,0,0,0,0,0,0,0,0,0,0,0,0,0,0,0,0,0,0,0,0,0,0,0,0,0,0,0,0,0,0,0,0,0,,
KPU,KPU0661,POCO,pāmu_rā_ki_whitianga_solar_farm,SOL,PV,2026-06-03,0,0,0,0,0,0,0,0,0,0,0,0,0,0,0,0,0,0,0,0,0,0,0,0,0,0,0,0,0,0,0,0,0,0,0,0,0,0,0,0,0,0,0,0,0,0,0,0,,
KPU,KPU0661,POCO,pāmu_rā_ki_whitianga_solar_farm,SOL,PV,2026-06-04,0,0,0,0,0,0,0,0,0,0,0,0,0,0,0,0,0,0,0,0,0,0,0,0,0,0,0,0,0,0,0,0,0,0,0,0,0,0,0,0,0,0,0,0,0,0,0,0,,
KPU,KPU0661,POCO,pāmu_rā_ki_whitianga_solar_farm,SOL,PV,2026-06-05,0,0,0,0,0,0,0,0,0,0,0,0,0,0,0,0,0,0,0,0,0,0,0,0,0,0,0,0,0,0,0,0,0,0,0,0,0,0,0,0,0,0,0,0,0,0,0,0,,
KPU,KPU0661,POCO,pāmu_rā_ki_whitianga_solar_farm,SOL,PV,2026-06-06,0,0,0,0,0,0,0,0,0,0,0,0,0,0,0,0,0,0,0,0,0,0,0,0,0,0,0,0,0,0,0,0,0,0,0,0,0,0,0,0,0,0,0,0,0,0,0,0,,
KPU,KPU0661,POCO,pāmu_rā_ki_whitianga_solar_farm,SOL,PV,2026-06-07,0,0,0,0,0,0,0,0,0,0,0,0,0,0,0,0,0,0,0,0,0,0,0,0,0,0,0,0,0,0,0,0,0,0,0,0,0,0,0,0,0,0,0,0,0,0,0,0,,
KPU,KPU0661,POCO,pāmu_rā_ki_whitianga_solar_farm,SOL,PV,2026-06-08,0,0,0,0,0,0,0,0,0,0,0,0,0,0,0,0,0,0,0,0,0,0,0,0,0,0,0,0,0,0,0,0,0,0,0,0,0,0,0,0,0,0,0,0,0,0,0,0,,
KPU,KPU0661,POCO,pāmu_rā_ki_whitianga_solar_farm,SOL,PV,2026-06-09,0,0,0,0,0,0,0,0,0,0,0,0,0,0,0,0,0,0,0,0,0,0,0,0,0,0,0,0,0,0,0,0,0,0,0,0,0,0,0,0,0,0,0,0,0,0,0,0,,
KPU,KPU0661,POCO,pāmu_rā_ki_whitianga_solar_farm,SOL,PV,2026-06-10,0,0,0,0,0,0,0,0,0,0,0,0,0,0,0,0,0,0,0,0,0,0,0,0,0,0,0,0,0,0,0,0,0,0,0,0,0,0,0,0,0,0,0,0,0,0,0,0,,
KPU,KPU0661,POCO,pāmu_rā_ki_whitianga_solar_farm,SOL,PV,2026-06-11,0,0,0,0,0,0,0,0,0,0,0,0,0,0,0,0,0,0,0,0,0,0,0,0,0,0,0,0,0,0,0,0,0,0,0,0,0,0,0,0,0,0,0,0,0,0,0,0,,
KPU,KPU0661,POCO,pāmu_rā_ki_whitianga_solar_farm,SOL,PV,2026-06-12,0,0,0,0,0,0,0,0,0,0,0,0,0,0,0,0,0,0,0,0,0,0,0,0,0,0,0,0,0,0,0,0,0,0,0,0,0,0,0,0,0,0,0,0,0,0,0,0,,
KPU,KPU0661,POCO,pāmu_rā_ki_whitianga_solar_farm,SOL,PV,2026-06-13,0,0,0,0,0,0,0,0,0,0,0,0,0,0,0,0,0,0,0,0,0,0,0,0,0,0,0,0,0,0,0,0,0,0,0,0,0,0,0,0,0,0,0,0,0,0,0,0,,
KPU,KPU0661,POCO,pāmu_rā_ki_whitianga_solar_farm,SOL,PV,2026-06-14,0,0,0,0,0,0,0,0,0,0,0,0,0,0,0,0,0,0,0,0,0,0,0,0,0,0,0,0,0,0,0,0,0,0,0,0,0,0,0,0,0,0,0,0,0,0,0,0,,
KPU,KPU0661,POCO,pāmu_rā_ki_whitianga_solar_farm,SOL,PV,2026-06-15,0,0,0,0,0,0,0,0,0,0,0,0,0,0,0,0,0,0,0,0,0,0,0,0,0,0,0,0,0,0,0,0,0,0,0,0,0,0,0,0,0,0,0,0,0,0,0,0,,
KPU,KPU0661,POCO,pāmu_rā_ki_whitianga_solar_farm,SOL,PV,2026-06-16,0,0,0,0,0,0,0,0,0,0,0,0,0,0,0,0,0,0,0,0,0,0,0,0,0,0,0,0,0,0,0,0,0,0,0,0,0,0,0,0,0,0,0,0,0,0,0,0,,
KPU,KPU0661,POCO,pāmu_rā_ki_whitianga_solar_farm,SOL,PV,2026-06-17,0,0,0,0,0,0,0,0,0,0,0,0,0,0,0,0,0,0,0,0,0,0,0,0,0,0,0,0,0,0,0,0,0,0,0,0,0,0,0,0,0,0,0,0,0,0,0,0,,
KPU,KPU0661,POCO,pāmu_rā_ki_whitianga_solar_farm,SOL,PV,2026-06-18,0,0,0,0,0,0,0,0,0,0,0,0,0,0,0,0,0,0,0,0,0,0,0,0,0,0,0,0,0,0,0,0,0,0,0,0,0,0,0,0,0,0,0,0,0,0,0,0,,
KPU,KPU0661,POCO,pāmu_rā_ki_whitianga_solar_farm,SOL,PV,2026-06-19,0,0,0,0,0,0,0,0,0,0,0,0,0,0,0,0,0,0,0,0,0,0,0,0,0,0,0,0,0,0,0,0,0,0,0,0,0,0,0,0,0,0,0,0,0,0,0,0,,
KPU,KPU0661,POCO,pāmu_rā_ki_whitianga_solar_farm,SOL,PV,2026-06-20,0,0,0,0,0,0,0,0,0,0,0,0,0,0,0,0,0,0,0,0,0,0,0,0,0,0,0,0,0,0,0,0,0,0,0,0,0,0,0,0,0,0,0,0,0,0,0,0,,
KPU,KPU0661,POCO,pāmu_rā_ki_whitianga_solar_farm,SOL,PV,2026-06-21,0,0,0,0,0,0,0,0,0,0,0,0,0,0,0,0,0,0,0,0,0,0,0,0,0,0,0,0,0,0,0,0,0,0,0,0,0,0,0,0,0,0,0,0,0,0,0,0,,
KPU,KPU0661,POCO,pāmu_rā_ki_whitianga_solar_farm,SOL,PV,2026-06-22,0,0,0,0,0,0,0,0,0,0,0,0,0,0,0,0,0,0,0,0,0,0,0,0,0,0,0,0,0,0,0,0,0,0,0,0,0,0,0,0,0,0,0,0,0,0,0,0,,
KPU,KPU0661,POCO,pāmu_rā_ki_whitianga_solar_farm,SOL,PV,2026-06-23,0,0,0,0,0,0,0,0,0,0,0,0,0,0,0,0,0,0,0,0,0,0,0,0,0,0,0,0,0,0,0,0,0,0,0,0,0,0,0,0,0,0,0,0,0,0,0,0,,
KPU,KPU0661,POCO,pāmu_rā_ki_whitianga_solar_farm,SOL,PV,2026-06-24,0,0,0,0,0,0,0,0,0,0,0,0,0,0,0,0,0,0,0,0,0,0,0,0,0,0,0,0,0,0,0,0,0,0,0,0,0,0,0,0,0,0,0,0,0,0,0,0,,
KPU,KPU0661,POCO,pāmu_rā_ki_whitianga_solar_farm,SOL,PV,2026-06-25,0,0,0,0,0,0,0,0,0,0,0,0,0,0,0,0,0,0,0,0,0,0,0,0,0,0,0,0,0,0,0,0,0,0,0,0,0,0,0,0,0,0,0,0,0,0,0,0,,
KPU,KPU0661,POCO,pāmu_rā_ki_whitianga_solar_farm,SOL,PV,2026-06-26,0,0,0,0,0,0,0,0,0,0,0,0,0,0,0,0,0,0,0,0,0,0,0,0,0,0,0,0,0,0,0,0,0,0,0,0,0,0,0,0,0,0,0,0,0,0,0,0,,
KPU,KPU0661,POCO,pāmu_rā_ki_whitianga_solar_farm,SOL,PV,2026-06-27,0,0,0,0,0,0,0,0,0,0,0,0,0,0,0,0,0,0,0,0,0,0,0,0,0,0,0,0,0,0,0,0,0,0,0,0,0,0,0,0,0,0,0,0,0,0,0,0,,
KPU,KPU0661,POCO,pāmu_rā_ki_whitianga_solar_farm,SOL,PV,2026-06-28,0,0,0,0,0,0,0,0,0,0,0,0,0,0,0,0,0,0,0,0,0,0,0,0,0,0,0,0,0,0,0,0,0,0,0,0,0,0,0,0,0,0,0,0,0,0,0,0,,
KPU,KPU0661,POCO,pāmu_rā_ki_whitianga_solar_farm,SOL,PV,2026-06-29,0,0,0,0,0,0,0,0,0,0,0,0,0,0,0,0,0,0,0,0,0,0,0,0,0,0,0,0,0,0,0,0,0,0,0,0,0,0,0,0,0,0,0,0,0,0,0,0,,
KPU,KPU0661,POCO,pāmu_rā_ki_whitianga_solar_farm,SOL,PV,2026-06-30,0,0,0,0,0,0,0,0,0,0,0,0,0,0,0,0,0,0,0,0,0,0,0,0,0,0,0,0,0,0,0,0,0,0,0,0,0,0,0,0,0,0,0,0,0,0,0,0,,
LTN,LTN0331,POCO,twf_12,Wind,Wind,2026-06-01,4535,5898,3388,2013,1109,293,138,67,253,361,1500,1911,829,446,591,479,249,556,365,790,1554,601,514,2204,916,106,1,1,74,9,24,166,118,409,505,336,358,1218,275,54,44,168,284,1233,718,457,942,806,,
LTN,LTN0331,POCO,twf_12,Wind,Wind,2026-06-02,803,1655,2777,2686,2920,2400,3702,2631,1654,742,1498,2038,2173,1508,1452,1624,1883,2944,2093,2603,2623,1723,839,547,370,105,125,42,2186,1580,492,899,2507,3575,4609,7982,11947,11087,10737,9871,8633,8122,7434,7566,7969,8053,6284,4223,,
LTN,LTN0331,POCO,twf_12,Wind,Wind,2026-06-03,6839,6650,8015,10805,12694,11310,8969,9127,9590,10007,7730,6539,7820,7102,5603,3966,2641,1330,1438,1459,2642,5161,4414,4149,3350,3822,2794,2341,2773,2809,2660,1588,1827,1210,1085,618,546,1023,2527,3210,2735,2494,1757,1233,3377,6828,8464,7587,,
LTN,LTN0331,POCO,twf_12,Wind,Wind,2026-06-04,6972,7524,7241,7848,8507,8111,7795,7446,9431,11360,11972,11457,8345,8389,6821,5615,7297,7440,7444,6415,5510,6015,6079,5316,7162,10079,10433,11005,9880,6656,8456,9860,9268,8380,7282,7181,7524,9004,8775,8680,9132,10214,10795,10910,10965,11093,10912,10062,,
LTN,LTN0331,POCO,twf_12,Wind,Wind,2026-06-05,11652,11269,11624,11488,11638,11131,10376,9744,8578,8724,8264,10154,10943,9319,8063,3351,3704,6590,4081,3421,3358,5396,8471,7778,8548,11301,10581,12549,14117,13766,13134,13240,14456,14746,14247,13483,11653,8827,7537,4437,6787,8307,5002,1854,1992,7522,8887,6133,,
LTN,LTN0331,POCO,twf_12,Wind,Wind,2026-06-06,1536,2420,5179,7239,8759,12909,8841,4933,3681,8567,12658,13051,13553,13948,14438,14450,13768,13107,13963,14566,13314,13165,14182,14791,14712,14297,13017,12252,12343,13068,14068,13232,12448,11882,10522,8079,7127,3763,2093,2272,3049,1162,679,192,451,311,1269,1667,,
LTN,LTN0331,POCO,twf_12,Wind,Wind,2026-06-07,304,308,394,562,1204,1961,1029,202,2,0,180,107,0,719,801,1630,735,2540,2741,5457,4599,2726,1284,110,0,0,0,0,28,819,1486,2175,2871,4578,6161,8325,10494,12945,13320,12760,11651,9356,11373,12513,14471,15148,15319,15299,,
LTN,LTN0331,POCO,twf_12,Wind,Wind,2026-06-08,15391,15355,15202,15108,15066,14989,15315,15218,15143,15228,15397,15454,15353,15425,15324,15425,15437,15431,15404,15339,15323,15073,15039,15055,14903,14844,15010,15249,15218,14345,14409,14505,14359,15424,15444,15434,15429,15385,14381,11295,14233,13622,12380,13142,5823,6436,9732,9915,,
LTN,LTN0331,POCO,twf_12,Wind,Wind,2026-06-09,8246,7112,4615,3153,2830,1076,456,370,370,229,435,771,1044,396,844,1161,1172,983,511,223,69,12,80,1,785,1415,2112,4124,3402,7081,6147,6199,3985,6323,3142,5268,4025,7118,3201,2103,1921,181,182,265,1135,1643,2871,1726,,
LTN,LTN0331,POCO,twf_12,Wind,Wind,2026-06-10,691,704,1079,966,923,696,659,540,671,0,0,0,0,0,0,0,0,0,0,0,0,0,0,0,0,132,10,2,0,0,0,0,2,0,0,0,0,0,0,0,0,0,0,0,0,0,0,0,,
LTN,LTN0331,POCO,twf_12,Wind,Wind,2026-06-11,0,0,0,0,0,0,0,0,0,0,0,0,0,0,0,0,0,0,0,0,0,0,0,0,0,0,152,136,228,859,2119,2975,3630,3259,3691,4975,4048,3905,3638,4547,5740,5733,6178,6452,9924,11937,13126,13274,,
LTN,LTN0331,POCO,twf_12,Wind,Wind,2026-06-12,13541,13533,13822,14008,14440,13889,14130,13438,13373,13020,13626,14231,14370,14675,14563,14389,14299,13616,11697,9124,7116,5821,4801,3290,1787,586,61,0,0,0,0,0,0,0,0,0,178,335,494,767,1250,1289,1251,2591,1162,994,998,351,,
LTN,LTN0331,POCO,twf_12,Wind,Wind,2026-06-13,4,0,0,0,0,0,0,0,0,0,0,0,16,467,949,991,1138,617,925,1042,2990,3561,5362,7694,8826,10296,10891,10266,11774,12732,11106,12606,9790,12405,11277,11123,10262,6963,6213,4162,4917,6237,6928,9349,12534,14992,15039,10962,,
LTN,LTN0331,POCO,twf_12,Wind,Wind,2026-06-14,10522,11777,12878,13015,13653,14746,14855,14849,14836,15285,15323,15409,15289,15277,15280,15361,15357,15570,15458,15621,15647,15626,15517,15604,15492,15367,15314,15400,15470,15321,15489,15465,15240,14973,14410,13965,13880,14374,15046,15330,15318,15435,15418,15347,15436,15498,15374,15615,,
LTN,LTN0331,POCO,twf_12,Wind,Wind,2026-06-15,15677,15564,15689,15708,15687,15704,15587,15429,15608,15734,15711,15417,15468,15571,15562,15692,15607,15748,15271,15650,15367,15405,15357,15609,15272,14992,14991,15228,15268,15128,14589,13850,12251,7389,5236,4992,5985,7705,8024,7112,5722,4789,4560,4634,4013,3020,1081,0,,
LTN,LTN0331,POCO,twf_12,Wind,Wind,2026-06-16,491,3263,7294,9982,9876,9242,7370,8356,8401,7458,7327,7817,6057,4459,4729,5352,5321,4417,3766,7156,6083,5307,5197,4819,2375,1762,2068,1500,2151,2457,3509,2997,2987,2569,1855,558,33,0,0,0,6,55,526,1432,2999,3530,6391,10417,,
LTN,LTN0331,POCO,twf_12,Wind,Wind,2026-06-17,13945,14926,15155,15184,15186,15087,14890,14076,14709,15163,15149,14796,11234,7218,7465,6523,11401,14570,14524,13372,12900,12410,11648,10092,9801,10800,7882,6281,4809,3620,3916,1447,230,52,0,105,2042,3859,3983,5083,5138,4402,4041,3641,3733,3434,2621,1712,,
LTN,LTN0331,POCO,twf_12,Wind,Wind,2026-06-18,2126,1939,1651,1112,1068,276,0,0,9,497,1793,3014,2855,3753,4629,7350,9756,8240,9285,11531,13228,14277,14783,14009,13956,14106,14777,14939,14826,14092,13539,11930,10324,6774,5040,2917,811,42,0,502,870,1693,2646,2458,2342,2454,3294,3132,,
LTN,LTN0331,POCO,twf_12,Wind,Wind,2026-06-19,1871,1445,1563,2181,1381,1178,625,550,227,355,32,35,0,90,11,0,0,0,0,0,0,0,0,0,33,432,1306,2019,2691,3178,4448,6195,6872,8209,9875,10902,11202,13929,14156,15285,15754,15701,15630,15542,15826,15706,15830,15720,,
LTN,LTN0331,POCO,twf_12,Wind,Wind,2026-06-20,15825,15818,15705,15813,15671,15803,15677,15689,15635,15350,15555,14281,15422,15146,15106,15293,15331,15255,15423,15308,15293,15352,13764,12276,13333,14162,15154,15076,15064,15019,15059,14886,15042,14941,14972,14702,12198,11416,11072,11157,11478,12051,13284,14653,14514,14424,14520,14050,,
LTN,LTN0331,POCO,twf_12,Wind,Wind,2026-06-21,13913,14310,14270,13405,12927,14035,13980,14579,14595,14537,13786,12479,12675,13000,13316,11690,11828,10961,10583,10235,8748,9321,10109,9567,9492,9226,8670,8716,10141,8929,9592,9069,9237,8253,8815,8150,8170,8940,8885,9593,5351,619,2315,4958,5291,6847,7529,6289,,
LTN,LTN0331,POCO,twf_12,Wind,Wind,2026-06-22,6863,6527,7030,8886,10818,11510,10315,7970,7590,5100,3240,3726,5055,5298,5876,6951,6433,4633,3979,2491,1484,1191,1132,1173,953,1055,2134,3419,2996,2693,2412,2626,3259,4242,3767,4021,2871,2155,777,0,0,0,0,0,0,338,401,286,,
LTN,LTN0331,POCO,twf_12,Wind,Wind,2026-06-23,84,0,0,0,0,0,0,0,0,0,0,0,0,0,0,0,0,0,0,0,0,0,0,0,0,0,0,0,0,0,0,0,0,0,0,418,639,414,450,293,266,455,526,901,2224,1514,1258,515,,
LTN,LTN0331,POCO,twf_12,Wind,Wind,2026-06-24,913,538,278,635,1234,1794,2293,2442,2310,2913,3314,4034,3978,4748,5013,4640,4290,3239,3416,3773,3807,2989,2977,1751,1247,2496,2654,2452,3534,3641,3683,4348,4730,4524,5568,6299,6423,5556,5643,5831,6329,5706,6003,6846,6857,7008,6134,5067,,
LTN,LTN0331,POCO,twf_12,Wind,Wind,2026-06-25,4304,3709,3848,4056,4085,3564,4403,4491,3624,3408,2986,2722,2356,2332,3118,6898,8115,10213,12846,13789,13490,13581,13066,12023,12919,14280,15018,15229,15330,15302,15062,15296,15208,15202,14957,14827,14777,14942,15215,15002,14318,13171,14341,14746,14075,15011,13543,14103,,
LTN,LTN0331,POCO,twf_12,Wind,Wind,2026-06-26,14159,13485,13509,13747,12908,13062,12789,12604,12565,12727,12675,12038,11561,12708,13806,13590,14032,14879,14124,14209,14065,13962,14201,14098,12325,12471,13604,13356,12058,12933,8885,9637,12500,12735,11429,10441,9658,10555,10052,7549,7266,9032,9491,8734,9228,11528,12223,10608,,
LTN,LTN0331,POCO,twf_12,Wind,Wind,2026-06-27,9499,8095,6638,5695,4824,4150,5612,6478,5799,5999,6153,7028,6324,4779,4927,4657,4843,4367,4593,4560,3789,3838,4606,6197,5292,6770,6084,4911,5303,6019,7858,8527,6109,4089,4383,5686,7313,7370,7918,7921,9239,9363,8612,9446,9705,10582,11086,9836,,
LTN,LTN0331,POCO,twf_12,Wind,Wind,2026-06-28,8783,7085,6827,6950,7093,8215,8043,7822,8504,8370,8958,8329,7177,7414,7421,7196,7608,6902,7070,6626,6096,6737,7860,8333,8546,9043,7627,8258,8299,9251,9933,10295,10387,10959,12059,11596,10545,11331,13154,14225,13852,11626,9336,9054,10164,10193,10003,9165,,
LTN,LTN0331,POCO,twf_12,Wind,Wind,2026-06-29,9894,9218,8948,9232,10121,10330,8830,6803,5191,4242,4853,4420,2647,2580,4544,3744,2238,1785,1299,1259,2060,2004,1981,2251,2821,5286,3782,5117,4476,4339,3959,3582,5784,5037,5514,7722,8577,9374,9458,8151,6668,5658,4385,4175,3159,1793,2306,5458,,
LTN,LTN0331,POCO,twf_12,Wind,Wind,2026-06-30,7530,7414,3739,4018,3250,2858,1699,1402,665,1354,1526,1083,615,287,559,1057,735,408,125,289,681,482,746,336,833,2542,3365,3140,2349,1220,1546,2083,2190,1784,1791,1971,2383,1955,1643,1633,1756,1462,898,440,189,5,0,0,,
LTN,LTN2201,MRPL,turitea,Wind,Wind,2026-06-01,35695,38272,41019,30564,23251,22640,16528,15652,13096,16788,19227,22480,19614,15624,18709,15324,17924,23820,27958,35402,35827,24315,17602,26179,25865,13202,6738,5444,3989,4288,7523,8506,12104,9843,7050,6354,6744,5421,5381,6312,4498,5155,5657,8138,10111,5245,7884,7562,,
LTN,LTN2201,MRPL,turitea,Wind,Wind,2026-06-02,8554,14987,15710,25495,18971,24852,38291,32673,17736,20026,12600,16005,21821,19625,11899,10610,18099,20148,14625,18958,20212,29724,14126,10649,10099,3777,2787,2719,31988,16733,7186,8151,22152,35523,29881,47662,74816,71384,80971,80691,72163,66141,55005,54279,50552,57571,42757,50734,,
LTN,LTN2201,MRPL,turitea,Wind,Wind,2026-06-03,50578,54560,63070,83517,76427,60035,66139,70842,74371,62622,55179,48353,42713,36948,28822,24805,15671,11784,9566,7019,9754,10821,11767,17322,17975,15519,15434,16589,14565,9084,13796,14053,16028,16995,14294,10609,6804,7995,12525,13371,12496,11951,8423,7379,17216,34514,42864,45011,,
LTN,LTN2201,MRPL,turitea,Wind,Wind,2026-06-04,45926,45887,49177,60963,60795,60541,43677,38764,45341,58663,69012,59267,51063,49463,36082,34909,39641,42660,44488,38749,30834,27956,27918,34376,44776,49707,49074,42647,50116,64592,57048,50051,59103,67432,58508,51067,53615,56687,57556,68100,81608,78094,84830,89790,86941,92240,86669,88658,,
LTN,LTN2201,MRPL,turitea,Wind,Wind,2026-06-05,86748,85568,77755,74685,44355,40124,40028,40471,63929,76394,76342,84114,79859,70381,43352,39626,48876,42362,25219,21412,28945,33699,47031,70006,56571,62280,75700,72518,68098,68768,76658,85422,92322,91115,85425,84885,82290,69027,36085,34339,47631,64233,43571,23954,23215,48279,77358,67454,,
LTN,LTN2201,MRPL,turitea,Wind,Wind,2026-06-06,38837,23233,46619,62696,68023,60273,50264,40135,40990,50837,59455,58447,56067,56494,55422,54804,59457,76048,86747,79590,79428,83040,87061,89378,90529,91555,79159,81146,84945,84058,74665,66626,63334,66266,55679,35858,16572,6854,3219,1841,31,0,0,2,1,1167,4006,1950,,
LTN,LTN2201,MRPL,turitea,Wind,Wind,2026-06-07,5036,3550,5229,11986,13353,8233,6341,3724,5319,3868,10562,1941,2282,7748,14296,25525,41871,47226,50045,42876,40172,28668,13935,4984,570,0,368,4778,9560,10563,12341,19212,22117,34923,40262,45540,62876,67419,73699,70464,54254,52349,59381,53720,50293,56879,56025,53315,,
LTN,LTN2201,MRPL,turitea,Wind,Wind,2026-06-08,44198,41280,54210,56629,57343,54943,52666,49109,54264,60588,68887,87786,58346,65352,68375,92878,96302,88960,84592,84413,84633,84839,85318,84102,84135,84533,84147,83888,80150,70745,86247,89344,92594,95336,92509,89378,85953,74692,63238,68552,65345,35223,44066,39182,45261,74547,83476,71533,,
LTN,LTN2201,MRPL,turitea,Wind,Wind,2026-06-09,45881,31178,20346,10396,8121,2240,85,4,0,4027,9846,18138,22755,25266,52293,60164,38707,39549,22693,16741,17887,17766,1407,720,22143,34498,30000,45136,62621,70996,70060,69589,47408,44284,41568,35948,47902,44943,22350,22328,22285,14824,22863,18202,27156,30577,15520,14790,,
LTN,LTN2201,MRPL,turitea,Wind,Wind,2026-06-10,14437,18757,19815,12851,6463,3122,7418,11394,6291,1473,1153,535,0,1040,311,61,0,0,0,0,0,9,17,0,13,12,0,0,0,0,55,150,31,0,7,0,287,609,0,0,131,1005,304,130,1250,196,0,0,,
LTN,LTN2201,MRPL,turitea,Wind,Wind,2026-06-11,0,0,0,0,0,0,0,0,0,0,0,0,0,0,0,0,0,0,0,0,0,0,0,563,1054,2791,4206,3332,4940,9819,14933,18743,18949,18085,20078,20240,21207,16518,16320,24214,25062,28145,37643,48499,56051,67798,80051,76499,,
LTN,LTN2201,MRPL,turitea,Wind,Wind,2026-06-12,72085,80059,76201,83528,84467,84379,77480,65671,72290,83344,84190,83077,72553,68604,78233,83015,75753,65536,49727,33655,28095,23423,12570,8340,6821,1839,19,0,0,0,0,0,0,0,1,1759,8376,13704,19345,28202,42071,44638,38318,30912,18351,13908,10406,7100,,
LTN,LTN2201,MRPL,turitea,Wind,Wind,2026-06-13,3333,1696,48,0,0,0,0,0,0,0,0,135,693,3549,5343,4383,5679,6519,8761,15403,21426,25251,28632,33525,34318,39487,43822,44306,55672,50874,46541,63802,61764,53343,35981,24356,19156,23399,26401,30039,37205,33085,46044,65799,70692,75636,73564,53177,,
LTN,LTN2201,MRPL,turitea,Wind,Wind,2026-06-14,58422,72254,76526,77311,85943,85795,84628,86939,85953,84118,84079,84474,86443,86809,58687,87051,100131,101528,100135,101520,102953,103762,104740,103943,103389,102499,100077,101641,100959,100845,100725,100582,101116,101939,102283,101381,96903,91880,94578,89708,84741,83443,96621,91987,88661,78029,83338,59082,,
LTN,LTN2201,MRPL,turitea,Wind,Wind,2026-06-15,44739,58248,52003,39890,39861,35758,37392,36661,41518,40970,55392,76636,70462,65541,70130,90456,96451,99933,94790,90130,93436,97696,101574,101711,101096,98894,99736,101099,102507,101565,101505,96795,90236,76975,60651,68520,65434,51039,50677,53306,50413,50081,40984,31359,18213,10744,1603,2701,,
LTN,LTN2201,MRPL,turitea,Wind,Wind,2026-06-16,18498,50712,62595,63595,67944,71708,72933,80231,77106,71192,64984,62291,56948,59780,62059,60606,65016,65445,66659,66483,65542,62006,51453,48051,42391,40583,32254,31566,39118,34631,28886,25216,14881,11051,6193,522,0,108,2628,5888,13127,13713,14890,16275,20513,28593,47405,67887,,
LTN,LTN2201,MRPL,turitea,Wind,Wind,2026-06-17,83658,86748,86193,92256,94423,93530,92984,85120,69354,82733,69447,80766,45688,38824,45907,62786,84235,97631,87252,82041,79977,76044,76448,76673,69621,55345,48913,31056,22616,14856,8500,3878,1930,5756,24143,39355,39794,48358,56004,52924,52926,52303,48024,37151,31636,31789,27599,23187,,
LTN,LTN2201,MRPL,turitea,Wind,Wind,2026-06-18,20404,18083,14753,14794,11252,6905,1097,0,228,3112,10206,15372,19876,27451,45964,57727,63276,68016,73274,69659,77030,82020,77939,80176,72454,70710,76795,70656,69503,74492,68052,46010,24385,23722,16554,4484,373,867,6862,13716,20377,33209,21495,30204,46277,51821,54322,40457,,
LTN,LTN2201,MRPL,turitea,Wind,Wind,2026-06-19,36546,37832,31148,25965,22721,23452,24015,22095,18121,20696,15420,5900,887,1011,3305,3118,925,0,0,0,0,0,29,709,2012,3878,9361,15255,24487,23510,32325,43313,51913,58218,66449,81275,91150,98443,96916,94350,96828,97532,95161,97693,100145,101201,101917,102575,,
LTN,LTN2201,MRPL,turitea,Wind,Wind,2026-06-20,103300,96701,97182,98875,101142,101059,101483,93820,90849,84857,76720,63206,74174,72825,62853,72172,92871,87832,96600,100010,95004,88258,81734,80372,83779,87622,93125,96607,99065,102569,104511,102098,101926,96087,92990,79120,72076,66301,66935,71307,75790,77752,82848,81727,76562,81089,86186,90107,,
LTN,LTN2201,MRPL,turitea,Wind,Wind,2026-06-21,93137,72321,70780,60444,68473,68814,41576,39076,44962,56076,84757,84570,65427,71116,56679,61223,70188,71102,66495,55425,54605,59090,62619,57535,51568,49554,47151,59394,58064,69198,67758,68964,66493,70149,71754,74098,75647,69938,60607,38454,10048,9173,19614,34593,52468,61490,56465,50793,,
LTN,LTN2201,MRPL,turitea,Wind,Wind,2026-06-22,52344,63797,68014,65010,61367,55770,63712,73985,68284,54653,55910,62991,61544,59076,63329,59872,53285,48152,37095,20008,18078,20365,24037,30743,31357,26879,22883,19393,17101,18155,17127,16973,18385,26565,33165,35851,36102,37717,36768,32328,27445,29254,29734,29611,27766,22450,12679,4583,,
LTN,LTN2201,MRPL,turitea,Wind,Wind,2026-06-23,1215,644,1016,736,848,567,2427,1295,429,2035,2492,1282,1258,253,0,0,0,0,268,0,0,273,96,0,89,119,849,10,0,5,0,958,5788,11054,14292,14922,13837,11910,8772,7628,8328,8031,11501,11396,12031,14698,11407,6823,,
LTN,LTN2201,MRPL,turitea,Wind,Wind,2026-06-24,5220,4952,1013,4748,14500,14238,14734,20241,27718,33145,38087,38884,45326,50153,50595,46227,40718,37067,28958,33651,32007,30822,25939,22906,17433,22657,28478,25722,33111,43315,49799,49409,49388,54126,58631,57941,64854,64247,59789,62494,54849,58994,54394,59948,65244,65166,59528,56713,,
LTN,LTN2201,MRPL,turitea,Wind,Wind,2026-06-25,48504,37849,35528,37600,50922,44386,39009,43914,41967,32037,31079,23971,18535,15700,34489,50738,58970,72436,75197,77881,81418,83895,85321,85600,88612,92038,94240,93832,94038,91384,94489,93875,93781,93708,94813,96528,96509,96470,97374,98378,96417,98667,96708,94341,93301,96057,96027,93053,,
LTN,LTN2201,MRPL,turitea,Wind,Wind,2026-06-26,87593,89670,92685,94017,89036,89174,88006,88060,89495,89841,86907,81767,74502,86137,88278,85934,89391,92545,93018,92025,90167,88924,89120,89071,89263,91692,90615,89412,92335,89373,87703,75116,80224,82475,82586,78608,71185,80906,80327,81908,76285,62533,64267,68469,75667,78592,81988,83224,,
LTN,LTN2201,MRPL,turitea,Wind,Wind,2026-06-27,80600,78281,75525,69314,62572,51525,55873,57835,57895,56392,59109,47540,41436,41859,50475,51689,41995,44340,47389,44150,44464,46079,51842,54950,61070,60905,59710,58170,66594,74821,69123,66449,62743,55076,63296,75269,78652,81793,72211,70347,72620,66941,73465,68805,68400,65162,65342,62818,,
LTN,LTN2201,MRPL,turitea,Wind,Wind,2026-06-28,70239,76014,78730,79351,79010,56807,39214,59620,39521,37446,44542,39955,51480,64305,69588,67718,68186,70011,69434,68838,69717,72576,71845,70553,74501,65324,75998,66199,66123,64630,63144,63087,69028,71162,74139,82304,85699,86702,88365,91892,92811,89967,87869,88187,84676,83688,82966,81225,,
LTN,LTN2201,MRPL,turitea,Wind,Wind,2026-06-29,74178,77855,82885,84473,85247,84845,82246,76337,64379,61804,68500,57530,54036,57713,61938,53502,31641,25890,26608,32899,33696,29072,30313,34866,37978,45101,34430,55639,49986,48479,44038,53173,48781,58238,62916,76304,80963,72956,70461,55661,53552,64366,54188,43107,37073,45433,45592,51263,,
LTN,LTN2201,MRPL,turitea,Wind,Wind,2026-06-30,60517,58434,46940,43264,31552,27545,28131,24501,22162,22598,22768,16835,22200,25258,21775,17021,18390,19933,21094,15355,16998,19021,17907,16553,12240,8933,11161,14209,12131,14959,14529,14266,13366,14263,12203,14225,18903,19657,22040,19644,16857,14527,10895,8243,6362,2529,331,0,,
MAN,MAN2201,MERI,manapouri,Hydro,Hydro,2026-06-01,103831,104306,104131,104302,104157,104204,104389,104078,104062,103935,104144,104261,104783,103022,104205,104256,104446,104027,103982,104157,104125,104059,104048,104463,104041,104385,104086,103862,104412,103823,104379,104898,103491,103901,104062,104083,104408,104103,104111,104254,104202,104104,104377,104689,103950,104165,104130,104355,,
MAN,MAN2201,MERI,manapouri,Hydro,Hydro,2026-06-02,104253,103891,104445,104066,104091,103908,104070,104391,104259,104663,101951,162459,195220,203075,204984,204846,204277,205852,205534,171586,164364,165679,164738,164806,164895,164579,161441,164849,165174,164593,164624,165142,164017,201379,238165,237728,239698,239217,238906,239296,206303,204056,204600,166593,164901,164116,164370,164052,,
MAN,MAN2201,MERI,manapouri,Hydro,Hydro,2026-06-03,161920,161336,162231,161387,162054,161827,161451,161532,162677,161081,162413,161001,161813,206166,258245,306756,307420,310509,309341,309272,308776,262549,213512,211687,212329,211418,212160,212001,208579,211995,212079,211903,211849,259305,309428,308458,308674,309384,309391,264073,213571,209161,166087,161778,161926,161873,162633,162406,,
MAN,MAN2201,MERI,manapouri,Hydro,Hydro,2026-06-04,162104,161804,162044,161954,162093,162361,162244,162143,161829,161927,162506,161895,162553,206165,260037,261458,261927,262075,262447,262524,260655,262524,214054,211705,212187,211859,205707,211676,212013,212235,211504,211438,211551,260397,263761,259849,261960,262495,262245,261657,214918,211981,166151,161804,162102,162922,162761,161892,,
MAN,MAN2201,MERI,manapouri,Hydro,Hydro,2026-06-05,162309,161307,162404,161918,162422,161784,162956,161858,162073,162190,161894,162352,163048,202573,258063,263237,261929,264723,261791,261169,260105,263355,215165,211862,201580,211486,213071,211671,211953,211259,212442,211658,211826,263705,259906,262335,261939,262464,261603,261020,216040,213423,166918,162173,161259,161328,163020,162369,,
MAN,MAN2201,MERI,manapouri,Hydro,Hydro,2026-06-06,161314,161347,161643,162061,161186,162072,162266,161421,162296,160716,161812,209752,211124,210734,247100,252052,251251,250110,252792,249178,250449,213170,211964,211639,212356,212583,211635,211239,211202,211801,212075,211253,212005,211355,250089,249205,250927,250856,250162,250401,250935,212640,212000,211733,163129,161756,161982,161901,,
MAN,MAN2201,MERI,manapouri,Hydro,Hydro,2026-06-07,161607,162149,161948,161731,161213,162043,161782,162017,161659,161538,162466,210698,210979,212196,249158,250845,250787,250258,250199,250129,250781,213861,211966,212266,211851,211500,211807,211678,211369,212128,212421,211649,212072,211800,247839,250160,249491,250988,249649,250771,249354,214181,213254,211619,166112,162088,161947,162682,,
MAN,MAN2201,MERI,manapouri,Hydro,Hydro,2026-06-08,162065,164634,160598,161955,161640,162248,162108,162172,162137,162222,162661,161875,209943,211556,256530,261538,261820,259259,262538,261868,265791,217298,213210,212793,213272,211760,212233,214117,212321,211523,203371,214264,214164,213388,256621,262022,261620,263320,263051,260656,216410,211605,212275,166266,162632,161846,162640,162426,,
MAN,MAN2201,MERI,manapouri,Hydro,Hydro,2026-06-09,163253,162512,162186,161735,162333,162748,162322,161917,162567,162305,162843,161044,209524,209604,257559,261473,261988,263203,262843,263383,214714,212512,213135,212140,212509,210415,213389,211637,210635,210761,214694,212675,212543,212701,260920,259860,262053,262860,263652,262850,214908,212185,212345,164108,161812,162706,162429,162032,,
MAN,MAN2201,MERI,manapouri,Hydro,Hydro,2026-06-10,162920,162594,162486,162308,163310,162265,162336,162409,162531,162247,162687,162563,209533,211523,260340,295423,298172,299163,299700,300199,299292,308042,307393,310933,309133,262813,261579,261784,262657,262976,262903,260473,259353,261697,313877,316848,314598,317289,317375,300266,263162,214946,212884,162993,162510,161829,162239,162192,,
MAN,MAN2201,MERI,manapouri,Hydro,Hydro,2026-06-11,162309,161848,162055,161919,162047,162813,161893,161934,162837,162643,163791,160657,211107,257983,307900,340075,340530,336216,335986,337925,336599,312807,264122,261892,213766,211882,211973,213058,211749,211821,214012,211436,212230,256092,308588,310905,311550,312192,311456,311298,263943,214970,213942,212248,210833,211740,213376,211953,,
MAN,MAN2201,MERI,manapouri,Hydro,Hydro,2026-06-12,212184,212303,211850,213730,209788,209913,210355,212627,214729,214809,211692,256994,310916,311360,310002,312195,313007,311945,313494,263344,262592,262527,214633,212215,210945,211436,212066,211158,211646,211554,211753,210986,212284,211237,259260,262087,306718,309974,309882,309337,309174,309537,310079,263091,214795,211965,212377,212569,,
MAN,MAN2201,MERI,manapouri,Hydro,Hydro,2026-06-13,211729,212742,212016,211925,212238,212213,212300,212236,212137,211983,212343,212466,212726,211850,212942,256984,304274,308741,309280,309140,309305,309385,308783,309429,309852,309200,309159,310913,308788,310690,286413,309220,268735,262123,262021,261852,261514,212897,211933,211801,212208,211770,212344,212107,211852,212374,211886,212007,,
MAN,MAN2201,MERI,manapouri,Hydro,Hydro,2026-06-14,212156,212259,212118,212117,211326,211818,212334,211700,212135,212425,212744,212206,212239,212613,251629,261779,261845,262327,262394,261831,262067,262251,262237,261208,263219,261802,261878,261683,262391,261949,262715,261456,263121,262065,261787,260345,262777,262423,261542,262688,261953,261779,262825,213066,212542,211655,211405,212291,,
MAN,MAN2201,MERI,manapouri,Hydro,Hydro,2026-06-15,212315,163102,162863,162127,162039,162662,162194,162333,162155,162123,210621,261974,261992,261790,263130,261314,262131,262538,262693,261868,261407,260466,304267,309596,308603,310169,308864,307961,309665,310080,285128,309420,310468,310739,308546,308181,308918,309086,309514,309149,309038,309557,309984,309367,263967,261526,262624,261053,,
MAN,MAN2201,MERI,manapouri,Hydro,Hydro,2026-06-16,262277,250093,213548,211600,213378,211397,212757,212056,212529,258684,254513,299625,301625,296771,299191,299255,299181,300590,298255,300074,299478,298694,299018,299383,299004,300704,298235,298753,299306,299118,299310,298618,266013,262486,262669,264904,262851,267984,261786,261982,261804,261804,262615,261537,261396,261700,261546,261483,,
MAN,MAN2201,MERI,manapouri,Hydro,Hydro,2026-06-17,263444,263010,262668,261705,262058,261974,262958,261465,261812,262211,262433,263033,264769,260750,261736,260440,260978,264435,259404,262763,251689,243922,260284,265219,300140,300715,298139,297645,300100,300003,286176,299941,298918,297968,298513,297748,297563,299962,299827,299240,299343,299131,300028,299203,298975,300184,298494,299952,,
MAN,MAN2201,MERI,manapouri,Hydro,Hydro,2026-06-18,299581,299526,298795,299509,299745,299781,282638,281913,282282,261909,261300,260536,266441,260541,260752,261685,262042,262317,261824,262354,262796,260912,263135,261192,280126,282022,282661,282262,281541,299665,299631,298208,299422,299871,299521,298091,298165,299349,299321,300161,298083,257971,267674,261982,260782,261509,263284,260483,,
MAN,MAN2201,MERI,manapouri,Hydro,Hydro,2026-06-19,296565,300037,295868,297649,301465,301258,299997,298763,298962,299670,298765,298283,300556,298330,299538,299539,296496,300102,298491,298706,298975,298240,299186,299403,262841,262169,245263,262168,261615,262354,263607,261083,261917,261210,263406,261316,261962,262431,261955,279926,281385,282050,283580,281546,282314,280999,282506,281465,,
MAN,MAN2201,MERI,manapouri,Hydro,Hydro,2026-06-20,262512,263418,261546,263348,261177,262664,261401,262364,262005,261500,262283,262305,262631,262219,307825,309408,309420,309734,308769,308856,309254,309269,310670,308809,308874,308830,308395,311634,308829,309400,309442,309439,309011,309310,309473,308999,309605,309367,309272,309676,309206,309079,309945,309126,265518,261934,214298,212070,,
MAN,MAN2201,MERI,manapouri,Hydro,Hydro,2026-06-21,211956,212525,212424,212023,211938,212136,211885,212335,212056,213031,211695,211677,258992,261458,305382,309483,309684,309627,309826,309243,309203,308899,308692,309136,309293,309272,309083,309458,308915,309863,283649,309776,310390,308850,308419,309220,309861,308449,309951,309473,310063,308558,309556,309011,263657,263383,261278,259459,,
MAN,MAN2201,MERI,manapouri,Hydro,Hydro,2026-06-22,264319,263185,262082,261987,262218,261975,262287,261813,262123,262508,261034,307839,310429,309812,309026,308651,308879,309791,308759,309473,309561,267320,261989,261938,261850,262189,261765,262762,262885,261030,261412,260990,262008,262140,303223,308023,308782,309556,309398,308938,308749,309399,310274,309095,262902,261878,262213,228653,,
MAN,MAN2201,MERI,manapouri,Hydro,Hydro,2026-06-23,230146,261455,261908,261918,261918,261733,262322,261842,261964,261997,261903,306663,310745,309633,309386,308590,307907,310688,308743,307700,308806,265763,302042,307982,308994,308696,262510,302688,308942,308290,309451,308879,309169,309664,309452,309434,308452,309225,309481,309346,309289,308868,308897,309221,264992,262033,262403,262100,,
MAN,MAN2201,MERI,manapouri,Hydro,Hydro,2026-06-24,262227,262490,261883,261763,262239,262125,262396,261825,262075,261833,262009,307950,310269,308891,310015,310161,307575,308786,309053,309487,309272,310779,306611,307965,308057,308330,307724,308893,308158,308713,309401,308465,307791,311119,308857,308234,310371,309121,309420,309706,309219,309278,309900,309509,308924,308862,309546,308997,,
MAN,MAN2201,MERI,manapouri,Hydro,Hydro,2026-06-25,308834,310634,309532,308590,308883,309567,309765,308735,309514,309273,309111,309048,309432,308319,307607,309557,311906,310550,308746,308726,309723,310136,309391,309359,307768,309779,309063,309450,309562,309783,285911,307059,309330,308916,308897,309424,308725,310957,309111,309653,309074,309074,310048,309352,309428,308906,310408,308746,,
MAN,MAN2201,MERI,manapouri,Hydro,Hydro,2026-06-26,264375,261796,261861,262374,262177,261914,262007,262350,262167,261504,262307,307122,310600,307743,309870,309320,309492,309437,309140,309261,309224,310040,309548,309522,309138,308966,308357,307736,311286,308653,311100,308757,309532,309372,309404,309038,307944,309398,309677,310554,309060,308422,309156,309400,309183,309270,309916,309578,,
MAN,MAN2201,MERI,manapouri,Hydro,Hydro,2026-06-27,263830,262617,261836,261947,262151,261289,261786,261811,262508,261885,262371,307887,308570,309681,310437,308992,309039,309598,309186,308973,309494,310322,308728,309251,309333,309174,308751,310091,309387,309076,293499,311276,309053,308250,309909,308324,309440,309544,309896,309162,309018,308931,277044,310824,310544,311253,308299,309425,,
MAN,MAN2201,MERI,manapouri,Hydro,Hydro,2026-06-28,265736,262718,261939,262431,261350,262140,263668,258119,265520,265046,261283,306258,308735,309109,309157,309274,309540,308231,309151,309392,309198,309056,309728,309729,310117,309266,308098,310311,310564,309061,309116,310286,308662,309577,308638,308733,309194,309153,309495,309459,309295,309704,310095,263967,262056,263498,263075,262005,,
MAN,MAN2201,MERI,manapouri,Hydro,Hydro,2026-06-29,263550,261746,262557,261667,263076,262413,262521,262743,261822,262152,261234,308103,310126,309198,309905,309831,310114,309832,309364,309563,308930,308753,308623,309556,309653,309644,308337,309530,264180,306828,297945,305952,309405,309139,368822,369629,371652,372864,370967,372868,372092,370339,372504,370957,311258,309103,309259,309161,,
MAN,MAN2201,MERI,manapouri,Hydro,Hydro,2026-06-30,309423,310511,309879,308502,310148,309529,309014,309149,310021,309000,368209,372759,370282,372842,370820,369373,374444,371419,370172,369747,370822,373249,372105,371243,371113,372739,371223,370643,371705,369911,370911,371044,372741,370398,370129,370808,342051,370202,371987,371613,371028,371100,373767,372778,312007,310027,312287,309801,,
MAT,MAT1101,BOPD,aniwhenua,Hydro,Hydro,2026-06-01,5911,5909,5910,5909,7548,7888,8391,7894,7891,7885,7891,7891,7913,7873,7904,7926,6949,7379,6955,6916,6919,6916,6924,6931,6907,7877,7900,7897,7439,7417,7421,7430,7411,7421,7434,7788,7915,7900,7904,7903,7890,7907,7905,7913,7900,7899,5628,5413,,
MAT,MAT1101,BOPD,aniwhenua,Hydro,Hydro,2026-06-02,5418,5418,5418,5424,5414,5420,5486,5913,8136,10324,11274,12164,12178,12150,12148,12139,11852,8579,6983,7338,7841,7546,7087,7073,9270,10255,10991,11535,11928,12061,11943,11748,11436,11343,11330,11467,11651,11797,11824,11657,11453,11262,11273,11255,11267,11370,11648,11819,,
MAT,MAT1101,BOPD,aniwhenua,Hydro,Hydro,2026-06-03,11953,11859,11784,11742,11733,11713,11728,11764,11814,11843,11826,11725,11658,11589,11588,11573,11526,11607,11574,11542,11474,11534,11711,11802,11995,11388,11401,11168,12034,12080,12069,12091,11963,11637,11552,11681,11789,11823,11892,11982,11969,11796,11688,11615,11674,11785,11889,11974,,
MAT,MAT1101,BOPD,aniwhenua,Hydro,Hydro,2026-06-04,11931,11619,11472,8438,7955,8104,6939,6913,7112,7481,7866,10326,12011,12000,11420,11244,11253,11250,10769,10431,10198,9879,9299,9236,9244,9407,9261,9329,9648,9967,10423,10877,12004,11472,11678,11406,11240,11260,11130,9411,8468,8028,7693,7382,8319,8332,8298,8482,,
MAT,MAT1101,BOPD,aniwhenua,Hydro,Hydro,2026-06-05,8853,9513,10015,10313,10593,10500,10283,10427,10422,10348,10176,9848,9567,9327,9216,8880,8614,8412,8294,8403,8411,8544,8680,8831,9069,9247,9400,9620,9775,10008,10341,10579,10687,10724,10028,9815,9860,9991,10088,10046,10121,10219,10357,10623,10848,10874,11069,11249,,
MAT,MAT1101,BOPD,aniwhenua,Hydro,Hydro,2026-06-06,11422,11688,12007,12072,12073,12074,12057,12081,12081,12073,12086,12074,12070,11981,11310,11268,11343,11583,11639,11563,11182,11183,11245,10499,10853,10849,10852,10850,10844,10847,10841,10846,10862,10852,10865,11177,11303,11298,11287,11298,11291,11292,11296,11289,11295,11282,11292,11290,,
MAT,MAT1101,BOPD,aniwhenua,Hydro,Hydro,2026-06-07,11282,11281,11290,11289,11283,11292,11278,11293,11283,11279,11287,11283,11267,11305,11746,11739,11737,11736,11734,11732,11734,11729,11736,11740,11724,11736,11735,11737,11736,11752,11803,11789,11795,11787,11804,11807,11807,11818,11811,11809,11822,11821,11822,11824,11838,11834,11835,11833,,
MAT,MAT1101,BOPD,aniwhenua,Hydro,Hydro,2026-06-08,11823,11830,11803,11788,11781,11779,11781,11793,11809,11814,11818,11840,11839,11832,11833,11843,11855,11860,11859,11856,11855,11862,11859,11840,11819,11809,11956,11982,11992,11985,11972,11755,11224,11137,11434,11641,11838,12036,11985,11798,11439,11274,11311,8825,10994,10437,10467,10858,,
MAT,MAT1101,BOPD,aniwhenua,Hydro,Hydro,2026-06-09,6209,11181,11363,11753,12104,12094,12108,12114,12115,12114,12120,12108,12122,11792,11547,11492,10804,10321,10645,10230,10747,10738,10655,10779,11189,11297,11770,11778,11709,9074,12065,12089,12090,12019,11176,11621,11634,11659,11758,11700,9021,9149,11977,12067,12070,8658,10211,12002,,
MAT,MAT1101,BOPD,aniwhenua,Hydro,Hydro,2026-06-10,12048,12034,9739,11962,10886,9534,9831,10086,10122,10494,12013,12048,12026,11622,11286,11246,11302,11488,11689,11893,11479,9359,9275,9862,8638,5941,6268,6289,5439,6126,8870,11508,11299,11280,11285,11291,11414,11656,9613,11558,12043,12048,11898,11651,11361,9718,9229,9119,,
MAT,MAT1101,BOPD,aniwhenua,Hydro,Hydro,2026-06-11,11815,11809,8854,10125,11822,8455,9606,9688,9848,9937,10014,10125,9975,9916,11936,11954,11783,11512,11141,11011,11023,11108,9980,7620,10308,8734,9554,9717,7495,5846,6253,5077,8740,7062,10853,11608,11697,11835,9668,9594,11072,11805,12052,11967,11800,11663,11549,9358,,
MAT,MAT1101,BOPD,aniwhenua,Hydro,Hydro,2026-06-12,7121,9233,7066,7074,7023,7259,7490,8533,9372,11558,11853,12040,10319,9516,9253,11892,12075,11442,12066,12062,12015,11973,9739,11537,11850,9354,9269,8477,4991,4934,6230,5227,5452,8993,12000,12078,12058,11745,11324,11254,11256,11287,11414,8356,9281,7135,10114,11850,,
MAT,MAT1101,BOPD,aniwhenua,Hydro,Hydro,2026-06-13,11212,9981,11808,9500,8939,9689,6997,6894,9723,7030,9907,10285,7118,9748,11681,12052,12020,11850,11445,11246,11255,11434,8250,9913,10413,9853,7826,4909,5517,6231,5821,5945,7681,8770,11942,12082,10528,11213,10087,11399,11603,11608,11668,11557,11487,9282,11440,7960,,
MAT,MAT1101,BOPD,aniwhenua,Hydro,Hydro,2026-06-14,8013,5699,5551,6225,5788,5915,7885,8447,9250,11510,11241,10312,10518,10353,10669,11141,11555,12001,12051,11904,9061,8694,8511,11615,8623,7046,6933,6935,7011,7047,7037,7155,9047,9307,11947,12085,12041,9109,8836,9125,9119,9155,8942,9250,7534,7537,8109,8341,,
MAT,MAT1101,BOPD,aniwhenua,Hydro,Hydro,2026-06-15,8508,8808,9020,9150,9274,9351,9388,9344,9603,10090,10501,10903,10905,10858,10738,11511,11896,8704,7922,7822,7334,10569,11796,8946,5316,5737,6074,5472,7191,7893,7631,10553,11000,10619,7950,11016,12021,12057,10214,11354,11615,9423,11501,8788,6285,5723,5889,8927,,
MAT,MAT1101,BOPD,aniwhenua,Hydro,Hydro,2026-06-16,7167,7065,10023,8953,5325,5750,6033,5156,5621,7371,8179,7855,7684,10540,8003,10426,10627,7642,9794,10234,10237,10124,10228,9955,11732,10022,11597,12042,8424,5705,4863,5980,5391,5697,5878,6270,9502,10784,11250,10327,11366,11576,11521,11457,11413,11353,11331,10022,,
MAT,MAT1101,BOPD,aniwhenua,Hydro,Hydro,2026-06-17,9070,8609,6984,6893,5636,5520,6187,5873,8041,8330,8829,8803,10916,10994,11798,12074,11988,11647,11315,11246,9535,9370,9941,10138,10144,8021,6959,6921,6967,6943,6929,6961,6935,7008,10067,10332,10328,10221,10123,10005,9889,11832,11783,11422,11562,11326,10172,10654,,
MAT,MAT1101,BOPD,aniwhenua,Hydro,Hydro,2026-06-18,7442,7233,8504,8206,4636,6043,5435,5900,5916,5917,5913,5906,5928,5905,9955,11657,11701,11699,8331,7906,7872,7528,7538,7527,7532,7539,7540,7534,7007,5869,8264,8338,8349,8362,8347,8350,8347,9190,9333,9340,9334,9800,9877,9864,9860,9854,9871,9852,,
MAT,MAT1101,BOPD,aniwhenua,Hydro,Hydro,2026-06-19,9848,9858,9851,9842,9862,9862,9849,9858,9852,9856,9860,9885,9865,9852,9862,9867,9631,9378,8428,8406,8183,8147,7853,7811,7811,7597,7527,7535,7528,7531,7531,7520,7814,8335,8360,8342,8696,8895,8873,8882,8885,8879,8883,8870,8792,8729,8734,8718,,
MAT,MAT1101,BOPD,aniwhenua,Hydro,Hydro,2026-06-20,8664,8543,8520,8549,8526,8546,8535,8442,8333,8317,8327,8335,8346,8363,8331,8338,8345,8346,8334,8337,8560,8635,8651,8634,8639,8635,8625,8647,8586,8437,8445,8432,8292,8176,8154,8145,8122,7900,7934,8047,8046,8310,8638,8637,8640,8649,8847,8513,,
MAT,MAT1101,BOPD,aniwhenua,Hydro,Hydro,2026-06-21,8483,8480,8371,8234,8238,8140,8135,8141,8198,8336,8326,8330,8334,8331,8320,8333,8542,8734,8784,8789,8664,8324,8100,7987,7719,7512,7528,7523,7530,7514,7515,7511,7800,7893,7878,7922,8397,8385,8582,8873,8883,8874,8872,9041,9064,9094,9071,9072,,
MAT,MAT1101,BOPD,aniwhenua,Hydro,Hydro,2026-06-22,9093,9094,8872,8868,8873,8871,8870,8867,8868,8866,8861,8861,8893,8632,8388,8379,8391,8394,8384,8401,8394,8392,8404,8401,8398,8397,8401,8398,8398,8396,8389,8390,8389,8379,8405,8376,8393,8399,8396,8388,8395,8388,8407,8401,8401,8393,8400,8390,,
MAT,MAT1101,BOPD,aniwhenua,Hydro,Hydro,2026-06-23,8395,8386,8389,8389,8392,8399,8386,8392,8390,8391,8385,8388,8391,8386,8394,8383,8384,8401,8393,8191,7891,7893,7898,7886,8090,8153,8149,9993,8582,6021,6206,6238,9262,10286,10131,10134,10006,9773,9937,11551,9592,9255,10447,9021,6462,5514,5854,8501,,
MAT,MAT1101,BOPD,aniwhenua,Hydro,Hydro,2026-06-24,6974,8084,7573,8013,8414,10501,10781,11284,8936,6983,6915,6918,6927,6906,6930,7562,10405,7665,6980,7065,9317,10429,10303,10146,10238,10188,11387,11842,8992,6073,5986,6022,8897,9687,7013,9613,9903,9459,9604,9515,9517,9158,9180,10747,9004,10651,10573,7044,,
MAT,MAT1101,BOPD,aniwhenua,Hydro,Hydro,2026-06-25,9781,11510,7735,10340,7040,6919,6906,6902,6924,7181,7243,7218,8608,11698,11887,11881,11827,11612,11431,11441,11451,9837,8376,11219,11334,11341,11338,9004,5594,5171,9706,10309,10217,10271,10266,11834,11888,10236,11819,11790,11523,11451,11449,11441,11262,8259,9168,9039,,
MAT,MAT1101,BOPD,aniwhenua,Hydro,Hydro,2026-06-26,7011,6915,7887,5864,5865,6052,6225,6234,6250,11302,12065,9921,10245,10119,10615,11446,11840,9910,9682,9742,11632,11768,9275,9265,9269,10402,8616,5440,4989,6221,6245,5668,6248,6255,9727,10853,10260,10580,12003,10295,11974,11951,11628,11341,11143,7951,7517,6943,,
MAT,MAT1101,BOPD,aniwhenua,Hydro,Hydro,2026-06-27,6913,6301,6203,6001,6195,6227,4550,6191,9660,8395,10756,8775,9712,8503,11930,12038,12038,11932,11593,11274,11115,8299,10508,7980,5838,5503,5350,5843,6080,6080,6158,6253,8860,9915,10357,11762,11757,8622,6983,6913,6916,6913,6964,10124,11884,9853,10623,11309,,
MAT,MAT1101,BOPD,aniwhenua,Hydro,Hydro,2026-06-28,8803,7071,7391,7423,7510,6974,7339,7593,7435,7492,7582,7450,7078,7529,11967,12052,12047,12026,11635,11366,11153,11023,7515,6106,5283,5363,5885,6080,6068,5989,5942,6237,8344,6970,8876,11983,12078,12050,9688,9777,7090,10944,11994,11766,8859,5816,5433,6028,,
MAT,MAT1101,BOPD,aniwhenua,Hydro,Hydro,2026-06-29,3559,6166,6244,6253,6256,5844,9217,11972,11542,8415,11460,8577,7083,10787,12004,12047,12028,11973,8416,11011,9744,5678,5837,5358,6224,5808,6064,6080,5953,5639,5639,6488,10517,7914,10650,10817,10459,10501,10316,7099,6940,6938,9758,10051,9188,11770,9644,6981,,
MAT,MAT1101,BOPD,aniwhenua,Hydro,Hydro,2026-06-30,9900,8525,8249,8225,5415,5405,5630,5799,5858,5001,6202,9721,10777,10722,10547,11972,12041,10004,9469,9463,9447,8959,9275,7857,7840,5439,5209,5305,5626,5813,5980,6260,8924,8008,10435,10584,10508,11805,9644,9447,9429,9260,9297,8982,8823,6973,8990,7963,,
MHO,MHO0331,ELEC,mangahao,Hydro,Hydro,2026-06-01,0,0,0,0,0,0,0,0,0,0,0,0,0,0,0,0,0,0,0,0,0,0,0,0,0,0,0,0,0,0,0,0,0,0,0,0,0,0,0,0,0,0,0,0,0,0,0,0,,
MHO,MHO0331,ELEC,mangahao,Hydro,Hydro,2026-06-02,0,0,0,0,0,0,0,0,0,0,0,0,0,0,0,0,0,0,0,0,0,0,0,0,0,0,0,0,0,0,0,0,0,0,0,0,0,0,0,0,0,0,0,0,0,0,0,0,,
MHO,MHO0331,ELEC,mangahao,Hydro,Hydro,2026-06-03,0,0,0,0,0,0,0,0,0,0,0,0,0,0,0,0,0,0,0,0,0,0,0,0,0,0,0,0,0,0,0,0,0,0,0,0,0,0,0,0,0,0,0,0,0,0,0,0,,
MHO,MHO0331,ELEC,mangahao,Hydro,Hydro,2026-06-04,0,0,0,0,0,0,0,0,0,0,0,0,0,0,0,0,0,0,0,0,0,0,0,0,0,0,0,0,0,0,0,0,0,0,0,0,0,0,0,47,613,1234,1569,2116,3004,3794,4239,4810,,
MHO,MHO0331,ELEC,mangahao,Hydro,Hydro,2026-06-05,5418,5817,6046,6266,6394,6510,6581,6632,6350,6034,5554,4883,3446,2203,1269,312,0,0,0,0,134,613,504,733,886,924,1131,1309,1435,1382,841,526,173,1,0,0,2,288,757,1262,1754,2245,2391,2864,3695,4395,4820,5349,,
MHO,MHO0331,ELEC,mangahao,Hydro,Hydro,2026-06-06,5850,6285,6483,6731,5750,3821,4097,4245,4118,3984,3568,3049,2503,1940,1326,34,0,0,0,0,1622,662,0,0,0,6,1690,2465,1410,543,675,1971,90,0,138,12,329,664,1019,1435,623,494,2884,2548,1703,2380,2308,2837,,
MHO,MHO0331,ELEC,mangahao,Hydro,Hydro,2026-06-07,3344,3823,4060,48,0,0,0,0,0,0,0,0,0,0,0,0,1324,1669,1547,12,1,51,173,500,1981,949,772,1139,1199,1230,835,1455,1492,527,32,0,0,0,0,0,448,664,338,300,846,613,1054,1846,,
MHO,MHO0331,ELEC,mangahao,Hydro,Hydro,2026-06-08,2206,2593,2774,4550,3491,3084,3119,3004,2601,2200,1502,776,223,101,18,0,0,0,0,0,0,0,0,0,0,0,0,0,0,0,0,0,0,0,0,0,0,0,0,0,0,0,0,0,369,27,0,0,,
MHO,MHO0331,ELEC,mangahao,Hydro,Hydro,2026-06-09,0,0,0,0,0,0,0,0,0,0,0,0,441,34,0,0,0,0,0,0,42,293,728,1014,0,0,0,0,0,0,0,0,0,0,0,0,0,0,0,0,0,0,0,16,702,1573,2026,2625,,
MHO,MHO0331,ELEC,mangahao,Hydro,Hydro,2026-06-10,3303,3700,3983,4151,4169,4190,4169,2137,1720,3303,2540,1374,128,0,0,0,0,0,0,0,0,0,0,0,0,0,0,0,0,0,0,0,0,0,0,0,0,0,0,0,0,0,0,0,0,0,5,392,,
MHO,MHO0331,ELEC,mangahao,Hydro,Hydro,2026-06-11,1055,1383,1585,1859,1947,1937,1923,1945,1640,1326,489,170,19,0,0,0,0,0,0,0,0,0,0,0,0,0,0,0,0,0,0,0,0,0,0,0,0,0,0,0,0,0,0,0,0,110,527,1199,,
MHO,MHO0331,ELEC,mangahao,Hydro,Hydro,2026-06-12,59,0,0,0,0,0,0,0,0,0,0,0,0,0,0,0,0,0,0,0,0,0,0,0,0,0,0,0,108,169,23,0,0,0,0,0,0,0,0,0,0,0,0,0,0,62,377,967,,
MHO,MHO0331,ELEC,mangahao,Hydro,Hydro,2026-06-13,47,0,0,0,0,0,0,0,0,0,1856,1794,1036,214,0,0,0,0,0,0,0,0,0,0,0,0,0,0,0,0,0,0,0,0,0,0,0,0,0,0,0,0,1540,2340,478,1232,1660,248,,
MHO,MHO0331,ELEC,mangahao,Hydro,Hydro,2026-06-14,0,0,0,0,0,0,0,0,0,0,0,0,4810,5083,4458,3686,2828,2021,1690,1247,1295,1384,1425,1719,1910,2070,2026,2416,2557,2516,2270,1808,1260,482,2,0,0,25,416,1082,1600,2164,2610,3281,4255,4843,5159,5833,,
MHO,MHO0331,ELEC,mangahao,Hydro,Hydro,2026-06-15,1005,0,0,0,0,0,0,0,0,0,0,0,450,108,0,1,0,0,0,0,0,0,0,4,276,88,305,608,641,175,59,0,0,0,0,0,0,0,0,0,4,64,1216,1829,2487,3447,3788,4427,,
MHO,MHO0331,ELEC,mangahao,Hydro,Hydro,2026-06-16,383,0,0,0,0,0,0,0,0,0,3360,3833,2580,1341,131,0,0,0,0,0,0,0,0,0,0,0,185,360,494,741,571,295,3,0,0,0,0,0,0,0,0,0,0,109,1157,2097,2630,3087,,
MHO,MHO0331,ELEC,mangahao,Hydro,Hydro,2026-06-17,101,0,0,0,0,0,0,0,0,0,0,0,1219,580,1,0,0,0,0,0,0,0,3,76,268,203,149,317,444,460,296,249,57,0,0,0,0,0,0,0,0,0,1,353,1324,2261,2675,3323,,
MHO,MHO0331,ELEC,mangahao,Hydro,Hydro,2026-06-18,3994,4452,4700,4981,2937,2983,2977,3010,2825,2520,2059,1193,1917,677,18,0,0,0,0,0,0,0,5,21,18,284,819,1016,987,547,174,61,1,0,0,0,0,0,0,0,0,0,0,0,0,0,6,352,,
MHO,MHO0331,ELEC,mangahao,Hydro,Hydro,2026-06-19,1107,1667,1986,2180,2210,2241,2267,2219,1856,1621,892,160,0,0,0,0,0,0,0,0,0,0,41,304,840,1320,300,0,0,0,0,564,897,28,0,0,0,0,0,0,0,0,0,162,1091,2109,2594,3378,,
MHO,MHO0331,ELEC,mangahao,Hydro,Hydro,2026-06-20,4086,4602,128,0,0,0,0,0,0,0,0,0,0,0,0,0,0,0,0,0,0,0,0,0,3,163,442,934,1032,925,712,595,340,20,0,0,0,0,308,894,1320,1883,2014,2467,3146,3800,4191,4862,,
MHO,MHO0331,ELEC,mangahao,Hydro,Hydro,2026-06-21,171,0,0,0,0,0,0,0,0,0,0,0,0,0,0,0,3029,2721,2078,1681,1583,1708,1795,2143,2194,2481,2798,3087,3093,3058,2694,2206,1636,722,0,0,0,0,170,571,1733,2252,2770,3480,4356,4625,5070,5721,,
MHO,MHO0331,ELEC,mangahao,Hydro,Hydro,2026-06-22,186,0,0,0,0,0,0,0,0,0,0,0,1697,1256,141,0,0,0,0,0,0,34,272,951,1572,1673,2278,2241,2417,2494,2116,1745,939,160,0,0,0,0,0,0,0,0,0,49,837,1854,2435,3002,,
MHO,MHO0331,ELEC,mangahao,Hydro,Hydro,2026-06-23,949,1350,1676,1860,1934,1984,2475,2139,1808,2819,2550,893,1173,93,0,0,0,0,0,0,0,0,0,0,0,0,0,0,0,0,0,0,0,0,0,0,0,0,0,0,0,107,456,1185,2172,3023,3668,4267,,
MHO,MHO0331,ELEC,mangahao,Hydro,Hydro,2026-06-24,97,0,0,0,0,0,0,0,0,0,0,0,0,0,0,0,0,0,0,0,0,0,31,5,1,0,0,0,0,0,0,0,0,0,0,0,0,0,0,0,0,0,0,0,0,0,0,0,,
MHO,MHO0331,ELEC,mangahao,Hydro,Hydro,2026-06-25,0,0,0,0,0,0,0,0,0,0,0,0,84,0,426,1,0,0,0,0,0,0,0,0,0,0,0,0,0,0,0,0,0,0,0,0,0,0,0,0,0,0,0,75,861,1775,33,0,,
MHO,MHO0331,ELEC,mangahao,Hydro,Hydro,2026-06-26,0,0,0,0,0,0,0,0,0,0,0,0,1400,631,4,0,0,0,0,0,0,0,0,0,0,0,0,0,0,0,0,0,0,0,0,0,0,0,0,0,0,0,0,0,425,1403,2024,2868,,
MHO,MHO0331,ELEC,mangahao,Hydro,Hydro,2026-06-27,3621,4214,353,0,0,0,0,0,0,0,0,0,0,0,0,0,0,0,0,0,0,0,0,0,0,0,0,0,0,0,0,0,0,0,0,0,0,0,0,0,30,0,439,0,439,321,758,27,,
MHO,MHO0331,ELEC,mangahao,Hydro,Hydro,2026-06-28,0,0,0,0,0,0,0,0,0,0,0,0,0,0,0,0,0,0,0,0,0,0,0,0,0,0,0,0,0,0,0,0,0,0,0,0,0,0,0,0,0,0,0,0,0,25,220,5,,
MHO,MHO0331,ELEC,mangahao,Hydro,Hydro,2026-06-29,0,0,0,0,0,0,0,0,0,0,0,0,0,0,0,0,0,0,0,0,0,0,0,0,0,0,0,0,0,0,0,0,0,0,0,0,0,0,0,0,0,0,0,0,0,0,0,0,,
MHO,MHO0331,ELEC,mangahao,Hydro,Hydro,2026-06-30,78,392,0,0,0,0,0,0,0,0,0,0,0,0,0,0,0,0,0,0,0,0,0,0,0,0,873,1069,1151,1094,950,374,5,0,0,0,0,0,0,0,0,0,0,0,41,624,1246,1890,,
MKE,MKE1101,TODD,McKee,Gas,Thrml,2026-06-01,0,0,0,0,0,0,0,0,0,0,0,0,0,0,0,0,0,0,0,0,0,0,0,0,0,0,0,9,20258,22244,22231,22185,22172,22210,22229,22225,22241,22380,22308,22273,2261,0,0,0,0,0,0,0,,
MKE,MKE1101,TODD,McKee,Gas,Thrml,2026-06-02,0,0,0,0,0,0,0,0,0,0,0,0,15302,22529,22454,22395,22324,22249,2386,0,0,0,0,0,0,0,0,0,0,0,0,0,0,0,0,0,0,0,0,0,0,0,0,0,0,0,0,0,,
MKE,MKE1101,TODD,McKee,Gas,Thrml,2026-06-03,0,0,0,0,0,0,0,0,0,0,0,0,0,0,0,0,0,0,0,0,0,0,0,0,0,0,0,0,0,0,0,0,0,11,21016,42340,44598,44592,44623,44628,44673,44729,44791,44785,44790,8879,0,0,,
MKE,MKE1101,TODD,McKee,Gas,Thrml,2026-06-04,0,0,0,0,0,0,0,0,0,0,0,0,0,0,0,0,0,0,0,0,0,0,0,0,0,0,0,0,0,0,0,0,0,0,20060,22364,22364,22387,22398,22399,2135,0,0,0,0,0,0,0,,
MKE,MKE1101,TODD,McKee,Gas,Thrml,2026-06-05,0,0,0,0,0,0,0,0,0,0,0,0,0,0,0,0,0,0,0,0,0,0,0,0,0,0,0,0,0,0,0,0,0,0,0,0,0,0,0,0,0,0,0,0,0,0,0,0,,
MKE,MKE1101,TODD,McKee,Gas,Thrml,2026-06-06,0,0,0,0,0,0,0,0,0,0,0,0,0,0,0,0,0,0,0,0,0,0,0,0,0,0,0,0,0,0,0,0,0,0,0,0,0,0,0,0,0,0,0,0,0,0,0,0,,
MKE,MKE1101,TODD,McKee,Gas,Thrml,2026-06-07,0,0,0,0,0,0,0,0,0,0,0,0,0,0,0,0,0,0,0,0,0,0,0,0,0,0,0,0,0,0,0,0,0,0,0,0,0,0,0,0,0,0,0,0,0,0,0,0,,
MKE,MKE1101,TODD,McKee,Gas,Thrml,2026-06-08,0,0,0,0,0,0,0,0,0,0,0,0,20106,22871,22833,23108,22711,22504,22623,22483,22195,22148,22183,22106,22082,22098,22176,22257,22295,22135,22212,22422,22542,22552,22721,22725,22749,22766,22626,22572,22699,22804,22819,22703,22804,22838,22783,22758,,
MKE,MKE1101,TODD,McKee,Gas,Thrml,2026-06-09,22746,22719,22659,22733,22537,22603,22714,22871,22998,23053,22920,23133,23240,23237,23400,23380,23427,23219,22972,22799,22665,22558,22448,22395,22382,22355,22431,22466,22554,22580,22650,22884,23066,42052,44421,44521,44553,44572,44650,44715,44692,44735,44589,44520,44527,44567,44577,44564,,
MKE,MKE1101,TODD,McKee,Gas,Thrml,2026-06-10,44602,44655,25852,24006,24016,24023,24019,24104,24141,24102,24069,24020,41874,44346,44413,44451,44497,44528,25374,23140,22877,22643,22489,22523,22796,22892,22921,22966,22990,22959,22841,22767,42514,44592,44567,44556,44531,44594,44706,44730,44726,44697,44704,44691,44726,44838,44765,44679,,
MKE,MKE1101,TODD,McKee,Gas,Thrml,2026-06-11,44559,44547,44555,44557,44547,44531,44530,44523,44532,44554,44541,44585,44593,44345,44260,43976,43836,43697,43588,24902,23300,23232,2536,0,0,0,0,0,0,0,0,0,0,20457,42827,44874,44803,44770,44766,44736,25109,23199,23401,23493,2429,0,0,0,,
MKE,MKE1101,TODD,McKee,Gas,Thrml,2026-06-12,0,0,0,0,0,0,0,0,0,0,0,19445,21021,41573,44391,44392,44394,44412,44426,23393,21297,21562,21569,21582,21580,21569,21572,21568,21553,21553,21534,21547,21557,21555,21550,21565,21565,21067,21077,21065,20569,20560,20554,20562,1688,0,0,0,,
MKE,MKE1101,TODD,McKee,Gas,Thrml,2026-06-13,0,0,0,0,0,0,0,0,0,0,0,0,0,0,0,0,0,0,0,0,0,0,0,0,0,0,0,0,0,0,0,0,0,0,0,0,0,0,0,0,0,0,0,0,0,0,0,0,,
MKE,MKE1101,TODD,McKee,Gas,Thrml,2026-06-14,0,0,0,0,0,0,0,0,0,0,0,0,0,0,0,0,0,0,0,0,0,0,0,0,0,0,0,0,0,0,0,0,17450,21574,21559,21572,21575,21576,1975,0,0,0,0,0,0,0,0,0,,
MKE,MKE1101,TODD,McKee,Gas,Thrml,2026-06-15,0,0,0,0,0,0,0,0,0,0,0,0,0,0,0,0,0,0,0,0,0,0,0,0,0,0,0,0,0,0,0,0,0,0,0,0,0,0,0,0,0,0,0,0,0,0,0,0,,
MKE,MKE1101,TODD,McKee,Gas,Thrml,2026-06-16,0,0,0,0,0,0,0,0,0,0,0,0,0,0,0,0,0,0,0,0,0,0,0,0,0,0,0,0,0,0,0,0,0,0,18920,21558,21566,21558,21571,21568,2127,0,0,0,0,0,0,0,,
MKE,MKE1101,TODD,McKee,Gas,Thrml,2026-06-17,0,0,0,0,0,0,0,0,0,0,0,0,0,0,0,0,0,0,0,0,0,0,0,0,0,0,0,0,0,0,18730,40608,44651,44727,44788,44850,44885,44886,44847,44891,44982,44963,45095,45050,44963,44857,44843,44825,,
MKE,MKE1101,TODD,McKee,Gas,Thrml,2026-06-18,23787,20579,20648,20641,20665,20684,20690,20683,20685,20686,20682,20665,20661,20808,20865,20852,20887,21393,21439,21447,21458,21458,1915,0,0,0,0,0,0,1,19971,21863,40388,44647,44751,44858,44873,44887,44890,44895,44896,44918,44909,44915,44896,44832,44788,44737,,
MKE,MKE1101,TODD,McKee,Gas,Thrml,2026-06-19,44748,44739,44717,8403,0,0,0,0,0,0,0,0,18930,42613,44656,44684,44682,44648,44659,44674,44679,44675,23859,21464,21499,21539,21549,21556,21546,1849,0,0,0,0,19704,21561,21559,21563,21553,21559,21563,21536,21545,21389,20923,21053,21052,21065,,
MKE,MKE1101,TODD,McKee,Gas,Thrml,2026-06-20,1589,0,0,0,0,0,0,0,0,0,0,0,0,0,0,0,0,0,0,0,5,19994,21574,21565,21559,21576,21554,21561,21540,21524,21544,21538,21539,21556,21562,21558,21553,21562,21560,21553,1531,0,0,0,0,0,0,0,,
MKE,MKE1101,TODD,McKee,Gas,Thrml,2026-06-21,0,0,0,0,0,0,0,0,0,0,0,0,0,0,0,0,0,0,0,0,0,0,0,0,0,0,0,0,0,0,0,0,3,19686,21571,21568,21571,21569,21560,21544,21546,21550,21548,21550,21546,21530,21555,21571,,
MKE,MKE1101,TODD,McKee,Gas,Thrml,2026-06-22,1882,0,0,0,0,0,0,0,0,0,0,0,17880,20819,20817,20821,20806,21042,21332,21534,21549,2196,0,0,0,0,0,0,0,0,0,0,0,0,18903,21554,21545,21551,21556,21543,21533,21526,21533,21527,21528,1681,0,0,,
MKE,MKE1101,TODD,McKee,Gas,Thrml,2026-06-23,0,0,0,0,0,0,0,0,0,1,19884,21568,21562,21563,21559,21542,21540,21545,21551,21553,21547,21542,1872,0,0,0,0,0,0,0,0,19767,21557,21552,21560,21559,21550,21553,21556,21556,21542,21529,21536,21525,21519,21526,2133,0,,
MKE,MKE1101,TODD,McKee,Gas,Thrml,2026-06-24,0,0,0,0,0,0,0,0,0,0,0,0,19764,21556,21564,21543,21535,21560,21546,21484,41191,43817,43857,43906,43930,44057,44150,44068,44242,44262,44311,44285,44195,44228,44188,44045,43893,43726,43669,43623,23672,21401,21495,21504,1726,0,0,0,,
MKE,MKE1101,TODD,McKee,Gas,Thrml,2026-06-25,0,0,0,0,0,0,0,0,0,0,0,19924,21574,21579,21564,21586,21584,21562,21568,21563,2162,0,0,0,0,0,19491,21570,21558,21571,21558,21541,21553,21555,21543,21547,21551,21542,21549,21546,21551,21552,21558,21553,2303,0,0,0,,
MKE,MKE1101,TODD,McKee,Gas,Thrml,2026-06-26,0,0,0,0,0,0,0,0,0,0,0,19524,21578,21560,21559,21556,21558,21555,21549,21576,21585,21582,21583,21591,21579,21575,21540,21555,21563,21507,21511,41413,43528,43574,43619,43698,43734,23818,21483,21536,21541,21565,21568,21576,21572,21574,21578,21573,,
MKE,MKE1101,TODD,McKee,Gas,Thrml,2026-06-27,1826,0,0,0,0,0,0,0,0,0,0,0,0,0,0,0,0,0,0,0,0,0,0,0,0,0,0,0,0,0,0,0,0,0,0,0,0,0,0,0,0,0,0,0,0,0,0,0,,
MKE,MKE1101,TODD,McKee,Gas,Thrml,2026-06-28,0,0,0,0,0,0,0,0,0,0,0,0,0,0,0,0,0,0,0,0,0,0,0,0,0,0,0,0,0,0,0,0,0,0,0,0,0,0,0,0,0,0,0,0,0,0,0,0,,
MKE,MKE1101,TODD,McKee,Gas,Thrml,2026-06-29,0,0,0,0,0,0,0,0,0,0,0,0,0,0,0,0,0,0,0,0,0,0,0,0,0,0,0,0,0,0,0,0,0,0,0,0,0,0,0,0,0,0,0,0,0,0,0,0,,
MKE,MKE1101,TODD,McKee,Gas,Thrml,2026-06-30,0,0,0,0,0,0,0,0,0,0,0,0,0,0,0,0,0,0,0,0,0,0,0,0,0,0,0,0,0,0,0,0,0,0,0,0,0,0,0,0,0,0,0,0,0,0,0,0,,
MTI,MTI2201,MRPL,maraetai,Hydro,Hydro,2026-06-01,24510,16390,15700,16160,16960,16370,23560,16510,16010,15510,15690,14050,17730,11800,30620,29900,31970,37870,56740,62040,64170,64160,71580,74820,77400,79380,82620,94390,94620,69370,61760,63440,86530,97660,117140,125350,111450,102620,99470,80440,62290,57000,45360,42350,47370,24900,27620,15000,,
MTI,MTI2201,MRPL,maraetai,Hydro,Hydro,2026-06-02,20060,29850,25300,16020,24950,9580,0,0,0,10,16690,16620,30440,54910,57490,64180,79170,71100,74440,79890,76830,81860,89920,86320,90310,71240,93430,82550,56690,62550,63670,63040,76870,81720,92790,107100,84720,89020,87480,79350,66920,64150,57120,43920,45000,44130,32500,31670,,
MTI,MTI2201,MRPL,maraetai,Hydro,Hydro,2026-06-03,21200,15900,15590,110,0,0,0,0,0,0,7070,31600,43130,49070,61640,67290,86200,78100,86460,97560,92650,90450,90620,88730,66020,59040,63660,61970,56710,63400,63900,70620,72400,81520,100140,112820,102470,97980,73800,66100,50750,48170,70270,55120,31090,29610,23780,20570,,
MTI,MTI2201,MRPL,maraetai,Hydro,Hydro,2026-06-04,28540,29210,16400,13140,240,3160,15420,20790,29780,18880,11990,13830,24230,43020,70460,87920,85760,72060,64220,66970,65680,61390,65480,67280,65900,58920,59140,57210,68920,54110,75230,86490,88590,90890,104740,113810,104530,98550,91550,78110,55190,52490,33730,46870,37100,31970,33610,30970,,
MTI,MTI2201,MRPL,maraetai,Hydro,Hydro,2026-06-05,6630,24860,12460,0,0,0,0,0,0,770,5680,4680,29850,48240,52750,60130,57440,45080,60180,60100,60130,60140,67980,69880,68560,66130,66230,66110,66200,66120,60210,63720,63480,73530,91710,109280,97880,82370,79970,70710,68910,48020,37530,36470,38480,21790,12950,30970,,
MTI,MTI2201,MRPL,maraetai,Hydro,Hydro,2026-06-06,33660,29520,14530,31860,15130,30,0,0,0,0,0,0,0,0,0,23890,27090,45250,52650,72880,72930,70880,62310,49780,49500,52710,60000,42690,41490,33640,36590,47010,44830,51560,68660,85550,88170,75600,54880,52050,49580,48980,50910,37950,45880,41750,30350,25110,,
MTI,MTI2201,MRPL,maraetai,Hydro,Hydro,2026-06-07,10690,730,70,15470,15460,12870,0,3940,1610,10220,11980,30620,43100,29310,47180,45130,56150,67410,74510,55290,45980,48060,46390,66590,73410,60840,48950,46010,42010,42480,33150,28530,35710,44430,79670,104460,101820,82960,71200,61990,60410,60990,46400,34470,46010,30360,18860,8380,,
MTI,MTI2201,MRPL,maraetai,Hydro,Hydro,2026-06-08,460,0,0,0,2640,0,0,0,0,0,5280,4020,30480,57270,51420,85040,76020,45730,46840,59710,44850,55420,46950,43540,30850,18690,45300,47720,14990,0,16060,22280,38630,50560,65220,95510,102270,100780,97930,81370,86020,87270,71660,57740,46900,40500,27560,31210,,
MTI,MTI2201,MRPL,maraetai,Hydro,Hydro,2026-06-09,15230,25090,27960,50030,31790,41850,45250,32180,40860,44480,44480,57470,62540,61570,71100,85850,89460,79900,78300,80810,78060,75750,73760,72160,56360,49490,47260,41930,39170,38130,43390,49990,66390,86660,123500,129020,129290,131900,134960,129510,131190,131860,113020,89850,71120,49080,46600,26770,,
MTI,MTI2201,MRPL,maraetai,Hydro,Hydro,2026-06-10,29210,33190,34340,30620,33870,34000,33980,29570,27350,33400,44820,57560,71770,91570,118770,131860,131790,130270,126640,99940,91690,64510,58890,66300,60930,61100,71750,59060,62510,57400,61150,80090,66910,82210,104610,129410,129230,126630,122030,118380,105660,101400,89650,69290,75110,69610,54130,53750,,
MTI,MTI2201,MRPL,maraetai,Hydro,Hydro,2026-06-11,50270,48910,47840,46940,47850,47950,47910,47940,45890,48860,61790,76100,76320,89410,105640,114830,115960,121040,124840,121020,108000,93680,90960,91380,83340,79240,69800,51980,47290,45980,50790,67860,76210,76510,94940,111560,112120,107550,106250,96310,81990,89960,81860,56310,78730,50380,36680,19710,,
MTI,MTI2201,MRPL,maraetai,Hydro,Hydro,2026-06-12,19570,14240,3140,90,0,3470,15510,14850,14260,17090,27160,32460,51310,61410,66570,88580,92330,75030,97760,108120,108430,93730,77170,80800,79220,78410,63430,58460,62310,61800,62580,62980,75070,79250,92390,121650,126050,127710,110790,98420,80000,76220,77000,71400,75200,65360,68780,62330,,
MTI,MTI2201,MRPL,maraetai,Hydro,Hydro,2026-06-13,59120,46160,43470,44170,41980,31360,30490,31790,32450,35510,47980,45460,46000,59730,78560,104480,122170,120540,122830,100860,80140,70000,61200,58800,62000,48470,47640,43120,27300,16580,31970,27240,33290,46150,80720,118270,121190,120190,119910,117590,105080,91010,89370,79730,58240,45220,38380,37250,,
MTI,MTI2201,MRPL,maraetai,Hydro,Hydro,2026-06-14,29280,25730,18720,15510,14740,14360,90,0,0,0,0,12430,5800,8120,29910,30780,36040,48200,74740,54550,35320,32600,34520,36850,29780,29420,27950,27970,27960,28410,31720,42110,36730,47570,66960,67570,82080,75820,74480,59300,40100,32170,37410,29190,24810,15760,15760,15390,,
MTI,MTI2201,MRPL,maraetai,Hydro,Hydro,2026-06-15,990,0,0,0,0,0,0,0,0,0,0,1090,22200,28510,53100,57370,70010,68390,45890,48780,54570,60820,58210,71130,57600,62830,56640,56560,64100,47190,58360,59740,68230,73680,90040,121900,108340,103970,91350,83940,63660,56260,50620,44540,61720,36230,45250,43160,,
MTI,MTI2201,MRPL,maraetai,Hydro,Hydro,2026-06-16,45830,33810,25100,2690,2890,0,12980,2680,9360,14970,13290,16000,43660,67720,82580,101530,101120,77200,77880,62110,77520,65820,65620,65490,61780,61160,49340,47390,34140,51470,67970,74060,78730,72990,98490,120840,119310,115430,103320,101070,88880,90830,88720,77120,77600,55430,25920,7920,,
MTI,MTI2201,MRPL,maraetai,Hydro,Hydro,2026-06-17,2600,0,0,2400,0,0,0,0,0,0,0,9080,31910,60500,78590,101230,100540,81870,92070,75070,75480,60450,59540,68060,76190,67790,72580,71260,57600,51630,50820,60770,75070,81740,102040,100430,104040,107790,92830,84590,82380,73850,69220,58310,54240,50440,46770,39120,,
MTI,MTI2201,MRPL,maraetai,Hydro,Hydro,2026-06-18,45600,43730,41660,44290,45310,43710,41510,43380,15420,13540,26940,36920,41080,55980,84410,98150,88090,69350,58360,31950,44360,38900,26270,31770,29260,32540,32690,30300,20230,30910,30790,52990,68770,73150,107270,141840,142270,142260,142160,122720,91550,73880,71790,63550,43340,30200,31060,21810,,
MTI,MTI2201,MRPL,maraetai,Hydro,Hydro,2026-06-19,13700,7590,9440,11130,7860,4040,15750,30940,39210,43820,59180,62380,76930,98790,118220,121520,122770,124710,124510,102090,88650,90470,89230,69330,58800,47420,36720,15890,15160,15200,15290,19110,34640,48350,62610,89610,92900,95470,85800,77540,87930,79190,87410,64660,58880,56530,42590,26870,,
MTI,MTI2201,MRPL,maraetai,Hydro,Hydro,2026-06-20,18180,20170,27500,25190,26690,19290,14500,14480,14460,14440,19710,29670,33010,28010,36440,59080,61080,74610,79670,77240,68810,62560,60160,59350,62870,58070,60670,48420,49730,47890,47760,47870,56580,77400,75280,87220,81840,78720,71820,67020,75910,62890,62790,49940,49050,36600,22300,25760,,
MTI,MTI2201,MRPL,maraetai,Hydro,Hydro,2026-06-21,14850,14940,14820,14060,7700,4210,3320,3970,10340,14390,14350,14450,14470,9090,37280,46820,40900,47140,49090,55620,58080,47930,43710,43700,58930,70820,65110,54430,44610,47480,47430,43370,44420,45250,52440,64570,65070,72460,74170,74900,76770,72360,73200,58340,52570,42250,39240,11840,,
MTI,MTI2201,MRPL,maraetai,Hydro,Hydro,2026-06-22,4740,40,0,9610,2330,90,1020,2750,16100,28220,29490,18080,41750,54740,71510,103110,109360,109300,105890,91020,89790,88930,81630,72800,75120,77350,72520,65090,63340,60740,62670,61370,64100,85130,108340,128240,125190,115890,113470,108910,104160,96600,99630,84300,81550,60870,61990,59940,,
MTI,MTI2201,MRPL,maraetai,Hydro,Hydro,2026-06-23,48450,52610,43640,43600,35930,39600,53710,53280,47280,49060,57390,54830,69120,94270,123460,131370,129860,109990,109960,109870,109630,98220,92200,73060,68540,68160,56210,51420,63170,76390,73070,89710,87650,113140,135420,142340,141660,139910,135220,116670,115200,87200,88490,69950,80140,59560,45100,39840,,
MTI,MTI2201,MRPL,maraetai,Hydro,Hydro,2026-06-24,43720,38380,44570,34390,29040,29220,28510,31400,29560,29300,29790,33390,48550,78570,95380,116850,112360,108650,120760,124060,122540,126310,121050,109240,97930,92650,93770,78230,78030,62200,62700,66630,72380,88300,122150,134230,132680,120330,97220,84820,78940,64210,62160,51270,56220,45040,44360,41070,,
MTI,MTI2201,MRPL,maraetai,Hydro,Hydro,2026-06-25,29100,28830,30660,29410,25330,29180,19590,14550,13370,16760,28430,28030,51180,77320,78070,99880,97110,95020,93720,92310,77930,76190,76000,76590,79760,74080,56350,63780,75110,65210,54520,58550,68850,76370,90420,119530,132810,136090,122010,124540,83120,81930,81860,58340,49560,28480,29610,28890,,
MTI,MTI2201,MRPL,maraetai,Hydro,Hydro,2026-06-26,21550,20490,29190,24050,15710,18530,16580,15010,15720,20990,27860,32820,46060,66900,73310,95940,115690,116050,125940,121490,118740,104700,105860,101730,85300,73890,72160,81460,60040,63250,71500,73120,78030,78920,100680,132510,136410,134480,131650,122260,120080,118690,122340,109370,102110,77370,58580,43780,,
MTI,MTI2201,MRPL,maraetai,Hydro,Hydro,2026-06-27,33050,32260,28870,28630,30260,27390,28850,28110,31310,29200,29070,31350,44940,47290,62650,70500,59610,69730,81360,89200,75240,79120,76030,77730,69690,55910,52740,38050,29870,20980,28120,37840,49140,61090,64320,89350,91870,78250,94910,105200,95650,92110,95280,71970,64730,52680,29670,29300,,
MTI,MTI2201,MRPL,maraetai,Hydro,Hydro,2026-06-28,19390,16170,16200,16260,15650,15970,16480,200,0,0,13680,14600,14570,14970,28780,51220,45250,67490,75030,54570,21370,16050,32840,43380,23000,35370,18460,44910,39670,41140,5070,31340,38900,56210,79850,110570,110880,97610,97040,81790,71140,60020,66320,55760,31310,23010,17800,16910,,
MTI,MTI2201,MRPL,maraetai,Hydro,Hydro,2026-06-29,14570,15740,6340,7040,5900,15910,4360,16810,30540,27520,29060,30860,40070,70990,73210,116740,136300,142640,104450,80940,81630,54400,40910,38710,58200,51210,54340,52610,49620,47190,49250,66230,69410,72630,112000,145910,132140,134040,125760,108100,113400,84340,63190,44620,46190,41660,31200,22760,,
MTI,MTI2201,MRPL,maraetai,Hydro,Hydro,2026-06-30,23390,14780,30560,30000,31580,30530,28600,28510,32010,32000,29100,53390,91950,103920,130170,140300,142960,134330,134150,125960,113690,103140,91480,74430,76450,67400,57800,46130,48230,43640,49520,51330,71690,95320,110770,125690,126400,108330,121010,121640,127650,120660,111940,97120,101230,89820,80040,65710,,
MTO,MTO0331,NPOW,papareireiā_solar_at_maungaturoto,SOL,PV,2026-06-01,0,0,0,0,0,0,0,0,0,0,0,0,0,0,0,0,0,0,0,0,0,0,0,0,0,0,0,0,0,0,0,0,0,0,0,0,0,0,0,0,0,0,0,0,0,0,0,0,,
MTO,MTO0331,NPOW,papareireiā_solar_at_maungaturoto,SOL,PV,2026-06-02,0,0,0,0,0,0,0,0,0,0,0,0,0,0,0,0,0,0,0,1584,1185,2001,918,4124,1601,3775,3409,673,1652,1004,0,29,0,0,0,0,0,0,0,0,0,0,0,0,0,0,0,0,,
MTO,MTO0331,NPOW,papareireiā_solar_at_maungaturoto,SOL,PV,2026-06-03,0,0,0,0,0,0,0,0,0,0,0,0,0,0,0,0,0,0,262,230,259,352,684,1982,3210,2129,1088,1529,1775,2076,686,0,0,0,0,0,0,0,0,0,0,0,0,0,0,0,0,0,,
MTO,MTO0331,NPOW,papareireiā_solar_at_maungaturoto,SOL,PV,2026-06-04,0,0,0,0,0,0,0,0,0,0,0,0,0,0,0,0,0,0,0,0,0,0,0,0,0,165,13,0,0,14,0,0,0,0,0,0,0,0,0,0,0,0,0,0,0,0,0,0,,
MTO,MTO0331,NPOW,papareireiā_solar_at_maungaturoto,SOL,PV,2026-06-05,0,0,0,0,0,0,0,0,0,0,0,0,0,0,0,0,0,0,0,0,0,0,0,0,0,0,0,0,0,0,0,0,0,0,0,0,0,0,0,0,0,0,0,0,0,0,0,0,,
MTO,MTO0331,NPOW,papareireiā_solar_at_maungaturoto,SOL,PV,2026-06-06,0,0,0,0,0,0,0,0,0,0,0,0,0,0,0,0,0,0,0,0,0,0,0,1176,2102,3765,2605,3712,2132,42,304,3,0,0,0,0,0,0,0,0,0,0,0,0,0,0,0,0,,
MTO,MTO0331,NPOW,papareireiā_solar_at_maungaturoto,SOL,PV,2026-06-07,0,0,0,0,0,0,0,0,0,0,0,0,0,0,0,0,0,0,628,687,1593,777,3525,395,5192,6618,3051,4061,1406,74,7,0,0,0,0,0,0,0,0,0,0,0,0,0,0,0,0,0,,
MTO,MTO0331,NPOW,papareireiā_solar_at_maungaturoto,SOL,PV,2026-06-08,0,0,0,0,0,0,0,0,0,0,0,0,0,0,0,0,0,0,7,164,1466,2346,1603,1310,3712,1590,976,3012,1731,2033,1392,87,0,0,0,0,0,0,0,0,0,0,0,0,0,0,0,0,,
MTO,MTO0331,NPOW,papareireiā_solar_at_maungaturoto,SOL,PV,2026-06-09,0,0,0,0,0,0,0,0,0,0,0,0,0,0,0,0,0,0,0,0,861,2151,2927,2996,3963,3164,2941,3020,1501,2397,776,0,0,0,0,0,0,0,0,0,0,0,0,0,0,0,0,0,,
MTO,MTO0331,NPOW,papareireiā_solar_at_maungaturoto,SOL,PV,2026-06-10,0,0,0,0,0,0,0,0,0,0,0,0,0,0,0,0,0,0,94,1614,2841,3645,4307,4745,4899,5036,5194,6184,5751,4612,2421,42,0,0,0,0,0,0,0,0,0,0,0,0,0,0,0,0,,
MTO,MTO0331,NPOW,papareireiā_solar_at_maungaturoto,SOL,PV,2026-06-11,0,0,0,0,0,0,0,0,0,0,0,0,0,0,0,0,0,0,388,2753,3409,4633,5717,4358,4513,4285,3130,3053,2041,5269,1869,0,0,0,0,0,0,0,0,0,0,0,0,0,0,0,0,0,,
MTO,MTO0331,NPOW,papareireiā_solar_at_maungaturoto,SOL,PV,2026-06-12,0,0,0,0,0,0,0,0,0,0,0,0,0,0,0,0,0,0,0,0,0,0,0,0,0,0,0,0,0,0,0,0,0,0,0,0,0,0,0,0,0,0,0,0,0,0,0,0,,
MTO,MTO0331,NPOW,papareireiā_solar_at_maungaturoto,SOL,PV,2026-06-13,0,0,0,0,0,0,0,0,0,0,0,0,0,0,0,0,0,0,102,1794,3472,4164,4254,4482,4192,5543,5642,3918,1888,913,539,4,0,0,0,0,0,0,0,0,0,0,0,0,0,0,0,0,,
MTO,MTO0331,NPOW,papareireiā_solar_at_maungaturoto,SOL,PV,2026-06-14,0,0,0,0,0,0,0,0,0,0,0,0,0,0,0,0,0,0,0,439,2504,4350,5284,5680,5694,6146,5672,3570,2342,4204,2016,46,0,0,0,0,0,0,0,0,0,0,0,0,0,0,0,0,,
MTO,MTO0331,NPOW,papareireiā_solar_at_maungaturoto,SOL,PV,2026-06-15,0,0,0,0,0,0,0,0,0,0,0,0,0,0,0,0,0,0,164,2377,3846,4588,5355,5719,5938,5944,5633,3230,898,1573,2023,47,0,0,0,0,0,0,0,0,0,0,0,0,0,0,0,0,,
MTO,MTO0331,NPOW,papareireiā_solar_at_maungaturoto,SOL,PV,2026-06-16,0,0,0,0,0,0,0,0,0,0,0,0,0,0,0,0,0,0,0,0,0,0,0,0,62,410,1496,1067,100,730,464,6,0,0,0,0,0,0,0,0,0,0,0,0,0,0,0,0,,
MTO,MTO0331,NPOW,papareireiā_solar_at_maungaturoto,SOL,PV,2026-06-17,0,0,0,0,0,0,0,0,0,0,0,0,0,0,0,0,0,0,0,0,0,0,0,170,0,0,95,1775,1593,21,936,2,0,0,0,0,0,0,0,0,0,0,0,0,0,0,0,0,,
MTO,MTO0331,NPOW,papareireiā_solar_at_maungaturoto,SOL,PV,2026-06-18,0,0,0,0,0,0,0,0,0,0,0,0,0,0,0,0,0,0,0,49,326,1259,42,22,1578,2373,1457,1941,2614,3211,836,0,0,0,0,0,0,0,0,0,0,0,0,0,0,0,0,0,,
MTO,MTO0331,NPOW,papareireiā_solar_at_maungaturoto,SOL,PV,2026-06-19,0,0,0,0,0,0,0,0,0,0,0,0,0,0,0,0,0,0,425,2864,1382,3583,4474,4981,6133,5000,5421,5214,4831,2155,576,147,0,0,0,0,0,0,0,0,0,0,0,0,0,0,0,0,,
MTO,MTO0331,NPOW,papareireiā_solar_at_maungaturoto,SOL,PV,2026-06-20,0,0,0,0,0,0,0,0,0,0,0,0,0,0,0,0,0,0,0,0,0,800,756,875,94,0,7,427,2317,2922,538,0,0,0,0,0,0,0,0,0,0,0,0,0,0,0,0,0,,
MTO,MTO0331,NPOW,papareireiā_solar_at_maungaturoto,SOL,PV,2026-06-21,0,0,0,0,0,0,0,0,0,0,0,0,0,0,0,0,0,0,0,24,134,2109,1093,865,2012,16,0,0,0,0,0,0,0,0,0,0,0,0,0,0,0,0,0,0,0,0,0,0,,
MTO,MTO0331,NPOW,papareireiā_solar_at_maungaturoto,SOL,PV,2026-06-22,0,0,0,0,0,0,0,0,0,0,0,0,0,0,0,0,0,0,422,1811,366,1486,895,4883,2905,3197,1346,1099,1121,218,57,0,0,0,0,0,0,0,0,0,0,0,0,0,0,0,0,0,,
MTO,MTO0331,NPOW,papareireiā_solar_at_maungaturoto,SOL,PV,2026-06-23,0,0,0,0,0,0,0,0,0,0,0,0,0,0,0,0,0,0,0,0,0,316,3451,2382,4293,3276,3165,2644,3329,787,9,0,0,0,0,0,0,0,0,0,0,0,0,0,0,0,0,0,,
MTO,MTO0331,NPOW,papareireiā_solar_at_maungaturoto,SOL,PV,2026-06-24,0,0,0,0,0,0,0,0,0,0,0,0,0,0,0,0,0,0,0,0,0,0,0,0,0,0,85,4528,2624,2567,132,0,0,0,0,0,0,0,0,0,0,0,0,0,0,0,0,0,,
MTO,MTO0331,NPOW,papareireiā_solar_at_maungaturoto,SOL,PV,2026-06-25,0,0,0,0,0,0,0,0,0,0,0,0,0,0,0,0,0,0,0,0,43,363,693,268,7,0,0,0,0,0,0,0,0,0,0,0,0,0,0,0,0,0,0,0,0,0,0,0,,
MTO,MTO0331,NPOW,papareireiā_solar_at_maungaturoto,SOL,PV,2026-06-26,0,0,0,0,0,0,0,0,0,0,0,0,0,0,0,0,0,0,0,0,0,0,0,0,0,0,0,0,0,0,0,0,0,0,0,0,0,0,0,0,0,0,0,0,0,0,0,0,,
MTO,MTO0331,NPOW,papareireiā_solar_at_maungaturoto,SOL,PV,2026-06-27,0,0,0,0,0,0,0,0,0,0,0,0,0,0,0,0,0,0,134,2133,3615,4659,5324,5743,5875,5388,5204,4418,3822,2168,1526,13,0,0,0,0,0,0,0,0,0,0,0,0,0,0,0,0,,
MTO,MTO0331,NPOW,papareireiā_solar_at_maungaturoto,SOL,PV,2026-06-28,0,0,0,0,0,0,0,0,0,0,0,0,0,0,0,0,0,0,196,2277,3511,4430,5192,5620,5906,6015,5963,5724,5464,2248,1187,12,0,0,0,0,0,0,0,0,0,0,0,0,0,0,0,0,,
MTO,MTO0331,NPOW,papareireiā_solar_at_maungaturoto,SOL,PV,2026-06-29,0,0,0,0,0,0,0,0,0,0,0,0,0,0,0,0,0,0,18,1731,3851,4887,5602,6062,6332,6447,4988,3855,5199,4687,2787,322,0,0,0,0,0,0,0,0,0,0,0,0,0,0,0,0,,
MTO,MTO0331,NPOW,papareireiā_solar_at_maungaturoto,SOL,PV,2026-06-30,0,0,0,0,0,0,0,0,0,0,0,0,0,0,0,0,0,0,163,2350,3672,4617,4838,3500,3742,937,2697,2561,1202,2613,1882,21,0,0,0,0,0,0,0,0,0,0,0,0,0,0,0,0,,
NAP,NAP2201,NAPJ,nap,Geo,Geo,2026-06-01,72828,72774,72843,72772,72775,72737,72641,72669,72659,72612,72680,72664,72651,72757,72819,72721,72677,72581,72571,72526,72248,72212,71998,72094,72025,72065,72188,72233,72197,72210,72142,72144,72283,72376,72422,72557,72562,72507,72435,72444,72379,72413,72406,72426,72443,72437,72409,72386,,
NAP,NAP2201,NAPJ,nap,Geo,Geo,2026-06-02,72290,72328,72318,72180,72114,72131,72207,72168,72118,72187,72277,72374,72388,72304,72398,72236,72412,72553,72439,72499,72368,72145,71920,71794,71809,71727,71742,71846,71963,72157,72075,72128,72261,72376,72369,72337,72306,72404,72393,72377,72447,72435,72408,72404,72369,72401,72464,72490,,
NAP,NAP2201,NAPJ,nap,Geo,Geo,2026-06-03,72471,72565,72706,72627,72580,72700,72700,72665,72784,72724,72706,72627,72520,72599,72494,72457,72601,72518,72439,72550,72545,72581,72569,72540,72472,72371,61186,58293,70603,72103,72185,72265,72434,72633,72739,72737,72733,72826,72938,72932,72920,72893,72876,72914,72847,72961,72892,72826,,
NAP,NAP2201,NAPJ,nap,Geo,Geo,2026-06-04,72877,72830,72804,72856,72819,72810,72882,72801,72794,72766,72775,72843,72972,73022,73101,73127,73114,73128,73194,71925,69650,68598,68139,67898,67917,67579,67421,67437,67575,67236,67211,67156,67087,66979,67943,69040,69470,70580,70962,70912,70827,71507,71653,71607,71637,71481,71301,71363,,
NAP,NAP2201,NAPJ,nap,Geo,Geo,2026-06-05,71306,71249,71234,71160,71240,71290,71247,71153,71293,71241,71239,71182,71150,71312,71395,71413,71319,71282,71389,71365,71223,71213,71191,71334,71157,70914,71091,71199,71395,71505,71573,71478,71427,71534,71554,71544,71345,71386,71481,71403,71468,71621,71674,71528,71363,71501,71611,71675,,
NAP,NAP2201,NAPJ,nap,Geo,Geo,2026-06-06,71728,71649,71641,71609,71644,71628,71635,71521,71714,71802,71599,71642,71599,71751,71844,71889,71783,71652,71554,71513,71396,71367,71378,71150,71230,71168,71240,71210,71362,71398,71704,71677,71715,71572,71547,71556,71474,71573,71580,71559,71511,71609,71865,71977,72079,72098,72040,72075,,
NAP,NAP2201,NAPJ,nap,Geo,Geo,2026-06-07,72130,72122,72194,72211,72181,72051,72092,72090,72212,72152,72221,72276,72272,72168,72327,72352,72368,72331,72274,72132,72138,72054,71976,71995,72127,72084,72133,72102,71937,72004,71958,72042,72040,72034,72155,72121,72251,72222,72275,72315,72244,72302,72373,72419,72446,72472,72477,72455,,
NAP,NAP2201,NAPJ,nap,Geo,Geo,2026-06-08,72331,72484,72374,72350,72343,72356,72229,72304,72297,72232,72236,72310,72284,72191,72185,72221,72282,72257,72084,71814,71833,71853,71715,71641,71604,71587,71505,71469,71401,71403,71573,71740,71627,71683,71568,71653,71540,71287,71548,71593,71456,71435,71514,71539,71332,71447,71426,71550,,
NAP,NAP2201,NAPJ,nap,Geo,Geo,2026-06-09,71440,71461,71569,71675,71822,71852,71829,71845,71995,72069,72199,72090,71957,72066,72105,72054,71941,71901,71894,71724,71783,71773,71745,71815,71841,71694,71780,71710,71756,71833,71934,72085,72121,72137,72288,72289,72107,72340,72342,72335,72340,72338,72334,72270,72227,72231,72302,72350,,
NAP,NAP2201,NAPJ,nap,Geo,Geo,2026-06-10,72310,72385,72412,72465,72494,72484,72579,72611,72610,72628,72559,72605,72576,72737,72841,72681,72712,72649,72560,72489,72719,72682,72613,72633,72578,72610,72440,72394,72384,72408,72503,72475,72486,72565,72452,72694,72583,72684,72703,72730,72725,72662,72655,72668,72651,72679,72694,72655,,
NAP,NAP2201,NAPJ,nap,Geo,Geo,2026-06-11,72677,72715,72711,72716,72645,72702,72701,72695,72724,72708,72730,72697,72807,72709,72681,72747,72764,72822,72906,72809,72556,72555,72498,72453,72325,72395,72408,72415,72308,72288,72474,72514,72515,72635,72679,72768,72707,72623,72615,72647,72672,72704,72748,72762,72743,72673,72744,72714,,
NAP,NAP2201,NAPJ,nap,Geo,Geo,2026-06-12,72685,72660,72616,72579,72609,72593,72505,72532,72563,72542,72573,72598,72594,72644,72681,72801,72860,72841,72958,72808,72732,72616,72529,72169,72064,72109,72105,72243,72315,72262,72324,72329,72467,72569,72690,72854,72881,72880,72924,72955,72963,73004,72990,72990,72989,72997,72976,72889,,
NAP,NAP2201,NAPJ,nap,Geo,Geo,2026-06-13,73007,72947,72982,72983,72910,72867,72839,72852,72755,72758,72731,72812,72817,72938,72963,72986,72874,72975,72988,72823,72821,72702,72745,72755,72688,72648,72523,72523,72435,72479,72423,72479,72582,72625,72666,72710,72730,72736,72777,72733,72794,72767,72782,72826,72819,72709,72710,72666,,
NAP,NAP2201,NAPJ,nap,Geo,Geo,2026-06-14,72635,72626,72614,72607,72647,72633,72635,72592,72622,72657,72708,72759,72811,72842,72793,72874,72792,72819,72836,72733,72704,72679,72712,72589,72596,72548,72433,72495,72353,72400,72403,72354,72424,72452,72388,72542,72588,72571,72780,72668,72626,72677,72641,72808,72792,72773,72735,72775,,
NAP,NAP2201,NAPJ,nap,Geo,Geo,2026-06-15,72902,72883,72888,72776,72801,72776,72774,72835,72832,72837,72864,72876,72822,72761,72695,72684,72606,72497,72286,72047,71896,71814,71851,72032,71976,71970,72048,72008,72001,72029,71980,72046,72107,72392,72481,72425,72449,72284,72458,72472,72511,72443,72540,72523,72634,72726,72665,72730,,
NAP,NAP2201,NAPJ,nap,Geo,Geo,2026-06-16,72633,72665,72675,72723,72791,72726,72795,72767,72777,72823,72799,72653,72683,72638,72703,72627,72717,72690,72535,72455,72394,72249,72125,72240,72213,72159,72131,72127,72024,72035,72033,72065,72270,72305,72377,72301,72285,72266,72190,72292,72274,72331,72409,72464,72469,72503,72497,72508,,
NAP,NAP2201,NAPJ,nap,Geo,Geo,2026-06-17,72391,72338,72323,72373,72349,72377,72385,72346,72331,72312,72256,72298,72355,72359,72336,72340,72338,72266,72021,72029,71917,71903,72027,71926,71946,71696,62669,58659,69807,71694,71869,72034,71946,71530,71129,72102,72085,72065,72260,72390,72381,72509,72602,72560,72576,72555,72461,72498,,
NAP,NAP2201,NAPJ,nap,Geo,Geo,2026-06-18,72389,72427,72434,72427,72428,72398,72381,72373,72426,72369,72476,72521,72601,72642,72697,72802,72978,72981,72918,72938,72941,72854,72844,72722,72695,72705,72766,72813,72814,72653,72777,72670,72832,72754,72830,73034,73022,73001,73007,72986,72948,72910,72894,72862,72968,72929,72925,72824,,
NAP,NAP2201,NAPJ,nap,Geo,Geo,2026-06-19,72762,72655,72705,72595,72497,72498,72529,72461,72526,72489,72460,72626,72882,72963,73034,73003,73142,72717,71844,70930,71121,71105,72711,73211,72759,72879,72501,72455,72217,72373,72301,72093,71820,72163,72151,72298,72486,72596,72682,72648,72693,72743,72635,72589,72402,72543,72604,72640,,
NAP,NAP2201,NAPJ,nap,Geo,Geo,2026-06-20,72689,72629,72592,72598,72601,72489,72560,72508,72532,72561,72520,72460,72549,72533,72582,72514,72521,72571,72554,72518,72488,72469,72381,72333,72479,72428,72468,72392,72427,72304,72199,72017,72201,72290,72347,72419,72533,72639,72574,72612,72691,72715,72708,72570,72524,72538,72405,72326,,
NAP,NAP2201,NAPJ,nap,Geo,Geo,2026-06-21,72265,72401,72367,72300,72294,72437,72438,72411,72484,72518,72506,72543,72574,72596,72498,72445,72500,72521,72489,72524,72392,72422,72419,72473,72230,72310,72371,72372,72402,72206,72296,72432,72398,72520,72624,72674,72609,72767,72648,72652,72713,72758,72706,72687,72726,72650,72709,72622,,
NAP,NAP2201,NAPJ,nap,Geo,Geo,2026-06-22,72666,72451,72365,71708,71498,71251,71233,67777,67376,66693,53385,38375,12790,0,0,0,0,0,0,0,0,0,0,0,0,0,0,0,0,0,0,0,0,0,0,0,0,0,0,0,0,0,0,0,0,0,0,0,,
NAP,NAP2201,NAPJ,nap,Geo,Geo,2026-06-23,0,0,0,0,0,0,0,0,0,0,0,0,0,0,0,0,1,1,0,0,0,0,0,0,0,0,0,0,0,0,0,0,0,0,0,0,0,0,0,0,0,0,0,0,0,0,0,0,,
NAP,NAP2201,NAPJ,nap,Geo,Geo,2026-06-24,0,0,0,0,0,0,0,0,0,0,0,0,0,0,0,0,0,0,0,0,0,0,0,0,0,0,0,0,0,0,0,0,0,0,0,0,0,0,0,0,0,0,0,0,0,0,0,0,,
NAP,NAP2201,NAPJ,nap,Geo,Geo,2026-06-25,0,0,0,0,0,0,0,0,0,0,0,0,0,0,0,0,0,0,0,0,0,0,0,0,0,19286,44060,63378,59640,60098,63754,67687,68662,70031,70214,71123,71546,71440,71835,72024,72183,72275,72504,72712,72673,72815,72632,72575,,
NAP,NAP2201,NAPJ,nap,Geo,Geo,2026-06-26,72621,72663,72660,72497,72562,72606,72623,72751,72767,72708,72682,72840,72773,72812,72821,72864,72855,73126,73150,73091,72950,72932,73057,73310,73264,73265,73412,73323,73348,73320,73291,73283,73452,73433,73475,73432,73283,72892,72493,72312,72301,72352,72548,72679,72667,72628,72773,72729,,
NAP,NAP2201,NAPJ,nap,Geo,Geo,2026-06-27,72679,72714,72822,72728,72750,72691,72656,72640,72505,72598,72764,72840,72915,73021,73091,73165,73116,73139,73075,73031,73006,73033,72864,72940,72886,72886,72867,72919,72830,72795,72835,72878,72781,72893,72929,72937,73036,72961,72967,72948,72947,73016,73009,72876,72806,72858,72761,72854,,
NAP,NAP2201,NAPJ,nap,Geo,Geo,2026-06-28,72865,72821,72730,72784,72751,72680,72680,72699,72719,72748,72784,72745,72836,72779,72810,72768,72780,72777,72718,72647,72551,72493,72543,72703,72730,72745,72649,72656,72692,72729,72778,72819,72877,72956,72995,73081,73205,73118,73186,73140,73134,73113,73101,73102,73274,73433,73356,73461,,
NAP,NAP2201,NAPJ,nap,Geo,Geo,2026-06-29,73388,73393,73532,73515,73492,73565,73617,73621,73658,73685,73625,73639,73632,73517,73537,73482,73503,73420,73317,73190,73189,73226,73218,73252,73213,73235,73225,73268,73256,73339,73373,73552,73482,73485,73528,73582,73585,73593,73681,73613,73680,73671,73597,73647,73659,73687,73777,73757,,
NAP,NAP2201,NAPJ,nap,Geo,Geo,2026-06-30,73793,73770,73710,73621,73604,73629,73608,73558,73600,73658,73637,73600,73628,73660,73660,73617,73634,73643,73586,73565,73537,73457,73460,73464,73357,73350,73356,73234,73298,73127,73151,73038,73119,73131,73139,73209,73405,73422,73480,73550,73497,73525,73632,73735,73630,73521,73639,73665,,
NAP,NAP2202,MRPL,Ngatamariki,Geo,Geo,2026-06-01,61323,61494,61381,61234,61291,61311,61248,61000,61074,61039,61085,61146,60982,61269,61165,61168,61133,61132,60998,60929,60591,60473,59365,59704,59962,60084,60018,60039,60038,60055,60041,60000,60010,59867,60000,60103,60314,61272,61255,60912,61230,61225,60963,61123,61089,60735,60730,60616,,
NAP,NAP2202,MRPL,Ngatamariki,Geo,Geo,2026-06-02,60622,60719,60659,60658,60752,60611,60674,60644,60579,60303,60189,60527,60598,60594,60636,60825,60800,60895,60881,61114,61166,59492,59267,58860,58463,58512,58784,59095,58961,59577,60354,60239,60414,60504,60637,60996,60801,60898,60996,61303,61380,61585,61536,61442,61453,61497,61487,61618,,
NAP,NAP2202,MRPL,Ngatamariki,Geo,Geo,2026-06-03,61560,61604,61815,62167,62059,62183,62277,62429,62415,62427,62430,62444,62392,62477,62422,62427,62449,62451,62330,62306,62309,62388,62320,62311,62319,62123,61428,61537,61137,60863,60990,60983,61153,61548,61613,61631,61812,62181,62188,62136,62133,62136,62053,62234,62274,62308,62428,62772,,
NAP,NAP2202,MRPL,Ngatamariki,Geo,Geo,2026-06-04,62748,62998,62980,63044,62952,63054,62905,63208,63084,63055,63069,63228,63142,63136,63220,63196,63308,63418,63626,63562,63606,63684,63654,63711,63612,63672,63613,63572,63591,63550,63460,63379,63447,63364,63312,63165,62681,63008,63110,63135,63244,63207,63239,63151,62755,61822,61477,61585,,
NAP,NAP2202,MRPL,Ngatamariki,Geo,Geo,2026-06-05,61252,61305,61247,61532,61530,61483,61559,61530,61529,61441,61503,61519,61515,61493,61617,61541,61720,61757,61703,61771,61557,61121,61433,61418,61466,61425,61416,61517,61560,61138,61486,61178,60792,61114,61195,60890,60863,60938,61143,61299,61063,60823,61004,61150,61303,61169,61333,61244,,
NAP,NAP2202,MRPL,Ngatamariki,Geo,Geo,2026-06-06,61904,61957,61840,61925,62008,61916,61796,61701,61803,61610,61799,61774,61296,61074,62032,61781,62009,62011,61923,62000,62038,61940,62004,61441,61755,61906,61996,61855,61906,62068,62050,62144,62045,62032,62219,62173,62455,62792,62997,62752,62082,62024,62172,61924,61708,62131,62505,62395,,
NAP,NAP2202,MRPL,Ngatamariki,Geo,Geo,2026-06-07,62211,62391,62349,62417,62708,63289,63325,63233,63328,63243,63032,63334,63041,63295,63377,63326,63349,63311,63464,63279,63193,63018,63191,63096,63040,62870,62605,62826,62880,62964,62964,62983,63028,63052,63129,63090,63133,63077,63129,63154,63176,63113,63179,63500,63809,63795,63797,63859,,
NAP,NAP2202,MRPL,Ngatamariki,Geo,Geo,2026-06-08,63857,63778,63885,63828,63605,63389,63702,63703,63704,63599,63682,63699,63727,63716,63714,63640,63785,63623,63540,63434,63320,62871,62658,62683,62525,62346,61860,62228,62021,61968,62163,62331,62392,62398,62603,62516,62453,62193,61953,62632,62558,62604,62555,62595,62563,62514,62586,62604,,
NAP,NAP2202,MRPL,Ngatamariki,Geo,Geo,2026-06-09,62670,62813,62832,62924,62989,63199,63122,63092,63234,63120,63311,63514,63550,63535,63538,63515,63429,63526,63238,62995,62813,62372,62146,62114,62173,62142,62106,62114,62148,62105,62125,62248,62445,62523,62811,63186,63607,63721,63823,64178,64208,64196,64231,64258,64235,64113,64239,64301,,
NAP,NAP2202,MRPL,Ngatamariki,Geo,Geo,2026-06-10,64187,64340,64460,64429,64508,64546,64486,64703,64763,64811,65146,65154,64927,65386,65530,65552,65533,65571,65436,65442,65238,64788,64662,64097,63864,63791,63718,63841,63694,63703,63697,63709,63864,64374,64247,64012,63914,64103,64113,64241,64244,64388,64442,64433,64634,64618,64706,64664,,
NAP,NAP2202,MRPL,Ngatamariki,Geo,Geo,2026-06-11,64800,64836,64807,64809,64804,64841,64812,64847,65065,65226,65293,65308,65531,65693,65735,65915,65618,65794,65745,65472,65317,65362,65122,64969,64558,64057,63904,64204,64137,64176,64099,64152,64181,64265,64442,64409,64454,64512,64723,64745,64763,64809,65002,64975,65132,65176,65199,65269,,
NAP,NAP2202,MRPL,Ngatamariki,Geo,Geo,2026-06-12,65253,65214,65214,65203,65235,65138,65184,65181,65154,65176,65434,65467,65448,65516,65477,65533,65487,65439,65431,65420,65369,64720,63709,63328,63458,63341,63386,63405,63443,63350,63716,63915,63902,64224,64263,64577,64932,65156,65739,66085,66309,66383,66402,66345,66433,66317,66211,65960,,
NAP,NAP2202,MRPL,Ngatamariki,Geo,Geo,2026-06-13,65782,65967,66105,66324,66237,66392,66147,65989,66093,66280,66366,66456,66460,66675,66657,66766,66733,66686,66681,66641,66591,66566,66530,65842,65761,65719,65559,65355,65347,65278,65375,65095,65405,65604,65621,65742,65819,65843,66117,66297,66177,66254,66536,67070,67160,67327,67040,67000,,
NAP,NAP2202,MRPL,Ngatamariki,Geo,Geo,2026-06-14,67335,67301,67134,67373,67279,67428,67430,67428,67395,67362,67219,66951,66967,67011,66977,66974,66976,66933,66926,66931,66877,66854,66815,66785,66773,66441,66047,66022,65986,65927,65769,65768,65193,64848,64842,64860,64974,65096,65005,65168,65234,65287,65418,65387,65396,65419,65474,65479,,
NAP,NAP2202,MRPL,Ngatamariki,Geo,Geo,2026-06-15,65463,65476,65412,65653,65756,65656,65744,65635,65643,65729,65813,65811,65711,65730,65800,65749,65933,65729,65700,65301,64887,64864,64792,64815,64727,64598,64816,64677,64679,64640,64644,64571,64469,64432,64481,64559,64912,65048,65112,65248,65349,65447,65443,65578,65498,65459,65292,65434,,
NAP,NAP2202,MRPL,Ngatamariki,Geo,Geo,2026-06-16,65401,65579,65572,65649,65575,65598,65559,65665,65544,65370,65326,65438,65473,65336,65334,65128,65271,65228,65195,65189,65036,64936,64675,64713,64717,64689,64810,64735,64677,64736,64636,64712,64685,64753,64836,64769,64798,64845,64796,64923,64874,64891,64971,65070,65487,65971,66124,66089,,
NAP,NAP2202,MRPL,Ngatamariki,Geo,Geo,2026-06-17,66063,66117,66136,66203,66268,66357,66313,66366,66270,66267,66275,66290,66252,66292,66236,66335,66188,66151,65955,65787,65690,65637,65354,65331,65147,65168,64940,64942,64967,65133,65262,65165,65311,65520,65473,65582,65675,65800,65742,65793,65759,65819,65798,65828,65950,66031,66090,66097,,
NAP,NAP2202,MRPL,Ngatamariki,Geo,Geo,2026-06-18,66177,66171,66122,66274,66281,66240,66270,66286,66294,66343,66390,66693,66845,66870,66906,67002,66988,66972,66937,66833,66683,66522,65866,65584,65631,65701,65743,65789,65328,65269,65379,65258,65528,65956,66052,65969,65966,66018,65719,65619,65891,66009,65996,66337,66508,66548,66705,66728,,
NAP,NAP2202,MRPL,Ngatamariki,Geo,Geo,2026-06-19,66922,66832,66395,66603,66414,65772,65698,65782,65699,65866,66207,66213,64796,65255,65362,65504,65167,65449,65367,64930,64817,64651,64597,64509,64677,64874,65038,64886,65226,65455,64526,64829,65207,65183,65412,65583,65718,65895,66167,66198,66158,66205,66197,66159,50931,39695,40880,41261,,
NAP,NAP2202,MRPL,Ngatamariki,Geo,Geo,2026-06-20,42135,42676,42981,43172,43195,43123,43131,43108,43204,43253,43215,43299,43294,43318,43292,43325,43339,43310,43309,43282,43242,43271,43208,43195,43044,54529,63588,64883,65303,65221,65244,65295,65327,65298,65325,65311,65624,65359,65373,65420,65176,65226,65203,64642,64343,64430,64449,64593,,
NAP,NAP2202,MRPL,Ngatamariki,Geo,Geo,2026-06-21,64840,64874,65011,64872,64493,64415,64446,64414,64372,64397,64360,64422,64338,64287,64473,64409,64413,64409,64384,64391,64409,64212,64243,64419,64289,63961,63685,63672,63780,63684,63784,63692,63992,64193,64416,64718,64800,64871,64972,65085,64992,65039,65082,65040,65164,65382,65469,65415,,
NAP,NAP2202,MRPL,Ngatamariki,Geo,Geo,2026-06-22,65468,65349,65330,65263,65413,65418,65225,65328,65293,65377,65534,65512,65636,65418,65558,65553,65369,65405,65272,65104,64805,64826,64682,64679,64618,64540,64200,64241,64290,64327,64396,64378,64383,64470,64520,64587,65065,65381,65555,65534,65739,65939,66344,66423,66461,66394,66545,66499,,
NAP,NAP2202,MRPL,Ngatamariki,Geo,Geo,2026-06-23,66639,66631,66645,66644,66614,66660,66716,66721,66724,66835,66798,66822,66850,66874,66820,66589,66480,66437,66479,66422,66402,66316,66142,66111,66089,65798,65715,65666,65322,64507,64568,64607,64590,64879,64994,65089,65319,65514,65580,65691,65655,65654,65671,65684,65701,65729,65728,65706,,
NAP,NAP2202,MRPL,Ngatamariki,Geo,Geo,2026-06-24,65710,65673,65677,65730,65714,65667,65606,65725,65572,65581,65333,65142,65129,65146,65152,65144,65139,65121,65084,65091,65122,65148,65127,65132,65183,65051,65085,65063,65056,65074,65074,65101,65047,65126,65131,65120,64986,64830,64801,64754,64624,64057,63865,63892,63857,63915,63981,63928,,
NAP,NAP2202,MRPL,Ngatamariki,Geo,Geo,2026-06-25,63986,63958,63985,63945,64023,63972,64201,64671,64667,64755,64671,64979,65119,65053,65147,65088,65179,65082,65109,65201,65351,65343,65233,65136,64856,64657,64513,64329,64267,64507,64587,64520,64610,64804,64809,64738,64707,64512,64639,64635,64786,64522,64551,64431,64630,64577,64709,64802,,
NAP,NAP2202,MRPL,Ngatamariki,Geo,Geo,2026-06-26,64863,64767,64221,64267,64490,64408,64559,64398,64615,64749,64586,64675,64546,64910,64223,63927,64296,64554,64298,64292,64191,63697,63560,63554,63136,62715,62788,62890,63113,62904,62374,62881,62935,62876,63308,63639,63295,63918,64517,64460,64402,64195,64420,64517,64540,64640,64682,64734,,
NAP,NAP2202,MRPL,Ngatamariki,Geo,Geo,2026-06-27,64755,64800,64760,64758,64778,64909,65047,65139,65102,65130,64994,64904,65338,65129,65404,65328,64980,64672,64270,63776,63670,62981,62203,62067,61955,61962,62121,62224,62209,62503,62961,62952,63112,63430,63390,63450,63475,63506,63564,63514,63572,63753,64100,64178,64312,64292,64395,64398,,
NAP,NAP2202,MRPL,Ngatamariki,Geo,Geo,2026-06-28,64383,64456,64402,64342,64371,64177,64201,64287,64288,64393,64187,64279,64152,64133,64329,64393,64419,64130,64158,64161,63932,63556,63262,63002,63048,63060,63100,63135,63396,63424,63669,63755,64049,64136,64321,64393,64371,64440,64617,64688,64683,64711,64696,64762,64807,64450,64568,64854,,
NAP,NAP2202,MRPL,Ngatamariki,Geo,Geo,2026-06-29,64880,64968,65100,65019,65109,65178,65176,65255,65404,65420,65448,65442,65398,65392,65483,65438,65420,65423,65334,65255,65189,64836,64584,63783,63605,63666,63619,63788,63674,63619,63772,63718,63687,63785,64034,64826,64804,64905,65101,65262,65235,65402,65421,65441,65484,65617,65616,65681,,
NAP,NAP2202,MRPL,Ngatamariki,Geo,Geo,2026-06-30,65652,65693,65754,65746,65824,65808,65747,65713,65749,65749,65754,65771,65750,65731,65722,65714,65710,65630,65427,65393,65363,65420,65287,65432,65326,65435,65350,65275,65198,64952,64942,65041,64989,64967,65115,65083,65225,65628,65675,66042,66481,66477,66479,66586,66632,66664,66641,66644,,
NMA,NMA0331,TPCO,white_hill,Wind,Wind,2026-06-01,86,0,269,384,489,1545,1042,591,642,2333,2611,1330,264,2941,4369,2608,1167,950,2032,960,2191,2279,1803,1938,697,737,114,728,119,255,51,0,704,165,30,137,337,82,1,1,0,0,0,0,0,0,0,0,,
NMA,NMA0331,TPCO,white_hill,Wind,Wind,2026-06-02,0,0,0,19,839,1263,1383,1174,1120,460,203,136,627,1100,4258,5911,6518,3406,1952,1688,2654,2681,1754,1006,696,756,1727,2481,2809,1081,187,165,0,0,0,0,0,0,0,0,0,0,0,0,0,0,228,207,,
NMA,NMA0331,TPCO,white_hill,Wind,Wind,2026-06-03,241,636,718,25,0,0,652,4884,7422,9131,10557,11227,13119,13768,16417,15629,14960,11091,9549,7921,7675,7316,5338,5475,4382,3619,3804,4953,6485,8500,13016,11401,7216,3013,1013,1147,1988,2267,2735,3632,3314,2425,1566,1797,2209,4263,5090,3492,,
NMA,NMA0331,TPCO,white_hill,Wind,Wind,2026-06-04,4908,7672,6569,7474,8708,8726,8062,7469,6494,5943,5649,6093,4667,4886,5727,5778,7811,6295,5759,2390,1924,2630,3375,3547,6666,7828,7460,8045,5755,1887,2598,7633,4146,1960,2475,6923,11241,16209,18979,19039,7243,5618,3050,8507,22261,20480,17315,17037,,
NMA,NMA0331,TPCO,white_hill,Wind,Wind,2026-06-05,12513,12773,13836,18475,19947,17227,20932,19799,19678,16991,13383,6643,6830,8479,9469,11071,13806,14847,11505,6379,7061,11999,12724,13360,11046,8329,10172,7797,8523,9620,6018,5764,9514,6634,5997,10911,12852,11741,10274,12176,14377,17135,14586,9201,8745,4343,511,59,,
NMA,NMA0331,TPCO,white_hill,Wind,Wind,2026-06-06,36,0,0,0,193,795,1360,3748,5555,9012,12021,12002,10344,9414,7578,4237,1527,737,45,131,307,1955,2346,1742,5097,12830,20320,21192,21637,18068,17115,15887,14637,4258,4598,5081,1679,1136,1987,3999,9269,7836,7965,1623,355,3187,6125,6846,,
NMA,NMA0331,TPCO,white_hill,Wind,Wind,2026-06-07,10429,12723,12459,13175,15740,18571,21765,20346,16324,15666,15798,15692,15598,15705,14538,14358,15160,15324,14574,14455,15003,14870,12974,14259,14338,15356,14846,14866,15745,15081,14046,14495,15037,14467,14498,14494,15270,14823,13981,14352,13983,12885,15595,16048,14754,14404,14722,15453,,
NMA,NMA0331,TPCO,white_hill,Wind,Wind,2026-06-08,15686,15223,14426,14455,14465,14473,14389,14384,14360,14177,14155,15343,15446,14779,12161,8213,3197,1741,1807,4124,4681,3360,3316,8316,12831,16443,13647,14858,16159,13785,14180,13763,10798,12255,13937,15953,17787,15471,14929,14335,14607,15359,14061,13685,15098,14869,11467,8442,,
NMA,NMA0331,TPCO,white_hill,Wind,Wind,2026-06-09,9483,9709,6835,6227,9232,12165,6732,3279,14060,10363,5291,10619,4991,7248,5308,7856,8239,4139,5101,3920,3264,2022,2107,2023,2294,1772,696,56,208,202,414,1367,1667,1837,1214,1811,1586,941,981,914,86,0,37,0,0,0,16,189,,
NMA,NMA0331,TPCO,white_hill,Wind,Wind,2026-06-10,260,89,201,256,649,1129,1652,1982,2214,2478,1666,1040,785,195,0,0,0,172,196,333,14,0,0,0,0,0,0,0,0,0,0,0,0,635,974,680,466,347,54,1590,2330,3122,6534,9887,13337,15623,10593,11930,,
NMA,NMA0331,TPCO,white_hill,Wind,Wind,2026-06-11,17268,19793,22956,23679,23055,19136,19720,19363,19099,16848,15872,17374,16413,16854,16350,13312,13341,13353,13348,13374,18057,19138,18995,18120,16999,13380,17722,17617,16911,16347,15733,15767,15586,14367,11845,12141,16343,17186,14540,10352,9094,11106,10622,10064,13324,12748,16058,20093,,
NMA,NMA0331,TPCO,white_hill,Wind,Wind,2026-06-12,19511,8315,5056,7946,6004,4299,3401,4738,5523,6193,5563,5442,3635,1310,1245,629,80,6,0,0,0,0,0,0,0,0,0,0,0,0,0,0,0,0,0,0,0,0,0,0,0,0,0,0,0,40,529,1996,,
NMA,NMA0331,TPCO,white_hill,Wind,Wind,2026-06-13,4514,6420,7280,8143,9046,9013,7493,2960,427,0,0,381,2453,7706,8262,10580,17461,16385,19259,15103,13219,8560,7948,16818,20992,18361,12271,11906,10319,12976,15272,14226,18333,21550,20563,19668,18330,16080,16743,16234,15114,15110,14886,15400,15183,15609,16473,16228,,
NMA,NMA0331,TPCO,white_hill,Wind,Wind,2026-06-14,15972,15701,15574,14434,15255,14705,14449,13199,14168,14934,16288,14563,13494,13586,13484,13341,14870,16334,19909,13903,16060,16404,15192,14721,15252,13803,13097,12002,12726,12486,9938,11741,10878,13850,16446,19320,17279,13803,14786,18774,13254,9204,3675,2757,10434,19033,12069,7235,,
NMA,NMA0331,TPCO,white_hill,Wind,Wind,2026-06-15,3868,3998,3570,7357,11077,12752,14221,13915,13929,13351,4147,419,1096,2125,2538,2839,2739,2147,2676,2612,2079,3168,3186,6822,8789,5684,2542,3674,4811,6678,6910,9038,11751,9392,9488,6735,3271,2437,1859,1650,972,817,961,850,392,0,0,0,,
NMA,NMA0331,TPCO,white_hill,Wind,Wind,2026-06-16,0,0,0,0,0,0,0,384,738,1380,2820,5569,7514,9182,14638,15898,15088,18496,18728,18428,18887,19252,17723,16306,15969,15338,15409,15207,11233,15890,16100,18399,17296,16575,16410,16145,16234,16145,15699,14675,11894,16325,15467,15414,15203,14394,15411,15048,,
NMA,NMA0331,TPCO,white_hill,Wind,Wind,2026-06-17,13626,10025,2189,266,901,945,1200,1911,4241,4593,5462,6494,5963,5021,5854,4948,3606,4615,5889,5235,3479,2969,827,811,87,0,0,0,0,0,0,0,49,388,430,2928,6200,7012,6827,8974,5170,3576,7730,11262,7413,6124,8280,9160,,
NMA,NMA0331,TPCO,white_hill,Wind,Wind,2026-06-18,14118,15411,10671,1984,1090,2306,6279,16363,16430,16410,16253,16060,16395,16031,15799,15592,16332,16572,17483,15590,15130,17478,19684,18079,14246,16287,14261,10405,11498,12372,11937,12304,14134,13649,11905,10008,13661,13930,8968,4658,4205,6652,8321,7838,11544,11520,13402,15522,,
NMA,NMA0331,TPCO,white_hill,Wind,Wind,2026-06-19,13492,14019,20489,22485,22781,21466,19717,18541,17433,17020,17636,17675,17303,16353,16000,14985,15510,17344,16842,16495,16492,16908,17180,18575,17217,16425,16300,14516,15389,15505,15197,15507,15526,15535,15530,15493,15351,14334,14163,15341,15596,16503,10800,10005,11040,14122,14803,19190,,
NMA,NMA0331,TPCO,white_hill,Wind,Wind,2026-06-20,18686,15380,14305,10407,16561,16828,14280,13181,15700,15609,14935,14638,13201,12379,11086,10318,9846,8880,7512,2709,1090,2374,5629,6853,6769,11716,13776,16591,15337,14093,13834,4732,656,2709,6788,3686,4270,3509,4966,5652,8514,9603,11356,17100,16049,14626,13229,10022,,
NMA,NMA0331,TPCO,white_hill,Wind,Wind,2026-06-21,8719,6910,5533,4503,3938,2594,2018,1778,823,337,94,60,521,622,0,0,242,1447,2841,2629,4802,5124,4558,2680,4176,7070,6365,13066,13633,10839,11346,9941,9459,12493,13442,13662,12683,10500,7814,8085,7661,6890,7307,9679,8293,7267,8155,5911,,
NMA,NMA0331,TPCO,white_hill,Wind,Wind,2026-06-22,7639,8106,6543,4855,3486,3478,4538,5932,6376,4419,2799,5754,7495,5186,5850,8306,5665,7313,8347,9178,10046,8142,7531,6851,4891,5699,4541,2376,1315,894,1439,1938,2262,3598,4835,6781,10341,14667,17705,17656,20918,22509,21847,22953,25223,23667,21915,19845,,
NMA,NMA0331,TPCO,white_hill,Wind,Wind,2026-06-23,21014,21561,22052,23008,21131,19120,20090,21305,21669,18896,13996,16332,17203,17334,16812,18375,15205,14485,14330,10851,8701,11320,14916,15250,19019,19937,20565,15607,13637,9763,7075,7861,8170,8291,7912,8487,7539,4740,5813,4020,3857,3571,4236,6533,7622,4128,1614,1710,,
NMA,NMA0331,TPCO,white_hill,Wind,Wind,2026-06-24,2170,4360,4859,3750,4637,8184,8077,6004,2986,3453,3973,4164,3419,3800,2186,2545,1142,8962,13553,17907,17762,9966,8109,11392,8508,3734,623,2428,4482,6613,1843,423,860,2386,1822,1501,835,2039,1828,2692,3604,2484,3879,4474,3041,1879,2090,2512,,
NMA,NMA0331,TPCO,white_hill,Wind,Wind,2026-06-25,3334,4039,5327,8629,10467,10761,10509,15678,12271,9085,6164,9654,18980,18130,16035,16214,14682,13963,12223,15551,13471,9104,6872,7047,10115,10612,11262,8714,6049,5143,10490,11536,9749,7473,7021,4604,2576,1631,405,180,134,8,53,5,0,0,0,0,,
NMA,NMA0331,TPCO,white_hill,Wind,Wind,2026-06-26,0,0,0,0,0,0,0,0,0,0,0,0,0,10,594,1033,1461,1342,745,951,2585,3902,1783,1038,35,0,0,0,0,0,0,0,0,0,0,0,0,0,0,0,62,147,134,237,495,260,187,125,,
NMA,NMA0331,TPCO,white_hill,Wind,Wind,2026-06-27,29,0,1,47,71,278,509,726,973,556,367,42,0,0,0,0,0,0,0,0,0,0,0,0,0,0,0,0,0,0,0,0,0,0,0,0,0,0,0,0,0,0,0,0,0,0,0,0,,
NMA,NMA0331,TPCO,white_hill,Wind,Wind,2026-06-28,10,0,0,50,411,316,614,467,569,802,1200,1708,2213,2525,2243,2771,3922,2203,2924,3574,4029,1955,1978,1095,416,634,78,3,64,271,952,1890,2924,2751,1463,1238,2302,1780,2179,1714,1427,73,142,14,0,5,0,0,,
NMA,NMA0331,TPCO,white_hill,Wind,Wind,2026-06-29,0,0,0,0,0,0,40,17,8,19,5,0,23,279,88,123,0,0,10,25,0,345,1412,755,59,0,0,0,0,0,0,0,0,0,0,4,344,157,364,525,150,560,1128,1749,1065,618,13,198,,
NMA,NMA0331,TPCO,white_hill,Wind,Wind,2026-06-30,843,664,183,484,2172,6004,7109,7620,11058,10152,8613,12387,13755,13225,10032,7262,6921,5678,3524,2401,2782,5054,7027,6001,6554,7005,8539,7679,7075,9655,11071,10678,11626,11524,12426,11023,10492,11353,12067,10429,7873,8042,13334,14525,13414,17784,17863,17856,,
NSY,NSY0331,OTPO,paerau,Hydro,Hydro,2026-06-01,0,0,0,0,0,0,0,0,0,0,0,0,0,0,0,0,0,0,0,0,0,0,0,0,0,0,0,0,0,0,0,0,0,0,0,0,0,0,0,0,0,0,0,0,0,0,0,0,,
NSY,NSY0331,OTPO,paerau,Hydro,Hydro,2026-06-02,0,0,0,0,0,0,0,0,0,0,0,0,1058,1670,1694,1694,1535,1409,1394,1357,1425,1013,983,1450,1503,1555,1584,1614,1619,1636,1603,1599,1593,1570,1558,1549,1522,1524,1521,1506,1476,1481,1460,1445,1446,1453,1448,1437,,
NSY,NSY0331,OTPO,paerau,Hydro,Hydro,2026-06-03,1441,1461,1457,1489,1472,1492,1504,1510,1529,1525,1532,1528,1538,1527,1529,1539,1532,1509,1494,1491,1491,1488,1451,1452,1444,1462,1479,1487,1482,1495,1500,1501,1516,1528,1531,1530,1540,1576,1584,1578,1570,1567,1567,1565,1555,1546,1513,1505,,
NSY,NSY0331,OTPO,paerau,Hydro,Hydro,2026-06-04,1505,1504,1502,1500,1463,1441,1463,1458,1444,1462,1472,1483,1489,1515,1514,1519,2287,2272,2269,2274,1542,1509,1507,1506,1463,1458,1444,1452,1437,1462,1466,1473,1446,1485,1478,1476,1501,1505,1508,1510,1520,1512,1502,1501,1513,1509,1505,1495,,
NSY,NSY0331,OTPO,paerau,Hydro,Hydro,2026-06-05,1492,1495,1478,1476,1471,1442,1426,1433,1439,1450,1463,1464,1459,1472,1478,1488,1511,1491,1527,1527,1524,1516,1511,1504,1501,1501,1494,1485,1486,1489,1465,1474,1476,1486,1485,1471,1467,1454,1463,1462,1464,1481,1469,1487,1498,1489,1494,1506,,
NSY,NSY0331,OTPO,paerau,Hydro,Hydro,2026-06-06,1512,1501,1460,1438,1400,1419,1404,1371,1332,1296,1286,1267,1173,246,0,0,0,0,0,0,0,0,0,0,0,0,0,0,0,0,0,0,0,0,0,0,0,0,0,0,0,0,0,0,0,0,0,0,,
NSY,NSY0331,OTPO,paerau,Hydro,Hydro,2026-06-07,0,0,0,0,0,0,0,0,0,0,0,0,0,0,0,0,0,0,0,0,0,0,0,0,0,0,0,0,0,0,0,0,0,0,0,0,0,0,0,0,0,0,0,0,0,0,0,0,,
NSY,NSY0331,OTPO,paerau,Hydro,Hydro,2026-06-08,0,0,0,0,0,0,0,0,0,0,0,0,632,1114,1204,1205,1254,1266,1302,1319,1344,1431,1543,1681,1752,1790,1869,1856,1811,1805,1817,1816,1801,1811,1803,1811,1805,1800,1799,1797,1794,1797,1807,1813,1544,1536,1501,1431,,
NSY,NSY0331,OTPO,paerau,Hydro,Hydro,2026-06-09,1415,1434,1418,1422,1427,1442,1439,1432,1435,1412,1382,1380,1387,1387,1369,1376,1377,1379,1397,1399,1394,1392,1407,1420,1421,1432,1428,1419,1426,1448,1431,1437,1427,1430,1594,1734,2244,2296,2338,2375,2332,2302,2293,2303,2292,2295,2315,2315,,
NSY,NSY0331,OTPO,paerau,Hydro,Hydro,2026-06-10,2310,2318,2326,2344,2337,2328,2329,2327,2329,2328,2313,2311,2301,2312,2307,2285,2264,2233,2186,2173,2170,1527,1419,1357,1348,1344,1347,1345,1343,1334,1357,1349,1358,1358,1373,2038,2508,2468,2466,2458,2305,2126,2063,2055,2061,2057,2016,2017,,
NSY,NSY0331,OTPO,paerau,Hydro,Hydro,2026-06-11,1767,1761,1756,1752,1755,1751,1755,1750,1748,1766,1763,1769,1788,1794,1899,2308,2347,2375,2391,2422,2443,2466,2497,2520,2532,2525,2526,2551,2562,2566,2570,2571,2827,3063,3075,3068,3052,3058,3031,3045,3031,3027,3015,3028,3037,3022,3018,3004,,
NSY,NSY0331,OTPO,paerau,Hydro,Hydro,2026-06-12,2997,2969,2979,2967,2928,2925,2926,2930,2920,2949,2924,2951,2968,2963,2976,2978,2977,2954,2451,2418,2499,2914,2916,2917,2910,2912,2950,2973,2971,3132,3024,2992,3019,3042,3062,3066,3052,3054,3055,3055,3063,3077,5241,5509,3251,3079,3045,3041,,
NSY,NSY0331,OTPO,paerau,Hydro,Hydro,2026-06-13,2665,2312,2258,2242,2213,2191,2176,2013,1894,1864,1855,1569,1535,1489,1401,1329,1305,1295,1307,1294,1303,1314,1316,1304,1318,1338,1331,1342,1332,1322,1310,1307,1318,1335,1322,1314,1319,1316,1311,1305,1302,1277,1266,1274,1269,1267,1262,1274,,
NSY,NSY0331,OTPO,paerau,Hydro,Hydro,2026-06-14,1269,1265,1261,1297,1282,1274,1286,1279,1297,1241,1239,1245,1237,1250,1253,1239,1239,1221,1233,1238,1230,1215,1221,1233,1211,1230,1211,1228,1250,1250,1257,1273,1283,1294,1297,1282,1283,1305,1297,1282,1275,1287,1286,1271,1267,1272,1253,1264,,
NSY,NSY0331,OTPO,paerau,Hydro,Hydro,2026-06-15,1262,1250,1245,1244,1226,1241,1243,1234,1232,1227,1255,1256,2597,2666,2714,2763,2795,2837,2367,2417,2406,2443,2915,2993,3023,3028,3013,2827,2815,2812,2814,2825,2812,2808,2780,2774,2771,2785,2765,2772,2759,2765,2763,2765,2753,2757,2756,2761,,
NSY,NSY0331,OTPO,paerau,Hydro,Hydro,2026-06-16,2753,2759,2745,2739,2751,2768,2765,2769,2784,2769,2783,2779,2918,3040,3036,3017,3012,3029,3009,3008,3012,3034,3017,3011,2999,3024,3012,3016,3019,3025,3010,3031,3011,3011,3036,3014,3028,3034,3028,3020,3024,3025,3024,3025,3008,3018,3021,3025,,
NSY,NSY0331,OTPO,paerau,Hydro,Hydro,2026-06-17,3033,3014,3000,2999,3001,2992,2999,3009,2996,2992,2992,3004,2999,3009,3010,3006,3009,3011,3009,3018,3019,3007,3024,3010,3015,3006,3026,3005,3021,3019,3012,3013,3027,3062,3053,3057,3048,3068,3056,3060,3093,3098,3104,3103,3114,3116,3110,3113,,
NSY,NSY0331,OTPO,paerau,Hydro,Hydro,2026-06-18,3109,3114,3091,3104,3109,3093,3109,3102,3106,3092,3110,3102,3103,3106,3118,3119,3114,3108,3106,3099,3112,3090,3114,3111,3121,3116,3117,3132,3115,3122,3116,3135,3130,3120,3119,3123,3129,3095,3113,3101,3104,3094,3098,3084,3098,3098,3071,3065,,
NSY,NSY0331,OTPO,paerau,Hydro,Hydro,2026-06-19,3081,3082,3074,3077,3103,3101,3093,3085,3097,3096,3106,3084,3082,3095,3100,3091,3074,3072,3079,3040,3057,3063,3066,3070,3056,3030,3054,4300,4022,4078,4051,4071,4118,3889,3917,3920,3969,4094,4283,4321,4449,4895,4912,4880,4831,4832,4828,5223,,
NSY,NSY0331,OTPO,paerau,Hydro,Hydro,2026-06-20,5400,5392,5377,5364,5331,5310,5048,4781,4456,4399,4419,4418,4427,4440,4418,4415,4412,4426,4428,4345,3940,3936,3932,3909,3865,3849,3810,3782,3779,3780,3768,3771,3778,3780,3780,3775,3768,3770,3775,3771,3780,3780,3782,3876,3924,3914,3912,3914,,
NSY,NSY0331,OTPO,paerau,Hydro,Hydro,2026-06-21,3900,3916,3935,3980,3995,4042,4277,4314,4513,4592,4619,4602,4734,4844,4832,4858,4848,4833,4845,4840,4838,4836,4835,4833,4822,4837,4846,4848,4856,4847,4855,4842,4831,5064,5114,5301,5289,5281,5266,5259,5275,5307,5300,5307,5301,5306,5348,5323,,
NSY,NSY0331,OTPO,paerau,Hydro,Hydro,2026-06-22,4895,4865,4849,3624,2876,2846,2807,2781,3783,4163,4578,4624,4579,4557,4550,4825,4449,4242,2643,2525,2670,2418,2340,2709,2776,2865,4401,4661,4706,4856,4969,4961,4972,4954,4975,4819,4753,4728,4763,4729,4766,4760,4753,4805,4641,4570,4337,4588,,
NSY,NSY0331,OTPO,paerau,Hydro,Hydro,2026-06-23,4144,4159,4024,3964,3972,3934,3942,3968,4397,4373,4343,4330,4959,5681,5747,5743,5741,5740,5090,4884,4909,4885,4783,4660,4661,4650,4629,4607,4412,4426,4438,4583,4680,4706,4898,4884,4848,4814,4797,4453,4669,4726,4730,4736,4732,4747,4769,4762,,
NSY,NSY0331,OTPO,paerau,Hydro,Hydro,2026-06-24,4741,4281,4255,4250,4269,4265,4247,4244,4271,4257,4301,4287,4278,4270,4279,4277,4280,4289,4281,4289,4310,4319,4285,4297,4296,4321,4306,4310,4305,4313,4312,4315,4309,4294,4364,4644,4795,4755,4769,4266,4763,5001,5105,5157,5146,5176,5192,5208,,
NSY,NSY0331,OTPO,paerau,Hydro,Hydro,2026-06-25,5263,5250,5262,5279,5446,5498,5492,5494,5505,5515,5515,5503,5510,5517,5505,5528,5506,5491,5470,5737,5773,5782,5581,5520,5513,5511,5529,5504,5508,5498,5522,5510,5526,5531,5529,5519,5538,5516,5502,5546,5524,5536,5502,5535,5527,5523,5508,5523,,
NSY,NSY0331,OTPO,paerau,Hydro,Hydro,2026-06-26,5500,5511,5505,5514,5523,5517,5524,5517,5517,5502,5496,5518,5489,5519,5547,5515,5511,5527,5533,5535,5512,5494,5487,5414,5183,4806,4397,4657,4609,4448,4024,4020,3728,3741,3889,4224,4189,4187,4097,4106,3619,3619,3615,3025,2333,2545,2478,2423,,
NSY,NSY0331,OTPO,paerau,Hydro,Hydro,2026-06-27,2402,2375,2353,2336,2302,2279,2234,2246,2237,2225,2231,2230,2211,2200,2195,2155,2170,2125,2015,2012,2039,2040,2049,1993,1537,1536,1444,1410,1408,1420,1423,1410,1423,1416,1407,1377,1327,1300,1253,1223,1199,1229,1252,1183,83,0,0,0,,
NSY,NSY0331,OTPO,paerau,Hydro,Hydro,2026-06-28,0,0,0,0,0,0,0,0,0,0,0,0,0,0,0,0,0,0,0,0,0,0,0,0,965,1120,1135,1121,1128,1121,1130,1174,1208,1264,2695,2781,2842,2880,2949,2979,1894,1714,1716,1734,1751,2432,2799,2788,,
NSY,NSY0331,OTPO,paerau,Hydro,Hydro,2026-06-29,2793,2814,2815,2829,2836,2826,2831,2824,2869,3057,3022,3008,3069,3108,3109,3112,3109,3108,3109,3108,3108,3110,3115,3102,3102,3181,3168,3184,4062,3927,4185,4214,4223,4220,4208,4186,4205,4611,4697,4598,4602,4600,4624,3088,3143,3125,3103,3132,,
NSY,NSY0331,OTPO,paerau,Hydro,Hydro,2026-06-30,2227,2186,2186,2193,2196,2185,2186,2185,2187,2181,2188,3763,4588,4577,4589,4579,4592,4614,4591,4610,4563,4578,3446,3138,3134,3133,3126,3129,3128,3121,3114,3124,3113,3115,3123,3125,3125,3128,3127,3127,3125,3128,3128,3130,3120,3119,3123,3126,,
OHA,OHA2201,MERI,ohau_a,Hydro,Hydro,2026-06-01,52907,55167,52955,79599,56856,55325,30540,50480,56263,54929,51377,52829,55862,78412,84254,82431,82765,82572,83683,83484,84805,86610,86579,86811,84777,84166,84162,86173,86509,85181,84993,80379,85926,90537,108094,111092,114061,113245,83976,80278,80851,80397,82395,83042,78597,58560,53115,55096,,
OHA,OHA2201,MERI,ohau_a,Hydro,Hydro,2026-06-02,56945,54342,57532,56421,56834,54420,53771,56894,58745,53284,49562,39549,58653,56183,82797,87124,87500,111869,113034,106305,106572,111677,110043,110025,104701,82887,82632,84288,83851,83277,82423,84926,84250,84805,84632,106292,112559,84976,83050,81115,83337,83830,83865,82774,58907,51676,58356,81342,,
OHA,OHA2201,MERI,ohau_a,Hydro,Hydro,2026-06-03,80137,57368,54031,55157,55892,55946,55034,53272,54153,58972,58471,64078,83756,100524,110671,110126,110552,111048,104864,113191,110882,113723,119840,116013,113391,111958,112139,112977,112621,112929,113179,110907,110765,110806,111072,111072,112995,111653,105155,110265,113491,110437,113002,108832,84721,82723,55914,56490,,
OHA,OHA2201,MERI,ohau_a,Hydro,Hydro,2026-06-04,46603,27753,26005,25150,27276,27090,26258,25863,26762,27012,53163,55568,55850,56903,69915,86061,85172,85227,86825,85003,83131,86070,85261,84126,86089,84478,85365,90062,86645,85173,84291,82903,86276,82819,89356,83693,87553,85680,85196,82666,87028,90392,90748,87863,80445,85262,58378,54731,,
OHA,OHA2201,MERI,ohau_a,Hydro,Hydro,2026-06-05,56825,54660,54859,53953,54826,53219,56305,55027,55395,55597,54211,50376,49792,47439,48706,49548,54917,59501,56763,59073,56484,59963,59315,57284,57206,55945,57190,57055,56875,58834,57968,58295,60947,58096,57009,58445,60446,58283,55321,57206,57026,57255,59688,56580,57680,53754,59159,55924,,
OHA,OHA2201,MERI,ohau_a,Hydro,Hydro,2026-06-06,53229,28707,38318,56428,55525,52603,42981,69168,68060,55634,54609,54346,46886,53036,53640,52816,55639,55639,56520,54968,61406,81420,80719,81289,85062,59045,52946,54334,54179,53502,53450,53862,55488,55612,55113,55019,55776,55889,78904,57019,55942,55745,55707,55952,56233,55755,55157,56321,,
OHA,OHA2201,MERI,ohau_a,Hydro,Hydro,2026-06-07,55881,56160,51735,77941,56374,56088,53971,54581,53169,56274,84920,58110,51256,55827,55118,57334,80481,77923,81919,85835,81374,79754,85640,83491,83573,83608,83942,84543,83396,84414,84238,84765,85698,85102,83063,85852,85706,84916,83763,87544,84797,90753,84023,84173,82540,58823,52385,56626,,
OHA,OHA2201,MERI,ohau_a,Hydro,Hydro,2026-06-08,37753,1552,22490,24369,23959,1772,384,15975,1602,406,19755,40408,49172,71900,78429,75363,77320,84640,85516,81968,88753,86996,84308,86193,83423,88013,83530,86304,90442,87410,84737,85441,89513,91937,89119,86106,84127,83948,82474,82088,85176,83442,79333,59083,55319,54074,55672,29672,,
OHA,OHA2201,MERI,ohau_a,Hydro,Hydro,2026-06-09,54641,53075,28569,26531,51052,55254,56506,55816,57604,54732,55690,55145,76706,81036,108009,109989,109991,114814,110900,105835,111347,109006,106514,112560,110937,105514,85476,82312,78311,80162,84187,82989,83490,83347,94655,85547,81904,84154,84432,85215,110882,109459,107871,92438,81585,59248,54641,54472,,
OHA,OHA2201,MERI,ohau_a,Hydro,Hydro,2026-06-10,54421,53839,58309,53241,30249,26611,26473,51009,48637,25973,40463,62957,85764,82957,97004,112504,111602,111684,111365,110598,113469,89115,83335,81520,82765,84020,73391,82095,101520,111301,105632,108061,86420,108792,110849,100288,104618,107943,112856,110623,111674,107733,112900,110569,111859,116996,113306,110734,,
OHA,OHA2201,MERI,ohau_a,Hydro,Hydro,2026-06-11,110770,97421,84065,86866,83456,82192,81804,65385,55781,57017,84338,96821,111766,112394,111121,113828,114271,109410,109628,110245,109886,109559,109458,110206,108678,109672,109311,109552,108911,106652,103248,107777,109793,110968,118269,117576,110907,109347,107469,110327,112152,113078,114062,111433,109612,89391,82768,81970,,
OHA,OHA2201,MERI,ohau_a,Hydro,Hydro,2026-06-12,81889,57492,52226,52071,52168,55099,51071,51874,55076,80542,79349,76366,83031,84370,84130,83584,86506,112644,111806,109794,104933,113002,112027,110848,105380,109233,110537,111528,111899,112654,110989,111448,110718,108727,112344,113895,115046,110268,112914,110296,107232,111542,113218,110570,112291,112599,110941,105777,,
OHA,OHA2201,MERI,ohau_a,Hydro,Hydro,2026-06-13,93549,76396,75727,68970,79990,66840,57339,58866,56825,57510,55500,59266,58600,57938,59200,48303,27982,30025,29338,29416,29575,29599,29428,28836,29458,29410,29395,29833,29315,29916,29169,29419,44757,58726,86637,109040,111724,117144,109309,115205,115200,113780,114531,105427,77781,84585,86738,79835,,
OHA,OHA2201,MERI,ohau_a,Hydro,Hydro,2026-06-14,63545,80069,80622,58362,54568,52084,54956,40624,29907,46509,54114,52977,53729,78670,56440,54991,71974,84810,85090,78341,77754,81482,81722,78593,80144,57771,55348,53039,56299,81359,82677,57181,78456,78346,104098,104820,90490,76969,82203,78874,84686,79337,82664,84075,73601,52022,39162,25928,,
OHA,OHA2201,MERI,ohau_a,Hydro,Hydro,2026-06-15,26547,25478,25798,21332,99,19147,24619,25038,22303,24590,25113,26579,53477,80913,85946,87239,87444,85871,84414,82569,86002,84610,80328,86760,82608,83879,87612,83453,83261,83286,71086,47789,54117,83303,83077,93171,82366,81356,82831,81279,83911,82968,85337,84488,80253,81866,78606,55326,,
OHA,OHA2201,MERI,ohau_a,Hydro,Hydro,2026-06-16,56895,53421,53304,36201,27686,26955,27325,51836,52121,29731,48682,56697,65580,81389,85568,86934,112133,88640,61133,45009,53460,64515,64706,64363,80053,84660,81326,83809,84058,82706,82842,81976,84186,93330,112526,112593,113797,115191,117388,111052,110293,112193,111347,112199,106153,93128,82351,83697,,
OHA,OHA2201,MERI,ohau_a,Hydro,Hydro,2026-06-17,55866,53681,56043,52051,28876,26003,26014,23930,24233,52454,55694,56266,56645,82837,85291,85919,86807,88205,85864,86243,82992,82236,83115,83639,90440,83335,87383,83628,82532,79222,77887,87411,81817,92588,111119,107913,106606,107414,111573,113460,114474,110374,113142,110475,105828,105703,82651,82424,,
OHA,OHA2201,MERI,ohau_a,Hydro,Hydro,2026-06-18,80756,78311,55079,80368,59342,56574,51130,52708,53493,51978,56049,80701,64053,59183,80103,87735,87923,87807,86848,71539,81635,80753,72202,68829,67496,69878,69582,69247,68798,68750,68607,68230,79624,81540,84750,85296,87029,88541,88551,112075,112138,103138,112014,105177,105726,81224,60196,55719,,
OHA,OHA2201,MERI,ohau_a,Hydro,Hydro,2026-06-19,52203,54024,55055,52974,29050,29843,28786,27601,28526,45123,48282,56537,65627,81558,97611,112819,112256,110602,107614,105711,112580,110516,107219,107222,111672,84120,83748,80980,78288,83473,83173,81560,109292,109850,83952,81143,81993,76269,74392,69486,71003,80045,83403,79211,65602,58871,51868,45810,,
OHA,OHA2201,MERI,ohau_a,Hydro,Hydro,2026-06-20,45890,46486,45857,46147,45952,46346,46387,44359,29040,29209,28909,29946,28238,45576,29709,34522,54876,56871,51622,51933,52999,54767,57076,55533,51713,51068,55022,57024,52142,52767,56531,78559,56438,56445,57859,45571,45148,47629,46228,46608,46981,47698,47959,47788,48037,47371,47321,47307,,
OHA,OHA2201,MERI,ohau_a,Hydro,Hydro,2026-06-21,46719,46714,47517,47796,47799,47822,47766,49284,48880,48171,47701,48673,48755,48694,49266,49333,49409,49888,50687,50661,50869,50910,50814,49537,54656,54356,51054,50964,30175,22377,22449,24164,24903,47589,45227,52502,52387,51587,45220,47296,47477,46681,52717,49175,47190,47144,48219,50381,,
OHA,OHA2201,MERI,ohau_a,Hydro,Hydro,2026-06-22,52102,53433,51781,52247,52305,51747,47415,47304,46906,48033,55296,52404,55834,78584,86404,107888,113603,112445,89100,83756,111067,108605,107896,106062,103922,119869,108235,104758,98257,106189,111196,115778,120864,102074,118619,114753,91639,117865,90690,106415,87443,83848,112458,55330,58497,58031,55822,47827,,
OHA,OHA2201,MERI,ohau_a,Hydro,Hydro,2026-06-23,25551,42275,51877,50232,49185,26436,25585,25638,26918,27784,27698,25762,50733,52040,98524,108287,109953,105438,112789,87019,83305,89971,78138,75603,82720,59212,56078,55863,55255,54942,56252,58999,79770,84265,93974,115247,111601,104163,85354,82429,103360,102659,104131,83424,80884,80981,61709,59944,,
OHA,OHA2201,MERI,ohau_a,Hydro,Hydro,2026-06-24,38841,26520,24926,26119,24397,26267,25551,24150,27838,27783,26476,28603,49593,55795,81631,84497,86350,87301,82025,81131,79398,79337,92062,93435,84937,82088,79300,109034,98626,73251,76189,116940,92475,115710,118508,121913,103534,104303,117623,118608,111094,92747,106566,106782,61718,58352,55877,51052,,
OHA,OHA2201,MERI,ohau_a,Hydro,Hydro,2026-06-25,55468,51484,51223,51067,48821,46609,28953,25395,26532,26469,51153,57006,55148,55064,78188,110081,109497,94868,104059,90785,74982,76842,76357,82228,85252,82769,74830,77624,80614,80669,74079,75874,81692,83653,86371,100935,108621,106594,83648,82036,81796,82131,82662,57201,29821,23069,24266,23779,,
OHA,OHA2201,MERI,ohau_a,Hydro,Hydro,2026-06-26,24270,23774,23940,28778,28174,27935,28250,28549,28997,28950,28703,28814,39540,60310,85958,98239,100497,102866,103999,104310,106946,105786,107709,111970,112467,109855,111966,112602,113989,111920,117480,115860,116094,111567,110610,113184,112582,117745,118399,123850,92590,84993,88269,61013,35087,25938,26263,26605,,
OHA,OHA2201,MERI,ohau_a,Hydro,Hydro,2026-06-27,28247,29821,29203,29076,29667,28954,29437,29595,30764,29980,46486,47111,50125,55066,55365,56585,56858,56237,56938,57327,57222,56582,55964,56540,56546,58686,59995,57271,56252,56664,56185,58297,58543,75852,84100,109744,110416,85806,79563,83907,82656,109569,79931,104946,81726,59474,53203,48143,,
OHA,OHA2201,MERI,ohau_a,Hydro,Hydro,2026-06-28,50104,50356,47536,55847,26971,25067,25725,21538,24680,24536,24224,26382,25038,27609,42668,55667,56146,55784,56664,58335,58277,57850,56946,56739,57103,57635,55368,54186,53720,55445,56790,56578,51940,56901,55446,58482,59123,57657,56306,56559,56435,59196,54115,55804,53958,53931,28991,27312,,
OHA,OHA2201,MERI,ohau_a,Hydro,Hydro,2026-06-29,27913,26425,26454,26854,26902,26729,30020,30990,27082,50137,54676,53095,55619,53869,76857,84095,85822,83667,85446,84602,84076,84728,80468,84507,85574,84525,84435,82887,84469,82532,85034,86298,85805,101386,111193,107963,105533,113488,105007,85436,86849,83571,83879,84441,87649,78985,80305,78458,,
OHA,OHA2201,MERI,ohau_a,Hydro,Hydro,2026-06-30,53001,54686,54525,57053,54939,51946,51273,52097,53657,54276,25666,35103,69870,84921,106320,110706,112652,113662,113658,115137,109318,105857,111143,111335,85681,83410,84763,82697,84196,81646,83336,86841,108104,110438,111438,118386,118359,118642,113210,113914,114123,110069,111859,111704,108815,108266,108512,107282,,
OHB,OHB2201,MERI,ohau_b,Hydro,Hydro,2026-06-01,45692,48452,46459,47608,50627,48902,25184,23934,23391,21787,44878,49848,49341,70216,75849,74166,74519,74213,74267,74350,74496,73796,73632,73618,73694,72653,72498,72252,72584,71822,70987,65130,73109,75269,75804,75452,76124,75538,74449,74201,74250,73944,74496,74530,69694,51317,46379,49238,,
OHB,OHB2201,MERI,ohau_b,Hydro,Hydro,2026-06-02,51089,46002,49447,48372,48650,47106,45447,43106,49585,45451,41945,39691,49979,48342,52846,56613,65628,76086,76716,92922,98984,100351,99051,99420,94277,76580,71107,72601,72586,71464,70395,72507,71924,71935,71387,75637,75785,72893,72534,70679,72548,73049,72933,71176,51311,42429,49566,52728,,
OHB,OHB2201,MERI,ohau_b,Hydro,Hydro,2026-06-03,46915,48103,46740,45817,47198,47515,46929,44855,45637,49225,50845,49802,66355,75375,94909,99176,99314,99986,97360,99895,99227,101248,99068,94329,91631,90044,90261,76387,75022,74961,74969,75346,98583,99487,99676,98755,100882,99897,95907,99074,104523,100078,100505,80159,50763,47634,45678,26297,,
OHB,OHB2201,MERI,ohau_b,Hydro,Hydro,2026-06-04,23776,23264,22658,22439,23065,22920,22092,22516,22568,22810,43626,48757,48946,49695,73920,76825,75840,75505,76380,74283,73139,74263,72454,71211,72616,69902,67255,73265,72091,71796,71114,69884,72427,69726,75661,70294,73977,71825,71487,69663,71002,74425,74991,71184,70524,53708,47823,38924,,
OHB,OHB2201,MERI,ohau_b,Hydro,Hydro,2026-06-05,23464,22415,28593,51600,49743,47046,45379,49283,43818,50661,51171,51455,53350,51697,53382,53617,53561,48340,47551,50009,47341,50910,50223,47966,44997,46447,48402,47724,47181,49716,48161,47823,50399,46757,46165,47269,49681,47418,45848,47447,47232,47366,49535,46787,48032,44530,48253,45294,,
OHB,OHB2201,MERI,ohau_b,Hydro,Hydro,2026-06-06,24625,23498,24287,24737,24573,25347,42253,70621,70770,50108,46019,44313,24696,46048,44114,46305,49824,49018,49433,48784,45196,69446,69035,67538,51947,50300,43594,46098,46101,46417,45791,45701,47282,47414,48101,49316,49583,49177,45839,48244,48782,48787,50160,48364,48637,24134,48718,48691,,
OHB,OHB2201,MERI,ohau_b,Hydro,Hydro,2026-06-07,51256,49529,45583,45808,49682,49300,47753,48479,47217,49678,52995,51301,45909,49499,48515,50496,72880,70046,74016,75834,72121,70081,75619,73298,73377,73363,72636,72651,71958,72036,71732,72210,73241,71867,69841,69780,70078,70482,67571,71612,68544,74866,70540,53201,49525,47696,44311,51503,,
OHB,OHB2201,MERI,ohau_b,Hydro,Hydro,2026-06-08,32754,1983,312,493,450,539,510,525,22996,24463,22162,37895,52579,72054,77531,75074,76269,69574,65606,64385,67976,66949,66475,72396,68344,74327,69880,71755,76538,72307,69277,69305,74177,77258,74163,70566,68789,68308,67527,47986,49292,50202,47604,50003,49796,48705,49007,25277,,
OHB,OHB2201,MERI,ohau_b,Hydro,Hydro,2026-06-09,22787,45271,26063,23536,46389,48030,50047,49397,50751,47970,50272,49351,48478,71634,74352,97772,99064,102288,99667,98819,100200,98984,96392,77306,75749,74969,72753,71710,68789,70128,75315,72949,73164,73463,59309,71395,70858,72137,72020,72877,76207,75683,72992,72100,52462,49448,46930,46475,,
OHB,OHB2201,MERI,ohau_b,Hydro,Hydro,2026-06-10,51697,47928,50655,45820,25269,22348,22357,21181,23746,22933,35397,53384,76481,80233,94540,102694,100536,100749,99113,101025,91911,72854,67332,66856,67406,73676,75440,71109,76203,76076,75772,76310,71809,75506,75810,77983,97573,99813,100341,99238,100207,97592,101561,100347,97586,96305,92777,93164,,
OHB,OHB2201,MERI,ohau_b,Hydro,Hydro,2026-06-11,80962,75328,70402,71433,67336,47133,46304,47171,48430,49020,57326,74512,91455,99812,101877,103426,103145,90651,91308,91881,91374,91337,91353,91567,89969,90158,89763,90114,89541,88004,82905,88860,89774,90324,96223,95775,73668,88803,97523,97728,92712,90401,91133,76730,75347,70767,72402,49213,,
OHB,OHB2201,MERI,ohau_b,Hydro,Hydro,2026-06-12,47718,51133,47030,45577,43800,43694,44687,45370,47568,46712,47744,66647,74778,75449,74753,74658,77259,76087,94040,99032,98660,99520,99453,99794,98343,98934,98561,90741,90448,73788,74057,82882,99921,99369,100615,100763,95895,101020,93903,88739,85912,89633,91495,88891,80298,74942,74922,71140,,
OHB,OHB2201,MERI,ohau_b,Hydro,Hydro,2026-06-13,70520,65694,51287,47879,47519,50417,48291,51009,49470,50942,48791,48827,47304,48198,48032,46136,26674,23648,24493,24530,24736,24724,24552,24318,24759,24633,24563,24920,24506,25007,24329,24529,48037,52671,76359,103082,104592,104926,104786,95547,94621,93780,94741,96330,74980,75410,71149,64119,,
OHB,OHB2201,MERI,ohau_b,Hydro,Hydro,2026-06-14,48869,47556,46205,47586,46221,22928,22355,20499,22121,43182,48783,46441,47530,52694,53049,49437,47343,51579,75129,71110,70622,73337,73686,70083,70055,50368,47967,45558,47257,46220,48063,48495,69844,70590,71650,74517,75798,73972,74218,71350,75147,69437,47698,50172,48648,46851,35299,22559,,
OHB,OHB2201,MERI,ohau_b,Hydro,Hydro,2026-06-15,23038,21563,22193,21383,20752,21260,20221,20898,19798,21905,22630,23590,46499,72535,74953,75893,75417,72906,71446,70453,72914,71127,71169,71518,67284,68141,72703,49856,47226,48692,49489,56437,67604,75526,74686,75591,74397,73465,74229,71713,73493,75650,73889,72265,68225,52832,55623,47528,,
OHB,OHB2201,MERI,ohau_b,Hydro,Hydro,2026-06-16,48211,24281,20948,24943,24652,22768,22621,19195,43563,25780,35253,48984,60857,73165,75038,76539,76280,76985,84843,78781,70808,64672,44934,37982,48334,48923,47736,48759,49271,66471,74882,74292,76877,83398,101875,101533,102494,102091,102439,99681,99540,100881,99332,99987,81463,67107,65228,62651,,
OHB,OHB2201,MERI,ohau_b,Hydro,Hydro,2026-06-17,45805,44707,25208,20372,24862,21725,20876,19397,19200,22438,22418,31784,58925,73428,75629,83512,86153,75099,82974,76552,74336,70101,67758,66974,74166,57550,64714,68060,64099,63929,67248,75046,70849,74994,84304,98744,95624,97076,99270,93012,98459,91464,75319,74141,72399,71244,72032,69826,,
OHB,OHB2201,MERI,ohau_b,Hydro,Hydro,2026-06-18,70164,46996,48355,47694,50648,50809,45899,45980,46818,44852,48338,48779,51868,49830,68029,75607,86558,83696,82879,75775,68991,63546,56416,49297,49568,49557,51184,49641,48975,47990,47580,48872,63201,72369,77633,77262,78016,76818,76802,77277,98133,98356,101735,79375,75218,75184,53829,48787,,
OHB,OHB2201,MERI,ohau_b,Hydro,Hydro,2026-06-19,43514,46462,48125,23585,25526,24175,23453,22804,23458,23460,42402,49047,49105,72950,83553,101816,101933,99491,98005,95631,76037,74811,74837,75930,74966,75948,75093,74354,71380,74727,73766,73477,71890,71433,75152,74119,74380,71456,71887,67985,69249,67949,69710,64160,59548,49120,42237,36688,,
OHB,OHB2201,MERI,ohau_b,Hydro,Hydro,2026-06-20,37053,37228,34842,35186,35467,36044,35815,35851,22956,23173,23168,24957,23767,22605,23005,22593,23148,51887,47513,47517,53231,49323,51886,49945,48031,46307,50225,51155,47949,47782,50696,45496,49710,50899,51292,68553,66973,58256,46775,40473,36473,34450,33566,32988,25805,24008,24460,22600,,
OHB,OHB2201,MERI,ohau_b,Hydro,Hydro,2026-06-21,31529,36476,38371,38392,38622,38921,38040,42882,43096,47980,44105,47819,42946,42299,23643,22194,44504,47955,47285,47025,32747,16505,28696,50783,52900,51239,50642,50608,29205,19737,19766,18996,21175,40882,37959,45166,48360,43855,38444,39847,39978,28983,32276,43945,42686,41474,39911,33360,,
OHB,OHB2201,MERI,ohau_b,Hydro,Hydro,2026-06-22,44895,48458,44164,43785,40551,20041,41738,41480,52420,53812,48469,45972,43985,66546,82508,99937,103468,83706,87227,80743,86808,106887,101941,96705,91847,85377,79043,74886,78946,77103,78472,79398,95269,105469,102199,104620,105102,75601,75318,79174,76665,66167,75290,37074,41405,33535,23610,17063,,
OHB,OHB2201,MERI,ohau_b,Hydro,Hydro,2026-06-23,26375,42804,42867,40065,39801,22011,20557,20124,21365,23972,22750,23549,50854,54021,90083,99044,99241,95290,77313,75108,74747,92783,76462,54357,47816,50293,50057,50113,49141,48821,49885,57917,56848,74750,99762,102456,101198,94895,77076,68147,65244,67749,73121,72987,73328,49238,43961,45264,,
OHB,OHB2201,MERI,ohau_b,Hydro,Hydro,2026-06-24,25472,1805,0,22346,26841,25184,23313,23775,24794,24780,23833,24796,43810,50232,71615,74714,76630,77302,85476,84287,92628,76801,75500,68015,62605,63944,65737,66548,74951,71412,72672,75585,96380,102239,102277,102294,103427,82159,74148,74899,80135,77648,75196,70601,43230,39208,46580,44129,,
OHB,OHB2201,MERI,ohau_b,Hydro,Hydro,2026-06-25,48180,44601,38531,35920,35784,36259,25673,22952,24167,24193,45282,51987,50221,48679,74814,74435,74142,72284,70286,89693,75851,69920,95363,86649,69577,68507,71812,49902,66866,50064,66134,66422,69670,68940,71593,86082,75610,74695,73007,71218,73861,70868,48557,44055,23310,22970,19974,21103,,
OHB,OHB2201,MERI,ohau_b,Hydro,Hydro,2026-06-26,23856,22107,25188,23276,24650,23150,24588,23934,25499,24823,23789,23767,29583,34321,56787,78521,87748,77490,96585,98593,98491,99366,98542,98663,97981,94595,93234,93295,94209,94315,95487,94017,95180,95939,94651,94106,93601,93817,94515,94955,75215,73460,71141,47390,24538,24424,23656,23405,,
OHB,OHB2201,MERI,ohau_b,Hydro,Hydro,2026-06-27,24161,26740,26550,22559,24823,22278,26284,26189,26314,26261,29540,25287,29414,47914,48716,52100,49242,48686,49868,50107,49702,48048,47440,48496,47849,51994,51560,47498,47108,49089,48077,49071,49644,47829,69987,71007,71353,74611,72224,75219,74047,72944,70358,71099,67506,51639,47485,44499,,
OHB,OHB2201,MERI,ohau_b,Hydro,Hydro,2026-06-28,40801,38370,33336,24659,22608,22382,21989,25383,23002,22389,21330,23269,22387,24529,34861,49638,49383,49224,50665,50952,51466,50738,51073,49437,50297,50742,48902,47361,46756,48417,49103,48985,44877,48708,47418,50476,50904,49491,48032,48345,48141,47737,45881,45344,24473,23415,24767,24324,,
OHB,OHB2201,MERI,ohau_b,Hydro,Hydro,2026-06-29,24925,23910,23835,24144,24114,23996,23381,23774,23873,22619,38175,46061,49964,49067,71061,75040,75938,74718,74695,73314,72375,72982,69964,73330,74359,72768,72302,70694,71608,70086,69216,71149,69845,75380,76138,75218,75428,75901,75613,72788,75069,72310,72100,73265,76079,67691,46902,43930,,
OHB,OHB2201,MERI,ohau_b,Hydro,Hydro,2026-06-30,45984,50255,47565,49956,46038,42007,41956,41747,47690,47211,23788,30251,62686,75863,97542,101286,102782,106575,103459,101685,97586,86086,74136,71369,75788,73596,71155,70254,70619,69836,69974,73698,74595,95723,100642,107105,104795,103546,95100,94767,93072,96189,80493,80094,79977,80030,79883,79932,,
OHC,OHC2201,MERI,ohau_c,Hydro,Hydro,2026-06-01,45416,48091,46171,47233,50183,48217,24083,23300,23842,21722,45428,49336,48854,69757,74551,73721,73225,71692,73542,72604,73436,72941,72871,72268,72539,72455,71501,71630,71854,70608,70497,64519,72236,74090,75004,74334,74417,73801,73676,73010,72662,72755,73751,73609,68721,50211,45128,48877,,
OHC,OHC2201,MERI,ohau_c,Hydro,Hydro,2026-06-02,50542,45498,49018,47758,48334,46131,45404,42685,49091,44865,41459,39485,49520,47355,52425,55891,65230,75415,75044,92068,96583,98689,97001,98117,92747,75082,70537,70311,70968,70672,69060,71610,71076,71206,70557,74554,74697,71620,71589,69635,71887,71375,72930,70221,50298,41509,49138,52347,,
OHC,OHC2201,MERI,ohau_c,Hydro,Hydro,2026-06-03,46298,47743,46025,44888,47207,46969,46306,44714,45566,48699,50380,48836,65590,74025,93463,96503,97799,98687,95554,98181,97729,99321,97629,92562,90332,88670,88653,75370,73948,73469,73220,74608,97185,97514,97897,96201,99415,98453,94895,97237,102806,97847,98982,78553,49912,46378,44206,25829,,
OHC,OHC2201,MERI,ohau_c,Hydro,Hydro,2026-06-04,22593,22930,22337,22516,23022,23087,21781,22215,22327,23214,43407,48394,48520,48082,73271,76306,74192,74037,74900,73742,72253,73986,71654,70284,73056,68977,66402,72285,71127,71052,70298,69260,71852,69142,75306,68663,73076,71066,70990,68881,70436,73822,73648,70704,69547,53038,47318,38522,,
OHC,OHC2201,MERI,ohau_c,Hydro,Hydro,2026-06-05,22792,22968,28569,51030,49485,46229,47535,47682,41900,49660,50359,50832,52229,50212,52235,52607,54667,48316,47033,49590,46836,50295,48916,47854,44212,46504,47822,48190,46715,49331,47767,47443,50430,46351,45887,46786,49282,47304,45657,47021,47102,46984,49383,46204,47990,43563,48423,45134,,
OHC,OHC2201,MERI,ohau_c,Hydro,Hydro,2026-06-06,24106,23661,24376,24447,24829,25258,41121,70779,70358,49705,44926,44097,24302,45776,43358,46049,48677,48486,48950,48029,45609,68397,68252,66014,51453,48961,42969,45823,45121,46093,45391,45177,46762,46809,47859,48591,48756,48606,45172,47812,47879,48362,49385,47875,47833,23831,48753,47853,,
OHC,OHC2201,MERI,ohau_c,Hydro,Hydro,2026-06-07,50612,48623,45066,45254,49073,48599,47242,47902,46639,49208,52216,50390,45412,48835,48383,49571,72469,68854,72970,74458,71540,69609,74180,71955,71509,72947,72087,71415,71236,71637,70836,71561,72430,70954,69030,68846,69496,70071,66357,71116,67484,74187,69282,52215,48531,47464,43860,51165,,
OHC,OHC2201,MERI,ohau_c,Hydro,Hydro,2026-06-08,32221,1906,308,490,446,537,511,526,22769,24107,21971,37419,52176,71826,76534,73755,74990,71572,67260,67192,67456,66868,67528,72325,67616,73890,68415,70561,76406,71057,68018,68908,73642,76648,72956,69295,68333,67643,66963,47445,48639,50005,46834,49746,49127,48450,49025,24527,,
OHC,OHC2201,MERI,ohau_c,Hydro,Hydro,2026-06-09,22084,45447,25623,23958,46191,48133,49565,48563,50150,47362,49791,48689,47874,71410,73513,95915,96607,100972,97979,97281,98450,97362,94741,75762,74629,73985,72357,70310,68568,69545,74921,71976,72751,72147,58989,71156,70176,71139,71118,72075,74996,74829,72614,71480,51378,48388,46659,45808,,
OHC,OHC2201,MERI,ohau_c,Hydro,Hydro,2026-06-10,51155,47319,50829,45472,24938,22197,21850,21141,23801,22745,35318,54583,75459,79665,93793,101929,97974,98452,97258,99426,90757,71651,66947,65336,66381,73095,74447,70082,75460,75427,74230,74851,70987,74119,74567,77872,96166,98001,98577,97324,98921,96192,100599,98335,96169,94742,91969,91674,,
OHC,OHC2201,MERI,ohau_c,Hydro,Hydro,2026-06-11,79979,73270,70372,71104,66524,46537,45264,46782,48162,48717,57191,73091,90837,98598,100389,100970,101640,89233,89192,91464,90565,90128,90320,90779,89485,88690,88987,89427,88333,87874,82438,87504,88685,90076,95650,95162,72569,88575,96753,95353,91603,89031,90758,75346,74648,70092,71278,48280,,
OHC,OHC2201,MERI,ohau_c,Hydro,Hydro,2026-06-12,47409,50975,46645,45189,43425,43369,44407,45185,47257,46441,47628,66298,73694,74488,73908,73671,76463,75020,93364,96675,96981,98026,97494,98474,96899,97870,97547,89120,89803,72546,73519,82547,99440,98851,100006,99840,92040,98908,92006,87229,85040,89098,90959,87909,79432,74309,74299,70115,,
OHC,OHC2201,MERI,ohau_c,Hydro,Hydro,2026-06-13,69640,64908,50612,47877,46673,50104,47905,50506,49045,50522,48407,48414,46814,47883,47979,45627,26037,22944,24639,24534,24624,24994,24545,24326,24925,24571,24581,25020,24630,24986,24358,24628,48249,52289,74454,102405,104217,103661,103713,94067,93763,92376,94016,95761,73586,74549,70508,63711,,
OHC,OHC2201,MERI,ohau_c,Hydro,Hydro,2026-06-14,48246,47493,46403,47417,46284,22388,22143,20260,21983,43125,48989,46563,48133,52492,52419,48891,47361,50731,75141,70674,69646,72815,72275,69547,69942,49531,46842,45519,46998,45936,47486,48099,69342,70434,70961,73737,74826,73023,73550,70217,74500,68255,46661,49376,48084,46733,34733,22181,,
OHC,OHC2201,MERI,ohau_c,Hydro,Hydro,2026-06-15,22668,22315,21397,21099,20393,20983,20280,20754,20299,21750,23457,23994,46349,72703,74205,74779,74499,71852,70719,69754,72294,70396,70812,70204,66825,66917,72891,48240,47011,48169,49091,55710,67126,75327,73711,75079,72969,72255,73007,70806,72807,74724,73716,71896,66602,51695,55049,46886,,
OHC,OHC2201,MERI,ohau_c,Hydro,Hydro,2026-06-16,47728,23378,20713,24733,24770,23003,22686,19083,44382,24699,35180,49025,60336,72687,74437,75090,74910,76012,84401,76922,70393,64574,43884,37639,48384,48705,46554,48331,48875,66443,73400,73419,76262,82931,100747,99443,100856,100187,101705,97478,98002,99020,99084,98518,79990,66229,64320,61801,,
OHC,OHC2201,MERI,ohau_c,Hydro,Hydro,2026-06-17,44743,45282,24692,19584,24810,21856,20663,19370,19380,22375,23393,31436,59164,72759,75020,82341,85339,74145,82212,75636,72904,69109,66996,66530,74142,58395,63924,65849,63380,63510,67030,74656,70361,74497,83761,97534,94008,96371,98305,92077,98350,89913,74481,72630,71392,70486,71255,68959,,
OHC,OHC2201,MERI,ohau_c,Hydro,Hydro,2026-06-18,69363,45904,48767,47643,50518,49845,45862,45562,46756,44398,48167,47912,51675,49546,65514,74720,85805,81786,82190,74841,68217,63200,55717,49244,49612,49105,51053,48919,48143,47633,48132,47852,63140,71795,77087,76555,77411,75812,76136,75849,98006,96343,101160,77993,73880,74250,53163,48391,,
OHC,OHC2201,MERI,ohau_c,Hydro,Hydro,2026-06-19,43333,46203,48048,23134,25264,24580,24268,22165,23528,24128,42220,49287,48853,72644,82959,101638,100776,97077,97379,93781,74820,73070,73481,75288,74256,75014,74696,73006,71280,74458,72659,72473,71234,70774,74466,72823,73921,71248,70956,67675,68449,67544,69704,63378,59502,48482,41258,37029,,
OHC,OHC2201,MERI,ohau_c,Hydro,Hydro,2026-06-20,37248,36904,34638,35051,35347,35954,35512,35642,23423,23001,23030,24841,24048,22843,23241,22567,23263,52022,47397,46766,52818,49336,51758,49503,47854,46134,50200,50672,47673,47610,50603,44895,49670,50056,50592,69072,66179,57096,46225,40576,36471,34068,33319,32906,25418,23962,24416,22947,,
OHC,OHC2201,MERI,ohau_c,Hydro,Hydro,2026-06-21,31830,35851,37988,37949,38206,38493,37612,42290,42647,47532,43966,47877,43180,42590,23229,22314,44241,47800,46533,46013,32025,13478,27896,50653,51811,50766,50059,49432,29259,19661,19724,18994,21147,41124,36884,44940,48193,42972,38243,39364,39436,28234,31773,43770,42413,40896,39888,33088,,
OHC,OHC2201,MERI,ohau_c,Hydro,Hydro,2026-06-22,44008,48106,43726,43513,39862,19641,42031,40509,52176,51269,46574,45792,42952,66255,81293,99152,101783,82579,85797,78851,85578,105090,101285,94991,90755,83647,78057,74344,78328,76036,76762,78908,94873,103719,100955,102473,102442,74575,74254,78552,75473,65201,75264,34194,40698,33086,23560,13647,,
OHC,OHC2201,MERI,ohau_c,Hydro,Hydro,2026-06-23,25969,42926,43451,39176,38853,21676,20688,20203,21097,24006,22762,22854,49970,54182,89030,98385,97714,93000,75476,73145,74176,92166,75327,53294,47318,50115,49342,49279,49134,47918,49593,57576,55745,74949,99083,101328,99240,94642,75304,66624,64481,67513,72645,72396,72343,48326,43310,45429,,
OHC,OHC2201,MERI,ohau_c,Hydro,Hydro,2026-06-24,25161,2068,0,22044,26968,25081,23182,23665,24562,24268,23917,24739,44076,49079,71733,73879,75515,75736,85789,83709,91931,76370,74135,67565,61558,64122,64802,65839,75095,70974,72065,74742,96042,101177,100935,101316,102589,80808,72526,73983,79641,76849,74662,69908,43382,39193,45875,43931,,
OHC,OHC2201,MERI,ohau_c,Hydro,Hydro,2026-06-25,47875,44164,37788,35754,35628,35752,25396,23428,23945,23900,45513,51683,49803,48526,73054,74182,73129,71377,69586,89030,74360,69217,95437,85002,68691,67587,71695,48456,67650,49025,66315,65758,69410,68254,70290,85325,74986,74441,72680,70704,73319,70480,47228,43657,23326,22323,20892,21011,,
OHC,OHC2201,MERI,ohau_c,Hydro,Hydro,2026-06-26,23896,22203,25044,23242,24541,23098,24462,23857,25418,24817,23703,23523,29490,33774,56572,77966,86695,76367,96331,96215,96824,98838,96824,97010,97901,94004,92484,92743,93714,93886,95134,93208,94888,95380,93449,93242,92621,93097,93975,93499,74227,73293,70658,46498,24465,24205,23653,23428,,
OHC,OHC2201,MERI,ohau_c,Hydro,Hydro,2026-06-27,24490,26894,26646,22904,24618,22513,26210,26408,26166,26377,29437,25168,29319,48048,48783,52157,48592,48584,49440,49768,49584,47911,47183,48473,47471,51839,51609,47001,46806,49258,47887,48723,49774,47589,70355,69560,71132,74298,71597,74767,73236,72376,69081,71142,66975,51109,46522,42769,,
OHC,OHC2201,MERI,ohau_c,Hydro,Hydro,2026-06-28,41609,38436,33002,24289,22640,23332,21713,24601,23859,23349,21281,23075,22347,24712,34727,49296,49100,49047,50273,50365,51165,50435,50518,49180,50265,50016,48757,47368,46390,48416,49042,48854,43838,48886,47135,50265,50250,49427,47791,48264,48033,47665,45826,44991,23923,24195,24473,24420,,
OHC,OHC2201,MERI,ohau_c,Hydro,Hydro,2026-06-29,25113,23880,24096,24143,24311,24149,23314,23825,24040,22619,38260,46351,49873,47837,71369,73097,75400,74211,74166,72133,71811,71771,69971,73001,74066,71730,71841,70470,71383,69846,68818,70890,69393,75072,75293,74877,74459,74999,75179,72177,74428,71191,71772,72924,74936,66909,46403,43376,,
OHC,OHC2201,MERI,ohau_c,Hydro,Hydro,2026-06-30,45700,49943,47416,49375,45848,41291,42071,41404,47326,47052,23382,29979,62419,75484,96994,99662,101151,104815,102119,101455,96758,85137,72548,70479,75460,72818,70921,69865,70412,69496,69748,73488,74141,95536,99466,105259,104312,102861,94500,94379,92190,94802,79399,80057,80010,79638,79543,79656,,
OHG,OHG1101,CNIR,patea_unit_1,HYD,HYD,2026-06-26,0,0,0,0,0,0,0,0,0,0,0,0,0,0,0,0,0,0,0,0,0,0,0,0,0,0,0,0,0,0,0,0,0,262,4505,5610,5887,5945,6376,13713,13761,14150,15628,14077,13747,10950,8485,6875,,
OHG,OHG1101,CNIR,patea_unit_1,HYD,HYD,2026-06-27,8007,10518,10895,13530,13700,13717,13710,5068,3836,4430,6575,9434,8972,8127,6147,6763,11963,6822,9587,9959,6292,12004,13573,13624,13575,13095,12543,11547,7767,9638,9175,6588,9603,10167,7122,9003,5559,4045,4885,4814,3094,4340,4383,4766,4878,4872,4854,4865,,
OHG,OHG1101,CNIR,patea_unit_1,HYD,HYD,2026-06-28,1829,1796,1786,152,260,261,263,264,264,263,265,265,1420,1470,1469,125,265,265,263,263,264,265,266,266,1440,1430,1421,101,264,263,265,266,1546,3723,8010,13729,13712,12428,12404,12683,7243,4194,12815,10219,12830,13084,13052,13647,,
OHG,OHG1101,CNIR,patea_unit_1,HYD,HYD,2026-06-29,11218,13635,13558,250,265,266,266,266,267,265,267,267,4377,11425,16169,16040,15997,15975,15970,15955,15952,15947,15948,15946,7881,5444,8717,316,715,4040,4703,4730,8706,11070,14766,13776,12262,13607,12984,13712,13681,11277,13300,8812,6795,9709,11755,125,,
OHG,OHG1101,CNIR,patea_unit_1,HYD,HYD,2026-06-30,1403,1458,1446,114,265,265,265,265,265,266,265,264,3977,4464,11712,13310,13287,13251,13247,13227,13207,13201,11879,6494,4480,4480,4488,4475,4484,7985,5693,10684,13218,11243,10837,15274,13448,13205,13217,13189,13169,13169,13188,13181,13125,13124,13079,13087,,
OHG,OHG1101,CNIR,patea_unit_2,HYD,HYD,2026-06-26,0,0,0,0,0,0,0,0,0,0,0,0,0,0,0,0,0,0,0,0,0,0,0,0,0,0,0,0,0,0,0,0,0,262,4505,5610,5887,5945,6376,13713,13761,14150,15628,14077,13747,10950,8485,6875,,
OHG,OHG1101,CNIR,patea_unit_2,HYD,HYD,2026-06-27,8007,10518,10895,13530,13700,13717,13710,5068,3836,4430,6575,9434,8972,8127,6147,6763,11963,6822,9587,9959,6292,12004,13573,13624,13575,13095,12543,11547,7767,9638,9175,6588,9603,10167,7122,9003,5559,4045,4885,4814,3094,4340,4383,4766,4878,4872,4854,4865,,
OHG,OHG1101,CNIR,patea_unit_2,HYD,HYD,2026-06-28,1829,1796,1786,152,260,261,263,264,264,263,265,265,1420,1470,1469,125,265,265,263,263,264,265,266,266,1440,1430,1421,101,264,263,265,266,1546,3723,8010,13729,13712,12428,12404,12683,7243,4194,12815,10219,12830,13084,13052,13647,,
OHG,OHG1101,CNIR,patea_unit_2,HYD,HYD,2026-06-29,11218,13635,13558,250,265,266,266,266,267,265,267,267,4377,11425,16169,16040,15997,15975,15970,15955,15952,15947,15948,15946,7881,5444,8717,316,715,4040,4703,4730,8706,11070,14766,13776,12262,13607,12984,13712,13681,11277,13300,8812,6795,9709,11755,125,,
OHG,OHG1101,CNIR,patea_unit_2,HYD,HYD,2026-06-30,1403,1458,1446,114,265,265,265,265,265,266,265,264,3977,4464,11712,13310,13287,13251,13247,13227,13207,13201,11879,6494,4480,4480,4488,4475,4484,7985,5693,10684,13218,11243,10837,15274,13448,13205,13217,13189,13169,13169,13188,13181,13125,13124,13079,13087,,
OHG,OHG1101,CNIR,patea_unit_3,HYD,HYD,2026-06-26,0,0,0,0,0,0,0,0,0,0,0,0,0,0,0,0,0,0,0,0,0,0,0,0,0,0,0,0,0,0,0,0,0,262,4505,5610,5887,5945,6376,13713,13761,14150,15628,14077,13747,10950,8485,6875,,
OHG,OHG1101,CNIR,patea_unit_3,HYD,HYD,2026-06-27,8007,10518,10895,13530,13700,13717,13710,5068,3836,4430,6575,9434,8972,8127,6147,6763,11963,6822,9587,9959,6292,12004,13573,13624,13575,13095,12543,11547,7767,9638,9175,6588,9603,10167,7122,9003,5559,4045,4885,4814,3094,4340,4383,4766,4878,4872,4854,4865,,
OHG,OHG1101,CNIR,patea_unit_3,HYD,HYD,2026-06-28,1829,1796,1786,152,260,261,263,264,264,263,265,265,1420,1470,1469,125,265,265,263,263,264,265,266,266,1440,1430,1421,101,264,263,265,266,1546,3723,8010,13729,13712,12428,12404,12683,7243,4194,12815,10219,12830,13084,13052,13647,,
OHG,OHG1101,CNIR,patea_unit_3,HYD,HYD,2026-06-29,11218,13635,13558,250,265,266,266,266,267,265,267,267,4377,11425,16169,16040,15997,15975,15970,15955,15952,15947,15948,15946,7881,5444,8717,316,715,4040,4703,4730,8706,11070,14766,13776,12262,13607,12984,13712,13681,11277,13300,8812,6795,9709,11755,125,,
OHG,OHG1101,CNIR,patea_unit_3,HYD,HYD,2026-06-30,1403,1458,1446,114,265,265,265,265,265,266,265,264,3977,4464,11712,13310,13287,13251,13247,13227,13207,13201,11879,6494,4480,4480,4488,4475,4484,7985,5693,10684,13218,11243,10837,15274,13448,13205,13217,13189,13169,13169,13188,13181,13125,13124,13079,13087,,
OHK,OHK2201,MRPL,ohakuri,Hydro,Hydro,2026-06-01,12380,8650,310,0,0,0,0,0,0,0,0,0,4850,12260,13710,13510,18390,25830,30550,32790,38390,39250,38390,37440,37980,48330,45480,36360,36560,37650,35450,36240,36570,43090,39440,47520,39900,38260,30740,26580,16820,12260,18210,12340,15780,12120,11630,10140,,
OHK,OHK2201,MRPL,ohakuri,Hydro,Hydro,2026-06-02,8990,6020,0,0,0,100,0,0,0,0,9510,5010,20630,24450,26510,23830,27460,24420,29660,35420,35410,35760,37300,35310,35530,36520,36520,27350,24870,25030,24730,24910,24560,24920,36190,38160,36140,35800,37400,38310,36980,25780,25030,24950,24590,24050,23460,12580,,
OHK,OHK2201,MRPL,ohakuri,Hydro,Hydro,2026-06-03,12410,4290,0,0,0,0,0,0,0,0,1220,12750,19450,24430,25170,35190,36220,37220,30000,26380,26380,29440,24240,23970,24060,23950,24000,23890,24600,27180,27190,30250,30570,38340,41530,49720,49880,49650,49140,46710,37000,26340,18590,12240,12270,10570,0,0,,
OHK,OHK2201,MRPL,ohakuri,Hydro,Hydro,2026-06-04,0,0,0,0,0,0,0,0,0,0,9330,14710,31240,43550,48030,47870,49050,47250,38460,25970,28480,27320,27120,27230,27310,27240,27170,31360,24760,24830,24730,25960,24690,26050,42560,49980,50400,50430,50320,38130,36970,33140,21520,12310,10630,4950,4800,0,,
OHK,OHK2201,MRPL,ohakuri,Hydro,Hydro,2026-06-05,230,0,0,0,0,0,0,0,0,0,0,0,2050,12090,12220,23730,36070,38610,40280,49850,44320,34070,34020,24360,24620,19300,19210,21460,21590,21480,23960,15680,15780,17240,25690,25960,14370,12870,24210,24740,24670,25150,23280,21780,12410,10590,3840,0,,
OHK,OHK2201,MRPL,ohakuri,Hydro,Hydro,2026-06-06,11710,12580,180,0,30,0,0,0,0,0,0,0,0,0,0,10360,9120,21600,25390,25400,25630,25100,24810,25050,21050,23740,23860,25410,18910,13670,22040,25140,12990,22230,27720,32230,37380,35530,36910,37010,26020,25700,13210,12860,9060,0,0,0,,
OHK,OHK2201,MRPL,ohakuri,Hydro,Hydro,2026-06-07,0,0,0,0,0,0,0,0,0,0,0,6920,12330,12380,12380,19600,24800,24710,29150,24820,24590,24550,25000,25130,25330,25150,24890,25480,24040,24550,28540,37130,37300,37150,36180,37890,35930,37490,37800,37970,37770,14200,12630,8560,0,0,0,0,,
OHK,OHK2201,MRPL,ohakuri,Hydro,Hydro,2026-06-08,0,0,0,0,0,0,0,0,0,0,0,0,7890,12990,30520,28180,34460,19260,21310,24020,12810,11970,11810,9770,11730,11500,11570,11800,540,0,0,0,14770,38470,43900,46850,45140,40930,38260,34380,16970,12500,12940,13630,13620,13010,12540,13050,,
OHK,OHK2201,MRPL,ohakuri,Hydro,Hydro,2026-06-09,11830,12690,13150,12510,12350,12190,12110,12020,12120,12120,12160,15630,26430,29790,38080,38940,47720,28760,31380,26900,28120,21300,17800,20400,20250,25660,25380,29270,19890,13120,18330,25980,44050,47880,51860,50770,51380,51670,51870,51730,51730,51620,51670,51050,50170,48740,37480,27600,,
OHK,OHK2201,MRPL,ohakuri,Hydro,Hydro,2026-06-10,24730,13010,12380,12160,7640,11660,11720,11930,15350,24790,25130,26040,36960,45170,46820,51760,51960,52400,52480,46370,46320,48450,46740,43540,34580,33820,25230,24930,23200,23690,23230,22710,36070,41470,51160,51410,51110,51660,51740,51590,51490,51260,48100,46570,47270,46830,36850,25090,,
OHK,OHK2201,MRPL,ohakuri,Hydro,Hydro,2026-06-11,24690,24600,24680,25590,26010,24370,23950,24050,24320,26460,26860,31810,36770,45580,49310,51950,51780,51810,39340,39010,38710,37790,37420,28100,25790,35380,26040,26500,26280,26290,26810,26260,32950,46180,51700,51230,51310,51430,51210,47990,47130,47790,48380,39420,36740,36980,26100,13700,,
OHK,OHK2201,MRPL,ohakuri,Hydro,Hydro,2026-06-12,12730,12810,12810,1130,0,0,0,0,0,0,11230,11970,22800,25890,37850,38300,38420,47240,40000,38080,38290,38310,39780,38620,37990,38270,38720,38940,37820,35850,39050,39220,36060,38850,50650,52040,52110,52230,52250,52090,46070,38390,38120,29890,36950,26240,25690,13390,,
OHK,OHK2201,MRPL,ohakuri,Hydro,Hydro,2026-06-13,12760,12880,12840,12960,12910,12930,12950,12950,12950,12930,12570,19520,25520,24740,39020,39020,38200,39240,39610,39550,39420,34940,25280,24680,25550,25860,25530,24040,25130,25290,25970,25970,34120,41200,48730,51070,50270,48290,37900,38050,38100,37930,26150,25740,25680,15420,12710,12740,,
OHK,OHK2201,MRPL,ohakuri,Hydro,Hydro,2026-06-14,16910,6200,3600,0,1410,0,0,0,0,0,11680,12600,11970,12570,17040,23810,23650,23760,23760,25360,24300,24250,19020,12650,12810,11340,11220,11720,11950,12040,12720,12800,12900,20810,30520,37080,39090,36970,38750,37210,37640,31970,25470,12910,10760,4480,200,0,,
OHK,OHK2201,MRPL,ohakuri,Hydro,Hydro,2026-06-15,0,0,0,0,0,0,0,0,0,0,0,3140,12120,15160,25350,26060,26200,26350,26420,23010,12990,13100,12390,12430,12520,12870,12740,12690,12830,12860,22960,27950,32890,38570,47270,50990,51400,50220,38210,25360,29770,26600,35780,32700,25230,21450,12520,9230,,
OHK,OHK2201,MRPL,ohakuri,Hydro,Hydro,2026-06-16,2120,0,0,0,0,0,0,0,0,4860,17790,32860,34870,45470,47960,48130,48250,48500,48810,46710,49100,48910,43150,48170,39330,40060,46430,49700,49890,39400,13740,15950,20750,26390,38910,46320,46850,46650,46610,47940,46710,35660,25440,15620,13170,480,400,160,,
OHK,OHK2201,MRPL,ohakuri,Hydro,Hydro,2026-06-17,0,0,0,0,0,0,0,0,0,0,760,8990,27240,35960,35270,44470,42860,41060,38720,39510,44730,47520,45310,26220,25880,25430,24590,24460,24860,24860,25020,25070,24930,34670,39480,50310,50100,50600,50580,50470,50390,49270,48320,37550,36610,25050,24610,24760,,
OHK,OHK2201,MRPL,ohakuri,Hydro,Hydro,2026-06-18,12860,13220,8480,0,0,0,0,0,0,0,0,0,13760,24300,30740,37270,37300,29540,21140,6650,16620,18550,17250,12610,12630,12760,13340,12700,12130,15730,20120,24760,35640,49110,48910,49590,51050,50170,49910,50050,49610,46460,35790,26750,29790,22760,24260,21160,,
OHK,OHK2201,MRPL,ohakuri,Hydro,Hydro,2026-06-19,12230,12380,12050,12150,12460,12510,12410,12370,12390,8660,10650,8870,13140,33740,37540,50350,51370,51630,50260,48490,43790,36750,25160,25650,25680,24780,25400,25710,24570,24480,25440,34550,36580,36790,38100,38830,39100,38120,38270,37360,30560,14270,20940,25600,25710,25490,22950,20210,,
OHK,OHK2201,MRPL,ohakuri,Hydro,Hydro,2026-06-20,12400,12580,12490,12630,12510,12620,12560,12680,12680,12680,12710,12650,16280,22550,24950,25930,36410,36490,38110,33740,33740,35030,35270,34880,34880,34810,26330,24610,24310,12660,12480,15580,23040,24610,35090,36190,36350,37230,27410,25190,24940,24620,25110,18450,12240,12210,12180,11520,,
OHK,OHK2201,MRPL,ohakuri,Hydro,Hydro,2026-06-21,6930,0,0,0,0,0,0,0,0,0,0,0,0,0,0,120,14100,29890,45630,48420,48300,48280,48420,48420,39430,29360,22170,23870,23790,12900,13620,14250,31090,31770,36270,47110,43040,34530,31020,24930,25770,23840,15380,12420,14070,8960,0,0,,
OHK,OHK2201,MRPL,ohakuri,Hydro,Hydro,2026-06-22,80,0,0,0,0,0,0,0,0,440,9530,21260,29400,44760,49880,50780,50820,51120,50860,48450,37490,37150,36660,36310,25890,27210,27790,25580,25030,26520,31860,41630,45960,50030,50290,50550,50740,50310,48520,50070,41360,44810,36470,24740,36530,31220,24920,18980,,
OHK,OHK2201,MRPL,ohakuri,Hydro,Hydro,2026-06-23,4720,10340,10620,9040,10880,11500,13420,12890,12370,20710,24730,24750,42710,49250,50430,50350,50160,51740,51060,50110,50410,50410,50410,48810,48060,48020,47880,48130,47870,48960,48950,50360,50370,50410,50420,51290,51020,51150,51140,51030,51040,49090,32110,26430,30780,24470,24610,24880,,
OHK,OHK2201,MRPL,ohakuri,Hydro,Hydro,2026-06-24,21080,15670,4480,450,0,0,0,1710,7300,1450,13710,10340,28670,32110,40430,48220,47920,49330,49680,49890,49890,50260,49560,49860,50020,50610,49670,49600,48970,48660,48660,49340,48830,49650,50830,50700,51160,50830,50860,51020,50780,43620,47810,38660,39130,24610,16600,11680,,
OHK,OHK2201,MRPL,ohakuri,Hydro,Hydro,2026-06-25,11930,13170,13520,4060,0,3440,3770,11940,5270,3810,13180,20670,32690,41460,49430,38600,37380,37190,36260,38100,38620,38690,38430,36950,36430,36520,33850,24710,24990,24820,25020,27200,37850,38140,48920,51120,48170,48420,47980,43220,36320,25380,25540,13060,18280,20950,23630,12730,,
OHK,OHK2201,MRPL,ohakuri,Hydro,Hydro,2026-06-26,11640,11710,13550,13020,11170,4690,0,0,0,12020,22450,22390,25010,39330,49780,49700,49780,46940,48930,49200,49070,49130,48900,48640,49140,49690,48700,45300,46020,45250,36000,39730,46690,48410,50160,50120,49870,50050,48740,48230,37690,37300,25400,24600,25020,19270,13040,13610,,
OHK,OHK2201,MRPL,ohakuri,Hydro,Hydro,2026-06-27,20230,12920,12350,12700,13510,12980,11700,4410,3150,3490,7930,9350,11630,11780,18540,28140,34660,37220,37800,37790,37390,36360,36060,32530,24380,24270,24220,24410,20310,11680,11750,16120,24760,27230,37750,37960,38150,38260,35560,25170,25350,24730,24920,25410,24860,25480,23270,13310,,
OHK,OHK2201,MRPL,ohakuri,Hydro,Hydro,2026-06-28,13470,10560,11300,0,0,0,0,0,0,0,0,0,0,0,0,0,0,0,0,0,0,0,0,0,4550,18700,22400,22600,22670,22490,22550,22780,29850,40640,50660,50470,50570,50310,48530,48350,44820,39020,38910,38130,28880,10000,4000,70,,
OHK,OHK2201,MRPL,ohakuri,Hydro,Hydro,2026-06-29,0,0,0,0,0,0,0,0,0,0,6500,14290,25370,37990,43160,50610,50510,50520,50420,50260,50230,50150,49400,46490,37140,37160,36960,20590,13390,14740,13790,13620,23380,37440,47100,49830,50900,50950,50280,49580,49390,48720,46900,43420,44200,45820,36770,21980,,
OHK,OHK2201,MRPL,ohakuri,Hydro,Hydro,2026-06-30,23200,24190,24700,22420,13460,9610,9460,10620,7970,12490,11210,12660,22290,36410,37700,49680,51920,51590,49270,47050,36480,35870,36720,34800,34640,34820,34710,36480,28100,32940,36290,36590,37140,39210,49690,50340,50440,49200,47850,47720,47610,47650,38090,37310,36990,27920,20900,12570,,
OKI,OKI2201,CTCT,ohaaki,Geo,Geo,2026-06-01,19040,19023,18882,18987,19035,18667,18502,18249,18256,18567,18632,18359,18398,18336,18470,18527,18481,18544,18470,18414,18460,18493,18464,18501,18525,18630,18540,18914,18507,18594,18605,18829,18991,18745,17985,17876,18228,18270,18202,18013,18081,18279,18304,18314,18339,18334,18494,18291,,
OKI,OKI2201,CTCT,ohaaki,Geo,Geo,2026-06-02,18319,18494,18477,18522,18556,19037,18353,18357,18246,18507,18778,18734,18457,18680,18045,17801,18102,18135,18113,18204,18267,18322,18223,18263,18241,18301,18438,18526,18532,18380,18420,18719,18664,18367,18358,18584,18269,18348,18517,18680,18908,18927,19044,18651,18400,18721,18804,18455,,
OKI,OKI2201,CTCT,ohaaki,Geo,Geo,2026-06-03,18389,18479,18599,18564,18618,18676,18722,18807,18892,18754,18842,18760,18987,19213,18613,18639,18733,18510,18583,18824,18995,19087,19152,19119,18717,18445,18561,18576,18822,18873,18483,18437,18525,18602,18589,18675,18814,18945,18714,18822,18844,19001,19049,18993,19436,19049,18788,18862,,
OKI,OKI2201,CTCT,ohaaki,Geo,Geo,2026-06-04,19090,19240,19224,19332,19253,18896,18779,19004,19142,19114,19214,19176,19524,19559,19069,18997,19072,19045,19150,18941,18948,19167,19296,19222,19064,19216,18864,18870,18888,19133,19216,19408,19116,18768,18250,18191,18427,18297,18337,18549,18526,18560,18634,18578,18631,18673,18780,19009,,
OKI,OKI2201,CTCT,ohaaki,Geo,Geo,2026-06-05,18414,18423,18469,18425,18409,18441,18593,18305,18487,18588,18852,18888,18777,19059,19054,18454,18225,18230,18447,18770,18521,18357,18108,18356,18290,18387,18245,18419,18182,18158,18231,18327,18361,18418,18388,18618,18681,18653,18777,18766,18294,18360,18566,18143,18504,18553,18570,18433,,
OKI,OKI2201,CTCT,ohaaki,Geo,Geo,2026-06-06,18370,18309,18426,18533,18498,18459,18396,18402,18551,18516,18645,18611,18721,18818,18679,19029,19252,18950,18867,18701,18990,18529,18155,18309,18517,18496,18627,18687,18736,18765,18856,19245,18771,18601,18610,19016,18905,18909,18728,18746,18703,18413,18754,18733,18719,18989,18915,19096,,
OKI,OKI2201,CTCT,ohaaki,Geo,Geo,2026-06-07,19192,18840,18715,18742,18822,18471,18527,18750,18846,18589,18736,18678,18898,19091,18865,18911,19061,19050,19046,19044,19053,19072,19751,19200,19123,19225,19175,18589,18408,18671,18722,18820,18833,18933,18854,19406,19024,18816,18724,18731,18745,18759,18869,18866,18969,19006,19132,19080,,
OKI,OKI2201,CTCT,ohaaki,Geo,Geo,2026-06-08,18962,19060,19483,19340,19232,18949,19231,18915,18518,18448,18660,18786,18789,18853,18852,19030,18970,19436,19084,18764,18825,18742,18881,18765,18424,18326,18711,18749,18863,18589,18568,18739,18975,19007,18868,19215,18730,18370,18503,18568,18682,18675,18799,18780,19190,18683,18635,18709,,
OKI,OKI2201,CTCT,ohaaki,Geo,Geo,2026-06-09,18601,18703,18813,18662,18859,18866,18832,18942,18916,19231,18867,19310,19163,19196,19207,19285,19639,19200,18627,18552,18909,18815,16457,18603,18503,18598,18666,18851,18895,19423,19552,19290,19332,19353,19326,19302,19763,19201,19407,19755,19501,19361,19240,19001,18759,18815,18871,18875,,
OKI,OKI2201,CTCT,ohaaki,Geo,Geo,2026-06-10,19023,18980,18989,18767,18692,18756,18645,18613,18830,18681,19220,19305,18981,19017,19072,19393,19575,19310,19112,19437,19672,19539,19128,19420,18975,18745,18725,18853,18838,18880,18993,19021,19094,19089,19293,19300,18994,19110,18894,19386,19143,19165,18915,19129,19147,19441,19273,19133,,
OKI,OKI2201,CTCT,ohaaki,Geo,Geo,2026-06-11,19592,19307,18848,18452,18619,18757,18745,18884,18939,19016,18959,19018,19478,19100,18859,18964,19073,19324,19200,19015,18902,18984,18772,18603,18832,19137,19657,19579,19549,19307,18862,18720,18914,19002,19032,19092,19261,19507,19061,19050,19169,18995,19146,19182,19209,19255,19343,19438,,
OKI,OKI2201,CTCT,ohaaki,Geo,Geo,2026-06-12,19517,19719,19379,19544,19824,19579,19666,19580,19881,19840,19262,18624,18828,19007,19080,18823,18967,18844,18930,18816,18952,18959,18985,19069,18729,18807,18691,18925,18907,18631,18688,19012,19143,18998,19286,19100,18575,18438,18714,18894,19361,18983,18806,18723,18864,18842,19214,19119,,
OKI,OKI2201,CTCT,ohaaki,Geo,Geo,2026-06-13,19168,18978,18668,19157,19122,19036,18971,18996,19238,19464,19448,19358,19742,19353,18921,18963,19119,19218,19612,19397,19078,19012,19027,19368,19112,18870,18681,18859,18579,18702,18462,18595,18663,18779,18952,18727,18781,18805,19207,19177,19213,19352,19133,18802,18792,19171,19174,19203,,
OKI,OKI2201,CTCT,ohaaki,Geo,Geo,2026-06-14,19370,19332,19497,19418,19715,19407,19134,19207,19217,19456,19264,19039,19103,18871,19001,18857,18972,18671,18538,18832,18233,17773,17780,17920,17782,17843,17935,17834,17828,17718,17800,17741,17768,17772,17614,17665,17627,17701,17769,17755,17798,18020,17713,17649,17853,18218,18086,18137,,
OKI,OKI2201,CTCT,ohaaki,Geo,Geo,2026-06-15,18127,17751,17421,17664,17654,17753,17789,17752,17823,17853,17954,17855,17836,17889,18015,17784,17763,17878,17849,17894,17978,17980,18131,18029,18245,19205,18809,18445,18458,18578,18553,18682,18715,18754,18811,18789,18839,18825,18824,18938,18772,18809,18838,18888,18883,18951,19025,19190,,
OKI,OKI2201,CTCT,ohaaki,Geo,Geo,2026-06-16,18840,19227,19184,19091,19075,19107,19259,18794,18303,18601,18670,18757,18831,18856,18977,18961,18956,18949,18956,19028,18843,19038,19071,19126,19564,18994,18764,18713,18679,18761,19058,19403,19149,18934,19479,19014,18517,18580,18685,18826,18862,18893,18973,19011,19093,19104,19239,19156,,
OKI,OKI2201,CTCT,ohaaki,Geo,Geo,2026-06-17,19376,19204,19576,19179,19106,19179,19195,19385,19444,19302,19440,19201,19485,19389,19413,4410,0,0,0,0,0,0,0,0,0,0,0,0,0,0,0,0,0,0,0,0,0,0,0,0,0,14010,18573,18594,19267,19148,19002,18664,,
OKI,OKI2201,CTCT,ohaaki,Geo,Geo,2026-06-18,18657,18653,18813,18824,18738,18985,19021,19113,19281,19523,18872,18845,18905,18877,18989,19360,19069,19359,18611,18718,18814,19289,19080,18948,19162,18640,18410,18432,18620,18657,18668,18876,18758,18874,18888,18919,19104,19331,18771,18643,18666,18682,18585,18767,18785,19056,18741,18880,,
OKI,OKI2201,CTCT,ohaaki,Geo,Geo,2026-06-19,18938,19193,19386,19194,19382,19208,18742,18697,18878,19282,18752,18754,18641,18927,19024,18898,18642,18585,18849,19005,18397,18188,16273,18782,18778,18770,18945,19041,19081,19006,19350,18941,18933,18573,18563,18746,18714,18812,18863,18824,18880,18968,19074,19139,19557,19329,18956,19010,,
OKI,OKI2201,CTCT,ohaaki,Geo,Geo,2026-06-20,19144,19137,19229,19228,19461,19199,19333,19464,19687,19731,19731,19880,19808,19176,19100,19104,19333,19608,19429,19237,19042,19292,19147,18957,18880,18807,18924,18817,18841,18777,18552,18650,18611,18666,18960,18998,19106,19028,19366,18503,18245,18420,18357,18425,18490,18496,18570,18512,,
OKI,OKI2201,CTCT,ohaaki,Geo,Geo,2026-06-21,18626,18562,18708,18560,18957,18513,18422,18444,18604,18687,18809,18247,18278,18387,18604,18728,18542,18653,18657,18284,18047,18162,18285,18190,18327,18318,18860,18363,18248,18234,18286,18293,18369,18413,18510,18594,18703,18685,18868,18700,18578,19125,18888,18897,18871,18882,19433,18751,,
OKI,OKI2201,CTCT,ohaaki,Geo,Geo,2026-06-22,18367,18313,18585,18593,18480,18437,18471,18725,18791,18769,18853,18867,19084,18863,18969,19036,19048,19222,19421,18906,19102,19044,16322,19186,19421,18747,18721,18647,18589,18618,18669,18812,18714,18711,18828,18880,19016,19176,19054,19504,19397,19219,19110,19186,19231,19590,20088,19686,,
OKI,OKI2201,CTCT,ohaaki,Geo,Geo,2026-06-23,19651,19315,18883,18672,18996,19141,19183,19352,19396,19385,19450,19435,19660,19810,19334,19239,19026,19264,19313,19219,19315,19391,19726,19618,19529,19443,19852,19489,19195,19203,18463,18637,18742,18795,18640,18777,18921,18912,18715,18784,18880,18944,18914,19080,18931,19041,18979,19082,,
OKI,OKI2201,CTCT,ohaaki,Geo,Geo,2026-06-24,19057,19533,19019,19032,18747,18869,18935,19077,19171,19092,19316,18926,18629,18797,19144,19246,16391,16226,16363,18808,19136,19023,18712,18197,18589,18788,18648,18523,18574,18689,18829,18987,19379,19404,19349,19211,18632,18408,18491,18484,18527,18482,18659,18803,18771,18849,19142,19118,,
OKI,OKI2201,CTCT,ohaaki,Geo,Geo,2026-06-25,18731,18759,18569,18759,18754,18823,18946,18944,19058,19348,19380,19356,19719,19471,19038,19005,15402,14916,14923,14784,14867,14761,14660,14634,14471,14481,14441,14360,14372,14749,16315,16541,16578,16980,16899,16881,16740,16682,16574,16765,16778,16880,17042,17164,16944,16939,16703,16804,,
OKI,OKI2201,CTCT,ohaaki,Geo,Geo,2026-06-26,16934,16872,17099,17169,16934,17010,17203,17137,17003,16897,16899,16990,17085,17130,17088,16740,16776,16947,17070,16773,16765,16766,16864,16843,16810,16817,16997,16950,16870,16913,18824,18999,19038,18985,19020,19119,19077,19082,19102,19069,19398,18863,18681,18747,18854,18823,18893,18940,,
OKI,OKI2201,CTCT,ohaaki,Geo,Geo,2026-06-27,19071,18978,19053,19252,19330,19328,19479,19483,18867,18675,18668,18705,19033,19296,19181,18909,18680,18966,18998,18832,18518,18409,18523,18684,18588,18526,18611,18677,18776,18708,18660,19188,18833,18877,18820,19068,18728,18370,18423,18513,18612,18653,18819,18928,18903,18890,19281,18973,,
OKI,OKI2201,CTCT,ohaaki,Geo,Geo,2026-06-28,18757,18679,18605,19143,18802,18724,18657,18476,18618,18689,18515,18701,18477,18667,18984,19305,19188,19192,18725,18369,18474,18370,18314,18399,18560,18587,18705,18695,19030,18994,18517,18633,18697,18786,18794,18821,18869,18963,19028,18887,18982,18943,19223,18981,19217,19218,19457,19472,,
OKI,OKI2201,CTCT,ohaaki,Geo,Geo,2026-06-29,19523,19466,18949,19127,18927,18890,19042,18995,19367,19384,19180,19129,18877,18923,18995,18849,18792,18612,18083,18101,16392,18137,18154,17911,17915,17904,18187,18265,18340,18351,18581,18679,18485,18588,18703,18749,18760,18881,18873,18849,18941,19008,18962,19121,19269,19550,19138,19061,,
OKI,OKI2201,CTCT,ohaaki,Geo,Geo,2026-06-30,19099,19236,19243,19312,19143,18939,19142,18843,19123,19426,19852,19791,19500,19372,18944,18961,19200,19327,19229,19445,19451,19059,19142,19388,19363,19468,19612,19670,19443,19944,19221,19226,19236,19032,19056,19262,19271,19511,18936,18960,19139,19354,19628,19600,19799,19375,19155,19334,,
PPI,PPI2201,CTCT,poihipi,Geo,Geo,2026-06-01,18051,18024,18012,17996,17999,18004,17988,17982,18001,18004,18000,17998,18008,18024,18023,18023,18019,18006,17628,17975,17952,17949,17932,17922,17915,17909,17905,17908,17908,17910,17905,17905,17907,17910,17919,17939,17930,17926,17918,17917,17901,17879,17873,17871,17868,17855,17862,17857,,
PPI,PPI2201,CTCT,poihipi,Geo,Geo,2026-06-02,17841,17843,17860,17872,17856,17842,17830,17818,17809,17836,17850,17862,17853,17874,17867,17864,17842,17846,17867,17847,17786,17684,17637,17603,17614,17611,17633,17654,17664,17655,17630,17689,17722,17761,17830,18010,17982,17980,18009,18054,18050,18059,18064,18057,18053,18066,18074,18070,,
PPI,PPI2201,CTCT,poihipi,Geo,Geo,2026-06-03,18051,18053,18056,18050,18048,18047,18053,18055,18057,18058,18058,18055,18054,18045,18039,18036,18035,18033,18032,18087,18119,18116,18107,18086,18038,17952,17952,17955,17956,17996,17984,17984,18085,18068,18141,18141,18142,18140,18144,18168,18247,18198,18177,18175,18173,18175,18177,18242,,
PPI,PPI2201,CTCT,poihipi,Geo,Geo,2026-06-04,18319,18316,18301,18282,18261,18256,18259,18334,18316,18290,18265,18255,18247,18242,18245,18248,18240,18227,18208,18153,18149,18125,18124,18130,18118,18091,18119,18081,18057,18042,18039,18035,18033,18036,18040,18053,18058,18063,18064,18063,18059,18052,18040,18009,17975,17954,17940,17945,,
PPI,PPI2201,CTCT,poihipi,Geo,Geo,2026-06-05,17953,17962,17957,17956,17973,17974,17967,17958,17953,17950,17951,17950,17944,17948,17957,17971,17968,17964,17970,17971,17971,17959,17951,17948,17930,17931,17932,17937,17940,17930,17982,17946,17937,17932,17945,17942,17925,17925,17926,17942,17968,17975,17968,17968,18061,17975,17998,18038,,
PPI,PPI2201,CTCT,poihipi,Geo,Geo,2026-06-06,18065,18065,18059,18042,18036,18021,18010,17998,17998,18009,18019,18028,18086,18207,18214,18204,18182,18152,18112,18066,18070,18069,18052,18034,18008,17988,18031,18070,17851,17881,18104,18203,18181,18143,18139,18117,18111,18110,18114,18116,18123,18142,18248,18336,18290,18279,18273,18276,,
PPI,PPI2201,CTCT,poihipi,Geo,Geo,2026-06-07,18268,18271,18267,18266,18260,18302,18287,18290,18311,18300,18296,18281,18275,18254,18254,18261,18259,18221,18140,18088,18047,18021,17984,17977,17982,17972,17974,17976,17970,17959,17969,18083,18106,18182,18168,18173,18200,18217,18220,18223,18224,18224,18220,18221,18225,18228,18232,18330,,
PPI,PPI2201,CTCT,poihipi,Geo,Geo,2026-06-08,18322,18318,18299,18273,18249,18239,18231,18221,18220,18213,18204,18196,18201,18192,18191,18196,18194,18154,18133,18127,18124,18119,18102,18041,18002,17984,17985,18043,18074,18065,18105,18101,18110,18107,18104,18103,18100,18100,18117,18102,18074,18070,18064,18057,18068,18075,18077,18086,,
PPI,PPI2201,CTCT,poihipi,Geo,Geo,2026-06-09,18132,18269,18250,18258,18250,18239,18227,18222,18222,18231,18227,18236,18233,18219,18217,18225,18228,18212,18151,18118,18068,18044,18034,18032,18026,18020,18021,18023,18014,18013,18119,18175,18199,18188,18197,18207,18215,18217,18218,18219,18402,18493,18467,18454,18453,18451,18452,18457,,
PPI,PPI2201,CTCT,poihipi,Geo,Geo,2026-06-10,18460,18457,18454,18457,18456,18455,18454,18452,18455,18452,18448,18441,18431,18434,18432,18431,18432,18411,18336,18243,18193,18162,18121,18095,18081,18071,18046,18026,18020,18012,18004,18103,18144,18159,18184,18293,18254,18240,18239,18322,18343,18310,18308,18307,18303,18304,18314,18313,,
PPI,PPI2201,CTCT,poihipi,Geo,Geo,2026-06-11,18315,18319,18323,18546,18477,18441,18436,18431,18421,18418,18417,18416,18418,18417,18416,18418,18416,18373,18306,18205,18154,18092,18075,18155,18132,18092,18070,18041,18025,18017,18010,18116,18167,18156,18251,18296,18302,18304,18305,18311,18305,18302,18296,18288,18283,18286,18288,18292,,
PPI,PPI2201,CTCT,poihipi,Geo,Geo,2026-06-12,18291,18289,18281,18273,18267,18263,18263,18263,18260,18256,18247,18243,18237,18233,18231,18231,18224,18218,18198,18139,18119,18064,18028,18013,18011,17998,17973,17974,17977,17976,17974,18057,18037,18178,18142,18232,18280,18326,18291,18277,18273,18273,18278,18284,18286,18295,18296,18300,,
PPI,PPI2201,CTCT,poihipi,Geo,Geo,2026-06-13,18303,18402,18531,18489,18471,18445,18416,18410,18395,18389,18388,18385,18385,18393,18391,18392,18389,18336,18270,18159,18120,18078,18065,18056,18033,17997,17963,17953,17945,17936,17938,18046,18074,18094,18216,18182,18181,18192,18194,18201,18202,18202,18203,18204,18200,18191,18189,18189,,
PPI,PPI2201,CTCT,poihipi,Geo,Geo,2026-06-14,18192,18192,18201,18473,18458,18416,18397,18390,18374,18363,18347,18313,18294,18283,18271,18267,18264,18261,18255,18228,18173,18093,18078,17713,18102,18089,18078,18068,18048,18024,18021,18015,18148,18082,18084,18091,18095,18093,18095,18191,18262,18226,18227,18234,18236,18230,18235,18249,,
PPI,PPI2201,CTCT,poihipi,Geo,Geo,2026-06-15,18380,18328,18287,18267,18264,18261,18264,18262,18260,18260,18252,18249,18245,18244,18242,18246,18243,18229,18219,18205,18179,18161,18121,18050,18024,17975,17940,17925,17932,17945,18102,18056,18127,18203,18181,18169,18163,18152,18153,18159,18165,18164,18165,18350,18326,18312,18293,18267,,
PPI,PPI2201,CTCT,poihipi,Geo,Geo,2026-06-16,18241,18227,18221,18219,18218,18215,18211,18213,18206,18201,18191,18189,18193,18190,18194,18193,18195,18193,18192,18194,18195,18194,18193,18189,18192,18200,18202,18187,18159,18128,18210,18213,18215,18213,18224,18394,18341,18325,18300,18283,18277,18281,18287,18288,18290,18440,18518,18500,,
PPI,PPI2201,CTCT,poihipi,Geo,Geo,2026-06-17,18497,18475,18462,18446,18440,18429,18411,18414,18408,18408,18405,18410,18404,18388,18378,18370,18368,18315,18147,17993,18105,18057,18020,18008,18000,17966,17999,17968,18041,18049,18022,18019,18049,17977,18007,18004,18005,18038,18015,18090,18118,18106,18126,18155,18065,18029,18014,18011,,
PPI,PPI2201,CTCT,poihipi,Geo,Geo,2026-06-18,18012,18013,18016,18020,18020,18019,18018,18016,18017,18016,18011,18011,18006,17963,8255,5976,4942,4597,4471,4913,5264,5299,5304,5301,5297,5286,5288,5274,5278,5293,5238,5179,5086,5116,5143,5169,5172,5169,5169,5177,5153,5189,5197,5188,5267,5275,5273,5259,,
PPI,PPI2201,CTCT,poihipi,Geo,Geo,2026-06-19,5325,5350,5342,5317,5314,5312,5309,5310,5312,5327,5331,5453,5408,5341,5337,5341,5360,5368,5368,5371,5348,5343,5348,5353,5352,5351,5350,5357,5366,5370,5337,5327,5318,5320,5335,5325,5329,5278,5254,5257,5258,5244,5249,5250,5284,5296,5295,5290,,
PPI,PPI2201,CTCT,poihipi,Geo,Geo,2026-06-20,5289,5298,5287,5298,5298,5300,5298,5302,5304,5308,5312,5307,5313,5326,5318,5306,5305,5305,5297,5299,5302,5292,5280,5257,5255,5259,5246,5231,5299,5287,5285,5287,5372,5351,5354,5352,5344,5336,5333,5326,5325,5320,5318,5295,5295,5292,5299,5295,,
PPI,PPI2201,CTCT,poihipi,Geo,Geo,2026-06-21,5294,5297,5269,5272,5269,5263,5261,5256,5279,5267,5266,5274,5279,5282,5250,5193,5192,5188,5194,5293,5264,5274,5285,5294,5303,5297,5258,5272,5267,5273,5282,5283,5161,5006,4997,4996,4997,5026,5067,5074,5094,5101,5094,5093,5094,5160,5163,5163,,
PPI,PPI2201,CTCT,poihipi,Geo,Geo,2026-06-22,5230,5235,5230,5234,5243,5250,5239,5241,5247,5246,5253,5248,5353,5384,5401,5409,5401,5403,5368,5766,6011,6079,6120,6109,9485,11249,11302,11371,15173,17891,17961,17932,17940,17930,17930,17961,18033,18049,18318,18183,18158,18420,18355,18265,18253,18229,18196,18179,,
PPI,PPI2201,CTCT,poihipi,Geo,Geo,2026-06-23,18167,18160,18153,18150,18147,18145,18145,18147,18146,18143,18141,18138,18141,18138,18136,18134,18129,18122,18113,18090,18081,18066,18052,18038,18140,18127,18086,18048,18045,18039,18034,18032,18032,18111,18060,18055,18052,18047,18044,18037,18024,18026,18023,18014,18188,18047,18035,18034,,
PPI,PPI2201,CTCT,poihipi,Geo,Geo,2026-06-24,18041,18042,18040,18030,18021,18020,18019,18014,18008,17999,18126,18011,17983,18040,18049,17999,17994,18105,18002,17982,17984,18082,18007,17991,18077,18018,17985,17968,17959,17945,17931,17931,17937,18004,18041,17953,17938,18084,18074,18007,17984,17956,17938,17931,17929,17924,17935,17943,,
PPI,PPI2201,CTCT,poihipi,Geo,Geo,2026-06-25,17945,17943,17932,17935,17936,17940,17952,17963,17976,17965,17966,17967,17954,17966,17965,17967,18070,18006,17979,17970,17965,17940,17914,17903,17908,17942,17916,17565,17931,17926,17923,17929,18006,18026,18044,18125,18222,18154,18155,18135,18121,18337,18192,18164,18149,18112,18226,18242,,
PPI,PPI2201,CTCT,poihipi,Geo,Geo,2026-06-26,18160,18152,18145,18124,18115,18113,18111,18109,18102,18092,18088,18079,18064,18066,18058,18054,18008,17959,17960,17953,17929,17888,17851,17883,17897,17848,17843,17920,17962,17953,17950,18021,18078,18099,18086,18081,18076,18062,18048,18046,18050,18041,18035,18038,18035,18020,18012,18018,,
PPI,PPI2201,CTCT,poihipi,Geo,Geo,2026-06-27,18117,18224,18148,18120,18102,18090,18084,18082,18198,18308,18200,18197,18166,18112,18083,18070,18053,18008,17969,18013,18039,17983,17905,17857,17891,18005,18013,17988,17948,17933,17915,17945,17970,17961,17936,17998,17978,17972,17978,17998,18150,18059,18039,18029,18007,17982,17980,17981,,
PPI,PPI2201,CTCT,poihipi,Geo,Geo,2026-06-28,17978,17979,17971,17966,17977,17992,17984,17988,17982,17981,17977,17999,18149,18023,18023,18018,17993,17965,17955,17916,17863,17840,17826,17817,17806,17798,17800,17808,17810,17811,17825,17957,18040,18056,17993,17991,17999,17991,17993,18004,18012,18008,18007,18004,18006,18005,18013,18020,,
PPI,PPI2201,CTCT,poihipi,Geo,Geo,2026-06-29,18021,18019,18024,18019,18161,18061,18047,18056,18065,18316,18183,18145,18101,18252,18212,18164,18126,18083,18032,18003,17987,18018,18036,18031,18025,17996,17711,18069,18055,18044,18001,17992,18051,18015,18013,18127,18053,18054,18060,18055,18052,18044,18041,18041,18048,18286,18249,18187,,
PPI,PPI2201,CTCT,poihipi,Geo,Geo,2026-06-30,18180,18178,18175,18169,18136,18111,18076,18069,18067,18068,18072,18071,18072,18068,18050,18051,18054,18056,18044,18034,18025,18011,18002,18002,18007,17998,17992,17991,17995,17993,18036,18018,18014,18102,18037,18135,18052,18108,18177,18123,18113,18102,18418,18466,18467,18476,18432,18369,,
ROT,ROT1101,CNIR,wheao_flaxy,Hydro,Hydro,2026-06-01,3924,3777,3777,3776,3777,3773,3783,3778,3787,4025,4029,4027,4036,4020,4030,4043,4161,4223,4233,4229,4225,4224,4228,4233,4222,4227,4221,4225,4231,4225,4227,4229,4220,6018,8711,8835,8836,8828,8828,8824,7162,4572,4024,4029,4022,4023,4025,4029,,
ROT,ROT1101,CNIR,wheao_flaxy,Hydro,Hydro,2026-06-02,4029,4021,4029,4020,4024,4026,4028,4023,4021,4026,3984,4043,4050,6394,8569,9071,9162,9325,9379,9774,9769,7544,7450,5671,5833,5874,5874,5881,5892,5827,5532,5283,5286,5279,7300,9424,9589,9583,9581,9582,9581,9572,9586,9566,9576,7607,7467,7466,,
ROT,ROT1101,CNIR,wheao_flaxy,Hydro,Hydro,2026-06-03,5264,5022,5023,5023,5023,5021,5022,5021,5023,7108,7472,7450,7454,7238,6978,6970,6957,6977,6966,6970,6962,6962,6970,6965,6969,6964,6964,6965,6967,6963,6973,6957,6863,6735,6739,6732,6831,9030,9076,9065,9064,9054,9064,7017,6965,6963,6976,6967,,
ROT,ROT1101,CNIR,wheao_flaxy,Hydro,Hydro,2026-06-04,6962,6967,4861,4773,4647,4542,4539,4542,4542,4536,5842,8626,9091,9059,9063,9045,9044,9038,9033,7149,5674,5020,5018,5020,5024,5022,5019,5023,5021,5022,5019,6410,6958,6954,6979,6941,9119,9294,6917,6712,6624,6624,6623,5386,4775,4779,4599,4542,,
ROT,ROT1101,CNIR,wheao_flaxy,Hydro,Hydro,2026-06-05,4539,4536,4469,4051,4044,4043,4053,4044,4047,4188,4783,4779,4775,6439,7026,7000,6975,6848,6499,6486,6485,6504,6494,6504,6491,6483,5160,4524,4528,4521,4527,4518,4297,6421,6942,8996,9084,9075,9069,9071,9049,7122,5268,4570,4770,4773,4789,4779,,
ROT,ROT1101,CNIR,wheao_flaxy,Hydro,Hydro,2026-06-06,4389,4289,4296,4297,3336,3310,4913,5022,5024,5019,5024,5226,5265,6412,6969,6881,6733,6726,6743,6719,6728,6720,6725,6782,6964,6964,6952,6949,6954,6880,6728,6721,6745,6720,6737,9181,9330,9318,9317,9316,9309,9306,9310,9304,9369,9547,5814,3585,,
ROT,ROT1101,CNIR,wheao_flaxy,Hydro,Hydro,2026-06-07,3547,3548,3547,3548,3547,4721,4778,4776,4777,4771,4778,4779,4775,5566,6972,6980,6971,9132,9334,9326,9326,9327,9324,9336,7180,6975,6976,6975,7374,7446,7619,7688,7695,7693,8950,9306,9306,9310,9298,9301,9290,9305,7329,7207,7207,5308,4019,4030,,
ROT,ROT1101,CNIR,wheao_flaxy,Hydro,Hydro,2026-06-08,4027,4037,4021,4435,4519,4522,4523,4525,4523,4522,4522,4535,4525,7029,7218,7220,7216,9138,9339,9327,9349,9318,9325,9321,7401,7218,7221,7237,7235,7216,7186,7247,7249,7241,7226,7217,9173,9324,9312,9459,9565,9539,9547,9553,9148,5882,4525,4530,,
ROT,ROT1101,CNIR,wheao_flaxy,Hydro,Hydro,2026-06-09,4527,4528,4521,4527,4523,4526,4520,4524,4522,4523,4527,4517,6306,9401,9482,9474,9469,9480,9474,9474,9463,9468,9475,9462,6751,4931,4283,4342,4779,4767,4780,4775,4732,7011,9262,9313,9340,9570,9565,9560,9558,9553,9545,9549,9547,9552,9544,7322,,
ROT,ROT1101,CNIR,wheao_flaxy,Hydro,Hydro,2026-06-10,5321,4529,4525,4522,4526,4526,4525,4524,4524,4521,4525,4523,4541,6325,9168,9320,9318,9321,9323,9321,9322,9320,9434,7512,6974,5220,4525,4528,4525,4526,4528,4525,4522,4968,4665,4541,5333,9210,9328,9325,9320,9315,9330,9303,9311,9311,9311,7430,,
ROT,ROT1101,CNIR,wheao_flaxy,Hydro,Hydro,2026-06-11,6974,6210,4519,4521,4522,4519,4522,4522,4528,4525,4525,4515,4532,6261,9426,9566,9558,9553,9558,9567,9562,9570,9564,9554,7115,6983,6978,6994,6980,6973,7002,6974,6974,6973,9220,9299,9305,9301,9296,9302,9285,9164,6985,5241,4519,4521,4523,4522,,
ROT,ROT1101,CNIR,wheao_flaxy,Hydro,Hydro,2026-06-12,4530,4523,4335,4292,4281,4287,4286,4295,4296,4299,4290,4289,4292,6168,9137,9343,9203,9112,9123,9109,9325,9322,9316,9324,7145,6976,6983,6975,6978,6979,6979,6973,6990,6969,6967,6978,6981,8947,9071,9065,9060,9059,9056,9040,7503,6965,6968,6966,,
ROT,ROT1101,CNIR,wheao_flaxy,Hydro,Hydro,2026-06-13,6964,6972,4614,4344,4522,4522,4522,4522,4523,4517,4522,4523,4333,6220,6833,6919,8972,8991,8855,8854,8852,8852,8841,8845,6817,6718,6718,6750,6624,6494,6473,6479,6479,6473,6468,6472,6466,6472,6470,6469,6470,6470,6482,6529,6702,6713,6701,6703,,
ROT,ROT1101,CNIR,wheao_flaxy,Hydro,Hydro,2026-06-14,6708,6708,6701,6703,6702,6701,6702,6696,6706,6703,6722,6706,6709,6717,6707,6685,6464,6480,6483,6476,6473,6477,6482,6467,6489,6470,6470,6474,6469,4947,4276,4273,4280,6049,6706,6688,6716,6708,6705,6707,6709,6701,6716,6702,6723,6709,6700,6715,,
ROT,ROT1101,CNIR,wheao_flaxy,Hydro,Hydro,2026-06-15,6711,6706,6721,6710,4977,4280,4277,4274,4274,4270,4270,4277,6190,6953,6955,5048,1055,0,0,0,0,0,0,0,0,0,0,0,0,0,0,0,0,0,0,0,0,0,0,0,0,0,0,0,0,0,0,0,,
ROT,ROT1101,CNIR,wheao_flaxy,Hydro,Hydro,2026-06-16,0,0,0,0,0,0,0,0,0,0,0,0,0,0,0,0,0,0,0,0,0,0,0,0,0,0,0,0,0,0,0,0,0,0,0,0,0,0,0,0,0,0,0,0,0,0,0,0,,
ROT,ROT1101,CNIR,wheao_flaxy,Hydro,Hydro,2026-06-17,0,0,0,0,0,0,0,0,0,0,0,0,0,0,0,0,0,0,0,0,0,0,0,0,0,0,0,0,0,0,0,0,0,0,0,0,0,0,0,0,0,0,0,0,0,0,0,0,,
ROT,ROT1101,CNIR,wheao_flaxy,Hydro,Hydro,2026-06-18,0,0,0,0,0,0,0,0,0,0,0,0,0,0,0,0,0,0,0,0,0,0,0,0,0,0,0,0,0,0,0,0,0,0,0,0,0,0,0,0,0,0,0,0,0,0,0,0,,
ROT,ROT1101,CNIR,wheao_flaxy,Hydro,Hydro,2026-06-19,0,0,0,0,0,0,0,0,0,0,0,0,0,0,0,0,0,0,0,0,0,0,0,0,0,0,0,0,0,0,0,0,0,0,0,0,0,0,0,0,0,0,0,0,0,0,0,0,,
ROT,ROT1101,CNIR,wheao_flaxy,Hydro,Hydro,2026-06-20,0,0,0,0,0,0,0,0,0,0,0,0,0,0,0,0,0,0,0,0,0,0,0,0,0,0,0,0,0,0,0,0,0,0,0,0,0,0,0,0,0,0,0,0,0,0,0,0,,
ROT,ROT1101,CNIR,wheao_flaxy,Hydro,Hydro,2026-06-21,0,0,0,0,0,0,0,0,0,0,0,0,0,0,0,0,0,0,0,0,0,0,0,0,0,0,0,0,0,0,0,0,0,0,0,0,0,0,0,0,0,0,0,0,0,0,0,0,,
ROT,ROT1101,CNIR,wheao_flaxy,Hydro,Hydro,2026-06-22,0,0,0,0,0,0,0,0,0,0,0,0,0,0,0,0,0,0,0,0,0,0,0,0,0,0,0,0,0,0,0,0,0,0,0,0,0,0,0,0,0,0,0,0,0,0,0,0,,
ROT,ROT1101,CNIR,wheao_flaxy,Hydro,Hydro,2026-06-23,0,0,0,0,0,0,0,0,0,0,0,0,0,0,0,0,0,0,0,0,2083,5363,8482,10783,7187,4602,5034,4941,6452,6989,6998,6985,6986,6578,6503,8584,8646,8646,8642,8636,8629,8625,8851,8857,8853,8848,5576,4035,,
ROT,ROT1101,CNIR,wheao_flaxy,Hydro,Hydro,2026-06-24,4034,4209,4282,4284,4285,4283,4285,4288,4290,6234,6494,6500,6511,6490,6499,6510,6475,6485,6484,6491,6487,6492,6480,6481,6485,6487,6477,6478,6481,6487,6491,6479,6466,8630,8849,8838,8855,8842,8843,8838,8832,8821,6682,6501,6503,5023,4781,4777,,
ROT,ROT1101,CNIR,wheao_flaxy,Hydro,Hydro,2026-06-25,4778,4788,4778,4782,4785,4786,4790,4635,4538,4530,4533,4536,4544,4538,6576,6997,8583,8538,8586,8617,6915,6487,6486,6483,6470,6490,6492,6486,6485,6496,6490,6459,6478,6482,6478,8252,8363,8385,8550,8718,8837,6682,6474,6469,4900,4122,4289,4364,,
ROT,ROT1101,CNIR,wheao_flaxy,Hydro,Hydro,2026-06-26,4386,4388,4388,4386,4385,4392,4386,4385,4387,4389,4334,4284,4335,4279,5475,6240,6243,7152,6479,6480,6611,6733,6729,6724,6580,6481,6486,6469,6490,6480,6488,6476,6480,6478,6482,6477,6476,6479,6480,6490,6485,6480,6478,6485,6477,6481,6490,6475,,
ROT,ROT1101,CNIR,wheao_flaxy,Hydro,Hydro,2026-06-27,6481,6484,6481,6473,6480,6468,6474,6472,4746,4038,4039,4042,4040,4040,4042,4038,5938,6481,6477,6475,6480,6481,4607,4040,4042,4042,4041,4043,4043,5951,6488,6501,8757,8854,8854,8839,8373,8358,8362,8349,6322,6218,4230,3544,3544,3545,3301,3293,,
ROT,ROT1101,CNIR,wheao_flaxy,Hydro,Hydro,2026-06-28,3295,3495,3540,3542,3538,3544,3546,3536,3547,3543,3683,3802,3787,3785,6060,6487,6489,6486,6484,6487,6488,6484,6487,6494,6498,6488,6470,6495,6497,6485,6484,6494,6474,6492,6476,6471,6484,6481,6480,6476,6477,6476,6475,6472,6471,4572,3542,3543,,
ROT,ROT1101,CNIR,wheao_flaxy,Hydro,Hydro,2026-06-29,4036,4039,4043,4035,4048,4046,4041,4040,4042,4087,4299,4295,4302,4287,5653,5997,5995,5996,5993,6347,6360,5909,5953,6016,6947,6979,6974,6982,6986,6981,7002,6972,6998,6992,6995,8305,8391,8383,8359,8371,8839,6807,6726,5384,4285,4290,4290,4291,,
ROT,ROT1101,CNIR,wheao_flaxy,Hydro,Hydro,2026-06-30,4289,4290,4292,4290,4290,4291,4290,4289,4292,4287,4292,4294,4289,4297,6056,6360,6361,6365,6364,6363,6365,6365,6366,6365,6366,6365,6365,6366,6367,6366,6365,6367,6366,6369,6379,6387,6385,6384,6385,6383,6385,6383,6385,6383,6386,4971,4736,4786,,
ROX,ROX1101,CTCT,roxburgh,Hydro,Hydro,2026-06-01,15013,15071,15025,15056,17490,20025,20021,20041,20031,20017,20039,20028,20077,20014,20048,20121,20039,20034,20075,20053,20029,20025,19996,20098,19995,20041,20000,20033,20058,20017,20038,20046,20010,38660,40119,40010,40097,40042,40031,20344,20038,20007,20045,20088,19998,20026,20489,20539,,
ROX,ROX1101,CTCT,roxburgh,Hydro,Hydro,2026-06-02,20416,19986,20061,20027,20017,20030,19994,20072,20014,20089,19842,20299,20289,20110,20031,20023,20031,20042,19999,20009,20033,20042,20018,20040,20014,19998,20034,20032,22728,30037,30099,31500,39949,40048,40109,39982,40133,40014,40080,40021,40049,40044,40091,40033,40102,20340,20021,20008,,
ROX,ROX1101,CTCT,roxburgh,Hydro,Hydro,2026-06-03,20040,20026,20045,20019,20038,20030,20012,20016,20128,19999,20046,20011,20007,20052,20024,20061,19966,20067,20018,20017,20020,20021,20041,20014,20037,20001,20049,20018,20035,20017,20047,20011,20027,35216,40106,39992,40070,40055,40045,40050,40053,40043,40067,40045,35040,35972,30586,20221,,
ROX,ROX1101,CTCT,roxburgh,Hydro,Hydro,2026-06-04,20023,20008,20056,20011,20017,20050,20019,20010,20016,20039,20053,20012,33980,31818,33264,40006,40058,34058,33654,20041,20014,20025,19983,20079,20031,20007,20008,20036,20043,20072,19986,20023,20009,20105,32849,40053,34066,36657,34940,30053,30052,30051,30066,29977,20677,20031,20073,20018,,
ROX,ROX1101,CTCT,roxburgh,Hydro,Hydro,2026-06-05,20056,19993,20023,18349,15882,16231,20053,19984,19937,20011,20138,20077,20064,19371,20413,39662,40028,40159,40023,20234,20016,20043,20019,20038,19991,20076,20061,20016,20032,20020,20019,20037,20057,20083,37462,40048,40060,40038,40010,40079,40007,38605,39475,40147,20189,20025,20125,20054,,
ROX,ROX1101,CTCT,roxburgh,Hydro,Hydro,2026-06-06,20022,20042,20028,20031,17740,15449,15606,18032,18048,16652,18674,17674,19747,20039,20045,20060,20034,20021,20109,20032,20016,20023,20048,19995,20077,20036,20027,20010,20029,20034,20006,22187,38526,39998,40132,40007,40081,40031,40002,40096,40059,40018,40069,40054,40052,40027,40073,29611,,
ROX,ROX1101,CTCT,roxburgh,Hydro,Hydro,2026-06-07,20007,20050,20024,20015,20032,20024,20028,20025,20026,20022,20066,19739,20013,20071,20005,20042,20024,38547,39119,30165,30042,30073,30044,30059,20210,20010,20034,28968,30023,30082,30492,35040,38523,36718,40045,40023,36339,31138,31710,35414,39993,40110,40054,40064,39987,40129,40013,35111,,
ROX,ROX1101,CTCT,roxburgh,Hydro,Hydro,2026-06-08,20236,20205,19994,20054,20020,20037,20025,20029,20016,20022,20060,20140,20119,20032,37019,40076,40027,40006,40101,20635,20097,19955,20033,20007,20065,19965,20036,20155,20015,20030,19961,24080,30555,30472,39723,40054,40030,40121,40040,39995,40138,40005,40039,40067,20896,20047,20035,20046,,
ROX,ROX1101,CTCT,roxburgh,Hydro,Hydro,2026-06-09,20056,20039,20017,20019,20068,20025,20012,20023,20043,20025,20063,20011,20046,20180,19996,20051,20017,16062,14505,14552,15643,15026,19288,19982,20069,20015,20058,20017,20014,20101,20081,20007,20046,20074,20087,38247,40078,40057,40060,40035,40051,40002,40048,40045,40077,20363,20029,20027,,
ROX,ROX1101,CTCT,roxburgh,Hydro,Hydro,2026-06-10,20040,20019,20019,20004,20068,20003,20022,20033,20002,20020,20041,20022,20016,37177,40504,41040,41028,41075,41070,41089,41015,41024,41037,41076,41029,41053,41056,40744,40068,40056,40059,38396,38175,40081,40075,40051,40034,40081,40036,40032,40065,40018,40091,39996,40118,39969,40068,40058,,
ROX,ROX1101,CTCT,roxburgh,Hydro,Hydro,2026-06-11,40044,20292,20032,19997,20036,20057,20045,20006,20059,20030,20071,19982,20134,38492,40076,40066,40066,40044,40066,40121,39962,40055,40072,40041,39993,40064,40061,40082,40032,40035,40141,40044,40044,40035,40155,39969,40073,40057,40022,40062,40001,40103,40117,40035,40016,40041,40115,39998,,
ROX,ROX1101,CTCT,roxburgh,Hydro,Hydro,2026-06-12,40201,20361,20017,20091,20009,20022,20010,20134,20134,20137,20010,20006,37731,39971,40049,40067,40058,39971,40149,40005,40075,40070,40032,40070,40022,40040,40084,40002,40089,40022,40061,40006,40110,40016,40051,40067,40074,40037,40049,40033,40063,40061,40042,40057,40020,40051,40042,40082,,
ROX,ROX1101,CTCT,roxburgh,Hydro,Hydro,2026-06-13,40011,20102,20007,20007,20046,20026,20025,20028,20020,20011,20043,20008,20048,20014,20061,19982,20036,20024,20039,20016,20038,20019,20015,20052,20007,20029,20018,20071,20059,20051,20028,20022,20033,38052,40081,40055,40036,40055,40050,40039,40075,40014,40080,40033,20117,20033,20029,20013,,
ROX,ROX1101,CTCT,roxburgh,Hydro,Hydro,2026-06-14,20023,20036,20040,20018,20017,20022,20038,20021,20012,20028,20047,20015,20098,20044,20029,20027,20028,20041,20050,20014,20017,20040,20023,20016,20053,20012,20024,20015,20049,19999,20052,20003,20056,20022,20032,20472,20536,20538,20507,20545,20353,20003,20044,20046,20036,20016,19995,20082,,
ROX,ROX1101,CTCT,roxburgh,Hydro,Hydro,2026-06-15,20011,19978,19986,19983,19977,19950,20024,19995,20031,17324,19509,18075,20277,20052,20061,20017,20040,20027,20028,20012,20007,20062,19998,20034,20028,20024,20012,20013,20039,20032,20032,20018,20050,34975,40034,40023,40086,40079,41134,42033,42023,42069,42054,42068,42027,40099,40052,40001,,
ROX,ROX1101,CTCT,roxburgh,Hydro,Hydro,2026-06-16,40132,20385,20007,20012,20077,20027,20039,20022,20034,20011,20020,20203,20179,38225,40059,40019,40061,40105,39983,40117,40006,40088,39984,40052,40030,40192,39964,40069,40073,40049,40090,39983,40069,39901,40115,40051,40050,40028,40055,40064,40032,40041,40060,40085,40068,40020,40034,40049,,
ROX,ROX1101,CTCT,roxburgh,Hydro,Hydro,2026-06-17,20502,19983,20013,20035,20043,16483,13306,585,0,0,0,0,12079,20017,38113,39987,40077,40121,39989,40075,39970,39988,40212,40196,40119,40273,40037,40066,40129,40034,40126,39989,40102,39969,40076,40009,34928,30093,30013,30040,30057,30039,38150,40046,40069,40092,39954,20602,,
ROX,ROX1101,CTCT,roxburgh,Hydro,Hydro,2026-06-18,501,0,0,0,0,0,0,0,0,0,0,0,17970,19972,35918,40110,40062,40047,40075,40068,40018,40040,40152,39953,30297,30043,21749,20053,27705,30332,30333,39791,40070,40064,40074,40001,40085,40055,40035,40100,39941,40037,40279,39969,40041,40086,40013,40034,,
ROX,ROX1101,CTCT,roxburgh,Hydro,Hydro,2026-06-19,20403,20046,19921,167,0,18615,20040,19997,20019,20054,19993,20049,20070,35296,40036,40089,40010,40120,40001,40066,40003,40074,40031,40574,42062,42065,42008,42094,41030,41304,42091,42010,42069,42006,42092,42050,42047,42100,42018,42000,40262,40057,40147,40085,41059,40981,41134,41016,,
ROX,ROX1101,CTCT,roxburgh,Hydro,Hydro,2026-06-20,40954,40061,39982,40186,40725,20815,20535,20526,20357,20000,20045,20144,20066,30973,39919,40076,40057,40060,40036,40038,40061,40030,40073,36911,20001,20018,19995,20091,24475,40055,40067,39990,40111,40010,40094,40002,40069,40035,40057,40049,40058,40048,40046,38085,37571,37466,39867,39509,,
ROX,ROX1101,CTCT,roxburgh,Hydro,Hydro,2026-06-21,40047,40090,40025,39679,116,0,0,0,0,0,1541,19977,20029,20018,20011,20089,27511,30632,39705,38315,40085,40041,40021,40065,40077,39995,38698,35229,30096,39870,40047,40042,40072,40031,40042,40092,40063,40023,40052,40051,40088,40013,40072,40027,40101,40006,40024,39651,,
ROX,ROX1101,CTCT,roxburgh,Hydro,Hydro,2026-06-22,40263,40048,40040,40047,40076,40041,40042,40030,40066,40051,39955,40199,41491,40041,40065,40085,40038,40098,40024,40045,40036,40045,40003,40010,39964,40077,39682,34319,33497,39975,40047,40076,40044,40050,40032,40035,40061,40064,40086,40000,40074,40051,40079,40057,40073,40002,40038,40079,,
ROX,ROX1101,CTCT,roxburgh,Hydro,Hydro,2026-06-23,40190,39957,40044,40077,40035,40024,40091,40033,40062,40041,40048,39981,40133,40068,40053,40094,40020,40114,40030,40030,40078,40070,40040,40009,40051,40056,40009,40130,40030,40030,40059,40000,40091,40035,40111,39994,40072,40044,40064,40038,40070,40020,40030,40086,40051,40061,40019,40063,,
ROX,ROX1101,CTCT,roxburgh,Hydro,Hydro,2026-06-24,40058,40048,40050,40048,40062,40029,40065,40040,40072,40025,40080,39732,40122,40096,40049,40072,40024,40081,40043,40069,40061,40080,39945,40099,40056,40060,40035,40060,40018,40124,40058,39977,40045,40113,40044,40009,40107,40015,40080,40049,40034,40025,40035,40087,40058,40038,39999,40128,,
ROX,ROX1101,CTCT,roxburgh,Hydro,Hydro,2026-06-25,40017,40097,40060,40012,40050,40081,40063,40039,40042,40023,40041,40023,40053,39990,39932,40274,40009,39953,39962,40037,39977,40034,39963,40034,39882,40092,40038,39963,40024,40044,39991,39939,40007,39991,40069,39971,39988,40046,39953,40001,40001,40001,40015,40029,40012,39950,40028,39990,,
ROX,ROX1101,CTCT,roxburgh,Hydro,Hydro,2026-06-26,40027,39997,39988,39990,40026,39984,40009,40019,40003,39957,39370,40084,40296,40099,40111,40054,40034,40126,40052,40055,40046,40052,40025,40068,40032,40059,40041,40003,40118,40063,40078,40037,40057,40038,40045,40048,40038,40076,40041,40063,40044,40059,40060,40036,40051,40057,40086,40009,,
ROX,ROX1101,CTCT,roxburgh,Hydro,Hydro,2026-06-27,30160,30072,30064,26777,20006,20029,20001,20048,20028,20021,20033,20029,19990,37755,40090,40003,40075,40055,40056,40016,40097,40048,40022,40075,40025,30106,30024,30176,40046,40034,40091,40071,39972,40057,40101,40001,40080,40047,40034,40044,40087,40020,40035,40085,40039,40075,39985,40061,,
ROX,ROX1101,CTCT,roxburgh,Hydro,Hydro,2026-06-28,20478,20022,20029,20033,210,0,0,0,0,7391,15319,9849,23996,36491,39933,36825,39989,40037,40057,40053,40057,40025,40032,40066,39685,40209,40008,30085,30149,30398,39158,36788,40019,40022,40860,41035,40709,40044,40052,40060,40046,40049,40047,40020,40090,40075,40054,40017,,
ROX,ROX1101,CTCT,roxburgh,Hydro,Hydro,2026-06-29,20576,19946,20044,19999,19991,37,0,0,0,0,17687,20089,19984,37719,39934,40127,40064,40026,40043,40061,40035,41954,42051,42077,42067,41684,39926,40118,40099,40012,40045,39997,40091,40070,40103,39944,40166,40038,40105,41055,41048,40984,41102,41076,41014,41036,41741,42113,,
ROX,ROX1101,CTCT,roxburgh,Hydro,Hydro,2026-06-30,42133,42008,42035,42072,42045,42060,42043,42033,41641,42099,41016,41309,41996,42217,42006,42111,21714,20985,21045,21009,21036,21029,21022,21029,21025,21033,21028,21020,21032,21006,28825,30080,39727,41923,42160,42035,42068,42064,42060,42039,42046,42045,42100,42069,42044,42007,42059,42035,,
ROX,ROX2201,CTCT,roxburgh,Hydro,Hydro,2026-06-01,51584,45800,45071,45102,42536,40024,40011,40084,40059,40033,40077,40056,40044,40027,40090,40161,40235,60057,60085,78357,80118,80098,79941,80380,79987,96977,99996,100161,100141,100084,100187,100153,100034,100052,100306,100028,100244,100103,100072,100144,96560,96105,100101,80919,79922,60761,60502,60617,,
ROX,ROX2201,CTCT,roxburgh,Hydro,Hydro,2026-06-02,60506,59967,60178,40431,59811,40989,39967,40146,40026,40168,39629,40396,43673,70757,86904,100138,100151,100180,99999,100040,100167,100209,100085,100210,100063,99987,100173,100156,97838,99528,100184,100163,99938,100122,100272,99955,100330,80372,80205,80050,80126,80148,100096,100075,100252,80464,80107,80034,,
ROX,ROX2201,CTCT,roxburgh,Hydro,Hydro,2026-06-03,80191,61174,60098,40110,40112,40095,40034,40046,40401,40114,60099,60060,79733,100021,99982,100304,99840,100382,100093,100083,100096,100106,100197,96511,100162,100012,100243,100097,99902,100094,100225,100056,100132,100049,100282,99980,100177,100140,100112,100125,100132,100097,100098,100113,100180,100099,100175,80536,,
ROX,ROX2201,CTCT,roxburgh,Hydro,Hydro,2026-06-04,60166,60032,60218,60045,60070,60218,60072,60035,60069,60156,60200,61587,71182,66983,87783,100052,100146,100172,100045,100170,96800,88440,98425,91345,89224,85721,94504,95190,95215,95355,94960,99778,100045,100214,100337,100124,100149,100146,100119,100110,100118,100130,100155,99951,81687,80723,80139,80078,,
ROX,ROX2201,CTCT,roxburgh,Hydro,Hydro,2026-06-05,80147,60000,60056,52328,43362,42058,40273,40083,40099,49682,57160,49154,60047,76617,93679,99913,100071,100305,100041,100037,100077,100219,100086,100146,99937,100389,100097,100078,100173,100099,100051,100180,100287,100144,100059,100129,100149,100094,100026,100200,100003,100607,99793,100371,100012,100094,80422,80051,,
ROX,ROX2201,CTCT,roxburgh,Hydro,Hydro,2026-06-06,80024,60238,60106,59788,53173,40213,40140,40092,40134,40076,46787,45940,54775,78942,80124,99480,100094,100102,100342,100078,80350,80125,80244,79972,80311,80169,80086,80045,80150,80165,80024,97711,100300,99894,100285,100007,100202,100076,100000,100254,100152,100049,100174,100142,100126,100073,100209,99714,,
ROX,ROX2201,CTCT,roxburgh,Hydro,Hydro,2026-06-07,80145,80251,80123,86874,84150,78243,78808,56811,55268,55257,55272,72532,52577,79596,79912,98446,100123,100167,98680,84082,75943,88919,90107,90068,90237,90050,90173,76823,75065,75203,81559,100085,100122,100162,100116,100059,100127,100163,100083,100211,100069,100278,100025,100160,99967,100321,100031,96963,,
ROX,ROX2201,CTCT,roxburgh,Hydro,Hydro,2026-06-08,80138,79765,40197,40159,40065,40112,40075,40085,40051,57675,79327,95187,99755,100111,92286,96956,100070,100025,100253,100089,80765,79869,80152,80030,80334,79821,80132,81237,99696,100145,99857,97535,90496,90678,99793,100141,100073,100300,100100,99985,100309,100002,100086,100363,99871,81221,80181,80118,,
ROX,ROX2201,CTCT,roxburgh,Hydro,Hydro,2026-06-09,80222,60313,60069,79695,80269,60498,60055,60091,60170,60053,60205,60030,61202,81822,99900,100241,100092,80487,80014,80132,80036,80106,80288,79926,80276,79850,80229,80061,80057,80286,80048,79956,80023,80292,86861,100107,100198,100157,100152,100093,100123,100006,100120,100108,100183,100112,100141,96222,,
ROX,ROX2201,CTCT,roxburgh,Hydro,Hydro,2026-06-10,70428,60094,60054,60021,60204,60010,60063,60103,59997,60059,60120,60087,68679,80042,97795,102599,102580,102672,102678,102727,102533,102561,102595,102698,102568,102632,102648,101873,100171,100103,100107,95878,95400,100222,100194,100125,96157,100147,100092,100098,100162,100037,100218,99997,100291,99919,100171,100146,,
ROX,ROX2201,CTCT,roxburgh,Hydro,Hydro,2026-06-11,100106,100145,100162,99985,100182,100178,100217,100027,80567,80119,80160,79795,80402,80121,99926,100166,100162,100109,80305,80236,79930,80112,80146,80121,100036,100146,100151,100164,100075,100086,100268,100095,100109,100090,100365,99901,100181,100142,100053,100158,100003,100254,100212,100085,100043,100100,100241,99986,,
ROX,ROX2201,CTCT,roxburgh,Hydro,Hydro,2026-06-12,100477,99939,80307,60383,40353,40044,40020,40268,40105,40076,40010,57233,60321,95028,100118,100171,100146,99880,100368,100021,100186,100182,100080,100172,100056,100102,100213,100002,100224,100058,100152,100022,100268,100048,100128,100161,100185,100093,100122,100077,100153,100149,100097,100152,100043,100127,100093,80615,,
ROX,ROX2201,CTCT,roxburgh,Hydro,Hydro,2026-06-13,80126,80084,60060,60023,60134,60076,60075,60083,60060,60028,60129,76449,73140,80051,72919,79902,80137,80075,80153,96419,100193,100098,100060,100267,80396,80151,80092,80177,80297,80162,80148,80110,80090,81346,80219,99922,100092,100042,80253,99918,80243,80093,100087,100147,100071,86327,100120,93135,,
ROX,ROX2201,CTCT,roxburgh,Hydro,Hydro,2026-06-14,90131,90187,69639,67857,60395,60591,60662,60572,60550,61219,60181,60063,40895,40131,40067,58757,60009,60072,60124,60041,59994,57150,59986,48544,49485,50036,50071,46756,40150,39996,40163,40014,52706,77400,91809,102352,102678,102696,102533,102728,101765,100017,100132,100233,99997,80162,79973,79912,,
ROX,ROX2201,CTCT,roxburgh,Hydro,Hydro,2026-06-15,65781,79849,60406,59948,40118,39723,40077,40001,40091,40071,56289,71363,73884,80065,80166,80047,80164,97810,100154,100052,100037,80526,79995,80146,80122,80100,80045,80054,80155,80129,80129,80071,98169,100056,100097,100054,100218,100214,102825,104151,104064,104335,104117,104183,104070,100232,100101,100014,,
ROX,ROX2201,CTCT,roxburgh,Hydro,Hydro,2026-06-16,100324,100169,80193,80040,80166,80105,80078,60134,60101,60029,59845,60041,60260,75338,99636,100052,100157,100239,99940,100293,100014,100219,99973,100141,100070,100445,99904,100169,100185,100123,100223,99955,100173,100022,100272,100132,100126,100071,100148,100158,100084,100102,100096,100232,100174,100051,100089,100115,,
ROX,ROX2201,CTCT,roxburgh,Hydro,Hydro,2026-06-17,100449,77308,75050,77577,58160,55254,47937,52084,59199,59555,59908,75492,69741,99775,100061,99975,100200,100297,99976,100171,99920,99937,100537,100375,100195,100665,100037,100160,100330,100089,100310,99908,100232,99908,100172,100024,100285,100212,100024,100101,100144,100107,100089,100115,100172,100232,99883,100307,,
ROX,ROX2201,CTCT,roxburgh,Hydro,Hydro,2026-06-18,100083,100231,100075,100130,80376,80189,80050,80048,80161,80063,80206,80322,100456,99952,100158,100289,100152,100108,100178,100168,100039,100099,100397,99867,100112,80386,99514,100263,100105,100290,100324,99537,100182,100157,100189,100000,100213,100143,100092,100254,99853,100109,100584,99912,100081,100201,99991,100078,,
ROX,ROX2201,CTCT,roxburgh,Hydro,Hydro,2026-06-19,100216,100238,99609,100375,100294,100023,100219,99977,100090,100276,99970,100376,100325,100432,100095,100207,100019,100303,99993,100171,100006,100179,100083,100834,102627,102660,102517,102718,101369,101695,102717,102522,102672,102524,102723,102611,102623,102746,102552,102513,100412,100146,100289,100210,102615,102449,102843,102522,,
ROX,ROX2201,CTCT,roxburgh,Hydro,Hydro,2026-06-20,102386,100147,99956,100471,101777,102629,102671,102629,101108,100000,100226,100259,100438,89572,96924,100190,100143,100044,80090,80077,80123,80063,80135,83384,100031,100091,99962,100465,95429,100142,100177,99967,100283,100026,100235,100003,100169,100094,100141,92048,90127,90123,90109,92157,92677,92419,99763,101388,,
ROX,ROX2201,CTCT,roxburgh,Hydro,Hydro,2026-06-21,101614,100225,100037,100121,100125,100135,98658,99041,99378,99969,100095,100108,100174,100085,100055,100279,100147,100057,100235,99984,100209,100103,100050,100158,100191,99975,100279,100075,100155,100131,100122,100107,100163,100078,100107,100215,100153,100053,100108,100127,100210,100032,100184,100068,100253,99984,100101,99974,,
ROX,ROX2201,CTCT,roxburgh,Hydro,Hydro,2026-06-22,84408,94505,80307,80098,80201,80101,80090,80076,80173,94169,91636,100486,98737,100082,100161,100175,100089,100266,100066,100116,100086,100118,100002,100051,99891,100192,100118,100054,99572,100380,100115,100194,100114,100128,100078,100083,100149,100160,100204,100002,100174,100127,100143,100146,100170,100006,100095,100200,,
ROX,ROX2201,CTCT,roxburgh,Hydro,Hydro,2026-06-23,90686,90107,82824,74195,84663,98240,95233,95084,93516,95097,96681,99946,100260,100159,100069,100234,100048,100289,100069,100079,100194,100178,100101,100022,100121,100143,100022,100329,100077,100077,100150,100000,100226,100082,100282,99984,100183,100089,100160,100099,100169,100050,100072,100209,100126,100165,100046,100158,,
ROX,ROX2201,CTCT,roxburgh,Hydro,Hydro,2026-06-24,100152,100120,100128,100117,100153,100069,100160,100098,100180,100062,100190,99883,100195,100240,100123,100126,100041,100200,100109,100174,100149,100199,99860,100248,100148,100144,100093,100155,100021,80459,80144,99729,100111,100231,100107,100018,100270,100031,100202,100121,100087,100062,100061,100245,100150,100096,99958,100318,,
ROX,ROX2201,CTCT,roxburgh,Hydro,Hydro,2026-06-25,100045,100209,100144,100030,100125,100204,100159,100091,100108,100062,100104,100053,100190,100099,99872,100791,100048,99943,100026,81818,80052,80176,98097,100201,99835,100337,100208,100021,100179,100253,100101,99956,100139,100100,100293,100049,100090,100226,100009,100129,100126,100128,100106,100196,100158,100017,100165,100097,,
ROX,ROX2201,CTCT,roxburgh,Hydro,Hydro,2026-06-26,100195,100118,100092,100103,100188,100084,100146,100173,100131,100015,100199,100204,100593,100259,100221,100126,100006,100312,100117,100139,100111,100131,100062,100178,100082,100150,100124,97870,91373,89356,90763,98832,97433,100095,100119,100112,100096,100190,100097,100153,100114,100139,100148,100088,100129,100136,100216,100027,,
ROX,ROX2201,CTCT,roxburgh,Hydro,Hydro,2026-06-27,91831,90184,83218,93125,96368,99280,86116,80271,80136,80102,80168,88686,80475,83578,80236,99760,100184,100128,100148,100033,100240,100110,100050,100192,100087,90249,90069,90216,100139,100092,100226,100167,99928,100143,100251,100005,100198,100138,100088,100108,100216,100042,100098,100207,100105,100147,99907,100180,,
ROX,ROX2201,CTCT,roxburgh,Hydro,Hydro,2026-06-28,100096,100106,100135,100166,99963,86865,82409,76158,71577,80003,77513,75695,96762,100179,100097,100174,100018,100095,100148,100127,100136,100061,100019,80233,80175,82743,82477,80179,80283,80672,88323,80297,99983,100043,100196,100089,100147,100101,100129,100147,100125,100124,100118,100059,100227,100184,100080,100041,,
ROX,ROX2201,CTCT,roxburgh,Hydro,Hydro,2026-06-29,99496,99725,100219,99955,100254,80241,80103,80115,80041,99866,84661,92277,100035,100627,99798,100316,100156,100053,100100,100155,100083,95502,94620,94696,94960,95874,99823,100295,100250,100037,100028,99989,100222,100178,100259,99858,100414,100081,100087,100135,100124,99960,100924,102471,100039,100088,101886,102150,,
ROX,ROX2201,CTCT,roxburgh,Hydro,Hydro,2026-06-30,101201,102461,101089,101179,101068,101146,101113,101093,101257,101225,100978,100564,100054,100467,100038,100247,100182,99939,100205,100046,100182,100147,101661,102647,102619,96219,94643,94602,100278,102025,91746,90189,99912,102318,102872,102502,102672,102669,102660,102598,102609,102616,102701,102672,102635,102538,102638,102560,,
RPO,RPO2201,GENE,rangipo,Hydro,Hydro,2026-06-01,27276,27242,27231,27231,27231,27232,27240,27228,27232,27231,27233,27230,27243,27228,27233,27295,27229,27229,27261,27234,27230,27229,27235,27236,27229,27227,27227,27229,27232,27231,32040,32154,32155,32141,32143,32138,32142,32145,32151,32153,32154,32157,32156,32161,32155,32147,32155,32152,,
RPO,RPO2201,GENE,rangipo,Hydro,Hydro,2026-06-02,32163,32148,27260,27227,27234,27233,27245,27227,27226,27230,27224,27259,30985,32161,32157,32152,32151,32155,32147,32147,32150,32156,32150,32149,32150,32150,32149,32149,32161,32150,32149,32150,4149,0,0,0,0,0,0,0,0,0,0,0,0,0,0,0,,
RPO,RPO2201,GENE,rangipo,Hydro,Hydro,2026-06-03,0,0,0,0,0,0,0,0,12911,21455,31473,32053,36401,42011,44469,44516,44510,44513,44516,44510,44236,44068,44452,44449,44459,44455,44465,44460,44465,44425,32593,37081,37069,37068,35278,33829,32059,32070,32066,32067,32067,31909,32149,32149,32150,32150,32149,32149,,
RPO,RPO2201,GENE,rangipo,Hydro,Hydro,2026-06-04,32150,32152,32152,32150,32159,32151,32153,32154,32152,32151,32190,32168,31965,44014,44532,44512,44514,44509,44512,44538,44512,44517,44512,44516,44537,44520,44530,44521,44530,44515,44516,44519,44526,44525,44538,44519,44514,44532,44530,44537,44533,32242,32157,32157,32160,32165,32169,32164,,
RPO,RPO2201,GENE,rangipo,Hydro,Hydro,2026-06-05,32153,32151,32173,32168,32154,32158,32178,32163,32158,32165,32267,32215,32171,32161,32169,32171,32154,32178,32157,32154,32207,31438,33427,43552,43523,43521,43533,43521,43544,49175,49453,49437,49446,49481,49440,49459,49505,49447,54254,54408,59128,55783,30011,3677,0,0,0,0,,
RPO,RPO2201,GENE,rangipo,Hydro,Hydro,2026-06-06,0,0,0,0,0,0,0,0,0,0,0,0,0,0,0,0,0,0,0,0,0,0,0,0,0,0,0,0,0,0,0,0,0,0,0,0,0,0,0,0,0,0,0,0,0,0,0,0,,
RPO,RPO2201,GENE,rangipo,Hydro,Hydro,2026-06-07,0,0,0,0,0,0,0,0,0,0,0,0,0,0,0,0,0,0,0,0,0,0,0,0,0,0,0,0,0,0,0,0,0,0,0,0,0,0,0,0,0,0,0,0,0,0,0,0,,
RPO,RPO2201,GENE,rangipo,Hydro,Hydro,2026-06-08,0,0,0,0,0,0,0,0,0,0,0,0,0,0,0,0,0,0,0,0,0,10375,10938,10937,10938,10938,10937,10934,10954,21559,22303,22323,22320,22326,22317,31593,32186,32185,32185,32191,32188,32186,32189,32186,32187,32198,32193,32204,,
RPO,RPO2201,GENE,rangipo,Hydro,Hydro,2026-06-09,32193,32187,32183,32191,32189,32185,32187,32186,32188,32188,32193,32182,32209,32203,32185,32181,32178,32179,32189,32184,32189,32187,32190,32191,32192,32192,32186,32190,32196,32185,32190,32192,32227,32190,32198,32185,32193,32188,32185,32185,32183,32181,32180,32181,32182,32182,32180,32190,,
RPO,RPO2201,GENE,rangipo,Hydro,Hydro,2026-06-10,32185,32187,32186,32186,32190,32186,32187,32185,32186,32186,32190,32187,32240,32192,32186,32174,32169,32168,31967,43377,43948,44435,32395,32023,43418,44422,33020,32046,32048,32043,32060,32050,32037,32051,32056,43467,44423,44435,44433,32118,32183,32182,32182,32182,32187,32187,32186,32180,,
RPO,RPO2201,GENE,rangipo,Hydro,Hydro,2026-06-11,32183,32186,32178,32184,32189,32179,32186,32179,32196,32192,32183,32193,32354,43229,44449,44441,44453,44448,44446,32606,32186,32183,32186,32178,32188,32185,32176,32188,32185,32176,32184,32176,32183,32182,32169,43765,44454,44442,44446,32516,32183,32184,32176,32185,32177,32188,32186,32185,,
RPO,RPO2201,GENE,rangipo,Hydro,Hydro,2026-06-12,32218,32188,32174,32186,32171,32179,32180,32173,32198,32200,32179,32189,33261,43690,44444,44433,44452,44434,44449,32087,32173,32182,32182,32177,32182,32173,32182,32181,32174,32186,32185,32173,32411,43594,44552,44548,44541,44545,44537,32475,32185,32186,32181,32181,32179,32188,32173,32181,,
RPO,RPO2201,GENE,rangipo,Hydro,Hydro,2026-06-13,32179,32177,32181,32178,32171,32178,32171,32183,32181,32172,32184,32184,32171,32177,32174,32176,42893,44549,44540,44538,44541,44546,44540,44554,31774,32173,32178,32199,32177,32182,32174,32184,32180,32167,43072,44545,44548,44552,44539,44545,44541,44552,31478,32181,32178,32188,32178,32186,,
RPO,RPO2201,GENE,rangipo,Hydro,Hydro,2026-06-14,32178,32189,32186,32175,32193,32190,32176,32180,32178,32197,32208,32186,32208,32331,32144,32190,32174,32193,32195,32183,32182,32178,32189,32183,32181,32183,32181,32175,32182,32189,32180,32180,32191,32737,44019,44540,44558,44558,32332,32186,32181,32184,32192,32180,32193,32182,32185,32191,,
RPO,RPO2201,GENE,rangipo,Hydro,Hydro,2026-06-15,32190,32202,32200,32139,31607,31135,31595,31254,31815,32186,32179,32186,32256,32181,32182,32183,32170,32182,32180,32187,32188,32178,32187,32186,32182,32189,32178,32188,32189,32180,32187,32185,32182,31992,43258,44445,44448,44441,44452,44453,44450,44460,31765,32191,32187,32181,32185,32179,,
RPO,RPO2201,GENE,rangipo,Hydro,Hydro,2026-06-16,32187,32188,32179,32193,32189,32179,32188,32201,32204,32191,32220,32187,43998,44450,44456,44452,44449,44461,44449,32577,32184,32186,32194,32181,32195,32205,32182,32188,32182,32188,32189,32188,32188,32805,43206,44455,44445,44457,44453,44442,44469,31602,32192,32186,32180,32181,32186,32178,,
RPO,RPO2201,GENE,rangipo,Hydro,Hydro,2026-06-17,32194,32177,32193,32185,32182,32187,32187,32178,32185,32178,32190,32202,32126,43542,44464,44449,44477,44472,44454,44476,32696,32186,32187,32192,32201,32222,32206,32194,32183,32189,32182,32195,32196,32166,42724,44441,44429,44440,44439,44436,44443,32534,32183,32181,32181,32188,32186,32195,,
RPO,RPO2201,GENE,rangipo,Hydro,Hydro,2026-06-18,32189,32180,32186,32175,32192,32187,32176,32185,32224,32181,32221,32212,32333,43411,44455,44450,44448,44441,44441,32274,32188,32189,32180,32189,32183,32184,32190,32185,32189,32204,32197,32207,32181,32192,43449,44443,44448,44452,44445,44467,32735,32189,32190,32183,32195,32183,32182,32186,,
RPO,RPO2201,GENE,rangipo,Hydro,Hydro,2026-06-19,32186,32183,32186,32187,32203,32186,32190,32198,32178,32189,32193,32266,31983,43530,44459,44455,44445,44453,44441,32037,32189,32183,32178,32185,32178,32184,32186,32178,32185,32185,32187,32186,32176,32062,43493,44486,44542,44554,44550,44549,32536,32181,32182,32175,32196,32173,32186,32180,,
RPO,RPO2201,GENE,rangipo,Hydro,Hydro,2026-06-20,32177,32192,32185,32193,32187,32186,32184,32181,32174,32180,32181,32252,32229,43329,44547,44553,44548,44571,44498,32168,32194,32179,32196,32188,32181,32187,32195,32198,32196,32186,32199,32197,32186,32187,32001,44431,44548,44546,44553,44547,32419,32190,32185,32189,32189,32195,32185,32183,,
RPO,RPO2201,GENE,rangipo,Hydro,Hydro,2026-06-21,32182,32185,32187,32183,32188,32176,32188,32173,32210,32187,32178,32181,32187,32177,32187,32173,32106,43389,44571,44595,44566,44538,31469,32174,32186,32201,32188,32186,32199,32188,32184,32201,32200,32182,32103,43539,44550,44563,44552,44531,31473,32180,32176,32184,32175,32190,32180,32180,,
RPO,RPO2201,GENE,rangipo,Hydro,Hydro,2026-06-22,32219,32197,32180,32179,32174,32181,32180,32173,32181,32179,32184,32185,32240,32182,41887,44542,44551,44545,44554,44556,44551,31738,32193,32181,32187,32179,32187,32186,32180,32191,32187,32179,32190,32020,43161,44548,44547,44551,44556,44551,44557,44554,32405,32185,32180,32182,32184,32183,,
RPO,RPO2201,GENE,rangipo,Hydro,Hydro,2026-06-23,32185,32176,32183,32181,32176,32179,32174,32182,32182,32178,32187,32190,32058,44169,44544,44550,44550,44547,44556,44544,32062,32187,32181,32187,32185,32180,32189,32177,32188,32185,32189,32187,32187,32183,32017,43352,44555,44553,44552,44556,32500,32188,32186,32177,32180,32182,32172,32180,,
RPO,RPO2201,GENE,rangipo,Hydro,Hydro,2026-06-24,32172,32177,32179,32170,32189,32174,32183,32180,32176,32177,32180,32183,32169,42776,44560,44595,44542,44556,44550,32146,32184,32177,32184,32184,32175,32188,32176,32185,32184,32180,32190,32192,32177,32197,32215,43006,44562,44556,44561,44543,32562,32184,32180,32187,32179,32172,32190,32212,,
RPO,RPO2201,GENE,rangipo,Hydro,Hydro,2026-06-25,31987,43582,44545,57809,59326,55751,54454,54446,45109,44556,44547,44581,44605,44600,44645,44568,32634,32185,32187,32184,32182,32184,32185,32178,32187,32185,32200,32188,32186,32200,32182,32175,32181,32219,43417,44569,44553,44582,44560,44547,44560,44573,44590,44568,44562,44579,44562,44564,,
RPO,RPO2201,GENE,rangipo,Hydro,Hydro,2026-06-26,44566,44573,44566,44573,44561,44616,44578,44562,44562,44568,44644,44580,45092,44561,44556,44529,32770,32043,32046,32047,32047,32049,32048,32047,32056,32065,32085,32082,32084,32195,32205,32181,32181,32172,32209,43510,44571,44567,44551,44561,31703,32190,32182,32182,32183,32184,32176,32182,,
RPO,RPO2201,GENE,rangipo,Hydro,Hydro,2026-06-27,32177,32182,32185,32174,32181,32178,32175,32179,32172,32178,32190,32172,32190,32189,32183,32190,32094,44168,44550,44544,44553,44515,32102,32180,32178,32183,32181,32175,32191,32179,32186,32188,32176,32181,32110,44453,44555,44544,44564,44550,32474,32183,32170,32183,32182,32176,32180,32175,,
RPO,RPO2201,GENE,rangipo,Hydro,Hydro,2026-06-28,32174,32184,32171,32176,32179,32175,32191,32171,32177,32183,32172,32193,32178,32176,32188,32174,32214,43652,44541,44551,44547,44551,32232,32176,32189,32183,32176,32184,32186,32185,32188,32184,32185,32197,32169,44314,44553,44552,44555,44522,32299,32165,32179,32177,32169,32180,32178,32169,,
RPO,RPO2201,GENE,rangipo,Hydro,Hydro,2026-06-29,32183,32169,32179,32174,32177,32197,32177,32168,32181,32171,32218,32200,32225,32182,32057,43286,44554,44543,44546,44550,31570,32183,32175,32182,32183,32175,32180,32182,32177,32183,32182,32183,32193,32179,32106,43361,44567,44548,44543,44551,44567,44548,32667,32178,32184,32182,32178,32188,,
RPO,RPO2201,GENE,rangipo,Hydro,Hydro,2026-06-30,32177,32177,32176,32174,32177,32175,32167,32174,32167,32181,32179,32187,32195,32090,43394,44552,44539,44544,44542,44538,44541,32101,32177,32179,32171,32182,32180,32175,32183,32125,42138,43555,43550,43553,43548,43565,43556,43549,43556,43556,43570,43569,43572,43568,43573,43562,43570,43561,,
SFD,SFD2201,CTCT,stratford,Gas,Thrml,2026-06-01,0,0,0,0,0,0,0,0,0,0,0,0,0,0,0,0,0,0,0,0,0,0,0,0,0,0,0,0,0,0,0,0,0,0,0,0,0,0,0,0,0,0,0,0,0,0,0,0,,
SFD,SFD2201,CTCT,stratford,Gas,Thrml,2026-06-02,0,0,0,0,0,0,0,0,0,0,0,0,0,0,0,0,0,0,0,0,0,0,0,0,0,0,0,0,0,0,0,0,0,0,0,0,0,0,0,0,0,0,0,0,0,0,0,0,,
SFD,SFD2201,CTCT,stratford,Gas,Thrml,2026-06-03,0,0,0,0,0,0,0,0,0,0,0,0,0,0,0,0,0,0,0,0,0,0,0,0,0,0,0,0,0,0,0,0,0,0,0,0,0,0,0,0,0,0,0,0,0,0,0,0,,
SFD,SFD2201,CTCT,stratford,Gas,Thrml,2026-06-04,0,0,0,0,0,0,0,0,0,0,0,0,0,0,0,0,0,0,0,0,0,0,0,0,0,0,0,0,0,0,0,0,0,0,0,0,0,0,0,0,0,0,0,0,0,0,0,0,,
SFD,SFD2201,CTCT,stratford,Gas,Thrml,2026-06-05,0,0,0,0,0,0,0,0,0,0,0,0,0,0,0,0,0,0,0,0,0,0,0,0,0,0,0,0,0,0,0,0,0,0,0,0,0,0,0,0,0,0,0,0,0,0,0,0,,
SFD,SFD2201,CTCT,stratford,Gas,Thrml,2026-06-06,0,0,0,0,0,0,0,0,0,0,0,0,0,0,0,0,0,0,0,0,0,0,0,0,0,0,0,0,0,0,0,0,0,0,0,0,0,0,0,0,0,0,0,0,0,0,0,0,,
SFD,SFD2201,CTCT,stratford,Gas,Thrml,2026-06-07,0,0,0,0,0,0,0,0,0,0,0,0,0,0,0,0,0,0,0,0,0,0,0,0,0,0,0,0,0,0,0,0,0,0,0,0,0,0,0,0,0,0,0,0,0,0,0,0,,
SFD,SFD2201,CTCT,stratford,Gas,Thrml,2026-06-08,0,0,0,0,0,0,0,0,0,0,0,0,0,0,0,0,0,0,0,0,0,0,0,0,0,0,0,0,0,0,0,0,0,0,0,0,0,0,0,0,0,0,0,0,0,0,0,0,,
SFD,SFD2201,CTCT,stratford,Gas,Thrml,2026-06-09,0,0,0,0,0,0,0,0,0,0,0,0,0,0,0,0,0,0,0,0,0,0,0,0,0,0,0,0,0,0,0,0,0,0,0,0,0,0,0,0,0,0,0,0,0,0,0,0,,
SFD,SFD2201,CTCT,stratford,Gas,Thrml,2026-06-10,0,0,0,0,0,0,0,0,0,0,0,0,0,0,0,31441,49950,8898,0,0,0,0,0,0,0,0,0,0,0,0,0,0,20828,30060,30071,46642,47418,47492,47514,47474,47463,47466,47456,47439,9520,0,0,0,,
SFD,SFD2201,CTCT,stratford,Gas,Thrml,2026-06-11,0,0,0,0,0,0,0,0,0,0,0,0,29748,68737,77586,77569,77569,77563,49941,46685,46763,46903,46929,46951,8574,0,0,0,0,0,0,0,0,0,0,30478,49920,50009,47120,47107,47105,47108,47112,47113,7795,0,0,0,,
SFD,SFD2201,CTCT,stratford,Gas,Thrml,2026-06-12,0,0,0,0,0,0,0,0,0,0,0,0,0,0,0,0,0,0,0,0,0,0,0,0,0,0,0,0,0,0,0,0,0,0,0,0,0,0,0,0,0,0,0,0,0,0,0,0,,
SFD,SFD2201,CTCT,stratford,Gas,Thrml,2026-06-13,0,0,0,0,0,0,0,0,0,0,0,0,0,0,0,0,0,0,0,0,0,0,0,0,0,0,0,0,0,0,0,0,0,0,0,0,0,0,0,0,0,0,0,0,0,0,0,0,,
SFD,SFD2201,CTCT,stratford,Gas,Thrml,2026-06-14,0,0,0,0,0,0,0,0,0,0,0,0,0,0,0,0,0,0,0,0,0,0,0,0,0,0,0,0,0,0,0,0,0,0,0,0,0,0,0,0,0,0,0,0,0,0,0,0,,
SFD,SFD2201,CTCT,stratford,Gas,Thrml,2026-06-15,0,0,0,0,0,0,0,0,0,0,0,0,0,0,0,0,0,0,0,0,0,0,0,0,0,0,0,0,0,0,0,0,0,0,0,0,0,0,0,0,0,0,0,0,0,0,0,0,,
SFD,SFD2201,CTCT,stratford,Gas,Thrml,2026-06-16,0,0,0,0,0,0,0,0,0,0,0,0,0,0,23222,27462,20753,22248,31783,20101,19927,19914,19916,19946,19946,19901,20325,19979,19993,19986,19992,19994,19992,33996,43401,46962,46964,47179,47582,46139,46922,33365,44898,45363,43658,34945,4645,0,,
SFD,SFD2201,CTCT,stratford,Gas,Thrml,2026-06-17,0,0,0,0,0,0,0,0,0,0,0,0,0,0,0,0,0,0,0,0,0,0,0,0,0,0,0,0,0,0,0,0,0,0,0,31911,44513,43852,47326,47462,47462,43898,45446,47267,45103,41870,39927,5576,,
SFD,SFD2201,CTCT,stratford,Gas,Thrml,2026-06-18,0,0,0,0,0,0,0,0,0,0,0,0,0,30432,61266,67055,67049,67067,67061,67070,40701,39731,39867,39983,39996,40005,5465,0,0,0,0,0,0,29551,79914,95893,95948,95952,95932,95939,95964,95956,95969,95957,95982,95990,58095,47708,,
SFD,SFD2201,CTCT,stratford,Gas,Thrml,2026-06-19,47721,47876,47873,47846,47819,47828,47881,47887,47879,47967,48020,74437,88471,89515,90700,94436,95456,90117,91352,90318,87983,87980,87978,87975,52553,47155,7151,0,0,0,0,0,0,0,31063,46952,46997,47002,47000,47007,7958,0,0,0,0,0,0,0,,
SFD,SFD2201,CTCT,stratford,Gas,Thrml,2026-06-20,0,0,0,0,0,0,0,0,0,0,0,0,0,0,0,0,0,0,0,0,0,0,0,0,0,0,0,0,0,0,0,0,0,0,0,0,0,0,0,0,0,0,0,0,0,0,0,0,,
SFD,SFD2201,CTCT,stratford,Gas,Thrml,2026-06-21,0,0,0,0,0,0,0,0,0,0,0,0,0,0,0,0,0,0,0,0,0,0,0,0,0,0,0,0,0,0,0,0,0,0,0,0,0,0,0,0,0,0,0,0,0,0,0,0,,
SFD,SFD2201,CTCT,stratford,Gas,Thrml,2026-06-22,0,0,0,0,0,0,0,0,0,0,0,0,0,14001,59278,91678,94920,94974,70821,48877,46695,46792,46922,46916,30705,3646,0,0,0,0,0,0,0,0,23196,63972,70552,67683,48321,21960,19715,19838,44357,46834,7343,0,0,0,,
SFD,SFD2201,CTCT,stratford,Gas,Thrml,2026-06-23,0,0,0,0,0,0,0,0,0,0,0,0,0,20356,62401,93700,101828,95068,95010,19911,0,0,0,0,0,0,0,0,0,0,0,14642,44221,37802,64680,92102,94880,94881,94901,70234,67655,67654,92358,94917,31328,26150,2264,0,,
SFD,SFD2201,CTCT,stratford,Gas,Thrml,2026-06-24,0,0,0,0,0,0,0,0,0,0,0,0,0,0,0,33618,30723,20231,19963,38309,39583,34846,49283,49963,50019,40338,40674,29834,29802,39357,46736,36804,46951,27329,22525,38327,34775,25156,19889,1619,0,0,0,0,0,0,0,0,,
SFD,SFD2201,CTCT,stratford,Gas,Thrml,2026-06-25,0,0,0,0,0,0,0,0,0,0,0,0,0,0,14118,19838,19851,2611,0,0,0,0,0,0,0,0,0,0,0,0,0,0,0,0,0,0,0,0,0,0,0,0,0,0,0,0,0,0,,
SFD,SFD2201,CTCT,stratford,Gas,Thrml,2026-06-26,0,0,0,0,0,0,0,0,0,0,0,0,0,0,0,0,27672,46976,46980,46962,46962,46959,46957,30592,29775,29773,29751,29706,20181,19892,19928,44278,46966,46940,46947,46941,46929,46934,39805,39624,39615,39612,46799,46952,8006,0,0,0,,
SFD,SFD2201,CTCT,stratford,Gas,Thrml,2026-06-27,0,0,0,0,0,0,0,0,0,0,0,0,0,0,0,0,0,0,0,0,0,0,0,0,0,0,0,0,0,0,0,0,0,0,0,0,0,0,0,0,0,0,0,0,0,0,0,0,,
SFD,SFD2201,CTCT,stratford,Gas,Thrml,2026-06-28,0,0,0,0,0,0,0,0,0,0,0,0,0,0,0,0,0,0,0,0,0,0,0,0,0,0,0,0,0,0,0,0,0,0,0,0,0,0,0,0,0,0,0,0,0,0,0,0,,
SFD,SFD2201,CTCT,stratford,Gas,Thrml,2026-06-29,0,0,0,0,0,0,0,0,0,0,0,0,0,0,0,0,0,0,0,0,0,0,0,0,0,0,0,0,0,0,0,0,0,0,0,29658,47084,47089,47088,47071,30947,29847,45839,46998,8022,0,0,0,,
SFD,SFD2201,CTCT,stratford,Gas,Thrml,2026-06-30,0,0,0,0,0,0,0,0,0,0,0,0,0,0,29207,47020,47016,47009,47032,47028,47027,47030,47035,47042,47045,47049,47052,8074,0,0,0,0,22423,47043,47041,62872,77537,77528,77521,77521,77537,77565,77563,77566,50822,46698,6923,0,,
STK,STK0661,TASM,cobb,Hydro,Hydro,2026-06-01,8573,8795,8956,9049,9059,9089,9121,9232,9150,9084,9004,8955,8761,8478,8094,7757,1197,0,0,0,0,3183,5961,5646,6166,6321,6418,6413,6186,6176,5998,5959,5621,5188,4560,4420,4753,5015,5335,5719,6013,6302,6610,7006,7110,7371,7405,7793,,
STK,STK0661,TASM,cobb,Hydro,Hydro,2026-06-02,8125,8314,8545,8674,8508,8483,8447,8439,8382,8300,7888,7663,6962,6158,5032,4318,3926,3909,3917,4063,4524,4616,4814,4729,4924,5109,4889,5069,5087,5230,5708,5594,5134,4824,4323,3695,4025,4334,4661,5126,5541,5894,6269,6716,7058,7553,7717,8134,,
STK,STK0661,TASM,cobb,Hydro,Hydro,2026-06-03,8519,8760,8889,9021,8960,9037,9082,9150,9041,8917,8438,7913,6946,5957,4755,3811,3439,4069,4786,5776,6620,7041,7293,7623,8169,8287,8257,8392,8149,7900,7538,6781,5939,5204,4521,3766,3789,4051,4322,4767,5067,5366,5585,6145,6637,7185,7444,7724,,
STK,STK0661,TASM,cobb,Hydro,Hydro,2026-06-04,8140,8515,8625,8791,8775,8887,8935,8919,8779,8672,8230,7611,6788,5754,4639,3875,3306,3366,3432,3708,4190,4562,4727,5160,5991,995,0,0,0,0,0,3283,3599,3229,3476,3542,3257,2661,447,0,0,0,0,0,0,24,0,0,,
STK,STK0661,TASM,cobb,Hydro,Hydro,2026-06-05,0,0,0,0,0,0,0,0,0,0,0,0,0,0,0,0,0,0,2135,3656,3628,571,2108,35,0,0,0,0,0,0,0,0,0,238,77,6,0,0,0,0,0,0,388,0,1392,0,0,0,,
STK,STK0661,TASM,cobb,Hydro,Hydro,2026-06-06,1134,6446,1747,3611,6303,0,0,0,0,0,0,0,0,0,0,0,0,0,0,0,4014,4121,0,0,0,0,4461,6933,2684,0,25,2691,810,0,1059,4055,4857,4825,5240,4671,1718,3,4755,5580,1582,106,0,0,,
STK,STK0661,TASM,cobb,Hydro,Hydro,2026-06-07,0,0,0,0,0,0,0,0,0,0,0,0,0,0,0,0,0,171,1372,0,0,0,0,0,0,0,0,0,0,0,0,594,1642,1982,3101,4059,1198,0,0,0,2747,3,0,0,20,0,0,0,,
STK,STK0661,TASM,cobb,Hydro,Hydro,2026-06-08,0,0,0,0,0,0,0,0,0,0,0,0,0,0,0,125,0,0,0,0,0,0,0,0,0,0,0,0,0,0,0,0,0,0,165,0,0,0,0,0,0,0,0,0,0,64,0,0,,
STK,STK0661,TASM,cobb,Hydro,Hydro,2026-06-09,0,0,0,0,0,0,0,0,0,0,0,0,0,0,0,0,0,0,0,0,0,0,0,0,0,0,0,0,0,0,0,0,0,0,1375,3340,3536,2624,3503,1082,0,3383,5106,5765,5782,3280,5257,7610,,
STK,STK0661,TASM,cobb,Hydro,Hydro,2026-06-10,8092,8313,8354,8519,8508,8533,8445,8420,8306,8219,7661,6925,5779,4755,3498,2608,2287,2705,3408,3948,4188,4528,5085,6295,7086,7143,7289,6232,31,72,1631,3860,2453,2516,770,2353,2483,2686,2992,3342,3683,4065,4366,4964,5608,6391,6535,6949,,
STK,STK0661,TASM,cobb,Hydro,Hydro,2026-06-11,7403,7606,7696,7811,7818,7805,7846,7849,7791,7669,7097,6443,5334,4227,2845,1944,2605,3354,4096,5204,3946,4941,6121,6371,4881,6111,3264,3757,4615,4903,6067,6290,5439,3292,3500,2874,2906,3071,3278,3590,3993,4301,4340,3093,4785,4214,443,0,,
STK,STK0661,TASM,cobb,Hydro,Hydro,2026-06-12,102,454,0,0,0,0,0,0,0,0,0,0,1326,575,0,0,0,0,2577,3974,5196,5740,6079,6832,6837,6665,6969,7065,7062,6900,6685,6388,5600,4737,3884,3296,3421,3730,4114,4516,3803,873,3749,5273,6229,6464,7003,7561,,
STK,STK0661,TASM,cobb,Hydro,Hydro,2026-06-13,7989,8275,8335,8526,8534,8557,8605,8697,8633,8519,8405,8179,7420,7321,6695,5776,5558,5135,5236,5626,2215,1969,0,0,0,0,0,0,0,0,0,0,1604,2846,4847,4509,4595,4901,5108,5444,5624,5836,6092,6056,4392,2592,86,130,,
STK,STK0661,TASM,cobb,Hydro,Hydro,2026-06-14,6124,2702,4529,3645,0,0,0,0,0,0,0,0,0,4200,1259,0,0,0,0,98,0,0,0,0,0,0,0,0,0,0,0,78,10,0,0,359,0,0,0,0,0,0,0,0,43,0,0,0,,
STK,STK0661,TASM,cobb,Hydro,Hydro,2026-06-15,0,0,0,0,0,0,0,0,0,0,0,0,0,0,545,234,0,0,0,0,0,0,281,0,0,317,997,0,3244,455,3231,4212,3196,3286,3344,3156,3364,3359,3088,934,0,0,4014,6121,6370,6171,7264,7992,,
STK,STK0661,TASM,cobb,Hydro,Hydro,2026-06-16,3106,3714,0,0,0,0,0,0,2761,4349,6518,6169,6397,5744,3678,3930,3530,3673,3900,4204,5032,6014,6911,7393,7709,8125,8105,7824,7684,1687,0,2431,1350,44,1235,3464,3622,3801,4067,4173,4412,4773,5047,5470,6090,4794,3924,126,,
STK,STK0661,TASM,cobb,Hydro,Hydro,2026-06-17,0,0,0,0,0,0,0,0,0,0,0,0,1857,4736,4141,3222,2830,2972,3213,3936,5634,5884,6844,6926,6505,7196,7027,7191,6643,6826,6895,5871,5395,4697,3924,3298,3384,3627,3866,4274,4691,5062,5475,5891,6522,7192,7335,7711,,
STK,STK0661,TASM,cobb,Hydro,Hydro,2026-06-18,8064,7447,4669,6793,8503,8569,8669,8678,1871,0,0,0,2397,3476,1136,2306,953,0,0,0,0,0,0,0,0,0,0,0,0,0,0,3267,1742,2629,2324,2795,2975,3172,3354,3753,4059,3527,4428,4861,4021,4722,487,4164,,
STK,STK0661,TASM,cobb,Hydro,Hydro,2026-06-19,3239,0,0,633,5584,1103,6182,8315,7598,7586,7596,6511,5416,4710,3588,2737,2244,2476,3104,4273,4873,5277,5862,327,0,0,0,0,0,0,0,2919,4053,3944,1626,3269,3360,2277,2462,1348,1327,0,2892,5533,4712,6535,5678,5102,,
STK,STK0661,TASM,cobb,Hydro,Hydro,2026-06-20,2170,0,68,6,0,0,0,0,0,0,0,0,0,0,0,0,0,0,0,1660,3660,4567,5819,6596,7083,7226,7571,7186,7180,7355,7074,6347,5951,5311,4615,4107,4320,4806,3101,3195,5475,2653,2206,1578,15,70,2,4906,,
STK,STK0661,TASM,cobb,Hydro,Hydro,2026-06-21,55,0,0,0,0,0,0,0,0,0,0,0,0,0,0,0,0,0,2481,6378,6824,7153,7444,7944,4344,6078,3276,0,0,0,0,0,2578,1105,5119,4603,4685,4976,5052,5148,5556,5914,6191,6574,2264,0,0,0,,
STK,STK0661,TASM,cobb,Hydro,Hydro,2026-06-22,0,0,0,0,0,0,0,0,0,0,0,1048,813,4685,3887,2805,2430,2848,3583,4595,4703,3069,4810,369,0,3747,266,0,0,0,655,5813,5255,3189,1189,1373,125,0,0,1990,3456,4149,4783,5301,5997,6788,6949,6837,,
STK,STK0661,TASM,cobb,Hydro,Hydro,2026-06-23,2451,4666,2,0,0,256,7227,8142,6526,7886,7261,3584,4885,3902,2878,2131,1858,1759,754,1477,3548,2412,2442,86,0,2188,1622,2354,2514,4790,4708,4028,3324,2723,2244,1834,2079,2551,2976,3387,3897,4379,4278,3974,5061,4349,6106,7359,,
STK,STK0661,TASM,cobb,Hydro,Hydro,2026-06-24,7793,8093,8172,5812,0,6,2039,0,0,0,1275,604,2755,3844,2818,3536,2998,3019,2928,3113,3566,3717,3699,3670,3593,3961,3869,4144,4044,4389,4260,4178,3900,3610,3304,2990,3480,3887,4275,4687,5114,5059,5565,4019,3651,1237,1827,0,,
STK,STK0661,TASM,cobb,Hydro,Hydro,2026-06-25,544,213,0,0,0,0,0,0,0,0,0,0,1244,1857,2636,282,0,0,0,843,3354,3819,3541,3555,3793,3948,3311,3499,3653,3993,3966,3824,3728,3575,3270,3285,4562,4690,4148,4932,5328,5980,6304,6486,6420,5480,7695,8921,,
STK,STK0661,TASM,cobb,Hydro,Hydro,2026-06-26,9447,9699,9888,10044,10012,10038,10035,9196,5921,7514,8973,7996,7524,6959,5640,4780,4482,4523,4756,4797,5137,5471,6203,6470,6322,6786,7393,8515,7852,7373,6592,6589,6386,5968,5313,4833,5056,5316,5600,5948,6189,6622,6816,7408,7976,7488,5806,3355,,
STK,STK0661,TASM,cobb,Hydro,Hydro,2026-06-27,1959,6671,8478,9888,10290,10399,10344,3285,21,1,631,2336,3294,2828,1771,1454,5872,2599,6735,6829,3665,6076,8072,2577,0,0,0,7,72,51,0,0,2349,4881,1613,3370,302,0,0,0,0,0,113,0,133,0,0,0,,
STK,STK0661,TASM,cobb,Hydro,Hydro,2026-06-28,0,0,0,0,0,0,0,0,0,0,0,0,0,0,0,0,0,0,0,0,0,0,0,0,0,0,0,0,0,0,0,0,0,0,0,1533,5548,4751,1644,3,0,0,2787,6079,3956,0,0,0,,
STK,STK0661,TASM,cobb,Hydro,Hydro,2026-06-29,0,0,0,0,0,0,0,0,0,0,0,94,1296,4283,3170,4021,447,436,1143,664,1463,1979,2113,1211,330,2110,4459,226,0,100,890,859,1497,1287,3447,4310,4450,4698,4970,5295,5704,6079,6510,5936,4993,7608,8478,6731,,
STK,STK0661,TASM,cobb,Hydro,Hydro,2026-06-30,19,0,0,0,0,0,0,0,0,0,0,0,0,2725,5003,4201,3974,3973,4522,5665,6768,7502,7939,5201,2124,0,0,0,0,6920,5620,7446,6806,3898,4010,4075,4173,4503,4612,4929,5310,5651,6018,6621,7184,7891,8132,8493,,
TAB,TAB0331,HAWK,te_huka_3,GEO,GEO,2026-06-01,23522,23500,23508,23596,23589,23525,23498,23507,23554,23633,23646,23625,23572,23529,23561,23497,23467,23444,23382,23373,23266,23210,23286,23197,23259,23302,23357,23327,23331,23281,23166,23273,23295,23303,23264,23238,23255,23241,23304,23325,23360,23427,23296,23337,23337,23413,23407,23455,,
TAB,TAB0331,HAWK,te_huka_3,GEO,GEO,2026-06-02,23548,23564,23553,23595,23548,23588,23591,23612,23562,23518,23062,23291,23203,23264,23046,22883,22761,22678,22595,22620,22610,22596,22392,22426,22344,22330,22563,22709,22647,22597,22396,22415,22533,22859,23058,22960,22941,22932,22988,23107,23156,23128,23129,23320,23173,23191,23350,23366,,
TAB,TAB0331,HAWK,te_huka_3,GEO,GEO,2026-06-03,23448,23440,23638,23508,23567,23623,23639,23794,23769,23634,23565,23520,24370,24471,24322,24239,24096,24189,24088,24114,24151,24104,23805,23939,23885,23939,24047,24078,24062,23690,23392,23475,23334,23477,23807,23307,22976,22816,22629,22682,22666,22693,22605,22776,22767,22704,23030,22753,,
TAB,TAB0331,HAWK,te_huka_3,GEO,GEO,2026-06-04,22966,22973,22785,22799,22952,23143,22994,23040,23192,23186,23158,22874,22536,22492,22458,22193,22079,22083,21978,22331,22062,22106,21862,21937,22230,22180,22051,21977,22037,22189,21860,21946,21992,22155,22681,22338,22428,22612,22523,22588,22751,22641,22626,22795,22871,22921,23510,23470,,
TAB,TAB0331,HAWK,te_huka_3,GEO,GEO,2026-06-05,23903,23730,22974,22943,23084,23102,22894,22986,23124,23141,23017,22621,22638,22610,22879,22723,22661,22696,22752,22782,22668,22424,22340,22331,22431,22483,22768,22937,22892,22789,22898,22908,22654,23077,23162,23357,23291,23099,22893,22767,22772,22605,22731,22825,22763,22776,22831,22805,,
TAB,TAB0331,HAWK,te_huka_3,GEO,GEO,2026-06-06,22918,22893,22805,22841,22828,23009,22930,22978,23071,23092,23222,22964,23068,22926,23414,23168,23303,23104,23192,23139,23128,23171,22847,23033,23025,22954,23127,23070,23119,23062,22979,23031,22868,23065,23011,23259,23227,23283,22790,22854,22769,22641,22647,22831,22820,22782,22984,22961,,
TAB,TAB0331,HAWK,te_huka_3,GEO,GEO,2026-06-07,23164,23021,22941,22972,22947,23247,22919,22835,22808,23054,23249,23057,22985,23061,23053,22970,22865,22871,22780,23011,22783,22788,22907,22756,23058,22887,22808,22671,22755,22810,22800,22643,22754,22727,22951,22646,22800,22869,23551,23507,23528,23610,23427,23549,23394,23377,23398,23250,,
TAB,TAB0331,HAWK,te_huka_3,GEO,GEO,2026-06-08,23259,23124,23324,23255,23351,23349,23506,23431,23696,23621,23363,23295,23115,22901,22557,22550,22378,22144,22080,22252,22001,22034,21874,22093,22138,22229,22099,22221,22252,22329,22132,22103,22029,18911,13616,17284,21601,22671,23317,23323,23535,23477,23496,23715,23617,23539,23603,23525,,
TAB,TAB0331,HAWK,te_huka_3,GEO,GEO,2026-06-09,23469,23652,23712,23760,23995,23952,23822,23993,23910,23823,23690,23475,23458,23154,22698,22623,22702,22502,22302,22794,22671,22394,18703,17896,19995,21069,22158,22335,22420,22492,22337,22137,22244,22291,22764,22414,22481,22633,22480,22507,22582,22588,22557,22752,22520,22588,22717,22699,,
TAB,TAB0331,HAWK,te_huka_3,GEO,GEO,2026-06-10,23110,22846,22909,22843,23036,23185,23122,22942,22931,22804,22843,22184,22586,22539,22207,21898,21596,21566,21861,21545,21268,21223,21134,21310,21721,21552,21538,21334,21438,21499,21273,21435,21725,22315,22197,21907,22065,22145,22148,22262,22229,22175,22004,22361,22192,22238,22348,22364,,
TAB,TAB0331,HAWK,te_huka_3,GEO,GEO,2026-06-11,22421,22484,22281,22503,22518,22786,22490,22592,22593,22659,22651,22327,21887,21727,21391,21441,21050,21339,21574,21683,21402,21364,21308,21383,21525,21336,21113,21222,21802,21796,21518,21748,21945,21966,22213,21901,21970,22399,22288,22077,22120,21889,22152,22140,22075,22217,22273,22180,,
TAB,TAB0331,HAWK,te_huka_3,GEO,GEO,2026-06-12,22573,22741,22704,22605,22629,22680,22489,22524,22515,22377,22409,21987,21999,21825,21557,21272,21223,21543,21533,21725,21482,21559,21617,21750,21883,21788,21706,21646,21581,21921,21636,21868,21800,21855,22221,22044,22084,22160,22250,22132,22119,22146,22027,22332,22035,22205,22230,22229,,
TAB,TAB0331,HAWK,te_huka_3,GEO,GEO,2026-06-13,22424,22222,22260,22243,22173,22250,22168,22213,22274,22295,22350,22109,22140,22108,22717,22590,22622,22609,22592,22652,22625,22634,22759,22752,22736,23057,22854,22846,22866,22918,22977,22965,22746,22832,22788,22580,22482,22526,22060,22006,22153,22213,22151,22271,22221,22250,22355,22463,,
TAB,TAB0331,HAWK,te_huka_3,GEO,GEO,2026-06-14,22597,22468,22281,22308,22130,22500,22385,22526,22510,22445,22602,22268,22495,22160,22789,22624,22569,22550,22619,22640,22423,22777,22646,22614,22641,22676,22636,22591,22571,22577,22385,22702,23411,23335,23136,22675,22699,22746,22279,22402,22366,22345,22363,22505,22411,22422,22406,22402,,
TAB,TAB0331,HAWK,te_huka_3,GEO,GEO,2026-06-15,22613,22572,22407,22500,22435,22606,22492,22569,22608,22655,22726,22421,21980,21980,21757,21550,21475,21584,21440,21406,21040,21155,21059,21073,21564,21416,21191,21321,21268,21424,21313,21063,20957,21682,22117,22012,22124,22004,22677,22641,22753,22638,22500,22539,22428,22491,22610,22615,,
TAB,TAB0331,HAWK,te_huka_3,GEO,GEO,2026-06-16,22848,22908,22976,22886,23074,23088,23115,23181,23052,23089,22886,22763,22382,21897,21429,21049,20865,20863,20807,20863,20410,20658,20680,20745,21124,20826,20695,20724,20728,20800,20824,20860,21361,21685,22133,21843,21926,21925,22171,22161,22248,22293,22210,22166,22490,22344,22606,22496,,
TAB,TAB0331,HAWK,te_huka_3,GEO,GEO,2026-06-17,22673,22589,22578,22579,22713,22712,22722,22725,22675,22726,22639,22765,23002,23118,22484,22074,22111,22052,22049,22298,22072,22245,22323,22650,22954,22957,22716,22641,22725,23012,23021,22934,22883,23032,23387,22858,22675,22331,22273,22027,22055,21913,22040,22157,21953,22186,22226,22162,,
TAB,TAB0331,HAWK,te_huka_3,GEO,GEO,2026-06-18,22456,22432,22338,22344,22561,22903,22747,22662,22758,22664,22541,22260,22189,22072,21810,21749,22002,22185,22159,22542,22105,22191,22181,22193,22482,22275,22292,22208,22180,22545,22086,22071,22078,22255,22587,22349,22368,22419,22522,22559,22689,22578,22574,22737,22540,22719,22677,22556,,
TAB,TAB0331,HAWK,te_huka_3,GEO,GEO,2026-06-19,22897,22821,22712,22620,22926,23199,23050,22960,22985,22950,22907,22596,22420,22470,22243,22140,22163,22076,22015,22359,21980,22089,21952,21967,22207,22181,22006,22112,22033,22133,22141,22192,22160,22129,22442,22198,22392,22439,22427,22499,22674,22655,22669,22821,22683,22817,22788,22718,,
TAB,TAB0331,HAWK,te_huka_3,GEO,GEO,2026-06-20,22959,22776,22748,22753,22912,23067,22912,22876,22830,23026,22879,22572,22493,22524,22503,22806,23128,23315,23204,23593,22936,22696,22598,22635,22788,22638,22635,22556,22626,22760,22643,22670,22934,23273,23113,23031,23876,23141,23112,22979,22780,22800,22618,22898,22744,22735,22762,22806,,
TAB,TAB0331,HAWK,te_huka_3,GEO,GEO,2026-06-21,22933,22978,22933,22944,22819,22881,23052,23054,23138,23354,23119,23058,23018,23145,23550,23552,23589,23382,23520,23429,23511,23542,23293,23360,23227,23259,23277,23251,23283,23401,23400,23352,23207,23398,23250,23272,23345,23250,23022,22894,22888,22884,22860,23122,22876,22847,22800,22862,,
TAB,TAB0331,HAWK,te_huka_3,GEO,GEO,2026-06-22,23067,23035,22853,22792,22883,23276,23080,23063,23013,23005,22958,22533,22285,22290,22506,22384,22406,22094,21947,21786,22129,22046,22137,22366,22417,22482,22504,22570,22686,22757,22798,22812,22867,22932,22942,22808,22936,23023,22549,22499,22536,22583,22570,22735,22534,22698,22852,22921,,
TAB,TAB0331,HAWK,te_huka_3,GEO,GEO,2026-06-23,23119,22988,22837,22828,22962,23256,22945,22905,22889,22833,22873,22343,22383,22207,22095,21715,21341,21602,21451,21911,21719,21788,21785,21913,22056,21802,21822,21794,21662,21917,21828,21852,22118,22346,22714,22605,22582,22590,23049,22758,22754,22905,23046,23066,23133,23176,23162,23313,,
TAB,TAB0331,HAWK,te_huka_3,GEO,GEO,2026-06-24,23325,23320,23357,23378,23476,23488,23606,23657,23601,23469,23382,23193,23156,22949,22333,22193,22054,22016,21300,20645,20385,20456,20067,19777,20182,20307,20208,20124,20102,20290,20352,21673,22334,22393,22827,22689,22685,22694,23066,22954,22942,22828,23006,23063,22974,22915,23100,23130,,
TAB,TAB0331,HAWK,te_huka_3,GEO,GEO,2026-06-25,23406,23559,23232,23451,23584,23569,23637,23593,23580,23408,23482,23154,23041,22813,22283,22178,21285,20219,20104,20448,20377,20435,20391,20295,20376,20428,20335,20316,20273,21160,21912,21882,21820,21579,21955,21940,22346,22552,22550,22542,22357,22422,22511,22539,22532,22532,22581,22648,,
TAB,TAB0331,HAWK,te_huka_3,GEO,GEO,2026-06-26,22893,22748,22659,22827,22772,23023,22844,22818,22883,22906,22978,22675,22619,22502,22282,22170,21960,21975,22144,22223,22014,21866,21898,21924,22020,22169,21916,22022,22039,22328,22251,22140,22320,22426,22865,22569,22548,22568,22293,22502,22573,22602,22569,22522,22478,22606,22430,22538,,
TAB,TAB0331,HAWK,te_huka_3,GEO,GEO,2026-06-27,22945,22909,22810,22786,22801,23015,22943,23016,22947,23057,23247,23018,23014,22888,22801,22730,22654,22534,22624,22903,22624,22677,22480,22588,22814,22983,22601,22682,22607,22903,22686,22604,22622,22558,22632,22413,22683,22674,22492,22635,22531,22682,22645,22914,22737,22584,22796,22751,,
TAB,TAB0331,HAWK,te_huka_3,GEO,GEO,2026-06-28,23074,22930,22845,22882,22769,23067,22867,22829,22908,22852,23067,22753,22862,22827,22863,22950,22942,22831,22648,23007,22721,22625,22636,22617,22841,22668,22696,22629,22370,22992,22873,22679,22924,22891,23125,22859,22981,23053,22796,22820,22786,22817,22613,22966,22845,22942,22932,22914,,
TAB,TAB0331,HAWK,te_huka_3,GEO,GEO,2026-06-29,23239,23065,23037,23028,23091,23279,23165,23196,23332,23311,23329,22964,22817,22753,22849,22725,22464,22572,22271,22533,22426,22508,22510,22383,22548,22506,22594,22674,22444,22393,22346,22266,22354,22472,22750,22508,22479,22520,22227,22296,22409,22352,22380,22554,22408,22442,22415,22359,,
TAB,TAB0331,HAWK,te_huka_3,GEO,GEO,2026-06-30,22693,22553,22452,22422,22620,22864,22881,22767,22491,22557,22719,22402,22139,21975,22256,21985,21845,21897,21572,21853,22077,22024,21810,21848,21856,21928,21962,22315,22042,22172,22452,23188,22725,22528,22366,22496,22531,22401,21881,21998,21912,21846,21720,21903,21933,22091,22132,21965,,
TAB,TAB2201,CTCT,Tauhara,Geo,Geo,2026-06-01,85054,84989,84956,84875,84867,84837,84810,84797,84811,84786,84752,84818,84812,84733,84682,84754,84705,84658,84629,84599,84374,84269,84440,84654,84351,84240,84176,84071,84026,84030,84001,84017,84027,84258,84346,84429,84424,84353,84241,84258,84208,84204,84195,84148,84121,84134,84017,84078,,
TAB,TAB2201,CTCT,Tauhara,Geo,Geo,2026-06-02,84025,84043,84015,83951,83819,83777,83817,83805,83820,83935,83976,84111,83931,83913,83939,83509,83247,83757,84090,84090,83883,83557,83240,83071,82905,82880,83008,83125,83282,83395,83312,83322,83226,83278,83346,83727,83868,84031,84073,84230,84261,84317,84238,84235,84200,84288,84377,84563,,
TAB,TAB2201,CTCT,Tauhara,Geo,Geo,2026-06-03,84758,84737,84775,84746,84793,84769,84807,84752,84584,84565,84598,84666,84870,84996,84954,84783,84777,84778,84725,84795,84804,84792,84738,84643,84585,84548,84411,84461,84464,84550,84604,84673,85019,85157,85237,85217,85301,85334,85390,85409,85447,85451,85433,85461,85578,85660,85674,85745,,
TAB,TAB2201,CTCT,Tauhara,Geo,Geo,2026-06-04,85750,85811,85865,85939,85921,85923,86046,86020,85820,85832,85998,86181,86193,86130,86177,86105,86003,85866,85836,85814,85829,85804,85719,85659,85565,85442,85413,85369,85305,85195,85151,85101,85084,85044,84976,84907,84906,84891,84881,84868,84878,84840,84799,84736,84687,84641,84426,83934,,
TAB,TAB2201,CTCT,Tauhara,Geo,Geo,2026-06-05,83758,84114,84269,84231,84320,84348,84318,84304,84314,84340,84378,84281,84203,84134,84377,84451,84480,84432,84468,84328,84060,83925,83838,84032,84122,84156,84196,84226,84272,84247,84230,84207,84207,84188,84153,84155,84134,84170,84125,84195,84272,84412,84364,84457,84411,84366,84494,84574,,
TAB,TAB2201,CTCT,Tauhara,Geo,Geo,2026-06-06,84387,84614,84694,84703,84727,84797,84815,84737,84481,84309,84318,84262,84511,85047,84925,84743,84943,84979,84928,84696,84482,84483,84361,84175,83949,83929,83881,84063,84313,84871,85879,85702,85196,84970,84904,84942,85156,85190,85062,85232,85306,85315,85388,85444,85572,85521,85607,85605,,
TAB,TAB2201,CTCT,Tauhara,Geo,Geo,2026-06-07,85588,85591,85607,85403,85322,85228,85529,85591,85414,85611,85807,85789,85834,85824,85820,85798,85750,85761,85767,85790,85827,85817,85743,85647,85557,85561,85459,85498,85478,85587,85577,85293,85381,85460,85531,85607,85825,85843,85837,85833,85891,85978,85997,86025,86006,85973,86152,86041,,
TAB,TAB2201,CTCT,Tauhara,Geo,Geo,2026-06-08,86009,86301,86097,85823,85592,85727,85587,85317,85292,85381,85314,85432,85428,85324,85478,85469,85420,85365,85085,84933,84700,84672,84515,84382,84330,84309,84135,84170,84330,84402,84300,84385,84506,84366,84416,84833,84770,84307,84241,84212,84210,84005,84215,84188,84207,84303,84437,84538,,
TAB,TAB2201,CTCT,Tauhara,Geo,Geo,2026-06-09,84629,84876,85198,85510,85758,85719,85727,85821,85978,85934,85849,85928,86009,86190,85983,86084,86221,86370,86582,85991,86003,86074,86026,85942,85937,85875,85841,85903,85920,86051,86364,86446,86432,86413,86450,86560,86538,86531,86533,86574,86734,86809,86564,86488,86605,86674,86760,86739,,
TAB,TAB2201,CTCT,Tauhara,Geo,Geo,2026-06-10,86887,87019,87007,86969,87039,87005,86999,86985,87070,87117,87137,87168,87217,87214,87301,87328,87288,87153,87157,87088,86981,86820,86678,86575,86539,86452,86342,86359,86379,86377,86238,86207,86130,86157,86224,86277,86399,86147,86168,86368,86261,86085,86046,86114,86224,86199,86310,86553,,
TAB,TAB2201,CTCT,Tauhara,Geo,Geo,2026-06-11,86688,86719,86431,86140,86167,86156,86195,86186,86227,86516,86800,86862,86975,86978,86872,86762,86797,86788,86791,86754,86656,86515,86408,86253,86177,86008,86039,86191,86216,86185,86112,86008,86045,86017,86169,86199,86309,86374,86371,86336,86382,86465,86516,86524,86590,86705,86764,86721,,
TAB,TAB2201,CTCT,Tauhara,Geo,Geo,2026-06-12,86796,86721,86729,86783,86769,86790,86803,86825,86939,86951,86890,86832,86858,86425,86242,86195,86268,86253,86178,86005,85956,85847,85805,85642,85562,85605,85501,85371,85596,85622,85500,85608,85786,85797,85763,85626,85856,85887,85948,85881,85882,85899,85942,85848,86081,86136,86203,86251,,
TAB,TAB2201,CTCT,Tauhara,Geo,Geo,2026-06-13,86499,86369,86541,86589,86599,86467,86444,86202,86254,86211,86240,86105,86313,86432,86519,86454,86556,86573,86455,86228,86297,86151,86056,85931,85970,86115,86315,85724,85701,85634,85611,85586,85681,85716,85874,85871,85899,85874,85925,85805,85948,85961,86072,85971,86162,86200,86222,86142,,
TAB,TAB2201,CTCT,Tauhara,Geo,Geo,2026-06-14,86314,86289,86337,86270,86275,86300,86418,86320,86159,86014,86233,86558,86790,86723,86830,86675,86711,86661,86683,86553,86556,86449,86392,86085,86060,85851,85794,85558,85458,85266,85280,85142,85187,85021,85317,85329,85321,85339,85429,85275,85327,85245,85406,85446,85481,85426,85434,85379,,
TAB,TAB2201,CTCT,Tauhara,Geo,Geo,2026-06-15,85592,85674,85651,85464,85530,85558,85582,85735,85858,85846,85915,85786,85787,85799,85759,85611,85490,85349,85424,85224,85255,85204,84991,84630,84534,84408,84569,84550,84739,84638,84947,84847,84937,84676,85129,85063,85006,85007,85023,85140,85191,85103,85287,85213,85319,85364,85423,85506,,
TAB,TAB2201,CTCT,Tauhara,Geo,Geo,2026-06-16,85626,85586,85598,85498,85596,85522,85350,85280,85349,85326,85532,85496,85538,85464,85508,85449,85516,85503,85520,85493,85507,85458,85461,85299,85350,85364,85350,85285,85366,85258,85375,85253,85291,85471,85528,85478,85595,85797,85862,85756,85835,85876,85900,85893,85971,86063,86064,85985,,
TAB,TAB2201,CTCT,Tauhara,Geo,Geo,2026-06-17,86226,86214,86197,86196,86248,86281,86282,86204,86278,86195,86264,86275,86332,86097,85966,85344,85979,85933,85867,85700,85495,85540,85877,85761,85707,85529,85304,85264,85539,85522,85495,85414,85425,85516,85531,85463,85576,85667,85738,85610,85738,85743,85748,85649,85717,85745,85757,85826,,
TAB,TAB2201,CTCT,Tauhara,Geo,Geo,2026-06-18,85886,85849,85853,85866,85956,86057,86060,86047,86061,86037,85950,85912,86020,86000,86025,86077,86089,86215,86137,86117,85976,85851,85728,85521,85160,85249,85129,85147,85083,85087,84832,84976,85197,85479,85601,85718,85657,85715,85609,85712,85698,85780,85753,85777,85774,85923,85924,85975,,
TAB,TAB2201,CTCT,Tauhara,Geo,Geo,2026-06-19,85927,85953,85860,85979,86013,86013,85904,86002,86058,86195,86128,86103,86041,86072,86054,86056,86197,85928,85908,85905,85754,85606,85526,85515,85604,85634,85629,85616,85751,85786,85858,85925,85878,85779,85920,85944,86012,85951,85978,85968,86102,85963,85733,85687,85812,85713,85819,85780,,
TAB,TAB2201,CTCT,Tauhara,Geo,Geo,2026-06-20,85895,85880,85918,85985,86062,86084,86203,86225,86125,85988,86162,86194,86345,86345,86464,86474,86463,86474,86497,86385,86412,86185,86276,86473,86638,86900,86228,86084,85903,85788,85550,84831,84720,84940,85053,85194,85117,85278,85291,85385,85261,85130,84576,84349,84217,84170,84161,84284,,
TAB,TAB2201,CTCT,Tauhara,Geo,Geo,2026-06-21,84042,84014,84008,84143,84234,84233,84332,84532,84467,84667,84701,84763,84742,84810,84797,84772,84711,84727,84665,84688,84284,84480,84501,84572,84462,84392,84402,84439,84260,84381,84389,84592,84341,84677,84993,85139,85117,85169,85062,85181,85063,85299,85415,85446,85468,85369,85195,85373,,
TAB,TAB2201,CTCT,Tauhara,Geo,Geo,2026-06-22,85514,85445,85332,85528,85655,85677,85675,85738,85771,85728,85708,85634,85599,85702,85773,85684,85820,85748,85724,85962,86085,85686,85605,85550,85532,85428,85425,85346,85487,85537,85544,85413,85522,85605,85795,85696,85811,85880,85972,85884,85986,85973,86047,86026,86479,86623,86744,86563,,
TAB,TAB2201,CTCT,Tauhara,Geo,Geo,2026-06-23,86707,86606,86624,86649,86664,86638,86722,86622,86692,86687,86728,86668,86785,86602,86597,86704,86732,86739,86669,86536,63892,60202,60248,83680,86497,86413,86293,86224,85784,85792,85789,85861,85855,85919,85810,85772,85747,85806,85737,85698,85592,85607,85587,85739,85820,85824,85671,85691,,
TAB,TAB2201,CTCT,Tauhara,Geo,Geo,2026-06-24,85705,85723,85546,85573,85541,85532,85305,85292,85234,85203,85124,85222,85178,85232,85200,85186,85176,85233,84928,84908,84955,85060,84864,84934,84932,84917,84681,84709,84718,84326,84408,84477,84468,84520,84413,84394,84627,84678,84585,84665,84491,84374,84441,84526,84520,84679,84833,84809,,
TAB,TAB2201,CTCT,Tauhara,Geo,Geo,2026-06-25,84782,84735,84731,84437,84481,84573,84639,84873,84933,84818,84801,84822,84773,84578,84454,84485,84687,84722,84817,84740,84825,84802,84828,84770,84744,84682,84733,84676,84757,84613,84727,84424,84668,84879,85087,85150,85301,85306,85386,85438,85512,85445,85467,85540,85527,85430,85540,85588,,
TAB,TAB2201,CTCT,Tauhara,Geo,Geo,2026-06-26,85435,85207,85283,85652,85849,85935,85936,85834,85966,86004,85985,85890,85697,85456,85626,85825,85699,85718,85664,85750,85585,85535,85404,85419,85320,85232,85186,85254,85179,85099,84901,84740,84488,84682,84780,85043,84828,85050,85286,84884,84739,84927,84758,84905,84791,84908,84942,85058,,
TAB,TAB2201,CTCT,Tauhara,Geo,Geo,2026-06-27,85469,85740,85783,85808,85724,85385,85169,85569,85549,85397,85116,84804,84743,84916,84855,85186,85200,85239,85174,85139,84722,84665,84523,84505,84534,84616,84516,84459,84360,84427,84440,84481,84549,84618,84669,84482,84409,84295,84407,84387,84532,84495,84532,84517,84771,84664,84818,84907,,
TAB,TAB2201,CTCT,Tauhara,Geo,Geo,2026-06-28,84998,84945,84939,84627,84807,84935,84856,84757,84764,84726,84829,84838,84760,84839,84903,85013,84954,84888,85074,84909,84919,84726,84704,84579,84543,84583,84721,84641,85194,84896,84887,85053,85159,85327,85387,85369,85323,85393,85468,85495,85506,85335,85147,85228,85436,85654,85564,85463,,
TAB,TAB2201,CTCT,Tauhara,Geo,Geo,2026-06-29,85512,85783,85679,85705,85568,85596,85559,85704,85743,85869,85767,85857,85797,85908,85867,85914,85864,85904,85659,85656,85801,85651,85445,85515,85496,85568,85522,85658,85637,85635,85726,85723,85857,85998,85909,85870,86027,86091,86047,85981,86091,86109,86153,86286,86361,86406,86349,86413,,
TAB,TAB2201,CTCT,Tauhara,Geo,Geo,2026-06-30,86456,86385,86366,86377,86368,86439,86429,86453,86507,86449,86452,86453,86323,86223,86282,86106,85982,85788,85742,85616,85714,85663,85733,85802,85896,85743,85735,85771,85751,85620,85688,85651,85650,85655,85787,85698,85818,85724,85842,85905,86039,85978,86068,86096,86093,86082,86446,86543,,
TGA,TGA0331,POCO,kaimai,Hydro,Hydro,2026-06-01,57,38,16,40,59,57,49,24,17,47,50,42,2795,6414,12072,13623,13697,13656,13705,13670,13604,13590,13590,13632,15184,15278,15472,15435,15509,15468,15471,15491,15432,15452,15290,15294,15309,15284,15305,15315,15304,15324,15343,15344,15331,15331,15337,7836,,
TGA,TGA0331,POCO,kaimai,Hydro,Hydro,2026-06-02,3469,3148,3153,3143,3145,3137,5407,6124,6108,6124,7763,13350,16342,17400,16118,16087,16037,17773,18385,18379,18370,18400,18412,18447,18461,18476,18478,18506,18512,18535,18545,18556,18566,18581,18594,18613,18627,18638,18642,18645,18645,18635,18632,17876,17826,17837,17850,17847,,
TGA,TGA0331,POCO,kaimai,Hydro,Hydro,2026-06-03,16122,15958,16395,16396,16424,16417,16436,16424,16442,16412,16475,16138,16119,16121,16136,16125,16330,16338,16276,16222,16230,16209,16091,16019,16040,16026,16027,16054,16070,16051,17940,18232,18223,18217,18203,18186,18169,18131,18112,17049,16937,16946,16941,16938,16957,16955,16960,16937,,
TGA,TGA0331,POCO,kaimai,Hydro,Hydro,2026-06-04,7999,7210,7204,7202,6906,6805,841,72,70,4061,7774,12339,16917,17896,17903,18779,18806,18792,18772,14060,12217,12229,12214,12228,12251,12265,9424,9166,9176,9170,9174,9176,10414,17340,18826,18827,18813,18808,18798,17537,18232,18636,18631,18610,18599,18194,13245,7130,,
TGA,TGA0331,POCO,kaimai,Hydro,Hydro,2026-06-05,4124,354,74,75,74,73,73,73,71,70,69,66,63,61,5569,12752,14009,14009,13948,13926,13890,15911,15953,15997,15981,15958,15763,15749,15791,15771,15805,15772,15772,15842,15728,15772,15770,15753,15748,15748,16157,16187,16191,16179,16179,16212,16251,16230,,
TGA,TGA0331,POCO,kaimai,Hydro,Hydro,2026-06-06,13044,12450,12331,5739,3658,3658,609,65,2945,3548,5762,6592,6664,8813,9250,11494,12229,13556,15825,16863,17787,17195,17152,17147,17167,17181,17160,17143,17156,17152,17156,17152,17162,17193,17188,17144,17170,17163,17164,17172,17167,17153,17147,17124,17129,17153,17165,13597,,
TGA,TGA0331,POCO,kaimai,Hydro,Hydro,2026-06-07,13061,13068,13083,12151,11970,11980,6703,3167,3072,3073,3080,5557,6457,6707,8717,15016,17307,18520,18613,15989,15561,15537,15564,15568,15528,15404,15355,16037,16050,16075,15959,15847,16645,16640,17801,18726,17002,15846,15820,15828,17538,15492,15463,8487,7255,7249,1030,69,,
TGA,TGA0331,POCO,kaimai,Hydro,Hydro,2026-06-08,68,65,63,61,58,55,3591,5855,5958,5963,11889,12715,17942,18373,18379,18371,18363,18343,18368,16260,15598,15535,15549,15553,15544,15547,15547,15582,15532,15405,15369,15434,15459,15428,15416,15416,15626,15658,15765,15931,15991,15956,15973,8227,6906,806,72,71,,
TGA,TGA0331,POCO,kaimai,Hydro,Hydro,2026-06-09,69,68,68,65,63,61,2036,2796,2792,6679,8686,8791,12136,15229,18310,18383,18492,18500,18491,18478,15807,12436,12998,12984,12979,12976,12978,4731,3545,3177,3102,3089,10032,14508,17802,18423,18386,18349,18341,18332,18302,18201,18312,18385,8082,933,68,67,,
TGA,TGA0331,POCO,kaimai,Hydro,Hydro,2026-06-10,65,63,58,55,55,59,55,52,2550,3591,11450,12710,12764,18394,18681,18511,18503,18492,18479,18480,15653,13165,4732,3533,3531,3528,3534,3534,3533,3539,7825,14514,15302,15341,15350,15746,15787,15809,15813,15789,15785,15770,15828,15802,15803,15837,15854,15842,,
TGA,TGA0331,POCO,kaimai,Hydro,Hydro,2026-06-11,15847,7915,609,61,61,57,54,53,55,54,53,52,4851,12038,17109,18870,18861,17492,17921,17210,17338,15659,15632,7668,7185,7189,3662,3088,3075,3073,3091,10418,14951,15858,15876,15859,15834,15828,15946,16131,16119,16136,15946,15561,15569,15570,8312,7193,,
TGA,TGA0331,POCO,kaimai,Hydro,Hydro,2026-06-12,1286,58,54,55,55,59,60,59,57,53,50,43,38,5334,11916,15655,15758,15736,15744,15710,15667,15666,15686,15712,15707,15680,15700,15686,15696,15717,15728,15695,7166,6203,6220,6214,7485,14079,15739,15722,15729,17568,17397,17258,17291,17302,17318,8456,,
TGA,TGA0331,POCO,kaimai,Hydro,Hydro,2026-06-13,558,56,57,57,56,59,59,56,55,53,51,46,44,42,5097,13850,15727,15724,15701,15708,13698,13694,13667,13685,13676,13673,13796,13949,13871,13908,13866,13880,13902,13876,13841,13813,13800,13812,13815,15905,15928,15921,15939,15943,15759,7791,3932,3607,,
TGA,TGA0331,POCO,kaimai,Hydro,Hydro,2026-06-14,209,56,56,56,55,55,54,52,48,46,2309,3101,3106,3127,5867,11851,13564,13610,13648,13629,13603,13602,13621,13603,13626,13805,13805,13805,13795,13815,13812,13796,13824,13822,13804,13774,13824,13803,13803,13802,16287,16344,16355,16350,16375,16357,16356,6549,,
TGA,TGA0331,POCO,kaimai,Hydro,Hydro,2026-06-15,410,61,60,60,60,59,58,57,57,56,51,51,48,2187,6221,13883,15658,15557,15624,15670,15679,15666,15650,15654,15647,15662,15385,15377,15319,15280,15249,15332,15468,15433,15383,15359,15377,15380,15387,15385,15375,7724,6751,6746,6742,709,59,60,,
TGA,TGA0331,POCO,kaimai,Hydro,Hydro,2026-06-16,59,59,58,57,58,58,56,54,51,48,43,42,3968,7442,11751,13353,12673,12681,12641,13366,13396,13373,11094,10310,10322,10330,13201,13528,13544,13623,13632,13628,13636,13658,13629,14338,14631,13821,13823,13811,13825,7760,6674,6669,6679,722,60,60,,
TGA,TGA0331,POCO,kaimai,Hydro,Hydro,2026-06-17,59,2754,3159,3148,3156,3149,3151,3143,3135,3137,229,48,1234,8174,12194,13317,13335,13397,13635,13853,13793,13766,13816,13890,7890,7159,7144,6869,4122,5355,7168,7176,11373,13613,13586,13367,13358,13860,13882,13858,13868,13858,13888,13982,8338,4150,3501,3497,,
TGA,TGA0331,POCO,kaimai,Hydro,Hydro,2026-06-18,262,57,56,54,52,50,47,44,42,41,38,5724,11710,12368,13951,14060,14085,14078,14076,14093,13123,10578,13569,7350,4064,3617,3615,3622,3629,6078,7237,7235,7498,9594,13473,13945,13917,13911,13905,13924,13911,13890,13989,14030,14071,14073,8367,4418,,
TGA,TGA0331,POCO,kaimai,Hydro,Hydro,2026-06-19,3846,3845,3848,3859,3360,140,51,48,45,39,29,2814,6331,10026,13344,13848,13834,13829,13817,13820,13815,13825,13818,7544,6947,3929,3681,3625,8995,10612,10660,10653,10756,10796,12935,17924,18597,16290,15819,15824,15836,15838,15877,15847,9006,7397,7399,7393,,
TGA,TGA0331,POCO,kaimai,Hydro,Hydro,2026-06-20,4414,4151,4140,818,52,46,45,43,40,32,29,29,3200,6087,11407,13596,13619,13647,13611,13588,13622,13607,13646,13626,13595,13581,13613,13639,13612,13612,13599,14374,15768,17321,17075,13860,13675,16452,16799,17522,17514,17530,8461,7131,7143,3843,376,52,,
TGA,TGA0331,POCO,kaimai,Hydro,Hydro,2026-06-21,60,59,58,57,55,54,42,32,28,47,53,48,37,2464,6618,13433,16352,17258,17282,17280,17273,17276,14060,13633,13680,13466,13442,13418,13423,13424,13420,13428,13408,10699,10616,16235,17532,17523,17492,17432,17446,16548,16516,16509,8405,657,61,61,,
TGA,TGA0331,POCO,kaimai,Hydro,Hydro,2026-06-22,60,61,59,59,58,55,48,42,42,51,52,2269,3119,5780,14467,16428,16203,16068,16045,16045,16066,16028,16027,16007,15992,16029,16045,16056,16061,16075,16067,16072,16068,16082,18355,15961,15646,15653,15570,9750,9132,4392,3653,3642,3642,210,57,56,,
TGA,TGA0331,POCO,kaimai,Hydro,Hydro,2026-06-23,56,55,50,43,42,50,59,58,59,58,57,2435,3055,2972,7287,8607,8599,8602,8589,8585,8594,8580,8596,4603,3061,3064,3069,3066,3060,3059,3070,150,0,0,2319,7528,8565,8590,8589,8596,9559,9582,10460,10555,10546,10548,7648,7179,,
TGA,TGA0331,POCO,kaimai,Hydro,Hydro,2026-06-24,4162,160,0,0,0,0,0,3347,3803,4762,6197,6178,4567,4590,4611,4805,4810,7420,8637,8501,9545,10739,8969,8662,8722,8701,6342,5347,4780,5948,6272,8589,8844,10372,10426,10412,10377,10729,10707,10700,10934,11141,11082,11070,11040,11052,11092,11104,,
TGA,TGA0331,POCO,kaimai,Hydro,Hydro,2026-06-25,11139,11164,11199,11224,11244,11262,11277,11286,11290,11297,10900,10840,10853,10432,10434,10438,10457,10469,10474,10480,10488,10501,10507,10512,10511,10507,10512,10516,10507,10510,10500,10475,10873,10576,15527,16039,16037,16057,16043,16203,16185,16194,16185,16118,15872,15693,15821,15793,,
TGA,TGA0331,POCO,kaimai,Hydro,Hydro,2026-06-26,15753,8335,6607,3597,3131,188,32,31,3398,4034,4121,3896,6724,13875,14123,16022,16057,17363,17407,17428,17410,17411,17444,17459,17466,17460,17445,17430,16945,16542,15249,15187,15530,15557,15572,15570,15571,15543,15565,15568,15362,15207,13670,13243,13239,13377,13546,7326,,
TGA,TGA0331,POCO,kaimai,Hydro,Hydro,2026-06-27,6763,3758,3591,3612,4064,4043,10119,11861,11720,12712,13085,13073,12108,11797,11826,11849,12135,12148,12053,11916,11895,11905,11924,11924,16615,18165,18156,18162,18165,18173,18158,18151,18145,18105,17744,16684,16784,16790,17232,17243,17243,17243,17228,17259,17259,17274,17280,8448,,
TGA,TGA0331,POCO,kaimai,Hydro,Hydro,2026-06-28,1084,76,77,74,72,70,67,65,63,2464,3689,3649,5137,5019,7708,13685,14733,13636,13623,13614,13596,13605,13634,13701,13680,13468,12910,12898,12905,12894,12894,12898,12903,12928,16479,17283,17320,17324,17335,17318,17328,17310,17328,17338,17327,17349,8686,7331,,
TGA,TGA0331,POCO,kaimai,Hydro,Hydro,2026-06-29,935,65,69,71,69,66,63,60,58,2107,5423,8123,11889,12939,16659,17848,17858,17862,17839,17828,17814,17825,14043,12939,12950,12920,12943,12954,12956,12947,12968,12937,12962,12941,12944,12933,13523,13150,13074,13234,13242,15264,15917,7732,6754,3788,3682,942,,
TGA,TGA0331,POCO,kaimai,Hydro,Hydro,2026-06-30,67,65,62,59,59,61,63,61,59,57,53,2393,5452,11468,13063,13056,13085,13074,13072,13079,13112,12359,12257,12266,13664,13617,13601,13592,13596,13576,13577,13591,13609,14858,15386,15447,15404,15416,15433,15407,15420,15416,15469,15447,7643,498,65,65,,
THI,THI2201,CTCT,te_mihi,Geo,Geo,2026-06-01,80570,80461,80517,80438,80364,80396,80295,80366,80525,80420,80530,80565,80944,81185,80959,81139,80985,80715,80434,80136,79955,79962,79795,79872,79904,79863,79824,79845,79893,79943,79903,79886,79936,79931,79913,80072,79904,79875,79892,79934,79669,79550,79626,79645,79632,79663,79681,79661,,
THI,THI2201,CTCT,te_mihi,Geo,Geo,2026-06-02,79635,79686,79680,79686,79638,79641,79525,79471,79359,79489,79527,79433,79455,79984,80217,80113,67348,64599,65213,65214,64546,63888,63726,63636,63553,63599,63755,63903,64058,63909,63573,64266,64651,64281,76094,79701,79680,79911,80405,80597,80402,80600,80848,80906,80963,80986,81144,81323,,
THI,THI2201,CTCT,te_mihi,Geo,Geo,2026-06-03,81321,81435,81499,81358,81267,81248,81567,81690,81739,81750,81723,81740,81691,81498,81500,81702,81397,81288,81106,81672,81862,81976,82023,82059,81497,80208,80928,81262,81167,80814,81240,81567,81768,81959,81929,82033,82016,82043,82153,82169,82133,82279,82332,82289,82377,82395,82423,82383,,
THI,THI2201,CTCT,te_mihi,Geo,Geo,2026-06-04,82352,82313,82407,82343,82369,82307,82432,82307,82148,82298,82386,82374,82306,82372,82690,82691,82272,82085,81836,81809,72122,80155,81763,81792,81566,81239,73308,78750,81386,80894,80812,80845,80956,81405,81472,81405,81289,81196,81144,81163,81049,81005,80957,80233,79818,79743,79594,79774,,
THI,THI2201,CTCT,te_mihi,Geo,Geo,2026-06-05,79818,79761,79581,79659,79838,79789,79608,79589,79713,79891,79807,79708,79557,79548,79705,79856,79963,79884,79959,80041,80002,79833,79797,79921,79847,79892,80032,80090,80077,79913,79756,79629,79530,79581,79747,79604,79362,79520,79631,79813,80022,79983,79990,79833,79697,79767,80016,80548,,
THI,THI2201,CTCT,te_mihi,Geo,Geo,2026-06-06,81253,81312,81087,80657,80321,80089,80055,80081,80272,80459,80712,80851,81225,81205,81419,81283,81297,81449,81122,80855,81053,81049,80986,80868,80706,80727,80881,81035,81124,81340,81764,81743,81490,81254,81352,81322,81409,81653,81805,81842,81995,82196,82107,82124,82041,82040,82026,82100,,
THI,THI2201,CTCT,te_mihi,Geo,Geo,2026-06-07,82144,82049,82000,81981,81795,81888,82106,82182,82144,82200,82260,82027,82023,81754,81740,81826,81759,81795,81792,81786,81688,81591,81608,81655,81904,81960,82176,82187,82242,82374,82300,82189,82194,82080,82096,82162,82157,82194,82284,82376,82368,82421,82411,82463,82547,82624,82653,82621,,
THI,THI2201,CTCT,te_mihi,Geo,Geo,2026-06-08,82664,82529,82546,82445,82410,82291,82233,82070,82119,82315,82219,82041,82061,82172,82199,82098,81955,81737,81527,81471,81254,81276,81111,81045,80992,81007,81425,81438,81175,81189,81076,81442,81590,81502,81610,81714,81606,81532,81683,81404,81257,81255,81239,81214,81261,81394,81493,81579,,
THI,THI2201,CTCT,te_mihi,Geo,Geo,2026-06-09,81635,81509,81522,81564,81587,81613,81717,81843,81885,81958,81924,81986,81961,81943,81792,81990,81912,81896,81840,81760,81665,81746,81682,81665,81657,81706,81778,81981,82151,82136,81916,81802,81845,81897,81992,82001,82148,82445,82373,82642,82750,82787,82524,82477,82687,82634,83009,83157,,
THI,THI2201,CTCT,te_mihi,Geo,Geo,2026-06-10,82994,82663,82601,82900,83013,83035,83006,83073,83055,82992,82835,82636,82332,82911,83014,82902,82869,82818,82786,82885,82882,83020,82967,82924,82836,82734,82819,82782,82556,82548,82549,82098,81984,82107,82262,82127,82206,82037,82126,82095,82128,82374,82658,82662,82495,82548,82618,82629,,
THI,THI2201,CTCT,te_mihi,Geo,Geo,2026-06-11,82716,82650,82831,82387,82362,82425,82764,82852,82787,82612,82564,82546,82597,82751,82783,82737,82761,82826,83051,83008,82851,83044,83100,82927,82818,82725,82735,82794,82754,82638,82579,82523,82369,82389,82221,82303,82396,82491,82566,82712,82586,82410,82232,82300,82491,82681,82694,82712,,
THI,THI2201,CTCT,te_mihi,Geo,Geo,2026-06-12,82710,82767,82703,82679,82598,82836,82831,82591,82533,82512,82423,82472,82453,82301,82258,82267,82119,81961,81922,81735,81590,81717,81782,81841,81880,81916,81939,81981,82004,82019,82040,81835,81866,81764,81782,81801,82211,82110,82236,82206,82165,82317,82384,82469,82521,82619,82628,82667,,
THI,THI2201,CTCT,te_mihi,Geo,Geo,2026-06-13,82747,82562,82446,82452,82417,82434,82397,82304,82469,82495,82544,82328,82236,82411,82573,82600,82618,82530,82462,82554,82568,82624,82600,82676,82492,82348,82238,82168,82073,82040,82061,81857,81781,81764,81694,81900,82102,82265,82253,82361,82321,82409,82367,82494,82525,82476,82449,82434,,
THI,THI2201,CTCT,te_mihi,Geo,Geo,2026-06-14,82505,82524,82536,82065,82056,82124,82053,81951,82163,82222,82108,81949,81943,82080,82087,82096,82154,82040,81713,81460,81497,81570,81605,82204,82129,81969,81814,81403,81265,81348,81280,81402,81331,81335,81346,81595,81664,81542,81613,81464,81260,81202,81280,81438,81501,81460,81618,81575,,
THI,THI2201,CTCT,te_mihi,Geo,Geo,2026-06-15,81529,81670,81724,81778,81946,81811,81728,81675,81708,81725,81901,81813,81809,81707,81634,81724,81735,81204,81033,80803,80704,80664,80759,80579,80460,80441,80574,80674,80776,80886,80572,80751,80821,80838,80835,80828,80863,80934,80936,80880,80832,80894,80827,80500,80468,80601,80726,80739,,
THI,THI2201,CTCT,te_mihi,Geo,Geo,2026-06-16,80592,80709,80799,80791,80879,80847,80791,80853,80793,80640,80350,80230,80329,80362,80543,80558,80667,80649,80725,80770,80638,80623,80556,80491,80553,80799,80915,80810,80879,80883,80732,81234,81411,81553,81762,81540,81412,81727,81846,81886,81859,81947,81982,82106,82224,81991,81926,81942,,
THI,THI2201,CTCT,te_mihi,Geo,Geo,2026-06-17,82037,82057,82120,82073,82081,82080,82137,82222,82206,82142,82101,82233,82190,82026,82021,81903,81953,82026,82130,80841,71826,79977,81995,81700,81592,81494,73933,79912,81336,81283,81153,81493,81753,81991,81929,82045,82186,82282,82363,82277,82145,82318,82311,82314,82348,82453,82402,82468,,
THI,THI2201,CTCT,te_mihi,Geo,Geo,2026-06-18,82480,82469,82494,82528,82545,82533,82585,82607,82570,82395,82454,82413,82292,81982,39013,4,0,0,0,0,0,0,0,0,0,0,0,0,0,0,0,0,0,0,0,0,0,0,0,0,0,0,0,0,0,0,0,0,,
THI,THI2201,CTCT,te_mihi,Geo,Geo,2026-06-19,0,0,0,0,0,0,0,0,0,0,0,0,0,0,0,0,0,0,0,0,0,0,0,0,0,0,0,0,0,0,0,0,0,0,0,0,0,0,0,0,0,0,0,0,0,0,0,0,,
THI,THI2201,CTCT,te_mihi,Geo,Geo,2026-06-20,0,0,0,0,0,0,0,0,0,0,0,0,0,0,0,0,0,0,0,0,0,0,0,0,0,0,0,0,0,0,0,0,0,0,0,0,0,0,0,0,0,0,0,0,0,0,0,0,,
THI,THI2201,CTCT,te_mihi,Geo,Geo,2026-06-21,0,0,0,0,0,0,0,0,0,0,0,0,0,0,0,0,0,0,0,0,0,0,0,0,0,0,0,0,0,0,0,0,0,0,0,0,0,0,0,0,0,0,0,0,0,0,0,0,,
THI,THI2201,CTCT,te_mihi,Geo,Geo,2026-06-22,0,0,0,0,0,0,0,0,0,0,0,0,0,0,0,0,0,0,0,0,0,0,0,0,0,0,0,3031,18991,39753,40076,39876,39941,46793,73609,81069,82122,82397,82424,82540,82948,83567,83795,84400,84008,83558,83525,83558,,
THI,THI2201,CTCT,te_mihi,Geo,Geo,2026-06-23,83536,83545,83571,83545,83560,83595,83639,83672,83722,83673,83666,83648,83604,83599,83587,83589,83462,83452,83474,83451,83474,83624,83526,83300,83134,83085,82990,82878,82782,82796,82598,82547,82589,82459,82478,82514,82505,82508,82516,82523,82465,82466,82426,82283,81869,82014,82250,82294,,
THI,THI2201,CTCT,te_mihi,Geo,Geo,2026-06-24,82252,82226,82339,82288,82293,82285,82317,82180,82212,82079,81861,81991,81915,81772,81674,81772,81813,81707,81848,81778,81852,81746,81723,81810,81857,81868,81776,81440,81718,81818,81838,81918,81964,81998,81855,81741,81635,81789,81954,82200,81942,81583,81340,81490,81375,81364,81499,82035,,
THI,THI2201,CTCT,te_mihi,Geo,Geo,2026-06-25,82171,82050,81726,82016,82112,82096,82274,82393,82428,82453,82472,82466,82459,82483,82521,82541,82389,82121,82035,82042,81955,81889,81791,81819,81852,81793,81748,81836,81907,82023,82275,82416,82247,82584,82617,82432,82064,82445,82829,82932,82857,82523,82778,82837,83000,83013,82774,82677,,
THI,THI2201,CTCT,te_mihi,Geo,Geo,2026-06-26,82621,82612,82549,82647,82695,82864,82843,82913,82895,82864,82884,82857,82611,82721,82683,82683,82214,81389,81351,81262,81152,81085,81052,81069,80996,81047,81060,81898,82228,82249,82272,82203,82572,83081,83068,82988,82793,82468,82456,82465,82846,82777,82694,82770,82773,82775,82844,83169,,
THI,THI2201,CTCT,te_mihi,Geo,Geo,2026-06-27,83207,83082,83376,83571,83435,83282,83153,82854,83163,83201,83068,83157,83296,83225,82970,82969,82703,82438,82054,82079,82043,82086,81918,81868,81606,81528,81772,81702,81712,81726,81753,81601,81493,81574,81864,82029,82400,82584,82723,82727,82503,82497,82531,82363,82162,82051,82155,82234,,
THI,THI2201,CTCT,te_mihi,Geo,Geo,2026-06-28,82299,82359,82132,82116,82373,82738,82464,82552,82509,82546,82379,82355,82055,82037,82402,82507,82423,82252,82416,82450,82189,82330,82113,82240,82087,82097,82073,82352,82207,82243,82592,82206,82378,82312,82632,82696,82923,82933,83082,82953,83125,82972,82809,82690,83106,83110,83224,83248,,
THI,THI2201,CTCT,te_mihi,Geo,Geo,2026-06-29,83378,83274,83393,83543,83288,83224,82871,83251,83631,83293,83338,83245,83390,83135,83302,83448,83189,82991,82862,82889,83015,83019,82831,82700,82464,82689,82797,82665,82675,82713,82939,82740,82845,82987,83024,82665,82949,83077,83197,83345,83416,83226,83211,83225,83280,83030,83431,83588,,
THI,THI2201,CTCT,te_mihi,Geo,Geo,2026-06-30,83445,83440,83284,83378,83493,83521,83531,83574,83616,83715,83838,83791,83735,83693,83330,83445,83423,83490,83225,83230,83132,83202,83305,83207,83262,83151,83189,83128,83164,83278,83209,83396,83496,83390,83471,83402,83665,83644,83674,83804,83873,83986,83502,83519,83509,83514,83654,83745,,
TKA,TKA0111,GENE,tekapo_a,Hydro,Hydro,2026-06-01,0,0,0,0,0,0,0,0,0,0,0,0,0,0,0,3913,9809,11742,12405,12105,11979,11903,11939,11887,12534,13496,13580,13439,13386,13475,13334,13251,13325,13282,13261,13305,12522,12455,13187,12809,11899,11559,12105,12208,12795,7998,4652,4702,,
TKA,TKA0111,GENE,tekapo_a,Hydro,Hydro,2026-06-02,166,0,0,0,0,0,0,0,0,0,0,4260,5742,7066,6223,6056,6181,6274,6209,465,0,0,0,0,0,4710,6488,7128,6093,6014,6266,6358,6191,10333,13018,12564,12370,12157,12145,12096,12050,12073,12168,12129,12428,7882,4757,5529,,
TKA,TKA0111,GENE,tekapo_a,Hydro,Hydro,2026-06-03,6195,6454,6289,6219,6229,6282,6256,6251,6295,6259,6258,6262,10684,13032,12512,12323,12161,12135,7438,4742,5187,6413,6509,6288,6197,6266,6320,6260,6296,6272,6259,6291,6281,10978,13528,13637,13285,12112,11973,12020,12116,12094,12121,12141,12442,7811,4780,5043,,
TKA,TKA0111,GENE,tekapo_a,Hydro,Hydro,2026-06-04,6351,6569,6305,6202,6296,6341,6304,6270,6313,6333,6272,6299,10545,13077,12614,12369,12226,12177,12215,12125,12140,12167,12127,12080,12151,12157,12170,12149,12172,12137,12168,12132,12222,12185,12138,12182,12188,12164,12134,12055,12094,12142,12185,12129,12244,7659,4818,5117,,
TKA,TKA0111,GENE,tekapo_a,Hydro,Hydro,2026-06-05,6387,6557,6277,6169,6301,6308,6279,6205,6314,6273,6331,6337,6217,10645,12965,12496,12405,12279,12214,12298,12145,12225,12181,12225,12184,12243,7787,4827,5155,6449,6576,6305,6281,10934,13166,12711,12406,12307,12290,12263,12226,7521,4823,5170,6454,6600,6374,6263,,
TKA,TKA0111,GENE,tekapo_a,Hydro,Hydro,2026-06-06,10738,13198,12707,7821,4919,5354,10979,13286,12758,12445,12347,12338,12286,12268,12299,12283,12273,12288,12296,12275,12293,12306,12290,12290,12292,12264,12316,12318,12274,12318,12307,12312,12304,12273,12313,12294,12343,12271,12328,12304,12313,12286,12288,12316,12261,12357,12292,12308,,
TKA,TKA0111,GENE,tekapo_a,Hydro,Hydro,2026-06-07,12302,12324,12282,12328,12280,12316,12313,12307,12316,12301,12320,12291,12333,12315,12322,12292,12339,12327,12317,12305,12342,12346,12217,7651,147,0,0,0,0,0,0,0,0,4208,5053,10505,13184,12775,12492,12369,12357,12420,12429,12299,12299,12463,12345,12261,,
TKA,TKA0111,GENE,tekapo_a,Hydro,Hydro,2026-06-08,12271,12304,12371,12347,12314,12382,12339,12404,12358,12264,12278,12313,13726,13949,13947,13951,13960,13940,13220,11731,11963,12100,12244,12283,12287,12308,12406,12262,12341,12376,12397,12347,12291,12420,12234,12351,12351,12321,12326,12346,12330,12336,12351,12392,12308,12312,12367,12330,,
TKA,TKA0111,GENE,tekapo_a,Hydro,Hydro,2026-06-09,12308,12347,12415,12444,12251,12353,12295,12342,12340,12376,12373,12331,12278,13779,13948,13949,13955,13953,13959,13958,13105,11716,12006,12118,12275,12271,12348,12304,12333,12332,12339,12313,12343,12346,12360,12305,12378,12323,12340,12353,12305,12360,12315,12341,12316,12339,12348,12300,,
TKA,TKA0111,GENE,tekapo_a,Hydro,Hydro,2026-06-10,12369,12315,12344,12355,12307,12342,12326,12328,12355,12333,12319,12338,12325,12330,12343,12323,12348,12351,12305,12346,12341,12351,12335,12341,12310,12359,12347,12321,12336,12336,12337,12341,12307,12326,13750,13968,13953,13967,13966,13966,13963,13966,13969,13956,12481,11697,11983,12144,,
TKA,TKA0111,GENE,tekapo_a,Hydro,Hydro,2026-06-11,12255,12299,12299,12314,12314,12332,12323,12340,12308,12318,12314,12640,12897,12773,12570,13491,13816,13327,13013,12761,12729,12320,12091,12210,12250,12294,12321,12319,12317,12330,12346,12310,12334,12299,12319,12275,12331,12309,12335,12289,12303,12337,12299,12287,12335,12296,12317,12339,,
TKA,TKA0111,GENE,tekapo_a,Hydro,Hydro,2026-06-12,12312,12274,12310,12300,12295,12335,12302,12290,12298,12317,12289,12335,12305,12252,12299,12331,12304,12256,12353,12279,12277,12341,12306,12310,12325,12297,12333,12311,12323,12302,12306,12303,12312,12314,12290,12323,12322,12309,12301,12292,12288,12297,12282,12282,12295,12282,12286,12279,,
TKA,TKA0111,GENE,tekapo_a,Hydro,Hydro,2026-06-13,12296,12311,12250,12314,12274,12266,12310,12277,12289,12272,12281,12267,12280,12278,12285,12280,12275,12329,12226,12361,12277,12240,12261,8904,6618,7406,8007,11246,13110,12672,12473,12321,12315,12326,12304,12266,12261,12250,12351,12261,12265,12269,12263,12278,12283,12303,12251,12283,,
TKA,TKA0111,GENE,tekapo_a,Hydro,Hydro,2026-06-14,12263,12292,7591,4935,5371,6582,6724,6486,6394,6478,6434,6529,10899,13862,13943,14129,14303,14298,12817,11694,11871,12103,12200,7701,4978,5433,6629,6855,6306,6228,6463,6531,6487,6496,6489,6412,10925,13198,12734,12482,12352,12249,12296,12276,12272,12301,12312,7601,,
TKA,TKA0111,GENE,tekapo_a,Hydro,Hydro,2026-06-15,9953,12601,12648,12446,12355,12286,12281,12228,12294,12240,12150,12095,12129,12282,12176,12364,12249,12296,12345,12289,12281,12203,12393,12251,12237,12262,12251,12301,12273,12267,12287,12257,12282,12287,12267,12286,12281,12257,12281,12268,12255,12305,12243,12238,12285,12259,12302,12226,,
TKA,TKA0111,GENE,tekapo_a,Hydro,Hydro,2026-06-16,12279,12286,12239,12269,12263,12273,12286,12264,12280,12259,12241,12276,12242,13693,14203,14057,14006,13897,13871,13872,13836,13830,13807,13848,13833,13844,13816,12418,11596,11912,12091,12196,12259,12236,12272,12259,12247,12273,12269,12266,12260,12291,12320,12250,12197,12264,12301,12293,,
TKA,TKA0111,GENE,tekapo_a,Hydro,Hydro,2026-06-17,11316,11184,11313,11429,11311,11342,11465,11421,11382,11384,11402,11386,11447,12179,13880,14240,14074,14004,13909,13845,13851,12386,11694,11857,12069,12225,12147,12303,12211,12267,12261,12263,12263,12197,12303,12264,12293,12255,12278,12267,12255,12270,12230,12278,12262,12225,12256,12238,,
TKA,TKA0111,GENE,tekapo_a,Hydro,Hydro,2026-06-18,12259,12237,12235,12250,12259,12230,12241,12228,12257,12269,12209,12238,12233,12294,12213,12270,12276,12268,12231,12228,12288,12270,12228,12247,12214,12236,12232,12250,12229,12263,12231,12222,12292,12224,12249,12233,12230,12264,12243,12251,12236,12233,12251,12262,12223,12232,12242,12222,,
TKA,TKA0111,GENE,tekapo_a,Hydro,Hydro,2026-06-19,12227,12257,12208,12250,12215,12211,12242,12202,12229,12244,12232,12209,12254,12251,12218,12234,12256,12224,12273,12225,12208,12246,12248,12191,12229,12294,12225,12227,12088,12317,12325,12218,12204,12224,12243,12204,12202,12235,12211,12241,12240,12246,12187,12230,12264,12185,12233,12172,,
TKA,TKA0111,GENE,tekapo_a,Hydro,Hydro,2026-06-20,12220,12234,12218,12227,12240,12111,12267,12227,12214,12234,12235,12117,12277,12193,12196,12203,12256,12184,12214,12146,12171,12141,12175,12193,12283,12151,12179,12119,12142,12120,12182,12172,12155,12203,12172,12184,12241,12248,12248,12173,12273,12218,12224,12269,12225,12217,12244,12301,,
TKA,TKA0111,GENE,tekapo_a,Hydro,Hydro,2026-06-21,12264,12248,7507,4819,5201,6486,6627,6363,6295,6348,6457,6393,6350,6382,10771,13254,12752,12509,12425,12348,12357,12336,12317,12349,12345,12326,12336,12311,12323,12343,12341,12348,12347,12355,12371,12352,12353,12355,12367,12352,12363,12336,12366,12353,12354,12357,12362,12360,,
TKA,TKA0111,GENE,tekapo_a,Hydro,Hydro,2026-06-22,12355,12350,12365,12358,12373,12359,12372,12352,12381,12359,12364,12364,12387,12384,12392,12405,12374,12385,12399,12372,12408,12373,12373,12395,12380,12411,12389,12406,12374,12372,12384,12412,12395,12403,12366,12378,12401,12393,12392,12380,12414,12390,12418,12384,12393,12393,12389,12377,,
TKA,TKA0111,GENE,tekapo_a,Hydro,Hydro,2026-06-23,12436,12367,12389,12382,12409,12376,12406,12386,12399,12374,12407,12368,12409,12407,12589,12557,12377,12370,12393,12385,12391,12405,12403,13819,14288,14177,14054,14014,13983,13934,13942,13953,13918,13943,13942,13934,13907,13952,13916,13931,13934,13910,13900,13962,13906,13939,13922,13900,,
TKA,TKA0111,GENE,tekapo_a,Hydro,Hydro,2026-06-24,13944,13908,12473,11803,12061,12238,12323,12356,12376,12368,12397,12384,12390,13804,14275,14163,14072,14011,13954,13979,13907,13938,13954,13930,13914,13932,13928,13918,13918,13942,13940,13928,13893,13934,13917,13915,13943,13902,13921,13888,13841,13941,13973,13956,13919,13893,13875,13942,,
TKA,TKA0111,GENE,tekapo_a,Hydro,Hydro,2026-06-25,12474,11816,12055,12252,12291,12387,12355,12388,12380,12390,12381,12374,12388,12590,13908,14280,14143,14043,13961,13950,13920,13922,13865,13927,13908,13899,13962,13926,13942,13940,13875,13888,13954,13941,13890,13898,13930,13905,13907,13896,13950,13902,13905,13902,13922,13923,13801,13447,,
TKA,TKA0111,GENE,tekapo_a,Hydro,Hydro,2026-06-26,12480,12404,12904,12462,12180,12283,12293,12351,12357,12420,13057,13289,14029,14180,14043,13984,13941,13928,13895,13916,13895,13907,13882,13905,13894,13877,13897,13889,13880,13901,13898,13898,13877,13892,13903,13872,13893,13876,13868,13907,13871,13893,13872,13887,13860,13881,13892,13856,,
TKA,TKA0111,GENE,tekapo_a,Hydro,Hydro,2026-06-27,12726,11891,11982,12186,12256,12350,12313,12346,12348,12353,12365,12343,12341,12352,12353,12367,13023,12745,12294,12265,12320,12698,13148,12451,12209,12297,12323,12344,12334,12347,12355,12342,12383,12398,12371,12317,12375,12359,12346,12372,12343,12362,12613,12395,12470,12381,12305,12361,,
TKA,TKA0111,GENE,tekapo_a,Hydro,Hydro,2026-06-28,12304,12348,12322,12354,12330,12324,12334,12354,12353,12289,12396,12324,12370,12301,12346,12358,12334,12357,12339,12376,12315,12346,12346,12350,12344,12350,12314,12330,12369,12342,12359,12335,12358,12435,12609,13293,13776,12813,12208,12168,12237,12283,12311,12778,12682,12306,12243,12301,,
TKA,TKA0111,GENE,tekapo_a,Hydro,Hydro,2026-06-29,12348,12314,12321,12297,12370,12333,12313,12308,12569,12477,12299,12298,12712,13020,12959,12846,13848,13669,13415,13472,13241,12733,12130,12089,12212,12269,12306,12316,12295,12318,12317,12320,12920,13258,13697,14002,12847,11957,12441,12512,13204,13282,13169,12959,12379,12361,12623,12753,,
TKA,TKA0111,GENE,tekapo_a,Hydro,Hydro,2026-06-30,12228,12268,13479,13464,13079,12703,12136,12169,13203,13912,13499,13531,13633,13892,13881,13880,13828,13872,13864,13851,13429,13054,12157,11867,12084,12207,12255,12274,12334,12262,12418,12737,13145,12966,13308,13993,14006,13926,13870,13845,13818,13813,13779,13775,13696,13706,13795,13782,,
TKB,TKB2201,GENE,tekapo_b,Hydro,Hydro,2026-06-01,0,0,0,0,0,0,0,0,0,0,0,0,0,0,0,26670,61571,62996,63021,63001,63000,62999,63001,63009,69926,75008,74997,74996,75004,74996,75000,75011,74984,74999,74133,74905,67200,70217,73997,69002,63740,63000,66453,64244,70243,33618,30999,31001,,
TKB,TKB2201,GENE,tekapo_b,Hydro,Hydro,2026-06-02,1153,0,0,0,0,0,0,0,0,0,0,25394,31059,33619,31070,31001,31000,31006,30998,2417,0,0,0,0,0,26817,33179,32793,31010,30997,30997,31001,30996,57430,62508,62982,63011,62994,62999,62997,63001,62998,63020,62998,65060,33453,31003,32912,,
TKB,TKB2201,GENE,tekapo_b,Hydro,Hydro,2026-06-03,31006,30999,31003,31001,31000,31000,31000,30997,31009,30995,31006,30996,58906,62506,62507,62496,62490,62509,31531,31001,30997,31001,31001,31000,31003,30998,31003,31002,30997,31001,31005,30996,31003,61337,68461,70366,65187,62629,62498,62498,62504,62495,62511,62495,64621,33211,31003,31000,,
TKB,TKB2201,GENE,tekapo_b,Hydro,Hydro,2026-06-04,30998,31001,31000,30998,31002,31002,30998,30999,30999,30997,31009,30999,57833,62506,62503,62499,62498,62496,62496,62507,62487,62506,62495,62506,62502,62503,62488,62504,62500,62508,62488,62500,62493,62501,62532,62476,62498,62508,62497,62496,62503,62493,62503,62497,62508,32723,31001,31000,,
TKB,TKB2201,GENE,tekapo_b,Hydro,Hydro,2026-06-05,31001,30994,31004,31000,31001,30995,31021,30994,31003,30993,31032,31005,31001,58033,62511,62509,62488,62521,62491,62492,62498,62507,62503,62501,62487,62499,33005,30999,31002,30998,31005,30995,31003,59575,62472,62505,62500,62493,62495,62503,62485,31514,30992,31003,30998,31002,31009,31004,,
TKB,TKB2201,GENE,tekapo_b,Hydro,Hydro,2026-06-06,58565,62494,62510,31714,31000,31005,59233,62492,62502,62479,62508,62502,62490,62502,62499,62504,62499,62493,62526,62483,62494,62500,62499,62495,62509,62502,62494,62498,62497,62498,62504,62495,62510,62493,62510,62486,62506,62498,62496,62505,62497,62499,62502,62500,62495,62500,62506,62496,,
TKB,TKB2201,GENE,tekapo_b,Hydro,Hydro,2026-06-07,62497,62504,62498,62503,62493,62501,62499,62496,62501,62492,62508,62500,62493,62501,62494,62506,62499,62497,62508,62497,62498,62502,62497,31709,935,0,0,0,0,0,0,0,0,26649,31001,58678,62501,62499,62498,62503,62493,62506,62510,62494,62493,62502,62499,62518,,
TKB,TKB2201,GENE,tekapo_b,Hydro,Hydro,2026-06-08,62490,62529,62471,62508,62491,62504,62500,62497,62496,62500,62498,62528,74063,74492,74502,74501,74498,74489,62668,62496,62517,62482,62504,62497,62505,62490,62500,62510,62505,62491,62463,62539,62503,62516,62489,62492,62493,62508,62499,62489,62518,62485,62504,62504,62499,62499,62502,62506,,
TKB,TKB2201,GENE,tekapo_b,Hydro,Hydro,2026-06-09,62511,62497,62488,62497,62503,62503,62496,62493,62502,62499,62500,62484,62502,74434,74489,74492,74496,74509,74497,74501,62586,62503,62502,62493,62506,62468,62516,62494,62493,62489,62518,62496,62501,62504,62515,62480,62511,62497,62503,62500,62493,62494,62500,62501,62504,62503,62494,62503,,
TKB,TKB2201,GENE,tekapo_b,Hydro,Hydro,2026-06-10,62504,62501,62490,62494,62512,62492,62498,62497,62491,62494,62508,62498,62514,62503,62495,62495,62495,62502,62500,62503,62497,62495,62499,62500,62497,62498,62501,62499,62500,62498,62503,62505,62483,62500,74444,74502,74488,74503,74500,74493,74502,74497,74508,74494,62531,62492,62504,62501,,
TKB,TKB2201,GENE,tekapo_b,Hydro,Hydro,2026-06-11,62497,62503,62496,62498,62499,62500,62497,62498,62511,62505,62511,65564,66469,64461,64624,72549,72891,66531,68819,65586,67382,62500,62500,62499,62495,62502,62504,62505,62492,62491,62526,62483,62495,62494,62518,62482,62504,62493,62495,62500,62491,62508,62517,62493,62502,62491,62509,62491,,
TKB,TKB2201,GENE,tekapo_b,Hydro,Hydro,2026-06-12,62517,62498,62489,62512,62482,62489,62491,62518,62514,62516,62482,62497,62514,62494,62483,62498,62512,62486,62516,62495,62497,62499,62499,62505,62496,62500,62503,62491,62500,62497,62496,62493,62510,62491,62491,62512,62502,62502,62502,62498,62497,62502,62501,62497,62499,62499,62499,62498,,
TKB,TKB2201,GENE,tekapo_b,Hydro,Hydro,2026-06-13,62501,62508,62490,62499,62507,62499,62497,62502,62498,62491,62504,62498,62505,62495,62506,62486,62502,62502,62501,62498,62499,62502,62495,38899,38500,38498,38499,59650,62497,62511,62490,62500,62505,62490,62496,62504,62493,62507,62498,62497,62502,62499,62501,62502,62498,62507,62492,62502,,
TKB,TKB2201,GENE,tekapo_b,Hydro,Hydro,2026-06-14,62502,62498,32109,31499,31499,31500,31499,31499,31503,31500,31507,31498,59041,73611,74503,73833,73593,74610,62815,62501,62496,62507,62492,32518,31505,31496,31500,31500,31501,31501,31503,31496,31500,31500,31498,31497,59312,62504,62496,62498,62498,62497,62506,62503,62505,62498,62487,32204,,
TKB,TKB2201,GENE,tekapo_b,Hydro,Hydro,2026-06-15,59680,62504,62506,62500,62497,62507,62498,62491,62496,62494,62495,62513,62558,62495,62511,62494,62498,62503,62500,62495,62498,62501,62502,62502,62502,62498,62495,62495,62507,62496,62497,62499,62512,62503,62488,62489,62506,62501,62499,62495,62494,62502,62497,62501,62500,62498,62498,62494,,
TKB,TKB2201,GENE,tekapo_b,Hydro,Hydro,2026-06-16,62506,62497,62493,62497,62509,62490,62501,62502,62508,62488,62444,62543,62535,74280,74914,74994,75003,75015,74982,75005,74991,75004,74997,75000,74997,75023,74986,62691,62503,62499,62506,62492,62503,62501,62505,62488,62503,62500,62501,62500,62496,62496,62510,62508,62497,62492,62499,62499,,
TKB,TKB2201,GENE,tekapo_b,Hydro,Hydro,2026-06-17,56584,56493,56502,56498,56505,56510,56496,56493,56503,56499,56509,56503,56602,62541,74400,74935,75003,75019,74978,75005,74981,62714,62533,62520,62503,62545,62473,62493,62507,62493,62518,62497,62496,62487,62498,62498,62491,62510,62498,62500,62494,62503,62505,62501,62501,62507,62493,62499,,
TKB,TKB2201,GENE,tekapo_b,Hydro,Hydro,2026-06-18,62498,62501,62495,62507,62493,62501,62499,62490,62523,62492,62530,62489,62623,62474,62498,62495,62509,62502,62497,62497,62492,62500,62509,62490,62495,62505,62500,62513,62489,62508,62497,62497,62498,62503,62501,62492,62497,62503,62498,62503,62490,62472,62548,62487,62493,62499,62503,62493,,
TKB,TKB2201,GENE,tekapo_b,Hydro,Hydro,2026-06-19,62499,62508,62472,62500,62525,62499,62508,62493,62489,62502,62497,62534,62514,62484,62500,62506,62500,62504,62491,62503,62496,62499,62500,62500,62498,62498,62504,62497,62500,62501,62503,62490,62496,62495,62511,62494,62499,62501,62494,62497,62504,62497,62503,62498,62513,62486,62505,62497,,
TKB,TKB2201,GENE,tekapo_b,Hydro,Hydro,2026-06-20,62501,62507,62491,62515,62478,62502,62493,62510,62491,62486,62516,62613,62526,62528,62491,62500,62496,62506,62493,62492,62501,62506,62502,62502,62484,62501,62473,62525,62497,62497,62504,62492,62500,62493,62502,62496,62502,62501,62498,62498,62495,62505,62496,62497,62502,62502,62489,62506,,
TKB,TKB2201,GENE,tekapo_b,Hydro,Hydro,2026-06-21,62493,62508,31465,31000,31000,31000,31000,31000,30998,31005,30999,30998,31007,30997,58305,62505,62498,62499,62509,62500,62498,62493,62493,62499,62506,62501,62504,62498,62502,62498,62502,62496,62499,62494,62491,62500,62501,62492,62502,62496,62506,62494,62502,62493,62497,62508,62491,62495,,
TKB,TKB2201,GENE,tekapo_b,Hydro,Hydro,2026-06-22,62512,62499,62493,62500,62503,62497,62496,62498,62495,62503,62488,62506,62528,62497,62491,62498,62498,62507,62492,62501,62499,62498,62497,62504,62496,62505,62494,62499,62498,62500,62505,62500,62496,62487,62502,62483,62506,62503,62500,62496,62496,62499,62518,62497,62505,62493,62505,62493,,
TKB,TKB2201,GENE,tekapo_b,Hydro,Hydro,2026-06-23,62519,62488,62498,62499,62503,62497,62503,62498,62499,62492,62497,62493,62507,62493,64305,62853,62489,62505,62500,62493,62503,62496,62505,74202,74503,74500,74491,74517,74498,74492,74504,74490,74497,74504,74500,74495,74496,74501,74498,74502,74499,74498,74499,74503,74497,74502,74495,74504,,
TKB,TKB2201,GENE,tekapo_b,Hydro,Hydro,2026-06-24,74496,74497,62506,62495,62497,62495,62504,62500,62508,62488,62497,62502,62503,74076,74505,74501,74489,74497,74502,74500,74499,74504,74489,74500,74504,74505,74493,74495,74496,74504,74508,74493,74484,74522,74492,74496,74509,74493,74507,74498,74499,74492,74501,74501,74495,74501,74500,74497,,
TKB,TKB2201,GENE,tekapo_b,Hydro,Hydro,2026-06-25,62605,62509,62492,62500,62499,62505,62506,62498,62494,62492,62493,62496,62519,64286,74480,74528,74513,74488,74489,74497,74498,74501,74499,74495,74490,74511,74506,74495,74504,74506,74508,74471,74499,74510,74495,74509,74490,74513,74489,74508,74504,74513,74507,74516,74512,74500,73848,70272,,
TKB,TKB2201,GENE,tekapo_b,Hydro,Hydro,2026-06-26,64366,65918,67583,63207,62500,62510,62495,62497,62499,62818,68309,67954,74679,74483,74500,74509,74502,74499,74501,74497,74495,74508,74496,74501,74496,74500,74505,74494,74505,74496,74503,74496,74496,74501,74503,74490,74499,74498,74504,74506,74495,74501,74501,74503,74500,74505,74501,74495,,
TKB,TKB2201,GENE,tekapo_b,Hydro,Hydro,2026-06-27,64341,62969,62494,62498,62498,62494,62498,62503,62501,62498,62503,62502,62497,62497,62512,62492,68411,62648,62496,62579,62499,65240,67396,62497,62501,62498,62496,62503,62500,62499,62498,62507,62489,62497,62502,62493,62501,62499,62504,62495,62496,62499,64225,62520,63730,62505,62489,62503,,
TKB,TKB2201,GENE,tekapo_b,Hydro,Hydro,2026-06-28,62506,62502,62499,62503,62485,62511,62496,62475,62533,62496,62495,62508,62493,62496,62497,62496,62499,62499,62498,62502,62498,62501,62496,62498,62510,62493,62492,62507,62509,62494,62497,62505,62490,63466,64514,70466,70993,64376,62843,62750,62497,62500,62501,65842,64353,62503,62505,62497,,
TKB,TKB2201,GENE,tekapo_b,Hydro,Hydro,2026-06-29,62515,62482,62507,62490,62513,62503,62502,62495,64853,62498,62499,62515,66397,66698,66362,66075,74507,70705,70562,71577,68945,66423,63077,62500,62503,62495,62494,62502,62506,62492,62507,62483,68137,68140,72070,73982,64351,62502,65385,64616,69422,68770,69015,66343,64167,64341,65747,65143,,
TKB,TKB2201,GENE,tekapo_b,Hydro,Hydro,2026-06-30,62504,62845,72540,68228,68972,64518,62497,63105,70648,72986,70441,71825,72469,74190,74414,74512,74514,74728,74809,74661,71175,69213,63313,62501,62498,62503,62495,62498,62505,62497,63478,66070,67684,67033,70391,74512,74527,74695,74500,74498,74499,74498,74515,73983,73987,73821,74996,73992,,
TKU,TKU2201,GENE,tokaanu,Hydro,Hydro,2026-06-01,0,0,0,0,0,0,0,0,0,0,0,0,0,1,0,0,0,0,0,0,0,0,0,0,0,0,0,0,0,0,0,0,22932,46428,69553,70545,70523,70509,70494,47905,47136,24371,23575,1076,0,0,0,0,,
TKU,TKU2201,GENE,tokaanu,Hydro,Hydro,2026-06-02,0,0,21380,23484,23578,23556,45545,47078,46962,47252,46616,47752,63843,70723,70405,93364,94117,94169,93940,94096,93912,93233,92827,90145,94158,93919,94101,94003,77998,80315,92776,94197,93933,106103,103692,120363,120076,120022,98210,94052,93991,71474,83268,70833,48405,47134,46978,47001,,
TKU,TKU2201,GENE,tokaanu,Hydro,Hydro,2026-06-03,47191,47155,46989,47070,47124,46953,47008,47149,47129,47097,47039,46983,64832,60844,92424,118478,119885,120060,120004,119963,92005,89915,90092,89978,89993,90073,90020,89923,90029,90020,89670,85054,84988,83801,87126,88882,118027,119964,119949,119979,120038,96636,71572,70576,70516,70561,48018,24772,,
TKU,TKU2201,GENE,tokaanu,Hydro,Hydro,2026-06-04,526,0,0,0,0,0,0,0,0,0,0,21283,23698,46223,69555,70582,70770,70616,70670,70613,48245,47044,47060,24652,23526,23579,23528,22485,23664,23521,46328,47037,68915,70634,94916,93700,94735,94872,93925,94038,94037,94118,71651,70607,49349,47195,47131,24178,,
TKU,TKU2201,GENE,tokaanu,Hydro,Hydro,2026-06-05,23994,637,0,0,0,0,0,0,0,0,0,20687,64891,70803,70510,92972,94048,94288,72005,70486,70561,48220,47026,47065,47056,47024,86605,94125,94236,93950,93968,94106,94025,118607,119963,119971,119970,119988,119929,120104,96550,94580,94175,94222,93910,94350,94592,93105,,
TKU,TKU2201,GENE,tokaanu,Hydro,Hydro,2026-06-06,50246,57432,49369,57752,51757,46871,25818,19652,21612,19454,21169,19967,18812,16992,21415,21651,20396,20169,21508,38688,39486,39501,39576,39492,39644,39559,39570,39492,39586,39529,39922,39364,39727,62300,85542,86567,86610,86512,86543,63710,64420,39355,39411,20415,20068,20032,20048,20006,,
TKU,TKU2201,GENE,tokaanu,Hydro,Hydro,2026-06-07,19989,20085,19994,20005,20034,20010,20027,20000,20016,19986,20050,20007,19993,23483,44350,46914,49442,49349,49509,47051,47107,46981,2248,0,0,0,0,0,0,0,0,22681,23661,67512,93333,117923,119969,119973,96367,71291,24866,628,1,2,0,0,0,0,,
TKU,TKU2201,GENE,tokaanu,Hydro,Hydro,2026-06-08,0,0,0,0,0,0,0,0,0,0,0,20090,45832,69037,92887,94195,93944,93994,71738,48724,47090,24344,23574,872,0,0,0,0,0,0,0,0,0,20909,44913,69732,93120,94276,71599,70543,48384,24387,23564,23571,23513,23534,23549,23584,,
TKU,TKU2201,GENE,tokaanu,Hydro,Hydro,2026-06-09,1592,0,0,0,0,0,0,0,0,19551,23579,23487,44262,69783,93389,118306,119936,97071,71539,48074,47091,46993,24252,23574,23529,1085,0,0,0,0,0,22573,23608,44936,90294,118430,120004,119981,120021,119973,96764,71615,70661,47981,24292,23718,23525,23616,,
TKU,TKU2201,GENE,tokaanu,Hydro,Hydro,2026-06-10,1032,0,0,0,0,0,0,0,0,0,0,0,19434,66930,93500,118479,119944,120015,76463,70566,48460,24458,23636,825,0,0,0,0,0,1,0,22827,45782,69738,93521,118483,119927,120002,119985,119985,96803,71433,70688,48084,24314,611,0,0,,
TKU,TKU2201,GENE,tokaanu,Hydro,Hydro,2026-06-11,0,0,0,0,0,0,0,0,0,0,0,20461,45231,69336,93342,118372,119985,119975,96432,71457,49943,47023,24412,23500,23505,511,0,1,0,0,0,20182,23523,46192,90956,117949,119941,119988,119963,96814,71588,70627,48165,47083,24555,23629,23620,1581,,
TKU,TKU2201,GENE,tokaanu,Hydro,Hydro,2026-06-12,0,0,0,0,0,0,0,0,0,0,0,1,21561,23320,67397,93262,94020,94059,75166,93576,90614,48924,47020,1076,0,0,0,0,0,0,0,22955,44672,69917,93907,94231,94001,94051,71369,70629,70480,70531,48186,47093,47050,47101,24805,23527,,
TKU,TKU2201,GENE,tokaanu,Hydro,Hydro,2026-06-13,1080,0,0,0,0,0,0,0,0,0,0,0,1,21959,23616,45722,47028,47060,47033,47000,47010,47046,47001,47084,24567,23563,23488,546,0,0,0,20450,45179,69122,70720,70552,70558,70584,70523,70551,70560,47805,24344,23530,23524,23535,629,0,,
TKU,TKU2201,GENE,tokaanu,Hydro,Hydro,2026-06-14,0,0,0,0,0,0,0,0,0,0,0,1,5527,3995,37055,39512,46868,47141,47231,47134,47140,24772,23661,23594,23643,23550,23582,23554,23601,23638,23616,45887,69767,92953,94094,116443,96674,71130,70571,70450,70545,70541,48622,47039,24561,489,0,0,,
TKU,TKU2201,GENE,tokaanu,Hydro,Hydro,2026-06-15,0,0,0,0,0,0,0,0,0,0,1,20834,35988,60004,63084,86178,86525,86589,86725,86535,64138,63083,41341,20587,20090,20000,20026,19992,20013,20063,38631,39547,39608,62336,63116,81785,84362,85615,87589,86395,86579,86627,86715,64229,40722,39591,20648,20015,,
TKU,TKU2201,GENE,tokaanu,Hydro,Hydro,2026-06-16,20070,572,0,0,0,0,0,0,0,0,1,20993,20584,38598,62380,85671,86585,87891,86283,86941,86654,86552,86193,86206,86820,86783,86471,64142,63302,62055,64680,62013,63355,64294,63421,85351,87580,85637,84635,93525,71619,70520,70765,48078,24773,23609,23559,765,,
TKU,TKU2201,GENE,tokaanu,Hydro,Hydro,2026-06-17,0,0,0,0,0,0,0,0,0,0,0,0,22570,46373,69573,93123,94195,94078,94034,72369,70542,64496,41057,39640,39736,39960,39822,46502,47022,46976,47124,68411,70781,90691,94026,94085,93981,94180,93895,94121,94055,93940,94319,50472,24924,23540,23511,1140,,
TKU,TKU2201,GENE,tokaanu,Hydro,Hydro,2026-06-18,0,0,0,0,0,0,0,0,0,0,0,0,22608,44835,68323,93145,94153,93966,94064,94173,71436,47852,47049,24111,23561,23492,20575,19879,20060,20051,20110,38899,60827,92678,94245,93855,94218,93945,94106,94086,93968,94073,72169,48184,24826,23579,23487,971,,
TKU,TKU2201,GENE,tokaanu,Hydro,Hydro,2026-06-19,0,0,0,2,0,0,0,0,0,0,0,20369,45323,69717,93973,94295,93971,94578,94238,93886,72510,47887,24558,24122,23570,23480,23541,23549,23485,23491,23572,23478,45462,91431,94381,115028,101192,94081,94031,93994,93995,86740,64393,40066,20836,20150,20064,20035,,
TKU,TKU2201,GENE,tokaanu,Hydro,Hydro,2026-06-20,20496,22168,21228,20850,19130,18671,17413,21374,18832,20369,20268,19837,18877,16855,20138,20069,20027,37414,36879,38122,40325,37107,40427,26092,18619,26276,19145,23952,34542,37926,40898,39245,42474,70325,86381,99966,96176,86220,65233,38830,37200,37948,38880,37850,20972,20054,20047,20022,,
TKU,TKU2201,GENE,tokaanu,Hydro,Hydro,2026-06-21,19995,394,0,0,0,0,0,0,0,0,0,0,19345,20052,20026,21158,20078,38703,62736,63094,63051,62979,63132,63014,64198,40861,39658,39558,39640,39501,39587,39516,39741,61089,86419,86510,86635,86393,64410,64789,63781,63098,63214,62966,40861,39600,39563,34742,,
TKU,TKU2201,GENE,tokaanu,Hydro,Hydro,2026-06-22,22986,18318,19116,20280,19407,20251,22133,21460,20597,22090,18359,18428,38275,62031,85831,86515,86551,86671,64432,63140,63058,41195,20784,20128,22137,19865,20036,20035,20094,20009,20041,19959,38930,62007,85215,117423,119961,119961,120013,119977,89858,86640,62435,62874,63181,40514,39660,20469,,
TKU,TKU2201,GENE,tokaanu,Hydro,Hydro,2026-06-23,22045,932,0,0,0,0,0,0,0,0,1,34328,78581,108969,120117,120007,119992,120045,85061,85912,89115,71580,75069,63688,68534,68256,69606,70237,70463,64008,64672,62295,84486,106918,107351,108309,104725,119632,119992,119968,89114,86430,86625,86521,64733,40467,39635,24142,,
TKU,TKU2201,GENE,tokaanu,Hydro,Hydro,2026-06-24,23558,611,0,0,0,0,0,0,0,0,0,20470,38709,59330,85638,87123,86424,86630,64165,66095,63172,63093,63063,63189,63384,40928,40853,39478,39553,39515,39628,47335,58127,80457,93534,107929,119330,119965,120070,120002,119994,119901,90258,64556,63028,40732,39542,47048,,
TKU,TKU2201,GENE,tokaanu,Hydro,Hydro,2026-06-25,47129,24382,23605,23489,23523,27324,28591,28504,28555,28502,49341,47287,62725,85395,116464,120191,120047,90794,64370,61338,63176,65036,63222,40568,39525,39516,39760,39511,39527,39624,61723,85273,86753,86503,117548,119968,120005,120026,88590,83983,86471,86662,86821,64454,63248,41491,39724,23948,,
TKU,TKU2201,GENE,tokaanu,Hydro,Hydro,2026-06-26,23631,785,0,0,0,0,0,0,0,0,1,22612,45150,71810,74226,94754,117164,119976,120033,96521,71378,48153,47027,47005,47110,47056,47105,47018,47249,69427,70507,93388,94021,94061,94029,94458,102718,94165,93975,94137,93927,94125,94013,71527,70630,47934,47189,46968,,
TKU,TKU2201,GENE,tokaanu,Hydro,Hydro,2026-06-27,47083,24917,813,0,0,0,0,0,0,0,0,0,0,0,0,19748,68250,70559,70453,70561,70686,71516,69213,68675,35173,23614,24022,449,0,0,0,832,37681,45455,69743,93426,94098,93951,71798,70639,70457,48009,47054,24361,23616,23564,23551,23479,,
TKU,TKU2201,GENE,tokaanu,Hydro,Hydro,2026-06-28,23525,929,0,0,0,0,0,0,0,0,0,0,0,1,22985,46560,69759,47802,47090,46958,47026,46998,47095,47086,47075,47065,46987,24358,23558,23497,45311,47063,47034,69609,70502,70595,70471,70632,70480,70544,70576,70484,70587,72650,70540,48384,47189,24289,,
TKU,TKU2201,GENE,tokaanu,Hydro,Hydro,2026-06-29,23607,742,0,0,0,0,0,0,0,0,20643,45102,69264,70782,92798,94225,94069,94020,94202,71661,70710,70478,48073,24687,945,0,0,0,0,0,0,0,20375,38626,62575,83038,85694,86617,84636,88621,86358,71111,70753,70482,48042,24308,23590,23565,,
TKU,TKU2201,GENE,tokaanu,Hydro,Hydro,2026-06-30,23510,714,0,0,0,0,0,0,0,0,22960,44996,75671,68693,90613,116626,117793,113840,86813,64147,70528,70534,47880,24420,23496,23556,23471,23522,23511,23504,23514,23512,23553,57191,85929,113327,119985,119997,120014,120012,90243,86570,86835,63985,63014,41433,55976,47028,,
TUI,TUI1101,EAST,waikaremoana,Hydro,Hydro,2026-06-01,0,0,0,0,0,0,0,0,0,0,0,0,0,0,0,0,0,0,0,0,0,0,0,0,0,0,0,0,0,0,0,0,0,0,0,0,0,0,0,0,0,0,0,0,0,0,0,0,,
TUI,TUI1101,EAST,waikaremoana,Hydro,Hydro,2026-06-02,0,0,0,0,0,0,0,0,0,0,0,0,0,0,0,0,0,0,0,0,0,0,0,0,0,0,0,0,0,0,1,0,0,0,0,0,0,0,0,0,0,0,0,0,0,0,0,0,,
TUI,TUI1101,EAST,waikaremoana,Hydro,Hydro,2026-06-03,0,0,0,0,0,0,0,0,0,0,0,0,0,0,0,0,0,0,0,0,0,0,0,0,0,0,0,0,0,0,0,0,0,0,0,0,0,0,0,0,0,0,0,0,0,0,0,0,,
TUI,TUI1101,EAST,waikaremoana,Hydro,Hydro,2026-06-04,0,0,0,0,0,0,0,0,0,0,0,0,0,0,0,0,0,0,0,0,0,0,0,0,0,0,0,0,0,0,0,0,0,0,0,0,0,0,0,0,0,0,0,0,0,0,0,0,,
TUI,TUI1101,EAST,waikaremoana,Hydro,Hydro,2026-06-05,0,0,0,0,0,0,0,0,0,0,0,0,0,0,0,0,0,0,0,0,0,0,0,0,0,0,0,0,0,0,0,0,0,0,0,0,0,0,0,0,0,0,0,0,0,0,0,0,,
TUI,TUI1101,EAST,waikaremoana,Hydro,Hydro,2026-06-06,0,0,0,0,0,0,0,0,0,0,0,0,0,0,0,0,0,0,0,0,0,0,0,0,0,0,0,0,0,0,0,0,0,0,0,0,0,0,0,0,0,0,0,0,0,0,0,0,,
TUI,TUI1101,EAST,waikaremoana,Hydro,Hydro,2026-06-07,0,0,0,0,0,0,0,0,0,0,0,0,0,0,0,0,0,0,0,0,0,0,0,0,0,0,0,0,0,0,0,0,0,0,0,0,0,0,0,0,0,0,0,0,0,0,0,0,,
TUI,TUI1101,EAST,waikaremoana,Hydro,Hydro,2026-06-08,0,0,0,0,0,0,0,0,0,0,0,0,0,0,0,0,0,0,0,0,0,0,0,0,0,0,0,0,0,0,0,0,0,0,0,0,0,0,0,0,0,0,0,0,0,0,0,0,,
TUI,TUI1101,EAST,waikaremoana,Hydro,Hydro,2026-06-09,0,0,0,0,0,0,0,0,0,0,0,0,0,0,0,0,0,0,0,0,0,0,0,0,0,0,0,0,0,0,0,0,0,0,0,0,0,0,0,0,0,0,0,0,0,0,0,0,,
TUI,TUI1101,EAST,waikaremoana,Hydro,Hydro,2026-06-10,0,0,0,0,0,0,0,0,0,0,0,0,0,0,0,0,0,0,0,0,0,0,0,0,0,0,0,0,0,0,0,0,0,0,0,0,0,0,0,0,0,0,0,0,0,0,0,0,,
TUI,TUI1101,EAST,waikaremoana,Hydro,Hydro,2026-06-11,0,0,0,0,0,0,0,0,0,0,0,0,0,0,0,0,0,0,0,0,0,0,0,0,0,0,0,0,0,0,0,0,0,0,0,0,0,0,0,0,0,0,0,0,0,0,0,0,,
TUI,TUI1101,EAST,waikaremoana,Hydro,Hydro,2026-06-12,0,0,0,0,0,0,0,0,0,0,0,0,0,0,0,0,0,0,0,0,0,0,0,0,0,0,0,0,0,0,0,0,0,0,0,0,0,0,0,0,0,0,0,0,0,0,0,0,,
TUI,TUI1101,EAST,waikaremoana,Hydro,Hydro,2026-06-13,0,0,0,0,0,0,0,0,0,0,0,0,0,0,0,0,0,0,0,0,0,0,0,0,0,0,0,0,0,0,0,0,0,0,0,0,0,0,0,0,0,0,0,0,0,0,0,0,,
TUI,TUI1101,EAST,waikaremoana,Hydro,Hydro,2026-06-14,0,0,0,0,0,0,0,0,0,0,0,0,0,0,0,0,0,0,0,0,0,0,0,0,0,0,0,0,0,0,0,0,0,0,0,0,0,0,0,0,0,0,0,0,0,0,0,0,,
TUI,TUI1101,EAST,waikaremoana,Hydro,Hydro,2026-06-15,0,0,0,0,0,0,0,0,0,0,0,0,0,0,0,0,0,0,0,0,0,0,0,0,0,0,0,0,0,0,0,0,0,0,0,0,0,0,0,0,0,0,0,0,0,0,0,0,,
TUI,TUI1101,EAST,waikaremoana,Hydro,Hydro,2026-06-16,0,0,0,0,0,0,0,0,0,0,0,0,0,0,0,0,0,0,0,0,0,0,0,0,0,0,0,0,0,0,0,0,0,0,0,0,0,0,0,0,0,0,0,0,0,0,0,0,,
TUI,TUI1101,EAST,waikaremoana,Hydro,Hydro,2026-06-17,0,0,0,0,0,0,0,0,0,0,0,0,0,0,0,0,0,0,0,0,0,0,0,0,0,0,0,0,0,0,0,0,0,0,0,0,0,0,0,0,0,0,0,0,0,0,0,0,,
TUI,TUI1101,EAST,waikaremoana,Hydro,Hydro,2026-06-18,0,0,0,0,0,0,0,0,0,0,0,0,0,0,0,0,0,0,0,0,0,0,0,0,0,0,0,0,0,0,0,0,0,0,0,0,0,0,0,0,0,0,0,0,0,0,0,0,,
TUI,TUI1101,EAST,waikaremoana,Hydro,Hydro,2026-06-19,0,0,0,0,0,0,0,0,0,0,0,0,0,0,0,0,0,0,0,0,0,0,0,0,0,0,0,0,0,0,0,0,0,0,0,0,0,0,0,0,0,0,0,0,0,0,0,0,,
TUI,TUI1101,EAST,waikaremoana,Hydro,Hydro,2026-06-20,0,0,0,0,0,0,0,0,0,0,0,0,0,0,0,0,0,0,0,0,0,0,0,0,0,0,0,0,0,0,0,0,0,0,0,0,0,0,0,0,0,0,0,0,0,0,0,0,,
TUI,TUI1101,EAST,waikaremoana,Hydro,Hydro,2026-06-21,0,0,0,0,0,0,0,0,0,0,0,0,0,0,0,0,0,0,0,0,0,0,0,0,0,0,0,0,0,0,0,0,0,0,0,0,0,0,0,0,0,0,0,0,0,0,0,0,,
TUI,TUI1101,EAST,waikaremoana,Hydro,Hydro,2026-06-22,0,0,0,0,0,0,0,0,0,0,0,0,0,0,0,0,0,0,0,0,0,0,0,0,0,0,0,0,0,0,0,0,0,0,0,0,0,0,0,0,0,0,0,0,0,0,0,0,,
TUI,TUI1101,EAST,waikaremoana,Hydro,Hydro,2026-06-23,0,0,0,0,0,0,0,0,0,0,0,0,0,0,0,0,0,0,0,0,0,0,0,0,0,0,0,0,0,0,0,0,0,0,0,0,0,0,0,0,0,0,0,0,0,0,0,0,,
TUI,TUI1101,EAST,waikaremoana,Hydro,Hydro,2026-06-24,0,0,0,0,0,0,0,0,0,0,0,0,0,0,0,0,0,0,0,0,0,0,0,0,0,0,0,0,0,0,0,0,0,0,0,0,0,0,0,0,0,0,0,0,0,0,0,0,,
TUI,TUI1101,EAST,waikaremoana,Hydro,Hydro,2026-06-25,0,0,0,0,0,0,0,0,0,0,0,0,0,0,0,0,0,0,0,0,0,0,0,0,0,0,0,0,0,0,0,0,0,0,0,0,0,0,0,0,0,0,0,0,0,0,0,0,,
TUI,TUI1101,EAST,waikaremoana,Hydro,Hydro,2026-06-26,0,0,0,0,0,0,0,0,0,0,0,0,0,0,0,0,0,0,0,0,0,0,0,0,0,0,0,0,0,0,0,0,0,0,0,0,0,0,0,0,0,0,0,0,0,0,0,0,,
TUI,TUI1101,EAST,waikaremoana,Hydro,Hydro,2026-06-27,0,0,0,0,0,0,0,0,0,0,0,0,0,0,0,0,0,0,0,0,0,0,0,0,0,0,0,0,0,0,0,0,0,0,0,0,0,0,0,0,0,0,0,0,0,0,0,0,,
TUI,TUI1101,EAST,waikaremoana,Hydro,Hydro,2026-06-28,0,0,0,0,0,0,0,0,0,0,0,0,0,0,0,0,0,0,0,0,0,0,0,0,0,0,0,0,0,0,0,0,0,0,0,0,0,0,0,0,0,0,0,0,0,0,0,0,,
TUI,TUI1101,EAST,waikaremoana,Hydro,Hydro,2026-06-29,0,0,0,0,0,0,0,0,0,0,0,0,0,0,0,0,0,0,0,0,0,0,0,0,0,0,0,0,0,0,0,0,0,0,0,0,0,0,0,0,0,0,0,0,0,0,0,0,,
TUI,TUI1101,EAST,waikaremoana,Hydro,Hydro,2026-06-30,0,0,0,0,0,0,0,0,0,0,0,0,0,0,0,0,0,0,0,0,0,0,0,0,0,0,0,0,0,0,0,0,0,0,0,0,0,0,0,0,0,0,0,0,0,0,0,0,,
TUI,TUI1101,GENE,waikaremoana,Hydro,Hydro,2026-06-01,7346,7319,7328,7361,7307,7284,7428,7320,7351,7344,7345,7440,19597,19492,19827,19777,19767,19698,19779,19676,19736,19749,19800,19736,19729,33202,34539,34554,33119,27755,24972,32593,34378,34669,28375,27767,20236,20428,22648,21309,19583,19768,19791,19748,19734,19726,19748,19754,,
TUI,TUI1101,GENE,waikaremoana,Hydro,Hydro,2026-06-02,19740,19725,7438,7265,7196,7212,7248,7256,7352,7320,7068,7440,7465,7246,19382,19764,19781,19947,19918,19754,19783,19926,19884,19768,19854,19851,6968,6858,6882,19078,19566,35519,35878,35754,36057,35835,20231,19767,19669,19829,19797,19799,19893,19717,19863,7636,7291,7345,,
TUI,TUI1101,GENE,waikaremoana,Hydro,Hydro,2026-06-03,7395,7306,7348,7343,7384,7350,7344,7353,7333,7335,7354,7292,7337,19140,19900,19776,19721,19816,19765,7559,7299,7343,7382,7347,7339,7328,7364,7285,7313,7359,7352,18810,19674,22068,26040,29626,27616,23388,19852,19771,19798,19912,20608,19946,19932,19936,20069,19981,,
TUI,TUI1101,GENE,waikaremoana,Hydro,Hydro,2026-06-04,19686,19646,19675,19706,19725,19727,19701,19714,19665,19625,19790,19680,19761,19602,19731,19587,19654,19668,19749,19716,19527,19794,19692,19767,20000,19968,19889,19777,19716,19683,19614,19531,33541,54752,57442,57097,57328,57385,57377,57324,21293,19883,19936,7859,7270,7339,7314,7229,,
TUI,TUI1101,GENE,waikaremoana,Hydro,Hydro,2026-06-05,7376,7256,7389,7289,7354,7324,7350,7266,7338,7349,7307,7333,7369,7152,19070,19916,19736,20018,19730,19677,19660,19880,19784,19807,19821,19642,19938,19761,19844,19762,19851,19757,19726,19950,19359,19635,19576,19604,7507,7325,7304,7390,7373,7317,7309,7297,7432,7374,,
TUI,TUI1101,GENE,waikaremoana,Hydro,Hydro,2026-06-06,7315,7291,7389,7417,7339,7414,7427,7306,7418,7246,7395,7438,7348,7353,7447,7858,8163,8076,8163,8042,8103,7876,7479,19375,19768,19807,19819,19869,19763,19838,19870,19832,19842,34060,34770,34485,34501,34482,20254,19718,19769,19783,19821,19823,19797,19814,19893,19735,,
TUI,TUI1101,GENE,waikaremoana,Hydro,Hydro,2026-06-07,19674,19680,19714,19701,19623,19701,19717,19722,19702,19721,19800,19815,19668,19720,19718,19912,20368,19844,19670,26912,27300,27255,27328,8750,8258,8309,8312,8303,8308,8320,8336,8339,8335,8345,26084,27195,27155,29196,27145,27242,27120,27448,27366,27215,24215,26874,27159,27170,,
TUI,TUI1101,GENE,waikaremoana,Hydro,Hydro,2026-06-08,27211,27042,27110,27171,27224,27203,27061,27221,27208,27022,27048,27062,27142,26946,34287,34542,34727,34450,27483,27078,27392,27264,27162,27252,27247,27201,27128,27368,27211,25011,22202,30553,28847,28045,26887,27125,27083,27175,27205,27082,27297,27136,27161,27167,27066,25365,27429,27309,,
TUI,TUI1101,GENE,waikaremoana,Hydro,Hydro,2026-06-09,27396,27342,27268,27263,27213,27330,27300,27213,27290,27343,27211,26852,27119,29588,34289,34475,34476,34513,34656,34680,25384,27013,27220,27204,27109,26862,27189,27002,26950,26797,27399,27269,27356,27275,31317,26650,27096,27175,27207,27160,27151,27154,27129,27132,27086,27174,27149,27044,,
TUI,TUI1101,GENE,waikaremoana,Hydro,Hydro,2026-06-10,27201,27198,28601,27709,30473,25967,26811,27446,28825,26999,27369,27175,25976,24300,27122,27262,27255,27300,27327,27363,27400,27366,27325,27364,27378,27337,27318,27321,27379,27435,27431,27414,27135,34501,56014,57111,56915,57149,57169,57126,57133,57130,57267,56992,57165,57122,28016,27238,,
TUI,TUI1101,GENE,waikaremoana,Hydro,Hydro,2026-06-11,27191,27141,27171,27176,27150,27206,27132,27140,27282,27170,27374,27912,34846,55623,56847,56870,56821,56756,56590,56773,56787,56614,56176,56174,56101,56189,56125,56951,56941,56957,57392,57238,57320,57246,57370,57237,57269,57384,57298,57327,57224,57385,57636,57419,57232,57096,28108,20191,,
TUI,TUI1101,GENE,waikaremoana,Hydro,Hydro,2026-06-12,19674,19781,19851,20106,19565,19620,19727,19818,20038,20158,19770,19775,33826,55280,57108,57291,57357,57376,57369,57275,57390,57350,57325,57316,57376,57272,57350,57312,57254,57276,57250,57154,57331,57209,57063,57186,57153,57039,57085,57025,56990,57065,57245,57183,57235,57174,28600,20094,,
TUI,TUI1101,GENE,waikaremoana,Hydro,Hydro,2026-06-13,19777,19839,19853,19832,19843,19880,19878,19842,19887,19835,19791,19900,19897,19833,19849,19861,19811,19873,19797,19890,35654,36222,36203,36282,36252,36151,36149,36319,36037,36272,36049,36045,20305,19768,19714,19858,19838,19835,19871,19869,19880,19882,19987,19778,19810,19825,19756,19806,,
TUI,TUI1101,GENE,waikaremoana,Hydro,Hydro,2026-06-14,19814,19845,19768,19807,19733,19789,19768,19705,19775,19815,19776,19751,19657,19630,19764,19640,19708,19761,19768,19666,19739,19746,19787,19646,19763,19738,19793,19751,19740,19722,19757,19697,19779,19809,55285,59098,59323,59434,59301,59235,21708,19789,19909,19767,19780,19672,19659,19664,,
TUI,TUI1101,GENE,waikaremoana,Hydro,Hydro,2026-06-15,26985,27123,25676,24735,27510,26575,25346,26464,27222,26923,25799,19747,19850,19778,19828,19684,19751,19859,19855,19819,19821,19827,19786,19802,19803,19843,19795,19748,19794,19965,19927,20036,56032,59601,59400,59329,59405,59427,59466,59403,59409,59433,59234,59055,59024,22793,19753,19729,,
TUI,TUI1101,GENE,waikaremoana,Hydro,Hydro,2026-06-16,19809,26442,26442,25116,28113,26230,27847,27551,26433,26274,25497,20309,19856,19137,19463,19594,19541,19658,19566,19588,19651,19589,19560,19640,19648,19705,19575,19555,19761,19660,19849,19712,53236,59209,59169,58981,59214,59168,59168,59178,59165,59127,59225,59051,59071,21681,19615,19530,,
TUI,TUI1101,GENE,waikaremoana,Hydro,Hydro,2026-06-17,19835,7333,6868,6767,6831,6819,6882,6764,6782,6788,6831,19242,20061,19525,19694,34044,34612,34964,34464,34840,34514,34312,34756,34975,35050,34714,34720,34550,34725,34717,34759,34865,53348,59189,59101,59105,58953,59270,59278,59250,59269,59252,59315,59247,59204,36226,20251,19739,,
TUI,TUI1101,GENE,waikaremoana,Hydro,Hydro,2026-06-18,19771,19803,19819,19816,19788,19711,19748,19839,19803,19650,19723,19548,20404,19574,19545,33734,34707,34751,34702,34758,34763,34703,34781,34495,34488,34691,34540,34558,34604,34585,34609,34625,55545,59302,59077,59067,59038,59282,59320,59340,59255,58908,59713,59363,59246,36941,20994,19564,,
TUI,TUI1101,GENE,waikaremoana,Hydro,Hydro,2026-06-19,19678,19831,19624,19487,19866,19853,19788,19761,19790,19745,19705,19751,19787,19679,34276,35316,35219,35198,35167,35316,35282,35303,35158,35046,34969,35149,35153,35217,35158,35240,35342,35134,56869,60509,59406,59491,58932,59139,58802,58850,58783,58941,59210,59054,59181,35596,20128,19711,,
TUI,TUI1101,GENE,waikaremoana,Hydro,Hydro,2026-06-20,19755,20008,19813,19779,19595,19708,19583,19628,19672,19587,19571,19658,19791,19742,33953,35210,35123,35186,35227,35107,35143,35102,35479,33066,35133,35135,35120,35368,35892,35372,35521,34811,34937,34997,34769,35149,35139,35378,34964,35028,35036,35086,35212,35174,34457,20393,19561,19482,,
TUI,TUI1101,GENE,waikaremoana,Hydro,Hydro,2026-06-21,19650,19705,19783,19674,19747,19718,19728,19762,19709,19869,19688,19708,19771,19720,33649,35351,35196,35033,35094,35091,34995,35006,35034,34995,34923,34909,34886,34906,34899,34925,34902,34869,41804,57677,58936,59052,59162,58984,59183,59047,59157,59163,59182,59211,35834,20627,19699,19647,,
TUI,TUI1101,GENE,waikaremoana,Hydro,Hydro,2026-06-22,19965,19851,19725,19699,19755,19678,19643,19539,19533,19532,19624,19576,19923,21116,34383,56973,59301,59362,59255,59393,59367,59325,59164,59024,59052,59056,59046,59093,59041,58996,58999,58990,49619,49230,49374,58165,59085,59143,59158,59143,59158,59213,59343,59206,36094,21516,19874,19619,,
TUI,TUI1101,GENE,waikaremoana,Hydro,Hydro,2026-06-23,19862,19757,19740,19744,19899,19895,19864,19882,25451,19912,19664,19578,19719,19770,33868,56683,58830,59054,58957,58851,58972,58712,48456,49548,21613,27632,19635,20570,23972,34178,34654,34438,34155,34615,57013,59113,58950,59059,59074,59074,59122,59097,59102,59034,36514,27305,27335,27601,,
TUI,TUI1101,GENE,waikaremoana,Hydro,Hydro,2026-06-24,28067,29029,24361,27153,27337,27265,27291,26010,26997,27155,27078,27205,27209,27058,35000,57283,58846,58944,59009,59056,21772,19821,19649,20147,31487,34068,32677,20316,22869,34754,35175,35130,57221,59088,58856,58834,58991,58922,58929,58945,58904,58852,58985,58886,35468,20499,19946,26912,,
TUI,TUI1101,GENE,waikaremoana,Hydro,Hydro,2026-06-25,27069,28233,27037,27076,25692,27049,27126,27051,27270,27594,27193,27224,20019,19766,19683,19679,26604,26661,26538,26507,26619,26672,26775,26661,26638,26686,26635,26598,26569,26571,26631,26427,26700,26645,26730,26722,26628,26827,57089,59319,59265,59242,59381,59232,35697,27545,27124,27005,,
TUI,TUI1101,GENE,waikaremoana,Hydro,Hydro,2026-06-26,28003,25116,26918,26478,26092,25597,26139,27491,28174,27638,26401,27034,25791,33609,34223,34404,34372,34505,34354,34349,34377,34487,34440,27242,26917,26905,26929,26808,27064,26867,26979,26904,26880,26930,27160,27032,26857,26961,27030,27115,27064,26994,27009,24760,26604,26971,26977,26943,,
TUI,TUI1101,GENE,waikaremoana,Hydro,Hydro,2026-06-27,26803,27024,26847,26926,10247,9363,9393,9361,9400,9378,9377,9398,9374,9330,9433,10623,10727,10797,10920,10919,10912,10965,10471,9824,9904,9877,9820,9836,9833,9823,9707,11372,26486,27149,27990,27075,27227,27306,27427,27143,27053,27208,26878,27047,27046,27104,27049,27234,,
TUI,TUI1101,GENE,waikaremoana,Hydro,Hydro,2026-06-28,27331,27343,27288,27289,27171,27181,27450,26895,27559,23964,26537,27183,26933,26915,26606,26332,27611,26846,27032,27095,27084,27107,27102,27162,26847,27357,26228,28337,27870,26113,27665,28067,27192,27206,27143,27083,27139,27092,27151,27244,27292,27309,27320,25577,26706,27088,27040,25575,,
TUI,TUI1101,GENE,waikaremoana,Hydro,Hydro,2026-06-29,26610,24905,24989,27314,26937,26421,28661,27793,25612,26062,23367,27931,27286,26782,27080,26988,27004,27096,27108,27059,27040,27007,27075,27090,27072,27074,27014,27003,27134,27085,27334,26843,27060,56644,58936,58734,58861,58991,58786,59138,59129,58987,59159,27885,27150,27085,26564,25491,,
TUI,TUI1101,GENE,waikaremoana,Hydro,Hydro,2026-06-30,27044,29623,27433,25874,28299,26883,26799,28492,27213,25117,27232,27131,27726,56294,59071,58939,59302,59154,59052,59037,28413,27031,27057,27076,27061,27086,27091,26917,27080,27010,26984,27061,27236,54767,58874,59012,58857,58987,59087,59105,59029,59057,59277,59144,59085,58300,27857,27244,,
TWC,TWC2201,TRPG,te_rere_hau,Wind,Wind,2026-06-01,2060,3155,2569,1353,629,129,92,59,133,256,459,1179,677,277,924,201,408,1589,1056,641,1147,546,474,1201,1121,73,0,0,0,0,0,161,361,16,30,7,383,203,13,28,7,26,15,467,81,91,210,219,,
TWC,TWC2201,TRPG,te_rere_hau,Wind,Wind,2026-06-02,235,1153,2531,2671,1891,1872,3986,2938,1279,415,683,1770,1863,969,639,647,1533,1848,893,1719,2113,2430,600,458,619,0,0,0,1023,306,120,44,751,1690,1780,3489,7275,6264,7446,7101,5592,4940,3559,4469,4981,4378,3624,4030,,
TWC,TWC2201,TRPG,te_rere_hau,Wind,Wind,2026-06-03,3911,3909,4142,6954,6641,5435,6530,6237,7523,5604,4580,4404,4258,4048,2290,1806,1178,462,436,314,531,1266,1173,1251,1125,1267,797,660,965,270,741,224,340,185,377,20,0,0,283,650,561,820,425,94,1448,3283,4004,3859,,
TWC,TWC2201,TRPG,te_rere_hau,Wind,Wind,2026-06-04,4183,4276,4071,5478,5912,5009,4211,3946,3996,5565,6412,6062,4917,4063,3295,2830,3856,4058,4032,3246,2252,1950,2124,2619,3283,5000,4527,4746,5514,3769,4293,4153,4423,4264,3652,3764,4141,5394,6027,6026,6299,5658,7608,8193,7599,7157,8324,7602,,
TWC,TWC2201,TRPG,te_rere_hau,Wind,Wind,2026-06-05,8996,6949,6650,7062,7392,8487,7735,7035,5775,6069,6105,7008,7603,6516,2822,1591,1409,4311,980,617,1395,2168,5567,6360,7241,8159,7569,6095,9370,8215,8569,7988,9739,8669,7324,6568,11369,6143,3527,2582,4304,5120,2749,1067,330,4903,6163,4639,,
TWC,TWC2201,TRPG,te_rere_hau,Wind,Wind,2026-06-06,902,806,2350,3564,5310,7099,4165,2183,2734,5172,8257,10306,9785,10181,10889,11287,8336,8968,9936,10673,8684,9332,10748,11677,11288,11083,10890,9742,9789,11059,8836,9190,8486,7282,5965,2950,1878,1306,1021,310,299,14,0,0,0,0,0,3,,
TWC,TWC2201,TRPG,te_rere_hau,Wind,Wind,2026-06-07,5,46,27,114,306,8,0,0,0,0,42,0,0,362,252,611,1349,1353,2158,4964,3459,1888,588,74,7,0,0,0,0,187,511,993,1024,2579,2889,4865,6331,7006,7965,7702,5913,4469,6279,6629,7133,9471,10031,9498,,
TWC,TWC2201,TRPG,te_rere_hau,Wind,Wind,2026-06-08,9078,8344,8957,8306,9307,9647,9417,8943,10510,11552,12652,11263,10986,9538,11083,10986,9285,9571,8283,9077,7901,6570,8229,6299,2806,4430,10776,11364,10845,7994,10296,11516,10748,12032,10541,9532,9352,8667,6539,5274,7952,3382,5950,5430,1379,5657,7270,8168,,
TWC,TWC2201,TRPG,te_rere_hau,Wind,Wind,2026-06-09,6404,3847,2240,1228,624,141,0,0,0,49,216,533,613,832,1482,1366,1106,847,515,7,0,0,10,0,362,1383,924,1767,2500,3502,2548,2414,715,1589,916,1947,3332,3315,1280,208,420,4,0,155,536,137,151,587,,
TWC,TWC2201,TRPG,te_rere_hau,Wind,Wind,2026-06-10,320,11,217,126,30,8,11,0,0,0,0,0,0,0,0,0,0,0,0,0,0,0,0,0,0,0,0,0,0,0,0,0,0,0,0,0,0,0,0,0,0,0,0,0,0,0,0,0,,
TWC,TWC2201,TRPG,te_rere_hau,Wind,Wind,2026-06-11,0,0,0,0,0,0,0,0,0,0,0,0,0,0,0,0,0,0,0,0,0,0,0,0,0,0,0,0,0,41,480,1259,968,997,939,1251,1324,1262,1147,1524,2049,2651,3465,3612,5332,7100,8846,8426,,
TWC,TWC2201,TRPG,te_rere_hau,Wind,Wind,2026-06-12,7742,8789,9164,9918,9700,9559,9529,8663,8609,8421,9662,9813,10274,9925,10167,9972,8462,7847,6049,4200,3156,2686,1764,878,337,22,0,0,0,0,0,0,0,0,0,0,24,289,37,203,1056,2209,1750,1730,598,538,118,88,,
TWC,TWC2201,TRPG,te_rere_hau,Wind,Wind,2026-06-13,0,0,0,0,0,0,0,0,0,0,0,0,0,2,138,296,258,18,6,67,1004,1417,2452,3279,3684,4079,4989,5395,5971,5250,6334,7812,7490,6953,3217,3478,1771,2797,1951,2197,3149,2506,4217,5810,9037,10634,8262,5216,,
TWC,TWC2201,TRPG,te_rere_hau,Wind,Wind,2026-06-14,6903,7904,8567,7097,9696,10428,11375,10759,11031,11165,11948,12783,12604,12618,12960,13103,13098,13350,13530,13233,12662,11595,9202,8773,9954,11569,11981,10566,11909,12697,12437,11706,11247,10988,11992,11029,12178,13269,11259,10633,11819,11953,12103,12129,12065,11611,10558,9931,,
TWC,TWC2201,TRPG,te_rere_hau,Wind,Wind,2026-06-15,10159,9386,8448,8161,8445,8640,8607,11367,10314,9946,10924,12407,11861,11622,12374,9823,5865,6488,8678,10794,12479,11682,11594,9842,11344,12247,12661,13069,12537,10019,11844,12505,10164,6818,5565,5192,2996,3553,5073,3607,3699,2959,1901,2138,1610,821,50,0,,
TWC,TWC2201,TRPG,te_rere_hau,Wind,Wind,2026-06-16,85,2202,3271,6763,7396,6893,5620,7519,6852,6467,5890,4962,4305,4020,4082,4984,4979,5045,5431,6791,5263,4298,3925,3407,2450,2147,1575,1119,2027,2164,3151,2382,1783,1128,768,86,0,0,0,0,116,198,201,383,880,1761,3677,7012,,
TWC,TWC2201,TRPG,te_rere_hau,Wind,Wind,2026-06-17,10372,12046,12002,11585,10741,10857,10319,10620,11797,8305,9657,7744,5494,3675,3100,4285,9576,9754,9702,8962,8286,8526,8214,5883,5971,5761,4410,3022,2187,1598,1081,5,0,0,0,17,2033,3846,4769,5262,5709,5086,3454,2305,2592,3065,2729,2046,,
TWC,TWC2201,TRPG,te_rere_hau,Wind,Wind,2026-06-18,1681,1642,1093,951,567,132,0,0,0,13,593,1197,1425,1937,2757,3912,5631,6483,5361,7237,9783,12385,11513,11063,11475,12025,13364,11903,12475,10271,9531,6424,3362,2087,1930,421,21,0,0,24,1276,1650,1236,1304,679,2282,3827,2049,,
TWC,TWC2201,TRPG,te_rere_hau,Wind,Wind,2026-06-19,1427,1257,783,1164,1475,918,704,288,3,32,53,0,0,0,0,0,0,0,0,0,0,0,0,0,0,0,7,286,989,1256,2139,3441,3906,4616,5873,7821,8982,10530,9945,9919,9880,10597,10989,10359,12092,11053,9265,8755,,
TWC,TWC2201,TRPG,te_rere_hau,Wind,Wind,2026-06-20,8382,8472,8751,7384,7052,7372,6731,6337,9404,11415,12225,10310,8338,7623,6895,7681,10531,11133,9951,8944,8679,9517,7430,7759,10198,13366,12729,11046,11128,6750,6675,5941,5705,5246,4124,1138,371,140,408,589,1630,1913,3197,7293,10248,12314,9700,10429,,
TWC,TWC2201,TRPG,te_rere_hau,Wind,Wind,2026-06-21,10301,8827,8992,7640,8081,10156,11447,12625,12939,11021,10444,9473,9325,10632,10616,9826,7345,7434,7221,5560,5998,6796,7165,5594,4879,4705,4143,5106,6145,6150,6764,5197,5101,6402,5397,6483,5537,5668,5375,4260,1369,4,693,2501,4627,5105,5060,4138,,
TWC,TWC2201,TRPG,te_rere_hau,Wind,Wind,2026-06-22,4365,4452,5395,5954,7781,7849,7472,7746,6423,5083,4055,4696,4076,4897,5496,5320,3753,3617,3729,1479,576,567,747,1126,908,997,720,1056,917,995,735,748,1394,2621,2943,3104,3088,2998,2653,1941,2129,2405,2599,2674,2459,1475,255,3,,
TWC,TWC2201,TRPG,te_rere_hau,Wind,Wind,2026-06-23,0,0,0,0,0,0,0,0,0,0,0,0,0,0,0,0,0,0,0,0,0,0,0,0,0,0,0,0,0,0,0,0,417,670,856,836,472,272,92,4,2,35,409,259,1179,942,560,102,,
TWC,TWC2201,TRPG,te_rere_hau,Wind,Wind,2026-06-24,56,32,0,153,870,1247,1896,1987,2196,2725,3318,3725,4318,5262,5980,4791,4452,2942,3051,3917,3780,2989,2044,1373,840,1615,2457,2238,3462,4098,4700,4960,5017,5297,6265,6953,7006,6599,6121,6403,5305,6090,5184,6482,7367,7770,5892,5640,,
TWC,TWC2201,TRPG,te_rere_hau,Wind,Wind,2026-06-25,4794,4617,4148,4259,4819,3797,4053,4877,4155,3345,2965,2717,1334,1283,2980,5034,5718,8291,11748,12085,12315,12290,12393,10495,9705,10779,10095,9257,9682,8819,9001,9139,8946,7115,7969,6810,6520,6421,5472,6353,9504,11918,11465,9781,5126,7477,7547,6736,,
TWC,TWC2201,TRPG,te_rere_hau,Wind,Wind,2026-06-26,2194,2311,4686,2981,3545,2692,2822,3485,4119,3711,1243,3310,2992,1880,2603,5174,5838,5580,6805,6341,7588,7649,9239,9633,9026,8957,10013,9534,10016,10668,10095,10751,10656,9974,9071,7662,7127,9583,7446,6667,5755,6960,6656,7145,7797,9583,10306,9078,,
TWC,TWC2201,TRPG,te_rere_hau,Wind,Wind,2026-06-27,6712,5799,5047,6108,5913,4771,4007,5552,4644,4358,4611,3464,2880,3278,4660,4157,4120,3370,3272,2321,2449,2155,3190,3306,2789,4320,4049,4782,5123,4625,7240,7514,5509,3903,3470,5242,4525,5779,5095,3740,4154,6941,7087,7696,8167,8195,7322,5581,,
TWC,TWC2201,TRPG,te_rere_hau,Wind,Wind,2026-06-28,7980,7637,6554,7496,8732,8641,10000,10342,10375,9365,7585,7465,7330,7288,9010,9816,8725,8486,9395,9112,9025,10095,10166,9714,8832,7606,9184,9005,9163,10252,11010,11417,10373,11217,11567,10456,9224,10906,11512,13096,13413,11104,8550,9516,11123,10712,10262,9252,,
TWC,TWC2201,TRPG,te_rere_hau,Wind,Wind,2026-06-29,9737,8708,8440,9473,10078,10567,9333,5653,3737,2753,3540,3839,3110,3264,4305,1951,735,222,443,873,790,1208,1931,1367,1410,2046,1081,3118,3256,3352,3225,4219,3656,3696,5766,5992,7525,5876,5100,3455,3193,3150,2140,1452,1944,881,1306,2958,,
TWC,TWC2201,TRPG,te_rere_hau,Wind,Wind,2026-06-30,4592,3945,1956,2067,1195,902,489,396,480,774,212,12,1,66,8,4,0,99,203,155,324,322,401,218,0,136,676,1310,737,403,443,690,730,300,149,958,1414,1194,1066,954,985,662,406,196,52,0,0,0,,
TWC,TWC2201,TRPG,twf_3,Wind,Wind,2026-06-01,12265,15002,12989,8538,5887,2956,2158,2127,2670,3640,6133,8066,4467,2721,3815,3083,2318,3871,3120,4522,6286,4173,3687,7071,4853,1951,781,632,1756,668,621,2402,2062,3209,3719,3144,2717,5383,1969,1619,1469,2644,3025,7044,4805,3564,5643,6354,,
TWC,TWC2201,TRPG,twf_3,Wind,Wind,2026-06-02,6439,8884,12262,12016,11603,12008,17656,13389,7903,4795,6518,10389,11347,7838,6595,10336,10667,12717,9313,13108,13590,11807,5718,4917,3608,1043,561,352,4676,5491,1961,2790,6047,9037,11382,17654,27677,26105,25004,23342,20622,18461,16064,17026,18335,18197,14196,12305,,
TWC,TWC2201,TRPG,twf_3,Wind,Wind,2026-06-03,16825,16174,18534,23722,27621,25730,21124,22833,23723,24106,17860,17244,17468,16381,12393,10759,8302,4838,5203,4695,6081,8420,8290,9760,8330,8588,6029,5743,6562,6793,7193,5809,5088,4231,4462,3243,2440,3663,6678,8035,7123,7258,6686,4763,8975,15273,18533,17079,,
TWC,TWC2201,TRPG,twf_3,Wind,Wind,2026-06-04,15748,16522,17304,18946,20236,18791,17059,16458,18168,22678,26256,25943,20207,20244,18530,16311,19583,19795,18364,15596,13165,12544,12322,10623,15407,21564,21149,25639,23347,14393,19241,22513,21554,19431,17495,18764,20100,22818,21970,21851,22938,23037,27536,27377,27022,28813,28982,26420,,
TWC,TWC2201,TRPG,twf_3,Wind,Wind,2026-06-05,32035,28312,27485,28156,28957,29294,25850,24048,21762,22366,21525,26640,27703,24464,17969,9228,10266,16540,9534,8113,8480,12290,20788,21962,22916,28434,26355,29422,36394,34113,35468,31785,36538,37190,32859,30355,30440,23623,19724,13592,18428,20313,12751,5617,6173,19762,25210,18459,,
TWC,TWC2201,TRPG,twf_3,Wind,Wind,2026-06-06,6035,8409,14509,20014,24330,37654,19537,11053,11351,20553,32579,35295,32493,33736,38732,35796,31582,29015,32827,34844,30345,30688,34425,36647,35574,33388,30337,32234,29871,32594,35831,32967,30626,28831,26768,20386,16720,9061,5889,6161,6129,2642,2370,2112,2347,1667,4117,4444,,
TWC,TWC2201,TRPG,twf_3,Wind,Wind,2026-06-07,2101,2391,3159,3627,4082,4520,4296,2524,1329,829,2296,2784,162,3310,6655,6236,4414,5688,7275,18569,17003,11170,6016,2746,590,0,0,0,830,3453,5589,5981,7602,11960,15648,21501,25905,28744,30413,28091,27696,25052,29233,30829,33834,36808,38773,37467,,
TWC,TWC2201,TRPG,twf_3,Wind,Wind,2026-06-08,38348,37067,37294,34589,32715,34627,35953,35933,38664,38992,42150,41300,41316,41653,43140,43466,42010,42456,43794,41953,40496,40775,40562,41618,41214,37612,38914,40702,40451,35399,37004,37246,34695,40883,42223,39306,37681,34265,30049,24792,33252,28742,25255,28923,11178,19228,29604,31820,,
TWC,TWC2201,TRPG,twf_3,Wind,Wind,2026-06-09,28958,25230,19430,14690,12128,5676,3164,2350,2024,2124,3663,6134,6002,5049,8159,7135,6740,8111,6440,3521,1417,0,1424,282,3985,7017,8374,12762,11826,19721,14931,15808,11540,19881,11174,15093,14596,20210,11515,9739,9495,3217,2407,2387,5026,6660,9660,8517,,
TWC,TWC2201,TRPG,twf_3,Wind,Wind,2026-06-10,4716,5236,6896,6747,5398,4577,4009,4581,3910,728,535,747,274,110,820,279,43,0,0,406,263,137,1144,582,672,1425,1132,212,0,0,0,0,267,347,0,0,0,0,0,52,354,420,725,401,374,620,0,0,,
TWC,TWC2201,TRPG,twf_3,Wind,Wind,2026-06-11,0,0,316,410,555,375,524,729,578,506,656,0,0,0,0,0,0,0,0,0,0,0,0,260,498,735,1300,1411,1669,3117,5134,6814,7776,7761,8227,9667,9452,9453,9013,10618,12089,12531,14495,16000,21778,26959,31206,31303,,
TWC,TWC2201,TRPG,twf_3,Wind,Wind,2026-06-12,31953,31339,32816,33308,35642,35061,33082,32056,33453,33280,34087,36468,36395,34413,33147,33424,30497,28522,26034,21949,17351,15064,11316,8804,5695,3080,1145,183,0,0,0,0,0,0,0,914,3726,5402,4944,6379,7750,6886,6861,8283,4297,3889,3475,1541,,
TWC,TWC2201,TRPG,twf_3,Wind,Wind,2026-06-13,516,0,0,0,0,0,0,0,0,0,0,0,821,3759,5332,5512,5788,4309,3597,3544,6766,8900,13155,15603,16927,19232,22193,22189,25165,26055,26126,27375,26519,27196,23023,22279,18997,15987,12939,9731,12265,13929,16309,22188,28882,33401,34136,24139,,
TWC,TWC2201,TRPG,twf_3,Wind,Wind,2026-06-14,24399,27085,31017,28206,31795,34391,36765,35372,37285,37692,38320,39146,39032,39142,40126,40208,40028,41027,41921,42428,42906,42579,41883,40236,40751,40828,41020,43048,42901,42530,43317,43305,43994,42202,38356,35568,34617,35541,40749,43763,43465,41968,42229,42706,43726,44539,44023,42863,,
TWC,TWC2201,TRPG,twf_3,Wind,Wind,2026-06-15,43761,43506,43590,43918,43301,42954,40931,40966,41956,42320,41471,41945,41475,41150,41923,43726,41077,39387,39388,41008,40484,39370,39498,37215,37224,35543,38887,39709,41792,40724,38107,36074,30983,21365,16150,13854,13393,18435,19319,16841,14399,12147,12590,13049,10615,8137,3549,0,,
TWC,TWC2201,TRPG,twf_3,Wind,Wind,2026-06-16,2390,9315,20348,29658,30007,29982,25023,26808,26843,25166,25584,22895,20126,17556,18188,19300,17808,15599,14776,24219,21874,18642,17279,15360,8593,6198,5677,4324,6365,8779,10802,10991,12152,11192,8533,3917,1437,0,0,0,1304,2483,3933,5597,8086,10146,15780,23120,,
TWC,TWC2201,TRPG,twf_3,Wind,Wind,2026-06-17,33742,38316,41463,41913,41640,40806,38903,35914,38803,39645,38699,34621,23984,16335,15446,15229,25063,35418,33662,29079,27223,27601,27629,22676,23042,24536,19911,16102,12061,9732,9408,3473,2769,388,0,895,10024,15923,16606,19690,19585,18675,16763,13766,14440,18046,15914,12282,,
TWC,TWC2201,TRPG,twf_3,Wind,Wind,2026-06-18,12836,12910,10101,9586,8015,4404,543,0,973,2996,6128,8650,9623,10752,11351,16655,20702,18799,19950,25902,31442,35440,38308,35626,35699,36995,38279,40498,37291,33351,29453,23953,20054,12914,11871,7424,3471,732,0,2616,7126,13404,16193,11508,9484,10446,12341,9085,,
TWC,TWC2201,TRPG,twf_3,Wind,Wind,2026-06-19,7797,6967,7684,9236,6575,6069,4690,4104,2538,3088,1816,1330,642,1296,726,297,166,0,0,0,0,0,0,0,1133,2328,4123,5764,6882,7170,9945,13952,16752,18716,23998,26521,27252,30976,32657,36250,38894,40246,41458,41392,41821,41926,43482,43190,,
TWC,TWC2201,TRPG,twf_3,Wind,Wind,2026-06-20,42921,42901,42009,39175,38525,39667,40119,40751,41691,40171,41404,41777,40282,31415,27957,35669,39936,40036,40211,39655,38184,36603,32137,29309,33698,37544,42027,42641,44076,42943,43162,43340,43086,43803,43796,39554,32668,32394,32398,32093,32400,32732,37955,40406,39533,38965,40051,39518,,
TWC,TWC2201,TRPG,twf_3,Wind,Wind,2026-06-21,36118,36702,36256,31507,30729,35526,36434,40496,41372,40629,35716,30484,30865,34173,34870,26951,27401,25014,24696,23110,21758,23580,24092,23001,22968,22251,20809,22859,22930,23815,24945,24887,20997,20465,21718,21665,19390,21996,23562,22009,13434,3144,9483,16437,17568,24453,25312,23320,,
TWC,TWC2201,TRPG,twf_3,Wind,Wind,2026-06-22,25126,24650,28127,31357,33347,36078,33266,30964,28480,23730,18036,19427,22731,23936,24753,26654,22963,20103,17222,13522,5766,4884,3562,4053,4533,3738,5028,8712,7135,7478,8416,10233,11209,16506,15479,16951,16060,14111,13830,12612,16058,18088,18288,16997,13903,9403,5291,2934,,
TWC,TWC2201,TRPG,twf_3,Wind,Wind,2026-06-23,1369,1171,814,1136,1141,1131,1407,939,367,737,856,776,998,0,0,0,0,0,0,0,0,0,0,0,0,0,0,0,0,0,278,5024,9094,10024,10790,9541,6340,4620,3804,2778,2617,3078,6034,5852,11075,10171,8239,4805,,
TWC,TWC2201,TRPG,twf_3,Wind,Wind,2026-06-24,5648,4123,2253,5407,9700,12485,14520,15027,15006,16843,18056,19929,21387,23534,25331,23467,21629,17597,17524,19352,16985,13873,12588,10698,8363,12496,14376,13176,17077,19185,19654,22102,22045,22038,23764,25798,27073,25085,25001,24269,24638,23197,23574,26441,27181,27639,25216,22970,,
TWC,TWC2201,TRPG,twf_3,Wind,Wind,2026-06-25,21130,20486,20816,22110,22233,19588,21937,22763,19520,18264,17358,14870,11231,11156,12759,23441,26663,32795,37122,38761,37914,38135,38649,38900,40806,42195,43038,42527,42727,42642,42328,42695,42003,42245,42118,41966,42345,42454,42706,42575,40861,40052,40335,40913,41521,41537,37881,40246,,
TWC,TWC2201,TRPG,twf_3,Wind,Wind,2026-06-26,39957,38329,36063,37256,36434,35050,34500,34236,34601,34862,31682,29156,28730,30431,33662,33297,35847,36523,37262,40034,40385,41502,41217,38021,37076,36110,38006,38324,39094,41245,33766,35804,38843,38749,35834,31129,29616,34552,29990,22947,24637,31399,30305,28476,30918,35401,36506,33589,,
TWC,TWC2201,TRPG,twf_3,Wind,Wind,2026-06-27,30325,26249,24287,22315,19281,16983,20916,25162,23659,23418,25625,25619,24678,21221,20892,18952,18478,18330,15844,13258,11094,12420,15773,20152,19046,20425,16158,15408,16932,17260,28705,26450,16883,12603,13594,18983,22675,21531,20998,21630,27246,26690,26919,30530,33517,35522,35832,32628,,
TWC,TWC2201,TRPG,twf_3,Wind,Wind,2026-06-28,32770,26293,25320,27077,27751,31138,29071,28905,31212,31926,33811,29829,26327,26367,25787,23360,24411,23848,26255,24786,23561,25735,29734,28884,27914,25688,24735,26634,25556,25910,29238,33945,34269,35976,37143,36491,33472,34258,36684,37480,37496,30149,22766,22282,28578,29737,27094,24880,,
TWC,TWC2201,TRPG,twf_3,Wind,Wind,2026-06-29,23783,19925,19711,25138,26075,26281,24507,18278,13403,10905,12750,11866,9595,9272,13138,11429,6849,4506,4420,3672,5991,5900,6977,5868,6464,10612,7343,12538,13110,11843,14007,13783,15976,16356,17182,24981,31462,30629,27189,21675,15894,15267,11962,9862,8681,7785,8780,15137,,
TWC,TWC2201,TRPG,twf_3,Wind,Wind,2026-06-30,19571,15605,9065,11115,9793,7844,6114,5783,3988,5960,6444,5900,4491,3745,3888,5918,5098,4200,3594,3821,4710,3959,3018,2553,3375,7057,8355,10732,8226,6714,7017,7640,8354,9384,8806,11182,11908,12441,12545,11257,10749,9978,8010,6754,4929,1584,0,362,,
TWH,TWH0331,WAIK,te_uku,Wind,Wind,2026-06-01,14680,14685,14680,14681,14680,14680,14684,14680,14680,14680,14681,14681,14684,14679,14680,14713,14677,14678,14691,14680,14677,14677,14681,14681,14674,14677,14678,14678,14679,14678,14677,14677,14677,14678,14677,14677,14678,14678,14679,14679,14676,14678,14677,14681,14677,14677,14678,14679,,
TWH,TWH0331,WAIK,te_uku,Wind,Wind,2026-06-02,14685,14677,14684,14677,14677,14679,12012,4291,14674,14683,14627,14694,14746,14676,14680,14675,14496,14482,14566,14675,14674,9332,11864,14675,14675,13203,11220,10366,9322,8856,9979,9656,7907,9947,5709,2809,2654,3079,2344,2393,1945,2483,2112,418,170,517,630,1412,,
TWH,TWH0331,WAIK,te_uku,Wind,Wind,2026-06-03,540,24,0,0,13,576,815,1623,758,72,0,2,7,0,0,374,1811,2467,3208,7420,7196,7935,13258,14676,14677,14677,14677,14677,14616,13874,14647,14678,14505,14631,14677,14679,14679,14679,14463,11674,7475,6940,6091,6146,3517,3236,4777,5888,,
TWH,TWH0331,WAIK,te_uku,Wind,Wind,2026-06-04,4581,4398,4441,4181,6601,4947,4206,4155,3564,2640,3216,3275,4298,4764,4480,7720,9869,9109,7055,9582,11254,11327,9297,7376,7566,6897,7088,7075,8344,10274,9469,14673,14679,14676,14683,14678,14676,14677,14674,14677,14683,14677,14680,14680,14418,14295,13716,13971,,
TWH,TWH0331,WAIK,te_uku,Wind,Wind,2026-06-05,14679,14679,14691,14689,14680,14682,14693,14682,14682,14692,14677,14706,14687,14677,13908,14612,14676,14693,14680,14678,14678,14678,14676,14682,14677,14676,14663,14678,14684,14677,14680,14677,14677,14686,14672,14677,14692,14679,14682,14686,14680,14677,14678,14680,14678,14685,14708,14683,,
TWH,TWH0331,WAIK,te_uku,Wind,Wind,2026-06-06,14686,14670,14683,14685,14691,14693,14684,14684,14681,14689,14689,14683,14681,14679,14676,14677,14654,14187,14666,12192,10361,10492,14215,11292,6168,3488,7756,9032,8865,12663,14342,13275,13894,14673,14676,14632,14678,14675,14676,14680,14677,14676,14677,14677,14676,14677,14677,14678,,
TWH,TWH0331,WAIK,te_uku,Wind,Wind,2026-06-07,14679,14678,14678,14679,14679,14678,14682,14682,14679,14678,14699,14682,14681,14680,14679,14684,14678,14677,14678,14677,14676,12144,9499,11156,11559,14396,12888,12751,11185,12693,14195,14677,14677,14677,14675,14675,14676,14676,14677,14678,14678,14681,14685,14679,14678,14684,14681,14682,,
TWH,TWH0331,WAIK,te_uku,Wind,Wind,2026-06-08,14682,14687,14682,14683,14683,14683,14683,14679,14679,14679,14678,14710,14685,14678,14676,14679,14680,14679,14679,14679,14680,14678,14675,14676,14676,14677,14677,14678,14685,14677,14676,14682,14683,14684,14681,14676,14675,14676,14675,14678,14679,14676,14676,14677,14678,14686,14681,14687,,
TWH,TWH0331,WAIK,te_uku,Wind,Wind,2026-06-09,14682,14685,14674,14650,14670,14677,14679,14679,14679,14678,14679,14675,14685,14686,14679,14677,14676,14677,14679,14678,14678,14680,14679,14681,14681,14679,14648,14008,14150,11357,7794,9152,9160,12258,13223,14456,14680,14678,14677,14678,14676,14678,14678,14678,14679,14679,14677,14681,,
TWH,TWH0331,WAIK,te_uku,Wind,Wind,2026-06-10,14676,14678,14678,14675,14682,14678,14678,14222,12409,12011,7504,3864,5100,9882,14140,14675,14676,14676,13131,7821,4018,1705,1514,1631,958,1872,1250,293,173,477,159,0,0,0,711,2563,3730,4164,4211,3011,1861,385,140,0,26,91,0,0,,
TWH,TWH0331,WAIK,te_uku,Wind,Wind,2026-06-11,272,203,279,1696,3020,1584,359,13,0,1,112,1433,3422,2787,2886,4767,5127,3487,1826,539,0,0,0,0,0,203,1065,499,52,0,11,1252,2530,2446,4296,7354,7293,5818,5219,5595,5397,5288,5106,6229,6789,5746,2691,662,,
TWH,TWH0331,WAIK,te_uku,Wind,Wind,2026-06-12,680,2117,2563,3456,6492,6983,8765,12131,14689,14471,14678,14679,14682,14685,14676,14675,14678,14679,14681,14678,14676,14676,14675,14676,14676,14675,14676,14676,14676,14675,14675,14674,14679,14678,14671,14675,14579,8938,5200,2163,392,99,9,3,103,277,826,1221,,
TWH,TWH0331,WAIK,te_uku,Wind,Wind,2026-06-13,2237,4727,7023,9833,8398,9681,12962,14663,12569,11493,10136,10692,14117,12639,6477,6138,3570,2473,2077,2532,1813,1282,731,32,0,0,0,0,0,21,198,36,293,301,1034,808,1327,621,303,1790,3844,5338,6752,2870,775,678,409,234,,
TWH,TWH0331,WAIK,te_uku,Wind,Wind,2026-06-14,143,194,491,505,289,823,986,1641,1477,1508,1723,1232,1021,1950,1578,1215,2076,1535,1499,4032,4495,2439,3269,3054,3391,6401,4708,5928,5468,5750,5064,3947,3741,2404,3444,3315,2346,3644,4411,4836,6280,8101,6805,7232,6132,7766,10318,10582,,
TWH,TWH0331,WAIK,te_uku,Wind,Wind,2026-06-15,8156,9560,10078,8528,9427,7448,7510,8746,9265,10430,11539,14678,10265,5251,5535,6456,7329,6229,4355,4127,7510,7765,10498,10036,14458,11874,8750,10457,9416,7339,5937,5946,6207,5924,9943,12619,8875,4578,7207,9832,9388,6304,7889,8703,5696,8761,12508,13513,,
TWH,TWH0331,WAIK,te_uku,Wind,Wind,2026-06-16,12515,10167,7616,13181,14510,14677,14277,8950,10654,11349,9584,2115,1740,686,70,0,0,0,1522,3022,1054,1772,2753,5579,5601,6326,7737,11389,9658,8532,9952,9273,8904,6202,7903,11279,12815,13188,8439,7952,1857,1405,525,21,561,3956,7053,11073,,
TWH,TWH0331,WAIK,te_uku,Wind,Wind,2026-06-17,12261,14334,12777,14674,14680,14680,14679,14680,14680,14679,14680,14686,14752,14674,14676,14676,14682,14680,14677,14684,14677,14677,14680,14681,14685,14698,14688,14489,13942,14503,14650,7991,3500,10244,10566,13713,13840,11433,10864,9200,7188,4482,4621,3067,1218,1494,1182,1880,,
TWH,TWH0331,WAIK,te_uku,Wind,Wind,2026-06-18,2355,934,979,780,87,234,103,211,821,1097,2573,5967,5495,3647,4204,3325,1909,1636,2306,2900,2352,2258,9093,8661,9989,11872,14164,13737,14670,14677,14665,14669,20822,24740,25832,28421,28591,28582,26336,28427,27630,28500,25629,16377,14613,13393,9247,7878,,
TWH,TWH0331,WAIK,te_uku,Wind,Wind,2026-06-19,8787,8976,6046,4505,3488,4514,3630,1903,1568,1146,1344,1056,5666,9040,10537,13124,14286,12350,9971,8725,7550,5588,2660,1021,264,238,14,5,0,0,0,0,0,0,0,0,0,0,0,0,0,0,0,0,151,384,721,417,,
TWH,TWH0331,WAIK,te_uku,Wind,Wind,2026-06-20,544,594,778,1038,933,765,1022,1074,1401,2319,2763,2545,905,945,1431,464,345,491,597,825,2687,3314,5160,7801,12194,9890,10416,10382,9362,12956,14217,16640,16463,15356,17322,19736,18957,18455,19350,20835,20466,20331,21899,22483,21196,22370,23637,25009,,
TWH,TWH0331,WAIK,te_uku,Wind,Wind,2026-06-21,26068,27554,27722,27716,27376,27145,27552,27160,27015,24987,25718,24296,26091,26298,25350,25176,25338,26478,27043,27086,26462,25767,25396,25079,26070,24027,22337,23273,20334,20048,18752,18353,17932,16564,14515,13943,14449,12198,13865,13935,13456,15974,15150,13697,12778,15639,25586,26508,,
TWH,TWH0331,WAIK,te_uku,Wind,Wind,2026-06-22,24965,25433,24417,24024,18480,17126,12460,8817,7774,4674,4818,5551,1744,2801,4279,3254,1423,0,881,4371,14813,19076,19012,14939,9987,8597,6979,4905,1692,1190,1387,1268,968,1261,1459,3729,5316,6097,4774,5803,7231,7013,7201,7922,8658,9834,8926,8841,,
TWH,TWH0331,WAIK,te_uku,Wind,Wind,2026-06-23,11485,11615,10804,9683,12037,12120,11793,12807,13100,14903,17653,21561,23643,22023,22456,22898,23724,23511,22721,21817,22352,24187,23918,23003,24190,22216,24235,23865,25177,23618,21809,15311,14413,18295,16390,13288,14924,15302,14365,19999,21890,23135,23633,21768,22029,19958,24611,26386,,
TWH,TWH0331,WAIK,te_uku,Wind,Wind,2026-06-24,27313,27920,27442,27400,27316,27616,27796,28019,27935,27209,27287,27460,26816,26204,26803,26426,25783,25830,26139,25797,26214,27052,26890,26955,26944,26908,26417,25378,22077,26178,11713,9923,14005,26618,28864,28968,28344,28837,29108,28137,26623,26987,28609,28549,28124,28124,27647,25262,,
TWH,TWH0331,WAIK,te_uku,Wind,Wind,2026-06-25,22907,23319,18979,19154,15929,13677,12360,12920,13583,14673,10394,8671,8238,5429,9161,12603,11048,10750,9149,8148,3875,1837,1018,52,15,203,1654,7252,12560,11739,9713,12807,17143,21361,17176,10838,2688,862,570,1612,13251,25433,27883,27771,27997,26850,12821,2268,,
TWH,TWH0331,WAIK,te_uku,Wind,Wind,2026-06-26,1967,1738,135,312,6956,8477,12882,15657,17109,19345,20835,22611,17852,20380,22749,19784,20418,21232,22810,23877,24804,26176,25830,25463,27616,27664,27571,25930,27626,27773,28610,28515,28789,28707,26726,25167,21155,16217,16654,18923,17391,16045,11703,10274,7326,6807,8482,6553,,
TWH,TWH0331,WAIK,te_uku,Wind,Wind,2026-06-27,6389,6661,6612,9863,15739,13887,10634,9078,7650,5144,5690,4973,5882,7989,7393,4997,6925,9176,9693,12375,12816,5307,3445,1054,1447,1167,832,640,1574,1612,2473,3100,4618,5170,4789,5538,7117,7375,8392,7487,6873,9603,12491,9905,11264,7739,8208,6527,,
TWH,TWH0331,WAIK,te_uku,Wind,Wind,2026-06-28,6615,7056,4821,5218,5993,6511,8839,10331,9356,7470,8854,11811,7953,5682,8008,9016,8946,7019,7787,8755,11328,7525,8200,11044,10411,13426,9401,3056,1741,529,139,57,126,536,408,198,678,1854,3907,6327,8308,7253,5419,2369,1134,480,777,235,,
TWH,TWH0331,WAIK,te_uku,Wind,Wind,2026-06-29,2,0,338,1938,4038,7828,7774,3085,1976,1214,437,2358,4379,7267,12658,19632,20784,18330,21299,17789,25312,22929,17380,16856,16655,16776,21993,17361,14982,11640,7166,9464,8630,8325,10765,10527,11237,10363,8306,7464,7436,9142,12158,16960,23209,24888,26158,28211,,
TWH,TWH0331,WAIK,te_uku,Wind,Wind,2026-06-30,28005,26649,27282,28332,27921,28551,29283,29277,29266,29300,29334,29301,29176,29223,29108,28988,28671,27735,26277,24833,21837,21695,19464,15247,12470,9222,5830,3045,2371,2091,2393,1884,1466,1252,1606,1714,1651,4112,6184,5149,4358,2618,971,10,73,679,2060,2465,,
WAI,WAI0331,HEDL,te_herenga_o_te_rā_solar_farm,SOL,PV,2026-06-01,0,0,0,0,0,0,0,0,0,0,0,0,0,0,0,0,0,0,0,0,0,0,0,0,0,0,0,0,0,0,0,0,0,0,0,0,0,0,0,0,0,0,0,0,0,0,0,0,,
WAI,WAI0331,HEDL,te_herenga_o_te_rā_solar_farm,SOL,PV,2026-06-02,0,0,0,0,0,0,0,0,0,0,0,0,0,0,0,0,0,0,0,0,0,0,0,0,0,0,0,0,0,0,0,0,0,0,0,0,0,0,0,0,0,0,0,0,0,0,0,0,,
WAI,WAI0331,HEDL,te_herenga_o_te_rā_solar_farm,SOL,PV,2026-06-03,0,0,0,0,0,0,0,0,0,0,0,0,0,0,0,0,0,0,0,0,0,0,0,0,0,0,0,0,0,0,0,0,0,0,0,0,0,0,0,0,0,0,0,0,0,0,0,0,,
WAI,WAI0331,HEDL,te_herenga_o_te_rā_solar_farm,SOL,PV,2026-06-04,0,0,0,0,0,0,0,0,0,0,0,0,0,0,0,0,0,0,0,0,0,0,0,0,0,0,0,0,0,0,0,0,0,0,0,0,0,0,0,0,0,0,0,0,0,0,0,0,,
WAI,WAI0331,HEDL,te_herenga_o_te_rā_solar_farm,SOL,PV,2026-06-05,0,0,0,0,0,0,0,0,0,0,0,0,0,0,0,0,0,0,0,0,0,0,0,0,0,0,0,0,0,0,0,0,0,0,0,0,0,0,0,0,0,0,0,0,0,0,0,0,,
WAI,WAI0331,HEDL,te_herenga_o_te_rā_solar_farm,SOL,PV,2026-06-06,0,0,0,0,0,0,0,0,0,0,0,0,0,0,0,0,0,0,0,0,0,0,0,0,0,0,0,0,0,0,0,0,0,0,0,0,0,0,0,0,0,0,0,0,0,0,0,0,,
WAI,WAI0331,HEDL,te_herenga_o_te_rā_solar_farm,SOL,PV,2026-06-07,0,0,0,0,0,0,0,0,0,0,0,0,0,0,0,0,0,0,0,0,0,0,0,0,0,0,0,0,0,0,0,0,0,0,0,0,0,0,0,0,0,0,0,0,0,0,0,0,,
WAI,WAI0331,HEDL,te_herenga_o_te_rā_solar_farm,SOL,PV,2026-06-08,0,0,0,0,0,0,0,0,0,0,0,0,0,0,0,0,0,0,0,0,0,0,0,0,0,0,0,0,0,0,0,0,0,0,0,0,0,0,0,0,0,0,0,0,0,0,0,0,,
WAI,WAI0331,HEDL,te_herenga_o_te_rā_solar_farm,SOL,PV,2026-06-09,0,0,0,0,0,0,0,0,0,0,0,0,0,0,0,0,0,0,0,0,0,0,0,0,0,0,0,0,0,0,0,0,0,0,0,0,0,0,0,0,0,0,0,0,0,0,0,0,,
WAI,WAI0331,HEDL,te_herenga_o_te_rā_solar_farm,SOL,PV,2026-06-10,0,0,0,0,0,0,0,0,0,0,0,0,0,0,0,0,0,0,0,0,0,0,0,0,0,0,0,0,0,0,0,0,0,0,0,0,0,0,0,0,0,0,0,0,0,0,0,0,,
WAI,WAI0331,HEDL,te_herenga_o_te_rā_solar_farm,SOL,PV,2026-06-11,0,0,0,0,0,0,0,0,0,0,0,0,0,0,0,0,0,0,0,0,0,0,0,0,0,0,0,0,0,0,0,0,0,0,0,0,0,0,0,0,0,0,0,0,0,0,0,0,,
WAI,WAI0331,HEDL,te_herenga_o_te_rā_solar_farm,SOL,PV,2026-06-12,0,0,0,0,0,0,0,0,0,0,0,0,0,0,0,0,0,0,0,0,0,0,0,0,0,0,0,0,0,0,0,0,0,0,0,0,0,0,0,0,0,0,0,0,0,0,0,0,,
WAI,WAI0331,HEDL,te_herenga_o_te_rā_solar_farm,SOL,PV,2026-06-13,0,0,0,0,0,0,0,0,0,0,0,0,0,0,0,0,0,0,0,0,0,0,0,0,0,0,0,0,0,0,0,0,0,0,0,0,0,0,0,0,0,0,0,0,0,0,0,0,,
WAI,WAI0331,HEDL,te_herenga_o_te_rā_solar_farm,SOL,PV,2026-06-14,0,0,0,0,0,0,0,0,0,0,0,0,0,0,0,0,0,0,0,0,0,0,0,0,0,0,0,0,0,0,0,0,0,0,0,0,0,0,0,0,0,0,0,0,0,0,0,0,,
WAI,WAI0331,HEDL,te_herenga_o_te_rā_solar_farm,SOL,PV,2026-06-15,0,0,0,0,0,0,0,0,0,0,0,0,0,0,0,0,0,0,0,0,0,0,0,0,0,0,0,0,0,0,0,0,0,0,0,0,0,0,0,0,0,0,0,0,0,0,0,0,,
WAI,WAI0331,HEDL,te_herenga_o_te_rā_solar_farm,SOL,PV,2026-06-16,0,0,0,0,0,0,0,0,0,0,0,0,0,0,0,0,0,0,0,0,0,0,0,0,0,0,0,0,0,0,0,0,0,0,0,0,0,0,0,0,0,0,0,0,0,0,0,0,,
WAI,WAI0331,HEDL,te_herenga_o_te_rā_solar_farm,SOL,PV,2026-06-17,0,0,0,0,0,0,0,0,0,0,0,0,0,0,0,0,0,0,0,0,0,0,0,0,0,0,0,0,0,0,0,0,0,0,0,0,0,0,0,0,0,0,0,0,0,0,0,0,,
WAI,WAI0331,HEDL,te_herenga_o_te_rā_solar_farm,SOL,PV,2026-06-18,0,0,0,0,0,0,0,0,0,0,0,0,0,0,0,0,0,0,0,0,0,0,0,0,0,0,0,0,0,0,0,0,0,0,0,0,0,0,0,0,0,0,0,0,0,0,0,0,,
WAI,WAI0331,HEDL,te_herenga_o_te_rā_solar_farm,SOL,PV,2026-06-19,0,0,0,0,0,0,0,0,0,0,0,0,0,0,0,0,0,0,0,0,0,0,0,0,0,0,0,0,0,0,0,0,0,0,0,0,0,0,0,0,0,0,0,0,0,0,0,0,,
WAI,WAI0331,HEDL,te_herenga_o_te_rā_solar_farm,SOL,PV,2026-06-20,0,0,0,0,0,0,0,0,0,0,0,0,0,0,0,0,0,0,0,0,0,0,0,0,0,0,0,0,0,0,0,0,0,0,0,0,0,0,0,0,0,0,0,0,0,0,0,0,,
WAI,WAI0331,HEDL,te_herenga_o_te_rā_solar_farm,SOL,PV,2026-06-21,0,0,0,0,0,0,0,0,0,0,0,0,0,0,0,0,0,0,0,0,0,0,0,0,0,0,0,0,0,0,0,0,0,0,0,0,0,0,0,0,0,0,0,0,0,0,0,0,,
WAI,WAI0331,HEDL,te_herenga_o_te_rā_solar_farm,SOL,PV,2026-06-22,0,0,0,0,0,0,0,0,0,0,0,0,0,0,0,0,0,0,0,0,0,0,0,0,0,0,0,0,0,0,0,0,0,0,0,0,0,0,0,0,0,0,0,0,0,0,0,0,,
WAI,WAI0331,HEDL,te_herenga_o_te_rā_solar_farm,SOL,PV,2026-06-23,0,0,0,0,0,0,0,0,0,0,0,0,0,0,0,0,0,0,0,0,0,0,0,0,0,0,0,0,0,0,0,0,0,0,0,0,0,0,0,0,0,0,0,0,0,0,0,0,,
WAI,WAI0331,HEDL,te_herenga_o_te_rā_solar_farm,SOL,PV,2026-06-24,0,0,0,0,0,0,0,0,0,0,0,0,0,0,0,0,0,0,0,0,0,0,0,0,0,0,0,0,0,0,0,0,0,0,0,0,0,0,0,0,0,0,0,0,0,0,0,0,,
WAI,WAI0331,HEDL,te_herenga_o_te_rā_solar_farm,SOL,PV,2026-06-25,0,0,0,0,0,0,0,0,0,0,0,0,0,0,0,0,0,0,0,0,0,0,0,0,0,0,0,0,0,0,0,0,0,0,0,0,0,0,0,0,0,0,0,0,0,0,0,0,,
WAI,WAI0331,HEDL,te_herenga_o_te_rā_solar_farm,SOL,PV,2026-06-26,0,0,0,0,0,0,0,0,0,0,0,0,0,0,0,0,0,0,0,0,0,0,0,0,0,0,0,0,0,0,0,0,0,0,0,0,0,0,0,0,0,0,0,0,0,0,0,0,,
WAI,WAI0331,HEDL,te_herenga_o_te_rā_solar_farm,SOL,PV,2026-06-27,0,0,0,0,0,0,0,0,0,0,0,0,0,0,0,0,0,0,0,0,0,0,0,0,0,0,0,0,0,0,0,0,0,0,0,0,0,0,0,0,0,0,0,0,0,0,0,0,,
WAI,WAI0331,HEDL,te_herenga_o_te_rā_solar_farm,SOL,PV,2026-06-28,0,0,0,0,0,0,0,0,0,0,0,0,0,0,0,0,0,0,0,0,0,0,0,0,0,0,0,0,0,0,0,0,0,0,0,0,0,0,0,0,0,0,0,0,0,0,0,0,,
WAI,WAI0331,HEDL,te_herenga_o_te_rā_solar_farm,SOL,PV,2026-06-29,0,0,0,0,0,0,0,0,0,0,0,0,0,0,0,0,0,0,0,0,0,0,0,0,0,0,0,0,0,0,0,0,0,0,0,0,0,0,0,0,0,0,0,0,0,0,0,0,,
WAI,WAI0331,HEDL,te_herenga_o_te_rā_solar_farm,SOL,PV,2026-06-30,0,0,0,0,0,0,0,0,0,0,0,0,0,0,0,0,0,0,0,0,0,0,0,0,0,0,0,0,0,0,0,0,0,0,0,0,0,0,0,0,0,0,0,0,0,0,0,0,,
WAI,WAI0331,LODE,te_herenga_o_te_rā_solar_farm,SOL,PV,2026-06-01,0,0,0,0,0,0,0,0,0,0,0,0,0,0,0,109,715,942,1126,1455,5661,4885,2919,4519,3163,3256,3431,2965,2747,1044,720,390,239,7,0,0,0,0,0,0,0,0,0,0,0,0,0,0,,
WAI,WAI0331,LODE,te_herenga_o_te_rā_solar_farm,SOL,PV,2026-06-02,0,0,0,0,0,0,0,0,0,0,0,0,0,0,0,0,4,30,99,165,599,533,679,596,794,733,649,568,892,391,449,453,174,233,5,0,0,0,0,0,0,0,0,0,0,0,0,0,,
WAI,WAI0331,LODE,te_herenga_o_te_rā_solar_farm,SOL,PV,2026-06-03,0,0,0,0,0,0,0,0,0,0,0,0,0,0,20,819,2063,2967,1944,1272,1710,1970,3916,5468,4486,3935,4993,3870,7392,5926,3975,1947,1405,497,44,0,0,0,0,0,0,0,0,0,0,0,0,0,,
WAI,WAI0331,LODE,te_herenga_o_te_rā_solar_farm,SOL,PV,2026-06-04,0,0,0,0,0,0,0,0,0,0,0,0,0,0,11,361,1486,1239,3043,9891,10360,10631,11187,10340,8725,6348,6590,4549,3497,2078,2250,749,735,111,0,0,0,0,0,0,0,0,0,0,0,0,0,0,,
WAI,WAI0331,LODE,te_herenga_o_te_rā_solar_farm,SOL,PV,2026-06-05,0,0,0,0,0,0,0,0,0,0,0,0,0,0,1,360,1024,979,2101,2530,4176,4889,4359,1754,2154,1462,1718,2450,1027,501,817,151,0,0,0,0,0,0,0,0,0,0,0,0,0,0,0,0,,
WAI,WAI0331,LODE,te_herenga_o_te_rā_solar_farm,SOL,PV,2026-06-06,0,0,0,0,0,0,0,0,0,0,0,0,0,0,0,98,1102,1604,4133,9381,10847,10880,10869,10327,10355,10508,9335,6261,2787,2134,4823,1519,378,187,6,0,0,0,0,0,0,0,0,0,0,0,0,0,,
WAI,WAI0331,LODE,te_herenga_o_te_rā_solar_farm,SOL,PV,2026-06-07,0,0,0,0,0,0,0,0,0,0,0,0,0,0,7,378,2801,6157,8570,10320,11468,11537,9938,8142,5851,5030,7859,10428,8950,7647,4177,3918,2121,298,0,0,0,0,0,0,0,0,0,0,0,0,0,0,,
WAI,WAI0331,LODE,te_herenga_o_te_rā_solar_farm,SOL,PV,2026-06-08,0,0,0,0,0,0,0,0,0,0,0,0,0,0,0,279,1074,985,0,575,0,0,7,1773,3315,5314,3816,3688,4074,4821,6274,1070,958,431,53,0,0,0,0,0,0,0,0,0,0,0,0,0,,
WAI,WAI0331,LODE,te_herenga_o_te_rā_solar_farm,SOL,PV,2026-06-09,0,0,0,0,0,0,0,0,0,0,0,0,0,0,7,507,2709,3184,5290,9935,10923,11641,11648,11576,10095,10027,10199,10107,7623,1584,2315,4256,1665,241,0,0,0,0,0,0,0,0,0,0,0,0,0,0,,
WAI,WAI0331,LODE,te_herenga_o_te_rā_solar_farm,SOL,PV,2026-06-10,0,0,0,0,0,0,0,0,0,0,0,0,0,0,5,469,2440,5481,7979,9752,11085,11428,11347,11166,11034,11049,8650,7696,7152,4424,6465,1971,1908,223,0,0,0,0,0,0,0,0,0,0,0,0,0,0,,
WAI,WAI0331,LODE,te_herenga_o_te_rā_solar_farm,SOL,PV,2026-06-11,0,0,0,0,0,0,0,0,0,0,0,0,0,0,0,257,757,1580,3101,4224,3854,4393,4596,5384,9034,10912,7921,7209,10331,9669,7522,4597,1802,208,0,0,0,0,0,0,0,0,0,0,0,0,0,0,,
WAI,WAI0331,LODE,te_herenga_o_te_rā_solar_farm,SOL,PV,2026-06-12,0,0,0,0,0,0,0,0,0,0,0,0,0,0,1,203,945,461,3883,8546,11325,11441,11305,11210,11002,10695,10374,10028,9378,8284,7087,4454,1732,176,0,0,0,0,0,0,0,0,0,0,0,0,0,0,,
WAI,WAI0331,LODE,te_herenga_o_te_rā_solar_farm,SOL,PV,2026-06-13,0,0,0,0,0,0,0,0,0,0,0,0,0,0,3,386,1433,5937,8423,10136,11330,11482,11420,11212,10910,10584,10251,9927,9387,8265,7051,4406,1699,163,0,0,0,0,0,0,0,0,0,0,0,0,0,0,,
WAI,WAI0331,LODE,te_herenga_o_te_rā_solar_farm,SOL,PV,2026-06-14,0,0,0,0,0,0,0,0,0,0,0,0,0,0,2,409,2538,5734,8166,9924,11096,11173,11119,11053,10849,10526,9858,10395,7928,3350,2678,1967,883,155,0,0,0,0,0,0,0,0,0,0,0,0,0,0,,
WAI,WAI0331,LODE,te_herenga_o_te_rā_solar_farm,SOL,PV,2026-06-15,0,0,0,0,0,0,0,0,0,0,0,0,0,0,1,393,2066,787,2165,5819,2393,11303,11210,8838,9645,3946,3194,2736,2228,4495,4867,1116,524,131,0,0,0,0,0,0,0,0,0,0,0,0,0,0,,
WAI,WAI0331,LODE,te_herenga_o_te_rā_solar_farm,SOL,PV,2026-06-16,0,0,0,0,0,0,0,0,0,0,0,0,0,0,0,336,2592,3280,4742,3827,2301,2624,2653,2288,2214,5813,3153,2287,798,523,98,479,509,311,45,0,0,0,0,0,0,0,0,0,0,0,0,0,,
WAI,WAI0331,LODE,te_herenga_o_te_rā_solar_farm,SOL,PV,2026-06-17,0,0,0,0,0,0,0,0,0,0,0,0,0,0,29,905,3287,6105,3199,4237,4484,7468,12201,6766,3925,4573,5801,3865,6957,8490,6086,3384,1446,177,0,0,0,0,0,0,0,0,0,0,0,0,0,0,,
WAI,WAI0331,LODE,te_herenga_o_te_rā_solar_farm,SOL,PV,2026-06-18,0,0,0,0,0,0,0,0,0,0,0,0,0,0,2,228,1135,2148,3766,8443,5612,5458,6889,9701,10969,9969,10339,10111,10411,8306,994,2119,1830,177,0,0,0,0,0,0,0,0,0,0,0,0,0,0,,
WAI,WAI0331,LODE,te_herenga_o_te_rā_solar_farm,SOL,PV,2026-06-19,0,0,0,0,0,0,0,0,0,0,0,0,0,0,3,230,1326,2368,2447,3221,10317,11892,11693,11000,10841,10430,3666,11042,8643,8975,7052,4663,1786,153,0,0,0,0,0,0,0,0,0,0,0,0,0,0,,
WAI,WAI0331,LODE,te_herenga_o_te_rā_solar_farm,SOL,PV,2026-06-20,0,0,0,0,0,0,0,0,0,0,0,0,0,0,7,298,1992,5642,8138,9875,11062,11238,11223,11080,10746,10302,9988,8721,3933,5167,4681,2026,818,94,0,0,0,0,0,0,0,0,0,0,0,0,0,0,,
WAI,WAI0331,LODE,te_herenga_o_te_rā_solar_farm,SOL,PV,2026-06-21,0,0,0,0,0,0,0,0,0,0,0,0,0,0,0,81,413,909,2200,1474,1654,1852,2620,4979,6738,2211,1474,2648,4395,4031,6071,4830,3381,490,0,0,0,0,0,0,0,0,0,0,0,0,0,0,,
WAI,WAI0331,LODE,te_herenga_o_te_rā_solar_farm,SOL,PV,2026-06-22,0,0,0,0,0,0,0,0,0,0,0,0,0,0,2,324,2352,5579,8088,9830,11136,11395,11304,11132,10812,10657,10466,8713,9266,9068,5338,4793,1193,220,0,0,0,0,0,0,0,0,0,0,0,0,0,0,,
WAI,WAI0331,LODE,te_herenga_o_te_rā_solar_farm,SOL,PV,2026-06-23,0,0,0,0,0,0,0,0,0,0,0,0,0,0,0,171,977,1760,6287,3244,6309,6578,6640,4952,7166,6786,3559,4114,3973,2111,2145,1612,761,41,0,0,0,0,0,0,0,0,0,0,0,0,0,0,,
WAI,WAI0331,LODE,te_herenga_o_te_rā_solar_farm,SOL,PV,2026-06-24,0,0,0,0,0,0,0,0,0,0,0,0,0,0,1,93,526,1480,1811,1906,2015,4314,3440,2595,3681,3400,1360,1376,887,709,277,161,26,1,0,0,0,0,0,0,0,0,0,0,0,0,0,0,,
WAI,WAI0331,LODE,te_herenga_o_te_rā_solar_farm,SOL,PV,2026-06-25,0,0,0,0,0,0,0,0,0,0,0,0,0,0,0,34,872,1017,2512,6556,8798,5092,1226,1256,3634,4145,9587,3869,2640,761,419,154,60,26,0,0,0,0,0,0,0,0,0,0,0,0,0,0,,
WAI,WAI0331,LODE,te_herenga_o_te_rā_solar_farm,SOL,PV,2026-06-26,0,0,0,0,0,0,0,0,0,0,0,0,0,0,0,11,301,439,703,1067,1229,2108,678,2169,2602,2360,2911,3439,2323,1613,1168,585,120,22,0,0,0,0,0,0,0,0,0,0,0,0,0,0,,
WAI,WAI0331,LODE,te_herenga_o_te_rā_solar_farm,SOL,PV,2026-06-27,0,0,0,0,0,0,0,0,0,0,0,0,0,0,0,429,1871,5835,6625,8708,9094,7547,11264,11055,10980,12307,6750,4236,3083,3016,2095,1498,939,154,5,0,0,0,0,0,0,0,0,0,0,0,0,0,,
WAI,WAI0331,LODE,te_herenga_o_te_rā_solar_farm,SOL,PV,2026-06-28,0,0,0,0,0,0,0,0,0,0,0,0,0,0,0,125,612,4378,7987,6771,7843,11219,7566,11135,10671,9766,10280,9908,9589,7874,5463,3032,1219,294,1,0,0,0,0,0,0,0,0,0,0,0,0,0,,
WAI,WAI0331,LODE,te_herenga_o_te_rā_solar_farm,SOL,PV,2026-06-29,0,0,0,0,0,0,0,0,0,0,0,0,0,0,1,323,2297,5177,7340,9785,11810,12661,12567,12665,7972,9396,9130,8493,7324,2683,2905,3510,1083,252,0,0,0,0,0,0,0,0,0,0,0,0,0,0,,
WAI,WAI0331,LODE,te_herenga_o_te_rā_solar_farm,SOL,PV,2026-06-30,0,0,0,0,0,0,0,0,0,0,0,0,0,0,0,122,773,2669,7064,9110,8467,11495,12583,11605,10941,11039,10590,10283,9758,8639,7467,5023,2109,245,2,0,0,0,0,0,0,0,0,0,0,0,0,0,,
WDV,WDV1101,MERI,te_apiti,Wind,Wind,2026-06-01,11452,11165,6621,3289,2112,215,0,17,0,110,1746,2225,234,0,0,0,0,0,2,770,1376,2193,5250,6713,639,3,0,26,391,141,410,355,373,186,554,134,248,0,0,32,19,1,197,119,543,1621,1995,1476,,
WDV,WDV1101,MERI,te_apiti,Wind,Wind,2026-06-02,3426,3311,4709,5845,6034,8696,11444,6662,5332,1754,3851,5200,8596,2881,1854,4336,4041,5798,2355,3634,5033,2246,1132,664,251,847,590,35,1909,3569,734,2417,6732,9030,13595,17069,21307,17977,16713,17224,15547,11118,9737,13501,12421,15632,12304,7775,,
WDV,WDV1101,MERI,te_apiti,Wind,Wind,2026-06-03,8420,11733,13782,18803,23765,20745,15041,12785,17349,20428,21328,17563,17400,16747,14642,10681,7518,6111,4439,2833,4263,8248,8234,9457,6245,6271,7007,4779,5508,4882,5680,3864,2444,1604,2594,3153,6513,6875,12185,14914,13078,9679,7912,8250,14668,20261,23215,21537,,
WDV,WDV1101,MERI,te_apiti,Wind,Wind,2026-06-04,20636,21130,20877,22111,23222,23583,22196,24686,26521,26098,25115,24042,22958,24297,22317,20533,21557,18943,18224,15871,16493,16876,18479,17758,16943,16106,17063,17964,15661,11867,20339,19302,18447,18211,15922,17628,18913,21892,20635,19741,20738,25072,24745,26009,24852,24110,21261,21065,,
WDV,WDV1101,MERI,te_apiti,Wind,Wind,2026-06-05,24707,24158,24518,23457,21637,20030,22064,21627,20513,19934,19294,22390,22496,20887,18350,5199,8960,5594,3727,1108,2550,9401,8861,5608,7572,14079,16560,20935,23219,21169,22118,23350,25679,24965,24970,22820,15982,12626,8057,5695,14945,13869,10363,2357,4210,13596,14481,6611,,
WDV,WDV1101,MERI,te_apiti,Wind,Wind,2026-06-06,3667,6059,9414,13496,16384,23000,16922,14871,14111,22516,25547,23816,24341,24919,27207,25452,24349,23428,24615,26508,23428,25353,26332,26329,24061,23681,19671,23761,22464,22861,23844,23000,22904,23530,20344,16029,16506,10322,7279,5846,10163,8837,5526,3658,4648,4297,8179,9627,,
WDV,WDV1101,MERI,te_apiti,Wind,Wind,2026-06-07,4361,2831,3561,3301,7705,11496,6942,3630,1684,1989,1410,57,8,39,778,752,245,2080,3897,8116,5902,3943,2002,560,41,0,0,0,13,1851,3874,2786,4328,7664,11843,17516,25030,25997,25576,23646,22083,20885,24799,27272,27148,27764,25972,25952,,
WDV,WDV1101,MERI,te_apiti,Wind,Wind,2026-06-08,25900,25074,24569,24298,23737,23121,24026,23939,23986,23788,23961,21523,23510,22559,22251,21209,19412,19448,19239,20615,20609,19755,20287,19351,14648,14887,14743,15355,16068,16036,17070,16485,17116,17037,15128,14564,15319,15283,15374,15108,24034,23788,23468,23988,17022,10208,19741,16432,,
WDV,WDV1101,MERI,te_apiti,Wind,Wind,2026-06-09,15618,12093,8969,3944,3317,1284,300,155,64,0,1082,4386,5654,4824,5063,7176,5412,5593,5408,1949,564,431,587,31,1360,2008,5819,9409,8610,17784,13253,16281,13781,14932,6720,6813,5558,8872,5677,1595,3792,5192,2528,0,31,492,534,1637,,
WDV,WDV1101,MERI,te_apiti,Wind,Wind,2026-06-10,1660,79,436,698,638,167,306,710,2122,0,0,73,6,0,0,0,0,0,0,0,0,0,8,359,1163,1992,2236,48,0,0,0,0,0,0,0,0,0,0,0,0,0,0,0,0,0,0,0,0,,
WDV,WDV1101,MERI,te_apiti,Wind,Wind,2026-06-11,0,0,0,0,0,0,0,0,0,2,531,149,0,0,0,0,0,0,0,0,0,0,0,0,0,0,164,1077,1293,1740,3763,7427,10633,9026,9744,10995,13837,13742,12154,14842,17059,16004,17660,18082,24707,26663,26629,26710,,
WDV,WDV1101,MERI,te_apiti,Wind,Wind,2026-06-12,27226,25644,25854,25820,27174,25657,25089,24026,23516,22695,23798,25349,26250,26080,25343,25391,24229,22971,21070,19426,16073,13218,10439,8375,4821,2111,481,45,0,0,0,0,0,0,0,0,855,649,1273,831,761,1130,1308,3301,2683,1547,452,0,,
WDV,WDV1101,MERI,te_apiti,Wind,Wind,2026-06-13,0,0,0,0,0,0,0,0,0,0,0,0,1027,1802,2847,1981,2763,2559,3159,4235,9666,12272,13306,17004,18714,21427,22826,23186,24631,22556,21342,23483,21811,23090,24231,24079,24203,21301,18276,15700,14774,17023,18668,20717,25926,26818,26274,22814,,
WDV,WDV1101,MERI,te_apiti,Wind,Wind,2026-06-14,22870,25641,25702,25049,24462,25332,25768,25816,25083,25328,24372,24706,24754,25388,25032,25186,24774,24088,23482,24062,22992,22732,24303,25140,24865,24579,24691,25558,25116,24965,24494,23546,23405,23023,22609,21888,22849,23931,23829,24979,24709,23858,24260,23784,25002,24667,24924,24559,,
WDV,WDV1101,MERI,te_apiti,Wind,Wind,2026-06-15,23350,22863,22741,21808,20992,21247,21610,23280,22904,22533,23135,24068,23566,24511,23354,22732,19774,19022,18398,18621,19788,18490,20273,19804,19660,20386,18491,20074,21532,22318,19132,18734,13632,9913,6304,9257,14167,12753,14262,10725,8749,9644,12521,13227,11103,11063,5556,393,,
WDV,WDV1101,MERI,te_apiti,Wind,Wind,2026-06-16,165,4064,5782,12313,15731,13514,12300,13238,12837,13521,14693,12941,11124,9479,8450,9980,10673,7091,4139,9778,12175,8242,6722,6515,3305,1298,1761,1258,1856,1458,2257,2932,3997,3904,3480,2029,960,35,0,0,0,329,1501,3451,6398,9339,17258,23386,,
WDV,WDV1101,MERI,te_apiti,Wind,Wind,2026-06-17,24518,23225,22900,22656,22194,21733,21340,20614,22192,20489,21551,21885,19647,17663,17042,17366,19920,22922,17683,19682,19386,16854,16723,14667,14324,13589,11356,9708,8803,8572,7251,4097,1270,0,0,0,1767,7522,5182,5237,7104,7086,8247,10833,13884,12674,11099,9848,,
WDV,WDV1101,MERI,te_apiti,Wind,Wind,2026-06-18,10964,8940,5051,2438,1303,1,0,0,631,3942,6911,9456,10628,10781,13383,17761,18164,16476,16726,19675,19796,19577,19692,19282,20220,20622,21103,21538,22239,23006,20111,19330,17445,14022,11447,9694,5187,1488,0,102,1542,2124,4241,3105,1576,51,882,2693,,
WDV,WDV1101,MERI,te_apiti,Wind,Wind,2026-06-19,2717,1438,552,677,311,785,2218,2150,1114,644,362,57,0,0,0,0,0,0,0,0,0,0,0,0,175,1029,2006,2525,3331,3779,5974,10129,11528,13639,17878,19756,22360,24163,22210,23268,22954,23289,23083,22673,22967,22121,21260,18161,,
WDV,WDV1101,MERI,te_apiti,Wind,Wind,2026-06-20,17228,16160,14895,15141,15443,16078,15874,14358,14427,15554,16270,15862,13466,12628,11552,11629,13880,15383,15117,17250,19584,19312,18503,17014,19752,19345,19618,18517,18684,18519,17156,16642,16259,14831,12905,13446,11769,12481,9404,7490,8668,9157,12892,12928,12878,13154,13340,12884,,
WDV,WDV1101,MERI,te_apiti,Wind,Wind,2026-06-21,12722,13355,12910,12635,12618,13462,13692,13835,12973,12908,12169,11437,12735,13030,13041,12011,10597,10599,10080,11532,9684,10158,10409,10726,9171,9022,7430,8312,9223,9669,9316,9849,10723,9591,8394,8883,11835,14623,15268,15193,12267,2078,1249,6458,8751,8977,8593,7765,,
WDV,WDV1101,MERI,te_apiti,Wind,Wind,2026-06-22,10191,11326,12263,12455,17333,19568,17882,13403,13580,10346,7816,8428,8199,8531,9995,12102,10899,10641,8062,7425,2701,1331,1889,3050,3443,4090,6327,7927,7320,6170,6253,6559,7400,10138,9831,10041,9964,10502,9011,9916,11682,11294,10210,8547,5689,2213,41,60,,
WDV,WDV1101,MERI,te_apiti,Wind,Wind,2026-06-23,2,0,0,0,0,0,0,0,0,0,0,0,7,0,0,0,0,0,0,0,0,0,0,0,0,0,0,0,0,0,643,2989,3562,4293,4343,3087,1330,1022,706,529,238,397,219,1838,3845,2751,2888,1181,,
WDV,WDV1101,MERI,te_apiti,Wind,Wind,2026-06-24,2135,1167,713,1513,2746,3640,3702,4746,4255,5559,5670,8133,9871,12217,13410,13525,11275,9035,9280,8761,7070,5879,5130,2247,1806,5891,7086,5615,10589,14544,14094,15607,17307,15546,16410,19248,20341,18726,15191,15643,16871,16213,15372,17403,18002,20646,18705,14708,,
WDV,WDV1101,MERI,te_apiti,Wind,Wind,2026-06-25,13740,12861,13897,14169,14635,16233,16559,16923,14034,10535,9965,7429,5486,4671,5385,9911,13838,16544,19636,20752,20482,20456,19313,19003,18279,19439,22303,21653,20506,19393,20365,20178,18784,19388,26124,24681,24266,24175,24697,22796,23071,21716,21825,22709,23125,22922,21545,22294,,
WDV,WDV1101,MERI,te_apiti,Wind,Wind,2026-06-26,21064,20224,19888,20230,20195,19098,18503,15709,15498,14775,12441,13067,15020,16864,17156,3749,0,0,0,0,0,0,0,0,0,0,0,0,0,7685,17665,22219,22421,20143,16521,10232,9031,10253,11067,3950,3838,7349,11363,9853,9055,14467,18667,14931,,
WDV,WDV1101,MERI,te_apiti,Wind,Wind,2026-06-27,11973,12048,10608,8466,7542,4717,4015,7062,7285,5995,7060,7019,5171,4409,5242,4708,4391,4619,3243,2140,1757,1318,2301,6372,4834,8540,12209,7426,6845,9048,17334,15144,11196,6510,7223,8223,8609,13235,16100,15590,15810,15217,10619,11116,12416,15110,17342,14858,,
WDV,WDV1101,MERI,te_apiti,Wind,Wind,2026-06-28,12408,10608,9764,10187,8519,11316,10201,10472,11648,11412,11679,9734,8657,8219,9275,9003,7979,7640,8041,8125,5762,7109,10462,11523,10399,8376,6196,8845,12822,15744,18086,19599,19878,20306,21910,22150,21428,20504,21685,22543,21131,20189,14074,14060,14221,13819,14595,15760,,
WDV,WDV1101,MERI,te_apiti,Wind,Wind,2026-06-29,16818,15898,14066,14429,15345,16514,17402,15933,10296,7550,6716,5753,5557,3108,3045,3404,1970,646,458,150,1103,1611,2858,1347,377,3835,6648,10005,8402,9818,9835,6555,8429,5971,11722,16641,20228,22528,21585,19671,17132,9665,7589,6952,5637,1106,1633,7471,,
WDV,WDV1101,MERI,te_apiti,Wind,Wind,2026-06-30,10719,10302,5496,4801,3428,2207,115,217,358,294,11,10,0,0,0,0,0,36,10,0,1,2,1099,3538,2786,6363,10370,7418,6080,3612,5632,4660,5932,6429,7233,7160,9466,10683,8162,4862,3830,2938,1823,1052,60,0,0,0,,
WHI,WHI2201,CTCT,whirinaki,Diesel,Thrml,2026-06-01,0,0,0,0,0,0,0,0,0,0,0,0,0,0,0,0,0,0,0,0,0,0,0,0,0,0,0,0,0,0,0,0,0,0,0,0,0,0,0,0,0,0,0,0,0,0,0,0,,
WHI,WHI2201,CTCT,whirinaki,Diesel,Thrml,2026-06-02,0,0,0,0,0,0,0,0,0,0,0,0,0,0,0,0,0,0,0,0,0,0,0,0,0,0,0,0,0,0,0,0,0,0,0,0,0,0,0,0,0,0,0,0,0,0,0,0,,
WHI,WHI2201,CTCT,whirinaki,Diesel,Thrml,2026-06-03,0,0,0,0,0,0,0,0,0,0,0,0,0,0,0,0,0,0,0,0,0,0,0,0,0,0,0,0,0,0,0,0,0,0,0,0,0,0,0,0,0,0,0,0,0,0,0,0,,
WHI,WHI2201,CTCT,whirinaki,Diesel,Thrml,2026-06-04,0,0,0,0,0,0,0,0,0,0,0,0,0,0,0,0,0,0,0,0,0,0,0,0,0,0,0,0,0,0,0,0,0,0,0,0,0,0,0,0,0,0,0,0,0,0,0,0,,
WHI,WHI2201,CTCT,whirinaki,Diesel,Thrml,2026-06-05,0,0,0,0,0,0,0,0,0,0,0,0,0,0,0,0,0,0,0,0,0,0,0,0,0,0,0,0,0,0,0,0,0,0,0,0,0,0,0,0,0,0,0,0,0,0,0,0,,
WHI,WHI2201,CTCT,whirinaki,Diesel,Thrml,2026-06-06,0,0,0,0,0,0,0,0,0,0,0,0,0,0,0,0,0,0,0,0,0,0,0,0,0,0,0,0,0,0,0,0,0,0,0,0,0,0,0,0,0,0,0,0,0,0,0,0,,
WHI,WHI2201,CTCT,whirinaki,Diesel,Thrml,2026-06-07,0,0,0,0,0,0,0,0,0,0,0,0,0,0,0,0,0,0,0,0,0,0,0,0,0,0,0,0,0,0,0,0,0,0,0,0,0,0,0,0,0,0,0,0,0,0,0,0,,
WHI,WHI2201,CTCT,whirinaki,Diesel,Thrml,2026-06-08,0,0,0,0,0,0,0,0,0,0,0,0,0,0,0,0,0,0,0,0,0,0,0,0,0,0,0,0,0,0,0,0,0,0,0,0,0,0,0,0,0,0,0,0,0,0,0,0,,
WHI,WHI2201,CTCT,whirinaki,Diesel,Thrml,2026-06-09,0,0,0,0,0,0,0,0,0,0,0,0,0,0,0,0,0,0,0,0,0,0,0,0,0,0,0,0,0,0,0,0,0,0,0,0,0,0,0,0,0,0,0,0,0,0,0,0,,
WHI,WHI2201,CTCT,whirinaki,Diesel,Thrml,2026-06-10,0,0,0,0,0,0,0,0,0,0,0,0,0,0,0,0,0,0,0,0,0,0,0,0,0,0,0,0,0,0,0,0,0,0,0,0,0,0,0,0,0,0,0,0,0,0,0,0,,
WHI,WHI2201,CTCT,whirinaki,Diesel,Thrml,2026-06-11,0,0,0,0,0,0,0,0,0,0,0,0,0,0,0,0,0,0,0,0,0,0,0,0,0,0,0,0,0,0,0,0,0,0,0,0,0,0,0,0,0,0,0,0,0,0,0,0,,
WHI,WHI2201,CTCT,whirinaki,Diesel,Thrml,2026-06-12,0,0,0,0,0,0,0,0,0,0,0,0,0,0,0,0,0,0,0,0,0,0,0,0,0,0,0,0,0,0,0,0,0,0,0,0,0,0,0,0,0,0,0,0,0,0,0,0,,
WHI,WHI2201,CTCT,whirinaki,Diesel,Thrml,2026-06-13,0,0,0,0,0,0,0,0,0,0,0,0,0,0,0,0,0,0,0,0,0,0,0,0,0,0,0,0,0,0,0,0,0,0,0,0,0,0,0,0,0,0,0,0,0,0,0,0,,
WHI,WHI2201,CTCT,whirinaki,Diesel,Thrml,2026-06-14,0,0,0,0,0,0,0,0,0,0,0,0,0,0,0,0,0,0,0,0,0,0,0,0,0,0,0,0,0,0,0,0,0,0,0,0,0,0,0,0,0,0,0,0,0,0,0,0,,
WHI,WHI2201,CTCT,whirinaki,Diesel,Thrml,2026-06-15,0,0,0,0,0,0,0,0,0,0,0,0,0,0,0,0,0,0,0,0,0,0,0,0,0,0,0,0,0,0,0,0,0,0,0,0,0,0,0,0,0,0,0,0,0,0,0,0,,
WHI,WHI2201,CTCT,whirinaki,Diesel,Thrml,2026-06-16,0,0,0,0,0,0,0,0,0,0,0,0,0,0,0,0,0,0,0,0,0,0,0,0,0,0,0,0,0,0,0,0,0,0,0,0,0,0,0,0,0,0,0,0,0,0,0,0,,
WHI,WHI2201,CTCT,whirinaki,Diesel,Thrml,2026-06-17,0,0,0,0,0,0,0,0,0,0,0,0,0,0,0,0,0,0,0,0,0,0,0,0,0,0,0,0,0,0,0,0,0,0,0,0,0,0,0,0,0,0,0,0,0,0,0,0,,
WHI,WHI2201,CTCT,whirinaki,Diesel,Thrml,2026-06-18,0,0,0,0,0,0,0,0,0,0,0,0,0,0,0,0,0,0,0,0,0,0,0,0,0,0,0,0,0,0,0,0,0,0,0,0,0,0,0,0,0,0,0,0,0,0,0,0,,
WHI,WHI2201,CTCT,whirinaki,Diesel,Thrml,2026-06-19,0,0,0,0,0,0,0,0,0,0,0,0,0,0,0,0,0,0,0,0,0,0,0,0,0,0,0,0,0,0,0,0,0,0,0,0,0,0,0,0,0,0,0,0,0,0,0,0,,
WHI,WHI2201,CTCT,whirinaki,Diesel,Thrml,2026-06-20,0,0,0,0,0,0,0,0,0,0,0,0,0,0,0,0,0,0,0,0,0,0,0,0,0,0,0,0,0,0,0,0,0,0,0,0,0,0,0,0,0,0,0,0,0,0,0,0,,
WHI,WHI2201,CTCT,whirinaki,Diesel,Thrml,2026-06-21,0,0,0,0,0,0,0,0,0,0,0,0,0,0,0,0,0,0,0,0,0,0,0,0,0,0,0,0,0,0,0,0,0,0,0,0,0,0,0,0,0,0,0,0,0,0,0,0,,
WHI,WHI2201,CTCT,whirinaki,Diesel,Thrml,2026-06-22,0,0,0,0,0,0,0,0,0,0,0,0,0,0,0,0,0,0,0,0,0,0,0,0,0,0,0,0,0,0,0,0,0,0,0,0,0,0,0,0,0,0,0,0,0,0,0,0,,
WHI,WHI2201,CTCT,whirinaki,Diesel,Thrml,2026-06-23,0,0,0,0,0,0,0,0,0,0,0,0,0,0,0,0,0,0,0,0,0,0,0,0,0,0,0,0,0,0,0,0,0,0,0,0,0,0,0,0,0,0,0,0,0,0,0,0,,
WHI,WHI2201,CTCT,whirinaki,Diesel,Thrml,2026-06-24,0,0,0,0,0,0,0,0,0,0,0,0,0,0,0,0,0,0,0,0,0,0,0,0,0,0,0,0,0,0,0,0,0,0,0,0,0,0,0,0,0,0,0,0,0,0,0,0,,
WHI,WHI2201,CTCT,whirinaki,Diesel,Thrml,2026-06-25,0,0,0,0,0,0,0,0,0,0,0,0,0,0,0,0,0,0,0,0,0,0,0,0,0,0,0,0,0,0,0,0,0,0,0,0,0,0,0,0,0,0,0,0,0,0,0,0,,
WHI,WHI2201,CTCT,whirinaki,Diesel,Thrml,2026-06-26,0,0,0,0,0,0,0,0,0,0,0,0,0,0,0,0,0,0,0,0,0,0,0,0,0,0,0,0,0,0,0,0,0,0,0,0,0,0,0,0,0,0,0,0,0,0,0,0,,
WHI,WHI2201,CTCT,whirinaki,Diesel,Thrml,2026-06-27,0,0,0,0,0,0,0,0,0,0,0,0,0,0,0,0,0,0,0,0,0,0,0,0,0,0,0,0,0,0,0,0,0,0,0,0,0,0,0,0,0,0,0,0,0,0,0,0,,
WHI,WHI2201,CTCT,whirinaki,Diesel,Thrml,2026-06-28,0,0,0,0,0,0,0,0,0,0,0,0,0,0,0,0,0,0,0,0,0,0,0,0,0,0,0,0,0,0,0,0,0,0,0,0,0,0,0,0,0,0,0,0,0,0,0,0,,
WHI,WHI2201,CTCT,whirinaki,Diesel,Thrml,2026-06-29,0,0,0,0,0,0,0,0,0,0,0,0,0,0,0,0,0,0,0,0,0,0,0,0,0,0,0,0,0,0,0,0,0,0,0,0,0,0,0,0,0,0,0,0,0,0,0,0,,
WHI,WHI2201,CTCT,whirinaki,Diesel,Thrml,2026-06-30,0,0,0,0,0,0,0,0,0,0,0,0,0,0,0,0,0,0,0,0,0,0,0,0,0,0,0,0,0,0,0,0,0,0,0,0,0,0,0,0,0,0,0,0,0,0,0,0,,
WHU,WHU1101,HENZ,tauhei_solar_farm,SOL,PV,2026-06-01,0,0,0,0,0,0,0,0,0,0,0,0,0,0,0,0,0,0,0,0,0,0,0,0,0,0,0,0,0,0,0,0,0,0,0,0,0,0,0,0,0,0,0,0,0,0,0,0,,
WHU,WHU1101,HENZ,tauhei_solar_farm,SOL,PV,2026-06-02,0,0,0,0,0,0,0,0,0,0,0,0,0,0,0,0,0,0,0,0,0,0,0,0,0,0,0,0,0,0,0,0,0,0,0,0,0,0,0,0,0,0,0,0,0,0,0,0,,
WHU,WHU1101,HENZ,tauhei_solar_farm,SOL,PV,2026-06-03,0,0,0,0,0,0,0,0,0,0,0,0,0,0,0,0,0,0,0,0,0,0,0,0,0,0,0,0,0,0,0,0,0,0,0,0,0,0,0,0,0,0,0,0,0,0,0,0,,
WHU,WHU1101,HENZ,tauhei_solar_farm,SOL,PV,2026-06-04,0,0,0,0,0,0,0,0,0,0,0,0,0,0,0,0,0,0,0,0,0,0,0,0,0,0,0,0,0,0,0,0,0,0,0,0,0,0,0,0,0,0,0,0,0,0,0,0,,
WHU,WHU1101,HENZ,tauhei_solar_farm,SOL,PV,2026-06-05,0,0,0,0,0,0,0,0,0,0,0,0,0,0,0,0,0,0,0,0,0,0,0,0,0,0,0,0,0,0,0,0,0,0,0,0,0,0,0,0,0,0,0,0,0,0,0,0,,
WHU,WHU1101,HENZ,tauhei_solar_farm,SOL,PV,2026-06-06,0,0,0,0,0,0,0,0,0,0,0,0,0,0,0,0,0,0,0,0,0,0,0,0,0,0,0,0,0,0,0,0,0,0,0,0,0,0,0,0,0,0,0,0,0,0,0,0,,
WHU,WHU1101,HENZ,tauhei_solar_farm,SOL,PV,2026-06-07,0,0,0,0,0,0,0,0,0,0,0,0,0,0,0,0,0,0,0,0,0,0,0,0,0,0,0,0,0,0,0,0,0,0,0,0,0,0,0,0,0,0,0,0,0,0,0,0,,
WHU,WHU1101,HENZ,tauhei_solar_farm,SOL,PV,2026-06-08,0,0,0,0,0,0,0,0,0,0,0,0,0,0,0,0,0,0,0,0,0,0,0,0,0,0,0,0,0,0,0,0,0,0,0,0,0,0,0,0,0,0,0,0,0,0,0,0,,
WHU,WHU1101,HENZ,tauhei_solar_farm,SOL,PV,2026-06-09,0,0,0,0,0,0,0,0,0,0,0,0,0,0,0,0,0,0,0,0,0,0,0,0,0,0,0,0,0,0,0,0,0,0,0,0,0,0,0,0,0,0,0,0,0,0,0,0,,
WHU,WHU1101,HENZ,tauhei_solar_farm,SOL,PV,2026-06-10,0,0,0,0,0,0,0,0,0,0,0,0,0,0,0,0,0,0,0,0,0,0,0,0,0,0,0,0,0,0,0,0,0,0,0,0,0,0,0,0,0,0,0,0,0,0,0,0,,
WHU,WHU1101,HENZ,tauhei_solar_farm,SOL,PV,2026-06-11,0,0,0,0,0,0,0,0,0,0,0,0,0,0,0,0,0,0,0,0,0,0,0,0,0,0,0,0,0,0,0,0,0,0,0,0,0,0,0,0,0,0,0,0,0,0,0,0,,
WHU,WHU1101,HENZ,tauhei_solar_farm,SOL,PV,2026-06-12,0,0,0,0,0,0,0,0,0,0,0,0,0,0,0,0,0,0,0,0,0,0,0,0,0,0,0,0,0,0,0,0,0,0,0,0,0,0,0,0,0,0,0,0,0,0,0,0,,
WHU,WHU1101,HENZ,tauhei_solar_farm,SOL,PV,2026-06-13,0,0,0,0,0,0,0,0,0,0,0,0,0,0,0,0,0,0,0,0,0,0,0,0,0,0,0,0,0,0,0,0,0,0,0,0,0,0,0,0,0,0,0,0,0,0,0,0,,
WHU,WHU1101,HENZ,tauhei_solar_farm,SOL,PV,2026-06-14,0,0,0,0,0,0,0,0,0,0,0,0,0,0,0,0,0,0,0,0,0,0,0,0,0,0,0,0,0,0,0,0,0,0,0,0,0,0,0,0,0,0,0,0,0,0,0,0,,
WHU,WHU1101,HENZ,tauhei_solar_farm,SOL,PV,2026-06-15,0,0,0,0,0,0,0,0,0,0,0,0,0,0,0,0,0,0,0,0,0,0,0,0,0,0,0,0,0,0,0,0,0,0,0,0,0,0,0,0,0,0,0,0,0,0,0,0,,
WHU,WHU1101,HENZ,tauhei_solar_farm,SOL,PV,2026-06-16,0,0,0,0,0,0,0,0,0,0,0,0,0,0,0,0,0,0,0,0,0,0,0,0,0,0,0,0,0,0,0,0,0,0,0,0,0,0,0,0,0,0,0,0,0,0,0,0,,
WHU,WHU1101,HENZ,tauhei_solar_farm,SOL,PV,2026-06-17,0,0,0,0,0,0,0,0,0,0,0,0,0,0,0,0,0,0,0,0,0,0,0,0,0,0,0,0,0,0,0,0,0,0,0,0,0,0,0,0,0,0,0,0,0,0,0,0,,
WHU,WHU1101,HENZ,tauhei_solar_farm,SOL,PV,2026-06-18,0,0,0,0,0,0,0,0,0,0,0,0,0,0,0,0,0,0,0,0,0,0,0,0,0,0,0,0,0,0,0,0,0,0,0,0,0,0,0,0,0,0,0,0,0,0,0,0,,
WHU,WHU1101,HENZ,tauhei_solar_farm,SOL,PV,2026-06-19,0,0,0,0,0,0,0,0,0,0,0,0,0,0,0,0,0,0,0,0,0,0,0,0,0,0,0,0,0,0,0,0,0,0,0,0,0,0,0,0,0,0,0,0,0,0,0,0,,
WHU,WHU1101,HENZ,tauhei_solar_farm,SOL,PV,2026-06-20,0,0,0,0,0,0,0,0,0,0,0,0,0,0,0,0,0,0,0,0,0,0,0,0,0,0,0,0,0,0,0,0,0,0,0,0,0,0,0,0,0,0,0,0,0,0,0,0,,
WHU,WHU1101,HENZ,tauhei_solar_farm,SOL,PV,2026-06-21,0,0,0,0,0,0,0,0,0,0,0,0,0,0,0,0,0,0,0,0,0,0,0,0,0,0,0,0,0,0,0,0,0,0,0,0,0,0,0,0,0,0,0,0,0,0,0,0,,
WHU,WHU1101,HENZ,tauhei_solar_farm,SOL,PV,2026-06-22,0,0,0,0,0,0,0,0,0,0,0,0,0,0,0,0,0,0,0,0,0,0,0,0,0,0,0,0,0,0,0,0,0,0,0,0,0,0,0,0,0,0,0,0,0,0,0,0,,
WHU,WHU1101,HENZ,tauhei_solar_farm,SOL,PV,2026-06-23,0,0,0,0,0,0,0,0,0,0,0,0,0,0,0,0,0,0,0,0,0,0,0,0,0,0,0,0,0,0,0,0,0,0,0,0,0,0,0,0,0,0,0,0,0,0,0,0,,
WHU,WHU1101,HENZ,tauhei_solar_farm,SOL,PV,2026-06-24,0,0,0,0,0,0,0,0,0,0,0,0,0,0,0,0,0,0,0,0,0,0,0,0,0,0,0,0,0,0,0,0,0,0,0,0,0,0,0,0,0,0,0,0,0,0,0,0,,
WHU,WHU1101,HENZ,tauhei_solar_farm,SOL,PV,2026-06-25,0,0,0,0,0,0,0,0,0,0,0,0,0,0,0,0,0,0,0,0,0,0,0,0,0,0,0,0,0,0,0,0,0,0,0,0,0,0,0,0,0,0,0,0,0,0,0,0,,
WHU,WHU1101,HENZ,tauhei_solar_farm,SOL,PV,2026-06-26,0,0,0,0,0,0,0,0,0,0,0,0,0,0,0,0,0,0,0,0,0,0,0,0,0,0,0,0,0,0,0,0,0,0,0,0,0,0,0,0,0,0,0,0,0,0,0,0,,
WHU,WHU1101,HENZ,tauhei_solar_farm,SOL,PV,2026-06-27,0,0,0,0,0,0,0,0,0,0,0,0,0,0,0,0,0,0,0,0,0,0,0,0,0,0,0,0,0,0,0,0,0,0,0,0,0,0,0,0,0,0,0,0,0,0,0,0,,
WHU,WHU1101,HENZ,tauhei_solar_farm,SOL,PV,2026-06-28,0,0,0,0,0,0,0,0,0,0,0,0,0,0,0,0,0,0,0,0,0,0,0,0,0,0,0,0,0,0,0,0,0,0,0,0,0,0,0,0,0,0,0,0,0,0,0,0,,
WHU,WHU1101,HENZ,tauhei_solar_farm,SOL,PV,2026-06-29,0,0,0,0,0,0,0,0,0,0,0,0,0,0,0,0,0,0,0,0,0,0,0,0,0,0,0,0,0,0,0,0,0,0,0,0,0,0,0,0,0,0,0,0,0,0,0,0,,
WHU,WHU1101,HENZ,tauhei_solar_farm,SOL,PV,2026-06-30,0,0,0,0,0,0,0,0,0,0,0,0,0,0,0,0,0,0,0,0,0,0,0,0,0,434,744,673,197,0,324,0,0,0,0,0,0,0,0,0,0,0,0,0,0,0,0,0,,
WIL,WIL0331,CKHK,mill_creek,Wind,Wind,2026-06-01,20815,21425,23736,25065,26465,27578,26626,26669,27508,27828,28229,26471,25471,25487,25169,24562,26318,26358,25423,22301,21821,25044,22839,24147,24060,22378,20958,20325,16340,17810,17650,18182,19863,19250,19566,21823,18072,17284,17338,15454,19013,19651,17774,21591,20245,21207,25027,25483,,
WIL,WIL0331,CKHK,mill_creek,Wind,Wind,2026-06-02,26301,26287,26954,27678,24692,25910,27201,28431,28429,28171,28293,28320,28444,28548,27831,28556,27626,22747,21949,17874,11611,11733,5674,4032,1185,1178,4144,11119,17810,11129,24532,23283,17359,21308,20802,12612,16374,17709,15368,15755,26604,27729,27483,22684,21111,21859,22898,22596,,
WIL,WIL0331,CKHK,mill_creek,Wind,Wind,2026-06-03,18479,16627,15619,15325,10962,8514,11215,9120,4078,2683,912,0,0,345,1225,1790,1337,422,472,211,0,0,0,0,0,0,0,0,0,0,0,0,0,0,0,0,0,0,371,1028,1408,2316,4156,6533,9499,10931,11996,14797,,
WIL,WIL0331,CKHK,mill_creek,Wind,Wind,2026-06-04,16424,10675,9980,13828,14107,18467,20232,17838,14488,23941,24532,25479,25077,23027,25059,23636,24360,20002,21881,25535,26474,26711,27569,28143,28296,26104,28664,28902,28952,28990,28913,28215,28556,28520,27688,27355,26937,27408,27102,26420,26452,25356,27711,28414,28275,28351,28195,28676,,
WIL,WIL0331,CKHK,mill_creek,Wind,Wind,2026-06-05,26854,5031,8553,27552,28565,28421,27613,28452,28952,28378,27539,28937,28653,28667,28517,27854,28225,28651,28604,28941,28890,28643,28442,28023,26935,27651,28074,27931,24686,21893,20684,27225,28904,28427,28040,28175,27823,26486,21882,25328,28534,28975,27713,28071,27602,27762,26373,27503,,
WIL,WIL0331,CKHK,mill_creek,Wind,Wind,2026-06-06,27559,13960,5752,12525,9518,14783,15968,18937,14539,15134,13109,11528,16337,13363,17101,13881,10845,8353,6951,5158,2653,3200,1959,1721,840,0,718,2803,5493,5510,5692,6774,8954,8947,8911,5271,4496,3914,3658,1811,491,893,1220,753,112,0,0,0,,
WIL,WIL0331,CKHK,mill_creek,Wind,Wind,2026-06-07,0,0,0,0,0,0,0,2,339,75,65,1403,4565,19026,19260,18883,10933,5090,3715,1229,52,9,0,0,0,0,41,758,1752,4700,8716,11567,11670,14944,19185,18486,17088,16689,13504,12097,8332,7647,7306,5867,3036,740,1400,2952,,
WIL,WIL0331,CKHK,mill_creek,Wind,Wind,2026-06-08,2750,7511,9543,10005,15870,16489,18196,14801,8658,6124,5918,5216,9844,11142,11036,12896,15258,12425,12314,11414,15730,16497,16805,18300,12702,6295,6393,16572,21553,20764,14305,5071,9221,16692,25071,26247,25657,22386,14271,25758,25233,26584,27524,28395,27986,27442,25343,19260,,
WIL,WIL0331,CKHK,mill_creek,Wind,Wind,2026-06-09,19793,12098,9729,7164,6913,5324,4105,2037,1395,2133,3033,5093,10391,9022,5820,17649,22465,24280,26642,27651,28057,28084,28118,28277,28291,28187,28007,27916,27206,27665,27757,27852,27173,25624,24841,23600,24072,20825,21751,21866,20517,18593,18885,24317,23381,22909,24715,24294,,
WIL,WIL0331,CKHK,mill_creek,Wind,Wind,2026-06-10,23980,23906,21685,17869,14600,9358,6291,4502,4160,4378,3275,1572,510,870,1864,3083,2108,1875,2675,2736,1672,2940,3354,3199,4379,7568,10169,9356,8165,9291,9070,5419,4646,4379,2901,1893,1194,370,123,320,441,116,0,0,0,0,0,0,,
WIL,WIL0331,CKHK,mill_creek,Wind,Wind,2026-06-11,0,0,0,0,0,0,0,0,156,356,460,392,295,35,26,40,162,93,31,571,1214,3818,4942,4954,5278,6391,9272,9449,9514,11817,12827,14162,15866,16601,16991,15988,15274,11354,9018,9108,8851,11242,13663,15707,17670,17811,20849,20840,,
WIL,WIL0331,CKHK,mill_creek,Wind,Wind,2026-06-12,21795,21339,19420,18040,12770,6892,8857,8245,4897,4503,1222,3238,3799,2890,2333,1454,1029,308,13,0,0,0,0,0,6,5205,5698,4301,3689,4141,4989,5183,4564,4670,3763,5547,6697,5957,4000,3841,4272,2985,1455,37,331,609,364,146,,
WIL,WIL0331,CKHK,mill_creek,Wind,Wind,2026-06-13,0,0,0,0,0,0,0,0,0,1,978,2931,4243,5533,7112,8005,7620,9208,8617,8235,12880,13890,15694,14686,16085,14359,13937,13219,14356,16714,16156,19005,20285,16720,13227,13406,11421,10523,7772,6445,4558,5230,5120,2935,3593,3067,5756,7920,,
WIL,WIL0331,CKHK,mill_creek,Wind,Wind,2026-06-14,4907,5896,4820,5413,6799,4799,11222,16383,18300,18622,20976,23056,22975,25496,24802,21733,19649,23240,24123,23455,22723,24903,22279,24300,25097,23051,23206,23749,23407,23433,22898,26075,26233,27155,27791,27787,26753,27093,27265,27779,27974,27123,27925,27377,26858,27962,27790,27623,,
WIL,WIL0331,CKHK,mill_creek,Wind,Wind,2026-06-15,27968,28027,28066,28176,27751,28203,28037,28131,28265,26737,27975,27934,27471,27489,26773,27648,25951,24394,23863,22546,23873,23642,24137,25608,25947,25719,27234,26527,26371,25849,26242,26343,25590,25017,25858,16339,8547,15736,22433,26874,27439,25737,25366,25224,21074,21452,16930,11212,,
WIL,WIL0331,CKHK,mill_creek,Wind,Wind,2026-06-16,10460,11316,14120,12804,10118,12550,14164,9056,10082,11955,18900,19322,18757,17729,19236,12141,12197,13424,11438,13866,12291,11386,12995,9329,8126,6700,5479,2454,1409,100,0,0,0,0,0,0,172,1963,4122,10848,17880,21796,21924,24893,26230,25347,25495,26365,,
WIL,WIL0331,CKHK,mill_creek,Wind,Wind,2026-06-17,27105,26693,26302,26918,26835,25554,22155,25823,26145,26175,27598,22729,11848,18562,14328,11676,10640,12445,10008,7075,6081,2321,1920,287,266,349,0,0,422,8909,14293,12385,13486,12916,15174,15235,14321,11540,10379,6917,5057,3430,2670,1917,1891,1511,785,1032,,
WIL,WIL0331,CKHK,mill_creek,Wind,Wind,2026-06-18,643,143,0,0,49,647,1790,4292,3861,7396,9952,9858,11642,14069,16128,20069,20352,24047,22830,19329,14588,9925,9698,6170,4869,2897,1842,1018,713,5,0,0,0,5386,3431,6259,13999,20062,18923,22357,19923,17522,16364,14469,9298,6298,8279,7595,,
WIL,WIL0331,CKHK,mill_creek,Wind,Wind,2026-06-19,6146,5758,3508,2218,2132,863,303,421,224,865,1659,704,1,0,0,0,0,90,1455,2788,5044,8717,11127,14640,19498,25310,25499,26878,27524,27397,27739,27858,28026,27464,27304,27760,27842,28263,28085,28068,28059,28495,28123,28206,28315,27394,28315,28484,,
WIL,WIL0331,CKHK,mill_creek,Wind,Wind,2026-06-20,28504,26638,28700,27956,27545,28219,28027,28683,28563,28157,27045,27605,27842,28152,28008,27925,28160,27791,27751,27933,27428,27282,27677,26866,26167,25077,19765,16898,14524,14364,14359,18831,21080,18980,19411,21854,20261,21604,26378,26497,26564,26861,25556,26245,26265,26380,26657,26718,,
WIL,WIL0331,CKHK,mill_creek,Wind,Wind,2026-06-21,26605,26486,26519,26328,26439,24295,23848,15921,11974,8371,1996,44,15,274,692,313,325,865,1462,603,285,0,0,0,0,0,0,0,0,0,2,36,0,192,8830,21308,24223,22334,19204,16810,13419,12461,10955,12088,18493,23464,24294,24300,,
WIL,WIL0331,CKHK,mill_creek,Wind,Wind,2026-06-22,20791,16482,16144,13522,9317,8041,3859,1576,2492,2967,2503,1620,2194,2337,2057,1724,1331,460,0,0,0,0,129,69,61,3,54,0,2,0,0,0,0,0,22,377,1589,1722,402,151,371,193,461,294,272,188,535,776,,
WIL,WIL0331,CKHK,mill_creek,Wind,Wind,2026-06-23,1349,1459,1200,135,56,502,1063,2078,4077,5791,6292,5351,5730,5902,6367,5880,6471,5732,6829,9384,8871,10093,8969,7854,7871,7686,8122,6964,8181,8848,5841,5390,4157,4456,3291,4454,4886,4522,3739,3163,4029,4328,3687,3132,1577,2946,2595,2712,,
WIL,WIL0331,CKHK,mill_creek,Wind,Wind,2026-06-24,2336,4898,6660,5153,6033,8625,10229,11193,11949,11381,6458,7707,7370,6522,2283,2209,4388,5015,4088,4698,4468,2863,1695,2249,3753,9952,8107,5953,3839,5415,4103,4869,4378,5709,6262,5011,5344,3120,1862,2493,3182,2403,1293,1140,471,445,0,0,,
WIL,WIL0331,CKHK,mill_creek,Wind,Wind,2026-06-25,0,0,0,69,0,0,2,1695,10642,20886,22747,26676,27578,28665,28771,28881,28599,28600,28832,28580,28955,28895,28800,28764,28893,28860,28708,28717,28581,28509,28015,28064,27944,27758,27769,27513,27587,27413,27709,26867,25686,24701,25454,23816,24563,22734,23026,21753,,
WIL,WIL0331,CKHK,mill_creek,Wind,Wind,2026-06-26,21226,21862,19847,19516,13960,16945,17474,19084,20580,17206,19074,19401,19911,20223,18697,20128,21313,17716,18299,16409,11840,13487,14900,12377,16706,15639,18958,20146,18441,15224,18638,15688,16487,15147,16304,18836,19341,18308,19260,17961,20341,23286,23210,21189,21890,21834,22600,22498,,
WIL,WIL0331,CKHK,mill_creek,Wind,Wind,2026-06-27,21467,20371,20731,17047,12972,11858,14732,21659,22757,22360,22319,22773,23608,23160,22267,21291,21865,23882,25028,24894,20346,21682,24100,24479,26974,27676,28136,27966,27883,27804,26469,25903,24330,22281,24290,26929,26931,26561,24718,26295,27015,26924,27570,28422,28347,28494,27901,28038,,
WIL,WIL0331,CKHK,mill_creek,Wind,Wind,2026-06-28,27919,27220,26602,26998,27694,28158,29143,29021,29055,27890,24442,23692,22104,20812,20658,20713,19516,19332,13746,12499,15021,16168,19437,20440,20887,18026,16713,17230,23280,22665,23501,22031,18047,17280,19331,19756,16692,14104,12969,9454,10488,13504,11378,13986,14582,11762,11562,15480,,
WIL,WIL0331,CKHK,mill_creek,Wind,Wind,2026-06-29,21831,22115,20061,18546,15738,16836,13497,13524,15664,16258,16629,16708,14848,15389,18122,20995,19896,19270,18389,18944,19497,18040,20753,17814,17947,21421,20530,20965,21076,18714,19680,18470,16764,11517,13221,12966,14169,10003,6009,3538,2663,2277,2800,4381,5279,3731,1620,1217,,
WIL,WIL0331,CKHK,mill_creek,Wind,Wind,2026-06-30,2642,4417,1913,1701,3218,2295,2563,1531,2000,2736,3481,3194,2675,2427,1888,1117,828,622,619,235,111,450,788,245,0,0,0,0,0,0,0,0,0,0,0,0,0,0,0,23,34,0,0,0,0,0,0,0,,
WKM,WKM2201,MRPL,whakamaru,Hydro,Hydro,2026-06-01,25670,15880,14590,14540,12320,12570,11180,13300,230,0,0,0,13700,13990,14380,14340,15350,29360,30450,30270,30600,45100,37750,34130,44670,46030,45930,45790,46000,45370,45940,46150,45680,45820,45880,45880,46010,45900,44490,38070,31060,26840,29870,24570,26720,27170,24620,30750,,
WKM,WKM2201,MRPL,whakamaru,Hydro,Hydro,2026-06-02,28600,26230,27370,17850,14190,13140,12310,680,0,10520,15090,19160,31680,41650,45460,45920,45790,44710,44550,44300,42340,41660,44740,42940,43320,45860,45940,45940,40090,38250,39930,40070,42560,43010,45850,45680,45980,45890,43040,30580,30540,30590,30310,23300,26460,22720,15290,14810,,
WKM,WKM2201,MRPL,whakamaru,Hydro,Hydro,2026-06-03,14990,15110,60,0,0,0,0,0,0,0,3950,18940,29930,29940,36220,45870,45670,46060,45880,38490,30540,30490,30700,30620,31620,30570,30660,30620,30600,30620,30610,39560,45890,45830,45950,46500,46520,46630,46290,45870,44690,42830,45830,46200,46170,41380,32780,27640,,
WKM,WKM2201,MRPL,whakamaru,Hydro,Hydro,2026-06-04,25110,24680,25000,17050,13500,20,0,0,0,0,3840,14770,21230,29620,29620,43880,45850,45890,45940,45950,45660,44470,31490,31060,31120,31090,31060,30070,29180,29650,29580,29550,38570,44450,44640,44780,45880,45940,45910,45790,45900,45830,44970,37050,22210,13190,14110,12920,,
WKM,WKM2201,MRPL,whakamaru,Hydro,Hydro,2026-06-05,8030,0,0,0,0,0,0,0,0,0,0,0,11850,31230,40030,44700,43000,37390,45350,45750,45610,46120,45860,45910,45870,45790,41660,36950,36990,36880,41320,45870,45900,46230,45570,45900,45840,45930,45760,32990,30390,28120,27660,27630,25880,13510,8120,0,,
WKM,WKM2201,MRPL,whakamaru,Hydro,Hydro,2026-06-06,0,0,0,0,0,0,0,0,0,0,0,0,0,0,0,7050,13970,20300,30720,30910,31050,30040,25530,25920,27110,25070,29380,30270,28150,27060,26520,29850,28630,29050,29800,41520,44940,41720,39870,39940,34240,30530,30600,28620,27600,27590,14110,15280,,
WKM,WKM2201,MRPL,whakamaru,Hydro,Hydro,2026-06-07,15270,15310,12730,0,0,0,0,0,0,0,0,0,0,710,14610,23960,30210,30550,30310,29960,30640,29700,29170,44320,45880,45820,45900,33660,30040,29830,30680,30220,43840,45730,45760,45820,45740,45650,44020,41450,41250,41620,41680,21920,10270,0,0,0,,
WKM,WKM2201,MRPL,whakamaru,Hydro,Hydro,2026-06-08,0,0,0,0,0,0,0,0,0,0,0,0,0,11520,30570,44050,44320,35450,29860,28350,20380,14510,14100,13300,13360,13260,15100,15390,15290,15250,15060,15400,15410,16300,31000,45780,45240,44990,45940,45410,46140,45480,43180,18060,15300,16070,15310,15290,,
WKM,WKM2201,MRPL,whakamaru,Hydro,Hydro,2026-06-09,15330,15290,15260,15230,14810,14800,15120,14760,15000,15280,14380,23950,34270,43530,40750,44220,45810,45410,44150,43030,40160,35950,42660,40060,31670,28520,29880,29540,25780,20510,20980,23810,37060,46310,46880,46250,46540,46670,46780,46730,46700,46670,46680,46690,46520,46750,46670,46550,,
WKM,WKM2201,MRPL,whakamaru,Hydro,Hydro,2026-06-10,46770,46250,43070,42780,43120,44290,44400,38390,44900,45870,45580,46440,46520,46490,46650,46530,46490,46630,46660,46670,46750,46520,46530,46700,46540,48500,44930,37270,38940,39000,40360,40910,46660,46340,46320,46590,46380,56950,62390,62240,62310,62210,62490,62000,62370,62280,62290,62320,,
WKM,WKM2201,MRPL,whakamaru,Hydro,Hydro,2026-06-11,52300,43830,40010,37020,31860,22870,22690,22720,30450,30780,30950,30550,44940,60900,61860,62100,62060,61360,61300,56290,42980,42270,42330,39990,29780,30640,30420,30100,31110,29960,29920,28920,35890,49100,61970,62080,62150,62230,59220,59220,58900,48110,44160,41720,27710,25690,26940,29310,,
WKM,WKM2201,MRPL,whakamaru,Hydro,Hydro,2026-06-12,24920,14890,14870,540,0,0,0,0,0,0,0,13900,29820,42500,44920,55920,61300,57480,59970,59120,44700,44480,45930,46020,44210,30860,30730,30620,30530,30510,33990,45320,46040,57550,61060,61220,61250,61320,61340,62180,61290,47110,46400,44450,46100,41070,30700,31200,,
WKM,WKM2201,MRPL,whakamaru,Hydro,Hydro,2026-06-13,30970,31220,30680,27800,26930,29020,26420,28400,26370,26030,27710,28360,30930,30580,42680,45420,44460,45670,45290,41800,30680,43550,43470,41810,30670,30360,29730,16710,30290,27200,30610,30670,36330,45680,58200,61200,61180,61260,61220,55280,55370,55270,53580,37200,33760,26950,17270,14480,,
WKM,WKM2201,MRPL,whakamaru,Hydro,Hydro,2026-06-14,12640,11550,15280,13580,12170,11350,15390,12350,40,0,0,0,6210,15320,15570,21720,31050,31090,31100,31070,29030,28250,27630,27530,26660,12160,11830,11810,11350,11880,15570,15520,16140,30650,31020,37500,46730,44510,30510,28730,30250,25120,16140,15050,18170,14640,110,0,,
WKM,WKM2201,MRPL,whakamaru,Hydro,Hydro,2026-06-15,0,0,0,0,0,0,0,0,0,0,0,0,8400,14930,23780,30490,30560,31110,31130,31080,31060,31150,30610,29600,27910,27610,30520,30480,30620,30630,30500,30570,36960,46730,59050,62080,62220,62220,62330,58750,46170,44510,44520,43020,45770,45550,41610,27870,,
WKM,WKM2201,MRPL,whakamaru,Hydro,Hydro,2026-06-16,27760,25600,12850,0,0,0,0,0,0,0,6050,15390,15350,28850,38170,59410,61280,61470,61040,51720,45990,45900,45910,45980,43660,37910,29960,25710,25800,28020,30740,30620,36200,43770,50870,60990,61350,61220,61210,61270,57450,56830,42310,42410,29670,29660,25190,14130,,
WKM,WKM2201,MRPL,whakamaru,Hydro,Hydro,2026-06-17,40,0,0,0,0,0,0,0,0,0,0,0,0,18800,45330,60850,59550,60210,46120,39130,17600,15040,27470,30970,31010,32090,46220,45630,46050,46000,46170,46160,52820,60680,61160,61000,60950,61430,61390,59500,59310,51410,45670,46650,46650,46540,35610,24800,,
WKM,WKM2201,MRPL,whakamaru,Hydro,Hydro,2026-06-18,24710,20810,12990,15260,15400,15090,12460,14600,13940,14110,13310,12940,23250,30450,32040,44920,43510,43270,33430,15650,23700,25200,23690,30950,25240,27080,15620,15030,12050,17360,27750,31090,35080,41690,46900,60060,62110,62300,62310,62400,62150,61580,60560,48210,45830,32160,15450,15340,,
WKM,WKM2201,MRPL,whakamaru,Hydro,Hydro,2026-06-19,15360,15360,15270,15340,15110,14490,440,0,0,0,20640,36320,54080,60980,59440,61390,61160,61420,61150,57190,48800,55620,45490,30660,30380,29940,30630,30680,30650,28700,21290,30240,30060,35930,44910,57300,55270,46010,45460,42860,42910,42980,43220,40650,29300,29620,21900,15330,,
WKM,WKM2201,MRPL,whakamaru,Hydro,Hydro,2026-06-20,15330,15460,370,0,0,0,0,0,0,0,0,0,20470,30700,28550,44560,45950,44570,45110,45870,46070,45650,44820,44420,45590,45880,45080,44470,44930,31710,30090,30040,29980,31250,43450,56730,61330,51130,38200,29840,33060,22840,18880,15380,23190,16680,15320,20960,,
WKM,WKM2201,MRPL,whakamaru,Hydro,Hydro,2026-06-21,15370,2750,3190,0,0,0,0,0,0,0,0,0,0,0,0,9120,29880,30600,36670,49260,55530,59120,57350,57280,39860,40980,34270,28720,28710,26850,25800,25170,26790,28550,29660,30690,36850,45840,46030,46000,46060,45820,45980,44080,35450,19090,13100,7410,,
WKM,WKM2201,MRPL,whakamaru,Hydro,Hydro,2026-06-22,0,0,0,0,0,0,0,0,0,2870,15360,18870,41200,57290,61190,61390,61440,59550,60160,53970,46110,45950,45970,45960,45950,40210,37010,37140,30960,30550,31180,37300,41160,52870,57540,61890,59730,59080,59510,60980,57380,57980,57490,51510,44520,42980,42900,39600,,
WKM,WKM2201,MRPL,whakamaru,Hydro,Hydro,2026-06-23,27940,25100,26140,24770,20230,15370,15230,14540,27980,36020,41440,34830,43940,52900,58750,62090,62010,60160,57950,59380,53350,50300,56200,53620,55660,55580,55440,44270,38590,45810,48720,49300,56860,61320,61980,62090,61930,62070,62100,62080,62070,62000,57700,45310,45690,45950,45610,34030,,
WKM,WKM2201,MRPL,whakamaru,Hydro,Hydro,2026-06-24,30690,27410,26280,29140,26480,15420,15400,15390,15390,15380,15380,16100,31350,43470,54170,57570,60330,61210,58650,57400,57800,59590,57090,57310,58380,51240,45890,45600,45510,46100,46140,54470,60950,61330,61150,61030,61450,59960,57710,55660,48490,46440,45920,37990,28070,29500,30500,25190,,
WKM,WKM2201,MRPL,whakamaru,Hydro,Hydro,2026-06-25,25440,16130,15640,14390,14140,13790,11770,13080,13460,13650,14690,17820,38170,45940,45970,45690,46300,45500,42960,45260,40320,33650,30470,29730,29540,39520,40170,29740,30150,37050,44750,44190,45690,59670,57600,61150,59320,60910,62230,46910,46640,42650,38480,40210,35620,26080,26840,25010,,
WKM,WKM2201,MRPL,whakamaru,Hydro,Hydro,2026-06-26,24260,16960,13620,14490,15390,13970,15400,14620,15120,15620,25100,25480,30360,39580,57370,60640,50490,45960,45930,45960,45950,46080,44600,45990,46020,45970,45920,37600,40680,41880,46120,45890,46200,60550,62230,62220,62030,62270,60300,59460,60890,59140,59380,49650,45930,43580,35370,15380,,
WKM,WKM2201,MRPL,whakamaru,Hydro,Hydro,2026-06-27,16670,28000,20050,15060,15350,15220,14390,7460,0,0,6400,14570,15340,15200,28810,35730,46040,46720,46690,46670,44190,43970,39460,30660,30680,26780,26100,26780,24440,22710,22740,25820,29780,31250,44470,45840,46690,41850,29390,29700,29370,29350,29340,30240,29910,17890,15210,15070,,
WKM,WKM2201,MRPL,whakamaru,Hydro,Hydro,2026-06-28,25770,15210,15350,13160,12460,0,0,0,0,0,0,0,0,0,0,0,1050,31950,45930,45950,37950,20870,15390,15400,15420,15390,13600,14360,15370,15310,15310,21800,41300,54390,61150,61140,61250,58720,47900,45960,45920,40920,41860,37830,27270,20890,15400,13930,,
WKM,WKM2201,MRPL,whakamaru,Hydro,Hydro,2026-06-29,3320,0,0,0,0,0,0,0,8410,14740,23350,30770,34810,45840,50970,61350,60800,46560,45990,44800,30660,30680,30700,30730,30740,29340,30530,33230,46040,45890,46210,45620,53460,58550,61460,60940,61290,61420,61010,61300,61180,61060,60840,56580,45170,45900,43180,24180,,
WKM,WKM2201,MRPL,whakamaru,Hydro,Hydro,2026-06-30,14490,13910,15330,15350,15420,15400,19510,30670,30160,30640,42110,39930,46250,59940,60080,61760,62340,62270,62140,62020,62150,60130,46780,44590,43320,44630,42420,43680,44520,40370,37080,39520,45510,43680,60520,61760,61890,62150,61430,61280,61190,61210,61610,61470,61260,61390,58810,41380,,
WKM,WKM2201,TUAR,mokai,Geo,Geo,2026-06-01,36416,36189,35943,35836,35238,34982,34768,34671,34763,34699,34820,34860,34690,34236,34137,34387,34358,34312,33792,33769,33738,33635,33497,33491,33180,33545,33554,33547,33904,33952,33672,33519,33445,34116,35616,35723,35611,35639,35603,35600,35565,35375,35552,35792,35911,35895,35375,35216,,
WKM,WKM2201,TUAR,mokai,Geo,Geo,2026-06-02,34974,34720,34651,34786,34323,34213,34099,34316,34418,34417,34053,34751,33700,33831,33691,33715,34189,34602,34453,34225,34064,33451,32860,33031,33955,33811,33213,33076,32839,32905,32565,32708,33126,33811,34939,34938,34780,35167,35693,35559,35635,35438,35409,35626,35919,35891,35890,35574,,
WKM,WKM2201,TUAR,mokai,Geo,Geo,2026-06-03,35800,35592,35547,35584,35702,35799,35647,35808,35958,35667,35660,35893,35747,35442,35413,35184,35109,35297,34931,34401,34637,34825,35291,34995,34479,34368,34676,34257,34109,34055,34373,34378,34618,35106,36679,36847,36815,36554,36933,37863,38088,38382,38577,38654,38981,38832,38306,38490,,
WKM,WKM2201,TUAR,mokai,Geo,Geo,2026-06-04,38762,38574,38879,38760,38857,38628,38201,37388,37794,37559,37465,37544,37500,37423,37155,36989,37173,37078,37021,36935,36205,35973,35626,35964,35832,35443,35448,35452,35700,35672,35389,35393,35286,35477,36426,36236,36121,36495,36203,36623,36481,36072,35736,35622,35978,36064,35354,35057,,
WKM,WKM2201,TUAR,mokai,Geo,Geo,2026-06-05,35153,34914,35359,35971,35743,35181,34981,34980,34944,34831,34456,34140,34002,33562,33990,34164,34078,34505,34130,34291,34444,34436,34157,34216,33556,33834,33929,33999,34570,34199,33994,33989,33935,34246,35041,35045,35085,35283,35374,35477,35826,36195,35924,36140,36285,36588,36165,36911,,
WKM,WKM2201,TUAR,mokai,Geo,Geo,2026-06-06,37030,36499,36379,36249,35985,35983,35750,36008,36071,35913,36112,36617,36874,36943,36573,36212,36109,36103,36068,36276,36151,36012,35539,34936,35172,35566,35980,36140,36368,36145,36280,36127,35870,36026,37462,37165,37488,37447,37379,36956,38448,38405,38572,38223,38281,38403,38403,38302,,
WKM,WKM2201,TUAR,mokai,Geo,Geo,2026-06-07,38294,38165,38138,37840,37542,37690,37406,37220,37812,38261,37500,37368,36992,37015,37245,37443,37060,37090,36770,36383,36287,36158,36033,36016,36019,35887,35912,35824,35640,35535,35510,36203,36021,36389,37189,37374,37285,37289,38095,38683,38841,38605,38986,39509,39100,39615,38832,39125,,
WKM,WKM2201,TUAR,mokai,Geo,Geo,2026-06-08,39251,39379,38552,38468,37993,38337,38536,38417,38264,37970,38079,37890,37301,37667,37527,36648,36453,36002,36399,36030,36627,35326,34843,34767,34759,34324,33971,34361,33687,33614,33254,33754,33960,34844,35843,35437,35450,36003,35931,35655,36267,36053,36235,36664,36650,36938,36885,36749,,
WKM,WKM2201,TUAR,mokai,Geo,Geo,2026-06-09,36722,36695,36859,36842,36890,36681,36388,36389,36580,36910,37286,36772,36453,36471,36147,36255,36479,36606,36319,36161,35906,35620,35437,34557,34323,33773,33999,33845,33975,34380,34651,34682,34756,35372,36265,35916,36154,36296,36471,36874,36890,37252,38380,38762,38704,39207,38575,38463,,
WKM,WKM2201,TUAR,mokai,Geo,Geo,2026-06-10,38266,37921,38020,38073,38288,38157,38020,37569,37560,37546,37451,37322,37973,38100,36518,35274,35583,35690,35560,34937,34102,33596,33465,33397,33697,32893,32657,32075,32401,32232,32198,32321,33240,35024,36151,35783,35709,35976,35977,36152,36703,36961,37504,37791,38699,38550,38166,38215,,
WKM,WKM2201,TUAR,mokai,Geo,Geo,2026-06-11,38860,38954,38968,38853,38651,38989,38596,38978,39271,38905,38695,38111,37984,37741,37595,37932,38032,37839,37469,37326,36896,36488,35408,35374,35411,35059,34582,34793,34983,34666,35035,34888,34915,35333,36691,37004,37357,37699,37615,37878,37744,37752,38046,37881,38196,38985,38704,38576,,
WKM,WKM2201,TUAR,mokai,Geo,Geo,2026-06-12,38488,38478,38543,38232,37561,37104,36733,36833,36954,36898,36025,35734,36392,36191,35383,35289,35047,34871,34955,34539,34479,34370,34245,34210,33988,34144,34048,33763,33839,33974,33999,34090,34653,35398,36773,37242,37771,38266,38354,38501,38682,38953,38915,38990,39114,39403,38620,38631,,
WKM,WKM2201,TUAR,mokai,Geo,Geo,2026-06-13,38634,38906,38910,38797,38856,38599,38616,38051,37966,36771,36926,36841,36679,37186,37789,37239,37082,37134,36966,36524,36258,36196,36031,35775,35900,36068,36043,35988,35785,35544,34810,34849,34845,35370,36589,36915,36944,36684,36599,36281,36646,36683,36763,36714,36841,37034,36776,36888,,
WKM,WKM2201,TUAR,mokai,Geo,Geo,2026-06-14,37269,37537,37734,37837,37632,37374,36850,36192,36044,36267,36433,36584,36531,31930,22669,34440,35981,35687,35373,35073,34821,34168,33747,33914,33832,33829,34014,33962,34043,34089,33986,33835,33883,33953,34810,34817,35040,35332,35511,35607,35586,35633,35769,35697,35641,35803,35289,35406,,
WKM,WKM2201,TUAR,mokai,Geo,Geo,2026-06-15,35388,35626,35610,35906,36087,36060,35663,35881,35746,35611,35573,35635,35532,35863,35596,35460,35406,35240,34885,34488,34414,34222,33839,35201,35225,35473,35041,34438,33925,34753,35072,35849,35889,36045,36975,36981,37169,37628,37725,37779,37682,37887,37700,37785,37820,37920,37435,37256,,
WKM,WKM2201,TUAR,mokai,Geo,Geo,2026-06-16,37034,37339,37300,37339,37271,37154,36902,36586,36521,36255,36143,36672,36368,36343,36464,36761,36963,37022,36651,36371,36192,35977,35601,35657,35694,35961,35804,35747,35735,35303,35722,35432,35775,36173,37048,36719,36879,37750,38167,38054,38423,38704,38963,39051,39240,39348,38982,38665,,
WKM,WKM2201,TUAR,mokai,Geo,Geo,2026-06-17,38959,38986,39004,38957,38920,39014,39236,38857,38575,37892,38680,38647,38866,38427,37747,37149,37101,36711,36112,36404,36511,35707,35654,35876,35883,35791,35038,35144,35561,35709,35306,35229,35477,35765,36413,36810,37428,38064,38142,38251,38663,38699,38758,38922,39101,39238,38612,39054,,
WKM,WKM2201,TUAR,mokai,Geo,Geo,2026-06-18,38918,39127,39377,39288,39466,39382,39078,38741,38802,38736,38823,38891,38246,37475,37394,37448,37264,37233,37039,36905,36546,36600,36771,36544,36696,36487,35877,35412,35546,35359,35621,35358,35630,36015,37130,37021,37631,37576,37256,37207,37568,37990,38143,37775,38507,38665,38447,38746,,
WKM,WKM2201,TUAR,mokai,Geo,Geo,2026-06-19,39351,39360,38755,38781,38923,38522,38576,38829,38852,38866,38988,39167,38864,37930,37612,37457,36892,37137,37184,36951,36499,36411,36664,36864,36208,36198,36298,35912,35782,35539,35759,35662,35733,36391,37862,38118,38474,38774,38873,38902,39245,39447,39521,39368,39475,39673,39757,39603,,
WKM,WKM2201,TUAR,mokai,Geo,Geo,2026-06-20,39910,40072,39775,39765,39562,39660,39548,39591,39407,39056,38971,38683,38425,38221,37845,37739,37696,37950,37966,37754,37423,37109,36682,36172,36033,36075,36195,36254,36222,36098,35955,35782,35856,36092,37107,36905,36977,36718,36740,36835,36816,36833,36950,36938,36885,37107,37073,36848,,
WKM,WKM2201,TUAR,mokai,Geo,Geo,2026-06-21,36888,37076,36745,36627,36405,36348,36214,36351,36243,36250,35936,35638,33651,33025,33326,33201,32776,32779,32632,32257,32294,32525,32752,32125,32222,31916,32053,31998,32085,31995,32509,32713,32885,33026,34078,34365,34526,34810,34830,35218,35242,34708,34319,34796,35298,35767,35433,35244,,
WKM,WKM2201,TUAR,mokai,Geo,Geo,2026-06-22,35914,35716,34749,34472,34594,34658,35043,35905,35795,35993,35680,35829,35578,35372,34633,34359,33986,33951,33866,33899,33969,34154,33796,33697,33421,33399,33401,33539,33708,33705,33556,33828,33821,34124,35072,35142,35275,35474,35722,35853,35997,36269,36342,36228,36245,36856,37235,36985,,
WKM,WKM2201,TUAR,mokai,Geo,Geo,2026-06-23,37144,37063,36767,36418,36623,36656,36669,36461,36486,36319,36363,36312,35890,35751,35871,35767,35664,35713,35152,35239,35003,28552,19116,18666,18517,18921,19494,19482,19400,18713,18788,18896,18734,18843,20334,20470,20639,20768,21060,21153,21763,22414,22479,22087,22225,22383,22180,22017,,
WKM,WKM2201,TUAR,mokai,Geo,Geo,2026-06-24,21375,21304,21163,20947,20928,21164,20991,20750,20345,20364,20270,20226,19807,19631,19359,19245,18244,18229,18162,18322,18152,18246,18210,18131,18380,18209,18155,18210,17907,17371,18562,19045,18700,18566,19421,20804,20860,21222,21662,21664,21223,20260,19961,20130,20274,20412,19933,19281,,
WKM,WKM2201,TUAR,mokai,Geo,Geo,2026-06-25,19111,19466,20115,20348,19865,19976,20708,20048,20266,20277,20641,20672,20193,20293,19825,19823,20127,19755,19247,19416,18972,18986,18761,18680,18729,19145,19014,18698,19108,18889,19274,19825,20036,20835,22077,22496,22311,22531,22600,22616,22634,22775,22647,22610,23272,23437,22941,22432,,
WKM,WKM2201,TUAR,mokai,Geo,Geo,2026-06-26,22250,22516,22940,22831,22773,22877,22772,22992,22677,22349,21921,21508,21196,20648,20232,19920,19825,19626,19437,19289,19061,18792,18692,18715,17347,24398,31747,33429,33547,33694,33716,33663,33798,33914,35099,35486,35175,35837,36175,35698,35437,35528,35538,35838,36112,36263,35916,35861,,
WKM,WKM2201,TUAR,mokai,Geo,Geo,2026-06-27,36044,36109,36630,36852,36709,36337,36328,36743,36622,35914,36444,36033,35921,36278,35646,35416,35108,34613,33885,33987,34360,33911,33414,33250,32856,32564,32815,32849,32931,32908,32990,33107,33309,33704,34869,34951,35407,35746,35596,36245,36488,36127,36276,36410,36254,36093,35417,34969,,
WKM,WKM2201,TUAR,mokai,Geo,Geo,2026-06-28,34847,35366,35665,35758,35874,36297,35871,35306,36040,35898,35752,35733,35274,34892,34501,34363,34265,34002,34110,34071,33626,33349,33172,33161,33149,33414,33733,34072,33946,34012,34037,34248,34389,34747,35577,36012,36072,36117,36453,36510,36486,36585,36678,36759,37075,37034,36229,36172,,
WKM,WKM2201,TUAR,mokai,Geo,Geo,2026-06-29,36564,36423,36638,37127,37023,36369,35902,36672,36759,36555,36413,36531,36315,35836,35222,35726,35519,35345,34910,34891,34998,34724,34462,34270,34065,34080,34199,34862,35507,35291,35618,35170,35241,35300,35759,35475,35692,35839,36144,36184,36323,36489,36623,36643,36685,37087,36647,36414,,
WKM,WKM2201,TUAR,mokai,Geo,Geo,2026-06-30,36278,36205,36112,36073,36059,36069,36000,35951,36021,35998,36046,36024,35585,35602,35210,34981,35005,34788,34457,34497,34537,35039,35607,35166,34888,35331,34288,33969,33789,35422,35350,36180,37797,38741,39705,38910,38374,38544,38868,38887,39015,39255,39284,39482,39425,39418,38715,38407,,
WPA,WPA2201,MRPL,waipapa,Hydro,Hydro,2026-06-01,12070,9560,7570,5350,5360,4380,4380,4370,4230,3870,3880,3890,3900,4240,4390,4390,8320,9170,12760,14480,14730,14700,15520,16220,17620,19130,19140,19140,19160,19120,19120,19360,22040,23370,25020,25060,25030,25040,25020,24980,22780,20840,17800,16700,16030,12440,8840,8810,,
WPA,WPA2201,MRPL,waipapa,Hydro,Hydro,2026-06-02,8850,8970,9190,8820,8820,6990,4200,3870,3880,3870,3840,4050,6190,11170,13070,13770,14560,14750,15660,16730,16710,16730,16730,21960,22080,22060,22100,23300,22060,22050,22040,22040,22010,20750,20980,22750,22110,22080,20080,15260,14420,13230,11530,8840,9620,9700,10300,7870,,
WPA,WPA2201,MRPL,waipapa,Hydro,Hydro,2026-06-03,6690,7440,4570,4510,4380,4380,4300,3890,4360,4630,5020,8820,9410,13110,14710,15080,20540,19210,19130,19120,19140,19140,19140,19330,21470,22040,22040,19220,17130,16890,17650,20130,19160,19890,22170,25030,25020,25010,23050,17720,14690,14670,20430,18430,15810,12090,12680,9450,,
WPA,WPA2201,MRPL,waipapa,Hydro,Hydro,2026-06-04,6030,6350,6360,4930,4630,4370,5710,6170,6520,4470,3940,7410,5800,9970,11700,16690,16730,16690,16690,16700,16680,16700,16700,16700,16710,16700,16690,17350,21770,22030,22040,22060,22050,22030,22090,22080,22090,22070,22060,20180,17160,14750,9760,8760,8130,6680,7340,7020,,
WPA,WPA2201,MRPL,waipapa,Hydro,Hydro,2026-06-05,4060,0,0,0,0,0,0,0,0,0,0,140,8290,16820,21300,22050,22050,22030,22040,22010,20170,17640,11970,12390,14680,14700,14700,14700,14710,14690,14700,14700,19690,22090,22040,22110,22100,22050,20700,16990,16120,12820,14650,14690,13150,9720,5870,5730,,
WPA,WPA2201,MRPL,waipapa,Hydro,Hydro,2026-06-06,7750,7830,5970,3890,3880,40,0,0,0,0,0,0,0,0,0,3420,9980,9830,13490,14060,13770,13770,14860,13210,13230,13240,13220,17450,17430,14970,14190,14690,14720,15130,16810,19400,19150,19130,19100,19110,19100,19100,19110,18480,12740,12700,11920,8330,,
WPA,WPA2201,MRPL,waipapa,Hydro,Hydro,2026-06-07,8300,5690,2180,0,0,0,0,0,5080,7830,7830,11060,11760,10830,8760,7710,11130,11550,12990,11250,10010,10740,11880,12820,14560,15920,15190,14590,13240,13210,16080,14430,13210,13410,17470,21490,22100,22050,22040,22020,19150,17470,14700,11590,9770,9750,9740,2610,,
WPA,WPA2201,MRPL,waipapa,Hydro,Hydro,2026-06-08,0,0,0,3560,8340,8320,8290,8320,8310,8300,8310,8320,8330,8330,11680,18350,18900,14810,11480,9770,9770,9780,9770,12490,13780,11530,11360,7200,7790,6360,6680,6840,6880,7820,8970,22260,23540,22920,20310,18010,17240,17120,17730,16230,19130,20100,16350,10650,,
WPA,WPA2201,MRPL,waipapa,Hydro,Hydro,2026-06-09,6400,7590,8200,14430,8900,12000,13230,13200,8960,9940,9020,14560,16290,16790,23460,23540,23520,23500,22450,21390,21520,21830,22040,20620,16420,11250,14670,14690,13320,10840,11460,15670,20890,22660,25050,25030,25060,25050,25050,25040,25040,25040,25010,22100,21780,22030,20740,18890,,
WPA,WPA2201,MRPL,waipapa,Hydro,Hydro,2026-06-10,14830,14120,13670,11690,9750,9740,9750,9730,9740,9740,12180,13380,16310,17620,18500,24940,17150,16700,16690,16710,16710,16660,16710,16690,16720,16700,16710,16700,12940,14160,15340,16720,16680,16720,16730,19460,25010,25040,25020,25020,24990,25010,24990,24940,24950,24110,19200,19070,,
WPA,WPA2201,MRPL,waipapa,Hydro,Hydro,2026-06-11,19070,16140,13070,12600,12700,12700,12690,12710,12710,15600,20280,23460,23540,23510,23860,25000,25000,25020,25010,25030,24990,24990,22160,22060,22060,21320,18320,15210,16100,16140,16160,16140,16170,16150,20190,24970,25010,24980,24990,18180,19100,19140,19140,19080,19120,14330,9750,9730,,
WPA,WPA2201,MRPL,waipapa,Hydro,Hydro,2026-06-12,5020,4850,4880,4880,4860,510,0,0,0,0,0,5150,13710,15150,13540,16110,19110,19130,19140,19140,20490,22070,22040,22290,22060,22040,20820,18940,17230,17370,18280,19100,21530,22030,24690,25000,25030,25030,25010,25000,24990,25000,24980,20680,20590,20580,20590,20580,,
WPA,WPA2201,MRPL,waipapa,Hydro,Hydro,2026-06-13,19170,18380,13230,13200,13220,13210,13210,13210,13210,13190,13230,13230,13210,13560,15490,20190,22100,22540,22100,22330,21570,18930,16970,16170,16420,14020,13220,13270,12570,8850,12720,13490,13770,14580,16900,21740,23580,23580,23560,23570,23540,23540,23570,22090,19120,15950,14670,13280,,
WPA,WPA2201,MRPL,waipapa,Hydro,Hydro,2026-06-14,11500,8840,8820,6570,4400,4380,5860,5830,4400,4770,5210,4820,4470,5680,6820,8280,9840,9770,11010,12720,11780,10980,10740,10750,9690,8770,6870,5950,4460,4560,7150,8260,11730,12060,14610,15680,16650,16370,15110,12480,10880,11450,10900,8210,8240,4900,4510,180,,
WPA,WPA2201,MRPL,waipapa,Hydro,Hydro,2026-06-15,3370,4060,3870,0,0,0,0,0,0,0,860,4300,6290,9140,11160,15320,16670,16380,14730,14730,14740,13750,14890,15030,15710,14960,16690,16230,15360,15720,19370,20990,22770,24650,23540,24820,24990,25010,24980,23460,22020,19390,17580,16130,16180,16160,16150,15390,,
WPA,WPA2201,MRPL,waipapa,Hydro,Hydro,2026-06-16,10770,10730,9820,4040,0,0,0,0,0,2710,7350,6620,14980,15690,16320,16650,16690,16650,16660,16640,16650,16660,16640,16650,16650,17070,16710,16920,24820,24920,24930,24930,24930,24920,24940,25010,25030,25010,24980,23850,14860,14690,14730,14710,14710,14680,11250,7090,,
WPA,WPA2201,MRPL,waipapa,Hydro,Hydro,2026-06-17,3250,0,0,0,0,0,0,0,0,0,960,6400,13280,19780,22020,22050,15080,14700,16580,16670,16650,16630,16660,16670,16700,16680,16670,16660,16660,16780,16890,24900,24980,24960,24990,24990,24980,25020,23780,19300,15260,16160,16180,16180,15830,9790,9750,9770,,
WPA,WPA2201,MRPL,waipapa,Hydro,Hydro,2026-06-18,9760,8820,9160,13820,14690,12400,10930,10740,10740,10730,8930,8730,11630,14550,15700,18170,20130,18820,17640,11640,10160,11780,9310,11590,10780,7340,7000,7350,7320,10680,12690,16170,16100,16420,21960,25010,25070,25050,25060,25060,24980,24950,25010,24980,24940,23130,14700,14650,,
WPA,WPA2201,MRPL,waipapa,Hydro,Hydro,2026-06-19,13630,7330,8260,8320,8340,6530,4870,4880,4870,6540,8350,10450,15790,18760,21080,23520,24990,23800,23560,23300,23240,23030,22570,22050,20610,15530,13460,13180,11250,9840,8870,11940,13210,13220,15570,18390,19170,22060,22050,21560,17680,19000,22070,22030,22050,19670,12830,12670,,
WPA,WPA2201,MRPL,waipapa,Hydro,Hydro,2026-06-20,10280,9770,7200,5730,7880,4940,4860,4880,4870,4860,4860,4880,4880,6210,8620,14670,14680,14700,14700,16430,18430,17640,14790,14700,14700,14690,16060,13970,13220,13220,13230,15010,15760,14700,14690,22820,18970,14470,14680,14910,15240,15030,14710,11890,10690,10350,9010,8650,,
WPA,WPA2201,MRPL,waipapa,Hydro,Hydro,2026-06-21,5520,5570,4430,70,5060,5050,5000,5360,2170,0,0,0,0,7110,12950,12720,10220,12650,15670,15140,14670,14930,14680,14670,14780,18900,18200,18200,17050,14710,15060,13320,13220,13890,21320,19210,19100,18230,16610,18090,19160,19110,17700,15210,15240,9530,5480,3620,,
WPA,WPA2201,MRPL,waipapa,Hydro,Hydro,2026-06-22,0,0,0,0,0,0,0,0,2400,8080,14760,15600,15690,19930,21050,22280,23770,23560,23530,23070,20900,20610,19170,19120,19110,19130,19130,19110,16250,17570,17640,17650,18870,19110,20340,24450,25030,25050,25020,24580,23560,22210,22100,22050,20330,15330,14730,14700,,
WPA,WPA2201,MRPL,waipapa,Hydro,Hydro,2026-06-23,14430,13220,13210,8890,11140,13710,15310,15640,15660,16760,17630,17900,23460,23540,23800,25030,25030,25010,23190,22090,22740,22690,22080,22030,21630,19920,19100,19110,19090,19130,20160,20600,21110,22810,24950,25070,25070,25060,25060,25030,25030,24730,23550,22810,20610,20380,18780,14590,,
WPA,WPA2201,MRPL,waipapa,Hydro,Hydro,2026-06-24,14670,14320,9790,9750,9760,9760,11970,12540,14270,10420,13160,15630,17700,20550,17350,21830,23560,23550,23560,23570,23580,23570,23580,23540,23560,23830,25000,24990,23640,22050,22040,23400,23560,23790,25030,25050,25070,25050,25020,25000,24990,24570,23210,20430,18200,17620,17640,13330,,
WPA,WPA2201,MRPL,waipapa,Hydro,Hydro,2026-06-25,13180,11810,9770,8950,8790,8790,8780,8780,8770,8760,8770,8920,12060,14340,16240,21070,21250,18940,17670,18000,17040,14800,17600,17700,17640,17560,16570,15010,16000,17280,17020,17600,19020,22290,23510,24980,25050,25050,25030,25050,24990,25010,25000,24050,22040,17930,14680,14670,,
WPA,WPA2201,MRPL,waipapa,Hydro,Hydro,2026-06-26,12480,9750,10400,9870,10710,10750,10720,9760,9740,9740,11050,11850,13850,14720,17630,17670,18040,20340,20640,22550,24360,25030,25010,25000,24990,24960,24970,24970,24950,24130,22040,22040,22040,22050,22700,24910,25040,25060,25040,25040,24760,23580,23570,23560,24210,21860,15960,17770,,
WPA,WPA2201,MRPL,waipapa,Hydro,Hydro,2026-06-27,14700,14090,12710,9190,8820,8830,8840,8830,7930,8320,8840,11980,14680,13240,16730,20730,19160,17440,17660,18880,19310,20610,19720,19120,18180,16180,15910,14700,13290,13380,14680,14700,14700,14950,15420,22030,22120,20020,19170,17180,16390,14460,19590,16960,16340,14250,10400,9380,,
WPA,WPA2201,MRPL,waipapa,Hydro,Hydro,2026-06-28,6720,5890,5990,6070,4680,5790,5860,1770,0,0,4240,4820,4360,6850,14720,14830,18430,17670,17650,17650,17610,17610,13410,9770,9760,9770,9740,9770,9770,9760,9740,9770,9760,9790,10570,22060,25030,25010,24150,21810,15790,13870,14700,13440,10250,7390,6520,5250,,
WPA,WPA2201,MRPL,waipapa,Hydro,Hydro,2026-06-29,4370,6270,4730,4360,4390,4380,4370,4360,5680,7350,6740,10260,12610,18980,23470,23570,23580,24890,25000,24970,24980,24910,24910,23070,17640,15750,11740,11720,11740,11720,12590,14690,14710,17000,22070,24810,25040,25060,25020,25000,25010,23240,21630,20990,15720,13190,13200,11830,,
WPA,WPA2201,MRPL,waipapa,Hydro,Hydro,2026-06-30,8770,8760,12340,12150,11710,11080,8820,8890,9750,14500,15430,15680,21240,24940,25020,25030,25040,25030,25030,25010,25000,24990,25010,24940,24970,24950,24950,24910,18450,19070,19080,19090,19110,19120,23530,25030,25020,24990,25000,25010,25010,25000,25030,24980,24990,22410,22040,22020,,
WPG,WPG0331,TRPG,waipori,Hydro,Hydro,2026-06-01,4465,4933,9192,7079,5916,4748,6813,9459,8269,5598,3708,2967,3629,5673,4614,3665,4799,4916,5310,2449,2059,1237,1353,857,653,396,363,2325,7645,16615,16529,16571,17439,14040,13177,12341,9892,10185,7960,7987,8490,11808,14276,11775,7062,4791,2551,2479,,
WPG,WPG0331,TRPG,waipori,Hydro,Hydro,2026-06-02,3543,2863,2677,3747,2832,2848,3173,3534,2617,1462,1636,1039,1550,1558,1016,217,2435,6420,7350,6681,6559,6639,6659,6412,6466,6040,6284,6317,6078,5774,5047,8116,7765,6566,7861,6727,4937,6091,4088,2596,1978,3010,4048,4252,3973,3195,4201,4381,,
WPG,WPG0331,TRPG,waipori,Hydro,Hydro,2026-06-03,7068,4035,3406,3612,2012,1489,1666,1678,2688,2368,1673,673,168,59,417,346,160,0,90,0,184,325,705,923,701,417,560,712,431,84,212,356,580,869,1483,1528,1795,2930,2446,2621,2102,3615,4823,4929,3040,2756,1843,2816,,
WPG,WPG0331,TRPG,waipori,Hydro,Hydro,2026-06-04,2757,2638,4255,7185,7089,8516,10093,3610,4070,5658,6911,7610,4919,3532,5184,5044,3776,7163,7617,7189,7088,8410,6818,6343,6294,6299,3975,2918,4005,4143,3593,3104,3003,3957,3714,2127,1264,1421,4059,8754,9757,6307,7248,13362,11097,6456,4307,4196,,
WPG,WPG0331,TRPG,waipori,Hydro,Hydro,2026-06-05,3850,2787,2721,3826,5985,8757,5886,5174,3483,4976,3857,1335,1879,3036,6780,4438,7804,7253,5896,7015,7253,7902,8602,7819,5247,2392,1879,2191,3257,2665,3310,1947,1258,2192,3107,3371,4279,6266,4577,2759,1401,496,936,5638,5300,2606,889,580,,
WPG,WPG0331,TRPG,waipori,Hydro,Hydro,2026-06-06,2308,0,0,0,0,0,0,0,0,0,0,0,0,0,0,0,0,0,0,0,0,0,0,0,0,0,0,0,0,0,0,0,0,0,0,0,0,0,0,0,0,0,0,0,0,0,0,0,,
WPG,WPG0331,TRPG,waipori,Hydro,Hydro,2026-06-10,0,0,0,0,0,0,0,0,0,0,0,0,0,0,0,0,0,0,0,0,0,0,0,0,0,0,0,0,0,0,0,0,423,793,255,828,1543,2054,2235,2363,2204,2232,2287,2079,1985,1987,2028,2026,,
WPG,WPG0331,TRPG,waipori,Hydro,Hydro,2026-06-11,2006,1944,1694,1355,1010,739,565,456,312,254,258,207,231,212,207,1230,1673,1026,1149,1576,1858,2157,2335,3469,3778,4059,3378,3773,3203,2881,3517,4242,4288,5900,8154,10239,10235,12476,14539,17475,17287,17395,17248,16804,17296,17517,17452,17431,,
WPG,WPG0331,TRPG,waipori,Hydro,Hydro,2026-06-12,17268,15003,9475,7525,10982,8268,7729,6390,4645,2664,5930,6513,7761,7524,4469,3647,4642,4890,3789,4519,5828,7113,6406,3802,2691,2828,3162,2684,2617,3118,2197,2823,3017,2471,2138,2094,2132,2161,2168,2149,2170,2294,2680,2675,2673,2671,2669,2231,,
WPG,WPG0331,TRPG,waipori,Hydro,Hydro,2026-06-13,1979,1758,1508,1304,1128,1041,1123,970,969,1011,949,2024,3323,5639,3608,1975,2351,2076,2318,3397,3021,2195,2032,1973,1955,1959,1945,1912,1295,637,0,784,2817,4471,3897,2765,2681,2505,3207,4827,4092,4839,5760,3665,3297,3810,10043,10576,,
WPG,WPG0331,TRPG,waipori,Hydro,Hydro,2026-06-14,6686,7265,7316,8568,8586,6212,8433,6945,7138,11125,10241,8027,9746,11986,11979,13288,8072,5754,8686,11784,13283,14705,15386,15418,15402,15404,14543,7444,8002,7094,6191,13408,13723,12182,6951,7176,3769,1351,775,4225,8339,9572,8950,7504,8214,11418,9298,7612,,
WPG,WPG0331,TRPG,waipori,Hydro,Hydro,2026-06-15,11861,7769,9482,10077,12306,12550,14219,15279,15126,15141,15416,10899,4622,8205,13206,12397,12802,14124,15656,16638,16156,15603,14622,15644,14940,15850,13124,11801,8217,7182,4176,4910,3544,3820,3346,3687,3605,3406,2926,2391,2108,2101,2192,2074,2040,2051,2044,2169,,
WPG,WPG0331,TRPG,waipori,Hydro,Hydro,2026-06-16,2092,2741,2556,2808,2930,2442,2153,2167,2156,2154,2571,3257,2722,2227,2162,2412,3373,5274,4772,6090,6636,8273,7343,5602,3539,2170,2177,2443,2826,4905,7671,9903,11662,12841,15414,17032,17922,17823,16809,17466,18415,18472,18434,18438,18327,17184,9387,12527,,
WPG,WPG0331,TRPG,waipori,Hydro,Hydro,2026-06-17,17482,17480,15375,14730,15887,15402,15180,14885,12701,14360,14905,15443,15702,16568,15950,16322,16699,16985,17195,17371,17340,16938,15920,15887,12563,12120,11097,13551,11228,13796,14198,13642,14045,8867,6224,5476,4384,2642,3270,2649,2833,3709,2611,2307,2201,2665,2611,2321,,
WPG,WPG0331,TRPG,waipori,Hydro,Hydro,2026-06-18,2661,3369,4375,4268,4140,8511,7665,7211,8771,9765,5374,3721,5108,5958,8198,7424,10543,14955,16593,17007,17070,16154,17007,16525,17092,16896,16620,16195,15922,15598,15747,15614,14160,11923,7798,7901,7010,4924,3819,2233,2249,2347,2246,2445,2756,3106,2977,2862,,
WPG,WPG0331,TRPG,waipori,Hydro,Hydro,2026-06-19,3288,3326,2907,3224,5553,5510,4629,3619,4790,5291,5611,4938,6671,8725,9805,7948,7550,6925,7068,16021,17540,17530,17520,17514,17539,17549,17456,16921,17388,15563,15569,17350,17210,17502,14378,12644,7490,14626,13411,10094,14136,17481,17208,17111,17059,15953,15733,11873,,
WPG,WPG0331,TRPG,waipori,Hydro,Hydro,2026-06-20,2798,2499,2666,4778,3832,2373,1350,1175,1024,3596,12856,9550,14229,13344,11254,13835,12148,10008,10067,10616,9818,8374,1391,2588,7238,5683,2280,2596,4940,9002,9633,8609,9882,6306,7496,10323,8564,13028,15009,12587,9905,13380,14974,14031,12232,11596,14029,14263,,
WPG,WPG0331,TRPG,waipori,Hydro,Hydro,2026-06-21,13665,13348,11609,13343,13834,13457,14427,14627,14847,14902,15363,15293,15217,14551,15191,13792,14936,15419,12761,13402,7983,6630,5712,11686,9719,12120,14150,14640,11720,6891,10429,13909,14741,15340,15348,15226,15273,15191,15198,15405,15425,15279,15344,15013,14814,12770,14330,15251,,
WPG,WPG0331,TRPG,waipori,Hydro,Hydro,2026-06-22,15370,15396,15394,15418,15284,12592,7731,6138,9243,8697,9805,20516,23974,16874,13618,13745,14051,14437,13827,13335,11187,10335,9855,5094,2891,3245,4646,3887,3203,2231,2207,2246,2251,2263,2260,2260,2262,2255,2257,2252,2249,2253,2248,2262,2257,2401,2536,2701,,
WPG,WPG0331,TRPG,waipori,Hydro,Hydro,2026-06-23,2798,3504,4533,4756,5121,4210,3784,3019,2780,2448,2576,2928,3167,3207,2775,2381,2319,2441,2354,2663,2542,2349,2248,2325,3076,3712,3534,2685,2032,1905,1923,2164,2130,1838,1777,1969,3407,4702,3796,3934,3022,3808,5645,6913,6934,6310,8924,9329,,
WPG,WPG0331,TRPG,waipori,Hydro,Hydro,2026-06-24,10567,10665,8895,9554,9589,7258,8498,6263,5625,5871,8528,11101,12971,11610,11323,12127,13599,12410,12114,13840,13694,9537,7781,5514,2776,2791,2551,3524,4290,7407,11497,11501,11017,13675,13595,17324,17614,17614,17562,17575,17583,17600,17608,17607,17598,17548,17358,17106,,
WPG,WPG0331,TRPG,waipori,Hydro,Hydro,2026-06-25,16912,16709,16566,16471,16440,16388,16352,16358,16233,15872,15004,15039,14991,14912,14603,14350,14830,13950,15764,15822,15382,15629,15192,15294,15323,15239,15142,14318,13597,13949,14086,13594,12440,11816,11350,10029,10630,7100,7204,7429,6368,5680,4547,3792,3171,2642,2486,1409,,
WPG,WPG0331,TRPG,waipori,Hydro,Hydro,2026-06-26,791,687,523,339,0,0,212,0,171,891,834,468,0,0,0,0,0,0,0,0,0,95,38,500,856,475,917,530,744,905,1286,551,630,713,1015,270,0,0,0,0,0,0,0,0,0,135,329,482,,
WPG,WPG0331,TRPG,waipori,Hydro,Hydro,2026-06-27,998,676,969,1652,1207,998,450,407,1069,590,396,595,1718,2199,2791,2538,1222,539,227,345,338,0,0,0,0,0,0,0,0,150,650,837,789,262,0,0,0,0,0,393,0,0,0,0,441,27,229,538,,
WPG,WPG0331,TRPG,waipori,Hydro,Hydro,2026-06-28,90,0,0,30,942,291,0,382,1089,1110,616,0,97,175,291,0,393,312,189,85,1275,1020,207,2553,7449,5698,11640,11795,13316,12780,12524,10901,7914,11136,11581,11923,10700,8150,7411,9474,6656,6532,5732,3002,1411,2241,1637,900,,
WPG,WPG0331,TRPG,waipori,Hydro,Hydro,2026-06-29,1096,295,115,0,0,0,641,798,244,555,759,957,1289,1603,1806,1903,1967,1982,2024,2130,2628,3231,3305,4056,5313,5545,3609,2929,3205,3246,3161,2913,2757,2421,2643,3152,3209,3137,2718,3020,3450,3430,3093,2566,2065,2040,2033,2032,,
WPG,WPG0331,TRPG,waipori,Hydro,Hydro,2026-06-30,2036,2038,2031,2036,2038,2039,2037,2040,2026,2041,2038,2031,2033,2033,2040,2027,2034,2034,2033,2026,2040,2016,2025,2050,2065,2337,2613,2789,2898,3077,3119,3101,3550,3744,3599,2529,2246,2358,2283,2358,2473,2644,2880,3226,3198,2446,2030,2034,,
WRK,WRK0331,HAWK,rotokawa,Geo,Geo,2026-06-01,9814,9836,9784,9804,9860,9759,9749,9734,9750,9744,9697,9710,9721,9803,9750,9714,9680,9719,9804,9722,9694,9638,9624,9640,9623,9656,9611,9628,9651,9586,9581,9610,9665,9703,9747,9799,9799,9741,9601,9600,9581,9643,9643,9612,9625,9657,9625,9594,,
WRK,WRK0331,HAWK,rotokawa,Geo,Geo,2026-06-02,9554,9617,9570,9547,9580,9573,9562,9557,9585,9638,9678,9636,9671,9668,9656,9647,9603,9737,9728,9670,9577,9537,9526,9555,9520,9476,9458,9456,9481,9605,9595,9591,9604,9632,9654,9665,9691,9711,9718,9692,9752,9816,9819,9811,9830,9783,9800,9784,,
WRK,WRK0331,HAWK,rotokawa,Geo,Geo,2026-06-03,9806,9810,9819,9837,9807,9836,9795,9798,9841,9837,9835,9850,9874,9874,9852,9871,9863,9849,9871,9858,9865,9880,9836,9804,9764,9697,9650,9677,9677,9663,9631,9662,9679,9756,9828,9921,9953,9960,10024,9965,10003,10026,10019,10065,10106,10132,10242,10247,,
WRK,WRK0331,HAWK,rotokawa,Geo,Geo,2026-06-04,10294,10313,10330,10355,10338,10355,10403,10335,10351,10332,10301,10344,10342,10368,10358,10331,10313,10304,10252,10135,6707,1,0,0,0,0,0,0,0,0,0,0,242,568,961,997,1024,1003,1020,1009,2973,8321,8447,8445,8394,8381,8388,8383,,
WRK,WRK0331,HAWK,rotokawa,Geo,Geo,2026-06-05,8375,8365,8367,8368,8409,8392,8373,8367,8367,8374,8367,8379,8369,8353,8357,8365,8383,8382,8366,8375,8377,8345,8337,8327,8244,8317,8253,8325,8344,8349,8333,8333,8329,8347,8371,8346,8342,8360,8362,8352,8359,8405,8399,8392,8408,8462,8434,8432,,
WRK,WRK0331,HAWK,rotokawa,Geo,Geo,2026-06-06,8433,8475,8406,8436,8429,8440,8430,8434,8483,8456,8438,8457,8483,8497,8517,8528,8513,8517,8512,8486,8475,8472,8459,8421,8426,8414,8432,8434,8455,8480,8493,8532,8522,8513,8529,8523,8525,8535,8535,8555,8556,8551,8544,8581,8587,8586,8579,8575,,
WRK,WRK0331,HAWK,rotokawa,Geo,Geo,2026-06-07,8583,8602,8625,8624,8616,8580,8574,8584,8593,8604,8593,8619,8612,8608,8610,8649,8630,8627,8572,8520,8538,8489,8479,8462,8436,8401,8450,8461,8442,8434,8475,8492,8509,8529,8553,8584,8637,8646,8659,8689,8700,8730,8759,8776,8788,8740,8723,8716,,
WRK,WRK0331,HAWK,rotokawa,Geo,Geo,2026-06-08,8697,8732,8676,8670,8622,8618,8617,8609,8593,8603,8602,8590,8596,8566,8572,8596,8612,8626,8549,8507,8492,8487,8438,8381,8347,8375,8362,8344,8334,8351,8374,8389,8388,8471,8482,8466,8423,8438,8468,8465,8447,8438,8436,8431,8409,8428,8433,8442,,
WRK,WRK0331,HAWK,rotokawa,Geo,Geo,2026-06-09,8455,8482,8498,8517,8529,8528,8548,8575,8594,8627,8650,8635,8586,8601,8626,8610,8577,8573,8527,8503,8509,8501,8434,8414,8398,8422,8428,8482,8485,8460,8494,8548,8562,8600,8606,8538,8519,8648,8710,8688,8642,8648,8641,8625,8603,8614,8682,8803,,
WRK,WRK0331,HAWK,rotokawa,Geo,Geo,2026-06-10,8732,8744,8762,8780,8874,8900,8897,8909,8938,8966,9040,9047,9098,9081,9125,9103,9093,9099,9063,8989,8950,8858,8754,8706,8672,8656,8588,8513,8554,8568,8500,8481,8504,8661,8579,8744,8771,8866,8891,8926,8937,8931,8944,8952,8963,8980,8979,8982,,
WRK,WRK0331,HAWK,rotokawa,Geo,Geo,2026-06-11,9005,9012,9029,9032,9020,9037,9035,9047,9063,9086,9078,9095,9082,9084,9072,9083,9092,9069,8949,8851,8778,8760,8722,8649,8656,8729,8666,8511,8542,8601,8641,8652,8676,8755,8799,8831,8868,8875,8879,8890,8924,8932,8966,8979,9018,9056,9086,9070,,
WRK,WRK0331,HAWK,rotokawa,Geo,Geo,2026-06-12,9071,9057,9039,9030,9030,9023,9004,9012,9015,9015,9018,9027,9037,9065,9081,9092,9094,9062,9046,9014,8957,8914,8759,8671,8602,8619,8610,8578,8571,8563,8568,8590,8622,8656,8660,8707,8751,8794,8788,8822,8825,8837,8835,8856,8846,8863,8841,8849,,
WRK,WRK0331,HAWK,rotokawa,Geo,Geo,2026-06-13,8889,8905,8899,8907,8912,8869,8875,8863,8834,8829,8822,8833,8882,8899,8918,8926,8935,8923,8901,8859,8825,8794,8812,8796,8720,8690,8662,8641,8629,8627,8617,8614,8639,8690,8750,8768,8804,8840,8858,8866,8865,8893,8928,8929,8917,8943,8965,8969,,
WRK,WRK0331,HAWK,rotokawa,Geo,Geo,2026-06-14,8973,8980,8973,8971,8977,8981,8985,8977,8968,8942,8941,8950,8941,8967,8951,8958,8955,8948,8941,8917,8892,8871,8853,8821,8795,8771,8753,8720,8686,8691,8669,8672,8668,8669,8669,8679,8688,8694,8705,8684,8696,8708,8719,8741,8735,8725,8720,8733,,
WRK,WRK0331,HAWK,rotokawa,Geo,Geo,2026-06-15,8751,8759,8762,8738,8733,8742,8745,8769,8769,8774,8785,8787,8777,8774,8785,8789,8794,8780,8751,8673,8638,8610,8589,8598,8589,8586,8574,8566,8575,8546,8551,8558,8621,8671,8683,8684,8693,8690,8708,8732,8742,8729,8732,8747,8761,8773,8771,8790,,
WRK,WRK0331,HAWK,rotokawa,Geo,Geo,2026-06-16,8796,8780,8784,8776,8785,8794,8796,8787,8774,8774,8761,8725,8732,8716,8722,8732,8758,8770,8764,8763,8756,8740,8731,8740,8738,8698,8720,8702,8673,8601,8611,8615,8717,8725,8758,8724,8798,8799,8810,8825,8836,8821,8837,8873,8900,8911,8923,8941,,
WRK,WRK0331,HAWK,rotokawa,Geo,Geo,2026-06-17,8932,8926,8936,8965,8952,8999,8975,8923,8920,8904,8874,8884,8893,8884,8853,8853,8871,8852,8746,8749,8716,8696,8707,8688,8701,8668,8643,8628,8640,8662,8657,8682,8694,9046,10014,10248,10319,10344,10331,10394,10401,10517,10588,10642,10628,10641,10642,10612,,
WRK,WRK0331,HAWK,rotokawa,Geo,Geo,2026-06-18,10622,10637,10649,10671,10665,10667,10679,10668,10686,10692,10614,10639,10635,10622,10632,10609,10633,10631,10591,10561,10539,10502,10472,10425,10480,10584,10624,10591,10582,10548,10612,10608,10656,10663,10673,10713,10747,10721,10732,10750,10802,10843,10801,10719,10867,10900,10927,10911,,
WRK,WRK0331,HAWK,rotokawa,Geo,Geo,2026-06-19,10894,10876,10845,10854,10787,10845,10838,10849,10847,10842,10863,10905,10896,10862,10844,10700,10662,10782,10675,10630,10618,10522,10498,10548,10561,10471,10535,10584,10612,10614,10617,10637,10680,10754,10812,10827,10902,10979,10986,11005,11047,11018,11124,11081,11118,11152,11175,11177,,
WRK,WRK0331,HAWK,rotokawa,Geo,Geo,2026-06-20,11201,11210,11222,11226,11224,11206,11201,11181,11171,11167,11151,11143,11132,11140,11121,11113,11071,11070,11052,11043,11031,10997,10884,10856,10922,10897,10907,10892,10846,10785,10694,10653,10691,10728,10756,10767,10774,10752,10743,10748,10745,10702,10687,10700,10679,10674,10653,10607,,
WRK,WRK0331,HAWK,rotokawa,Geo,Geo,2026-06-21,10585,10603,10612,10568,10536,10530,10541,10534,10526,10528,10532,10529,10527,10537,10553,10588,10600,10585,10568,10570,10555,10538,10476,10479,10408,10410,10423,10404,10379,10340,10362,10451,10509,10554,10571,10576,10596,10632,10633,10646,10677,10697,10703,10730,10762,10763,10774,10718,,
WRK,WRK0331,HAWK,rotokawa,Geo,Geo,2026-06-22,10768,10805,10728,10685,10696,10654,10660,10639,10555,10597,10772,10971,10997,10980,10974,10777,10704,10648,10645,10602,10543,10565,10528,10516,10458,10459,10395,10394,10411,10396,10410,10431,10480,10552,10668,10643,10656,10665,10712,10726,10696,10647,10713,10871,10849,10849,10806,10859,,
WRK,WRK0331,HAWK,rotokawa,Geo,Geo,2026-06-23,10828,10835,10862,10841,10868,10887,10873,10865,10856,10878,10876,10871,10871,10878,10850,10853,10873,10851,10842,10821,10780,10679,10647,10615,10577,10565,10502,10429,10398,10402,10390,10412,10410,10464,10470,10509,10496,10471,10430,10390,10378,10414,10425,10442,10439,10440,10453,10433,,
WRK,WRK0331,HAWK,rotokawa,Geo,Geo,2026-06-24,10420,10457,10444,10435,10414,10390,10356,10296,10281,10241,10256,10249,10248,10270,10253,10276,10275,10263,10239,10218,10217,10223,10231,10198,10262,10238,10223,10196,10205,10188,10214,10210,10239,10232,10205,10267,10337,10356,10289,10347,10150,10171,10147,10142,10146,10156,10196,10218,,
WRK,WRK0331,HAWK,rotokawa,Geo,Geo,2026-06-25,10187,10234,10239,10201,10199,10220,10250,10327,10281,10219,10274,10319,10324,10324,10361,10411,10479,10479,10507,10453,10424,10376,10316,10337,10267,10238,10275,10245,10346,10323,10344,10167,10263,10329,10407,10454,10443,10445,10473,10460,10455,10482,10442,10390,10456,10429,10390,10398,,
WRK,WRK0331,HAWK,rotokawa,Geo,Geo,2026-06-26,10429,10527,10543,10551,10580,10512,10498,10489,10449,10432,10446,10409,10413,10417,10420,10417,10375,10369,10369,10353,10274,10228,10318,10259,10145,10100,10152,10085,10087,10074,10073,10134,10258,10286,10318,10376,10349,10393,10433,10522,10445,10361,10405,10418,10401,10458,10629,10511,,
WRK,WRK0331,HAWK,rotokawa,Geo,Geo,2026-06-27,10426,10515,10648,10685,10713,10784,10667,10563,10512,10475,10703,10704,10685,10627,10665,10579,10548,10530,10464,10254,10209,10182,10073,10067,9995,10042,10033,10023,10003,9998,10068,10064,10047,10136,10149,10206,10329,10303,10326,10324,10368,10409,10391,10367,10298,10331,10380,10464,,
WRK,WRK0331,HAWK,rotokawa,Geo,Geo,2026-06-28,10513,10538,10538,10511,10521,10499,10423,10497,10487,10545,10451,10456,10411,10481,10442,10471,10469,10458,10428,10314,10223,10154,10175,10192,10170,10185,10180,10104,10155,10208,10178,10195,10224,10293,10309,10320,10424,10414,10437,10455,10477,10511,10476,10436,10432,10440,10481,10519,,
WRK,WRK0331,HAWK,rotokawa,Geo,Geo,2026-06-29,10506,10509,10554,10454,10583,10597,10608,10661,10733,10762,10767,10749,10740,10741,10734,10758,10775,10723,10572,10497,10470,10478,10440,10407,10387,10318,10304,10278,10276,10315,10417,10462,10463,10500,10556,10598,10653,10658,10715,10686,10688,10674,10642,10663,10677,10694,10729,10786,,
WRK,WRK0331,HAWK,rotokawa,Geo,Geo,2026-06-30,10773,10775,10769,10692,10654,10683,10706,10659,10719,10716,10738,10702,10747,10669,10662,10694,10683,10693,10697,10623,10567,10593,10538,10528,10586,10642,10686,10635,10630,10562,10537,10555,10589,10588,10619,10629,10746,10681,10806,10862,10888,10940,10912,10951,10991,11009,11044,11060,,
WRK,WRK0331,HAWK,tehuka,Geo,Geo,2026-06-01,11567,11427,11410,11366,11393,11389,11252,11124,11204,11261,11437,11288,11358,11466,11467,11439,11368,11394,11287,11197,11048,10909,10856,10794,10865,10844,10911,10840,10814,10792,10786,10878,10884,11019,11125,11172,11243,11202,11120,11141,11043,10930,10946,10966,10941,10968,10863,10877,,
WRK,WRK0331,HAWK,tehuka,Geo,Geo,2026-06-02,10923,10873,10862,10846,10795,10832,10774,10781,10792,10837,10930,11319,11309,11381,11098,11076,10912,11341,11456,11250,11120,11034,10581,10473,10507,10439,10438,10483,10502,10689,10721,10694,10758,10821,10855,10956,10935,11080,11092,11228,11343,11382,11129,11076,11143,11098,11126,11166,,
WRK,WRK0331,HAWK,tehuka,Geo,Geo,2026-06-03,11406,11363,11401,11271,11545,11626,11657,11651,11638,11616,11710,11627,11703,11734,11631,10626,5585,5594,5581,5510,9659,11592,11497,11482,11324,11112,10971,11380,11546,11583,11642,11706,11853,12054,12225,12301,12196,12252,12381,12407,12734,12675,12561,12425,12746,12547,12614,12713,,
WRK,WRK0331,HAWK,tehuka,Geo,Geo,2026-06-04,12678,12795,12786,12804,12621,12492,12654,12791,12669,12637,12786,13010,12889,12851,12892,12725,12643,12676,12519,12563,13319,13029,12759,12452,12601,12583,12508,13185,13200,13124,13069,13175,13089,13084,13040,12840,12828,12958,12961,12878,12864,12910,12960,12971,12843,12771,12242,12194,,
WRK,WRK0331,HAWK,tehuka,Geo,Geo,2026-06-05,12242,12300,12287,12229,12457,12488,12384,12342,12619,12624,12500,12369,12292,12494,12411,12405,12391,12380,12336,12275,12206,12018,12080,12096,12032,12009,12039,12120,12240,12331,12225,12256,12224,12243,12307,12193,12202,12128,12266,12203,12328,12407,12424,12355,12427,12480,12594,12422,,
WRK,WRK0331,HAWK,tehuka,Geo,Geo,2026-06-06,12550,12800,12756,12704,12732,12768,12512,12364,12482,12469,12518,12491,12747,12808,12760,12690,12781,12735,12597,12482,12622,12600,12370,12239,12270,12303,12389,12429,12438,12727,12878,13122,12814,12797,12775,12806,12927,13105,13206,13205,13140,13113,13270,13312,13138,13300,13316,13225,,
WRK,WRK0331,HAWK,tehuka,Geo,Geo,2026-06-07,13402,13410,13313,13254,13312,13179,13332,13229,13454,13316,13189,13240,13290,13345,13310,13415,13241,12994,12921,12879,12757,12932,12754,12880,12887,12874,12733,12568,12547,12717,12510,12617,12791,12934,12966,13323,13433,13505,13569,13310,13507,13558,13503,13589,13633,13668,13683,13613,,
WRK,WRK0331,HAWK,tehuka,Geo,Geo,2026-06-08,13709,13659,13590,13428,13481,13395,13326,13214,13240,13283,13181,13125,12872,13026,13109,13225,13181,13329,13093,13035,13020,12820,12765,12666,12541,12274,12561,12541,12436,12385,12585,12543,12675,12869,12974,12670,12464,12430,12450,12425,12355,12257,12362,12357,12350,12322,12371,12282,,
WRK,WRK0331,HAWK,tehuka,Geo,Geo,2026-06-09,12536,12671,12801,12966,12994,13103,13157,13219,13306,13000,12900,12725,12753,12747,12686,12739,13383,13527,12910,12513,12564,12549,12519,12438,12306,12343,12242,12305,12345,12400,12562,12588,12646,12860,13207,13121,13008,13294,13391,13520,13329,13228,13191,13180,13217,13230,13321,13838,,
WRK,WRK0331,HAWK,tehuka,Geo,Geo,2026-06-10,13877,13620,13729,13661,13671,13711,13736,13654,13620,13647,13669,13548,13581,13688,13678,13609,13695,13642,13535,13557,13459,13523,13409,13085,12934,13147,13079,12994,12855,12936,12930,12931,12995,13070,13393,13736,13786,13843,13656,13599,13664,13570,13479,13672,13790,13677,13723,13646,,
WRK,WRK0331,HAWK,tehuka,Geo,Geo,2026-06-11,13673,13637,13714,13599,13598,13612,13510,13704,13643,13653,13617,13594,13365,13742,13687,13720,13702,13648,13578,13476,13542,13472,13616,13601,13524,13437,13318,13247,13262,13217,13367,13373,13332,13478,13709,13846,13714,13673,13644,13672,13675,13508,13526,13582,13374,13697,13600,13588,,
WRK,WRK0331,HAWK,tehuka,Geo,Geo,2026-06-12,13594,13591,13586,13589,13590,13607,13598,13621,13601,13593,13480,13490,13422,13235,13416,13639,13454,13428,13315,13167,13061,13029,12903,12861,12785,12774,12789,12864,12787,12757,12826,12884,12925,12928,12830,12996,13559,13540,13654,13645,13692,13679,13630,13657,13651,13658,13544,13764,,
WRK,WRK0331,HAWK,tehuka,Geo,Geo,2026-06-13,13695,13590,13651,13650,13580,13610,13285,13723,13691,13632,13677,13553,13654,13737,13702,13628,13590,13580,13697,13666,13528,13395,13545,13528,13336,13147,13061,13124,12876,12865,12898,12838,12874,13186,13048,13062,13346,13510,13744,13603,13686,13739,13634,13578,13647,13675,13626,13674,,
WRK,WRK0331,HAWK,tehuka,Geo,Geo,2026-06-14,13672,13647,13612,13637,13493,13664,13622,13612,13698,13500,13615,13612,13727,13700,13836,13838,13681,13643,13616,13613,13638,13735,13699,13621,13462,13238,13131,13045,12871,12765,12688,12793,12790,12910,13159,13034,12967,13109,13158,13102,13056,13117,13289,13212,13077,13004,13037,13218,,
WRK,WRK0331,HAWK,tehuka,Geo,Geo,2026-06-15,13342,13367,13296,13235,13201,13059,13024,13142,13111,13102,13168,13270,13252,13344,13479,13486,13348,13185,13124,13014,13009,12963,12734,12551,12558,12679,12658,12734,12563,12572,12622,12682,12602,12783,12833,12971,13061,12937,13193,13117,13019,13049,13039,13232,13142,13098,13434,13363,,
WRK,WRK0331,HAWK,tehuka,Geo,Geo,2026-06-16,13376,13349,13251,13241,13316,13518,13451,13471,13444,13425,13274,13279,13231,13309,13388,13369,13332,13390,13282,13374,13245,13168,13085,13054,13148,13284,13220,13216,13193,13064,13065,13136,13340,13324,13632,13560,13569,13490,13493,13542,13455,13687,13728,13651,13770,13701,13682,13635,,
WRK,WRK0331,HAWK,tehuka,Geo,Geo,2026-06-17,13647,13647,13619,13594,13636,13638,13629,13647,13560,13609,13634,13658,13600,13596,13558,13549,13405,13122,13351,13551,13486,13487,13502,13208,13104,13132,13086,13002,13070,12970,13106,13019,13221,12962,12987,13401,13556,13237,13416,13729,13711,13633,13352,13551,13631,13693,13630,13679,,
WRK,WRK0331,HAWK,tehuka,Geo,Geo,2026-06-18,13723,13648,13683,13691,13666,13631,13744,13639,13619,13682,13688,13667,13700,13646,13680,13717,13713,13710,13676,13699,13426,13263,13161,13191,13311,13328,13162,13038,13062,13025,13050,13149,13084,13157,13312,13432,13068,13297,13541,13542,13529,13437,13529,13393,13474,13457,13545,13448,,
WRK,WRK0331,HAWK,tehuka,Geo,Geo,2026-06-19,13666,13780,13765,13683,13604,13016,13537,13533,13494,13661,13796,13339,13300,13507,13770,13645,13472,13352,13178,13093,12737,12669,12650,12624,12784,12940,12912,12848,12842,12988,12967,13049,13025,13037,13230,13428,13435,13388,13570,13754,13792,13714,13842,13682,13788,13748,13862,13806,,
WRK,WRK0331,HAWK,tehuka,Geo,Geo,2026-06-20,13717,13731,13811,13802,13811,13680,13685,13863,13690,13817,13841,13796,13747,13697,13715,13718,13766,13724,13686,13645,13626,13563,13636,13724,13703,13618,13579,13324,12885,12754,12912,12889,13001,13054,13039,13252,13120,12981,12899,12864,12822,12694,12665,12728,12774,12763,12857,12837,,
WRK,WRK0331,HAWK,tehuka,Geo,Geo,2026-06-21,12691,12744,12897,12938,12930,12836,12855,12877,12821,12851,12868,12791,12816,12843,12843,12807,12750,12731,12640,12546,12826,12821,12524,12362,12287,12375,12360,12230,12396,12353,12469,12657,12701,12812,12921,12706,12876,12818,12814,12919,13112,13222,13259,13254,13279,13179,13180,13235,,
WRK,WRK0331,HAWK,tehuka,Geo,Geo,2026-06-22,13411,13433,13362,13174,13376,13345,13109,13300,13286,13077,13133,13594,13723,13723,13748,13663,13669,13643,13697,13270,13052,12674,12810,13088,12740,12714,12699,12675,12737,12702,12760,12812,12996,12858,12780,12924,12985,13336,13663,13779,13819,13780,13787,13760,13780,13761,13696,13642,,
WRK,WRK0331,HAWK,tehuka,Geo,Geo,2026-06-23,13584,13589,13713,13713,13704,13764,13777,13763,13657,13589,13742,13747,13756,13718,13747,13695,13750,13620,13578,13714,13770,13661,13543,13433,13461,13363,13381,13345,13367,13387,13249,13211,13155,13238,13424,13457,13395,13384,13475,13492,13503,13452,13420,13330,13420,13559,13564,13569,,
WRK,WRK0331,HAWK,tehuka,Geo,Geo,2026-06-24,13485,13520,13530,13490,13469,13463,13394,13390,13320,13246,13190,13136,13092,13036,13086,13119,13095,12946,12992,12945,12994,12986,13036,13106,13158,13220,13106,13046,12978,12818,12861,12910,13048,13035,13013,12963,12944,13058,13072,13214,13008,12670,12600,12597,12705,12742,12890,13081,,
WRK,WRK0331,HAWK,tehuka,Geo,Geo,2026-06-25,13095,13064,13072,13040,13008,13095,13142,13123,13180,13097,13015,12846,13006,12897,12760,12854,13088,12999,12959,12923,12872,12803,12825,12800,12745,12727,12732,12752,12692,12940,12971,12267,11883,11591,11489,11528,12081,13094,13485,13278,13034,12777,12846,12873,12592,12804,13131,13168,,
WRK,WRK0331,HAWK,tehuka,Geo,Geo,2026-06-26,13243,13355,13485,13555,13402,13648,13473,13663,13487,13138,13296,13053,12994,13068,12966,12916,12991,13191,13093,12883,12699,12666,12625,12588,12474,12385,12388,12409,12413,12434,12418,12046,12398,12936,13010,12979,12963,13340,13173,12873,12975,13214,12840,13078,12638,12918,12466,12297,,
WRK,WRK0331,HAWK,tehuka,Geo,Geo,2026-06-27,12997,13181,13506,13599,13564,13605,13524,13616,13493,13761,13690,13381,13501,13707,13666,13474,13444,13181,13181,12890,12643,12475,12021,11779,11909,11890,11786,11949,11663,11851,11892,11924,11987,12107,11995,11937,12033,12146,12148,12295,12280,12297,12331,12844,13344,13491,13356,13244,,
WRK,WRK0331,HAWK,tehuka,Geo,Geo,2026-06-28,13044,13329,13209,13022,12793,12735,13462,13399,13467,13407,13408,13085,12739,12784,13008,13250,13232,13121,13022,12890,12875,12507,6076,5946,7623,11724,12022,11878,11705,11989,11970,12064,12229,12593,12900,13032,13294,13330,13214,13323,12951,12674,12565,12848,12687,12645,12524,12593,,
WRK,WRK0331,HAWK,tehuka,Geo,Geo,2026-06-29,12767,12783,13124,13373,13289,13362,13564,13634,13670,13606,13572,13524,13626,13799,13565,13676,13711,13607,13365,13004,12925,12581,12507,12362,12459,12405,12498,12430,12472,12490,12559,12749,12980,12941,13147,13176,13277,13525,13621,13419,13381,13295,13323,13543,13611,13555,13549,13598,,
WRK,WRK0331,HAWK,tehuka,Geo,Geo,2026-06-30,13710,13513,13605,13645,13611,13625,13616,13587,13562,13517,13562,13588,13438,13559,13504,13486,13493,13470,13335,13361,13440,13221,13333,13368,13424,13283,13113,13388,13223,13190,13353,13224,13232,13404,13640,13331,13338,13461,13478,13614,13725,13616,13629,13570,13547,13527,13545,13521,,
WRK,WRK2201,CTCT,wairakei,Geo,Geo,2026-06-01,66211,66179,66062,66098,65702,65663,66029,65986,66333,66381,66318,66245,66113,66127,66151,66162,66124,66012,65997,65980,66024,65914,65641,65557,65482,65484,65423,65487,65531,65423,65321,65619,65789,65880,65950,66002,65922,65867,65801,65745,65694,65464,65561,65809,65728,65969,65479,65555,,
WRK,WRK2201,CTCT,wairakei,Geo,Geo,2026-06-02,65366,65394,65473,65566,65491,65548,65319,65366,65589,65659,65652,65748,65794,65640,65434,65487,65448,65672,65700,65728,60897,64486,64994,65118,65118,65055,65009,65117,65236,65299,65515,65589,65664,65977,65894,66051,65968,65772,65942,66128,66304,66333,66295,66333,66509,66471,66253,66037,,
WRK,WRK2201,CTCT,wairakei,Geo,Geo,2026-06-03,65963,65794,65662,65485,65580,65623,65745,65970,66241,66210,66040,65930,65784,65601,65544,65719,64275,64122,63461,62985,63060,62958,62894,63000,62404,61981,62794,63121,63201,63253,64506,64865,65016,65249,65391,65257,65252,65467,65282,65292,65584,65809,66018,66349,66528,66494,66378,66259,,
WRK,WRK2201,CTCT,wairakei,Geo,Geo,2026-06-04,66299,66367,66441,66544,66661,66778,66869,66959,66928,66814,66719,66739,66473,66217,66264,66471,66519,66590,66524,66504,66314,66011,65797,65656,65559,65596,65614,65492,65624,65812,66059,66019,65922,65793,65600,65519,65476,65493,65667,65496,65670,65809,65888,65785,65736,65737,65352,65291,,
WRK,WRK2201,CTCT,wairakei,Geo,Geo,2026-06-05,65376,65323,65289,65360,65653,65863,65863,65626,65558,65359,65302,65205,65265,65305,65315,65421,65558,65595,65600,65458,65237,65099,65007,65059,64999,64959,65123,65245,65501,65562,65477,65186,65159,65162,65141,65178,65107,65068,65206,65358,65544,65551,65590,65470,65517,65445,65381,65490,,
WRK,WRK2201,CTCT,wairakei,Geo,Geo,2026-06-06,65810,65699,65748,65903,66009,65782,65613,65622,65712,65704,65745,65763,65865,66079,66336,66304,66347,66150,65933,65999,65862,66027,65936,65760,65724,65888,66153,66266,66247,66179,65904,66189,66103,66159,66175,66222,66276,66319,66415,66369,66302,66563,66548,66443,66510,66573,66670,66759,,
WRK,WRK2201,CTCT,wairakei,Geo,Geo,2026-06-07,66832,66977,67206,67166,66475,66005,65987,65982,66269,66334,66243,66619,66130,66108,66130,66209,66151,65976,65706,65516,65441,65442,65506,65427,65614,65722,65785,65577,65471,65447,65393,65271,65596,66038,66320,66474,66678,66888,66796,66616,66595,66528,66530,66250,66326,66384,66584,66692,,
WRK,WRK2201,CTCT,wairakei,Geo,Geo,2026-06-08,66927,66891,66623,65860,65909,65807,65590,65645,65622,65757,66029,66413,66110,65850,65891,66025,65756,65653,65444,65352,65213,65089,65154,65454,65376,65160,65075,65063,64901,64774,64991,65101,65225,65374,65527,65791,66047,65970,65639,65317,65011,64858,64814,64900,64949,64993,64558,64688,,
WRK,WRK2201,CTCT,wairakei,Geo,Geo,2026-06-09,64801,64751,64698,64665,64639,64723,64812,64901,65025,65234,65340,65363,65295,64983,64831,64850,64907,64892,64846,64652,64641,64804,64837,64651,64458,64286,64322,64286,64328,64441,64530,64513,64830,65306,65508,65434,65550,65466,65580,65378,65347,65265,65239,64957,64996,65249,65219,65037,,
WRK,WRK2201,CTCT,wairakei,Geo,Geo,2026-06-10,64930,64872,64841,64953,64957,64973,65000,65138,65181,65245,65164,65078,64971,64891,64790,64813,64773,64810,65016,65215,65222,64941,64682,64116,63681,63647,63470,63394,63364,63394,63597,63863,64012,64159,64535,64567,64650,64668,64736,64802,64828,64863,65107,65136,65058,64906,64866,64772,,
WRK,WRK2201,CTCT,wairakei,Geo,Geo,2026-06-11,64773,64767,64810,64803,64870,65052,65147,65101,65032,64981,64898,64776,64765,64876,64833,64818,64846,65037,65176,65125,64664,64250,63965,63925,63873,63830,63825,63962,59616,62964,63628,64009,63775,64035,64557,64932,65003,64994,65068,65209,65203,65952,65835,65759,65683,65580,65593,65574,,
WRK,WRK2201,CTCT,wairakei,Geo,Geo,2026-06-12,65590,65534,65638,65753,65893,65850,65812,65741,65735,65693,65618,65530,65621,65648,65836,65961,65924,65859,65630,65485,65893,64674,64519,64529,64470,64560,64822,64961,64921,64809,64703,64703,64911,65017,65417,65762,66087,66309,66412,66396,66282,66262,66240,66176,66249,66233,66275,66386,,
WRK,WRK2201,CTCT,wairakei,Geo,Geo,2026-06-13,66540,66543,66508,66403,66341,66271,66178,66209,66274,66280,66334,66498,66605,66529,66391,66306,66153,66120,66063,66006,65917,65834,65591,65750,65419,65246,65085,64919,64762,64746,64768,64720,65023,65334,65681,65915,66120,66022,66056,66059,65941,65998,66004,66113,66381,66458,66463,66385,,
WRK,WRK2201,CTCT,wairakei,Geo,Geo,2026-06-14,66260,66238,66147,66201,66233,66268,66363,66579,66560,66519,66423,66236,66146,66113,66084,66135,66177,66237,66312,66307,66161,65901,65761,65668,65519,65426,65488,65480,65483,65414,65545,65309,65271,65386,65430,65447,65347,65497,65580,65559,65780,65840,65724,65736,65652,65450,65448,65374,,
WRK,WRK2201,CTCT,wairakei,Geo,Geo,2026-06-15,65372,65503,65585,65701,65812,65831,65818,65745,65710,65715,65809,65813,65838,65983,66180,66216,66161,65921,65571,65217,65179,65014,64835,64880,64951,65093,65178,65113,60159,62294,64262,64956,65103,65168,65364,65568,65934,65951,65881,65847,65842,65599,65720,65780,65717,65759,65971,66041,,
WRK,WRK2201,CTCT,wairakei,Geo,Geo,2026-06-16,65905,65871,65724,65660,65542,65549,65518,65497,65455,65519,65620,65807,65754,65607,65564,65456,65317,65309,65247,65208,65167,65362,65583,65467,65388,65320,65236,65104,65163,65135,65084,65349,65558,65635,65903,65924,65872,65710,65699,65867,65873,66032,66133,66260,66406,66568,66441,66336,,
WRK,WRK2201,CTCT,wairakei,Geo,Geo,2026-06-17,66278,66190,66251,66211,66303,66189,66189,66084,66362,65789,65655,65594,65653,65888,65680,65294,65168,65262,65436,65605,65563,65358,65165,64164,61400,61348,61256,61267,61392,61554,61640,61601,61578,61465,61582,61581,64635,65643,65868,66004,66196,66416,66494,66344,66181,66056,65905,65896,,
WRK,WRK2201,CTCT,wairakei,Geo,Geo,2026-06-18,65833,65934,66128,66232,66258,66066,65919,65949,65999,66131,66070,65883,65971,65918,65970,66030,66021,65907,65876,65785,65693,65533,65046,64876,64900,64875,64817,64826,64876,64750,64719,64671,64523,64580,64564,63859,63884,64119,64012,64309,64444,64447,63816,63803,63914,64184,64405,64545,,
WRK,WRK2201,CTCT,wairakei,Geo,Geo,2026-06-19,64643,64746,64801,64760,64698,64634,64529,64523,64583,64654,64706,64788,64872,64784,64587,64446,64373,63854,63824,63602,63479,63385,63504,63484,63625,63595,63534,63441,63491,63531,63488,63321,63365,63676,64118,64403,64511,64521,64451,64322,64282,64345,64460,64520,64564,64666,64833,64871,,
WRK,WRK2201,CTCT,wairakei,Geo,Geo,2026-06-20,64750,64610,64441,64458,64546,64588,64649,64671,64736,64905,64903,64818,64778,64570,64583,64596,64490,64517,64440,64451,64543,64463,64127,63924,63736,63663,63599,63547,63311,63318,63398,63700,63846,63848,63726,63598,63518,63561,63464,63507,63467,63483,63716,63675,63631,63555,63384,63327,,
WRK,WRK2201,CTCT,wairakei,Geo,Geo,2026-06-21,63344,63406,63346,63455,63497,63651,63571,63523,63414,63387,63365,63324,63286,63333,63489,63608,63650,63574,63373,63167,62682,62643,62531,62449,62450,62596,62506,62637,62531,62475,62545,62582,62698,62797,62906,62997,63163,63623,63801,63813,63873,63823,63699,63795,63807,63713,63776,63877,,
WRK,WRK2201,CTCT,wairakei,Geo,Geo,2026-06-22,64013,64188,63964,63801,63754,63706,63712,63829,64142,64270,64502,64713,64758,64576,64472,64173,63290,63451,63393,63609,63493,63503,63388,63386,63254,63180,63070,63124,62984,58837,59887,63068,62996,64025,63946,63912,63698,63673,63676,63719,63720,63806,64121,64511,64334,64531,64374,64372,,
WRK,WRK2201,CTCT,wairakei,Geo,Geo,2026-06-23,64337,64294,64431,64377,64467,64732,64763,64725,64615,64560,64493,64521,64558,64557,64503,64735,64851,64715,64523,64147,63911,64027,63658,63440,63347,63431,63456,63491,63406,63559,63483,63394,63442,63466,63595,63653,63768,63900,63898,63853,63666,63562,63481,63487,63481,63494,63524,63644,,
WRK,WRK2201,CTCT,wairakei,Geo,Geo,2026-06-24,63836,63855,63802,63690,63530,63488,63472,63504,63459,63458,63610,63727,63710,63583,63488,63351,63332,63302,63286,63313,63369,63601,63735,63630,63485,63418,63248,63155,63147,63100,63078,63195,63451,63569,63509,63389,63168,63180,63172,63170,63125,62957,63025,63264,63445,63344,63335,63229,,
WRK,WRK2201,CTCT,wairakei,Geo,Geo,2026-06-25,63214,63163,63151,63266,63255,63342,63561,63693,63745,63666,63665,63675,63719,63554,63643,63764,63889,64077,64115,63892,63580,63310,63049,63049,62844,62853,62910,63323,63555,64105,64052,63864,63817,63831,63818,63360,63246,63164,63583,63844,63796,63733,63898,63733,63729,63756,63796,63936,,
WRK,WRK2201,CTCT,wairakei,Geo,Geo,2026-06-26,63923,64032,64183,64290,64224,64162,64225,64138,64090,64027,64178,64165,64116,64267,64186,64179,63943,64020,63978,63582,63338,63219,63129,63122,63161,63190,63156,63078,62920,62893,62884,62809,62981,63148,63443,63576,63581,63545,63471,63304,63243,63321,63390,63482,63478,63737,63819,64023,,
WRK,WRK2201,CTCT,wairakei,Geo,Geo,2026-06-27,63981,64333,64442,64289,64300,64290,64383,64343,64415,64251,64312,64221,64215,64253,64256,64073,63757,63729,63488,63370,63291,63214,63100,62784,62871,63009,62784,62796,62920,62779,62857,63076,62998,63137,63223,62965,63041,63139,63200,63437,63351,63504,63625,63923,63937,63738,63640,63576,,
WRK,WRK2201,CTCT,wairakei,Geo,Geo,2026-06-28,63663,63788,63700,63738,63603,64015,64259,64389,64341,64044,64102,63987,63949,64098,64358,64397,64340,64482,63905,63492,63287,63134,62936,62751,62681,62823,63029,63124,63196,63325,63175,63100,63199,63327,63167,63636,63919,63554,63680,63671,63738,63462,63247,63089,63087,63262,63297,63459,,
WRK,WRK2201,CTCT,wairakei,Geo,Geo,2026-06-29,63471,63942,63875,63691,63725,63876,63826,63496,63366,63534,63697,63966,63859,63871,64121,64042,63653,63240,62948,62873,62891,63001,62914,63027,63059,63247,63308,63325,63057,62263,62981,62826,62986,63054,63284,63384,63578,63691,63656,63398,63211,63099,63010,63111,63317,63503,63625,63874,,
WRK,WRK2201,CTCT,wairakei,Geo,Geo,2026-06-30,64001,63740,63673,63471,63447,63424,63442,63493,63599,63677,63843,63693,63664,63581,63383,63317,63023,63019,63156,63146,63099,63415,63487,63717,63655,63294,63210,63205,63367,63382,63345,63464,63771,63894,63842,63741,63736,63720,63948,64093,64152,64187,64247,64483,64680,64566,64344,64171,,
WTK,WTK0111,MERI,waitaki,Hydro,Hydro,2026-06-01,20760,19852,18843,18841,18808,18807,18847,18787,18795,18768,18806,18836,18936,18604,18835,18853,18933,18854,18849,18885,18851,18870,18851,18942,18844,18915,18854,18816,18918,18821,18918,18984,18741,18823,18864,21294,21425,22244,22259,22285,22268,22263,22300,22362,22218,22265,22255,22291,,
WTK,WTK0111,MERI,waitaki,Hydro,Hydro,2026-06-02,24724,24690,27278,27217,29256,29611,29690,29720,29735,29789,29345,30072,30039,29591,29827,29814,29759,29946,29931,29729,29874,29812,29622,29638,29660,29623,29666,29654,29699,29650,29627,29716,29540,29719,29715,29514,29707,29669,29633,29669,29687,29701,29738,29605,29779,29654,29698,29687,,
WTK,WTK0111,MERI,waitaki,Hydro,Hydro,2026-06-03,32182,32145,34605,34651,37184,37148,37085,37100,37142,36980,37027,36848,36886,36849,36845,36717,36680,36757,36712,36702,36673,36650,36671,36647,36671,36642,36732,36716,36685,36695,36679,36696,36772,36831,36848,36818,36896,37017,37099,37178,37249,37075,37227,37074,37121,37132,37253,37204,,
WTK,WTK0111,MERI,waitaki,Hydro,Hydro,2026-06-04,36227,34560,33147,31714,30780,29753,29275,29228,29191,29127,29238,29134,29323,29233,29254,29100,29150,29150,29200,29302,29136,29326,29190,29313,29356,29307,29275,29311,29325,29415,29320,29307,29323,29358,29483,29113,29319,29261,29222,29157,29204,29178,29223,29136,29187,29330,29306,29149,,
WTK,WTK0111,MERI,waitaki,Hydro,Hydro,2026-06-05,28346,25455,24111,26172,26772,26672,26858,26670,26734,26733,26688,26759,26879,26385,26698,26920,26814,27088,26798,26737,26650,26948,26802,26841,26769,26803,26934,26822,26863,26772,26916,26823,26871,27094,26630,26849,26852,26870,26688,26633,26640,26965,26691,26812,26645,26658,26949,26822,,
WTK,WTK0111,MERI,waitaki,Hydro,Hydro,2026-06-06,28931,29120,29663,29747,29589,29748,29780,29624,28338,29369,29715,27599,29358,29554,29720,29860,29768,29654,29918,29566,29698,29626,29708,29699,29745,29798,29699,29652,29632,29703,29760,29639,29704,29685,29859,29568,29733,29737,29652,29684,29740,29666,29728,29697,29691,29699,29723,29236,,
WTK,WTK0111,MERI,waitaki,Hydro,Hydro,2026-06-07,28176,27316,26284,25304,24210,23335,22355,22293,22245,22226,22321,22271,22188,22289,22272,22278,22269,22241,22230,22225,22286,22299,22288,22312,22265,22235,22267,22255,22220,22304,22328,22248,22278,24656,24733,27090,27145,28256,29164,29277,29078,29331,29373,29179,29082,29186,29168,29298,,
WTK,WTK0111,MERI,waitaki,Hydro,Hydro,2026-06-08,31638,32567,32869,33157,33088,33222,33187,33207,33190,33197,33312,33133,33393,33176,33330,33227,33242,32929,33344,33248,33765,33239,33353,33299,33447,33213,33280,33583,33291,33195,32703,33601,33594,33450,33193,33205,33173,33393,33330,33060,33376,33061,33147,33240,33183,33049,33201,33150,,
WTK,WTK0111,MERI,waitaki,Hydro,Hydro,2026-06-09,33318,33171,33101,33003,33133,33204,33132,33033,33180,33121,33249,32880,33233,33609,33135,33101,33159,33306,33263,33326,33016,33263,33378,33196,33284,32913,33394,33128,32962,33001,33594,33281,33274,33322,33591,32892,33170,33265,33370,33269,33208,33146,33186,33239,33069,33240,33187,33082,,
WTK,WTK0111,MERI,waitaki,Hydro,Hydro,2026-06-10,33443,33194,33175,33117,33360,33118,33132,33148,33176,33126,33218,33197,33295,33089,33259,33143,33128,33237,33275,33336,33467,33741,33651,33822,33753,34125,34685,35618,37041,37275,37298,37382,37026,37221,37156,37128,36909,37158,37185,37145,37216,37134,37370,36992,37273,37132,37211,37194,,
WTK,WTK0111,MERI,waitaki,Hydro,Hydro,2026-06-11,39614,40545,41607,41584,41627,41814,41595,41603,41812,41758,42091,41352,41974,41591,41570,41936,41480,41493,41483,41718,41577,41662,41601,41590,41459,41623,41522,41765,41507,41540,41932,41477,41598,41534,41776,41439,41552,41613,41519,41568,41315,41611,41932,41606,41322,41499,41820,41558,,
WTK,WTK0111,MERI,waitaki,Hydro,Hydro,2026-06-12,40620,39631,38575,37930,36274,35234,34309,34448,34039,34057,33573,33627,33864,33715,33587,33813,33880,33780,33937,33727,33833,33824,33801,33852,33755,33767,33853,33719,33806,33776,33804,33691,33874,33705,33648,33772,33797,33867,33863,33692,34042,34194,34484,34123,34155,34131,33914,34092,,
WTK,WTK0111,MERI,waitaki,Hydro,Hydro,2026-06-13,33599,33749,33642,33615,33682,33673,33684,33670,33664,33629,33695,33702,33759,33611,33785,33560,33610,33594,33671,33666,33698,33725,33637,33750,33758,33688,33680,33878,33674,33887,33633,33690,33720,33724,33740,33680,33642,33666,33639,33617,33683,33622,33706,33661,33626,33695,33637,33650,,
WTK,WTK0111,MERI,waitaki,Hydro,Hydro,2026-06-14,32719,31773,30745,29770,27132,27932,26785,25681,24846,23876,22858,22337,22225,22352,22354,22249,22256,22299,22311,22251,22274,22306,22309,22202,22406,22253,22264,22234,22317,22257,22365,22217,22400,22279,22255,22065,22386,22335,22204,22290,22240,22227,22308,22231,22283,22205,22180,22268,,
WTK,WTK0111,MERI,waitaki,Hydro,Hydro,2026-06-15,23665,24580,24805,24734,24709,24805,24741,24759,24735,24730,24666,24796,24774,24754,24894,24689,24782,24840,24846,24766,24770,24884,24753,24827,24721,24827,24711,24651,24802,24839,24701,24753,24915,24895,24721,24744,24823,24742,24785,24735,24728,24781,24794,24811,24645,24802,24824,24642,,
WTK,WTK0111,MERI,waitaki,Hydro,Hydro,2026-06-16,27187,27266,29621,29623,32411,32109,34755,34679,36675,36639,36379,36873,36976,36403,36746,36778,36783,36889,36650,36852,36796,36729,36666,36674,36569,36794,36443,36567,36705,36573,36636,36670,36785,36800,36821,36572,36790,36720,36069,36044,35611,35606,35681,35511,35372,35385,35367,35319,,
WTK,WTK0111,MERI,waitaki,Hydro,Hydro,2026-06-17,34535,33978,33879,33740,34523,34631,34752,34552,34609,34659,34686,34793,35021,34523,34626,34547,34485,34913,34452,34867,34349,34126,34824,35237,35178,34849,34681,34533,34862,34834,34964,34939,34830,34679,34577,34421,34428,34727,34701,34635,34666,34689,34785,34675,34675,34812,34489,34693,,
WTK,WTK0111,MERI,waitaki,Hydro,Hydro,2026-06-18,35100,35122,35028,35120,35142,35151,35122,35097,35131,35027,35018,34989,35760,35051,35016,35073,35147,35176,35116,35200,35184,35159,35247,35059,35049,35203,35261,35242,35152,35291,35250,35071,35215,35265,35228,35133,35191,35306,35304,35391,35169,34832,35762,35150,35015,35082,35271,34974,,
WTK,WTK0111,MERI,waitaki,Hydro,Hydro,2026-06-19,35029,35217,34765,34950,35381,35355,35219,35092,35111,35181,35106,35101,35356,35148,35273,35272,35053,35216,35038,35183,35076,35125,35104,35157,35118,35155,35099,35150,35106,35155,35345,35052,35135,35042,35320,35057,35089,34715,34204,33600,33133,32723,32435,31585,31328,30586,30296,29649,,
WTK,WTK0111,MERI,waitaki,Hydro,Hydro,2026-06-20,28451,29175,28623,28621,27260,26480,25603,24773,23753,22982,22332,22403,22262,22231,22189,22227,22233,22253,22203,22175,22286,22222,22307,22192,22195,22182,22124,22374,22204,22243,22256,22234,22209,22226,22284,22287,22322,22311,22306,22332,22251,22234,22271,21840,21887,21758,21756,21753,,
WTK,WTK0111,MERI,waitaki,Hydro,Hydro,2026-06-21,21953,22302,22695,22993,23230,23727,24016,24256,24753,25576,26372,27398,28213,28123,28166,28198,28233,28220,28241,28222,28209,28196,28180,28215,28217,28239,28256,28247,28248,28278,28315,28188,28310,28225,28145,28288,28359,28217,28366,28318,28293,28106,28200,28156,28132,28327,28113,27861,,
WTK,WTK0111,MERI,waitaki,Hydro,Hydro,2026-06-22,30837,30823,33112,33146,33387,35603,35673,35641,38108,40235,40464,42883,45225,46873,48071,48901,49090,49080,48987,49051,49015,48985,49041,49009,49046,49073,49030,49100,49076,49047,49036,49023,48975,49019,49050,48896,48804,48854,48858,48841,48758,48831,48897,48806,48743,48712,48714,48586,,
WTK,WTK0111,MERI,waitaki,Hydro,Hydro,2026-06-23,48211,47313,46203,44764,42020,41967,41904,40717,39900,38101,37134,35543,35258,35175,35203,35192,35182,35419,35234,35120,35278,35248,35446,35211,35292,35281,35224,35347,35232,35227,35361,35222,35246,35318,35284,35262,35151,35238,35278,35262,35272,35197,35210,35223,35224,35138,35183,35142,,
WTK,WTK0111,MERI,waitaki,Hydro,Hydro,2026-06-24,34166,33727,33631,33605,33674,33638,33687,33613,33659,33609,33645,33684,33780,33667,33820,33856,33542,33700,33723,33787,33775,33941,33547,33748,33770,33802,33648,33740,33688,33865,33891,33652,33576,33893,33586,33488,33780,33599,33653,33713,33735,33746,33815,33788,33653,33590,33663,33626,,
WTK,WTK0111,MERI,waitaki,Hydro,Hydro,2026-06-25,34053,34317,34165,34036,34092,34160,34191,34052,34175,34136,34110,34110,34166,34182,34088,34343,34626,34466,34242,34256,34359,34435,34318,34309,34068,34197,34122,34143,34182,34210,34308,33865,34143,34152,34245,34286,34580,34484,34238,34304,34237,34243,34354,34278,34300,34211,34401,34195,,
WTK,WTK0111,MERI,waitaki,Hydro,Hydro,2026-06-26,36237,36145,36074,36141,36111,36087,36093,36127,36115,36042,36126,36018,36319,35908,36493,37056,37279,37253,37238,37242,37226,37347,37281,37267,37265,37233,36696,36113,36439,36188,36448,36204,36293,36277,36275,36240,36134,36251,36287,36367,36233,36173,36233,36265,36252,36246,36330,36271,,
WTK,WTK0111,MERI,waitaki,Hydro,Hydro,2026-06-27,35248,34271,33143,32163,31218,30111,29209,28185,28215,28158,28198,28202,28103,28267,28361,28192,28228,28289,28259,28244,28265,28346,28177,28172,28174,28168,28118,28232,28168,28153,28165,28337,28149,28084,28214,28092,28179,28194,28223,28155,28153,28136,27906,28297,28263,28338,28077,28165,,
WTK,WTK0111,MERI,waitaki,Hydro,Hydro,2026-06-28,28190,27847,26675,25843,25589,25640,25856,25238,26067,25941,25593,25803,25646,25679,25694,25704,25801,25696,25769,25772,25763,25762,25774,25843,25840,25768,25682,25855,25859,25680,25671,25789,25655,25721,25658,25653,25688,25696,25732,25714,25702,25730,25764,25610,25671,25817,25757,25651,,
WTK,WTK0111,MERI,waitaki,Hydro,Hydro,2026-06-29,25831,27950,28180,28093,29365,29639,29654,29676,29583,29615,29528,29729,29701,29563,29715,29732,29768,29769,29744,29739,29689,29732,29658,29684,29675,29673,29590,29663,29795,29648,29876,29371,29679,29658,29742,29440,29696,29677,29597,29753,29696,29543,29719,29598,29612,29628,29638,29643,,
WTK,WTK0111,MERI,waitaki,Hydro,Hydro,2026-06-30,32071,32297,32232,32098,32245,32187,32141,32145,32243,32149,32141,32397,32108,32306,32069,31944,32425,32168,32086,31980,32076,32156,32196,32166,32171,32271,32242,32122,32305,32230,32328,32328,32430,32126,32033,32055,31907,32099,32231,32160,32100,32113,32384,32287,32144,32230,32160,32203,,
WTK,WTK0111,WATA,waitaki,Hydro,Hydro,2026-06-01,0,0,0,0,0,0,0,0,0,0,0,0,0,0,0,0,0,0,0,0,0,0,0,0,0,0,0,0,0,0,0,0,0,0,0,0,0,0,0,0,0,0,0,0,0,0,0,0,,
WTK,WTK0111,WATA,waitaki,Hydro,Hydro,2026-06-02,0,0,0,0,0,0,0,0,0,0,0,0,0,0,0,0,0,0,0,0,0,0,0,0,0,0,0,0,0,0,0,0,0,0,0,0,0,0,0,0,0,0,0,0,0,0,0,0,,
WTK,WTK0111,WATA,waitaki,Hydro,Hydro,2026-06-03,0,0,0,0,0,0,0,0,0,0,0,0,0,0,0,0,0,0,0,0,0,0,0,0,0,0,0,0,0,0,0,0,0,0,0,0,0,0,0,0,0,0,0,0,0,0,0,0,,
WTK,WTK0111,WATA,waitaki,Hydro,Hydro,2026-06-04,0,0,0,0,0,0,0,0,0,0,0,0,0,0,0,0,0,0,0,0,0,0,0,0,0,0,0,0,0,0,0,0,0,0,0,0,0,0,0,0,0,0,0,0,0,0,0,0,,
WTK,WTK0111,WATA,waitaki,Hydro,Hydro,2026-06-05,0,0,0,0,0,0,0,0,0,0,0,0,0,0,0,0,0,0,0,0,0,0,0,0,0,0,0,0,0,0,0,0,0,0,0,0,0,0,0,0,0,0,0,0,0,0,0,0,,
WTK,WTK0111,WATA,waitaki,Hydro,Hydro,2026-06-06,0,0,0,0,0,0,0,0,0,0,0,0,0,0,0,0,0,0,0,0,0,0,0,0,0,0,0,0,0,0,0,0,0,0,0,0,0,0,0,0,0,0,0,0,0,0,0,0,,
WTK,WTK0111,WATA,waitaki,Hydro,Hydro,2026-06-07,0,0,0,0,0,0,0,0,0,0,0,0,0,0,0,0,0,0,0,0,0,0,0,0,0,0,0,0,0,0,0,0,0,0,0,0,0,0,0,0,0,0,0,0,0,0,0,0,,
WTK,WTK0111,WATA,waitaki,Hydro,Hydro,2026-06-08,0,0,0,0,0,0,0,0,0,0,0,0,0,0,0,0,0,0,0,0,0,0,0,0,0,0,0,0,0,0,0,0,0,0,0,0,0,0,0,0,0,0,0,0,0,0,0,0,,
WTK,WTK0111,WATA,waitaki,Hydro,Hydro,2026-06-09,0,0,0,0,0,0,0,0,0,0,0,0,0,0,0,0,0,0,0,0,0,0,0,0,0,0,0,0,0,0,0,0,0,0,0,0,0,0,0,0,0,0,0,0,0,0,0,0,,
WTK,WTK0111,WATA,waitaki,Hydro,Hydro,2026-06-10,0,0,0,0,0,0,0,0,0,0,0,0,0,0,0,0,0,0,0,0,0,0,0,0,0,0,0,0,0,0,0,0,0,0,0,0,0,0,0,0,0,0,0,0,0,0,0,0,,
WTK,WTK0111,WATA,waitaki,Hydro,Hydro,2026-06-11,0,0,0,0,0,0,0,0,0,0,0,0,0,0,0,0,0,0,0,0,0,0,0,0,0,0,0,0,0,0,0,0,0,0,0,0,0,0,0,0,0,0,0,0,0,0,0,0,,
WTK,WTK0111,WATA,waitaki,Hydro,Hydro,2026-06-12,0,0,0,0,0,0,0,0,0,0,0,0,0,0,0,0,0,0,0,0,0,0,0,0,0,0,0,0,0,0,0,0,0,0,0,0,0,0,0,0,0,0,0,0,0,0,0,0,,
WTK,WTK0111,WATA,waitaki,Hydro,Hydro,2026-06-13,0,0,0,0,0,0,0,0,0,0,0,0,0,0,0,0,0,0,0,0,0,0,0,0,0,0,0,0,0,0,0,0,0,0,0,0,0,0,0,0,0,0,0,0,0,0,0,0,,
WTK,WTK0111,WATA,waitaki,Hydro,Hydro,2026-06-14,0,0,0,0,0,0,0,0,0,0,0,0,0,0,0,0,0,0,0,0,0,0,0,0,0,0,0,0,0,0,0,0,0,0,0,0,0,0,0,0,0,0,0,0,0,0,0,0,,
WTK,WTK0111,WATA,waitaki,Hydro,Hydro,2026-06-15,0,0,0,0,0,0,0,0,0,0,0,0,0,0,0,0,0,0,0,0,0,0,0,0,0,0,0,0,0,0,0,0,0,0,0,0,0,0,0,0,0,0,0,0,0,0,0,0,,
WTK,WTK0111,WATA,waitaki,Hydro,Hydro,2026-06-16,0,0,0,0,0,0,0,0,0,0,0,0,0,0,0,0,0,0,0,0,0,0,0,0,0,0,0,0,0,0,0,0,0,0,0,0,0,0,0,0,0,0,0,0,0,0,0,0,,
WTK,WTK0111,WATA,waitaki,Hydro,Hydro,2026-06-17,0,0,0,0,0,0,0,0,0,0,0,0,0,0,0,0,0,0,0,0,0,0,0,0,0,0,0,0,0,0,0,0,0,0,0,0,0,0,0,0,0,0,0,0,0,0,0,0,,
WTK,WTK0111,WATA,waitaki,Hydro,Hydro,2026-06-18,0,0,0,0,0,0,0,0,0,0,0,0,0,0,0,0,0,0,0,0,0,0,0,0,0,0,0,0,0,0,0,0,0,0,0,0,0,0,0,0,0,0,0,0,0,0,0,0,,
WTK,WTK0111,WATA,waitaki,Hydro,Hydro,2026-06-19,0,0,0,0,0,0,0,0,0,0,0,0,0,0,0,0,0,0,0,0,0,0,0,0,0,0,0,0,0,0,0,0,0,0,0,0,0,0,0,0,0,0,0,0,0,0,0,0,,
WTK,WTK0111,WATA,waitaki,Hydro,Hydro,2026-06-20,0,0,0,0,0,0,0,0,0,0,0,0,0,0,0,0,0,0,0,0,0,0,0,0,0,0,0,0,0,0,0,0,0,0,0,0,0,0,0,0,0,0,0,0,0,0,0,0,,
WTK,WTK0111,WATA,waitaki,Hydro,Hydro,2026-06-21,0,0,0,0,0,0,0,0,0,0,0,0,0,0,0,0,0,0,0,0,0,0,0,0,0,0,0,0,0,0,0,0,0,0,0,0,0,0,0,0,0,0,0,0,0,0,0,0,,
WTK,WTK0111,WATA,waitaki,Hydro,Hydro,2026-06-22,0,0,0,0,0,0,0,0,0,0,0,0,0,0,0,0,0,0,0,0,0,0,0,0,0,0,0,0,0,0,0,0,0,0,0,0,0,0,0,0,0,0,0,0,0,0,0,0,,
WTK,WTK0111,WATA,waitaki,Hydro,Hydro,2026-06-23,0,0,0,0,0,0,0,0,0,0,0,0,0,0,0,0,0,0,0,0,0,0,0,0,0,0,0,0,0,0,0,0,0,0,0,0,0,0,0,0,0,0,0,0,0,0,0,0,,
WTK,WTK0111,WATA,waitaki,Hydro,Hydro,2026-06-24,0,0,0,0,0,0,0,0,0,0,0,0,0,0,0,0,0,0,0,0,0,0,0,0,0,0,0,0,0,0,0,0,0,0,0,0,0,0,0,0,0,0,0,0,0,0,0,0,,
WTK,WTK0111,WATA,waitaki,Hydro,Hydro,2026-06-25,0,0,0,0,0,0,0,0,0,0,0,0,0,0,0,0,0,0,0,0,0,0,0,0,0,0,0,0,0,0,0,0,0,0,0,0,0,0,0,0,0,0,0,0,0,0,0,0,,
WTK,WTK0111,WATA,waitaki,Hydro,Hydro,2026-06-26,0,0,0,0,0,0,0,0,0,0,0,0,0,0,0,0,0,0,0,0,0,0,0,0,0,0,0,0,0,0,0,0,0,0,0,0,0,0,0,0,0,0,0,0,0,0,0,0,,
WTK,WTK0111,WATA,waitaki,Hydro,Hydro,2026-06-27,0,0,0,0,0,0,0,0,0,0,0,0,0,0,0,0,0,0,0,0,0,0,0,0,0,0,0,0,0,0,0,0,0,0,0,0,0,0,0,0,0,0,0,0,0,0,0,0,,
WTK,WTK0111,WATA,waitaki,Hydro,Hydro,2026-06-28,0,0,0,0,0,0,0,0,0,0,0,0,0,0,0,0,0,0,0,0,0,0,0,0,0,0,0,0,0,0,0,0,0,0,0,0,0,0,0,0,0,0,0,0,0,0,0,0,,
WTK,WTK0111,WATA,waitaki,Hydro,Hydro,2026-06-29,0,0,0,0,0,0,0,0,0,0,0,0,0,0,0,0,0,0,0,0,0,0,0,0,0,0,0,0,0,0,0,0,0,0,0,0,0,0,0,0,0,0,0,0,0,0,0,0,,
WTK,WTK0111,WATA,waitaki,Hydro,Hydro,2026-06-30,0,0,0,0,0,0,0,0,0,0,0,0,0,0,0,0,0,0,0,0,0,0,0,0,0,0,0,0,0,0,0,0,0,0,0,0,0,0,0,0,0,0,0,0,0,0,0,0,,
WVY,WVY1101,WPWF,waipipi,Wind,Wind,2026-06-01,57391,30944,35421,59460,48954,26136,18008,6000,753,419,8725,9532,10568,25301,46272,48286,54610,42502,37403,62534,59014,57511,60494,62991,61304,61934,39661,29810,18158,33658,59092,44300,17750,33550,31387,43455,33270,26516,28157,55819,59605,55784,43426,34042,39622,63643,61913,60790,,
WVY,WVY1101,WPWF,waipipi,Wind,Wind,2026-06-02,61612,41830,35362,39858,42212,48478,43590,60461,63770,39648,12120,5389,8048,3405,2695,1,0,0,917,2983,865,13,5967,20076,5920,5980,2138,6296,13566,25828,15122,12403,14989,16590,14342,19544,15207,16251,14398,14828,11304,10072,11002,17823,18290,16780,14170,7958,,
WVY,WVY1101,WPWF,waipipi,Wind,Wind,2026-06-03,5648,9389,7864,5357,3829,5220,8546,5023,3138,3476,2429,1865,7315,17114,17016,10800,13148,25381,14879,9189,4601,3749,2760,5247,9010,10170,9431,14095,15572,16366,20229,17275,11876,11145,12215,19163,17664,7614,5802,8916,9849,10194,14729,13729,10686,11702,19175,19807,,
WVY,WVY1101,WPWF,waipipi,Wind,Wind,2026-06-04,18090,17636,15479,12547,18529,18650,19568,27859,31535,31613,34121,32278,33143,36714,37037,35785,41405,44019,44421,41385,45874,43123,41270,39605,37608,39614,37486,38007,31590,30499,30436,32032,25225,22417,18136,20373,25672,23775,18775,20172,27646,19573,23544,22517,31009,45677,49821,52446,,
WVY,WVY1101,WPWF,waipipi,Wind,Wind,2026-06-05,49086,53890,50411,47516,54302,54647,53619,52589,49425,26488,40935,52258,43161,35215,26612,48961,47720,33044,6996,6969,24950,60005,61503,60172,55982,55877,58517,57264,61520,61086,62494,56234,59994,50985,40511,33397,24195,18264,24201,55305,42449,43712,46643,59666,54944,35225,26762,22422,,
WVY,WVY1101,WPWF,waipipi,Wind,Wind,2026-06-06,18007,40036,52144,21582,23207,33842,32562,41432,41905,24548,30004,36480,34464,23502,24205,29180,28600,27392,22856,19153,17970,24645,35813,26720,18670,26717,20085,23309,33723,39016,35552,18704,23115,21958,22815,22565,41666,53659,58013,60818,58186,61599,61568,60889,59204,60493,60764,58456,,
WVY,WVY1101,WPWF,waipipi,Wind,Wind,2026-06-07,59982,55779,39077,23619,14560,10686,19495,42367,52777,58069,46862,18949,23203,31466,37274,34600,23914,20708,22645,23456,17190,16100,7372,6849,4879,6216,2721,208,0,0,0,26,1442,10696,31076,57888,58517,61592,61429,53281,48125,53298,49246,51295,56818,60605,62100,62120,,
WVY,WVY1101,WPWF,waipipi,Wind,Wind,2026-06-08,62374,59583,62151,62095,62151,60750,60402,60515,61320,61655,61598,61559,60198,62312,61960,61883,60186,60611,59727,61724,62526,62538,62562,62427,62764,62630,62601,62710,62760,62710,62548,62761,62436,61852,62786,62798,62766,62703,62691,62723,62734,62775,61302,62809,62803,62684,37754,31777,,
WVY,WVY1101,WPWF,waipipi,Wind,Wind,2026-06-09,53455,41326,29423,22568,16728,8361,6862,4384,5734,4393,6920,3974,635,11,14,1,9,3,0,0,2,2334,27893,12295,8765,7361,6989,16025,45248,62258,62802,62779,61445,62031,62809,62793,62808,62806,62798,62770,62803,62672,62739,62706,62800,62765,62773,62710,,
WVY,WVY1101,WPWF,waipipi,Wind,Wind,2026-06-10,61682,60627,59377,56336,56053,51697,54653,51380,50721,52699,50804,40082,35838,41157,39842,42431,45375,33791,8692,4526,3357,1659,2921,2179,1231,427,583,23141,22380,23367,17341,18455,18282,17634,21639,18143,18311,20137,15102,14932,13184,6751,2390,124,8,0,0,0,,
WVY,WVY1101,WPWF,waipipi,Wind,Wind,2026-06-11,0,0,0,0,0,0,0,0,0,0,0,0,0,0,0,8,936,1058,2377,2536,2527,1977,1267,513,39,165,614,767,987,652,724,1416,2368,3531,5978,10187,13791,12911,13777,11910,9144,8222,8918,9140,12274,21818,31307,41942,,
WVY,WVY1101,WPWF,waipipi,Wind,Wind,2026-06-12,46471,46186,53275,55290,56701,60087,60449,61508,61834,62251,62016,61945,60831,61459,60304,58300,50425,44148,40265,36288,22337,17889,12731,8627,6426,3790,1781,97,1,5,4,3,0,1,387,619,542,334,9,0,0,0,0,0,379,3028,3331,4033,,
WVY,WVY1101,WPWF,waipipi,Wind,Wind,2026-06-13,1422,322,660,42,0,0,0,138,1065,419,3208,2125,1356,1752,2315,2584,1573,382,801,3098,5868,5947,6690,8138,10934,12961,11236,11818,11592,9389,8819,8517,11333,13240,9727,11531,9056,10685,17529,15014,11761,9884,13034,17325,18783,20492,26646,28061,,
WVY,WVY1101,WPWF,waipipi,Wind,Wind,2026-06-14,23206,22702,23522,19602,19991,21539,22775,22239,24886,29319,31359,26079,26036,30738,31709,33399,35339,35697,37163,36164,34137,29687,34360,37674,37717,37976,38210,21076,31728,34401,42257,33915,30253,24051,27860,27505,30371,30752,30190,28422,33981,36341,36763,34384,35993,31477,34543,30856,,
WVY,WVY1101,WPWF,waipipi,Wind,Wind,2026-06-15,35166,39538,48091,47314,44889,40085,39389,40872,36086,40847,39494,40391,40688,51007,42326,50617,40576,38960,36506,29794,26619,29824,27101,35786,45082,54908,48404,50148,47941,43640,38476,30688,22941,18689,22945,25738,27867,28334,33988,33042,30075,32902,32201,37677,27246,20931,18435,36499,,
WVY,WVY1101,WPWF,waipipi,Wind,Wind,2026-06-16,41748,27191,32779,44057,40527,40476,38129,34707,36168,43716,53554,46986,31045,18797,17281,15313,21148,14105,16853,28545,26421,22287,19956,16332,16240,18979,24289,20627,18581,12133,7222,6299,6363,3633,807,13,6,0,0,0,0,0,3,1119,6008,10215,12840,16119,,
WVY,WVY1101,WPWF,waipipi,Wind,Wind,2026-06-17,25052,28292,30319,31711,35040,34880,40451,39913,56632,62181,62774,62578,62264,61414,62432,62756,62731,62646,62705,62177,61518,59378,59037,54927,47769,42635,21974,30139,38077,44145,26172,18783,15382,8514,9011,7481,3784,3297,3049,1135,182,51,34,3,265,275,225,2382,,
WVY,WVY1101,WPWF,waipipi,Wind,Wind,2026-06-18,6332,3321,6872,9779,12649,13663,16280,21245,16326,10646,9365,11676,9063,9746,13458,16193,14776,13183,25451,50894,52904,49973,48554,55282,55912,60941,61233,61194,60940,59188,58552,60973,61356,59769,44815,20524,16652,15164,11125,22873,31293,47639,49424,50751,33990,25181,18166,9267,,
WVY,WVY1101,WPWF,waipipi,Wind,Wind,2026-06-19,4485,7329,13402,21767,15203,10859,3153,2663,443,2939,6141,10629,11407,8312,6802,5788,2331,183,0,0,0,0,0,0,0,0,0,0,0,0,100,1143,2960,5316,8329,7971,7504,14358,22088,20622,20899,22431,34529,36146,28522,21597,19643,29508,,
WVY,WVY1101,WPWF,waipipi,Wind,Wind,2026-06-20,29637,25750,18726,21253,25816,37682,46624,50033,48725,42381,49284,49704,40888,44057,38506,47447,44918,41118,34759,35207,40803,39516,37453,44466,31860,28459,45207,43658,59827,52374,60636,55731,52652,53876,60959,59504,59487,61532,62184,62525,55823,59648,62415,62019,62065,62086,61312,49713,,
WVY,WVY1101,WPWF,waipipi,Wind,Wind,2026-06-21,50683,58872,50900,47873,51220,51501,60786,62479,61890,39511,28286,27671,28921,23754,31631,33037,25143,22208,17698,14982,13700,10884,16578,22431,25810,30977,38571,40205,35599,32418,24543,31873,34106,35772,28288,36818,27154,35874,43654,45980,50047,59145,58707,23420,7861,3268,16,25366,,
WVY,WVY1101,WPWF,waipipi,Wind,Wind,2026-06-22,43912,44232,37818,32229,37278,35587,30525,12632,8473,6413,7383,7265,11912,14939,10871,16605,18197,18949,15901,11978,13805,7489,4669,4294,3606,6523,9690,9896,13044,11316,10274,10451,7138,5665,6920,8452,10235,11956,9952,7207,2503,557,7,14,192,631,2928,5760,,
WVY,WVY1101,WPWF,waipipi,Wind,Wind,2026-06-23,2166,2944,5735,6638,11700,17543,12798,10689,18777,14635,19941,21920,24944,28688,28725,22639,29385,23589,18236,27984,29484,37002,34197,29570,26907,14469,15294,10747,3252,1143,418,42,7,114,379,765,1167,693,69,4,392,794,1988,2520,3129,6493,9471,7823,,
WVY,WVY1101,WPWF,waipipi,Wind,Wind,2026-06-24,5821,6573,9015,9209,9624,13015,20688,24204,22031,17803,21267,13863,9963,7608,9110,5037,6255,5144,2476,3151,12157,12337,14161,26731,19842,25155,30913,33111,45504,35709,44461,32644,19346,7203,14436,12377,3266,34420,34909,20218,5103,4284,6246,2721,8985,10058,4365,5789,,
WVY,WVY1101,WPWF,waipipi,Wind,Wind,2026-06-25,9595,10253,6095,8617,9024,9085,6178,2451,533,55,1,5084,17769,10408,13717,60713,62743,62773,62777,62768,62775,62785,62792,62778,62776,62795,62777,62786,62783,62708,60874,54064,43943,39700,36855,31788,33251,24227,23024,24639,25348,23407,19896,21458,21460,21795,20842,24231,,
WVY,WVY1101,WPWF,waipipi,Wind,Wind,2026-06-26,20108,18570,20990,17073,16934,17248,16116,12157,7616,5129,3783,2757,941,458,394,173,0,0,0,0,0,918,0,0,0,0,0,0,0,0,0,0,0,0,0,0,0,0,0,0,0,0,0,1689,4038,5823,11343,23802,,
WVY,WVY1101,WPWF,waipipi,Wind,Wind,2026-06-27,32608,47658,61795,62798,62792,62782,62793,62768,62787,62779,62782,62784,62778,62773,62774,62772,62767,62770,62757,62774,62767,62761,62761,62689,62626,62773,62778,62763,62778,62773,62771,62777,62762,62770,62769,62771,62764,62770,62774,62769,62777,62764,62747,62773,62765,62776,62770,62763,,
WVY,WVY1101,WPWF,waipipi,Wind,Wind,2026-06-28,62742,62754,62741,62777,62727,62720,62681,62645,62393,62589,62435,62151,62335,62096,61756,61153,59887,59003,59029,60603,58035,59255,57384,57303,56584,57216,56681,56165,57933,55242,50868,52774,53119,57066,57412,53657,47614,49177,50737,43266,48613,35737,23192,22206,23690,34031,28067,28738,,
WVY,WVY1101,WPWF,waipipi,Wind,Wind,2026-06-29,26250,34351,31590,25216,25853,28084,27450,30439,26430,28514,32160,24597,28910,30092,24923,25550,17923,17391,11287,8216,8244,6788,6249,7524,8088,8065,7632,8551,15779,23564,28482,36843,44726,36565,34474,38880,44814,21229,23214,31885,32668,26788,46092,54615,52526,47381,36952,29859,,
WVY,WVY1101,WPWF,waipipi,Wind,Wind,2026-06-30,26158,30073,36093,34572,26989,30553,36740,37413,30472,24518,25903,23118,24327,30644,36726,30222,20473,18558,11647,6743,5479,3461,4614,4391,4989,3161,821,22,38,44,169,291,38,192,7,0,0,0,0,0,0,0,0,0,0,0,128,2023,,
WWD,WWD1102,MERI,west_wind,Wind,Wind,2026-06-01,20557,20583,25414,27203,27391,26973,28676,27686,27055,28683,28897,28709,27609,28323,29416,26562,28692,28564,29569,27966,25977,27583,25587,27430,25690,25057,23806,22750,22085,19315,17674,21192,22552,23322,22199,26491,24116,19116,21024,19761,19010,19791,20071,21320,20089,19406,26240,27291,,
WWD,WWD1102,MERI,west_wind,Wind,Wind,2026-06-02,26596,27939,28785,29047,27806,28356,28479,29827,29425,29273,30331,30489,31400,31330,23016,21966,30104,26153,22999,22495,16870,12294,8249,4961,2376,3105,3808,7515,12546,8304,24460,19617,13380,20179,20608,11584,12170,11983,12147,17810,22173,25909,26816,23923,23121,20101,17699,14974,,
WWD,WWD1102,MERI,west_wind,Wind,Wind,2026-06-03,9728,10871,12146,11064,6556,5130,4881,2833,661,0,0,48,1018,2138,2685,3563,3591,2885,2244,971,662,121,0,0,0,1,2,17,7,0,0,0,0,1,0,0,0,63,301,1280,1438,1732,3416,5821,7635,8200,9725,9636,,
WWD,WWD1102,MERI,west_wind,Wind,Wind,2026-06-04,9977,8896,8563,11655,10532,16394,19090,16918,16854,22938,23801,25182,24985,25016,27425,25848,25965,22794,22769,26376,26985,26077,27718,28764,28444,28662,28696,28775,29163,28977,29921,29947,30318,29816,29609,27121,25784,25864,26353,25696,26886,25942,28875,30635,31161,31874,31160,28472,,
WWD,WWD1102,MERI,west_wind,Wind,Wind,2026-06-05,6144,3679,12544,25336,32076,32175,32105,32165,31633,31740,30991,30538,30599,30449,31327,31215,29614,31834,31439,31297,31043,31472,31582,29867,29111,29597,27764,31137,29525,27970,21303,29861,31749,31565,31814,31035,29220,21324,22458,27561,28843,29602,29472,29859,26696,29528,28050,29075,,
WWD,WWD1102,MERI,west_wind,Wind,Wind,2026-06-06,27440,10791,3840,9192,9270,13710,11070,16951,14608,15602,10094,7401,9278,12719,14521,18489,14883,14410,10235,7681,6311,4168,1218,441,130,1101,3051,9452,12861,16155,16296,19622,23640,22774,19633,18780,18105,11882,8148,4310,2860,2486,2821,2149,957,0,0,0,,
WWD,WWD1102,MERI,west_wind,Wind,Wind,2026-06-07,0,0,0,0,0,0,0,70,362,31,1212,5127,13974,29219,21839,17788,14702,9269,4363,1057,625,334,0,0,0,0,213,1732,2165,4046,6944,8287,8331,11643,15980,16778,17798,16393,14568,11357,8053,5705,4335,2580,1089,202,265,999,,
WWD,WWD1102,MERI,west_wind,Wind,Wind,2026-06-08,1206,3543,6946,8970,11162,10819,10357,9877,4895,1235,1059,1492,3700,4776,5527,6378,8037,8482,7955,7947,9208,9192,9367,7761,4022,3402,4225,4515,11349,10579,3800,2617,8621,18128,18547,21594,19586,10937,19110,28389,22647,22214,25713,26752,27383,26987,27626,23141,,
WWD,WWD1102,MERI,west_wind,Wind,Wind,2026-06-09,19236,11366,11413,9053,8917,4788,3649,5396,6345,6986,3594,5658,11943,8571,7098,19375,22732,22003,21943,21322,21746,23863,26483,27284,28336,27693,25955,26526,26427,27693,27991,28870,28730,28863,28307,28384,27988,25832,25014,25225,23667,22401,22724,21307,17534,18903,17247,16002,,
WWD,WWD1102,MERI,west_wind,Wind,Wind,2026-06-10,14897,16468,16677,16772,16412,13710,12159,10496,8955,7891,5663,5271,3241,2031,2088,1837,1150,1896,1949,1196,2540,3413,3783,3529,5459,8670,9229,10057,8639,6408,6780,5624,4456,3301,2359,1375,1116,866,755,865,734,173,0,0,0,0,0,0,,
WWD,WWD1102,MERI,west_wind,Wind,Wind,2026-06-11,0,0,0,0,0,2,321,189,213,299,353,426,670,377,155,697,851,361,212,554,1919,4713,5374,6317,9956,13475,18574,14572,12438,14692,15482,17032,17671,19761,21749,21627,20518,16471,14156,12815,13802,16275,17764,18638,18355,18263,19231,18539,,
WWD,WWD1102,MERI,west_wind,Wind,Wind,2026-06-12,18268,17557,18711,16791,10122,5845,6289,6963,5158,4629,3858,887,234,1005,1803,1515,381,13,0,0,0,0,0,0,950,3277,2736,2911,2932,3974,3529,3241,3852,2551,2363,3318,4709,3442,3651,4060,3887,3251,1303,394,52,0,0,0,,
WWD,WWD1102,MERI,west_wind,Wind,Wind,2026-06-13,0,1,0,0,0,0,0,0,0,0,758,2404,2761,3791,6329,8025,8293,11603,10718,9755,13232,14105,15758,14941,14166,14492,13416,14588,13024,15785,15629,18162,18363,13965,13268,12519,10187,7198,5777,4401,3379,3052,3326,2958,1997,2057,4250,4456,,
WWD,WWD1102,MERI,west_wind,Wind,Wind,2026-06-14,3412,2943,3199,3083,2278,1388,2704,9861,14977,16994,16010,16256,16644,14695,12545,11416,10598,13830,16693,14708,13895,14651,13967,16455,19099,16654,16419,17516,14992,12977,12478,16751,18769,20936,22407,20012,21139,23216,24308,25437,26052,24498,25022,25964,24948,25276,26145,24610,,
WWD,WWD1102,MERI,west_wind,Wind,Wind,2026-06-15,25858,26851,26673,26895,27476,25570,26272,25780,24667,26126,27218,26887,26408,25906,23776,23272,20404,17400,16401,16671,18681,21262,20262,23266,24314,24335,25167,23797,24654,24306,22329,23616,22549,21185,8731,8483,22275,26542,27307,27821,25774,23342,22209,22714,25626,25247,21604,17365,,
WWD,WWD1102,MERI,west_wind,Wind,Wind,2026-06-16,13880,11487,12739,14877,17901,15517,16592,15598,18482,21393,18412,16552,17296,19180,19850,20250,16906,13855,12762,12171,11885,9147,7660,6080,4413,3854,2477,1508,1131,251,0,0,0,0,0,1,373,2057,3480,8153,15765,20609,21093,23291,24041,23831,24102,25075,,
WWD,WWD1102,MERI,west_wind,Wind,Wind,2026-06-17,24699,25200,25167,24951,23841,23510,23837,24157,25219,27503,25150,14404,13606,12056,8236,6225,4362,4748,3054,1744,2401,1749,973,40,39,6,0,0,2559,8316,11503,13163,15085,14974,15688,17638,14953,15322,14261,12621,10589,8713,7494,5911,4777,2339,903,134,,
WWD,WWD1102,MERI,west_wind,Wind,Wind,2026-06-18,2,28,0,1,10,448,897,1183,3238,6815,12626,14862,15342,15937,16997,20260,21464,22535,23715,18863,9691,7026,8135,6175,5726,3305,1863,1627,1163,225,0,0,848,5815,8083,12240,18037,17148,17649,16937,17414,17330,17252,14703,10580,9837,7842,5679,,
WWD,WWD1102,MERI,west_wind,Wind,Wind,2026-06-19,4068,3158,2183,1613,1185,470,27,247,200,227,2096,686,0,0,0,0,0,7,801,2749,5074,8192,14239,19168,20662,24277,25664,24888,25716,26068,26258,28049,28796,28240,28528,28316,28659,28812,28886,28966,28735,28125,28368,27918,28431,28401,29149,28565,,
WWD,WWD1102,MERI,west_wind,Wind,Wind,2026-06-20,29456,27827,27694,29211,27417,29123,29103,29283,29687,28753,27534,27254,28643,29121,28881,28799,29310,29238,28932,28076,28589,28282,28581,29050,27953,25969,20355,20247,14619,15255,14628,15481,16107,14401,11649,11323,11158,13017,16921,19165,20197,19769,19585,19682,19466,19351,19493,19383,,
WWD,WWD1102,MERI,west_wind,Wind,Wind,2026-06-21,19424,19324,19259,19342,18779,12449,12184,8053,3523,47,0,162,635,873,1719,2671,2375,2264,1863,1460,1285,46,0,0,0,0,0,0,0,0,0,0,3,162,18237,27586,27701,25480,21562,17089,16122,14285,13550,15931,21893,18419,15073,10892,,
WWD,WWD1102,MERI,west_wind,Wind,Wind,2026-06-22,8685,7891,8670,7713,5990,5007,3120,3810,2621,3143,3131,2412,2348,1087,742,606,271,13,0,0,1,5,117,157,24,4,2,0,1,0,0,0,0,0,0,225,250,705,546,187,449,168,291,468,711,360,147,238,,
WWD,WWD1102,MERI,west_wind,Wind,Wind,2026-06-23,611,768,507,95,324,1001,1274,1591,3195,3862,4623,4733,4218,5235,5529,5139,6779,8424,8395,9836,12596,12220,8595,7863,9163,9521,8093,7590,8617,11071,7414,7517,6205,5582,4443,5064,6063,5335,3857,3407,2532,3954,7445,7302,2172,2692,2433,1914,,
WWD,WWD1102,MERI,west_wind,Wind,Wind,2026-06-24,1777,2771,4111,5994,5362,6362,6397,7530,10287,14084,7376,8758,7584,7206,4041,2260,1650,1730,1117,525,694,638,1773,1668,1724,4179,6798,6425,4305,4706,4417,2528,3330,4556,4096,2085,3810,3562,4199,3006,2715,1759,1009,873,1071,43,0,0,,
WWD,WWD1102,MERI,west_wind,Wind,Wind,2026-06-25,0,0,0,9,0,0,517,6561,25763,29294,30337,30395,30264,30022,29964,30041,28757,27269,27826,27712,28019,27902,27706,27092,27184,27944,28572,28832,30222,30159,29064,29416,27825,28054,25854,26869,3724,9,4,7,34,52,19,10,44,59,29,18,,
WWD,WWD1102,MERI,west_wind,Wind,Wind,2026-06-26,40,41,23,9,9,10,10,10,9,10,9,7,7,6,5,6,5,3,3,3,3,3,3,3,3,3,3,4,4,4,4,4,4,4,4,4,4,4,4,4,4,4,4,4,4,4,4,4,,
WWD,WWD1102,MERI,west_wind,Wind,Wind,2026-06-27,6,4,4,4,4,4,4,5,5,5,4,7,5,5,6,6,5,5,4,4,4,9,12,31,16,15,23,33,25,13,12,18,18,12,10,10,12,12,11,11,10,12,22145,24777,24465,24488,23874,24657,,
WWD,WWD1102,MERI,west_wind,Wind,Wind,2026-06-28,25133,24656,24735,23100,23338,26196,25848,24063,23204,23299,22646,20965,19693,18421,20153,21942,23551,23856,22919,20507,19107,17936,17440,15871,16082,16773,17154,18760,19355,21628,22056,22850,22323,21574,19467,19150,18902,15345,14445,12233,12506,12755,12041,12560,11339,9223,11339,14807,,
WWD,WWD1102,MERI,west_wind,Wind,Wind,2026-06-29,16723,16434,11054,10524,9646,8055,10073,8233,10845,11273,10799,10161,12300,13487,14913,13038,13385,7534,7463,6722,7705,9135,8023,8668,8310,6354,5979,8085,7769,9764,9657,9661,8213,5807,5869,5278,5594,3930,3608,4871,2229,1574,1698,2617,2808,2816,2198,1190,,
WWD,WWD1102,MERI,west_wind,Wind,Wind,2026-06-30,1653,2188,1031,509,330,353,353,14,341,965,945,997,1249,2279,1911,1405,1180,1004,685,488,295,105,68,87,0,0,0,0,0,0,0,0,0,0,0,0,0,0,104,1,2,0,0,0,0,0,0,1,,
WWD,WWD1103,MERI,west_wind,Wind,Wind,2026-06-01,22861,20674,19826,20113,19507,18782,20766,22984,23343,24040,25400,24786,23699,22448,23376,22631,22378,21806,21587,21420,19744,20072,21011,19262,18794,18304,18293,18157,17686,15782,16609,18278,18148,19558,18264,20908,23497,17835,18089,18255,17393,18679,18842,18038,19255,19140,20844,21509,,
WWD,WWD1103,MERI,west_wind,Wind,Wind,2026-06-02,21484,21955,22604,22467,21416,22243,22844,25419,24918,24776,24925,24501,24343,23924,21325,15549,16782,17366,14330,13656,13518,13679,10291,7030,3567,5332,9094,10064,11348,13001,20218,20211,13652,18631,20492,16704,13364,13788,19715,24082,24752,24868,23058,22104,21812,21628,19007,17133,,
WWD,WWD1103,MERI,west_wind,Wind,Wind,2026-06-03,12862,11440,10617,6847,5995,4954,3097,987,78,0,0,159,1195,1557,1529,1444,1461,1069,881,320,53,0,0,0,1,1,15,2,0,0,0,0,0,0,0,3,109,972,1450,2062,3666,4258,4901,6288,7481,9061,10503,10722,,
WWD,WWD1103,MERI,west_wind,Wind,Wind,2026-06-04,11936,10608,11177,12308,10041,15510,19835,20120,20211,23404,24511,25284,25244,24812,23735,20319,18645,18394,15641,15100,17215,17694,16417,17264,18024,18489,18708,18982,20103,21646,21394,22014,23126,24650,25525,25623,24941,24625,24216,21854,22394,23123,25036,25777,26375,26851,24811,10840,,
WWD,WWD1103,MERI,west_wind,Wind,Wind,2026-06-05,7213,8429,16200,21848,24001,23998,23898,23654,23274,23787,22784,23253,23702,23595,23845,23602,21737,20684,20444,20089,20429,20499,20552,20681,19743,21071,22244,22117,21911,20380,16327,22130,23904,25101,25081,24824,24078,21782,23463,24078,24063,23932,24306,23641,23081,21745,23795,23736,,
WWD,WWD1103,MERI,west_wind,Wind,Wind,2026-06-06,20540,7842,4292,11742,12349,14151,15865,16013,14799,13887,11139,9809,9093,10934,0,0,0,0,0,0,0,0,0,0,0,0,0,0,0,0,0,0,0,0,0,0,0,0,0,0,0,0,0,0,0,0,0,0,,
WWD,WWD1103,MERI,west_wind,Wind,Wind,2026-06-07,0,0,0,0,0,0,0,0,0,0,0,0,0,0,0,0,0,0,0,0,0,0,0,0,0,0,0,0,56,561,5354,6282,7405,10693,11622,8766,9138,8400,8717,8182,7367,6405,5514,3686,2148,952,600,1375,,
WWD,WWD1103,MERI,west_wind,Wind,Wind,2026-06-08,1146,2609,5520,6816,8042,8853,8690,7157,4713,3564,3583,5364,5374,5352,5241,5549,4661,4322,4704,4463,5127,5109,4589,2891,4247,6333,7790,6193,7850,6883,3423,6210,13310,14945,11998,12015,8281,10296,17413,19447,16840,19739,20313,18922,18388,17902,17676,16898,,
WWD,WWD1103,MERI,west_wind,Wind,Wind,2026-06-09,12557,8930,8629,6827,6548,4069,4387,10726,9781,8967,7118,8347,13208,11075,14270,18464,18604,17208,15130,16009,16218,16034,15821,17962,20223,21826,21561,19969,21494,22725,23223,23204,23832,24128,23328,23460,23619,23788,22961,22987,22506,22091,21878,21389,19993,19506,18780,18935,,
WWD,WWD1103,MERI,west_wind,Wind,Wind,2026-06-10,17944,16703,16054,16734,14718,13167,14783,15063,13851,11076,7072,4022,3618,2812,2995,2989,2374,2254,2064,2188,3050,3220,3806,4257,5879,9677,8490,7863,8203,5240,6350,6595,5351,4212,2901,1687,1137,692,411,458,136,0,0,0,0,0,0,0,,
WWD,WWD1103,MERI,west_wind,Wind,Wind,2026-06-11,0,0,0,0,0,120,481,534,864,1017,1162,1260,1195,911,132,0,0,0,0,0,0,0,0,0,0,0,0,0,10026,13014,14601,17457,20750,22152,22479,23318,22860,21365,19391,17781,17842,19263,20002,18834,17882,19645,20186,21667,,
WWD,WWD1103,MERI,west_wind,Wind,Wind,2026-06-12,21063,16597,18091,16256,10986,7454,7578,5762,5907,6315,6774,2985,1108,865,273,195,37,0,0,0,0,0,0,5,944,2233,2536,2585,2883,4039,4784,4702,4513,4188,4403,4884,4298,2898,2569,2715,2140,1253,640,291,196,71,7,0,,
WWD,WWD1103,MERI,west_wind,Wind,Wind,2026-06-13,0,0,0,0,0,0,0,0,0,0,569,3043,4781,7054,11107,11798,13658,15183,15142,16023,18403,18191,17950,17902,17854,18771,18606,17586,18283,18575,17746,18831,19311,18174,17484,15179,12101,9893,7011,4335,4811,4788,4509,4678,4211,3614,5500,6750,,
WWD,WWD1103,MERI,west_wind,Wind,Wind,2026-06-14,6926,6892,6568,8094,8381,8500,11312,15607,19213,19868,20438,20385,20905,19436,19121,20772,19285,18911,18303,17849,18112,18393,19574,18944,19736,19687,20615,21492,19364,17462,16856,19986,21375,22087,23275,23464,23377,24416,25590,25739,25784,25770,26057,26250,25579,26768,27089,26927,,
WWD,WWD1103,MERI,west_wind,Wind,Wind,2026-06-15,27336,27518,27605,26978,26333,26394,26315,25958,25868,25607,24841,25015,23245,21151,23298,25310,24613,22791,20309,18335,15591,17307,17920,18539,19265,20945,20645,21944,17932,17751,16792,20238,19046,12223,4921,12128,17733,19939,21131,22514,20885,20360,19512,20435,19834,17686,16139,12923,,
WWD,WWD1103,MERI,west_wind,Wind,Wind,2026-06-16,12396,13306,14914,16530,17490,17468,18026,16739,19449,19214,18177,19306,18848,22146,21141,20458,19345,15507,15250,15334,11979,9438,8053,6385,5019,4051,2420,1422,223,4,0,0,0,0,33,800,3727,7241,9911,12365,17360,19629,21025,22004,20680,21999,22739,21920,,
WWD,WWD1103,MERI,west_wind,Wind,Wind,2026-06-17,22998,22581,23861,25134,24862,23770,24143,25433,24005,24250,22677,15666,17878,18733,16149,10635,8906,3545,2568,1741,1359,595,781,279,261,0,0,2120,7412,8816,8620,9409,11258,10816,11041,11783,9806,9772,8743,7989,6368,5565,4544,3556,2176,1017,83,0,,
WWD,WWD1103,MERI,west_wind,Wind,Wind,2026-06-18,0,21,22,53,250,855,1946,2845,5064,7873,13635,16338,17219,19051,19274,20974,19967,20137,17998,15203,9951,9612,8497,8031,6073,3579,1646,1464,821,69,0,55,4960,9391,13871,17256,18845,19573,20952,19660,17210,16845,15486,11163,9184,7814,8251,5597,,
WWD,WWD1103,MERI,west_wind,Wind,Wind,2026-06-19,4670,2987,2213,1519,786,197,49,301,82,27,459,347,0,0,0,2,236,543,1503,2609,4747,9139,13768,17714,20423,21470,21642,22845,23240,23272,24163,24749,24868,27684,27736,27749,28377,28104,27871,28274,27946,28013,28572,27849,28042,27930,27710,27863,,
WWD,WWD1103,MERI,west_wind,Wind,Wind,2026-06-20,27953,27499,26826,27811,27987,27570,28005,27907,27458,26288,26875,27218,26490,26817,25547,26340,26384,26127,26341,25364,26340,26424,25731,26042,26066,25074,23222,20519,17548,17024,16423,13681,12247,10457,9355,11888,11946,11719,13384,14913,15267,14556,16455,17701,18263,18330,18354,18838,,
WWD,WWD1103,MERI,west_wind,Wind,Wind,2026-06-21,18961,18968,17808,18687,16296,7225,6944,4236,169,9,154,48,79,295,483,1193,1187,1149,545,155,30,0,0,0,0,0,0,0,0,0,0,6,540,2800,15004,17074,16360,12243,9403,8892,10402,8888,7917,9953,11677,9798,8986,7975,,
WWD,WWD1103,MERI,west_wind,Wind,Wind,2026-06-22,7712,6654,6823,6054,5738,3299,3205,3287,2720,3179,2666,1884,2245,2078,1482,725,418,64,0,0,0,1,182,229,1,0,0,0,0,0,0,0,0,0,0,70,357,704,933,1071,978,1239,1100,868,923,708,359,466,,
WWD,WWD1103,MERI,west_wind,Wind,Wind,2026-06-23,701,566,597,555,868,1661,2976,3151,4017,4932,5800,6524,6171,7198,8359,8114,9388,9804,11068,11476,12030,12442,11016,7330,10087,10719,8933,10111,9723,11445,10842,9338,7810,6448,5817,5809,6424,5658,5291,4919,3742,4176,7967,9726,6312,3316,4606,3214,,
WWD,WWD1103,MERI,west_wind,Wind,Wind,2026-06-24,1757,2317,3171,4757,5063,5826,6174,6283,7623,9689,6450,6878,5989,7849,5590,3340,1570,582,506,770,744,1219,2372,3004,4711,6570,6276,4611,3903,4119,4477,4296,4691,6209,5278,4630,6451,5154,4832,4004,2218,2400,1627,1764,1539,1521,148,0,,
WWD,WWD1103,MERI,west_wind,Wind,Wind,2026-06-25,0,0,0,0,0,59,1425,9034,22907,25763,26175,26552,27024,27287,27173,27317,25345,22229,22661,23782,23146,23034,22708,23141,23498,24850,25226,24521,27160,26569,24926,24620,22415,22307,20794,20439,2697,9,5,6,6,14,11,10,12,14,10,9,,
WWD,WWD1103,MERI,west_wind,Wind,Wind,2026-06-26,10,12,10,13,9,14,12,9,8,9,16,9,68,5,5,7,7,3,3,3,3,2,2,4,4,3,3,1,0,0,0,0,0,0,0,0,0,2,3,3,3,3,3,3,2,2,2,2,,
WWD,WWD1103,MERI,west_wind,Wind,Wind,2026-06-27,3,2,2,2,3,3,3,3,3,3,4,4,3,4,4,4,3,3,3,2,3,5,7,38,40,13,26,22,25,24,36,36,19,14,20,29,15,14,21,26,22,19,24575,26395,26490,26476,26455,26319,,
WWD,WWD1103,MERI,west_wind,Wind,Wind,2026-06-28,26407,25624,25709,25715,25556,25819,25826,24918,23994,24585,24660,24148,23637,22203,22676,23378,23022,22121,21855,20850,20497,19578,18928,18268,17419,16631,16937,19046,19488,18696,19788,18819,18401,16696,14900,16104,17232,15447,15685,14746,14036,14000,15417,12282,12398,10600,13280,15944,,
WWD,WWD1103,MERI,west_wind,Wind,Wind,2026-06-29,18260,17293,15504,13431,11821,11324,10189,10436,13479,12798,14458,15860,17482,18454,17894,19734,17265,18036,16877,16278,16330,16900,16959,16920,14354,13898,14103,14591,14032,16317,15364,15540,14428,11997,13323,11776,12094,8708,7438,5517,4143,4886,4816,5492,5569,4710,4278,2837,,
WWD,WWD1103,MERI,west_wind,Wind,Wind,2026-06-30,2927,2674,2799,3542,950,779,519,90,626,1967,1662,1789,1509,1711,1569,1254,1106,1146,964,532,472,265,26,6,0,0,0,0,0,0,0,0,0,0,0,0,0,0,0,0,0,0,0,0,0,5,15,305,,
