Site_Code,POC_Code,Nwk_Code,Gen_Code,Fuel_Code,Tech_Code,Trading_Date,TP1,TP2,TP3,TP4,TP5,TP6,TP7,TP8,TP9,TP10,TP11,TP12,TP13,TP14,TP15,TP16,TP17,TP18,TP19,TP20,TP21,TP22,TP23,TP24,TP25,TP26,TP27,TP28,TP29,TP30,TP31,TP32,TP33,TP34,TP35,TP36,TP37,TP38,TP39,TP40,TP41,TP42,TP43,TP44,TP45,TP46,TP47,TP48,TP49,TP50
ARA,ARA2201,MRPL,aratiatia,Hydro,Hydro,2026-03-01,12810,12820,12730,12790,12780,12820,12820,12700,12780,12850,12870,12790,12850,12820,12820,12600,12710,11830,11790,11900,11890,11900,11860,11850,11750,11820,11930,11790,11880,11740,19290,22730,22750,22670,22540,22290,21710,21590,22060,22190,22280,22170,22250,22140,12260,12670,11860,9950,,
ARA,ARA2201,MRPL,aratiatia,Hydro,Hydro,2026-03-02,9040,8840,8830,8740,8870,8420,8390,8460,8440,8390,8390,20650,22920,22180,22440,22760,23270,24220,24220,24310,24000,24240,25900,26570,24110,21820,22680,22600,21250,18750,19020,24390,24610,25300,26870,26860,26950,26930,26990,26940,27020,27010,27060,27100,26640,26090,26110,25970,,
ARA,ARA2201,MRPL,aratiatia,Hydro,Hydro,2026-03-03,25660,25600,24740,24640,24620,24730,24620,24570,24600,24710,24650,24630,25250,25390,26920,26870,26820,26870,27000,27080,26930,27040,26970,27130,26910,27010,27040,26980,26870,26890,26970,26870,26840,31200,32780,32360,34570,34520,35720,35870,35920,35960,34920,35400,36060,36000,36040,36110,,
ARA,ARA2201,MRPL,aratiatia,Hydro,Hydro,2026-03-04,35940,35950,35980,35910,36020,32000,28450,24650,24650,24620,24670,24610,24770,26650,36310,36070,36270,36480,36520,36590,35560,35340,35790,37110,36830,35910,35490,24660,26380,26460,23710,24880,24630,26500,26610,33820,33990,34980,35310,36760,36890,36910,38130,36720,35450,33260,32970,21000,,
ARA,ARA2201,MRPL,aratiatia,Hydro,Hydro,2026-03-05,15940,12290,11090,9330,8310,8340,8010,8080,8080,9430,11650,12530,24170,34470,34480,34540,34430,25490,23850,34990,29220,23560,17920,14150,19520,12870,12750,12840,12770,10940,10070,9860,9870,9870,9770,9940,9790,9770,9820,9780,10450,11820,11840,10820,10200,8940,8340,8330,,
ARA,ARA2201,MRPL,aratiatia,Hydro,Hydro,2026-03-06,8350,8340,8150,8340,8320,8340,8330,8330,8350,8320,8330,8340,8340,8180,8360,8180,10220,12250,11320,11290,11250,11270,11230,11340,11230,11280,11260,11280,11250,11270,11310,11280,11260,11260,10680,8490,8300,8350,8330,8320,8350,8310,8310,7810,7870,7840,8680,7860,,
ARA,ARA2201,MRPL,aratiatia,Hydro,Hydro,2026-03-07,8650,7860,7850,7850,7850,7840,7850,7810,9850,10670,8350,9540,8120,7830,7860,7820,12770,12760,12770,12790,12740,12810,12770,12790,12760,12780,12790,12790,12760,12780,12820,12770,12730,12990,17330,20210,20920,22560,22680,22660,22660,22630,23630,24650,24590,24630,25270,25430,,
ARA,ARA2201,MRPL,aratiatia,Hydro,Hydro,2026-03-08,23600,24250,19090,8020,7860,7860,7850,7870,7910,12790,12800,12860,14200,21750,21670,21670,23700,24040,24200,24110,23700,23680,23670,23690,23620,23560,23750,23700,23730,23570,24130,24680,24580,24860,25280,26090,26020,29940,34500,34470,34470,34500,34380,33970,33970,27830,23540,24710,,
ARA,ARA2201,MRPL,aratiatia,Hydro,Hydro,2026-03-09,23720,21880,25060,34560,34380,34540,36570,37310,37090,37050,37100,37700,38050,38140,37860,37410,26060,26270,26350,26390,26250,26320,26410,26520,26390,26470,26590,26650,26520,26590,26690,26740,26550,26610,26650,26700,26720,26720,26750,26770,26770,26790,26810,26850,26840,26840,26830,26850,,
ARA,ARA2201,MRPL,aratiatia,Hydro,Hydro,2026-03-10,26840,26830,26830,26830,26830,26820,26830,26830,26820,26820,26820,26810,26810,26810,26810,26800,26790,26790,26780,26780,26170,26060,26110,26070,25970,26080,26030,26090,26000,26020,26070,26110,26030,26130,25940,26080,26120,26670,26870,26860,26850,26850,26850,26830,26830,26810,26820,26800,,
ARA,ARA2201,MRPL,aratiatia,Hydro,Hydro,2026-03-11,26800,26790,26780,26780,26770,26770,26760,26760,26750,26760,26730,26750,26730,26730,26710,26720,26700,26700,26690,26700,26130,25970,26010,26000,25850,25990,26040,26040,25950,25970,26030,26030,25920,26040,26030,26020,26040,26570,26770,26760,26750,26750,26750,26750,26750,26740,26740,26730,,
ARA,ARA2201,MRPL,aratiatia,Hydro,Hydro,2026-03-12,26720,26720,26720,26730,26710,26710,26700,26690,26700,26690,26680,26680,26670,26670,26640,26550,26040,26040,26030,26060,25940,25990,26060,26020,25940,25980,26000,26110,25940,25960,26050,25260,25040,25130,25090,25150,26140,26790,26860,26860,26840,26840,26830,26830,26810,26820,26790,26810,,
ARA,ARA2201,MRPL,aratiatia,Hydro,Hydro,2026-03-13,26790,26790,26770,26660,26760,26750,26760,26740,26740,26720,26710,26540,26560,26470,26500,26490,26490,26510,26530,26500,26400,26490,26510,26500,26340,26420,26440,26430,26310,26390,26400,26420,26270,26410,26430,26500,26540,26540,26690,26840,26830,26610,26570,26520,26550,26560,26550,26490,,
ARA,ARA2201,MRPL,aratiatia,Hydro,Hydro,2026-03-14,26520,26520,26490,26560,26250,26000,26050,26050,26110,26080,26030,26070,26050,26070,26110,26030,24930,24050,24050,25360,26050,26120,26070,26170,25990,26100,26170,26160,26070,26080,26110,26170,26000,21980,18370,9040,8330,8350,8600,8380,8330,8330,8350,8340,7810,7830,7850,7860,,
ARA,ARA2201,MRPL,aratiatia,Hydro,Hydro,2026-03-15,7870,7850,7860,7840,7860,7860,7840,7870,7850,7870,7870,7870,7880,7850,7820,7840,7820,7850,7820,7850,22020,26170,26160,26190,26070,26140,26180,26190,26050,26160,26140,26120,21010,10560,8350,8350,8320,8650,8850,8850,8830,8350,8360,8330,8340,7860,7900,7840,,
ARA,ARA2201,MRPL,aratiatia,Hydro,Hydro,2026-03-16,7840,7850,7860,7860,7860,7840,7850,7850,7880,7860,7850,7840,7830,8680,17770,21520,21640,23200,24160,25970,26470,26220,25620,25630,25570,25640,25600,25540,25570,25610,25910,26570,26510,26600,26310,25600,25480,25430,25540,25670,25580,25650,25690,24930,24120,12730,12330,12330,,
ARA,ARA2201,MRPL,aratiatia,Hydro,Hydro,2026-03-17,12300,12310,12320,12300,14330,24140,24150,24190,24150,24120,24140,25160,25630,26170,26090,26090,26070,26120,26250,26590,26450,26530,26570,26570,26440,26510,26560,26550,26450,25440,24720,26540,26430,26470,26540,26590,26510,26640,26890,26250,25190,25130,25140,25110,25180,25080,25150,25140,,
ARA,ARA2201,MRPL,aratiatia,Hydro,Hydro,2026-03-18,26870,26950,26930,26900,26850,26830,26790,26740,25260,25090,24990,25100,25260,25180,25200,25480,25610,25670,25600,25580,25460,25600,25600,25570,25450,25500,25510,25560,25150,25040,25070,25050,25000,25450,25470,25510,25510,25500,25520,25480,25520,25550,25570,25530,23750,23640,23690,23980,,
ARA,ARA2201,MRPL,aratiatia,Hydro,Hydro,2026-03-19,26570,26550,26560,26540,26520,26520,25680,25650,26200,26540,25020,25770,26120,26090,26200,25940,26020,26040,26100,26040,25960,25990,26010,25980,25830,25930,25950,25930,25780,23860,25740,25450,25550,25710,25700,25690,25560,25600,25640,24250,22140,22170,25300,24610,25590,25140,25150,25130,,
ARA,ARA2201,MRPL,aratiatia,Hydro,Hydro,2026-03-20,24060,20020,11810,11890,12810,12760,12800,12800,12800,11990,11920,12400,12810,23450,23840,23510,23630,23320,22600,22640,22760,22850,22550,22360,22580,23020,22660,22470,22730,22700,22710,23020,23480,23640,23410,23290,23160,23080,23130,21720,21680,21680,21680,21640,21680,21650,21710,21700,,
ARA,ARA2201,MRPL,aratiatia,Hydro,Hydro,2026-03-21,21720,21790,21650,21440,21900,21820,12190,11810,11810,19400,12200,12410,12810,12770,12810,12790,16190,20200,20180,20160,20180,20190,20190,20240,20140,20190,20170,20190,20200,20250,20190,20140,20160,20540,20630,20690,20740,20670,21140,21700,21650,21700,16100,12820,12800,12780,12840,12770,,
ARA,ARA2201,MRPL,aratiatia,Hydro,Hydro,2026-03-22,12840,12760,12820,12800,12800,12790,12690,10840,10830,10860,10830,10830,10840,12150,12760,24280,24530,24200,24170,24100,24100,24190,24330,23980,24210,24140,24110,24160,24160,24170,24120,24140,24100,24230,24150,24120,24150,24150,24150,24140,24160,24130,24220,24140,24160,24030,24640,20880,,
ARA,ARA2201,MRPL,aratiatia,Hydro,Hydro,2026-03-23,12840,15610,12860,12880,12880,12870,12880,12870,12870,12870,12870,12880,14200,24330,24460,24100,24040,24170,24070,24250,24030,24120,24410,23920,24060,24210,24080,23990,24350,24330,24830,24740,24310,24550,24730,25150,25120,25090,25130,25150,25130,25100,25140,25170,25380,26140,25660,25640,,
ARA,ARA2201,MRPL,aratiatia,Hydro,Hydro,2026-03-24,25640,21320,12770,12800,12800,12800,12810,12800,12800,12800,12790,12800,13070,25650,25630,25570,25400,25320,25810,25800,25790,25560,25520,25630,24590,23750,23550,23680,23700,23910,23520,23580,23580,24400,24430,24600,24710,24770,24460,24180,15980,12320,12330,12280,12320,12260,11850,11800,,
ARA,ARA2201,MRPL,aratiatia,Hydro,Hydro,2026-03-25,12320,12350,12300,12300,12280,12310,11410,11310,11330,11310,22740,25050,24680,24660,24520,24540,24560,24580,24560,24950,24970,25000,25030,25000,24960,24950,25040,25510,23960,24470,23220,23320,23750,23420,23630,23590,23900,25690,26060,26030,26040,26040,24060,23640,18520,12780,12540,9620,,
ARA,ARA2201,MRPL,aratiatia,Hydro,Hydro,2026-03-26,10350,10290,10350,9990,7830,7860,7880,7850,7880,8390,8860,8840,8810,8830,8800,8770,8830,8810,12160,12750,12700,10950,10830,10750,10790,10820,10800,10750,10780,10810,10870,10740,10760,10780,10770,10790,10830,10820,8890,8840,8600,8260,8340,8380,8370,8300,8280,8380,,
ARA,ARA2201,MRPL,aratiatia,Hydro,Hydro,2026-03-27,8430,8290,8300,8350,8300,7880,7880,7840,7900,7860,7790,7890,8310,8360,8220,8300,8310,8290,8340,8360,8260,8330,8310,9520,10780,10810,10760,10780,10790,10850,10830,10760,17890,21650,21610,21610,21750,21620,21670,21540,21640,21720,21800,14490,12780,12550,11370,11300,,
ARA,ARA2201,MRPL,aratiatia,Hydro,Hydro,2026-03-28,10680,8390,8350,8340,8370,8360,8360,8380,8310,8340,8350,8350,8370,8370,8350,8750,10400,11370,11280,11290,11370,12290,11690,11360,11270,11330,11310,11470,17120,24250,24060,24110,24200,14250,12440,12350,12270,12270,12280,12280,12270,12320,12320,12270,12310,12290,12340,12310,,
ARA,ARA2201,MRPL,aratiatia,Hydro,Hydro,2026-03-29,12310,12300,12320,12290,12090,12220,12460,12480,12320,12260,12310,12330,12300,12320,12360,12780,12800,12840,23710,23650,23600,23650,23650,23630,23650,23670,23610,23680,23640,24920,25580,26030,25920,25980,26070,25910,26000,26000,25940,25950,26010,26050,26100,25990,26250,26370,26740,26720,,
ARA,ARA2201,MRPL,aratiatia,Hydro,Hydro,2026-03-30,26690,26330,25990,25990,25980,26010,26090,25940,26010,26020,21670,26050,25920,26040,26390,26790,26750,26730,26720,25830,25070,24650,20160,19260,19070,18960,18990,18680,18710,18680,18760,18390,18060,18470,18200,18120,18230,18160,18160,18170,18250,21600,21770,21610,21570,21370,12040,11800,,
ARA,ARA2201,MRPL,aratiatia,Hydro,Hydro,2026-03-31,8930,8380,8340,8350,8350,8790,8330,8370,8330,8330,9500,10010,8350,8290,8440,9820,11660,10870,11380,11730,11200,10850,10790,10780,10790,10820,11320,14630,18020,17950,18190,14780,12360,14270,17930,17840,18010,17900,17900,17890,17970,17950,18070,13760,12290,12280,12300,12290,,
ARG,ARG1101,CNIR,argyle_wairau,Hydro,Hydro,2026-03-01,0,0,0,0,0,0,0,0,0,0,0,0,0,0,0,0,0,0,2858,3295,3262,3263,107,0,0,0,0,0,0,0,0,2803,3306,3287,3296,3307,3319,3313,3330,3336,3349,3356,3359,3352,3325,3356,101,0,,
ARG,ARG1101,CNIR,argyle_wairau,Hydro,Hydro,2026-03-02,0,0,0,0,0,0,0,0,0,0,0,0,0,0,0,0,1924,2823,2549,2406,2382,2375,2364,2352,22,0,0,0,0,0,0,0,0,0,1667,2411,2413,2413,2415,2412,2414,2412,615,0,0,0,0,0,,
ARG,ARG1101,CNIR,argyle_wairau,Hydro,Hydro,2026-03-03,0,0,0,0,0,0,0,0,0,0,0,0,0,2179,3394,3378,3366,2482,2166,2185,2246,2299,531,0,0,0,0,0,0,0,0,0,0,0,0,0,0,0,0,0,0,0,0,0,0,0,0,0,,
ARG,ARG1101,CNIR,argyle_wairau,Hydro,Hydro,2026-03-04,0,0,0,0,0,0,0,0,0,0,0,0,0,0,0,1762,3382,2445,2408,2409,2698,2580,2412,49,0,0,0,0,0,0,0,0,0,0,2025,2411,2411,2412,2696,2443,2677,2415,2411,2995,2414,2538,503,0,,
ARG,ARG1101,CNIR,argyle_wairau,Hydro,Hydro,2026-03-05,0,0,0,0,0,0,0,0,0,0,0,0,0,2118,2860,3248,3145,2416,2580,2736,2670,2586,2493,2419,15,0,0,0,0,0,0,0,0,0,0,0,0,0,0,1643,2412,2410,2408,2409,2412,2416,2415,2418,,
ARG,ARG1101,CNIR,argyle_wairau,Hydro,Hydro,2026-03-06,136,0,0,0,0,0,0,0,0,0,0,0,0,2112,2407,2409,2409,94,0,0,0,0,0,0,0,0,0,0,0,0,0,0,0,0,0,0,0,0,0,0,1584,2429,2443,2455,2462,2470,2480,2480,,
ARG,ARG1101,CNIR,argyle_wairau,Hydro,Hydro,2026-03-07,2475,2475,2477,2473,59,0,0,0,0,0,0,0,0,0,0,0,0,1819,2220,2243,2261,2276,131,0,0,0,0,0,0,0,0,0,0,0,0,1996,2324,2294,2268,2251,2236,2226,2227,11,0,0,0,0,,
ARG,ARG1101,CNIR,argyle_wairau,Hydro,Hydro,2026-03-08,0,0,0,0,0,0,0,0,0,0,0,0,0,0,0,0,0,0,0,0,0,0,0,0,0,0,0,0,0,0,0,0,0,0,0,0,1664,2412,2414,2414,2412,2414,2413,2362,2308,2263,2195,2216,,
ARG,ARG1101,CNIR,argyle_wairau,Hydro,Hydro,2026-03-09,2327,2405,2420,2423,2422,2422,2428,2424,2425,2439,2431,40,0,0,0,0,0,0,0,0,0,0,0,0,0,0,0,0,0,0,0,0,0,0,0,0,0,0,0,0,0,0,0,0,0,0,0,0,,
ARG,ARG1101,CNIR,argyle_wairau,Hydro,Hydro,2026-03-10,0,0,0,0,0,0,0,0,0,0,0,0,0,0,0,0,0,0,0,0,0,0,0,0,0,0,0,0,0,0,204,445,344,404,83,0,0,0,0,0,0,0,0,0,0,0,0,0,,
ARG,ARG1101,CNIR,argyle_wairau,Hydro,Hydro,2026-03-11,0,0,0,0,0,0,0,0,0,0,0,0,0,0,0,0,0,0,0,139,255,221,0,0,0,0,47,11,0,0,0,0,0,0,0,0,0,0,0,0,0,0,0,0,0,0,0,0,,
ARG,ARG1101,CNIR,argyle_wairau,Hydro,Hydro,2026-03-12,0,0,0,0,0,0,0,0,0,0,0,0,0,0,0,0,0,0,0,0,0,0,0,0,0,0,0,0,0,0,0,0,0,0,0,0,0,0,0,0,0,0,0,0,0,0,0,0,,
ARG,ARG1101,CNIR,argyle_wairau,Hydro,Hydro,2026-03-13,0,0,0,0,0,0,0,0,0,0,0,0,0,0,0,0,0,0,0,0,0,0,0,0,0,0,0,0,0,0,0,0,0,0,0,0,0,0,0,0,0,0,0,0,0,0,0,0,,
ARG,ARG1101,CNIR,argyle_wairau,Hydro,Hydro,2026-03-14,0,0,0,0,0,0,0,0,0,0,0,0,0,0,0,0,0,0,0,0,0,0,0,0,0,0,0,0,0,0,0,0,0,0,0,0,0,0,0,0,0,0,0,0,0,0,0,0,,
ARG,ARG1101,CNIR,argyle_wairau,Hydro,Hydro,2026-03-15,0,0,0,0,0,0,0,0,0,0,0,0,0,0,0,0,0,0,0,0,0,0,0,0,0,0,0,0,0,0,0,0,0,0,0,0,0,0,0,0,0,0,0,0,0,0,0,0,,
ARG,ARG1101,CNIR,argyle_wairau,Hydro,Hydro,2026-03-16,0,0,0,0,0,0,0,0,0,0,0,0,0,0,0,0,0,0,0,0,0,0,0,0,0,0,0,0,0,0,0,0,0,0,0,0,0,0,0,0,0,0,0,0,0,0,0,0,,
ARG,ARG1101,CNIR,argyle_wairau,Hydro,Hydro,2026-03-17,0,0,0,0,0,0,0,0,0,0,0,0,0,0,0,0,0,0,0,0,0,0,0,0,0,0,0,0,0,0,0,0,0,0,0,0,0,0,0,0,0,0,0,0,0,0,0,0,,
ARG,ARG1101,CNIR,argyle_wairau,Hydro,Hydro,2026-03-18,0,0,0,0,0,0,0,0,0,0,0,0,0,0,0,0,0,0,0,0,0,0,0,0,0,0,0,0,0,0,0,0,0,0,0,0,0,0,0,0,0,0,0,0,0,0,0,0,,
ARG,ARG1101,CNIR,argyle_wairau,Hydro,Hydro,2026-03-19,0,0,0,0,0,0,0,0,0,0,0,0,0,0,0,0,0,0,0,0,0,0,0,0,0,0,0,0,0,0,0,0,0,0,0,0,0,0,0,0,0,0,0,0,0,0,0,0,,
ARG,ARG1101,CNIR,argyle_wairau,Hydro,Hydro,2026-03-20,0,0,0,0,0,0,0,0,0,0,0,0,0,0,0,0,0,0,0,0,0,0,0,0,0,0,0,0,0,0,0,0,0,0,0,0,0,0,0,0,0,0,0,0,0,0,0,0,,
ARG,ARG1101,CNIR,argyle_wairau,Hydro,Hydro,2026-03-21,0,0,0,0,0,0,0,0,0,0,0,0,0,0,0,0,0,0,0,0,0,0,0,0,0,0,0,0,0,0,0,0,0,0,0,0,0,0,0,0,0,0,0,0,0,0,0,0,,
ARG,ARG1101,CNIR,argyle_wairau,Hydro,Hydro,2026-03-22,0,0,0,0,0,0,0,0,0,0,0,0,0,0,0,0,0,0,0,0,0,0,0,0,0,0,0,0,0,0,0,0,0,0,0,0,0,0,0,0,0,0,0,0,0,0,0,0,,
ARG,ARG1101,CNIR,argyle_wairau,Hydro,Hydro,2026-03-23,0,0,0,0,0,0,0,0,0,0,0,0,0,0,0,0,0,0,0,0,0,0,0,0,0,0,0,0,0,0,0,0,0,0,0,0,0,0,0,0,0,0,0,0,0,0,0,0,,
ARG,ARG1101,CNIR,argyle_wairau,Hydro,Hydro,2026-03-24,0,0,0,0,0,0,0,0,0,0,0,0,0,0,0,0,0,0,0,0,0,0,0,0,0,0,0,0,0,0,0,0,0,0,0,0,0,0,0,0,0,0,0,0,0,0,0,0,,
ARG,ARG1101,CNIR,argyle_wairau,Hydro,Hydro,2026-03-25,0,0,0,0,0,0,0,0,0,0,0,0,0,0,0,0,0,0,0,0,0,0,0,0,0,0,0,0,0,0,0,0,0,0,0,0,0,0,0,0,0,0,0,0,0,0,0,0,,
ARG,ARG1101,CNIR,argyle_wairau,Hydro,Hydro,2026-03-26,0,0,0,0,0,0,0,0,0,0,0,0,0,0,0,0,0,0,0,0,0,0,0,0,0,0,0,0,0,0,0,0,0,0,0,0,0,0,0,0,0,0,0,0,0,0,0,0,,
ARG,ARG1101,CNIR,argyle_wairau,Hydro,Hydro,2026-03-27,0,0,0,0,0,0,0,0,0,0,0,0,0,0,0,0,0,0,0,0,0,0,0,0,0,0,0,0,0,0,0,0,0,0,0,0,0,0,0,0,0,0,0,0,0,0,0,0,,
ARG,ARG1101,CNIR,argyle_wairau,Hydro,Hydro,2026-03-28,0,0,0,0,0,0,0,0,0,0,0,0,0,0,0,0,0,0,0,0,0,0,0,0,0,0,0,0,0,0,0,0,0,0,0,0,0,0,0,0,0,0,0,0,0,0,0,0,,
ARG,ARG1101,CNIR,argyle_wairau,Hydro,Hydro,2026-03-29,0,0,0,0,0,0,0,0,0,0,0,0,0,0,0,0,0,0,0,0,0,0,0,0,0,0,0,0,0,0,0,0,0,0,0,0,0,0,0,0,0,0,0,0,0,0,0,0,,
ARG,ARG1101,CNIR,argyle_wairau,Hydro,Hydro,2026-03-30,0,0,0,0,0,0,0,0,0,0,0,0,0,0,0,0,0,0,0,0,0,0,0,0,0,0,0,0,0,0,0,0,0,0,0,0,0,0,0,0,0,0,0,0,0,0,0,0,,
ARG,ARG1101,CNIR,argyle_wairau,Hydro,Hydro,2026-03-31,0,0,0,0,0,0,0,0,0,0,0,0,0,0,0,0,0,0,0,0,0,0,0,0,0,0,0,0,0,0,0,0,0,0,0,0,0,0,0,0,0,0,0,0,0,0,0,0,,
ARI,ARI1101,MRPL,arapuni,Hydro,Hydro,2026-03-01,23018,22211,24014,24105,23657,22273,23711,23050,22057,23261,26967,22838,23578,33740,33847,33147,34171,34941,34359,34932,35305,35654,35239,35124,34926,34856,37004,35519,36023,34694,35192,35946,36906,36761,36544,36233,36533,36237,34857,36359,36523,35105,35464,36073,27969,25197,24403,22507,,
ARI,ARI1101,MRPL,arapuni,Hydro,Hydro,2026-03-02,22461,23495,22164,11128,10915,10914,10937,11017,20362,28676,34628,24025,33814,33734,35331,35455,34910,35431,36018,34648,33723,34975,34815,34824,34909,35288,35366,35288,35632,35428,35408,35152,35272,35220,35271,34944,35401,35247,35358,35194,35350,35210,35380,35324,35089,35232,35216,25784,,
ARI,ARI1101,MRPL,arapuni,Hydro,Hydro,2026-03-03,23210,23142,23561,23651,21623,32322,32688,34199,36210,36361,36574,36658,38132,36487,36322,35366,34544,35315,35975,36440,36482,36100,35206,37205,35350,36356,36310,35537,36564,35396,36985,35551,35955,34857,36531,35128,35919,35884,35905,35287,36589,36665,36548,35754,36186,35934,35754,34884,,
ARI,ARI1101,MRPL,arapuni,Hydro,Hydro,2026-03-04,34365,34876,35055,34542,24930,23626,28601,35333,35579,35026,36406,36256,36528,37790,39540,37137,36837,36446,35874,35658,35525,34191,33834,33940,33738,34687,35271,35342,35273,35294,35303,35290,34828,35313,35362,35302,35283,36647,38197,38152,38167,38181,38257,38114,38176,35963,35300,36570,,
ARI,ARI1101,MRPL,arapuni,Hydro,Hydro,2026-03-05,35421,35019,35188,35230,35222,35244,35098,35200,35224,35147,35228,35227,35402,35389,35314,35364,35332,35189,35331,36728,35553,35282,35181,37565,35310,35354,35170,34565,33827,33924,33640,33935,34292,35440,35047,35618,35176,35127,35247,35134,35269,35318,35400,35212,35110,35171,35390,34091,,
ARI,ARI1101,MRPL,arapuni,Hydro,Hydro,2026-03-06,26776,22548,16141,23193,20638,12939,11149,11224,5181,5674,4221,17601,22501,23162,22659,22581,22647,22968,24420,23327,24160,24560,23774,22908,23076,23159,23536,22789,22985,23322,23093,22873,23182,22842,22555,25621,33809,33857,34768,35254,35326,35247,35219,35395,34684,23785,36077,34255,,
ARI,ARI1101,MRPL,arapuni,Hydro,Hydro,2026-03-07,23973,22934,15831,10997,11459,11613,11635,11605,11648,11587,11350,15222,16406,23414,23888,23646,23629,23897,23707,24065,24105,24058,24016,24198,23571,23936,23795,24059,24481,23955,23913,24087,28337,35874,35899,35945,35570,34996,35777,35851,35806,35520,35599,35897,35353,35899,36327,35820,,
ARI,ARI1101,MRPL,arapuni,Hydro,Hydro,2026-03-08,31564,18136,22852,26288,23767,31682,23140,23163,22156,33462,25945,24424,29025,30135,35548,35847,36273,35371,36257,36111,36369,35460,35755,34961,34748,35749,34466,35351,35352,35771,35774,35021,35125,35914,34238,35585,35260,35237,35331,35254,35228,35061,35071,35224,35054,34791,35329,35365,,
ARI,ARI1101,MRPL,arapuni,Hydro,Hydro,2026-03-09,35285,35171,35289,35378,35186,35234,35234,35319,35283,35233,35381,35635,35383,35936,35198,35581,35499,35688,36733,36747,35892,36743,38190,38625,37904,36737,38004,37381,36802,36871,36676,36815,36694,36802,39146,39660,39727,39760,39679,39657,39717,39605,36942,35637,36100,35762,35528,35933,,
ARI,ARI1101,MRPL,arapuni,Hydro,Hydro,2026-03-10,35886,35800,35763,35584,35328,35728,35759,35837,36054,35757,35754,35757,36273,34856,35011,35866,34981,35287,35106,35493,34212,35939,35628,35216,35401,36342,35950,35661,35306,35868,36049,35816,34560,35375,35516,36323,36167,35382,34869,35373,35725,35909,35388,33778,33883,33786,29618,23663,,
ARI,ARI1101,MRPL,arapuni,Hydro,Hydro,2026-03-11,23352,24201,22363,23003,30618,23273,24035,23998,24355,22393,24571,25116,32239,33602,34980,34868,35225,35378,35632,35653,36430,35242,34144,24873,35166,36461,36104,35900,35595,35215,35497,35114,34956,36804,35194,35060,35975,35189,35359,35086,35532,35143,34009,33711,33958,35940,36274,36281,,
ARI,ARI1101,MRPL,arapuni,Hydro,Hydro,2026-03-12,36959,35651,35372,34683,28795,35799,36621,36889,36808,36817,36677,36703,35848,33844,34013,35916,36138,36270,35623,36314,35850,35702,36068,35209,36150,36066,35400,36164,36297,35408,36236,36162,36084,36605,35375,36092,35589,35937,36331,35609,34959,35667,34883,35862,35357,27700,22906,23951,,
ARI,ARI1101,MRPL,arapuni,Hydro,Hydro,2026-03-13,23253,23782,23604,23557,23318,23386,23848,23642,24106,23773,23946,23266,27770,34817,35242,34987,35053,35297,35437,34962,35326,35831,35931,35464,35258,34927,36745,36768,36787,36860,36554,36346,36131,36188,36013,36447,36383,36072,35592,35401,35759,34867,35353,34792,35361,35096,34987,23513,,
ARI,ARI1101,MRPL,arapuni,Hydro,Hydro,2026-03-14,23292,23551,23536,23700,23892,23074,23537,23498,23985,23578,23401,24050,23558,30959,37496,36830,35995,34867,36389,37152,36205,36183,35711,35768,35441,35659,36156,35767,35845,35432,35563,35748,35212,36282,36396,35272,35619,35815,35549,36266,35426,35541,35513,35617,35843,35183,35261,34688,,
ARI,ARI1101,MRPL,arapuni,Hydro,Hydro,2026-03-15,32830,24543,23698,23352,23997,24006,23278,16530,11717,13056,21944,24112,24234,33453,34671,34179,35458,35581,35505,36018,35743,35797,35778,35781,35456,35618,35777,35894,35994,35847,35742,35542,35967,36098,35859,36051,35329,35180,35934,36351,34956,35865,36082,35566,35927,35405,36051,35175,,
ARI,ARI1101,MRPL,arapuni,Hydro,Hydro,2026-03-16,33838,32368,25223,23583,22682,19795,19831,15786,20443,23983,23998,23931,33658,35981,35660,35305,35739,35935,36071,35669,35802,36682,35877,36150,37240,36344,36574,37118,36345,36127,36746,35696,36628,36627,36042,35951,35788,35783,35899,36113,35915,34320,35181,35603,34648,35416,36358,36091,,
ARI,ARI1101,MRPL,arapuni,Hydro,Hydro,2026-03-17,35524,23420,23985,23582,23728,23828,24139,23984,23997,23972,23965,24449,25330,36244,35694,36432,38163,35413,36481,35759,35707,35620,36294,36167,35599,35795,36091,36110,36368,35957,36792,37209,35701,35678,36086,36519,35273,35702,36151,36178,36317,36179,35696,36119,36122,35721,36068,35500,,
ARI,ARI1101,MRPL,arapuni,Hydro,Hydro,2026-03-18,35910,36226,35845,32753,23922,23397,23478,23597,23655,23449,23407,23396,36039,35789,35082,34491,35387,35798,35613,33876,34213,34872,35566,36037,35028,35123,34883,35205,35507,36674,35368,35238,35690,35131,35127,35350,35380,35594,39636,39605,39682,37741,35411,35276,35242,35825,35833,35972,,
ARI,ARI1101,MRPL,arapuni,Hydro,Hydro,2026-03-19,36034,36132,35690,35872,35669,35550,35909,36175,36557,36124,35031,35693,36446,36193,36802,34483,35215,35660,35880,35469,36345,35954,35938,35841,35537,25471,24485,23952,24007,34102,36165,35015,35508,35702,36018,35946,35531,35667,35753,35827,35384,35709,35805,28552,29908,24108,23986,24099,,
ARI,ARI1101,MRPL,arapuni,Hydro,Hydro,2026-03-20,24548,24987,23808,23552,24046,23954,24027,23971,23530,23536,24077,23657,24031,23717,24798,30730,35241,35246,34820,34446,36063,36595,34184,33908,35132,36822,35476,33914,35722,35583,35711,34761,35320,35498,35199,35783,35463,34861,35007,35256,35140,35043,35062,35188,35345,35166,35263,35535,,
ARI,ARI1101,MRPL,arapuni,Hydro,Hydro,2026-03-21,35202,36073,34763,34250,36282,36186,31619,31994,32242,32628,33148,35860,35948,35032,36052,35800,35866,35841,35688,35493,35515,35703,35686,34978,36241,35479,35667,36298,36147,35870,35488,36851,36728,36753,35870,36060,36454,35719,35888,36054,35694,35781,35472,35644,35817,35195,35890,35367,,
ARI,ARI1101,MRPL,arapuni,Hydro,Hydro,2026-03-22,36091,35691,35734,33745,35513,35081,35588,25628,23689,30426,33746,33888,34019,23548,23022,28983,35077,34996,35099,34969,35060,35140,35428,35416,34860,35883,35144,35584,35802,35356,35077,36148,34959,35437,35381,35173,35513,35448,34992,35095,35133,35239,35055,34767,35306,33386,23512,23388,,
ARI,ARI1101,MRPL,arapuni,Hydro,Hydro,2026-03-23,23590,23737,23804,23760,23493,23482,23394,23592,23651,22081,20744,23965,27338,35266,35877,34703,35421,35365,35349,35847,34685,35034,36600,34389,33855,33916,35542,34470,34424,35966,36350,35470,34180,34611,35318,35500,35385,35257,35434,35992,35518,35332,35391,35837,36024,35721,35181,35011,,
ARI,ARI1101,MRPL,arapuni,Hydro,Hydro,2026-03-24,27700,23296,23683,23234,29496,33232,33150,36292,34114,23401,33393,35286,36407,36292,36504,35775,35326,34447,37450,37149,37358,35853,35644,36299,36588,35947,34802,35891,35511,31057,34885,35189,35300,34165,35266,36296,37373,37024,36458,36758,36277,36542,36883,22610,24272,23449,23789,23178,,
ARI,ARI1101,MRPL,arapuni,Hydro,Hydro,2026-03-25,24668,23781,23608,23341,24065,23900,23945,23815,24386,24212,24627,24200,24010,24420,34595,35661,35243,35599,36084,35902,36270,36671,35973,35924,35658,34992,35091,36485,37357,38645,35812,35442,36578,35531,35540,35718,35543,35816,35731,35983,33597,35773,35933,36021,35598,26568,23681,23541,,
ARI,ARI1101,MRPL,arapuni,Hydro,Hydro,2026-03-26,23693,23582,23713,23912,23208,12910,691,0,17342,19166,11422,22553,33724,34737,35344,34865,35124,34897,35229,34736,35362,35880,35843,35524,35158,35278,35348,35169,35265,35343,36038,35131,36664,36765,36640,36759,36908,36829,36785,36775,34362,33675,33879,33989,34766,36675,28926,21683,,
ARI,ARI1101,MRPL,arapuni,Hydro,Hydro,2026-03-27,20797,18977,23500,20579,19401,11373,8522,8452,11991,20815,20861,32393,36382,36494,35010,37075,26740,23710,24070,24146,23614,25282,26444,25164,22541,22545,22458,22509,22557,22620,22600,22456,22468,22537,32822,35245,35555,35297,35324,35131,35283,35899,36930,36875,36676,32350,34024,34332,,
ARI,ARI1101,MRPL,arapuni,Hydro,Hydro,2026-03-28,34041,22550,12732,15291,16347,16119,12377,15125,19357,21858,23277,12269,18514,21757,24125,23615,24553,23858,24036,24153,23680,22514,24039,24341,23476,23988,23781,24024,24027,24270,23490,24073,24348,23608,24206,24316,23779,34859,35045,34846,34908,35545,35469,34405,33800,31717,32187,35004,,
ARI,ARI1101,MRPL,arapuni,Hydro,Hydro,2026-03-29,35851,32504,31237,29705,29448,32399,28716,21654,23417,22193,23412,22158,7820,7208,22722,23170,23183,35062,35368,35217,35331,35262,32100,28055,33404,23932,34608,36139,35955,35969,35875,36186,35440,35753,35965,36210,37605,37677,37137,35035,33839,33809,34174,33684,33693,31129,31148,18419,,
ARI,ARI1101,MRPL,arapuni,Hydro,Hydro,2026-03-30,26858,25382,28061,31314,30761,18579,17036,17986,8164,6603,0,0,12675,23474,25349,23639,23297,23932,24451,24652,23099,22399,23003,24143,23646,23060,24913,24414,24172,23995,24613,24561,22630,23950,24168,23687,24203,23857,23431,24015,23715,23797,24640,23845,24335,24667,24459,22860,,
ARI,ARI1101,MRPL,arapuni,Hydro,Hydro,2026-03-31,22886,23557,20832,11390,10467,3951,0,0,0,0,14672,20779,21553,23922,24042,22832,24194,24806,24685,23314,23762,24430,23395,23303,24051,24195,36092,35586,35084,35920,35770,35570,35059,35048,35744,35407,36225,35072,34844,35236,35255,35546,35653,35154,35184,35088,34993,35318,,
ARI,ARI1102,MRPL,arapuni,Hydro,Hydro,2026-03-01,10072,8901,10353,10674,9907,9161,10628,8228,9416,3166,8839,2666,8318,8893,8877,8878,1768,8125,9442,9868,4723,878,9802,9873,9873,9316,6991,6504,0,6972,8185,8467,8882,8880,7836,8460,9757,9875,7789,9770,9589,9054,8884,10303,9306,4605,7754,7114,,
ARI,ARI1102,MRPL,arapuni,Hydro,Hydro,2026-03-02,9177,10355,8907,1875,0,1247,0,7,8053,9190,9301,3567,13562,22761,29976,29970,29965,29823,30213,32722,32770,32757,32749,32744,31870,29785,26232,28854,25300,14645,14641,14803,16604,16624,16621,25155,29611,25411,25352,25376,25405,25398,22977,19863,19900,19898,18265,17501,,
ARI,ARI1102,MRPL,arapuni,Hydro,Hydro,2026-03-03,14945,14946,8714,8260,2675,0,0,0,0,0,0,8248,15992,28297,28540,27123,26370,27358,28041,28591,29005,28032,26866,29173,27077,28670,28322,27555,28398,27081,28948,28135,28365,25268,26023,24548,25642,28517,28339,27482,29872,30253,29834,27263,29103,28745,23673,23221,,
ARI,ARI1102,MRPL,arapuni,Hydro,Hydro,2026-03-04,17793,14358,8233,7020,9215,9916,9909,9916,9918,9919,10436,19894,25038,32438,32725,13828,29936,29141,25712,24073,22517,22874,22387,22387,22387,19834,18394,17905,17889,17888,17885,17885,18149,17884,17886,17888,18797,18885,18888,18893,18893,18895,18890,18891,18890,18895,18891,19432,,
ARI,ARI1102,MRPL,arapuni,Hydro,Hydro,2026-03-05,17295,18715,18524,18893,18899,18894,17925,17903,17903,17903,18255,19211,19858,20441,29331,29298,29032,28571,28620,23407,26655,26633,22475,20711,19566,19432,19367,19461,19414,19448,19246,18959,18971,18946,19956,21502,21364,21347,21385,21354,21394,21413,21440,21374,21350,19710,20134,19434,,
ARI,ARI1102,MRPL,arapuni,Hydro,Hydro,2026-03-06,19665,12449,11211,11437,10974,13697,12356,11673,11409,10984,11413,14309,17102,20554,29407,38553,36588,31298,33765,29659,32737,33284,30530,23495,18982,5485,3376,4825,6088,3865,3049,8938,22277,30887,23985,24999,29500,29185,29444,28696,26706,26677,26669,17509,11704,11675,12580,12048,,
ARI,ARI1102,MRPL,arapuni,Hydro,Hydro,2026-03-07,11887,11162,11681,11859,11935,11859,11887,11856,11899,11837,9173,6063,11925,17130,11768,26619,22628,18894,21318,25955,26019,24019,28638,27085,26677,27654,26676,26674,27494,31569,31617,31566,24517,18548,18426,18473,17987,17234,18341,18455,18453,18911,9323,8204,8549,6080,9070,5668,,
ARI,ARI1102,MRPL,arapuni,Hydro,Hydro,2026-03-08,0,3793,7434,0,3639,1112,1022,0,0,0,6571,8884,2786,2645,5061,6780,16931,19867,19876,19867,19870,18923,19189,23740,21215,19523,16757,16733,18782,19497,16339,16002,20196,19136,22491,22615,22625,22621,22636,23768,30007,30032,20221,19820,18398,9674,8867,4491,,
ARI,ARI1102,MRPL,arapuni,Hydro,Hydro,2026-03-09,0,0,0,0,0,4506,9908,9907,9906,9907,4559,6049,12730,14956,21240,25442,36062,34063,34667,33843,31047,32721,34632,34237,33777,34208,34664,32004,33255,34266,34201,32994,32283,32396,34146,34220,34240,34251,34221,34211,34226,34192,34298,31677,29805,29176,28574,28318,,
ARI,ARI1102,MRPL,arapuni,Hydro,Hydro,2026-03-10,17491,17372,17060,11526,7388,8351,8398,7055,9029,2890,0,0,0,8322,18858,22600,20241,20528,22413,28742,30528,31177,21667,20318,21571,22189,22575,21815,21556,22449,21806,21523,21327,24413,33204,33292,33204,29520,27412,29650,31651,30366,27725,26360,26388,26361,24119,19959,,
ARI,ARI1102,MRPL,arapuni,Hydro,Hydro,2026-03-11,19595,21702,19283,19650,19429,20110,20179,21210,22296,18885,20789,21143,19636,20485,21642,28496,39053,35650,38153,41128,31116,28785,21503,39352,31490,31478,31014,27504,26200,21843,17843,17794,20719,20785,31396,31512,31485,27122,25055,22590,22588,22588,22590,22582,22578,17456,17864,17892,,
ARI,ARI1102,MRPL,arapuni,Hydro,Hydro,2026-03-12,17897,15811,8593,7666,9604,9664,9665,9667,9665,9665,9665,9668,20537,25575,32294,38467,42010,33160,29694,29922,29778,40225,39099,38313,34292,31475,30955,27900,36875,37397,37627,36455,36359,37800,39854,38439,37453,40273,40353,39141,42688,30102,31465,39322,30350,27125,31358,19231,,
ARI,ARI1102,MRPL,arapuni,Hydro,Hydro,2026-03-13,20843,10143,9776,8979,8910,10394,9412,9876,9902,8917,8906,17417,19869,22693,28462,30315,41241,41289,41285,41281,41299,41280,41324,41336,41320,41259,42158,42211,42291,42341,42326,42327,42310,42322,42304,42330,42341,41821,31547,30064,30536,22176,27255,20293,26867,27463,17918,19869,,
ARI,ARI1102,MRPL,arapuni,Hydro,Hydro,2026-03-14,19871,5397,8785,3286,8855,8661,37,0,0,3089,4559,3644,9898,6181,10283,10504,17936,21980,23003,21442,19797,19214,19145,17605,15221,7820,0,1193,8419,21508,18087,9207,7462,11889,20177,22077,20362,15231,15227,18277,19165,19172,19186,19177,19164,18698,16659,639,,
ARI,ARI1102,MRPL,arapuni,Hydro,Hydro,2026-03-15,0,0,10590,11393,7480,0,0,0,0,0,5367,11180,11186,10553,11148,10685,17664,21570,22620,16359,19051,19189,19180,19362,15057,11180,21124,19566,19959,15194,15310,10836,12291,16140,17405,21838,20119,20359,19197,19194,19172,20307,20292,19331,18691,17574,12869,8895,,
ARI,ARI1102,MRPL,arapuni,Hydro,Hydro,2026-03-16,1766,0,0,0,0,0,0,0,0,2580,14870,21576,21622,20398,26673,29244,30924,30146,31436,30350,21768,20057,19584,20146,15204,11751,11833,12013,11764,11688,11891,11544,11855,11861,11674,19508,20313,20314,20350,20425,20937,21798,22096,20439,20058,19208,19522,19432,,
ARI,ARI1102,MRPL,arapuni,Hydro,Hydro,2026-03-17,8038,6270,7867,7037,7533,7488,8219,8086,8108,8109,19753,21117,20023,20955,27591,31916,31817,31607,31014,26996,26628,28221,26601,19768,19164,20601,21551,21013,20648,16539,17987,25524,29037,31605,31708,31496,32142,29614,29599,36741,37223,37159,37166,37153,37178,35541,34188,30607,,
ARI,ARI1102,MRPL,arapuni,Hydro,Hydro,2026-03-18,16946,9358,9186,6960,7136,7137,7136,7136,7135,7135,7135,7135,13768,20741,31946,24682,21426,31053,28896,26216,21784,24114,30463,31328,26838,25836,19868,16093,13693,10429,9725,8877,9176,9856,8685,10075,18698,29908,31444,31451,31454,27901,25585,25424,26078,26268,23973,16819,,
ARI,ARI1102,MRPL,arapuni,Hydro,Hydro,2026-03-19,17308,17214,15766,16307,8321,12305,16629,17629,18109,16983,14861,16509,17840,20289,25935,23971,29915,20583,29573,28625,28902,18202,17699,17717,20100,27493,29990,29947,28513,28314,27623,30022,30032,30030,30028,30034,30023,29942,20111,23800,24488,14918,16042,16685,15286,16909,16932,8629,,
ARI,ARI1102,MRPL,arapuni,Hydro,Hydro,2026-03-20,8883,802,0,0,0,0,0,0,0,0,0,0,1205,11639,27045,24324,22051,17712,15340,13867,13865,14354,16995,23554,17488,17717,22610,22609,16394,14886,14910,17475,17814,14490,17056,23121,25563,25559,26406,29946,29950,29995,29991,26763,24392,16660,14613,1507,,
ARI,ARI1102,MRPL,arapuni,Hydro,Hydro,2026-03-21,0,0,0,0,0,0,0,0,0,0,6846,8250,8529,6918,6933,7531,7149,7147,16591,15217,17814,17859,17858,17874,15437,17379,16421,14912,14911,14912,14912,14910,14912,20727,20861,20865,20862,20864,20537,19870,19875,19872,19879,19883,19883,19889,19881,16990,,
ARI,ARI1102,MRPL,arapuni,Hydro,Hydro,2026-03-22,3559,0,0,56,67,0,0,0,0,14,7246,4044,0,2526,10114,9873,8928,9540,17062,20659,20829,17927,18337,16851,15955,10792,9711,7988,9499,9415,9255,10370,17193,17957,17852,25250,27104,27105,27072,26970,26951,26995,22747,19945,13880,7205,7513,12491,,
ARI,ARI1102,MRPL,arapuni,Hydro,Hydro,2026-03-23,16852,12229,16627,10707,11363,7915,7750,7812,7729,7221,6546,8623,11233,7517,20122,18816,20790,20292,19672,20360,20826,10838,9807,9498,5500,3916,7301,4735,6361,1709,3608,4353,15337,10301,15748,17985,15917,18560,16734,19996,18233,17269,8681,7214,9646,9135,7653,7285,,
ARI,ARI1102,MRPL,arapuni,Hydro,Hydro,2026-03-24,5406,7665,8400,7526,7654,7325,7972,8170,9329,7766,8772,11701,18050,18513,19015,18380,20021,20020,12935,17071,17058,17061,17061,17032,14582,7313,18263,17123,17077,10511,24613,21402,29388,30032,32310,32984,32973,32972,31980,31516,28759,30648,31487,31581,30814,26152,20378,17905,,
ARI,ARI1102,MRPL,arapuni,Hydro,Hydro,2026-03-25,16125,18951,10532,9403,10310,9985,6345,7324,4712,0,5837,10377,18362,27149,24083,29390,29975,29967,30160,32917,32944,31080,29985,29989,22262,19174,23764,25560,17088,16823,25528,31332,32944,32975,30027,30617,26916,25551,25572,25574,25586,25607,25582,25815,22893,19190,17249,16730,,
ARI,ARI1102,MRPL,arapuni,Hydro,Hydro,2026-03-26,16881,19867,15023,8681,0,0,0,0,3739,6130,6626,1383,7882,7139,12394,14808,14809,14816,14812,14814,14814,14818,14819,14821,14823,14799,14798,23590,25461,25470,25465,29703,29904,28835,29384,29949,28710,27342,27325,27655,30007,23588,13662,8905,13457,10583,0,0,,
ARI,ARI1102,MRPL,arapuni,Hydro,Hydro,2026-03-27,163,0,0,0,0,0,0,0,0,0,0,0,7272,9586,25973,30718,31953,32918,32916,32863,31519,31417,30885,29387,28996,27869,27699,29401,29989,29996,29999,29992,29963,29980,29941,29980,27684,27038,26960,28048,20456,9680,14675,16729,14932,15274,15900,5109,,
ARI,ARI1102,MRPL,arapuni,Hydro,Hydro,2026-03-28,0,102,0,0,0,0,0,0,0,0,0,0,0,0,4897,20492,18367,18016,17899,17898,17896,27271,26140,20708,26010,29569,29362,20330,19164,20166,19268,8518,6571,14358,17542,24827,30616,30460,28201,30762,25700,22395,29008,23991,14691,14669,14692,13545,,
ARI,ARI1102,MRPL,arapuni,Hydro,Hydro,2026-03-29,7201,7503,8262,8180,8187,8201,8206,8201,8204,8202,8199,8206,7881,8363,8380,15332,17200,7900,6995,8302,8052,7556,9690,0,1140,7429,7430,9022,9075,1394,0,2711,19088,20402,23004,29830,29833,25161,25369,24203,16653,13156,8150,7127,0,0,0,0,,
ARI,ARI1102,MRPL,arapuni,Hydro,Hydro,2026-03-30,0,0,0,0,0,0,0,0,0,0,0,0,3267,10386,11201,15784,29162,29791,29965,30649,31276,32642,32764,32757,32775,31634,23900,23876,22863,26571,27048,25699,26133,24593,24927,27761,30094,26705,31516,31549,30606,21394,17945,16743,18959,17963,18288,10399,,
ARI,ARI1102,MRPL,arapuni,Hydro,Hydro,2026-03-31,5164,2296,3817,0,0,0,0,0,0,0,0,0,2846,8344,14839,28961,30622,29776,31210,32740,32750,32744,32745,32750,31816,32521,15324,14652,14797,14602,17235,17417,14911,16210,17894,18891,10299,15573,14791,7690,7694,7691,17034,19232,10064,7719,7691,8319,,
ARI,ARI1102,POCO,arapuni,Hydro,Hydro,2026-03-01,0,0,0,0,0,0,0,0,0,0,0,0,0,0,0,0,0,0,0,0,0,0,0,0,0,0,0,0,0,0,0,0,0,0,0,0,0,0,0,0,0,0,0,0,0,0,0,0,,
ARI,ARI1102,POCO,arapuni,Hydro,Hydro,2026-03-02,0,0,0,0,0,0,0,0,0,0,0,0,0,0,0,0,0,0,0,0,0,0,0,0,0,0,0,0,0,0,0,0,0,0,0,0,0,0,0,0,0,0,0,0,0,0,0,0,,
ARI,ARI1102,POCO,arapuni,Hydro,Hydro,2026-03-03,0,0,0,0,0,0,0,0,0,0,0,0,0,0,0,0,0,0,0,0,0,0,0,0,0,0,0,0,0,0,0,0,0,0,0,0,0,0,0,0,0,0,0,0,0,0,0,0,,
ARI,ARI1102,POCO,arapuni,Hydro,Hydro,2026-03-04,0,0,0,0,0,0,0,0,0,0,0,0,0,0,0,0,0,0,0,0,0,0,0,0,0,0,0,0,0,0,0,0,0,0,0,0,0,0,0,0,0,0,0,0,0,0,0,0,,
ARI,ARI1102,POCO,arapuni,Hydro,Hydro,2026-03-05,0,0,0,0,0,0,0,0,0,0,0,0,0,0,0,0,0,0,0,0,0,0,0,0,0,0,0,0,0,0,0,0,0,0,0,0,0,0,0,0,0,0,0,0,0,0,0,0,,
ARI,ARI1102,POCO,arapuni,Hydro,Hydro,2026-03-06,0,0,0,0,0,0,0,0,0,0,0,0,0,0,0,0,0,0,0,0,0,0,0,0,0,0,0,0,0,0,0,0,0,0,0,0,0,0,0,0,0,0,0,0,0,0,0,0,,
ARI,ARI1102,POCO,arapuni,Hydro,Hydro,2026-03-07,0,0,0,0,0,0,0,0,0,0,0,0,0,0,0,0,0,0,0,0,0,0,0,0,0,0,0,0,0,0,0,0,0,0,0,0,0,0,0,0,0,0,0,0,0,0,0,0,,
ARI,ARI1102,POCO,arapuni,Hydro,Hydro,2026-03-08,0,0,0,0,0,0,0,0,0,0,0,0,0,0,0,0,0,0,0,0,0,0,0,0,0,0,0,0,0,0,0,0,0,0,0,0,0,0,0,0,0,0,0,0,0,0,0,0,,
ARI,ARI1102,POCO,arapuni,Hydro,Hydro,2026-03-09,0,0,0,0,0,0,0,0,0,0,0,0,0,0,0,0,0,0,0,0,0,0,0,0,0,0,0,0,0,0,0,0,0,0,0,0,0,0,0,0,0,0,0,0,0,0,0,0,,
ARI,ARI1102,POCO,arapuni,Hydro,Hydro,2026-03-10,0,0,0,0,0,0,0,0,0,0,0,0,0,0,0,0,0,0,0,0,0,0,0,0,0,0,0,0,0,0,0,0,0,0,0,0,0,0,0,0,0,0,0,0,0,0,0,0,,
ARI,ARI1102,POCO,arapuni,Hydro,Hydro,2026-03-11,0,0,0,0,0,0,0,0,0,0,0,0,0,0,0,0,0,0,0,0,0,0,0,0,0,0,0,0,0,0,0,0,0,0,0,0,0,0,0,0,0,0,0,0,0,0,0,0,,
ARI,ARI1102,POCO,arapuni,Hydro,Hydro,2026-03-12,0,0,0,0,0,0,0,0,0,0,0,0,0,0,0,0,0,0,0,0,0,0,0,0,0,0,0,0,0,0,0,0,0,0,0,0,0,0,0,0,0,0,0,0,0,0,0,0,,
ARI,ARI1102,POCO,arapuni,Hydro,Hydro,2026-03-13,0,0,0,0,0,0,0,0,0,0,0,0,0,0,0,0,0,0,0,0,0,0,0,0,0,0,0,0,0,0,0,0,0,0,0,0,0,0,0,0,0,0,0,0,0,0,0,0,,
ARI,ARI1102,POCO,arapuni,Hydro,Hydro,2026-03-14,0,0,0,0,0,0,0,0,0,0,0,0,0,0,0,0,0,0,0,0,0,0,0,0,0,0,0,0,0,0,0,0,0,0,0,0,0,0,0,0,0,0,0,0,0,0,0,0,,
ARI,ARI1102,POCO,arapuni,Hydro,Hydro,2026-03-15,0,0,0,0,0,0,0,0,0,0,0,0,0,0,0,0,0,0,0,0,0,0,0,0,0,0,0,0,0,0,0,0,0,0,0,0,0,0,0,0,0,0,0,0,0,0,0,0,,
ARI,ARI1102,POCO,arapuni,Hydro,Hydro,2026-03-16,0,0,0,0,0,0,0,0,0,0,0,0,0,0,0,0,0,0,0,0,0,0,0,0,0,0,0,0,0,0,0,0,0,0,0,0,0,0,0,0,0,0,0,0,0,0,0,0,,
ARI,ARI1102,POCO,arapuni,Hydro,Hydro,2026-03-17,0,0,0,0,0,0,0,0,0,0,0,0,0,0,0,0,0,0,0,0,0,0,0,0,0,0,0,0,0,0,0,0,0,0,0,0,0,0,0,0,0,0,0,0,0,0,0,0,,
ARI,ARI1102,POCO,arapuni,Hydro,Hydro,2026-03-18,0,0,0,0,0,0,0,0,0,0,0,0,0,0,0,0,0,0,0,0,0,0,0,0,0,0,0,0,0,0,0,0,0,0,0,0,0,0,0,0,0,0,0,0,0,0,0,0,,
ARI,ARI1102,POCO,arapuni,Hydro,Hydro,2026-03-19,0,0,0,0,0,0,0,0,0,0,0,0,0,0,0,0,0,0,0,0,0,0,0,0,0,0,0,0,0,0,0,0,0,0,0,0,0,0,0,0,0,0,0,0,0,0,0,0,,
ARI,ARI1102,POCO,arapuni,Hydro,Hydro,2026-03-20,0,0,0,0,0,0,0,0,0,0,0,0,0,0,0,0,0,0,0,0,0,0,0,0,0,0,0,0,0,0,0,0,0,0,0,0,0,0,0,0,0,0,0,0,0,0,0,0,,
ARI,ARI1102,POCO,arapuni,Hydro,Hydro,2026-03-21,0,0,0,0,0,0,0,0,0,0,0,0,0,0,0,0,0,0,0,0,0,0,0,0,0,0,0,0,0,0,0,0,0,0,0,0,0,0,0,0,0,0,0,0,0,0,0,0,,
ARI,ARI1102,POCO,arapuni,Hydro,Hydro,2026-03-22,0,0,0,0,0,0,0,0,0,0,0,0,0,0,0,0,0,0,0,0,0,0,0,0,0,0,0,0,0,0,0,0,0,0,0,0,0,0,0,0,0,0,0,0,0,0,0,0,,
ARI,ARI1102,POCO,arapuni,Hydro,Hydro,2026-03-23,0,0,0,0,0,0,0,0,0,0,0,0,0,0,0,0,0,0,0,0,0,0,0,0,0,0,0,0,0,0,0,0,0,0,0,0,0,0,0,0,0,0,0,0,0,0,0,0,,
ARI,ARI1102,POCO,arapuni,Hydro,Hydro,2026-03-24,0,0,0,0,0,0,0,0,0,0,0,0,0,0,0,0,0,0,0,0,0,0,0,0,0,0,0,0,0,0,0,0,0,0,0,0,0,0,0,0,0,0,0,0,0,0,0,0,,
ARI,ARI1102,POCO,arapuni,Hydro,Hydro,2026-03-25,0,0,0,0,0,0,0,0,0,0,0,0,0,0,0,0,0,0,0,0,0,0,0,0,0,0,0,0,0,0,0,0,0,0,0,0,0,0,0,0,0,0,0,0,0,0,0,0,,
ARI,ARI1102,POCO,arapuni,Hydro,Hydro,2026-03-26,0,0,0,0,0,0,0,0,0,0,0,0,0,0,0,0,0,0,0,0,0,0,0,0,0,0,0,0,0,0,0,0,0,0,0,0,0,0,0,0,0,0,0,0,0,0,0,0,,
ARI,ARI1102,POCO,arapuni,Hydro,Hydro,2026-03-27,0,0,0,0,0,0,0,0,0,0,0,0,0,0,0,0,0,0,0,0,0,0,0,0,0,0,0,0,0,0,0,0,0,0,0,0,0,0,0,0,0,0,0,0,0,0,0,0,,
ARI,ARI1102,POCO,arapuni,Hydro,Hydro,2026-03-28,0,0,0,0,0,0,0,0,0,0,0,0,0,0,0,0,0,0,0,0,0,0,0,0,0,0,0,0,0,0,0,0,0,0,0,0,0,0,0,0,0,0,0,0,0,0,0,0,,
ARI,ARI1102,POCO,arapuni,Hydro,Hydro,2026-03-29,0,0,0,0,0,0,0,0,0,0,0,0,0,0,0,0,0,0,0,0,0,0,0,0,0,0,0,0,0,0,0,0,0,0,0,0,0,0,0,0,0,0,0,0,0,0,0,0,,
ARI,ARI1102,POCO,arapuni,Hydro,Hydro,2026-03-30,0,0,0,0,0,0,0,0,0,0,0,0,0,0,0,0,0,0,0,0,0,0,0,0,0,0,0,0,0,0,0,0,0,0,0,0,0,0,0,0,0,0,0,0,0,0,0,0,,
ARI,ARI1102,POCO,arapuni,Hydro,Hydro,2026-03-31,0,0,0,0,0,0,0,0,0,0,0,0,0,0,0,0,0,0,0,0,0,0,0,0,0,0,0,0,0,0,0,0,0,0,0,0,0,0,0,0,0,0,0,0,0,0,0,0,,
ASB,ASB0661,EASH,Lauriston,Solar,Solar,2026-03-01,0,0,0,0,0,0,0,0,0,0,0,0,0,0,39,625,6428,10084,3625,3976,7587,8419,7281,7587,1363,2182,1769,3981,3720,1739,2589,2453,1506,1204,589,1091,546,296,296,1236,355,0,0,0,0,0,0,0,,
ASB,ASB0661,EASH,Lauriston,Solar,Solar,2026-03-02,0,0,0,0,0,0,0,0,0,0,0,0,0,0,74,889,1037,1421,2188,1828,5696,15922,5569,5117,13107,10414,13524,3468,9852,17158,18794,12565,13888,10351,17718,11758,4569,5760,3058,800,38,0,0,0,0,0,0,0,,
ASB,ASB0661,EASH,Lauriston,Solar,Solar,2026-03-03,0,0,0,0,0,0,0,0,0,0,0,0,0,0,43,464,853,1148,2052,17098,23607,23607,23286,23258,20004,18607,18507,16196,19142,21953,23490,23583,23520,23258,23509,23092,18061,12742,6638,1706,69,0,0,0,0,0,0,0,,
ASB,ASB0661,EASH,Lauriston,Solar,Solar,2026-03-04,0,0,0,0,0,0,0,0,0,0,0,0,0,0,127,1541,6365,12764,18752,22673,22665,23607,23606,23604,20969,15998,23605,23606,23607,23607,23607,22848,23294,22498,20491,18526,11941,10393,1514,1132,52,0,0,0,0,0,0,0,,
ASB,ASB0661,EASH,Lauriston,Solar,Solar,2026-03-05,0,0,0,0,0,0,0,0,0,0,0,0,0,0,76,792,2612,8419,18613,19757,23196,22174,23607,23607,23549,23457,23172,23152,20596,23138,22766,17440,16108,22735,23241,21796,16709,11435,5809,1270,44,0,0,0,0,0,0,0,,
ASB,ASB0661,EASH,Lauriston,Solar,Solar,2026-03-06,0,0,0,0,0,0,0,0,0,0,0,0,0,0,89,1267,5922,12056,17985,22922,23606,23606,23606,23606,23444,22997,22658,22646,22608,22870,23299,23409,23418,23172,23284,21362,16880,11423,5498,1156,42,0,0,0,0,0,0,0,,
ASB,ASB0661,EASH,Lauriston,Solar,Solar,2026-03-07,0,0,0,0,0,0,0,0,0,0,0,0,0,0,73,1091,5213,11132,17201,22338,23581,23606,23009,22969,22747,22516,22389,22071,22511,21993,22905,23103,23129,23381,22612,20428,15792,10605,4650,737,20,0,0,0,0,0,0,0,,
ASB,ASB0661,EASH,Lauriston,Solar,Solar,2026-03-08,0,0,0,0,0,0,0,0,0,0,0,0,0,0,60,970,5000,10851,16757,21732,22974,23176,23064,22828,22403,22077,21310,21472,21714,21321,22450,23236,20642,17336,3767,3177,1386,772,108,0,0,0,0,0,0,0,0,0,,
ASB,ASB0661,EASH,Lauriston,Solar,Solar,2026-03-09,0,0,0,0,0,0,0,0,0,0,0,0,0,0,0,85,436,948,1568,3389,3157,3816,4648,7742,9189,10628,10234,11998,10954,8948,9539,6344,3938,5663,5099,3666,3659,2172,1056,277,0,0,0,0,0,0,0,0,,
ASB,ASB0661,EASH,Lauriston,Solar,Solar,2026-03-10,0,0,0,0,0,0,0,0,0,0,0,0,0,0,2,352,1301,2846,9836,7648,12854,9720,16386,18445,12892,12464,12705,13049,8180,9947,14098,12435,8499,5674,4379,3305,2369,1627,817,158,0,0,0,0,0,0,0,0,,
ASB,ASB0661,EASH,Lauriston,Solar,Solar,2026-03-11,0,0,0,0,0,0,0,0,0,0,0,0,0,0,52,995,2229,8944,14934,20103,19829,21737,23375,23606,23380,22969,22651,22626,22850,23024,23387,23608,23607,23607,23571,20960,15766,9239,3226,171,0,0,0,0,0,0,0,0,,
ASB,ASB0661,EASH,Lauriston,Solar,Solar,2026-03-12,0,0,0,0,0,0,0,0,0,0,0,0,0,0,3,218,2439,10433,16802,22214,23608,23563,23601,23483,23244,22738,22491,22688,22820,17833,15439,12497,12560,10412,11495,7698,4106,5832,3428,661,3,0,0,0,0,0,0,0,,
ASB,ASB0661,EASH,Lauriston,Solar,Solar,2026-03-13,0,0,0,0,0,0,0,0,0,0,0,0,0,0,15,141,3222,8164,15430,21992,23295,23575,19578,11768,9578,10878,8109,6152,9785,4927,3845,4603,11827,5918,2458,4932,3029,988,270,76,0,0,0,0,0,0,0,0,,
ASB,ASB0661,EASH,Lauriston,Solar,Solar,2026-03-14,0,0,0,0,0,0,0,0,0,0,0,0,0,0,15,692,3288,8560,15870,21464,23327,23607,23584,23189,22755,22305,21946,21836,21964,22254,22585,22997,23422,23475,23193,20090,14771,8809,3191,347,0,0,0,0,0,0,0,0,,
ASB,ASB0661,EASH,Lauriston,Solar,Solar,2026-03-15,0,0,0,0,0,0,0,0,0,0,0,0,0,0,1,699,3664,9059,14921,20721,23036,23339,22595,22190,22260,21932,21626,21509,21712,21940,22308,22742,23100,23338,22954,19728,14443,8435,2846,295,0,0,0,0,0,0,0,0,,
ASB,ASB0661,EASH,Lauriston,Solar,Solar,2026-03-16,0,0,0,0,0,0,0,0,0,0,0,0,0,0,10,484,1719,5116,15201,20581,23098,23565,23594,22245,22081,19342,21838,941,0,0,148,18132,16378,17362,10812,5886,13050,4539,2648,230,0,0,0,0,0,0,0,0,,
ASB,ASB0661,EASH,Lauriston,Solar,Solar,2026-03-17,0,0,0,0,0,0,0,0,0,0,0,0,0,0,3,393,813,3663,9435,15660,13063,8835,11804,12905,12276,15124,18040,18021,19456,19100,14877,15700,16603,17335,9217,4444,1826,2492,2075,129,0,0,0,0,0,0,0,0,,
ASB,ASB0661,EASH,Lauriston,Solar,Solar,2026-03-18,0,0,0,0,0,0,0,0,0,0,0,0,0,0,0,180,1077,2358,5613,10310,12162,12795,8818,18535,20427,17386,20312,16232,7880,9085,5454,3451,3331,3369,2066,1469,918,319,169,7,0,0,0,0,0,0,0,0,,
ASB,ASB0661,EASH,Lauriston,Solar,Solar,2026-03-19,0,0,0,0,0,0,0,0,0,0,0,0,0,0,1,540,3079,7805,13973,19876,22951,23454,23225,22608,22007,21561,17610,20705,19953,20103,18715,13908,9354,10728,6364,11328,8359,6029,1511,109,0,0,0,0,0,0,0,0,,
ASB,ASB0661,EASH,Lauriston,Solar,Solar,2026-03-20,0,0,0,0,0,0,0,0,0,0,0,0,0,0,0,18,289,1013,2339,3868,4790,7438,9848,9022,8173,6057,5072,5182,9771,11228,10262,10554,10097,9712,18345,8007,2731,5656,1251,72,0,0,0,0,0,0,0,0,,
ASB,ASB0661,EASH,Lauriston,Solar,Solar,2026-03-21,0,0,0,0,0,0,0,0,0,0,0,0,0,0,0,282,2383,6860,13416,19732,22716,22976,22729,22276,21735,21242,20903,20808,20980,21226,21599,21993,22357,22079,20196,16461,10277,5532,1303,63,0,0,0,0,0,0,0,0,,
ASB,ASB0661,EASH,Lauriston,Solar,Solar,2026-03-22,0,0,0,0,0,0,0,0,0,0,0,0,0,0,0,245,2283,7577,13644,19287,22035,22162,21800,21334,20939,20583,20301,20190,20431,20752,21143,21576,21948,22043,21102,16734,11257,3725,633,45,0,0,0,0,0,0,0,0,,
ASB,ASB0661,EASH,Lauriston,Solar,Solar,2026-03-23,0,0,0,0,0,0,0,0,0,0,0,0,0,0,0,59,464,1531,0,0,0,0,11515,19765,20199,20476,20313,20291,20528,20810,21169,21591,21831,21688,20639,16144,10742,4918,1059,39,0,0,0,0,0,0,0,0,,
ASB,ASB0661,EASH,Lauriston,Solar,Solar,2026-03-24,0,0,0,0,0,0,0,0,0,0,0,0,0,0,0,72,681,1862,3216,4096,4484,5465,6679,6838,7438,9431,11786,10783,7683,8064,6534,5501,4552,4266,2755,4779,7335,4737,1007,30,0,0,0,0,0,0,0,0,,
ASB,ASB0661,EASH,Lauriston,Solar,Solar,2026-03-25,0,0,0,0,0,0,0,0,0,0,0,0,0,0,0,0,76,211,660,1163,1626,2331,3974,5166,3102,5082,5996,6568,4821,4173,3893,3446,2185,1917,1551,1413,1303,620,154,0,0,0,0,0,0,0,0,0,,
ASB,ASB0661,EASH,Lauriston,Solar,Solar,2026-03-26,0,0,0,0,0,0,0,0,0,0,0,0,0,0,0,7,483,502,561,828,1919,1832,3549,2900,2648,2345,2385,2945,1845,1801,2461,2361,3145,2152,1700,1263,406,242,42,0,0,0,0,0,0,0,0,0,,
ASB,ASB0661,EASH,Lauriston,Solar,Solar,2026-03-27,0,0,0,0,0,0,0,0,0,0,0,0,0,0,0,7,197,611,1970,2653,3353,6343,5387,4667,7256,8383,11595,12894,13575,9510,7192,5391,3540,2463,1279,592,432,232,324,6,0,0,0,0,0,0,0,0,,
ASB,ASB0661,EASH,Lauriston,Solar,Solar,2026-03-28,0,0,0,0,0,0,0,0,0,0,0,0,0,0,0,140,1304,2748,5847,7928,8656,10327,13023,8151,10464,13912,10823,8531,6859,4828,4428,4005,4678,4028,3734,2322,1317,467,88,0,0,0,0,0,0,0,0,0,,
ASB,ASB0661,EASH,Lauriston,Solar,Solar,2026-03-29,0,0,0,0,0,0,0,0,0,0,0,0,0,0,0,0,79,725,2794,2273,2141,7995,6877,4099,3590,3477,4180,5807,5547,5596,4663,3836,2341,2148,11486,15159,8490,726,139,0,0,0,0,0,0,0,0,0,,
ASB,ASB0661,EASH,Lauriston,Solar,Solar,2026-03-30,0,0,0,0,0,0,0,0,0,0,0,0,0,0,0,5,188,713,1922,1714,2377,3119,5217,8831,9257,5511,6328,4445,4710,5767,5452,4104,3976,3628,3506,2907,2369,1326,301,0,0,0,0,0,0,0,0,0,,
ASB,ASB0661,EASH,Lauriston,Solar,Solar,2026-03-31,0,0,0,0,0,0,0,0,0,0,0,0,0,0,0,0,67,488,1172,2212,2595,3523,3970,4290,5325,5299,5144,5763,5480,5618,5733,4249,0,2529,3878,2979,1795,465,144,0,0,0,0,0,0,0,0,0,,
ASB,ASB0661,EASH,highbank,Hydro,Hydro,2026-03-02,0,0,0,0,0,0,0,0,0,0,0,0,0,0,0,0,0,0,0,0,0,0,0,0,0,0,0,0,0,0,0,0,0,0,0,0,0,0,0,0,0,0,0,0,0,0,0,0,,
ASB,ASB0661,EASH,highbank,Hydro,Hydro,2026-03-03,0,0,0,0,0,0,0,0,0,0,0,0,0,0,0,0,0,0,0,0,0,0,0,0,0,0,0,0,0,0,0,0,0,0,0,0,0,0,0,0,0,0,0,0,0,0,0,0,,
ASB,ASB0661,EASH,highbank,Hydro,Hydro,2026-03-04,0,0,0,0,0,0,0,0,0,0,0,0,0,0,0,0,0,0,0,0,0,0,0,0,0,0,0,0,0,0,0,0,0,0,0,0,0,0,0,0,0,0,0,0,0,0,0,0,,
ASB,ASB0661,EASH,highbank,Hydro,Hydro,2026-03-05,0,0,0,0,0,0,0,0,0,0,0,0,0,0,0,0,0,0,0,0,0,0,0,0,0,0,0,0,0,0,0,0,0,0,0,0,0,0,0,0,0,0,0,0,0,0,0,0,,
ASB,ASB0661,EASH,highbank,Hydro,Hydro,2026-03-06,0,0,0,0,0,0,0,0,0,0,0,0,0,0,0,0,0,0,0,0,0,0,0,0,0,0,0,0,0,0,0,0,0,0,0,0,0,0,0,0,0,0,0,0,0,0,0,0,,
ASB,ASB0661,EASH,highbank,Hydro,Hydro,2026-03-07,0,0,0,0,0,0,0,0,0,0,0,0,0,0,0,0,0,0,0,0,0,0,0,0,0,0,0,0,0,0,0,0,0,0,0,0,0,0,0,0,0,0,0,0,0,0,0,0,,
ASB,ASB0661,EASH,highbank,Hydro,Hydro,2026-03-08,0,0,0,0,0,0,0,0,0,0,0,0,0,0,0,0,0,0,0,0,0,0,0,0,0,0,0,0,0,0,0,0,0,0,0,0,0,0,0,0,0,0,0,0,0,0,0,0,,
ASB,ASB0661,EASH,highbank,Hydro,Hydro,2026-03-09,0,0,0,0,0,0,0,0,0,0,0,0,0,0,0,0,0,0,0,0,0,0,0,0,0,0,0,0,0,0,0,0,0,0,0,0,0,0,0,0,0,0,0,0,0,0,0,0,,
ASB,ASB0661,EASH,highbank,Hydro,Hydro,2026-03-10,0,0,0,0,0,0,0,0,0,0,0,0,0,0,0,0,0,0,0,0,0,0,0,0,0,0,0,0,0,0,0,0,0,0,0,0,0,0,0,0,0,0,0,0,0,0,0,0,,
ASB,ASB0661,EASH,highbank,Hydro,Hydro,2026-03-11,0,0,0,0,0,0,0,0,0,0,0,0,0,0,0,0,0,0,0,0,0,0,0,0,0,0,0,0,0,0,0,0,0,0,0,0,0,0,0,0,0,0,0,0,0,0,0,0,,
ASB,ASB0661,EASH,highbank,Hydro,Hydro,2026-03-12,0,0,0,0,0,0,0,0,0,0,0,0,0,0,0,0,0,0,0,0,0,0,0,0,0,0,0,0,0,0,0,0,0,0,0,0,0,0,0,0,0,0,0,0,0,0,0,0,,
ASB,ASB0661,EASH,highbank,Hydro,Hydro,2026-03-13,0,0,0,0,0,0,0,0,0,0,0,0,0,0,0,0,0,0,0,0,0,0,0,0,0,0,0,0,0,0,0,0,0,0,0,0,0,0,0,0,0,0,0,0,0,0,0,0,,
ASB,ASB0661,EASH,highbank,Hydro,Hydro,2026-03-14,0,0,0,0,0,0,0,0,0,0,0,0,0,0,0,0,0,0,0,0,0,0,0,0,0,0,0,0,0,0,0,0,0,0,0,0,0,0,0,0,0,0,0,0,0,0,0,0,,
ASB,ASB0661,EASH,highbank,Hydro,Hydro,2026-03-15,0,0,0,0,0,0,0,0,0,0,0,0,0,0,0,0,0,0,0,0,0,0,0,0,0,0,0,0,0,0,0,0,0,0,0,0,0,0,0,0,0,0,0,0,0,0,0,0,,
ASB,ASB0661,EASH,highbank,Hydro,Hydro,2026-03-16,0,0,0,0,0,0,0,0,0,0,0,0,0,0,0,0,0,0,0,0,0,0,0,0,0,0,0,0,0,0,0,0,0,0,0,0,0,0,0,0,0,0,0,0,0,0,0,0,,
ASB,ASB0661,EASH,highbank,Hydro,Hydro,2026-03-17,0,0,0,0,0,0,0,0,0,0,0,0,0,0,0,0,0,0,0,0,0,0,0,0,0,0,0,0,0,0,0,0,0,0,0,0,0,0,0,0,0,0,0,0,0,0,0,0,,
ASB,ASB0661,EASH,highbank,Hydro,Hydro,2026-03-18,0,0,0,0,0,0,0,0,0,0,0,0,0,0,0,0,0,0,0,0,0,0,0,0,0,0,0,0,0,0,0,0,0,0,0,0,0,0,0,0,0,0,0,0,0,0,0,0,,
ASB,ASB0661,EASH,highbank,Hydro,Hydro,2026-03-19,0,0,0,0,0,0,0,0,0,0,0,0,0,0,0,0,0,0,0,0,0,0,0,0,0,0,0,0,0,0,0,0,0,0,0,0,0,0,0,0,0,0,0,0,0,0,0,0,,
ASB,ASB0661,EASH,highbank,Hydro,Hydro,2026-03-20,0,0,0,0,0,0,0,0,0,0,0,0,0,0,0,0,0,0,0,0,0,0,0,0,0,0,0,0,0,0,0,0,0,0,0,0,0,0,0,0,0,0,0,0,0,0,0,0,,
ASB,ASB0661,EASH,highbank,Hydro,Hydro,2026-03-21,0,0,0,0,0,0,0,0,0,0,0,0,0,0,0,0,0,0,0,0,0,0,0,0,0,0,0,0,0,0,0,0,0,0,0,0,0,0,0,0,0,0,0,0,0,0,0,0,,
ASB,ASB0661,EASH,highbank,Hydro,Hydro,2026-03-22,0,0,0,0,0,0,0,0,0,0,0,0,0,0,0,0,0,0,0,0,0,0,0,0,0,0,0,0,0,0,0,0,0,0,0,0,0,0,0,0,0,0,0,0,0,0,0,0,,
ASB,ASB0661,EASH,highbank,Hydro,Hydro,2026-03-23,0,0,0,0,0,0,0,0,0,0,0,0,0,0,0,0,0,0,0,0,0,0,0,0,0,0,0,0,0,0,0,0,0,0,0,0,0,0,0,0,0,0,0,0,0,0,0,0,,
ASB,ASB0661,EASH,highbank,Hydro,Hydro,2026-03-24,0,0,0,0,0,0,0,0,0,0,0,0,0,0,0,0,0,0,0,0,0,0,0,0,0,0,0,0,0,0,0,0,0,0,0,0,0,0,0,0,0,0,0,0,0,0,0,0,,
ASB,ASB0661,EASH,highbank,Hydro,Hydro,2026-03-25,0,0,0,0,0,0,0,0,0,0,0,0,0,0,0,0,0,0,0,0,0,0,0,0,0,0,0,0,0,0,0,0,0,0,0,0,0,0,0,0,0,0,0,0,0,0,0,0,,
ASB,ASB0661,EASH,highbank,Hydro,Hydro,2026-03-26,0,0,0,0,0,0,0,0,0,0,0,0,0,0,0,0,0,0,0,0,0,0,0,0,0,0,0,0,0,0,0,0,0,0,0,0,0,0,0,0,0,0,0,0,0,0,0,0,,
ASB,ASB0661,EASH,highbank,Hydro,Hydro,2026-03-27,0,0,0,0,0,0,0,0,0,0,0,0,0,0,0,0,0,0,0,0,0,0,0,0,0,0,0,0,0,0,0,0,0,0,0,0,0,0,0,0,0,0,0,0,0,0,0,0,,
ASB,ASB0661,EASH,highbank,Hydro,Hydro,2026-03-28,0,0,0,0,0,0,0,0,0,0,0,0,0,0,0,0,0,0,0,0,0,0,0,0,0,0,0,0,0,0,0,0,0,0,0,0,0,0,0,0,0,0,0,0,0,0,0,0,,
ASB,ASB0661,EASH,highbank,Hydro,Hydro,2026-03-29,0,0,0,0,0,0,0,0,0,0,0,0,0,0,0,0,0,0,0,0,0,0,0,0,0,0,0,0,0,0,0,0,0,0,0,0,0,0,0,0,0,0,0,0,0,0,0,0,,
ASB,ASB0661,EASH,highbank,Hydro,Hydro,2026-03-30,0,0,0,0,0,0,0,0,0,0,0,0,0,0,0,0,0,0,0,0,0,0,0,0,0,0,0,0,0,0,0,0,0,0,0,0,0,0,0,0,0,0,0,0,0,0,0,0,,
ASB,ASB0661,EASH,highbank,Hydro,Hydro,2026-03-31,0,0,0,0,0,0,0,0,0,0,0,0,0,0,0,0,0,0,0,0,0,0,0,0,0,0,0,0,0,0,0,0,0,0,0,0,0,0,0,0,0,0,0,0,0,0,0,0,,
ATI,ATI2201,MRPL,atiamuri,Hydro,Hydro,2026-03-01,14320,8530,8570,9150,9470,9360,90,0,0,0,200,8750,8800,8680,10270,17700,17310,15880,15800,11050,10160,8790,9260,9350,8460,8010,8220,7960,8180,7750,7850,7860,9060,9590,10170,16800,23120,23540,21670,18940,19600,27310,27150,19630,13280,7110,7920,9070,,
ATI,ATI2201,MRPL,atiamuri,Hydro,Hydro,2026-03-02,1520,0,0,0,0,0,0,0,0,6500,8440,8080,15750,25780,26290,26630,26600,27170,27370,27530,24820,27810,27660,21160,19630,15330,12210,19620,19020,17360,17290,19540,17580,25020,18270,23670,18110,17830,18050,16530,17150,16330,22880,24340,23980,24130,16930,16500,,
ATI,ATI2201,MRPL,atiamuri,Hydro,Hydro,2026-03-03,16480,16360,15300,8360,8390,9340,9260,3810,0,300,9500,9380,14110,17950,27760,27470,27310,27210,27570,27780,28330,28580,28440,26180,25590,19470,25410,18810,24110,23990,18790,24570,25120,22070,27280,26850,26090,25940,26020,24090,24160,24250,18040,10590,8540,8560,7580,6880,,
ATI,ATI2201,MRPL,atiamuri,Hydro,Hydro,2026-03-04,2050,2060,2070,2050,2110,2100,2110,2140,7650,7760,7760,8550,19140,29350,29270,29160,28590,28410,28340,28570,26450,27640,24760,19840,19840,17860,25240,25180,25090,22800,23120,27600,27450,27580,27660,27600,27610,28730,28750,28730,28770,29050,29540,29480,29520,28380,26120,24160,,
ATI,ATI2201,MRPL,atiamuri,Hydro,Hydro,2026-03-05,18140,14000,9640,9830,8560,8840,8840,8430,8480,9000,12650,17790,25700,27660,28220,28130,28150,28180,19970,19590,19710,19840,19930,19790,19630,19730,19730,19500,18750,18810,18510,18930,21300,20320,24760,28880,28530,21290,18950,21490,19470,26830,25640,16840,11050,4260,9590,4500,,
ATI,ATI2201,MRPL,atiamuri,Hydro,Hydro,2026-03-06,0,60,0,0,0,0,0,0,0,6580,7930,7620,11850,17960,17940,18340,23380,22620,20800,10270,17640,8990,8810,9000,8870,8940,8920,8950,8900,8810,8830,11300,10540,8930,13580,21460,17850,18280,24420,27440,27530,27390,18500,18680,17250,8970,9790,9610,,
ATI,ATI2201,MRPL,atiamuri,Hydro,Hydro,2026-03-07,9510,7650,0,0,0,0,0,0,0,0,620,4790,7920,14030,23030,26820,24640,24110,25790,27240,21110,18880,11430,12640,15840,14400,14830,11840,17430,17680,17550,17480,8480,17640,16300,17780,17690,17610,17760,17770,17770,17720,17750,17790,12690,12060,9980,9960,,
ATI,ATI2201,MRPL,atiamuri,Hydro,Hydro,2026-03-08,4960,0,0,0,0,0,0,0,0,2340,1510,3180,8860,8620,18100,18250,18190,18720,24190,25270,24380,23330,19380,17820,17390,17270,16650,13460,12630,16490,16050,8720,7820,11980,17680,23410,24350,24510,26530,26460,26460,19480,17990,18050,18120,17970,17390,9490,,
ATI,ATI2201,MRPL,atiamuri,Hydro,Hydro,2026-03-09,7420,9270,9240,50,3690,1650,1840,4480,9810,9760,4510,9750,22110,26760,25900,25720,26050,25930,24800,24200,24250,24230,24310,24420,24430,24890,24330,24450,26540,28090,24910,24310,24320,24050,24060,23870,24500,24720,24640,24640,24720,24360,23810,18220,21260,16440,16400,4800,,
ATI,ATI2201,MRPL,atiamuri,Hydro,Hydro,2026-03-10,0,0,0,6280,9890,9100,9580,9680,6410,6510,11350,17230,24030,27180,26620,26460,26540,26720,26480,28610,27920,27800,27860,27260,27450,27090,26360,25490,26420,26370,26510,27050,24880,27210,27250,27450,27520,27520,27490,28200,28400,27510,26980,26170,26100,18280,17300,12740,,
ATI,ATI2201,MRPL,atiamuri,Hydro,Hydro,2026-03-11,8290,9390,9300,9280,9330,9160,8870,8520,8270,8310,8990,12670,16250,23010,18610,18540,18710,18910,19020,19290,19510,20130,27170,27180,27570,27840,27870,27890,27820,27710,27730,27640,27560,27830,28440,28310,28530,28240,26170,27210,27210,27710,27600,27310,26500,25550,20900,17910,,
ATI,ATI2201,MRPL,atiamuri,Hydro,Hydro,2026-03-12,16670,8770,8740,8270,8010,70,0,10270,10320,9180,9530,16290,16140,21810,26720,26720,26830,26790,26500,25780,25570,27380,26840,28590,28510,28500,28490,28480,21450,18280,19520,25470,18380,18740,22580,25400,26920,27830,26590,27150,27050,27180,27150,27260,27210,27320,27210,24440,,
ATI,ATI2201,MRPL,atiamuri,Hydro,Hydro,2026-03-13,18690,18910,17420,17490,18430,18440,18530,9960,9860,16490,16880,17970,24910,26410,26860,26680,27230,29160,29190,29180,28540,27090,27140,27140,33670,35080,29760,29190,34600,34180,30800,28590,27020,28570,32340,29630,27030,30180,28160,28180,28160,28140,28200,23590,17800,17160,17190,17160,,
ATI,ATI2201,MRPL,atiamuri,Hydro,Hydro,2026-03-14,18160,14440,17570,11610,7790,7660,8850,8810,8720,8630,8770,8520,8380,14940,16820,17700,16750,16510,25850,25940,25520,25720,20680,21480,23630,17730,17880,17900,17790,17590,17550,17530,17500,17640,17670,17470,23700,25960,25870,26050,26550,25770,24650,18330,16310,16250,16250,16250,,
ATI,ATI2201,MRPL,atiamuri,Hydro,Hydro,2026-03-15,16320,16190,5620,2160,2140,20,0,0,0,0,0,0,300,7970,9000,4300,9050,9100,11900,16570,16480,16550,16580,16580,16520,16560,16630,16580,16530,16560,16350,16140,16220,16230,16240,24620,25970,26060,26190,26250,26210,23160,16910,16640,16490,11990,10000,8080,,
ATI,ATI2201,MRPL,atiamuri,Hydro,Hydro,2026-03-16,6190,7460,2250,2000,2010,6860,8400,8370,8440,8360,8240,8180,12450,17380,22990,26090,26290,22430,17840,17760,18390,19310,19320,19320,19370,18480,16600,18640,19180,16940,15960,16690,14890,9910,11140,18260,18110,18060,18270,18410,18280,18440,18450,15740,12510,9200,8410,8430,,
ATI,ATI2201,MRPL,atiamuri,Hydro,Hydro,2026-03-17,8360,8430,8470,6900,7040,0,0,0,0,0,0,2360,12650,22090,25040,26550,34150,30320,26130,25470,24630,26960,26050,19050,18720,18560,18450,17310,17410,24840,25650,24430,25840,27200,27290,26720,20310,26200,27270,27150,27210,24900,23950,25320,20880,18400,18460,9350,,
ATI,ATI2201,MRPL,atiamuri,Hydro,Hydro,2026-03-18,9440,8160,8050,8080,8120,8060,8100,8070,2160,2110,1970,8530,14270,18090,26290,25990,26240,26370,26380,26460,21770,23760,26860,26710,26740,26710,26780,26860,26790,26780,26680,26550,26620,26520,26490,26550,26630,26590,26650,26530,26690,26080,23460,19050,18130,17330,9090,9420,,
ATI,ATI2201,MRPL,atiamuri,Hydro,Hydro,2026-03-19,8630,810,0,0,0,0,0,0,0,0,3980,9050,16760,25290,26870,26110,26230,26380,26550,26500,26710,26690,26800,26710,26710,20500,23500,26540,23580,26920,31760,34520,34050,24780,27200,27650,24930,25070,24090,24460,23750,18940,21550,22080,26160,20290,17090,16790,,
ATI,ATI2201,MRPL,atiamuri,Hydro,Hydro,2026-03-20,9180,8800,8790,7870,8860,8540,500,0,0,5430,17330,18420,18530,21580,27300,26580,30590,25690,26060,18500,18620,18720,24720,25790,26110,26780,26120,25780,26280,26090,26010,25520,25410,25550,21690,17740,17740,17770,19790,26890,26850,26800,18540,11520,9110,14830,9020,9050,,
ATI,ATI2201,MRPL,atiamuri,Hydro,Hydro,2026-03-21,9060,9140,430,0,0,0,0,0,0,0,0,9110,9750,16570,17040,18500,20920,25460,25370,25390,25520,23040,19040,19250,17780,17860,17880,17910,17910,17830,17740,17640,17640,21750,25660,25680,25830,25740,25780,26150,18470,18740,23710,27190,18470,10960,9710,9640,,
ATI,ATI2201,MRPL,atiamuri,Hydro,Hydro,2026-03-22,9830,9640,9730,2040,0,0,0,0,0,0,0,6300,9990,9860,17010,16830,16790,16910,17770,17810,17950,17990,18200,17810,18100,18020,17920,14200,17610,17870,17750,17750,17700,17850,17790,23120,26710,26680,26710,26690,23170,19260,16720,16500,11380,8370,8850,8410,,
ATI,ATI2201,MRPL,atiamuri,Hydro,Hydro,2026-03-23,8180,8530,8970,4830,0,0,0,0,0,2530,7610,13080,17120,23980,26750,26650,26590,26880,26780,18400,18150,18310,18640,18090,18320,24330,26840,26640,25500,26470,26750,20360,26670,26910,27110,27060,22470,18150,18250,18320,18290,18280,18130,12890,9630,9070,8250,8120,,
ATI,ATI2201,MRPL,atiamuri,Hydro,Hydro,2026-03-24,8860,8630,8230,8460,7970,7950,4300,0,0,0,4410,9030,13990,16160,18550,26180,25790,25690,26090,25870,19890,18950,18990,19060,18060,17390,17140,17330,21800,19200,20870,25520,25350,26610,26630,26890,26170,26040,26260,27030,25680,18610,18730,18660,18720,18730,18790,9680,,
ATI,ATI2201,MRPL,atiamuri,Hydro,Hydro,2026-03-25,9800,12080,9740,9810,9810,9810,9070,9200,9030,8860,8810,8690,17020,20330,19870,25580,25510,19070,25890,25770,23380,17870,17930,17890,25250,25940,25210,22530,16770,18930,25730,27700,28170,25370,19140,24340,24440,21060,18510,18590,17040,16990,8690,8680,8740,10440,6800,0,,
ATI,ATI2201,MRPL,atiamuri,Hydro,Hydro,2026-03-26,0,0,0,0,0,0,0,0,0,0,0,2570,9830,14810,16450,25090,26630,18340,23690,28380,19920,16160,19530,27350,28170,26910,24450,21570,28470,26680,19500,24890,24060,25870,26290,26300,18010,27280,21970,19200,19190,11140,8980,10100,8900,8070,7730,5480,,
ATI,ATI2201,MRPL,atiamuri,Hydro,Hydro,2026-03-27,450,70,0,0,0,0,0,0,0,0,0,0,120,3920,9490,17820,23230,21410,18010,19450,25690,17400,20040,25790,25540,26600,28580,21580,27050,22420,25010,28870,24220,19670,21510,19610,19680,26780,26640,25780,17490,15320,8580,8570,16500,15280,8660,8630,,
ATI,ATI2201,MRPL,atiamuri,Hydro,Hydro,2026-03-28,8730,7410,0,0,0,0,0,0,0,0,0,0,0,0,8320,12980,9150,16700,17970,17680,17700,13410,14530,18220,11990,8890,9490,9220,9280,9400,17280,18000,17780,17720,17910,17890,17720,17790,18100,18700,17110,15800,8940,16780,15460,6980,70,0,,
ATI,ATI2201,MRPL,atiamuri,Hydro,Hydro,2026-03-29,0,0,0,0,0,0,0,0,0,0,0,0,780,2820,7930,8360,17360,17760,17960,18850,27280,25690,25740,25750,25700,25700,24580,19880,19190,19230,18440,17980,18960,18950,19040,25680,26830,22400,17000,18530,17090,17110,17250,8140,3790,3450,3820,690,,
ATI,ATI2201,MRPL,atiamuri,Hydro,Hydro,2026-03-30,0,0,0,0,0,0,0,0,0,0,820,1820,10420,16620,13200,16310,23280,21500,25700,25240,27560,27160,26610,18200,17920,20300,17220,16940,16370,16770,18340,21870,24390,19820,23600,25670,24350,24490,20830,18270,18310,8210,250,9610,6400,1520,7850,4900,,
ATI,ATI2201,MRPL,atiamuri,Hydro,Hydro,2026-03-31,0,0,2470,3370,8650,2840,200,0,0,0,700,4950,14340,27070,25550,24780,25120,25340,25430,26170,26510,26810,24680,24120,24920,20660,17450,17400,18090,17740,17460,16130,16170,16010,18700,19100,20980,26280,26120,26070,26250,24730,27450,26970,23630,11210,9710,5700,,
AVI,AVI2201,MERI,aviemore,Hydro,Hydro,2026-03-01,48290,48940,47628,47372,47720,48557,50028,49860,50500,51336,49990,49860,49624,49657,49300,49286,47861,73196,76278,77035,76816,77643,77258,77348,77314,65940,75327,75613,72746,77465,77846,78748,88994,101621,96206,95219,99358,91808,66767,61753,65358,52353,49504,48573,53362,54532,52143,34641,,
AVI,AVI2201,MERI,aviemore,Hydro,Hydro,2026-03-02,48408,70044,63021,56720,48975,48972,49070,49119,25607,26774,48922,51805,50809,59984,70412,68290,69744,59108,72526,75036,71135,69343,63978,58235,61336,71070,74085,72629,73352,62603,48932,48607,51604,48465,51207,75061,53557,49074,49493,48799,52553,48575,48653,48322,50354,49263,72075,67582,,
AVI,AVI2201,MERI,aviemore,Hydro,Hydro,2026-03-03,48861,48826,49508,49309,24758,42854,45019,24423,27664,33991,51186,60338,79678,76968,79177,90835,100864,108135,111468,108046,80210,68417,63568,72711,74997,74005,78676,100971,109862,83781,52050,63721,52992,53488,56775,48772,49239,51838,62719,77826,74698,78873,74493,62602,62417,59046,75442,70433,,
AVI,AVI2201,MERI,aviemore,Hydro,Hydro,2026-03-04,67260,54459,40209,30498,47957,41946,28183,20385,23902,37254,57651,70890,87403,95075,101384,103568,99689,100889,99590,102854,103188,98427,100926,99845,99055,99982,101904,102483,101422,101981,101844,87376,88715,54120,64744,74632,78878,88394,90340,87799,85276,81592,81110,81827,85026,86520,85337,68305,,
AVI,AVI2201,MERI,aviemore,Hydro,Hydro,2026-03-05,73344,76012,78532,74502,76926,79686,76212,72955,69566,75969,88104,89867,97389,96367,100982,100688,91467,73657,74623,76551,70175,73654,73499,74348,74395,98897,92613,94187,94384,94748,87567,93964,93090,92451,81077,95272,92442,69187,69239,68766,96798,97430,98417,72964,72709,48550,33791,14652,,
AVI,AVI2201,MERI,aviemore,Hydro,Hydro,2026-03-06,14380,21432,21259,44712,22129,21874,21697,21605,22242,23854,67420,51301,74808,51057,49185,52195,95305,78602,77033,76991,76436,100977,99760,78328,76053,92366,103575,101915,102244,101883,102406,101726,83003,72373,79721,89928,100190,46793,71377,75984,74555,59951,43128,41379,48211,15511,37689,8191,,
AVI,AVI2201,MERI,aviemore,Hydro,Hydro,2026-03-07,43457,22276,40785,44694,44516,58023,48312,47997,58219,74596,46565,42927,66921,57246,81620,78296,80374,37674,64734,68429,73840,77507,87647,98667,80961,73971,67527,54575,72341,75118,84386,95203,56778,51057,74205,85915,78985,59473,20829,21708,39044,39523,45578,46070,48026,45126,71479,77563,,
AVI,AVI2201,MERI,aviemore,Hydro,Hydro,2026-03-08,66333,74131,75186,46864,22805,20358,20950,46521,49382,49396,48000,46324,48908,70740,74346,63833,76961,73968,92213,106261,102553,88843,79008,73275,67858,65247,59450,57833,58562,57089,57672,57036,62858,57784,44557,66658,93818,85652,72512,76276,71481,54573,55090,58687,70517,51292,71383,36406,,
AVI,AVI2201,MERI,aviemore,Hydro,Hydro,2026-03-09,16610,28945,38016,36164,33256,51110,65955,71126,80988,36498,21848,36548,63877,74891,100358,96263,96363,95625,91768,95738,94634,90851,92104,91901,91740,83434,78932,73689,75412,86162,91581,87452,74300,59721,33338,38289,30764,44574,47544,47541,46704,47141,49893,51047,50671,49624,49229,49779,,
AVI,AVI2201,MERI,aviemore,Hydro,Hydro,2026-03-10,48202,34186,31550,36307,17651,31746,43933,52878,44299,52006,48953,57174,67423,69453,78932,79040,89327,87655,93855,98755,101317,99643,92575,78186,74566,53376,72138,79544,83373,85649,71609,84829,90693,77853,77749,89526,75971,67975,60297,50938,50349,75174,53046,51934,24653,43728,76252,78179,,
AVI,AVI2201,MERI,aviemore,Hydro,Hydro,2026-03-11,36740,31590,2712,0,11261,16668,225,2390,7670,16003,19670,16701,24175,37041,56434,94972,98382,97232,93078,86836,80655,85278,80219,80418,98924,81689,80466,53927,58285,57844,63506,66103,61387,69927,91112,86985,40223,38442,68468,60319,82608,69019,78444,68350,45165,43882,43387,38208,,
AVI,AVI2201,MERI,aviemore,Hydro,Hydro,2026-03-12,31505,33550,44182,41057,41070,38933,30703,34086,44892,47299,38115,60433,81672,67306,78916,94366,108382,76259,69990,59937,73826,55996,56443,44209,26219,17669,24574,15045,25825,49034,51740,51655,76506,51523,93254,53915,50702,50473,48716,53241,71719,74181,77225,79184,78833,53651,51889,53108,,
AVI,AVI2201,MERI,aviemore,Hydro,Hydro,2026-03-13,45168,35252,31965,42540,38944,36591,38304,37966,34092,46195,48757,53131,79346,66371,63430,75217,75015,84098,95492,78883,70805,71984,77694,79768,80440,84751,80938,78710,72050,67438,67798,101387,106212,107395,106668,105844,104613,98202,86044,86208,86203,68850,76354,90906,62525,51765,61295,61618,,
AVI,AVI2201,MERI,aviemore,Hydro,Hydro,2026-03-14,29160,20613,20584,20805,444,0,0,0,0,0,22312,23614,20922,44041,50701,31904,35592,43654,24827,45798,50186,29387,16947,23473,23453,48187,50530,50001,50238,50292,50222,50192,45743,48043,53554,51116,55775,80121,101661,79404,80993,69402,78530,76335,60070,28024,54546,18168,,
AVI,AVI2201,MERI,aviemore,Hydro,Hydro,2026-03-15,45418,50831,48711,62632,51539,50481,50036,57909,58520,24540,59137,58077,17743,54767,57364,33940,49518,50868,50871,77008,104406,104868,105100,105603,104943,100410,97124,95892,96773,96862,96107,77394,80859,92815,80853,90430,87220,76085,102609,108060,88036,88537,54416,75161,53837,47256,24235,6322,,
AVI,AVI2201,MERI,aviemore,Hydro,Hydro,2026-03-16,0,6641,46865,27709,22776,22832,22217,632,0,23361,49215,24939,48407,50715,51131,50388,51795,52059,51273,51433,50647,51918,50940,50859,51647,51562,76347,78699,77689,77893,78114,77388,78018,100308,103897,103196,89240,107257,107063,95607,108195,107411,103393,102129,103530,96076,93192,89627,,
AVI,AVI2201,MERI,aviemore,Hydro,Hydro,2026-03-17,86608,87654,86695,84611,90426,92601,102443,107629,106794,106414,85681,87533,98961,100096,85791,84211,84532,92484,94041,95348,90467,85097,86024,97327,101957,86401,82027,78367,80943,83088,82375,82998,81493,80999,83173,84620,84752,81071,81173,80939,81060,80997,85077,85181,84900,58793,58098,57158,,
AVI,AVI2201,MERI,aviemore,Hydro,Hydro,2026-03-18,53134,55218,47159,47406,45177,46277,43924,27581,30983,40120,28246,43080,45266,69461,84661,81316,61997,38352,57301,51266,43589,67658,92852,72494,56982,52562,44443,44328,44538,22081,55379,63351,75576,79777,79735,81491,102209,108136,109093,107594,106785,107956,107073,107080,96820,87303,84809,85236,,
AVI,AVI2201,MERI,aviemore,Hydro,Hydro,2026-03-19,64873,44192,69330,70452,70418,68244,58533,44124,44332,47214,48105,48614,60183,64398,65352,64262,62788,56636,57583,60120,52837,57215,57655,56984,56823,57235,54772,52466,52743,52801,79121,88830,81032,81226,80659,82648,63756,59724,70015,74110,80963,89665,102428,108882,108200,107840,106479,103851,,
AVI,AVI2201,MERI,aviemore,Hydro,Hydro,2026-03-20,102441,99472,96864,94555,91847,88565,86227,83601,81280,80331,77903,73263,64897,56216,65358,80260,75506,74514,61715,57207,59379,47433,44227,47158,44898,46661,45249,43629,45561,45324,47680,54529,48163,53873,70458,60785,70371,51975,53448,53748,55979,57964,62005,67236,69923,70797,72571,74158,,
AVI,AVI2201,MERI,aviemore,Hydro,Hydro,2026-03-21,68247,78731,78955,80132,81729,79590,74478,80587,77009,77709,87929,91898,104101,96562,105712,108444,105714,95618,98877,93750,93914,88856,91894,99499,94269,92550,93217,107318,98079,93810,94289,103573,85538,103373,69905,63870,74309,71064,100648,103850,101053,98361,99328,99534,96359,80322,74373,59188,,
AVI,AVI2201,MERI,aviemore,Hydro,Hydro,2026-03-22,74268,53468,52294,52398,55198,46372,48086,45534,46049,66256,95030,79145,71133,73934,55199,49575,57470,50422,74028,74784,74567,77380,78221,77300,52381,49290,49561,49991,50361,50156,49573,65577,75801,76592,77195,76425,76742,77667,72193,76730,76156,75928,75268,75268,75832,75154,75031,76706,,
AVI,AVI2201,MERI,aviemore,Hydro,Hydro,2026-03-23,75434,50986,58725,50567,40332,68635,73112,75672,73418,49234,47718,50341,69362,79377,100961,99062,99245,103797,95019,76581,62825,49469,66937,99535,99424,101094,100838,97040,94904,97719,100735,94503,91695,97570,99483,78228,75960,73802,74079,28834,46711,73936,73104,73917,74278,48785,72101,49273,,
AVI,AVI2201,MERI,aviemore,Hydro,Hydro,2026-03-24,45389,46999,49052,47863,23962,22656,68315,50105,63205,70213,76327,70250,67428,100356,59208,76880,67270,50676,50257,87853,76537,74008,71938,73596,70822,49432,48051,48735,49055,48506,48594,48906,48148,61287,47750,49230,67383,51631,71098,48704,49487,75518,75106,60030,48308,46326,47880,68618,,
AVI,AVI2201,MERI,aviemore,Hydro,Hydro,2026-03-25,70241,49162,48059,44858,48603,48928,48219,48734,64249,73926,74129,77031,74339,66796,102056,102609,99309,93708,93257,100465,100584,102185,101855,99068,99429,97148,95844,93009,71803,73509,94140,74859,74535,72704,73642,73343,73130,49329,47945,48180,73119,73451,72555,75020,72603,82207,75889,73334,,
AVI,AVI2201,MERI,aviemore,Hydro,Hydro,2026-03-26,73790,68181,75750,72260,68025,75117,86201,75166,75802,73228,74121,73522,73139,54869,93162,75128,75228,74982,75370,74771,75028,74785,74703,101647,99639,99021,96618,75949,73929,73202,73811,48704,72778,81574,83620,75209,74797,73888,73510,73953,72446,73946,73306,75717,76005,74480,75507,73311,,
AVI,AVI2201,MERI,aviemore,Hydro,Hydro,2026-03-27,72792,74508,45707,67588,73360,73591,74439,73496,48987,24261,22440,23218,46494,49200,68986,97616,101311,100886,101582,101190,76521,76146,74813,52528,49461,47465,47067,68354,50171,48987,49158,48300,48417,48901,47824,46903,50304,49992,50070,52282,73286,75221,76311,66472,74312,69015,75091,73898,,
AVI,AVI2201,MERI,aviemore,Hydro,Hydro,2026-03-28,70952,73462,74540,73967,74249,74460,72749,72544,64052,73065,64320,42801,33492,23810,24506,24304,2659,0,5,12,10,8,8,1111,127,0,0,0,0,0,0,0,0,8,45060,51663,50911,51044,51222,51030,51022,51813,52555,50659,74032,74695,75856,69254,,
AVI,AVI2201,MERI,aviemore,Hydro,Hydro,2026-03-29,65060,66312,49151,47463,39114,46496,46171,46254,45760,48860,51513,72262,75117,78250,78274,77535,76730,74891,73507,75167,74931,74721,75711,75240,74514,75820,67607,72807,76593,76975,76702,77173,76406,76321,77062,101982,104868,102505,103539,104126,95262,75731,75046,70674,47002,48775,45342,48788,,
AVI,AVI2201,MERI,aviemore,Hydro,Hydro,2026-03-30,50131,24654,23651,27250,21403,21720,23084,22513,22295,45907,48302,48663,63614,77189,78895,76745,101568,102314,107719,109420,108954,104929,103726,104068,103105,101757,100691,99861,102954,102302,108828,103356,72455,52656,74471,95404,81969,78790,57493,49922,54756,49635,53265,52155,48862,72200,74898,75197,,
AVI,AVI2201,MERI,aviemore,Hydro,Hydro,2026-03-31,45240,49249,49867,27139,21717,23180,24275,24020,43743,50332,49499,49799,49621,50360,50891,72242,76355,76319,74807,76006,76998,75953,74783,73923,71156,76636,76164,75023,74243,75302,74582,74624,74337,74703,76109,76531,71944,76007,75619,74413,74551,74301,76325,73590,73854,68404,74340,74493,,
BEN,BEN2202,MERI,benmore,Hydro,Hydro,2026-03-01,156899,124358,145493,106323,77365,76828,49647,67677,77867,98806,140422,178435,182220,185054,211177,206573,207178,201147,210684,212896,211873,214226,213389,213498,211925,182998,147298,136655,118791,148731,166724,173079,177034,186348,210837,205733,204797,216127,180988,191496,202050,208110,207840,195650,119939,88138,54529,31572,,
BEN,BEN2202,MERI,benmore,Hydro,Hydro,2026-03-02,39290,34715,30616,84657,78532,83110,81971,39413,75940,147824,192521,212466,157795,164878,159138,155994,155987,141768,151538,163999,182925,171224,147981,140616,142382,150955,155674,157526,160096,161880,170440,169142,170557,165074,137532,162745,148243,168916,152784,150647,132438,146701,164704,140094,163369,126337,110842,89921,,
BEN,BEN2202,MERI,benmore,Hydro,Hydro,2026-03-03,96413,111842,84539,54660,38719,74713,77607,121172,124960,93455,155881,178030,183411,192197,251008,265319,261378,204309,193914,205733,253081,228463,191934,140660,212924,170193,179722,236045,220494,224140,213319,261777,251327,161371,156175,139304,128308,112327,125095,148599,165821,181565,172220,145843,116693,109615,121616,111896,,
BEN,BEN2202,MERI,benmore,Hydro,Hydro,2026-03-04,125397,100443,72399,61741,85449,79993,77962,79867,102433,131803,146922,156472,172738,204091,250988,255148,248208,246852,227343,223434,251519,233545,209421,206501,249138,255059,257705,258506,258385,259207,258864,272781,273031,262334,259550,249741,264935,264594,267258,266778,268977,269229,270156,238952,203075,195270,195095,203082,,
BEN,BEN2202,MERI,benmore,Hydro,Hydro,2026-03-05,200336,169837,144331,121823,97005,87339,83194,80604,67910,105713,145323,155712,171397,201439,248116,253033,249189,207759,203698,210517,234561,204744,199293,192027,214454,198144,194820,197570,196899,177768,154435,160192,157871,155072,145565,151871,145925,143336,142354,143444,157785,161380,198540,146362,124234,120421,111408,92185,,
BEN,BEN2202,MERI,benmore,Hydro,Hydro,2026-03-06,93071,77836,71442,78368,40306,35722,35901,35674,39256,40705,61307,128743,126939,171279,188265,177838,152210,212715,213599,213158,213489,202872,199895,212579,210660,201248,217672,217469,213473,212589,212117,202292,142372,117610,84413,43738,51030,33810,64191,46081,48430,34322,52257,78960,79479,50744,61739,79265,,
BEN,BEN2202,MERI,benmore,Hydro,Hydro,2026-03-07,127700,135439,126480,125182,120071,169843,173093,178237,181076,177592,166244,181207,184479,186983,187809,186760,186886,186201,186580,187485,182491,181858,186438,165485,159546,176573,172864,178197,187747,184878,183690,180366,173092,175411,179348,183819,184253,172854,165906,166506,181058,175142,179760,161015,167486,160338,134394,152013,,
BEN,BEN2202,MERI,benmore,Hydro,Hydro,2026-03-08,175908,164558,136851,148393,157473,154572,154881,127168,125947,132937,156976,152466,166494,120649,142253,164678,170800,162890,179652,183472,187604,187704,187753,187739,187523,187001,188191,187920,188444,186916,187824,187921,187586,189061,186950,188055,186834,187397,187915,187634,187726,187754,186155,187384,187655,187129,187067,186809,,
BEN,BEN2202,MERI,benmore,Hydro,Hydro,2026-03-09,186061,185122,185776,186885,186724,187501,187010,187404,187587,187094,152382,187263,187768,185191,186863,184648,186979,187027,186798,187332,187547,186579,187248,187303,186694,186852,186982,187213,188338,188062,186541,182986,181037,170438,152206,154534,108448,78793,157064,150867,146184,95521,131936,100872,56694,37203,44977,41065,,
BEN,BEN2202,MERI,benmore,Hydro,Hydro,2026-03-10,37148,30801,6609,8920,24542,33955,35748,33595,28019,44301,45875,104484,165846,169713,164896,164039,173472,154826,155413,169203,173058,172795,168885,167598,168123,187258,176257,184385,185029,184942,180911,181149,172003,175109,180693,173162,146746,143547,169012,170792,169772,172310,182591,178199,142353,66996,94590,72396,,
BEN,BEN2202,MERI,benmore,Hydro,Hydro,2026-03-11,41767,10228,57882,36965,1116,0,0,0,0,0,9981,28751,66704,123038,159281,160935,174494,162765,175025,177379,182594,180457,174901,173685,181862,186853,187230,185269,185014,184171,184512,171275,174826,177365,178063,173952,156722,170390,184538,185625,186470,183075,186518,179293,166552,176161,183050,162778,,
BEN,BEN2202,MERI,benmore,Hydro,Hydro,2026-03-12,142148,131889,168343,157517,141820,122330,107391,98618,122117,162122,154147,180954,184601,181321,161364,185086,185903,186252,179201,183829,184210,181364,181256,176770,167838,166847,168265,143725,144549,150026,140759,156506,167740,186365,169211,184898,184238,184425,185796,186775,185887,187547,186595,187565,187078,187320,186236,187389,,
BEN,BEN2202,MERI,benmore,Hydro,Hydro,2026-03-13,183420,183683,174559,172625,155916,141153,134874,128107,101422,105658,108604,104034,144231,168470,176923,166162,171416,184969,184908,184716,180296,182686,186501,185547,184932,184554,186016,186813,186826,187213,187590,184508,181405,181028,180975,181431,181451,181018,172606,173327,177126,181293,182115,179816,178738,181260,181419,179333,,
BEN,BEN2202,MERI,benmore,Hydro,Hydro,2026-03-14,140664,127002,128476,110790,99780,93290,84581,83891,85198,81666,85469,108543,123087,118782,134353,173688,169602,161205,174295,169164,169771,161402,154992,127784,126028,118102,132566,130070,126235,131809,116516,131406,145049,158182,164754,164464,168050,173399,165382,178827,182181,178223,179779,178018,174823,169193,143786,165153,,
BEN,BEN2202,MERI,benmore,Hydro,Hydro,2026-03-15,133071,97634,81296,69235,43928,104998,102011,51117,50819,83684,39341,93036,119171,140097,141184,156388,167653,166878,133202,133721,141439,142087,142358,143046,142297,181364,182441,182355,182275,182866,182156,181730,182232,182660,172778,170266,169330,170069,161493,181584,171251,163432,181265,182048,182529,173469,170954,169432,,
BEN,BEN2202,MERI,benmore,Hydro,Hydro,2026-03-16,113018,102013,80174,83188,78603,77231,77919,81855,84577,78707,78783,116188,138752,135071,134111,175757,164355,161081,157190,164144,158054,159017,156928,156590,158403,158791,156020,160696,167269,175085,176390,176515,178193,171083,168216,197492,216794,198661,218880,217982,210427,207550,209513,212318,216486,157708,138700,161022,,
BEN,BEN2202,MERI,benmore,Hydro,Hydro,2026-03-17,181351,141367,109085,136752,119499,91966,98374,103511,144322,155234,175968,188764,208115,196406,213959,213005,227966,233757,234410,224922,229300,231367,230864,216851,209865,221055,218700,218453,216242,216659,220856,222940,215822,228410,233569,233606,229962,232928,234298,233630,234215,233957,233656,233718,234209,233136,233942,222615,,
BEN,BEN2202,MERI,benmore,Hydro,Hydro,2026-03-18,216313,228057,227655,205643,228059,226985,216225,168129,203688,224848,179562,229234,231462,234969,234347,233481,234722,235136,233148,232291,230492,233531,232575,233719,233711,233763,200764,218635,216276,227339,189755,186283,193850,215407,213317,227307,233556,227649,229067,230505,233803,233080,233704,232880,225653,211824,184116,130462,,
BEN,BEN2202,MERI,benmore,Hydro,Hydro,2026-03-19,129167,133853,110309,122429,103179,94456,84828,67111,69440,102767,119790,122520,177944,211193,212818,224933,230484,230096,230175,227499,180895,153808,182100,204477,204204,179492,149683,188435,197712,180734,207477,216554,203009,187691,189894,219657,224983,232246,234513,231327,229438,232391,234810,232518,230852,195345,175947,163559,,
BEN,BEN2202,MERI,benmore,Hydro,Hydro,2026-03-20,157032,137481,106358,104808,98280,80145,57597,40818,53610,75237,127285,142597,176692,217024,214170,229981,231530,231167,233408,227709,217936,225933,221179,220649,213663,204294,197745,209587,179024,199873,222926,230710,193798,162773,141945,147656,185237,222159,207219,219161,214745,189107,201581,183524,189627,172305,151933,140792,,
BEN,BEN2202,MERI,benmore,Hydro,Hydro,2026-03-21,163070,166914,186083,195343,158087,173647,182116,147827,142135,154515,189499,175880,187055,168517,116324,98003,217535,195193,204893,193035,192155,193879,186830,171392,209361,196668,195882,181985,190263,192567,189418,177367,211949,218022,75408,125576,196193,158779,179554,173683,209661,200782,182192,168462,154998,142820,151867,129415,,
BEN,BEN2202,MERI,benmore,Hydro,Hydro,2026-03-22,168008,168279,167371,167438,123173,85576,67261,67288,64819,98141,130034,177010,207970,210520,171832,201414,223262,209981,208542,181855,171170,144216,138602,127248,162046,165529,165982,167711,168285,166784,165529,173064,163012,173492,172299,193978,209896,214460,196603,214191,211142,206556,203830,172264,133036,163261,157467,125882,,
BEN,BEN2202,MERI,benmore,Hydro,Hydro,2026-03-23,118260,118393,178011,167913,161340,144117,131854,124402,132724,125074,160827,172186,185294,214704,208654,167393,189998,169463,180850,206760,207177,208959,203228,208044,209914,169010,175189,172862,169399,167664,165688,162097,163760,166067,168076,177659,171459,168238,167593,179674,167563,169472,167389,168033,168311,166478,167777,162101,,
BEN,BEN2202,MERI,benmore,Hydro,Hydro,2026-03-24,157989,125402,166665,167561,168116,159869,120574,123068,165743,140998,177235,147713,161755,169702,146391,170586,177154,176604,182044,179934,169365,166536,158022,159969,159702,169850,166889,169411,168657,168162,167133,167637,167476,162183,167871,186876,200983,206335,183242,167816,167471,170658,203587,215894,206267,182389,203700,159016,,
BEN,BEN2202,MERI,benmore,Hydro,Hydro,2026-03-25,121706,166868,166869,156772,125117,123095,159188,125474,101135,82373,123148,126288,163590,186852,168359,210262,202488,163000,159293,172042,169984,171423,172550,170719,170054,168926,137239,120288,166776,182717,203251,208924,204838,207143,204516,208872,209415,213013,209088,207922,167334,208277,198936,212652,208323,190719,207907,200667,,
BEN,BEN2202,MERI,benmore,Hydro,Hydro,2026-03-26,167801,167197,159076,162955,142995,170170,167574,170757,178126,158132,187921,197339,158918,199130,173446,203182,212497,211818,212373,211966,211673,207755,209264,148920,163505,160794,150666,175908,177741,199207,200553,206639,176784,181954,185307,205839,213612,209861,200730,199700,198409,212481,205160,212449,214073,171284,205344,199065,,
BEN,BEN2202,MERI,benmore,Hydro,Hydro,2026-03-27,164427,132956,123675,108522,83033,81871,83227,78404,82208,87412,114434,120069,123850,170347,204913,216045,222956,215775,214176,213940,212893,218988,212397,218102,210361,198006,183292,186558,202329,200149,200843,198836,201964,198398,195316,194666,173802,163470,161070,171577,157991,144895,124937,115048,120456,115570,129311,121883,,
BEN,BEN2202,MERI,benmore,Hydro,Hydro,2026-03-28,102463,100455,116983,122506,121673,118313,116936,118823,116840,118113,121996,104415,109580,126218,110741,87301,114116,116000,125600,126790,117873,141815,142432,169860,123122,78996,104812,124073,125463,126563,124699,128138,131277,107601,116506,87458,81619,82269,82385,83159,123682,128428,126872,118142,122105,116627,119070,127021,,
BEN,BEN2202,MERI,benmore,Hydro,Hydro,2026-03-29,121815,106160,125288,125490,111079,116383,118836,117237,118798,118716,129039,127961,121130,129205,128680,140808,175173,166847,157892,158338,157919,157525,158977,158434,157939,167930,146114,159058,175264,174483,170047,172999,175094,170784,179140,173117,174459,170906,176607,171426,170446,169431,162128,159183,119016,102674,114603,146515,,
BEN,BEN2202,MERI,benmore,Hydro,Hydro,2026-03-30,130210,129381,124220,130036,120647,123035,122674,117109,116778,116845,103598,105690,157518,158949,176322,207589,222802,215454,233486,233113,235221,232834,232150,225739,224237,220422,191818,210061,220563,221088,234735,224207,208390,228365,224286,225568,227769,227538,221749,225287,222673,216319,227242,229229,206387,198986,168541,130095,,
BEN,BEN2202,MERI,benmore,Hydro,Hydro,2026-03-31,101074,123517,84984,111474,116733,125429,127546,125350,85513,83485,79748,83959,103109,152081,173131,198275,207342,164811,197777,170556,168200,165302,159673,194770,195565,171195,156143,167757,156839,163674,162840,164534,164871,166055,168088,170878,193595,170278,167347,166259,166010,157834,128220,155965,164848,157388,166998,159716,,
BPE,BPE0331,POCO,twf_12,Wind,Wind,2026-03-01,0,0,0,0,0,0,0,0,0,0,0,12,192,499,2308,3518,3735,6007,8385,11128,11066,13720,14607,15299,15579,15646,15630,15639,15591,15530,15312,14852,14586,14387,14434,14757,14789,12472,10565,7174,4462,1385,413,812,5066,11227,12451,10923,,
BPE,BPE0331,POCO,twf_12,Wind,Wind,2026-03-02,12551,13873,13631,9911,5966,3094,3969,4421,1525,2,8,0,0,0,0,0,152,1236,2266,2801,3939,4428,5533,5843,5643,5698,7406,7705,5941,4857,5751,4767,2810,1762,5876,5248,746,683,5304,5477,1485,1226,187,1205,1635,805,1311,1389,,
BPE,BPE0331,POCO,twf_12,Wind,Wind,2026-03-03,913,1210,552,169,616,1053,91,31,638,401,195,62,175,603,194,288,25,2,0,796,1111,24,3018,3418,2498,4466,1384,1642,2727,3494,3188,1560,4326,5431,3101,4533,6863,6181,5934,718,21,110,597,1583,1454,964,1323,1189,,
BPE,BPE0331,POCO,twf_12,Wind,Wind,2026-03-04,621,13,16,1,11,1,11,0,44,0,27,10,0,0,0,0,0,0,0,0,0,0,0,0,0,0,0,0,0,0,0,0,0,0,0,0,0,0,13,23,1,11,45,21,0,0,0,0,,
BPE,BPE0331,POCO,twf_12,Wind,Wind,2026-03-05,73,179,590,942,1023,594,116,48,37,0,17,195,293,453,585,815,1589,2791,2639,3218,3455,3452,5935,7127,6977,6293,6625,7518,8786,8780,7648,7472,7730,7827,7435,7971,7363,7076,5468,5278,5382,5487,5943,7028,8182,9375,10692,10915,,
BPE,BPE0331,POCO,twf_12,Wind,Wind,2026-03-06,10085,9801,9597,9708,10554,10810,12200,12429,13960,14480,14256,13953,14877,15088,15093,15134,14604,14632,14860,14735,14637,14655,15005,15201,15234,15053,14912,15180,15271,15159,15262,15246,15262,15241,15127,15262,15268,15266,15283,15192,15214,15134,15062,14952,14213,14121,14399,14590,,
BPE,BPE0331,POCO,twf_12,Wind,Wind,2026-03-07,14700,15193,15174,15193,15130,14827,14937,14744,14820,14417,14600,14149,12999,11721,9607,8525,6828,6525,5501,5175,4862,4721,4674,4792,4669,5695,4504,4060,4354,3148,2054,2139,1842,1576,314,426,545,600,1189,804,271,5,140,577,1394,2957,3738,4732,,
BPE,BPE0331,POCO,twf_12,Wind,Wind,2026-03-08,7457,9886,9488,8895,10099,10894,12148,12787,11523,10596,10295,9328,8429,6930,5339,5559,5880,5977,4590,5563,6635,6802,7159,7684,9142,9072,7413,10059,12642,13671,14499,14039,14830,14576,14155,14636,14665,14809,14373,13478,12701,11247,8837,8158,10658,12291,13071,13801,,
BPE,BPE0331,POCO,twf_12,Wind,Wind,2026-03-09,13833,13692,12460,11375,12504,11079,10111,8272,8439,7144,5818,6084,4846,3271,2382,2385,2663,2241,3719,5378,5318,4189,3683,3928,2659,2280,1713,3389,3435,1457,62,1800,3282,4847,4711,6690,8674,9559,10544,8754,9228,10568,11240,12197,12098,11229,11230,9981,,
BPE,BPE0331,POCO,twf_12,Wind,Wind,2026-03-10,9398,10204,9687,9815,9345,9991,9343,9742,9504,8843,8748,7752,7263,7161,6452,7011,7129,7509,6857,6801,6652,6877,7411,6453,6080,5961,5879,6577,7076,7441,7091,7221,7208,6219,5950,6737,7035,6261,6377,6669,5987,5765,5822,5966,5328,5857,6028,5525,,
BPE,BPE0331,POCO,twf_12,Wind,Wind,2026-03-11,4522,4220,4102,3767,3108,2715,2421,1718,1984,1643,1293,1245,1389,1408,1211,1470,1240,1547,1557,1114,1170,943,1274,2626,2742,3018,3487,4078,3891,4027,4392,4085,5269,5180,4760,4909,6471,6843,5611,5249,5390,4220,3099,3251,3067,3196,3011,2892,,
BPE,BPE0331,POCO,twf_12,Wind,Wind,2026-03-12,3042,3054,2152,2721,3269,3971,3907,2570,2564,2119,129,0,284,949,2845,2267,2075,1492,893,357,0,0,0,0,0,0,0,0,13,0,47,14,204,824,412,0,2375,3904,3804,2058,598,46,8,0,0,0,0,0,,
BPE,BPE0331,POCO,twf_12,Wind,Wind,2026-03-13,0,0,4,1,1,6,30,49,32,39,1,34,7,118,22,3,0,0,0,0,0,0,0,0,0,0,11,0,0,0,374,16,161,248,1430,3078,2419,1392,2448,3228,2161,1891,2315,2044,2723,2102,981,1410,,
BPE,BPE0331,POCO,twf_12,Wind,Wind,2026-03-14,3015,3965,5106,6056,6620,5628,5353,7531,9066,6737,6906,6411,7497,9000,7198,3682,479,278,1745,2573,2368,3998,3823,4725,5392,5938,5795,3859,3686,3283,2981,1853,1471,860,467,126,353,77,70,237,385,299,1645,3213,1479,315,301,406,,
BPE,BPE0331,POCO,twf_12,Wind,Wind,2026-03-15,73,34,0,0,0,0,23,169,72,302,483,389,394,140,95,55,36,30,39,96,72,171,114,131,147,11,5,5,0,0,0,0,0,0,0,0,0,0,0,107,644,2580,3158,3449,3517,2258,777,219,,
BPE,BPE0331,POCO,twf_12,Wind,Wind,2026-03-16,120,3,0,0,0,0,8,120,621,424,308,132,237,710,1132,2441,3821,435,0,0,0,0,0,0,7942,12868,11705,8636,7361,6941,7136,6859,6554,6897,7133,5695,4889,5218,4440,3029,3003,2717,1510,1609,1472,1474,2235,2349,,
BPE,BPE0331,POCO,twf_12,Wind,Wind,2026-03-17,2306,1800,1311,2594,2950,3959,4393,4133,3901,7176,7803,6588,5325,4063,2393,3043,2200,1175,357,248,160,231,8,0,0,0,0,0,0,0,0,0,0,0,1,7,25,718,1567,1452,1391,1115,159,26,0,1337,1294,395,,
BPE,BPE0331,POCO,twf_12,Wind,Wind,2026-03-18,739,1352,1184,742,878,760,1275,1956,2101,2419,3582,4183,3064,1650,2276,2729,3891,5726,5551,7336,8469,7724,7481,7482,7913,8857,9589,9274,9306,10419,9863,9599,8903,8492,8406,7722,5926,5361,3272,4958,5628,4884,2874,1872,762,59,9,0,,
BPE,BPE0331,POCO,twf_12,Wind,Wind,2026-03-19,0,1,1674,2364,3422,5129,7331,8046,8797,11033,11444,11774,12354,12908,13033,12566,11374,11303,12567,12352,12296,12469,12544,12186,12188,12136,13061,11984,11913,10994,10991,10490,9691,9205,10643,9611,9237,9602,9437,8004,7912,6333,5146,5324,5246,5151,3230,3269,,
BPE,BPE0331,POCO,twf_12,Wind,Wind,2026-03-20,3224,1933,2369,1433,1184,2808,2965,2438,2650,2838,1823,1790,2391,2310,2416,2155,1487,1059,1760,2057,1357,3040,2686,2167,1872,437,571,1075,1561,626,1242,1186,1524,1713,3025,3221,2003,3017,5200,6888,5477,5891,6606,7198,7530,5458,3550,2812,,
BPE,BPE0331,POCO,twf_12,Wind,Wind,2026-03-21,2006,1739,1275,1170,947,859,910,596,502,721,696,898,848,1323,3440,3443,3017,2194,837,87,0,49,239,198,560,266,236,341,180,5,0,0,0,0,0,0,0,0,0,0,38,238,1618,1798,2070,1430,1014,650,,
BPE,BPE0331,POCO,twf_12,Wind,Wind,2026-03-22,473,354,296,184,80,1,0,0,0,0,0,0,0,0,0,0,0,0,0,0,0,0,0,0,0,0,0,0,0,0,0,0,0,0,0,0,0,0,0,52,1116,1749,2394,3193,2848,3108,3667,3350,,
BPE,BPE0331,POCO,twf_12,Wind,Wind,2026-03-23,2886,2333,1575,1376,1601,1799,1876,1736,1636,1658,1533,942,691,907,932,1130,1436,2261,3055,3848,4271,4480,3981,3987,4245,3999,3274,3227,3955,4076,3990,3734,4015,4090,4065,4254,4876,4484,4775,4198,5100,4902,4580,3943,2854,1935,1746,1660,,
BPE,BPE0331,POCO,twf_12,Wind,Wind,2026-03-24,1507,1197,781,634,284,17,0,0,6,136,78,442,278,404,720,562,404,32,55,81,71,63,771,492,912,630,246,818,1407,1133,464,506,426,103,41,19,0,0,56,242,104,8,0,0,0,0,0,0,,
BPE,BPE0331,POCO,twf_12,Wind,Wind,2026-03-25,0,0,0,0,0,0,0,0,0,0,0,0,0,0,0,0,0,0,0,0,0,0,0,0,0,28,3,123,451,715,1675,2860,3026,2849,2506,4488,5184,6108,7437,5874,7350,6580,5461,4906,6173,5862,3526,3892,,
BPE,BPE0331,POCO,twf_12,Wind,Wind,2026-03-26,4753,5700,6849,6676,5441,5775,7250,6810,5453,6011,10140,10807,8679,8279,8760,9547,12232,12909,13191,12157,11855,9141,4564,8374,10253,10715,12638,11535,12362,10986,10089,10763,11981,12366,13399,12665,12834,12778,13401,13232,12691,12370,12491,13011,11981,11880,11997,9560,,
BPE,BPE0331,POCO,twf_12,Wind,Wind,2026-03-27,6419,6971,6554,6698,5563,6010,5423,6137,6373,6663,5547,4457,4979,4969,4710,4090,3785,3880,4766,5530,4665,5887,6695,6232,2721,2061,1438,935,616,194,4,52,26,0,0,0,0,120,1044,575,292,16,0,0,0,0,443,740,,
BPE,BPE0331,POCO,twf_12,Wind,Wind,2026-03-28,33,43,54,346,2178,1831,1440,1582,2183,2602,4555,5647,6927,5680,4034,3956,4178,3516,542,0,0,0,0,0,0,0,0,0,0,0,4755,11912,14119,14031,13140,11398,10327,6477,4753,7548,7870,7908,7225,6889,7414,7344,6509,5651,,
BPE,BPE0331,POCO,twf_12,Wind,Wind,2026-03-29,5231,5354,4200,3681,2512,2862,2495,3122,3550,2629,2506,1912,3537,4018,3514,3249,2082,1762,2469,2421,1403,681,196,83,508,529,2152,3797,4835,4234,3938,4878,3997,4478,3556,1777,518,709,855,1283,1485,1999,2308,4140,5520,3954,5139,6065,,
BPE,BPE0331,POCO,twf_12,Wind,Wind,2026-03-30,4333,1461,1568,637,587,283,412,220,1297,1986,1967,1332,1604,1595,2323,4771,4276,3547,2641,1145,1733,2775,3407,3886,3503,5053,6702,7950,7819,8432,6261,5243,6978,8241,9325,8979,10150,7491,7866,8118,10072,11757,13019,12201,11958,13803,12571,12066,,
BPE,BPE0331,POCO,twf_12,Wind,Wind,2026-03-31,12742,14019,14045,14020,13737,13687,13800,13792,13803,13785,13802,13729,13745,13801,12431,10675,10812,10739,8265,5440,2008,284,0,28,1,2782,4444,3544,6707,8447,8899,9931,8235,9156,8565,9310,9372,8089,8578,7619,7747,7079,7782,6714,5073,4228,3901,3449,,
BRB,BRB0331,MERI,ruakākā_energy_park,ELE,BAT,2026-03-01,4992,4989,4990,4992,4989,2500,1608,1748,0,0,2367,4988,4989,4989,4987,4989,5021,19,2963,0,0,0,0,0,352,0,256,316,4,2987,2564,4991,4989,4988,4988,7372,5237,8608,5009,4987,4991,5474,8984,2495,6,0,0,559,,
BRB,BRB0331,MERI,ruakākā_energy_park,ELE,BAT,2026-03-02,1371,0,0,0,0,0,0,0,0,4157,5003,1046,4293,6392,5889,4990,4990,4992,4987,4989,5237,4982,4988,111,0,0,0,0,0,0,1,4798,10046,9977,9075,9989,9981,9980,9982,10018,9479,55,0,0,0,0,0,1,,
BRB,BRB0331,MERI,ruakākā_energy_park,ELE,BAT,2026-03-03,0,0,0,0,0,5,0,0,0,22,0,1251,2380,852,8245,4553,1085,97,0,0,3349,1995,24,0,20,19,1,5,9,13,0,0,56,93,0,0,0,0,90,130,131,131,129,37,0,0,0,0,,
BRB,BRB0331,MERI,ruakākā_energy_park,ELE,BAT,2026-03-04,13,0,0,0,0,0,0,0,0,0,0,0,0,0,6550,19371,7845,1,0,0,0,9614,8141,6621,7954,7368,831,151,0,10,4332,5987,2504,95,0,9,0,0,236,0,247,0,28,483,32,814,6704,3177,,
BRB,BRB0331,MERI,ruakākā_energy_park,ELE,BAT,2026-03-05,668,0,0,0,0,0,0,0,0,937,5187,3286,3344,2011,6602,717,0,0,0,10,0,0,0,0,0,0,0,0,0,0,0,14,1093,18,0,4934,1692,0,0,34,9794,10703,9940,313,0,0,0,33,,
BRB,BRB0331,MERI,ruakākā_energy_park,ELE,BAT,2026-03-06,0,0,0,0,2,0,0,0,0,247,4968,3148,6942,8490,8330,29490,10912,5063,8369,0,0,35,1326,0,0,0,0,0,0,0,0,0,1342,601,4,15,3115,8618,9507,17694,10100,9983,10034,11974,396,0,8018,4475,,
BRB,BRB0331,MERI,ruakākā_energy_park,ELE,BAT,2026-03-07,1,0,0,0,914,2055,9927,55,0,9,0,169,7092,5229,30,2561,37,3680,114,0,0,0,1024,9272,2946,7974,5496,2079,0,0,0,0,10,0,0,0,0,0,72,77,277,351,352,348,298,0,1,0,,
BRB,BRB0331,MERI,ruakākā_energy_park,ELE,BAT,2026-03-08,1,0,0,0,0,0,0,0,0,252,3,0,1,0,0,0,3,0,9,0,0,0,9,0,0,0,0,0,0,0,0,4,4,1,0,0,2869,8485,9984,9978,21771,5340,91,1,0,0,2,0,,
BRB,BRB0331,MERI,ruakākā_energy_park,ELE,BAT,2026-03-09,6,0,24,25,0,3,1,0,0,0,0,1012,1677,90,73,49,28,16,12,9,7,21,13,27,0,0,7,1,0,0,0,0,0,0,0,11,0,0,0,0,0,0,45,5,0,0,2,0,,
BRB,BRB0331,MERI,ruakākā_energy_park,ELE,BAT,2026-03-10,0,0,0,24,60,8,13,0,0,0,82,11,7,0,1,0,0,0,388,39,0,984,35,0,0,0,13,0,0,0,0,0,9,1617,72,0,0,0,0,0,0,0,0,0,0,0,0,0,,
BRB,BRB0331,MERI,ruakākā_energy_park,ELE,BAT,2026-03-11,0,0,42,10,70,0,2,4,4,0,0,23,0,0,11,2964,11,668,0,482,0,2090,1454,0,4910,353,0,0,0,0,9,3,5,2,0,0,0,0,0,3,0,0,0,0,0,0,17,0,,
BRB,BRB0331,MERI,ruakākā_energy_park,ELE,BAT,2026-03-12,0,0,0,0,0,1,0,0,0,0,0,3363,5390,34,1229,4254,8451,10,0,0,3,0,0,10,0,0,0,0,3655,8306,2501,0,0,0,0,0,0,0,0,0,0,0,4,0,0,0,14,0,,
BRB,BRB0331,MERI,ruakākā_energy_park,ELE,BAT,2026-03-13,0,0,0,0,20,0,4,0,0,0,0,0,1493,3698,6969,27537,9357,36,0,0,0,0,0,4,0,691,3998,12,0,0,0,0,0,0,0,38,7560,37,0,9,0,9,50,39,1,0,33,33,,
BRB,BRB0331,MERI,ruakākā_energy_park,ELE,BAT,2026-03-14,93,30,41,8,90,23,0,0,0,25,0,0,0,0,4881,9983,10004,9984,9982,4385,191,0,6,0,0,0,0,0,7363,9980,28636,29904,28726,10586,9984,9961,6466,5,0,0,0,19,0,12,0,0,0,14,,
BRB,BRB0331,MERI,ruakākā_energy_park,ELE,BAT,2026-03-15,23,0,21,14,0,0,0,0,0,0,25,1,0,9,0,1,0,0,0,0,0,0,0,0,0,0,8,6,4,8,0,0,0,0,0,3594,2646,5665,9235,9983,8435,775,0,0,0,0,0,0,,
BRB,BRB0331,MERI,ruakākā_energy_park,ELE,BAT,2026-03-16,0,29,0,0,0,0,19,0,0,0,0,0,0,2646,18914,12646,3640,44,0,0,0,0,0,0,0,0,0,0,0,0,0,0,6,3841,495,6588,541,8984,7070,0,0,0,7,0,0,0,0,0,,
BRB,BRB0331,MERI,ruakākā_energy_park,ELE,BAT,2026-03-17,0,0,0,0,0,0,0,0,0,0,0,0,1539,5087,9937,10296,9252,66,0,0,0,0,4,0,9,3,14,21,0,0,0,254,90,0,22,320,38,523,718,9714,9980,9981,9983,9818,8361,9740,610,5,,
BRB,BRB0331,MERI,ruakākā_energy_park,ELE,BAT,2026-03-18,0,0,1,0,0,0,0,1,0,0,62,0,3,4,17,14,0,5,7,0,0,0,0,0,0,0,0,0,0,0,0,0,7,72,1622,403,7830,9980,8993,341,0,0,7,0,0,0,0,0,,
BRB,BRB0331,MERI,ruakākā_energy_park,ELE,BAT,2026-03-19,0,22,0,0,0,0,0,0,0,0,0,0,0,3196,11765,11709,1423,2843,3095,0,0,0,0,0,0,0,0,0,0,0,10,289,10,16,9,5253,9329,9980,14734,16318,17853,18116,18341,6678,62,0,0,0,,
BRB,BRB0331,MERI,ruakākā_energy_park,ELE,BAT,2026-03-20,3,0,0,0,0,7,0,1,0,1,3,3,12,0,0,25,0,0,0,0,0,11,0,636,0,70,2,0,14,13,1,4,4,2,1,0,10,1,6,0,6,1,2,0,0,1,52,1,,
BRB,BRB0331,MERI,ruakākā_energy_park,ELE,BAT,2026-03-21,0,1,302,0,2,0,0,0,0,0,0,0,0,4,4,14,120,4,0,2,1,0,0,0,0,0,9,0,0,0,2,19,4434,9278,6481,4171,6918,9979,9989,28449,16311,150,0,0,0,0,13,0,,
BRB,BRB0331,MERI,ruakākā_energy_park,ELE,BAT,2026-03-22,0,0,4,0,0,0,13,0,0,0,0,0,0,0,0,0,0,0,0,0,0,0,35,0,0,0,0,0,0,0,0,838,4391,5347,193,0,0,0,0,0,0,0,0,0,0,41,0,0,,
BRB,BRB0331,MERI,ruakākā_energy_park,ELE,BAT,2026-03-23,0,0,0,0,0,18,0,0,0,0,0,0,0,0,11467,4961,131,0,0,0,0,0,4,0,2,0,0,2280,10,0,6,0,12,0,0,26,1675,2987,26,8064,2972,0,408,0,0,0,2,0,,
BRB,BRB0331,MERI,ruakākā_energy_park,ELE,BAT,2026-03-24,0,0,0,0,2,0,3,0,14,7,0,0,0,2969,4983,22689,10338,206,0,7,117,543,4722,0,0,0,0,0,0,17,0,0,5660,9984,8146,9990,1703,0,53,7626,17,0,0,0,0,0,17,0,,
BRB,BRB0331,MERI,ruakākā_energy_park,ELE,BAT,2026-03-25,0,760,0,0,171,0,0,0,0,0,0,0,3193,2212,147,0,3397,0,7293,9978,2901,0,0,0,0,0,3680,0,1253,436,23603,1123,15,52,47,36,59,47,3,5,1,0,0,0,5,5137,2169,3264,,
BRB,BRB0331,MERI,ruakākā_energy_park,ELE,BAT,2026-03-26,54,3340,36,6,0,25,10,0,0,0,0,6,80,1568,207,13,0,0,1096,9329,287,0,0,2552,9025,9994,4636,911,9975,6398,74,0,0,0,0,0,0,0,0,0,0,0,0,12,36,8,0,0,,
BRB,BRB0331,MERI,ruakākā_energy_park,ELE,BAT,2026-03-27,0,0,0,20,0,0,0,0,0,0,7,4,3353,1274,6035,1460,1204,7,0,38,8353,183,0,0,0,9748,9977,24642,19368,5828,9959,9932,9929,9923,9663,4523,164,0,0,0,0,0,0,0,0,0,29,6,,
BRB,BRB0331,MERI,ruakākā_energy_park,ELE,BAT,2026-03-28,17,26,0,9,34,4,0,0,0,0,0,11,22,0,0,0,0,117,0,11,0,61,24,35,5,0,0,6,6,112,61,0,0,1835,2868,9935,501,0,65,0,0,9,4,0,0,0,18,0,,
BRB,BRB0331,MERI,ruakākā_energy_park,ELE,BAT,2026-03-29,0,0,0,0,0,9,0,14,2,0,0,1,0,0,0,8,2571,6209,14,0,0,0,3990,5185,9987,9999,8307,76,1080,63,1343,13593,6489,188,0,0,0,0,0,0,0,0,0,0,0,0,1,0,,
BRB,BRB0331,MERI,ruakākā_energy_park,ELE,BAT,2026-03-30,0,0,32,22,88,25,35,103,5,95,36,0,0,2188,148,45,30,31,17285,23035,29963,29947,15396,765,44,29,0,36,48,0,1606,12487,7037,78,3,0,0,0,0,0,0,0,0,12,1406,0,0,0,,
BRB,BRB0331,MERI,ruakākā_energy_park,ELE,BAT,2026-03-31,0,0,11,0,5,1,0,29,0,12,0,0,2930,7464,8489,28355,4048,0,4978,28707,5327,0,685,154,0,102,93,0,0,0,13,0,18,0,0,0,0,1671,3749,8847,5339,5101,9965,25715,9036,5,0,5,,
BRB,BRB0331,NPOW,ruakākā_energy_park,ELE,BAT,2026-03-01,0,0,0,0,0,0,0,0,0,0,0,0,0,0,0,0,0,0,0,0,0,0,0,0,0,0,0,0,0,0,0,0,0,0,0,0,0,0,0,0,0,0,0,0,0,0,0,0,,
BRB,BRB0331,NPOW,ruakākā_energy_park,ELE,BAT,2026-03-02,0,0,0,0,0,0,0,0,0,0,0,0,0,0,0,0,0,0,0,0,0,0,0,0,0,0,0,0,0,0,0,0,0,0,0,0,0,0,0,0,0,0,0,0,0,0,0,0,,
BRB,BRB0331,NPOW,ruakākā_energy_park,ELE,BAT,2026-03-03,0,0,0,0,0,0,0,0,0,0,0,0,0,0,0,0,0,0,0,0,0,0,0,0,0,0,0,0,0,0,0,0,0,0,0,0,0,0,0,0,0,0,0,0,0,0,0,0,,
BRB,BRB0331,NPOW,ruakākā_energy_park,ELE,BAT,2026-03-04,0,0,0,0,0,0,0,0,0,0,0,0,0,0,0,0,0,0,0,0,0,0,0,0,0,0,0,0,0,0,0,0,0,0,0,0,0,0,0,0,0,0,0,0,0,0,0,0,,
BRB,BRB0331,NPOW,ruakākā_energy_park,ELE,BAT,2026-03-05,0,0,0,0,0,0,0,0,0,0,0,0,0,0,0,0,0,0,0,0,0,0,0,0,0,0,0,0,0,0,0,0,0,0,0,0,0,0,0,0,0,0,0,0,0,0,0,0,,
BRB,BRB0331,NPOW,ruakākā_energy_park,ELE,BAT,2026-03-06,0,0,0,0,0,0,0,0,0,0,0,0,0,0,0,0,0,0,0,0,0,0,0,0,0,0,0,0,0,0,0,0,0,0,0,0,0,0,0,0,0,0,0,0,0,0,0,0,,
BRB,BRB0331,NPOW,ruakākā_energy_park,ELE,BAT,2026-03-07,0,0,0,0,0,0,0,0,0,0,0,0,0,0,0,0,0,0,0,0,0,0,0,0,0,0,0,0,0,0,0,0,0,0,0,0,0,0,0,0,0,0,0,0,0,0,0,0,,
BRB,BRB0331,NPOW,ruakākā_energy_park,ELE,BAT,2026-03-08,0,0,0,0,0,0,0,0,0,0,0,0,0,0,0,0,0,0,0,0,0,0,0,0,0,0,0,0,0,0,0,0,0,0,0,0,0,0,0,0,0,0,0,0,0,0,0,0,,
BRB,BRB0331,NPOW,ruakākā_energy_park,ELE,BAT,2026-03-09,0,0,0,0,0,0,0,0,0,0,0,0,0,0,0,0,0,0,0,0,0,0,0,0,0,0,0,0,0,0,0,0,0,0,0,0,0,0,0,0,0,0,0,0,0,0,0,0,,
BRB,BRB0331,NPOW,ruakākā_energy_park,ELE,BAT,2026-03-10,0,0,0,0,0,0,0,0,0,0,0,0,0,0,0,0,0,0,0,0,0,0,0,0,0,0,0,0,0,0,0,0,0,0,0,0,0,0,0,0,0,0,0,0,0,0,0,0,,
BRB,BRB0331,NPOW,ruakākā_energy_park,ELE,BAT,2026-03-11,0,0,0,0,0,0,0,0,0,0,0,0,0,0,0,0,0,0,0,0,0,0,0,0,0,0,0,0,0,0,0,0,0,0,0,0,0,0,0,0,0,0,0,0,0,0,0,0,,
BRB,BRB0331,NPOW,ruakākā_energy_park,ELE,BAT,2026-03-12,0,0,0,0,0,0,0,0,0,0,0,0,0,0,0,0,0,0,0,0,0,0,0,0,0,0,0,0,0,0,0,0,0,0,0,0,0,0,0,0,0,0,0,0,0,0,0,0,,
BRB,BRB0331,NPOW,ruakākā_energy_park,ELE,BAT,2026-03-13,0,0,0,0,0,0,0,0,0,0,0,0,0,0,0,0,0,0,0,0,0,0,0,0,0,0,0,0,0,0,0,0,0,0,0,0,0,0,0,0,0,0,0,0,0,0,0,0,,
BRB,BRB0331,NPOW,ruakākā_energy_park,ELE,BAT,2026-03-14,0,0,0,0,0,0,0,0,0,0,0,0,0,0,0,0,0,0,0,0,0,0,0,0,0,0,0,0,0,0,0,0,0,0,0,0,0,0,0,0,0,0,0,0,0,0,0,0,,
BRB,BRB0331,NPOW,ruakākā_energy_park,ELE,BAT,2026-03-15,0,0,0,0,0,0,0,0,0,0,0,0,0,0,0,0,0,0,0,0,0,0,0,0,0,0,0,0,0,0,0,0,0,0,0,0,0,0,0,0,0,0,0,0,0,0,0,0,,
BRB,BRB0331,NPOW,ruakākā_energy_park,ELE,BAT,2026-03-16,0,0,0,0,0,0,0,0,0,0,0,0,0,0,0,0,0,0,0,0,0,0,0,0,0,0,0,0,0,0,0,0,0,0,0,0,0,0,0,0,0,0,0,0,0,0,0,0,,
BRB,BRB0331,NPOW,ruakākā_energy_park,ELE,BAT,2026-03-17,0,0,0,0,0,0,0,0,0,0,0,0,0,0,0,0,0,0,0,0,0,0,0,0,0,0,0,0,0,0,0,0,0,0,0,0,0,0,0,0,0,0,0,0,0,0,0,0,,
BRB,BRB0331,NPOW,ruakākā_energy_park,ELE,BAT,2026-03-18,0,0,0,0,0,0,0,0,0,0,0,0,0,0,0,0,0,0,0,0,0,0,0,0,0,0,0,0,0,0,0,0,0,0,0,0,0,0,0,0,0,0,0,0,0,0,0,0,,
BRB,BRB0331,NPOW,ruakākā_energy_park,ELE,BAT,2026-03-19,0,0,0,0,0,0,0,0,0,0,0,0,0,0,0,0,0,0,0,0,0,0,0,0,0,0,0,0,0,0,0,0,0,0,0,0,0,0,0,0,0,0,0,0,0,0,0,0,,
BRB,BRB0331,NPOW,ruakākā_energy_park,ELE,BAT,2026-03-20,0,0,0,0,0,0,0,0,0,0,0,0,0,0,0,0,0,0,0,0,0,0,0,0,0,0,0,0,0,0,0,0,0,0,0,0,0,0,0,0,0,0,0,0,0,0,0,0,,
BRB,BRB0331,NPOW,ruakākā_energy_park,ELE,BAT,2026-03-21,0,0,0,0,0,0,0,0,0,0,0,0,0,0,0,0,0,0,0,0,0,0,0,0,0,0,0,0,0,0,0,0,0,0,0,0,0,0,0,0,0,0,0,0,0,0,0,0,,
BRB,BRB0331,NPOW,ruakākā_energy_park,ELE,BAT,2026-03-22,0,0,0,0,0,0,0,0,0,0,0,0,0,0,0,0,0,0,0,0,0,0,0,0,0,0,0,0,0,0,0,0,0,0,0,0,0,0,0,0,0,0,0,0,0,0,0,0,,
BRB,BRB0331,NPOW,ruakākā_energy_park,ELE,BAT,2026-03-23,0,0,0,0,0,0,0,0,0,0,0,0,0,0,0,0,0,0,0,0,0,0,0,0,0,0,0,0,0,0,0,0,0,0,0,0,0,0,0,0,0,0,0,0,0,0,0,0,,
BRB,BRB0331,NPOW,ruakākā_energy_park,ELE,BAT,2026-03-24,0,0,0,0,0,0,0,0,0,0,0,0,0,0,0,0,0,0,0,0,0,0,0,0,0,0,0,0,0,0,0,0,0,0,0,0,0,0,0,0,0,0,0,0,0,0,0,0,,
BRB,BRB0331,NPOW,ruakākā_energy_park,ELE,BAT,2026-03-25,0,0,0,0,0,0,0,0,0,0,0,0,0,0,0,0,0,0,0,0,0,0,0,0,0,0,0,0,0,0,0,0,0,0,0,0,0,0,0,0,0,0,0,0,0,0,0,0,,
BRB,BRB0331,NPOW,ruakākā_energy_park,ELE,BAT,2026-03-26,0,0,0,0,0,0,0,0,0,0,0,0,0,0,0,0,0,0,0,0,0,0,0,0,0,0,0,0,0,0,0,0,0,0,0,0,0,0,0,0,0,0,0,0,0,0,0,0,,
BRB,BRB0331,NPOW,ruakākā_energy_park,ELE,BAT,2026-03-27,0,0,0,0,0,0,0,0,0,0,0,0,0,0,0,0,0,0,0,0,0,0,0,0,0,0,0,0,0,0,0,0,0,0,0,0,0,0,0,0,0,0,0,0,0,0,0,0,,
BRB,BRB0331,NPOW,ruakākā_energy_park,ELE,BAT,2026-03-28,0,0,0,0,0,0,0,0,0,0,0,0,0,0,0,0,0,0,0,0,0,0,0,0,0,0,0,0,0,0,0,0,0,0,0,0,0,0,0,0,0,0,0,0,0,0,0,0,,
BRB,BRB0331,NPOW,ruakākā_energy_park,ELE,BAT,2026-03-29,0,0,0,0,0,0,0,0,0,0,0,0,0,0,0,0,0,0,0,0,0,0,0,0,0,0,0,0,0,0,0,0,0,0,0,0,0,0,0,0,0,0,0,0,0,0,0,0,,
BRB,BRB0331,NPOW,ruakākā_energy_park,ELE,BAT,2026-03-30,0,0,0,0,0,0,0,0,0,0,0,0,0,0,0,0,0,0,0,0,0,0,0,0,0,0,0,0,0,0,0,0,0,0,0,0,0,0,0,0,0,0,0,0,0,0,0,0,,
BRB,BRB0331,NPOW,ruakākā_energy_park,ELE,BAT,2026-03-31,0,0,0,0,0,0,0,0,0,0,0,0,0,0,0,0,0,0,0,0,0,0,0,0,0,0,0,0,0,0,0,0,0,0,0,0,0,0,0,0,0,0,0,0,0,0,0,0,,
BWK,BWK1101,CNIR,waipori,Hydro,Hydro,2026-03-01,27,27,27,27,26,26,27,27,27,27,25,24,23,22,24,25,26,33,34,34,34,35,35,35,35,35,34,34,34,33,34,34,34,34,34,33,33,34,33,32,32,32,33,32,31,32,32,31,,
BWK,BWK1101,CNIR,waipori,Hydro,Hydro,2026-03-02,32,31,31,30,32,30,29,32,31,32,32,32,192,65,56,30,31,30,33,1055,125,32,31,296,7332,9037,8559,8547,8745,8925,9481,9292,8742,8714,4493,8131,832,0,8016,10917,10729,11294,11687,20101,22304,18652,18176,12431,,
BWK,BWK1101,CNIR,waipori,Hydro,Hydro,2026-03-03,11989,22588,24748,23208,17888,21759,24822,4597,1,0,1196,21389,21947,20091,24620,25162,24648,18445,11069,10671,11795,10799,10164,9317,11375,11108,11314,11305,11311,11320,11323,11428,11217,10808,10531,11230,10917,11032,10906,10426,10539,10964,16505,10213,10980,10959,10935,10890,,
BWK,BWK1101,CNIR,waipori,Hydro,Hydro,2026-03-04,10606,10769,10930,10862,11151,11060,10959,10869,10810,10806,10814,10808,10162,16686,21223,23239,22680,17666,10692,10573,16254,12773,3290,375,52,33,33,33,33,33,1229,7558,18630,11691,11013,9746,11984,14937,21313,14397,18837,14346,12598,18125,10558,14986,20775,12172,,
BWK,BWK1101,CNIR,waipori,Hydro,Hydro,2026-03-05,10933,10800,10682,10690,10841,10979,10885,10985,10920,10944,10865,10863,13599,14200,18335,21019,19685,6540,416,5866,11070,10885,10756,11230,11261,11263,11249,11261,11245,12224,20332,23286,22726,22902,22860,22948,22930,22888,22994,23056,23133,23209,22926,22926,22941,22998,23030,23060,,
BWK,BWK1101,CNIR,waipori,Hydro,Hydro,2026-03-06,23087,4878,547,7668,364,33,33,33,33,33,33,33,1647,8935,7853,5457,5536,1568,17295,22834,23136,23249,23107,23093,23076,23075,23059,22962,22228,23079,23245,5006,59,35,22,0,0,0,0,0,0,0,0,0,0,0,233,2013,,
BWK,BWK1101,CNIR,waipori,Hydro,Hydro,2026-03-07,4154,4,0,0,0,0,0,0,0,0,0,0,0,0,0,0,0,0,0,0,0,24,4,0,0,0,0,0,0,0,0,0,0,0,0,15166,22654,23016,22866,22808,22800,22784,22795,22780,22060,1824,0,0,,
BWK,BWK1101,CNIR,waipori,Hydro,Hydro,2026-03-08,0,0,0,0,0,0,0,0,0,0,0,0,0,0,0,0,0,0,0,0,0,0,0,0,0,0,0,0,0,0,0,0,0,0,0,0,0,0,0,0,0,0,0,0,0,0,0,0,,
BWK,BWK1101,CNIR,waipori,Hydro,Hydro,2026-03-09,0,0,0,0,0,0,0,0,0,0,0,0,0,0,2759,2934,1588,1462,976,17725,22627,22588,23205,23338,23295,23252,23222,23205,23200,23178,23174,23175,23176,23180,23197,23195,23199,23198,23196,23189,23211,23203,23211,23207,23215,23190,23195,23184,,
BWK,BWK1101,CNIR,waipori,Hydro,Hydro,2026-03-10,4663,36,0,0,0,0,0,0,0,0,0,0,13977,22792,22772,22827,22890,22928,22962,5013,51,0,0,0,0,0,0,0,0,8,29,20,0,15720,23024,22998,23032,23069,23117,23158,23200,23232,23251,23254,23268,23271,23278,4669,,
BWK,BWK1101,CNIR,waipori,Hydro,Hydro,2026-03-11,28,0,0,0,0,0,0,0,0,0,0,0,1167,1493,19174,23271,23331,23119,23096,23121,23134,23156,23169,23172,23179,23209,23216,23220,23225,23230,23234,23234,23240,23248,23241,23244,23248,23253,23266,23295,23299,23299,23296,23289,23305,23296,23229,4286,,
BWK,BWK1101,CNIR,waipori,Hydro,Hydro,2026-03-12,28,0,0,0,0,0,0,0,0,0,0,0,1537,2190,20158,22729,22773,22807,22832,22855,22889,22903,22905,22939,22945,22955,22966,22980,23000,23004,23021,23022,23018,23029,23019,23032,23036,23045,23063,23070,23075,23082,23091,23084,23081,23090,23079,22599,,
BWK,BWK1101,CNIR,waipori,Hydro,Hydro,2026-03-13,3201,0,0,0,0,0,0,0,0,0,0,12,1490,2389,20274,22671,22645,22900,22988,23033,23043,23052,23048,23048,23035,23022,23025,23040,23044,23038,23037,23046,23044,23041,23034,23031,24551,24566,24522,24529,24532,24559,24578,24570,24578,24581,24576,24585,,
BWK,BWK1101,CNIR,waipori,Hydro,Hydro,2026-03-14,24582,24580,24587,24581,24583,4476,39,0,0,0,0,0,0,0,0,0,13860,24762,24718,24374,23632,23944,24009,23917,4104,0,0,0,0,0,0,0,0,120,19763,24146,24369,24587,24647,24661,24646,24554,24486,24432,24377,24339,24323,24313,,
BWK,BWK1101,CNIR,waipori,Hydro,Hydro,2026-03-15,4836,44,0,0,0,7190,9499,1198,0,0,0,0,0,0,72,15828,20694,20772,23766,24456,24271,24330,24323,24317,24310,24327,24346,24338,24347,24341,24352,24354,24353,24356,24358,24355,24361,24354,24355,24358,24359,24091,24293,24501,24548,24577,24593,24597,,
BWK,BWK1101,CNIR,waipori,Hydro,Hydro,2026-03-16,24602,24588,24601,24601,24605,24609,24628,23231,24265,24491,21937,22430,23210,23230,23438,24493,24401,24398,20096,23071,24242,19695,15577,10979,9943,16071,14941,21250,23665,22939,23712,22961,24455,24091,23576,24249,24570,24467,24469,24471,24489,24505,24333,24313,24421,24475,24428,24418,,
BWK,BWK1101,CNIR,waipori,Hydro,Hydro,2026-03-17,24647,24425,24379,24338,24329,24321,24321,24324,24317,24315,24315,22693,23801,24597,26126,24835,26939,24650,24139,24073,24010,23987,24171,24338,24430,24435,24482,24483,24482,24468,24470,24465,24468,24469,24482,25319,24829,24796,24773,27066,27109,27090,27085,26693,26348,27010,27089,25880,,
BWK,BWK1101,CNIR,waipori,Hydro,Hydro,2026-03-18,24381,24264,24208,24184,24149,24102,24081,24031,24025,24258,24352,25792,24997,26510,26852,26452,27080,24614,24483,24498,24439,24655,24789,24831,24780,24586,23910,24009,24073,22184,19811,22854,25109,26287,26453,26574,26696,27117,27161,27172,27154,27098,27074,26546,25668,26207,26763,24423,,
BWK,BWK1101,CNIR,waipori,Hydro,Hydro,2026-03-19,24227,24191,24152,24090,24101,24078,24037,24005,23978,24200,24267,24405,25590,26614,26724,25606,22377,21998,21029,20665,24252,23759,22798,18847,20800,17365,20902,19395,19760,13566,12776,24462,21736,18412,24201,21040,25508,26132,26934,27074,26925,27010,27120,27125,27134,27145,27149,27146,,
BWK,BWK1101,CNIR,waipori,Hydro,Hydro,2026-03-20,27150,27154,27157,27157,27163,24508,24145,24396,24448,24469,24449,24457,24024,24206,24570,24577,24574,18352,15965,17991,10549,11337,18192,22846,22807,23306,23172,23933,14274,11047,11435,11197,11413,22294,18104,18903,24397,24382,24455,24397,24509,22520,20782,13167,10846,10951,20154,19893,,
BWK,BWK1101,CNIR,waipori,Hydro,Hydro,2026-03-21,22478,24394,24387,24359,24434,24476,24507,24555,24589,24613,24622,24613,24299,4499,33,0,0,14805,23201,22656,20040,22841,24517,24543,24572,24590,24623,24639,24651,24667,24461,24368,24360,24361,24359,24360,5429,70,0,0,0,0,0,0,0,0,0,0,,
BWK,BWK1101,CNIR,waipori,Hydro,Hydro,2026-03-22,14655,24360,24310,24321,24328,24341,24367,24367,24386,24389,24377,4637,44,0,0,0,0,0,0,0,0,0,0,14459,24409,24478,24506,24531,24541,24556,24568,24570,24595,24609,24612,24622,24621,24625,24640,24639,24645,24644,24646,24643,24497,24423,12486,11022,,
BWK,BWK1101,CNIR,waipori,Hydro,Hydro,2026-03-23,16471,14147,22261,23559,22696,21178,20271,19196,16040,14287,15629,15227,18324,19210,21667,17249,24424,12626,11731,22635,24379,24511,24308,24333,24415,24491,24566,24636,24404,24394,24442,24469,24493,24534,24559,24567,24588,24596,24608,16529,12270,10876,11523,11038,11062,12636,11987,11044,,
BWK,BWK1101,CNIR,waipori,Hydro,Hydro,2026-03-24,10968,16545,15576,22261,24236,23902,23421,18673,15988,11519,15476,15167,18528,19966,16916,22613,24202,24444,24446,24523,24588,24301,15715,11255,22978,24343,24313,24310,24326,24342,14076,11277,18215,24049,23746,24644,24552,24579,24507,24381,24133,18891,23879,24340,19575,19841,15841,20249,,
BWK,BWK1101,CNIR,waipori,Hydro,Hydro,2026-03-25,17089,23859,24256,24695,26451,24834,23233,23420,22901,17502,15499,14473,19873,20256,24402,24328,24320,24306,26408,21834,21732,21947,21220,21009,24284,24436,24834,24476,24416,24459,26583,26972,27081,27097,24903,26863,25905,26025,25419,24924,15851,11315,12868,24492,25948,22172,22381,22913,,
BWK,BWK1101,CNIR,waipori,Hydro,Hydro,2026-03-26,20068,22670,18199,11076,11149,2198,6,0,0,0,0,0,0,0,0,0,0,0,0,0,7772,10813,21437,24254,24544,24798,22940,22293,22451,20908,22199,23772,23658,23603,23568,23547,11659,11049,11360,11475,11468,11446,11072,11015,10978,11130,11690,11613,,
BWK,BWK1101,CNIR,waipori,Hydro,Hydro,2026-03-27,1484,0,0,0,0,0,0,0,0,0,0,0,0,0,0,0,0,0,0,0,0,0,0,5529,10633,10634,10812,11014,10957,10891,1514,0,0,0,0,0,0,0,0,0,0,274,18274,24067,4065,0,0,0,,
BWK,BWK1101,CNIR,waipori,Hydro,Hydro,2026-03-28,0,0,0,0,0,0,0,0,0,0,0,0,0,0,0,0,0,0,0,0,0,0,0,0,0,0,0,0,0,0,0,0,0,0,0,0,0,0,0,0,0,0,0,0,0,0,0,0,,
BWK,BWK1101,CNIR,waipori,Hydro,Hydro,2026-03-29,0,0,0,0,0,0,0,0,0,0,0,0,0,0,0,0,0,0,0,0,0,0,0,0,0,0,0,0,0,0,0,0,0,0,0,0,0,0,0,0,0,0,0,0,0,0,0,0,,
BWK,BWK1101,CNIR,waipori,Hydro,Hydro,2026-03-30,0,0,0,0,0,0,0,0,0,0,0,0,0,0,0,0,0,0,0,0,0,0,0,0,0,0,0,0,0,0,0,0,0,0,0,0,0,0,0,0,0,0,0,0,0,0,0,0,,
BWK,BWK1101,CNIR,waipori,Hydro,Hydro,2026-03-31,0,0,0,0,0,0,0,0,0,0,0,0,0,0,0,0,0,0,0,0,0,0,0,0,0,21,0,0,0,0,0,0,0,0,0,0,0,0,0,0,0,0,7292,21233,24126,24096,12402,6074,,
CML,CML0331,DUNE,roaring_meg,HYD,HYD,2026-03-01,0,0,0,0,0,0,0,0,0,0,0,0,0,0,0,0,0,0,0,0,0,0,0,0,0,0,0,0,0,0,0,0,0,0,0,0,0,0,0,0,0,0,0,0,0,0,0,0,,
CML,CML0331,DUNE,roaring_meg,HYD,HYD,2026-03-02,0,0,0,0,0,0,0,0,0,0,0,0,0,0,0,0,0,0,0,0,0,0,0,0,0,0,0,0,0,0,0,0,0,0,0,0,0,0,0,0,0,0,0,0,0,0,0,0,,
CML,CML0331,DUNE,roaring_meg,HYD,HYD,2026-03-03,0,0,0,0,0,0,0,0,0,0,0,0,0,0,0,0,0,0,0,0,0,0,0,0,0,0,0,0,0,0,0,0,0,0,0,0,0,0,0,0,0,0,0,0,0,0,0,0,,
CML,CML0331,DUNE,roaring_meg,HYD,HYD,2026-03-04,0,0,0,0,0,0,0,0,0,0,0,0,0,0,0,0,0,0,0,0,0,0,0,0,0,0,0,0,0,0,0,0,0,0,0,0,0,0,0,0,0,0,0,0,0,0,0,0,,
CML,CML0331,DUNE,roaring_meg,HYD,HYD,2026-03-05,0,0,0,0,0,0,0,0,0,0,0,0,0,0,0,0,0,0,0,0,0,0,0,0,0,0,0,0,0,0,0,0,0,0,0,0,0,0,0,0,0,0,0,0,0,0,0,0,,
CML,CML0331,DUNE,roaring_meg,HYD,HYD,2026-03-06,0,0,0,0,0,0,0,0,0,0,0,0,0,0,0,0,0,0,0,0,0,0,0,0,0,0,0,0,0,0,0,0,0,0,0,0,0,0,0,0,0,0,0,0,0,0,0,0,,
CML,CML0331,DUNE,roaring_meg,HYD,HYD,2026-03-07,0,0,0,0,0,0,0,0,0,0,0,0,0,0,0,0,0,0,0,0,0,0,0,0,0,0,0,0,0,0,0,0,0,0,0,0,0,0,0,0,0,0,0,0,0,0,0,0,,
CML,CML0331,DUNE,roaring_meg,HYD,HYD,2026-03-08,0,0,0,0,0,0,0,0,0,0,0,0,0,0,0,0,0,0,0,0,0,0,0,0,0,0,0,0,0,0,0,0,0,0,0,0,0,0,0,0,0,0,0,0,0,0,0,0,,
CML,CML0331,DUNE,roaring_meg,HYD,HYD,2026-03-09,0,0,0,0,0,0,0,0,0,0,0,0,0,0,0,0,0,0,0,0,0,0,0,0,0,0,0,0,0,0,0,0,0,0,0,0,0,0,0,0,0,0,0,0,0,0,0,0,,
CML,CML0331,DUNE,roaring_meg,HYD,HYD,2026-03-10,0,0,0,0,0,0,0,0,0,0,0,0,0,0,0,0,0,0,0,0,0,0,0,0,0,0,0,0,0,0,0,0,0,0,0,0,0,0,0,0,0,0,0,0,0,0,0,0,,
CML,CML0331,DUNE,roaring_meg,HYD,HYD,2026-03-11,0,0,0,0,0,0,0,0,0,0,0,0,0,0,0,0,0,0,0,0,0,0,0,0,0,0,0,0,0,0,0,0,0,0,0,0,0,0,0,0,0,0,0,0,0,0,0,0,,
CML,CML0331,DUNE,roaring_meg,HYD,HYD,2026-03-12,0,0,0,0,0,0,0,0,0,0,0,0,0,0,0,0,0,0,0,0,0,0,0,0,0,0,0,0,0,0,0,0,0,0,0,0,0,0,0,0,0,0,0,0,0,0,0,0,,
CML,CML0331,DUNE,roaring_meg,HYD,HYD,2026-03-13,0,0,0,0,0,0,0,0,0,0,0,0,0,0,0,0,0,0,0,0,0,0,0,0,0,0,0,0,0,0,0,0,0,0,0,0,0,0,0,0,0,0,0,0,0,0,0,0,,
CML,CML0331,DUNE,roaring_meg,HYD,HYD,2026-03-14,0,0,0,0,0,0,0,0,0,0,0,0,0,0,0,0,0,0,0,0,0,0,0,0,0,0,0,0,0,0,0,0,0,0,0,0,0,0,0,0,0,0,0,0,0,0,0,0,,
CML,CML0331,DUNE,roaring_meg,HYD,HYD,2026-03-15,0,0,0,0,0,0,0,0,0,0,0,0,0,0,0,0,0,0,0,0,0,0,0,0,0,0,0,0,0,0,0,0,0,0,0,0,0,0,0,0,0,0,0,0,0,0,0,0,,
CML,CML0331,DUNE,roaring_meg,HYD,HYD,2026-03-16,0,0,0,0,0,0,0,0,0,0,0,0,0,0,0,0,0,0,0,0,0,0,0,0,0,0,0,0,0,0,0,0,0,0,0,0,0,0,0,0,0,0,0,0,0,0,0,0,,
CML,CML0331,DUNE,roaring_meg,HYD,HYD,2026-03-17,0,0,0,0,0,0,0,0,0,0,0,0,0,0,0,0,0,0,0,0,0,0,0,0,0,0,0,0,0,0,0,0,0,0,0,0,0,0,0,0,0,0,0,0,0,0,0,0,,
CML,CML0331,DUNE,roaring_meg,HYD,HYD,2026-03-18,0,0,0,0,0,0,0,0,0,0,0,0,0,0,0,0,0,0,0,0,0,0,0,0,0,0,0,0,0,0,0,0,0,0,0,0,0,0,0,0,0,0,0,0,0,0,0,0,,
CML,CML0331,DUNE,roaring_meg,HYD,HYD,2026-03-19,0,0,0,0,0,0,0,0,0,0,0,0,0,0,0,0,0,0,0,0,0,0,0,0,0,0,0,0,0,0,0,0,0,0,0,0,0,0,0,0,0,0,0,0,0,0,0,0,,
CML,CML0331,DUNE,roaring_meg,HYD,HYD,2026-03-20,0,0,0,0,0,0,0,0,0,0,0,0,0,0,0,0,0,0,0,0,0,0,0,0,0,0,0,0,0,0,0,0,0,0,0,0,0,0,0,0,0,0,0,0,0,0,0,0,,
CML,CML0331,DUNE,roaring_meg,HYD,HYD,2026-03-21,0,0,0,0,0,0,0,0,0,0,0,0,0,0,0,0,0,0,0,0,0,0,0,0,0,0,0,0,0,0,0,0,0,0,0,0,0,0,0,0,0,0,0,0,0,0,0,0,,
CML,CML0331,DUNE,roaring_meg,HYD,HYD,2026-03-22,0,0,0,0,0,0,0,0,0,0,0,0,0,0,0,0,0,0,0,0,0,0,0,0,0,0,0,0,0,0,0,0,0,0,0,0,0,0,0,0,0,0,0,0,0,0,0,0,,
CML,CML0331,DUNE,roaring_meg,HYD,HYD,2026-03-23,0,0,0,0,0,0,0,0,0,0,0,0,0,0,0,0,0,0,0,0,0,0,0,0,0,0,0,0,0,0,0,0,0,0,0,0,0,0,0,0,0,0,0,0,0,0,0,0,,
CML,CML0331,DUNE,roaring_meg,HYD,HYD,2026-03-24,0,0,0,0,0,0,0,0,0,0,0,0,0,0,0,0,0,0,0,0,0,0,0,0,0,0,0,0,0,0,0,0,0,0,0,0,0,0,0,0,0,0,0,0,0,0,0,0,,
CML,CML0331,DUNE,roaring_meg,HYD,HYD,2026-03-25,0,0,0,0,0,0,0,0,0,0,0,0,0,0,0,0,0,0,0,0,0,0,0,0,0,0,0,0,0,0,0,0,0,0,0,0,0,0,0,0,0,0,0,0,0,0,0,0,,
CML,CML0331,DUNE,roaring_meg,HYD,HYD,2026-03-26,0,0,0,0,0,0,0,0,0,0,0,0,0,0,0,0,0,0,0,0,0,0,0,0,0,0,0,0,0,0,0,0,0,0,0,0,0,0,0,0,0,0,0,0,0,0,0,0,,
CML,CML0331,DUNE,roaring_meg,HYD,HYD,2026-03-27,0,0,0,0,0,0,0,0,0,0,0,0,0,0,0,0,0,0,0,0,0,0,0,0,0,0,0,0,0,0,0,0,0,0,0,0,0,0,0,0,0,0,0,0,0,0,0,0,,
CML,CML0331,DUNE,roaring_meg,HYD,HYD,2026-03-28,0,0,0,0,0,0,0,0,0,0,0,0,0,0,0,0,0,0,0,0,0,0,0,0,0,0,0,0,0,0,0,0,0,0,0,0,0,0,0,0,0,0,0,0,0,0,0,0,,
CML,CML0331,DUNE,roaring_meg,HYD,HYD,2026-03-29,0,0,0,0,0,0,0,0,0,0,0,0,0,0,0,0,0,0,0,0,0,0,0,0,0,0,0,0,0,0,0,0,0,0,0,0,0,0,0,0,0,0,0,0,0,0,0,0,,
CML,CML0331,DUNE,roaring_meg,HYD,HYD,2026-03-30,0,0,0,0,0,0,0,0,0,0,0,0,0,0,0,0,0,0,0,0,0,0,0,0,0,0,0,0,0,0,0,0,0,0,0,0,0,0,0,0,0,0,0,0,0,0,0,0,,
CML,CML0331,DUNE,roaring_meg,HYD,HYD,2026-03-31,0,0,0,0,0,0,0,0,0,0,0,0,0,0,0,0,0,0,0,0,0,0,0,0,0,0,0,0,0,0,0,0,0,0,0,0,0,0,0,0,0,0,0,0,0,0,0,0,,
COL,COL0661,CNIR,coleridge,Hydro,Hydro,2026-03-01,15000,15006,14991,15001,15004,15004,15002,15003,14999,15003,15006,14989,15006,14993,15004,15004,14227,3670,0,0,0,0,0,0,0,0,0,0,0,0,0,0,0,0,0,0,0,0,0,0,0,10533,15023,15013,14973,15087,15061,15017,,
COL,COL0661,CNIR,coleridge,Hydro,Hydro,2026-03-02,14997,6905,133,0,8943,15006,15006,15009,15016,15007,15011,15040,15050,14954,14982,15012,14968,15019,15022,15034,15037,15030,14999,15009,14990,15003,15014,15011,15027,15017,15028,14996,15012,14999,15019,14989,15028,15004,15016,15006,15014,15007,15023,15033,15005,15014,15016,15029,,
COL,COL0661,CNIR,coleridge,Hydro,Hydro,2026-03-03,15023,15013,15021,15010,15001,15032,15004,15001,15002,15022,15010,15013,15103,15017,15001,14989,14975,14987,15010,15015,15005,15023,14989,15032,15018,15004,15013,14992,15018,15004,15027,14972,15016,14987,15018,14996,15006,15010,15013,14991,15000,15009,14997,15009,15019,15018,15022,15024,,
COL,COL0661,CNIR,coleridge,Hydro,Hydro,2026-03-04,15013,15005,15013,15013,15021,15014,15016,15014,15007,15000,15016,15006,15043,15024,15010,13634,13502,13514,13514,13525,13513,13505,13511,13514,13499,13493,13505,13506,13503,13508,13504,13498,12256,13335,13029,13612,13617,13608,13614,13611,13612,13612,13625,13616,13622,13617,13630,13621,,
COL,COL0661,CNIR,coleridge,Hydro,Hydro,2026-03-05,13624,13615,13621,13622,13618,13624,13611,13621,13614,13615,13621,13608,13625,13626,13618,13627,13616,13602,13626,13650,13624,13617,13613,13617,13604,13620,13611,13625,13612,13618,13596,13740,13649,13546,13498,15032,14992,14997,15003,14984,15000,15009,15023,15010,14991,15029,15025,15015,,
COL,COL0661,CNIR,coleridge,Hydro,Hydro,2026-03-06,15012,15005,15004,15004,15003,15004,15005,15011,15011,15003,15010,15006,15033,14978,15032,14980,15015,15025,15036,15017,15006,15009,14999,15023,15002,15007,14994,14998,15002,15003,15014,15016,15004,14998,15001,15010,14995,15013,15008,14998,15007,15004,15009,14995,15003,15006,15010,15009,,
COL,COL0661,CNIR,coleridge,Hydro,Hydro,2026-03-07,15006,15000,15004,15005,15010,9551,8558,8555,8560,8568,8575,8553,8550,8537,8556,8535,14937,15010,15009,15013,15009,15007,15003,15010,15010,14996,15006,15007,15005,15002,14995,15001,15006,14996,14999,14994,14996,14986,14995,14990,14989,14989,14992,13840,11240,7907,13674,13998,,
COL,COL0661,CNIR,coleridge,Hydro,Hydro,2026-03-08,11680,5082,4995,4990,4983,4985,4983,4988,4987,4983,4986,4985,4984,4988,4983,4986,4989,4978,4988,4985,4985,4989,4985,4988,4986,4979,4987,4987,4991,4981,4987,4995,4986,5004,4983,4990,4983,4986,4993,4988,4992,4991,4995,3756,3127,3009,3012,3010,,
COL,COL0661,CNIR,coleridge,Hydro,Hydro,2026-03-09,3012,3014,3012,3014,3011,3012,3014,3015,3013,3013,3009,3007,4809,5881,13938,14971,14991,15007,15002,15004,14996,15001,15003,15008,14997,14994,15000,15008,15019,15002,14998,14997,15000,15005,15014,15000,15007,15011,15000,15000,15008,15001,15029,15014,15020,15001,15011,15009,,
COL,COL0661,CNIR,coleridge,Hydro,Hydro,2026-03-10,15016,15009,15005,15006,15022,15016,15009,15010,15009,15002,15019,15002,15063,14988,15013,14994,14998,15005,14981,15008,15024,15015,15016,14996,14995,15004,15001,15005,15006,14994,15003,15002,15012,15024,14961,14991,15000,15007,14996,15007,15002,15003,15021,15003,15016,15008,15011,15006,,
COL,COL0661,CNIR,coleridge,Hydro,Hydro,2026-03-11,15005,15008,15009,15007,15011,15002,15010,15004,15000,14998,15030,15004,15049,14986,15032,14997,15006,15012,14996,15012,13295,13505,13506,13495,13414,13511,13504,14975,15018,14998,15008,14999,14996,15012,15004,15000,14997,14992,14994,15002,14998,15002,15009,14992,15019,14995,15004,15002,,
COL,COL0661,CNIR,coleridge,Hydro,Hydro,2026-03-12,15022,14995,15006,14999,14989,14984,15003,15016,15011,15014,14996,15002,15004,15008,15002,15000,15001,15008,14998,15001,14997,14995,15006,15000,15002,14997,14995,15016,14999,14995,14998,15008,14999,15013,14984,14995,14998,15010,15006,15003,15002,15007,15006,15003,15008,15010,15014,15006,,
COL,COL0661,CNIR,coleridge,Hydro,Hydro,2026-03-13,15002,15008,15009,15013,15007,15004,15005,15022,15011,15004,15017,15015,15016,14999,15001,14989,14997,15006,15002,15001,14996,15008,15000,15002,15004,14997,14995,15004,15006,15004,15004,15006,14997,14990,15000,15009,15012,15000,15007,15009,15000,15004,15019,15000,15013,15009,15007,15005,,
COL,COL0661,CNIR,coleridge,Hydro,Hydro,2026-03-14,15007,14997,15006,15002,15015,14996,15004,15003,15029,15010,15000,15004,14991,14994,15018,14993,15029,14993,15008,15026,15010,15032,15007,15035,15001,15016,15012,15011,15005,15002,15000,15007,15002,15018,15021,14999,15004,14998,15003,15013,15001,15006,15014,14999,15003,15000,15007,15005,,
COL,COL0661,CNIR,coleridge,Hydro,Hydro,2026-03-15,15016,14991,15003,14998,15002,15002,15004,15000,14996,14999,15010,15007,15002,15010,15000,15017,15004,15010,15002,15013,15009,15009,15002,15010,14999,14999,15008,14993,14999,15014,15004,15000,15005,15001,15010,15004,15004,14997,15006,15008,15006,15008,15019,15009,15009,15009,15013,15005,,
COL,COL0661,CNIR,coleridge,Hydro,Hydro,2026-03-16,15005,15000,15007,15003,15000,14996,15006,15001,15008,15003,15014,15010,15004,15010,15001,14992,15002,15005,15000,15005,14999,14998,15003,14999,15001,15010,14988,14988,15002,14990,15009,14993,15004,15035,15019,14988,14985,14982,14995,15008,14996,15012,15021,15004,15007,15002,15011,15022,,
COL,COL0661,CNIR,coleridge,Hydro,Hydro,2026-03-17,15004,15001,15006,15000,15002,15007,15007,15007,15001,15005,15006,15007,14995,15020,14998,14995,14992,15001,15010,14995,14990,15000,15003,14999,15001,15001,15000,15004,15001,14997,14998,15009,14991,14991,15004,15006,14985,14999,15007,14991,14999,15003,15006,14996,15011,14990,15009,15011,,
COL,COL0661,CNIR,coleridge,Hydro,Hydro,2026-03-18,15010,15004,15000,14993,15004,14995,15002,14993,14993,14993,15004,14993,15035,15009,14991,14981,14998,14999,15001,15012,14988,15011,15005,14988,14992,14986,14990,15001,14994,14993,14996,14990,14999,14989,14990,14999,15002,14997,15004,14988,15001,15001,15014,14723,13821,14531,14957,15004,,
COL,COL0661,CNIR,coleridge,Hydro,Hydro,2026-03-19,15007,15011,15012,14994,15007,15001,14998,15007,15006,15003,14999,14997,15012,15007,15046,14970,14994,14999,15009,14990,15002,15007,15008,14995,15001,12667,12148,14323,14994,14606,15018,14977,14993,15009,15013,15011,14993,15003,15001,15003,15001,15002,15015,15001,14999,15005,15011,15008,,
COL,COL0661,CNIR,coleridge,Hydro,Hydro,2026-03-20,15031,15010,15009,15003,15010,14999,15008,15005,15007,15003,14993,14995,15007,14993,15032,14994,15004,14999,15003,15009,15013,15030,14991,14968,14991,15051,15003,14988,15018,15004,15008,14984,14980,15008,15023,15020,15004,14997,15005,15003,15008,15012,15014,15005,15012,15013,15022,15010,,
COL,COL0661,CNIR,coleridge,Hydro,Hydro,2026-03-21,15014,15023,15024,14970,15032,15024,14973,14998,15004,15007,14999,15011,15011,15006,15014,15008,15009,15011,15005,15001,15011,15003,15002,15009,15000,14995,15007,15000,14998,15004,15007,14996,15001,15007,14999,15002,15005,15005,15004,15008,14997,15015,14667,14947,15011,15006,15022,14067,,
COL,COL0661,CNIR,coleridge,Hydro,Hydro,2026-03-22,14741,15003,15025,15011,15006,15008,15021,15003,15009,15014,15002,15005,14896,13887,12727,14497,15009,14697,13235,12277,14948,15024,14987,14991,15008,14994,14995,15001,15008,15007,15000,14997,15005,15014,15000,15002,15000,15007,15003,15001,15003,15002,15012,15004,15004,14996,11460,8864,,
COL,COL0661,CNIR,coleridge,Hydro,Hydro,2026-03-23,12476,10800,14747,14992,13601,13393,11787,11190,11156,11135,11663,12804,13912,14004,14991,14996,14993,15011,14631,10425,10349,8541,8577,8521,8532,11650,14826,12750,14840,14994,15030,13903,14971,14991,15009,15003,15003,15005,15009,15012,15014,15006,15008,15005,15010,15003,15012,15010,,
COL,COL0661,CNIR,coleridge,Hydro,Hydro,2026-03-24,12723,14800,15008,15012,15006,15003,15000,15006,15018,15006,15007,15011,15016,15006,15016,15008,14978,14981,15032,15036,15034,14993,14994,15005,15016,15017,14991,15005,15005,14059,14918,14991,15001,14974,14971,14994,15015,15012,15007,15010,15002,15011,15010,15007,15012,15018,15028,15006,,
COL,COL0661,CNIR,coleridge,Hydro,Hydro,2026-03-25,15018,15044,15008,15009,15045,15007,15013,15010,15010,14999,15000,15006,15009,15031,9145,8993,8992,8991,8994,8995,8999,8997,8996,8991,8994,8992,8967,8997,9005,9074,8965,8976,12503,14969,15000,14992,14996,15001,15000,14998,15004,15004,15020,15001,15013,15008,15014,15011,,
COL,COL0661,CNIR,coleridge,Hydro,Hydro,2026-03-26,15009,14993,15005,15016,14998,15003,15014,15001,15002,14989,14995,14624,15012,15021,15005,15003,15003,15002,15002,14997,15004,15007,15014,14990,14999,15006,15003,14978,14997,15002,15019,14985,14986,14995,14990,14995,15006,15003,15005,15010,14996,14991,15003,15008,15013,14995,14982,15019,,
COL,COL0661,CNIR,coleridge,Hydro,Hydro,2026-03-27,15036,15003,15004,15004,14993,14999,15007,15003,15024,15009,14992,15025,15018,15030,14988,14999,15000,15001,15010,15009,14994,15002,14996,15006,15002,15008,14989,15000,14994,6662,0,0,0,0,0,0,0,0,6968,15002,15004,15012,15026,15002,14994,14988,15018,15007,,
COL,COL0661,CNIR,coleridge,Hydro,Hydro,2026-03-28,15021,15003,15004,15003,15022,15001,15003,15007,14997,15006,15009,15015,14667,14622,15002,14992,15011,15008,14993,15002,15002,15007,15005,15025,14995,15018,15004,14996,15000,15021,15002,15000,15003,14989,15017,15017,14998,15004,15005,15001,14999,15011,15005,15000,15002,15002,15014,15016,,
COL,COL0661,CNIR,coleridge,Hydro,Hydro,2026-03-29,15009,15002,15010,15000,14909,14976,15048,15061,15011,14992,15009,15029,14834,15003,14987,15013,15005,15003,15011,15008,15003,15010,15004,15004,15011,15017,15010,15009,15005,15011,15003,15000,15003,15006,15022,14983,14999,15001,14985,14989,15008,15008,15021,14990,15083,14993,14999,15027,,
COL,COL0661,CNIR,coleridge,Hydro,Hydro,2026-03-30,15009,15007,15003,15004,14995,15009,15038,14984,14997,15009,15017,14993,14962,14995,15064,14995,14983,15009,15016,14976,15006,15005,14998,15009,14989,14964,15021,14998,15006,15002,15023,14951,14956,15036,15005,14988,15004,14994,14999,14997,14998,14991,15017,14994,14985,15011,15001,14994,,
COL,COL0661,CNIR,coleridge,Hydro,Hydro,2026-03-31,15005,15010,14997,14994,14995,14989,14985,15000,14994,15001,14987,15010,15002,14978,15036,14956,14995,15008,15006,14968,14989,14996,14989,14982,14988,14994,14997,14988,14990,14994,15000,14999,14993,14984,14995,14981,14996,14989,14983,14981,14999,14998,15019,14991,15002,14999,15000,15003,,
CYD,CYD0331,DUNE,teviot,Hydro,Hydro,2026-03-01,0,0,0,5,235,287,371,300,244,188,48,33,0,0,0,0,0,0,0,0,0,0,0,0,0,0,22,81,269,195,412,69,0,0,0,0,0,0,0,0,0,0,0,0,0,115,1025,1756,,
CYD,CYD0331,DUNE,teviot,Hydro,Hydro,2026-03-02,1550,1560,1656,1894,2234,2343,2282,2148,2043,2005,1561,1223,834,526,86,0,0,0,0,0,106,278,507,798,740,253,147,168,324,289,166,232,112,74,6,0,0,0,0,0,0,0,0,0,344,699,1070,1306,,
CYD,CYD0331,DUNE,teviot,Hydro,Hydro,2026-03-03,1166,1399,1610,1713,2131,2235,2176,1901,1599,1493,1171,737,202,5,0,0,0,0,1,181,608,946,1474,1656,1855,1950,2016,2016,1985,1710,1626,1288,1072,810,290,36,0,0,0,0,0,0,0,0,11,243,513,619,,
CYD,CYD0331,DUNE,teviot,Hydro,Hydro,2026-03-04,938,1081,1187,1389,1539,1627,1670,1580,1411,1245,886,531,127,1,0,0,0,0,0,0,17,70,267,549,1056,1554,1969,394,47,121,0,318,306,63,0,0,0,0,0,0,0,0,0,0,0,111,411,538,,
CYD,CYD0331,DUNE,teviot,Hydro,Hydro,2026-03-05,984,1179,1274,1343,1426,1427,1395,1303,1299,1102,953,688,352,53,0,0,0,0,38,297,455,674,978,1321,1561,1567,1736,1587,1394,674,184,836,456,77,0,0,0,0,0,0,0,0,0,0,51,666,1339,1529,,
CYD,CYD0331,DUNE,teviot,Hydro,Hydro,2026-03-06,1797,1808,1815,1710,1638,1688,1766,1728,1728,1632,1272,676,114,16,0,0,0,0,0,0,0,166,408,443,325,452,591,394,604,608,404,207,74,1,0,0,0,0,0,0,0,0,0,0,0,0,0,0,,
CYD,CYD0331,DUNE,teviot,Hydro,Hydro,2026-03-07,0,0,0,0,0,0,0,0,0,0,0,0,0,0,0,0,0,0,0,0,0,0,0,0,0,0,0,0,0,0,0,0,0,0,0,0,0,0,0,0,0,0,0,0,0,0,0,0,,
CYD,CYD0331,DUNE,teviot,Hydro,Hydro,2026-03-08,0,0,0,0,0,0,0,0,0,0,0,0,0,0,0,0,0,0,0,0,0,0,0,0,0,0,0,0,0,0,0,0,0,0,0,0,0,0,0,0,0,0,0,0,0,0,0,0,,
CYD,CYD0331,DUNE,teviot,Hydro,Hydro,2026-03-09,0,0,0,0,0,0,0,0,0,0,0,0,0,0,0,0,0,0,29,228,249,329,286,416,1046,1557,1507,1998,1848,1761,1212,31,39,4,0,0,0,0,0,0,0,0,0,0,0,0,0,0,,
CYD,CYD0331,DUNE,teviot,Hydro,Hydro,2026-03-10,16,160,741,667,735,759,637,733,763,598,346,167,0,0,0,0,0,0,0,0,0,0,26,152,245,484,419,1866,2263,2204,1753,757,0,1,0,0,0,0,0,0,0,0,0,0,0,0,0,8,,
CYD,CYD0331,DUNE,teviot,Hydro,Hydro,2026-03-11,61,207,320,388,223,278,221,182,102,105,31,0,0,0,0,0,0,0,0,1,78,0,2,125,277,610,0,0,0,0,0,0,0,0,0,0,0,0,0,0,0,0,0,0,0,0,0,0,,
CYD,CYD0331,DUNE,teviot,Hydro,Hydro,2026-03-12,0,0,0,0,0,0,0,0,0,0,0,0,0,0,0,0,0,0,0,0,0,0,0,0,0,0,0,0,0,0,20,0,0,0,0,0,0,0,0,0,0,0,1,0,0,0,0,186,,
CYD,CYD0331,DUNE,teviot,Hydro,Hydro,2026-03-13,625,952,1335,1332,1042,758,927,1257,1131,863,622,472,73,0,0,0,0,0,0,0,0,116,1,0,746,4,1246,1571,1430,1438,1062,21,719,201,103,1,0,0,0,0,0,23,177,389,714,1054,1438,1698,,
CYD,CYD0331,DUNE,teviot,Hydro,Hydro,2026-03-14,1951,2094,2194,2314,2598,2673,2609,2587,2350,2358,2155,1987,1781,1561,1267,951,643,191,128,362,614,553,1163,663,1117,1738,1816,2618,2359,2818,2035,1427,1194,907,1055,638,271,102,71,6,0,45,16,62,148,439,309,648,,
CYD,CYD0331,DUNE,teviot,Hydro,Hydro,2026-03-15,698,413,1128,790,968,996,807,1401,662,1019,1092,764,1432,454,423,203,23,297,0,0,0,0,492,740,906,1136,1279,1285,1470,1561,1656,1560,1259,1097,620,217,0,0,0,0,0,0,3,113,363,966,1250,1488,,
CYD,CYD0331,DUNE,teviot,Hydro,Hydro,2026-03-16,1637,1592,1617,1704,1716,1747,1672,1616,1505,1365,1237,884,567,50,0,0,0,0,0,55,3,1,0,0,0,0,0,0,0,0,0,0,0,0,0,0,0,0,0,0,0,0,77,188,997,1625,1815,1963,,
CYD,CYD0331,DUNE,teviot,Hydro,Hydro,2026-03-17,2281,1812,981,876,214,580,207,0,131,340,131,735,80,579,106,533,72,547,708,793,552,425,541,850,888,1317,1559,1517,1420,1591,1416,327,273,261,0,0,0,0,3,738,872,383,173,583,678,659,124,448,,
CYD,CYD0331,DUNE,teviot,Hydro,Hydro,2026-03-18,1341,2166,2885,3577,3668,2932,2394,1884,1342,523,151,244,203,7,0,652,1530,2281,2741,2886,2527,1271,1287,1539,1667,1916,2448,2594,2814,2268,765,295,534,275,66,31,339,276,154,345,59,0,0,0,0,0,0,0,,
CYD,CYD0331,DUNE,teviot,Hydro,Hydro,2026-03-19,0,0,0,0,0,35,265,564,730,904,908,418,5,0,0,0,0,107,804,1289,1157,426,1387,1873,1365,726,900,1032,1050,1167,1096,950,656,1004,1031,565,212,52,21,17,0,11,61,279,705,1041,1282,1521,,
CYD,CYD0331,DUNE,teviot,Hydro,Hydro,2026-03-20,1906,2102,2192,2338,2342,2323,2329,2223,2127,1926,1676,1488,1135,692,547,682,473,71,0,22,230,214,553,834,1124,1295,1502,1756,1905,2020,2434,1941,1144,833,603,400,460,559,695,937,823,519,358,398,531,760,1190,1617,,
CYD,CYD0331,DUNE,teviot,Hydro,Hydro,2026-03-21,2119,2409,2571,2543,2493,2476,2502,2516,2464,2337,2125,2219,2337,2184,1864,1456,993,912,1091,1193,1479,1780,1982,2253,2402,2802,2974,3079,3027,2938,2734,2642,2407,1980,1503,1123,763,529,445,262,190,356,352,736,845,1162,1327,1567,,
CYD,CYD0331,DUNE,teviot,Hydro,Hydro,2026-03-22,1729,1886,2081,2351,2466,2478,2454,2459,2151,2058,1924,1854,1798,2095,1733,1363,1078,1210,1219,1138,1354,1725,1963,2126,2196,2681,3304,2779,2221,2028,1981,1668,1193,876,550,241,45,60,96,326,303,345,272,537,725,1072,1367,1626,,
CYD,CYD0331,DUNE,teviot,Hydro,Hydro,2026-03-23,1761,2050,2344,2718,2759,2804,2741,2608,2268,2071,2019,1991,1841,1853,1564,1389,870,513,342,207,252,321,172,0,0,0,48,110,273,292,211,67,384,603,154,0,0,0,0,0,0,0,0,0,16,172,389,579,,
CYD,CYD0331,DUNE,teviot,Hydro,Hydro,2026-03-24,846,1043,1270,1386,1469,1565,1626,1532,1425,1223,966,555,194,1,0,0,0,0,0,24,108,167,409,578,601,591,699,646,621,587,592,400,249,351,156,0,0,0,0,0,0,0,0,0,0,68,325,677,,
CYD,CYD0331,DUNE,teviot,Hydro,Hydro,2026-03-25,920,1028,1118,1160,1157,1337,1253,1353,1338,1301,1134,1077,886,439,11,0,0,0,0,0,2,81,288,175,551,684,575,918,871,0,0,0,0,0,0,280,0,0,0,0,0,0,0,0,0,0,0,0,,
CYD,CYD0331,DUNE,teviot,Hydro,Hydro,2026-03-26,0,0,0,0,0,0,0,0,0,0,0,0,0,0,0,0,0,0,0,0,0,0,0,0,0,0,0,0,19,0,0,0,0,0,0,0,0,0,0,0,0,0,0,0,0,0,0,0,,
CYD,CYD0331,DUNE,teviot,Hydro,Hydro,2026-03-27,0,2,145,198,126,183,201,223,156,4,0,0,0,0,0,0,0,0,0,0,0,0,0,0,0,17,30,39,0,0,10,79,33,431,266,95,82,59,330,344,323,167,0,24,0,0,0,18,,
CYD,CYD0331,DUNE,teviot,Hydro,Hydro,2026-03-28,1,20,565,689,715,748,704,785,535,390,133,110,12,0,0,0,0,0,0,0,0,0,0,0,0,0,0,0,0,0,7,5,0,0,1,1,0,0,0,0,0,0,151,543,750,864,1123,1376,,
CYD,CYD0331,DUNE,teviot,Hydro,Hydro,2026-03-29,1532,1681,1792,1824,2053,2139,2073,2176,2076,1888,2015,1956,1873,1783,1733,1488,1200,991,618,810,880,607,603,818,1354,1635,1534,1640,1364,1330,1339,1235,1003,985,492,2,0,0,0,12,227,226,0,0,45,285,508,653,,
CYD,CYD0331,DUNE,teviot,Hydro,Hydro,2026-03-30,472,669,793,493,0,31,84,86,15,2,0,0,0,0,0,0,0,0,0,0,0,0,0,0,0,0,8,122,293,388,274,51,0,0,0,0,0,0,0,0,0,0,0,0,0,0,0,0,,
CYD,CYD0331,DUNE,teviot,Hydro,Hydro,2026-03-31,0,6,6,0,0,0,0,3,0,0,0,0,0,0,0,0,0,0,0,0,0,0,0,139,282,308,728,995,693,188,0,0,0,0,0,0,0,0,0,0,0,0,0,0,0,0,0,0,,
CYD,CYD2201,CTCT,clyde,Hydro,Hydro,2026-03-01,51527,51536,51291,51560,51533,51571,51501,51566,51443,51549,51536,51364,51631,51398,51548,51496,97930,102903,102610,103273,102893,103104,92502,53441,51517,51513,51381,51555,51656,51330,51514,51528,51468,51357,51543,99725,102838,102354,102943,102891,103063,102841,103129,102943,102190,53824,51246,51503,,
CYD,CYD2201,CTCT,clyde,Hydro,Hydro,2026-03-02,51439,51374,51387,2049,49269,51476,51491,51521,51651,51350,51410,51772,97015,91365,135055,150732,153025,154332,104494,103390,102942,102404,103012,102931,102545,102927,101439,49306,48668,48481,48615,48153,50584,51409,51403,50965,97860,102568,103026,102995,149677,154454,154800,162132,107294,54220,51873,51965,,
CYD,CYD2201,CTCT,clyde,Hydro,Hydro,2026-03-03,51486,51407,51620,51487,51527,1456,0,0,0,46150,51460,51895,52317,98478,110570,168189,161560,154379,154554,104801,102806,103045,102379,103317,52975,51445,51569,51215,51573,51265,51702,51039,51492,51213,51564,97365,102964,102370,99957,99906,139154,145291,156083,151502,151643,96917,95190,47894,,
CYD,CYD2201,CTCT,clyde,Hydro,Hydro,2026-03-04,48786,46552,46539,46443,889,0,0,0,0,0,48234,51493,51217,51296,102182,164333,167640,160213,159403,104533,104262,103531,103185,102996,102819,102644,52799,51541,51493,51539,51543,51479,51444,51539,51538,97331,102970,103023,104745,102815,103042,103025,103062,104570,103061,52897,53643,54022,,
CYD,CYD2201,CTCT,clyde,Hydro,Hydro,2026-03-05,54033,53582,52816,51807,51475,51579,51489,51534,51553,51503,52739,52361,52089,52003,100979,158768,156280,154091,154771,104720,105006,104135,99544,94312,101075,102992,102671,100135,99716,102601,102706,103052,104130,103164,103211,106085,104968,102707,103171,102631,103135,107213,108150,106218,102429,100995,55495,52743,,
CYD,CYD2201,CTCT,clyde,Hydro,Hydro,2026-03-06,51557,51471,51519,1439,0,0,0,0,0,0,45111,49193,49759,51787,98550,102247,103151,103155,51894,49500,47176,46512,46475,51489,51424,51570,51481,47517,47453,47575,48312,51847,51762,52494,52541,52540,52462,99317,102918,102876,103042,102936,109625,109702,103064,100009,52779,51551,,
CYD,CYD2201,CTCT,clyde,Hydro,Hydro,2026-03-07,51505,51504,51556,51537,1858,0,0,0,0,0,44627,51512,51547,51418,52136,52459,98938,104444,105014,105140,104844,105138,104925,105034,104961,53776,52562,52532,52552,52540,52459,52517,99075,103994,104053,103995,103959,103709,104091,104014,103907,103891,103927,104054,103730,103832,53484,52478,,
CYD,CYD2201,CTCT,clyde,Hydro,Hydro,2026-03-08,51459,51604,43556,42567,42447,42503,1440,0,0,0,39540,42621,42513,51455,51448,51509,89063,96302,103094,102923,102957,103071,103052,103075,99920,52495,51596,51575,51524,51289,51525,86949,102828,103201,102689,103137,102533,102937,103041,103033,103071,103025,103065,103075,102989,99612,53690,51635,,
CYD,CYD2201,CTCT,clyde,Hydro,Hydro,2026-03-09,51499,51445,2377,0,0,0,0,0,0,0,46876,51590,52484,98989,106645,146042,153727,145500,139516,105829,103051,102970,103078,103065,102984,102954,53112,51566,51592,52197,98888,102750,102752,102997,103138,102811,139692,154118,154589,139073,139047,138986,139348,104765,102993,102966,53156,51599,,
CYD,CYD2201,CTCT,clyde,Hydro,Hydro,2026-03-10,51529,51475,51515,51518,1547,0,0,0,0,0,45947,51517,51508,51658,100411,102885,102797,103065,102256,107744,106577,55013,52171,51445,51385,51528,53519,51242,51548,51405,97922,104665,103163,104447,102124,102836,103007,103013,102831,104435,104177,103142,103761,104508,103075,102937,54368,53083,,
CYD,CYD2201,CTCT,clyde,Hydro,Hydro,2026-03-11,53459,53522,1450,0,0,0,0,0,0,0,46191,52818,89633,107690,151200,155684,159080,153460,105161,102936,103035,102850,103103,102731,102570,103176,102867,103082,102920,104126,103412,103024,103017,103146,102947,102857,103005,102837,103037,103029,103247,103139,104333,104035,108039,56221,53947,54032,,
CYD,CYD2201,CTCT,clyde,Hydro,Hydro,2026-03-12,54200,53764,1368,0,0,0,0,0,0,0,50378,54001,53921,103210,102831,102996,104938,103099,102761,103148,102823,103049,102784,101037,98425,102932,99247,93806,102734,102609,103091,103067,102900,104820,106735,107912,102888,103135,102918,105533,107938,107998,109699,109103,108532,57333,53825,53165,,
CYD,CYD2201,CTCT,clyde,Hydro,Hydro,2026-03-13,53883,54100,53949,2334,0,0,0,0,0,0,46086,51466,52314,99357,107815,150879,159257,155928,154499,106767,103550,103095,103960,103381,108016,107268,55997,53956,53932,53916,98012,102980,103021,102853,102866,103089,102917,102965,103086,102970,102972,102923,103084,103005,103085,53505,52536,51485,,
CYD,CYD2201,CTCT,clyde,Hydro,Hydro,2026-03-14,51524,51351,952,0,0,0,0,0,0,0,47158,51426,51580,51457,51756,51148,96608,102879,102711,103233,102977,103406,102616,103133,92385,92607,92077,52152,51550,51417,51333,51268,51486,51597,51498,95205,103087,102977,102889,103202,102881,103021,103030,103049,98255,102494,52282,51540,,
CYD,CYD2201,CTCT,clyde,Hydro,Hydro,2026-03-15,52366,53454,53499,53530,53545,52420,51515,51605,51242,46574,46512,46530,47548,48033,48099,46607,54028,54034,54024,54051,53982,52791,52117,51533,51495,51481,51549,51494,51466,51539,51576,51448,51512,51557,95081,103081,147809,154682,154586,154916,154730,154570,154573,104355,103019,102923,56492,51741,,
CYD,CYD2201,CTCT,clyde,Hydro,Hydro,2026-03-16,51538,2119,0,0,0,0,0,0,0,0,45471,51591,48472,95592,145892,150307,150743,150602,149287,101250,99142,102207,99838,92825,94112,53040,49641,53222,53980,53952,53194,87101,92713,92360,103221,102455,102435,102263,102738,103039,102886,105067,136446,140040,103493,102792,103027,52960,,
CYD,CYD2201,CTCT,clyde,Hydro,Hydro,2026-03-17,52446,54745,55527,2212,0,0,0,0,0,0,0,47039,98189,108005,168387,164132,170716,159169,152380,109679,102671,103212,103184,102903,103021,103039,102992,103080,103005,103002,103169,102997,102829,102925,103795,107284,113753,115756,114891,115861,115887,115933,115999,115927,106564,58741,53297,50566,,
CYD,CYD2201,CTCT,clyde,Hydro,Hydro,2026-03-18,52323,54131,53960,53929,1880,0,0,0,0,0,34855,51874,97407,105356,105162,107505,108032,108022,107895,107777,107598,54450,51465,100147,103057,102867,103026,103174,102937,103065,103159,103007,103118,103040,102826,148000,159809,161983,162041,161533,161818,154754,159754,156969,105314,103798,103426,103046,,
CYD,CYD2201,CTCT,clyde,Hydro,Hydro,2026-03-19,53087,51516,1426,0,0,0,0,0,0,0,45942,51475,51494,51391,99421,149120,161643,161206,159225,158038,154540,104793,103139,102928,102832,102967,102998,102984,102962,102839,103226,102361,102952,103087,103060,103198,102701,102946,104122,149817,155264,157941,160440,154311,112161,103752,103044,52971,,
CYD,CYD2201,CTCT,clyde,Hydro,Hydro,2026-03-20,1888,0,0,0,0,0,0,0,0,0,0,46707,51588,97036,151159,153823,154592,154415,154268,154044,154964,154813,153874,153348,154354,106188,102781,102310,102976,102937,103103,102354,102391,102793,103465,149945,154481,154270,154413,154446,104070,103035,102838,103030,103075,102838,53360,51539,,
CYD,CYD2201,CTCT,clyde,Hydro,Hydro,2026-03-21,51539,51581,51322,2139,0,0,0,0,0,0,0,47061,51466,51370,51452,51539,99841,103019,103007,102957,103079,103009,103098,93643,92360,92644,52401,51540,51521,51453,51558,51470,51416,52324,97613,107841,108065,107933,108016,108084,107913,108089,152657,161894,109042,63443,51601,51419,,
CYD,CYD2201,CTCT,clyde,Hydro,Hydro,2026-03-22,54448,51471,51567,51509,1693,0,0,0,0,0,0,46289,51405,96818,102986,104864,107466,107197,104805,102919,55951,53032,53147,51277,51480,51527,51462,51525,51570,51515,51480,52400,52534,53678,99242,107141,108006,108012,149226,154585,154591,154536,154781,105963,103103,102983,103033,103119,,
CYD,CYD2201,CTCT,clyde,Hydro,Hydro,2026-03-23,53608,51559,1428,0,0,0,0,0,0,0,46716,51610,51423,99064,102880,152065,154159,154664,154446,105134,102737,102976,103245,102117,102773,102925,102774,56267,51608,51663,51538,51523,50957,51263,96721,102938,102904,102918,102990,103082,103032,102955,102971,103065,103146,102946,103052,103092,,
CYD,CYD2201,CTCT,clyde,Hydro,Hydro,2026-03-24,103099,53704,51533,1721,0,0,0,0,0,47717,51401,51565,51452,51542,98054,102678,102087,101875,103479,102751,103227,102426,149439,154593,105118,102948,102576,103099,150167,154997,148176,154041,144048,133946,134012,134733,104079,103054,102966,102989,103143,103078,102900,102952,102976,52959,51946,52592,,
CYD,CYD2201,CTCT,clyde,Hydro,Hydro,2026-03-25,51968,1341,0,0,0,0,0,0,0,0,45032,51520,52294,52619,100800,103145,102896,102961,106947,156550,158146,154346,156509,158369,109511,106768,104841,104756,103232,105247,105636,106652,108082,106976,104001,107463,109776,110904,109210,105500,104089,103241,103222,115356,60241,52678,52327,52716,,
CYD,CYD2201,CTCT,clyde,Hydro,Hydro,2026-03-26,51445,944,0,0,0,0,0,0,0,0,45946,50670,51439,51644,97003,102609,103248,104817,100662,99905,99371,98921,99200,98594,99048,108896,107876,104547,115635,103443,107542,107930,107746,107839,103409,106061,103228,102847,103780,106481,109366,103500,102919,103099,55332,52132,51459,51647,,
CYD,CYD2201,CTCT,clyde,Hydro,Hydro,2026-03-27,51533,51426,7491,0,0,0,0,0,0,0,45069,51314,52280,52301,99995,103078,102992,102898,103185,103350,102731,103201,102890,103016,103061,103122,102819,103061,103085,150106,154541,154387,157864,154658,155213,154462,155016,154161,154682,155392,154951,154552,154726,154634,154422,154014,104727,102948,,
CYD,CYD2201,CTCT,clyde,Hydro,Hydro,2026-03-28,103160,102930,102971,52782,51565,51483,51615,51541,51381,51537,51531,51535,86726,92720,92378,95834,99807,102761,104154,103779,103059,101272,98572,53161,51295,51504,51462,51514,51439,51691,51287,51495,51567,51468,51601,98555,103710,106992,106318,104643,102924,103165,102970,101377,83320,82991,83061,92173,,
CYD,CYD2201,CTCT,clyde,Hydro,Hydro,2026-03-29,98899,100644,53748,2523,0,0,0,0,0,0,0,42340,93758,102261,102783,101412,103064,102949,103186,102998,102929,103117,102848,104260,54980,54001,53957,52629,52689,51773,98105,105365,107717,114040,115881,108783,114828,107410,102339,102595,103124,102834,102983,102808,99154,99548,52774,51658,,
CYD,CYD2201,CTCT,clyde,Hydro,Hydro,2026-03-30,51414,51455,8249,0,0,0,0,0,0,0,46773,98171,101593,103074,148969,153766,154132,147847,106999,105953,108817,108594,106616,103065,103570,103115,103383,102686,101473,102894,102595,104694,101911,103056,102796,102917,103192,137175,139011,138945,139300,139031,139500,103886,53697,51604,51406,51509,,
CYD,CYD2201,CTCT,clyde,Hydro,Hydro,2026-03-31,48223,1222,0,0,0,0,0,0,0,0,46265,86692,99703,102483,151897,152901,154973,145656,106752,107053,104649,103056,110026,108473,103950,103045,105450,102073,100803,102793,103034,103025,102920,102917,102975,105269,154734,154492,154455,154266,154762,154576,170945,166919,114643,110024,113735,107143,,
EDG,EDG0331,HEDL,Rangitaiki,Solar,Solar,2026-03-01,0,0,0,0,0,0,0,0,0,0,0,0,0,0,436,1656,5290,7989,8774,11662,11714,11468,8653,11475,11196,10532,11252,11721,11666,11405,11574,5117,1982,2954,1951,2415,1732,1046,1441,107,0,0,0,0,0,0,0,0,,
EDG,EDG0331,HEDL,Rangitaiki,Solar,Solar,2026-03-02,0,0,0,0,0,0,0,0,0,0,0,0,0,0,0,0,0,0,0,0,0,0,0,0,0,0,0,0,0,0,0,0,0,0,0,0,0,0,0,0,0,0,0,0,0,0,0,0,,
EDG,EDG0331,HEDL,Rangitaiki,Solar,Solar,2026-03-03,0,0,0,0,0,0,0,0,0,0,0,0,0,0,0,0,0,0,0,0,0,0,0,0,0,0,0,0,0,0,0,0,0,0,0,0,0,0,0,0,0,0,0,0,0,0,0,0,,
EDG,EDG0331,HEDL,Rangitaiki,Solar,Solar,2026-03-04,0,0,0,0,0,0,0,0,0,0,0,0,0,0,0,0,0,0,0,0,0,0,0,0,0,0,0,0,0,0,0,0,0,0,0,1726,4533,2571,743,33,0,0,0,0,0,0,0,0,,
EDG,EDG0331,HEDL,Rangitaiki,Solar,Solar,2026-03-05,0,0,0,0,0,0,0,0,0,0,0,0,0,0,227,911,1499,2712,5129,5846,5852,5854,5854,5838,5576,3929,3742,4058,2305,3620,5114,4682,4991,5876,5811,6002,4378,2371,681,40,0,0,0,0,0,0,0,0,,
EDG,EDG0331,HEDL,Rangitaiki,Solar,Solar,2026-03-06,0,0,0,0,0,0,0,0,0,0,0,0,0,0,50,437,878,1225,1832,3184,6393,7850,6977,6396,5192,6550,7656,9749,9187,9567,9841,9838,9839,9836,9726,7853,5423,2864,810,39,0,0,0,0,0,0,0,0,,
EDG,EDG0331,HEDL,Rangitaiki,Solar,Solar,2026-03-07,0,0,0,0,0,0,0,0,0,0,0,0,0,0,157,1471,3996,6527,8869,9770,9774,9781,9781,8654,9044,9156,9525,9802,9795,9798,9790,9790,9787,9788,9650,7857,5466,2895,758,23,0,0,0,0,0,0,0,0,,
EDG,EDG0331,HEDL,Rangitaiki,Solar,Solar,2026-03-08,0,0,0,0,0,0,0,0,0,0,0,0,0,0,180,1547,4071,6429,8812,8510,6488,9370,8315,5133,5804,6237,4426,7871,4962,7232,7215,4351,7918,7533,7150,3660,1775,1312,574,26,0,0,0,0,0,0,0,0,,
EDG,EDG0331,HEDL,Rangitaiki,Solar,Solar,2026-03-09,0,0,0,0,0,0,0,0,0,0,0,0,0,0,177,1508,3898,6452,8720,9775,9790,9790,9671,9537,9760,8970,8851,8078,7760,6278,5805,5893,6916,4886,5568,4059,3224,1010,234,7,0,0,0,0,0,0,0,0,,
EDG,EDG0331,HEDL,Rangitaiki,Solar,Solar,2026-03-10,0,0,0,0,0,0,0,0,0,0,0,0,0,0,132,692,1673,4939,4573,6362,5980,9236,11067,11023,11636,11724,11476,11104,11724,11737,11734,11737,10747,5745,4693,6846,3048,2375,606,0,0,0,0,0,0,0,0,0,,
EDG,EDG0331,HEDL,Rangitaiki,Solar,Solar,2026-03-11,0,0,0,0,0,0,0,0,0,0,0,0,0,0,21,542,1126,2591,2410,4242,5757,4497,4015,4546,5234,6074,6483,6733,5853,5904,6273,5967,3225,2733,2627,3533,2405,916,224,0,0,0,0,0,0,0,0,0,,
EDG,EDG0331,HEDL,Rangitaiki,Solar,Solar,2026-03-12,0,0,0,0,0,0,0,0,0,0,0,0,0,0,25,519,1257,2320,3408,5039,6797,7539,8740,9402,8494,9717,10993,9525,8898,9331,5175,3300,3009,3799,2423,1329,1260,472,107,0,0,0,0,0,0,0,0,0,,
EDG,EDG0331,HEDL,Rangitaiki,Solar,Solar,2026-03-13,0,0,0,0,0,0,0,0,0,0,0,0,0,0,0,0,526,833,1646,2152,2392,2433,3756,3336,6320,5656,4453,4524,2777,2421,2584,2466,1407,970,1207,1147,695,361,53,0,0,0,0,0,0,0,0,0,,
EDG,EDG0331,HEDL,Rangitaiki,Solar,Solar,2026-03-14,0,0,0,0,0,0,0,0,0,0,0,0,0,0,55,685,3006,4691,9091,11512,10948,10743,9042,10203,9434,9983,9457,11094,6015,6061,9020,10482,8133,1600,1367,1041,13,207,0,0,0,0,0,0,0,0,0,0,,
EDG,EDG0331,HEDL,Rangitaiki,Solar,Solar,2026-03-15,0,0,0,0,0,0,0,0,0,0,0,0,0,0,85,1289,4083,7186,10092,11721,11719,11723,11722,11724,11727,11723,11725,11726,11725,11726,11722,11722,11726,11725,10916,8205,5235,2289,357,0,0,0,0,0,0,0,0,0,,
EDG,EDG0331,HEDL,Rangitaiki,Solar,Solar,2026-03-16,0,0,0,0,0,0,0,0,0,0,0,0,0,0,28,481,1337,1751,1975,1663,2321,4467,5982,6426,3465,8653,10596,8581,10512,5840,5347,8824,6673,7300,8586,3751,3572,1069,167,0,0,0,0,0,0,0,0,0,,
EDG,EDG0331,HEDL,Rangitaiki,Solar,Solar,2026-03-17,0,0,0,0,0,0,0,0,0,0,0,0,0,0,8,525,914,4111,8918,11600,11722,11717,11723,10194,11705,10248,7935,8398,7258,7953,11514,11725,11713,10969,9642,6735,2888,1906,393,0,0,0,0,0,0,0,0,0,,
EDG,EDG0331,HEDL,Rangitaiki,Solar,Solar,2026-03-18,0,0,0,0,0,0,0,0,0,0,0,0,0,0,11,221,1188,3074,4769,7439,6301,9384,6263,7022,11067,10880,8899,10373,11708,9377,11740,11738,11737,11518,10120,7033,3350,1634,274,0,0,0,0,0,0,0,0,0,,
EDG,EDG0331,HEDL,Rangitaiki,Solar,Solar,2026-03-19,0,0,0,0,0,0,0,0,0,0,0,0,0,0,4,434,1203,2526,4981,5727,5457,6244,7321,8047,8811,8826,8723,8203,9377,10533,10101,9217,9346,9339,11078,5136,1536,1109,238,0,0,0,0,0,0,0,0,0,,
EDG,EDG0331,HEDL,Rangitaiki,Solar,Solar,2026-03-20,0,0,0,0,0,0,0,0,0,0,0,0,0,0,3,779,3301,6241,9314,11606,11724,11724,11717,7466,11494,11676,11015,11444,11625,10340,10812,10077,10933,9388,8840,5935,4431,1492,141,0,0,0,0,0,0,0,0,0,,
EDG,EDG0331,HEDL,Rangitaiki,Solar,Solar,2026-03-21,0,0,0,0,0,0,0,0,0,0,0,0,0,0,0,468,3222,6062,8803,11180,11636,10424,8563,10777,10723,11125,9654,10044,9818,11635,7708,8277,7197,3154,3885,4114,2487,413,12,0,0,0,0,0,0,0,0,0,,
EDG,EDG0331,HEDL,Rangitaiki,Solar,Solar,2026-03-22,0,0,0,0,0,0,0,0,0,0,0,0,0,0,0,104,299,855,1391,1478,1742,2789,2777,2746,2592,3131,4249,5325,5354,4342,3165,4243,4068,3066,5339,3031,1639,1067,114,0,0,0,0,0,0,0,0,0,,
EDG,EDG0331,HEDL,Rangitaiki,Solar,Solar,2026-03-23,0,0,0,0,0,0,0,0,0,0,0,0,0,0,29,725,3051,6059,8931,11303,11624,11687,11665,11597,11526,11279,11283,9068,6368,11463,11715,11726,11706,11499,9662,6888,3913,1249,95,0,0,0,0,0,0,0,0,0,,
EDG,EDG0331,HEDL,Rangitaiki,Solar,Solar,2026-03-24,0,0,0,0,0,0,0,0,0,0,0,0,0,0,44,874,2121,3359,5067,5780,9078,8218,7019,6188,6896,10206,11133,11072,8582,8301,6903,7615,5544,6861,9363,6720,3181,654,64,0,0,0,0,0,0,0,0,0,,
EDG,EDG0331,HEDL,Rangitaiki,Solar,Solar,2026-03-25,0,0,0,0,0,0,0,0,0,0,0,0,0,0,0,161,582,1083,1380,3432,3449,3947,4136,5864,6508,6414,6495,6813,5546,3492,3252,3639,2278,1749,1330,1028,964,448,61,0,0,0,0,0,0,0,0,0,,
EDG,EDG0331,HEDL,Rangitaiki,Solar,Solar,2026-03-26,0,0,0,0,0,0,0,0,0,0,0,0,0,0,0,17,175,293,579,791,913,1179,1309,1806,1135,1506,2056,2042,1386,1174,1780,1640,1103,1104,915,752,365,77,0,0,0,0,0,0,0,0,0,0,,
EDG,EDG0331,HEDL,Rangitaiki,Solar,Solar,2026-03-27,0,0,0,0,0,0,0,0,0,0,0,0,0,0,0,0,0,0,89,335,833,1862,1617,1059,1727,1819,4059,3186,2190,1556,1626,2613,1846,1163,960,517,278,204,0,0,0,0,0,0,0,0,0,0,,
EDG,EDG0331,HEDL,Rangitaiki,Solar,Solar,2026-03-28,0,0,0,0,0,0,0,0,0,0,0,0,0,0,0,194,905,1280,3417,4866,5169,6042,5145,7595,8236,6675,6387,11402,11402,11527,11601,10904,8832,10675,4282,1969,788,248,18,0,0,0,0,0,0,0,0,0,,
EDG,EDG0331,HEDL,Rangitaiki,Solar,Solar,2026-03-29,0,0,0,0,0,0,0,0,0,0,0,0,0,0,0,15,415,1686,3623,8204,7617,5934,5609,4267,6366,5088,8082,7767,10088,10922,7436,8126,7896,5289,3096,2007,886,181,0,0,0,0,0,0,0,0,0,0,,
EDG,EDG0331,HEDL,Rangitaiki,Solar,Solar,2026-03-30,0,0,0,0,0,0,0,0,0,0,0,0,0,0,0,51,302,601,2185,5002,8623,7832,9995,8908,7883,8934,9225,10921,10549,10157,7916,10925,6801,11081,7783,4939,1848,444,14,0,0,0,0,0,0,0,0,0,,
EDG,EDG0331,HEDL,Rangitaiki,Solar,Solar,2026-03-31,0,0,0,0,0,0,0,0,0,0,0,0,0,0,5,492,2658,5686,8647,11098,11720,11729,11728,11674,11570,11449,11281,11209,11115,11204,9129,10222,6628,3101,2465,4591,2252,486,17,0,0,0,0,0,0,0,0,0,,
GLN,GLN0332,NZST,glenbrook_kilns,Gas,Cogen,2026-03-01,15785,15708,17202,18070,21167,21280,22416,22211,22474,22003,22291,22532,22068,22769,22372,22646,22155,21905,21763,21443,21500,22002,22352,22424,22233,22625,22312,22104,22048,22143,21464,21192,21263,20509,21384,26195,28758,30594,29738,29576,29714,29807,29828,29986,29860,26588,26742,26793,,
GLN,GLN0332,NZST,glenbrook_kilns,Gas,Cogen,2026-03-02,26656,27481,27695,27625,27696,27998,27704,27198,26804,26711,26654,26731,26640,26783,27741,27741,28081,28932,28095,27001,26718,28746,29248,29175,29195,28187,29086,29613,29107,29561,30058,30137,30086,29953,30048,30178,30181,29974,29821,29923,30138,30223,30732,30922,30852,30740,30735,30837,,
GLN,GLN0332,NZST,glenbrook_kilns,Gas,Cogen,2026-03-03,30759,30532,30449,30411,30871,30462,30519,30741,30762,30648,30460,30489,30580,30656,30688,30073,30432,29936,31071,30049,30999,30545,30228,30568,30539,29874,29389,28852,28689,28952,29247,29208,29047,28892,29076,28947,28969,29704,29659,29880,29888,29963,29997,29958,29843,29875,30143,30086,,
GLN,GLN0332,NZST,glenbrook_kilns,Gas,Cogen,2026-03-04,29992,30151,29970,29879,30028,29581,29348,29363,29655,29400,29597,28435,28947,28777,28809,28481,28357,28299,28588,28737,29100,27836,28638,28891,29044,29249,29368,29171,29666,29881,30264,30057,29209,29078,28740,28928,29056,28509,28669,29167,29415,29678,29991,29865,30044,30190,30450,30470,,
GLN,GLN0332,NZST,glenbrook_kilns,Gas,Cogen,2026-03-05,30458,30066,30043,30085,30236,30423,29609,29952,29908,29765,29679,29575,29506,29516,29961,29753,29801,29511,29603,28829,30125,29985,30683,29980,30541,25792,19307,18958,18871,18984,20395,23756,23707,23235,23954,29671,30086,31135,31102,30894,31116,31302,31553,31285,30800,30897,30852,31030,,
GLN,GLN0332,NZST,glenbrook_kilns,Gas,Cogen,2026-03-06,30823,30985,31010,30878,30799,31037,30930,31193,31200,30844,30705,30187,30232,29968,30132,30105,29996,29892,30428,29042,30604,30165,30461,30289,30531,30532,30831,30602,30570,30886,30904,30887,30740,30701,30396,30027,30459,30576,30603,30786,30577,30691,30396,30190,30294,30481,30492,30384,,
GLN,GLN0332,NZST,glenbrook_kilns,Gas,Cogen,2026-03-07,30130,30197,30367,30297,30313,30390,30596,30589,30779,30607,30586,30308,30463,30467,30332,30464,30804,30477,30142,30353,30095,29285,30103,30555,31306,30772,30074,30565,31305,31657,31168,30265,30719,30747,30463,30723,30937,30947,30838,31216,30744,31064,30746,30955,29908,29284,29540,30344,,
GLN,GLN0332,NZST,glenbrook_kilns,Gas,Cogen,2026-03-08,30273,30484,30596,30089,30302,30368,30235,30498,30155,30061,30016,30060,30247,30048,30004,30036,29568,29411,29591,30272,29704,30114,30112,29885,30070,29992,29232,30238,30207,30237,30409,29970,29703,29588,29503,29318,29393,30280,31214,30002,30170,30614,30509,30729,30231,30383,30300,30315,,
GLN,GLN0332,NZST,glenbrook_kilns,Gas,Cogen,2026-03-09,30327,30544,30704,30828,31040,31087,30959,31057,30654,30334,30743,30535,30571,30612,30033,30076,29816,30464,30712,30247,30596,30478,30107,29932,30161,29760,29885,30273,30141,30262,30423,30654,30280,29921,30121,29839,30066,29885,30189,30319,30369,30336,30195,29850,29444,29628,29644,29690,,
GLN,GLN0332,NZST,glenbrook_kilns,Gas,Cogen,2026-03-10,29848,29911,30048,29930,30195,30122,30039,30307,30350,30005,29893,29768,29056,28982,28329,28293,28123,29124,29018,28993,29172,29557,29541,29875,30179,28995,28907,29641,29283,29257,29519,29328,29339,29135,29232,29377,29477,29315,29376,29225,29423,29073,29383,29105,29037,28720,29234,29625,,
GLN,GLN0332,NZST,glenbrook_kilns,Gas,Cogen,2026-03-11,29816,30219,30168,30407,30290,30375,30692,29943,29689,29779,29886,29910,29814,29780,29466,29598,29439,29802,26076,18738,18677,18627,18644,18675,18816,18736,18643,18709,17390,17607,20041,20810,22246,22082,21266,21440,21595,21341,25172,27686,29240,28869,28974,28968,29001,28982,29015,29155,,
GLN,GLN0332,NZST,glenbrook_kilns,Gas,Cogen,2026-03-12,29224,29524,29520,29578,29541,29456,29706,29514,29591,29465,30039,30176,29730,29606,29452,29325,29043,28819,29933,29839,29372,29574,29593,29753,30088,29757,29202,29739,29859,29896,29602,29394,29563,29180,29281,29205,29282,29388,29665,29592,29553,29360,29585,29497,29208,29125,28954,28911,,
GLN,GLN0332,NZST,glenbrook_kilns,Gas,Cogen,2026-03-13,28931,28883,28882,28829,28526,28480,28474,29484,30052,30286,30891,30721,30368,30002,30025,29894,29229,29818,29750,31635,31941,31515,30233,29559,29619,29549,30088,31571,31606,31421,31595,30950,30014,29974,30182,30385,30710,30415,30678,31342,30921,29589,30021,30461,30384,30608,30706,30602,,
GLN,GLN0332,NZST,glenbrook_kilns,Gas,Cogen,2026-03-14,30285,30806,31509,31497,31628,31579,31544,31554,31399,31358,31428,31268,31147,31042,31924,31897,31771,31935,31410,30771,31148,30552,30498,30620,30983,30971,31109,30333,30434,30677,30654,30332,30451,30417,30258,30200,30667,31101,30910,30575,30538,30456,30398,30757,30478,30446,26384,24631,,
GLN,GLN0332,NZST,glenbrook_kilns,Gas,Cogen,2026-03-15,26070,29980,30550,30654,30392,30199,29769,30016,29592,30191,29737,29703,29456,29352,29356,29223,28187,28051,29331,29352,29123,28708,29595,29450,29431,29360,29537,29402,30056,30303,30277,30517,30542,30193,30152,30189,30379,30295,30619,30560,30816,30912,30724,30470,30445,30108,30176,30394,,
GLN,GLN0332,NZST,glenbrook_kilns,Gas,Cogen,2026-03-16,30498,30488,30639,30502,30618,30454,30687,30657,30617,30732,30636,30580,30753,30421,30344,30219,26926,20242,20785,19464,21022,20695,20434,20873,20809,20939,20992,21183,21081,21017,21050,20866,20726,20185,21182,24654,24432,24341,25677,25703,25644,28042,30167,28793,30066,30145,30161,29915,,
GLN,GLN0332,NZST,glenbrook_kilns,Gas,Cogen,2026-03-17,30007,30113,30452,30513,30456,30417,30392,30362,30159,29978,30118,29724,30026,32821,33515,32372,32310,31660,32610,28721,28147,28210,29835,30449,29707,29815,30279,30020,30134,30335,30592,30425,30493,31112,34135,33274,33205,33493,33563,33341,33422,33570,33776,34462,34292,34583,34730,34733,,
GLN,GLN0332,NZST,glenbrook_kilns,Gas,Cogen,2026-03-18,31180,30559,30418,30591,30529,30621,30994,30901,31004,30855,31030,30471,33009,33887,33821,32856,32349,32776,31330,30094,30323,29782,29700,30510,30859,31258,30563,30571,30547,30542,30562,30687,30961,30627,30622,30532,32311,34140,34238,34449,34762,35720,35140,35161,34612,35348,35351,35138,,
GLN,GLN0332,NZST,glenbrook_kilns,Gas,Cogen,2026-03-19,35338,35551,35491,35623,35541,35375,35262,35162,35078,35448,35532,35437,35410,35965,34628,34574,34789,34594,34366,33984,34937,34903,34357,34568,34398,32563,30608,31443,31822,31971,32087,32223,35096,35242,35215,34437,34342,34797,34583,34864,34892,34353,34630,34383,34199,34056,34283,34685,,
GLN,GLN0332,NZST,glenbrook_kilns,Gas,Cogen,2026-03-20,34502,34952,34797,34675,31554,31249,31079,31363,31481,31443,34334,34749,34880,34760,34787,34472,34459,33687,34526,30465,29221,30428,30509,34416,34694,34700,34968,34860,34952,35172,35045,35311,35174,35076,34989,34801,34867,34758,35115,34913,35128,35207,35120,32138,30543,30541,30964,30521,,
GLN,GLN0332,NZST,glenbrook_kilns,Gas,Cogen,2026-03-21,30216,30213,30104,30128,30245,30405,30495,30382,30044,29608,30414,30434,30409,30262,29804,29301,29356,30196,30731,30974,30926,30079,29893,29945,31378,32069,32643,32279,32298,31837,32147,32032,32142,31850,31384,33750,34604,35198,35173,34748,34624,34391,34736,34858,34860,34965,32654,32242,,
GLN,GLN0332,NZST,glenbrook_kilns,Gas,Cogen,2026-03-22,32333,32085,31861,31820,31726,31811,31662,31523,31386,31403,31222,31144,31301,31644,31431,31059,31114,31019,30453,30631,30795,30190,31507,31942,30256,31306,30317,31458,31618,31575,31973,31913,31708,32072,31225,31426,31399,31542,31658,31485,31586,31661,31893,32269,32299,32371,32320,32456,,
GLN,GLN0332,NZST,glenbrook_kilns,Gas,Cogen,2026-03-23,32352,32091,31979,32181,32106,32127,32227,32237,32060,32068,32123,32130,34206,35377,35093,34959,34847,34553,33712,31476,29944,29958,29847,29847,29686,29687,28879,30172,28838,29882,29818,30178,30210,29903,29701,29599,29682,30953,32255,25942,19387,17963,17922,17845,17670,17558,17364,17229,,
GLN,GLN0332,NZST,glenbrook_kilns,Gas,Cogen,2026-03-24,17090,17231,17153,17108,17024,17066,17132,16953,17224,17229,17053,16414,16900,16457,17142,17049,17047,17347,22071,22791,24135,24985,25664,25680,23735,23085,26242,23824,23204,24618,28851,28616,29287,30004,29870,31845,33614,33384,33725,33950,33628,33247,31096,30999,31007,31000,31006,30737,,
GLN,GLN0332,NZST,glenbrook_kilns,Gas,Cogen,2026-03-25,30796,30987,31090,31087,31087,30648,30807,30782,30640,30648,31115,30851,33346,34063,33189,33295,33018,33552,33883,33946,33902,32795,30661,29568,29302,29277,29451,30128,32285,33762,33879,32218,33433,33867,33210,33511,33534,34104,34023,33418,32854,33782,33799,32971,32429,32311,32908,33234,,
GLN,GLN0332,NZST,glenbrook_kilns,Gas,Cogen,2026-03-26,30839,30389,30337,30177,30364,30201,29996,29949,29938,29792,29529,29144,31346,31811,31703,31858,31107,31909,31568,21045,20667,21022,20162,19837,20167,21123,21050,22110,22889,25280,26344,25791,25587,25929,25570,24285,30615,31918,32701,33184,32589,33891,33534,33004,30080,28713,28541,28668,,
GLN,GLN0332,NZST,glenbrook_kilns,Gas,Cogen,2026-03-27,29390,29462,29621,29486,29427,29770,29541,29861,30173,30043,30076,30478,32984,34251,33480,33521,33706,32223,32768,32917,33232,32485,29960,29340,29751,29930,29848,30228,30083,29879,29930,30750,34242,34224,33683,33183,33260,33170,33379,33320,33620,33693,33739,33746,33648,33682,33919,33916,,
GLN,GLN0332,NZST,glenbrook_kilns,Gas,Cogen,2026-03-28,30437,29940,30537,30504,30486,30166,30603,30500,30179,30297,30253,29769,29897,29911,29247,29016,29187,28788,27555,31642,33445,33102,33846,30074,29000,28869,29386,28728,28911,29959,29908,30057,29928,30085,29365,28840,28729,30009,33615,33511,33573,30854,30098,29892,30137,30100,29830,29549,,
GLN,GLN0332,NZST,glenbrook_kilns,Gas,Cogen,2026-03-29,30122,30112,30186,30061,29824,29848,30008,30061,29698,29401,29412,29157,29428,29114,28680,28229,28916,27927,30886,31002,28676,27982,28585,28739,31843,33350,33503,33309,33557,33364,28911,28233,28252,31203,32122,31834,32242,33192,33487,33683,33682,31364,29345,29721,29827,30410,29968,30080,,
GLN,GLN0332,NZST,glenbrook_kilns,Gas,Cogen,2026-03-30,30029,30085,29903,29644,30046,29987,30117,29808,29790,29564,29725,29772,29619,32978,33452,33073,32600,29815,28752,29530,31412,33130,33580,31881,28371,28084,28396,28624,28725,28589,28955,28966,28799,28596,28446,28454,28489,28591,28539,28653,28714,28816,28933,28855,28686,28322,28293,28492,,
GLN,GLN0332,NZST,glenbrook_kilns,Gas,Cogen,2026-03-31,29202,28530,28886,29055,29199,29124,29116,29566,30334,29965,29728,29770,29920,30110,29630,28682,29277,29176,29455,28132,29805,29695,31378,31571,30513,30984,29619,29630,29989,29915,29821,30098,30429,30384,30168,29859,29825,30183,30371,30389,30242,30410,30298,30133,30155,30062,30035,29931,,
GOR,GOR0331,TPCO,KaiweraDowns,Wind,Wind,2026-03-01,18753,16556,15980,13363,19187,19884,20167,20099,20201,20236,20137,19721,19912,19325,19609,20225,20286,20302,20298,18265,18464,3161,16380,17273,18770,17573,14388,6724,18961,19024,19656,20060,19222,19816,18377,19308,19753,20024,19796,13198,15797,15037,11632,10730,12200,7219,15165,10380,,
GOR,GOR0331,TPCO,KaiweraDowns,Wind,Wind,2026-03-02,12133,9937,10039,7564,2626,4293,2478,7097,7888,7996,5461,5604,3046,2298,2979,2379,1857,1593,1141,423,643,1215,1554,4983,3526,2658,5706,4286,5000,4852,4671,7510,4747,4249,5417,3552,3662,2981,2928,917,393,264,2251,2739,2993,2314,929,372,,
GOR,GOR0331,TPCO,KaiweraDowns,Wind,Wind,2026-03-03,7,106,150,31,0,0,0,0,0,86,42,241,488,973,592,540,1007,2538,4155,11742,15233,15014,10729,5950,6206,4932,3415,350,86,183,1957,4069,4765,5406,5026,3746,3429,3347,3648,5264,5555,5689,6441,5936,5936,5596,5677,4585,,
GOR,GOR0331,TPCO,KaiweraDowns,Wind,Wind,2026-03-04,4363,4329,3779,3495,2746,2376,1771,1810,1921,1235,313,341,47,29,0,0,0,0,0,0,0,0,0,0,0,0,0,0,0,23,1,0,7,45,64,0,0,0,0,38,64,685,978,1635,1324,1046,1455,1200,,
GOR,GOR0331,TPCO,KaiweraDowns,Wind,Wind,2026-03-05,798,615,891,1705,3310,1558,3341,3375,4617,2927,2904,3022,2001,12,443,1423,2311,1981,1448,1710,477,666,1252,1387,1027,501,0,0,472,1171,1849,2797,5127,7631,7148,5536,6974,12569,14294,14098,18493,19467,19461,16693,19149,18409,17670,18264,,
GOR,GOR0331,TPCO,KaiweraDowns,Wind,Wind,2026-03-06,17505,17393,19653,19932,18914,18126,18196,17956,17031,6837,2873,8354,3701,4120,8157,16496,18619,13745,16955,17750,16362,12039,15805,16913,19197,18235,18905,19848,19816,19729,19883,19876,19812,9643,8360,9745,11308,16661,11744,14065,12859,11883,13503,17446,16048,13508,13380,13488,,
GOR,GOR0331,TPCO,KaiweraDowns,Wind,Wind,2026-03-07,7254,3626,417,185,0,0,0,73,0,659,499,149,888,2019,3384,3348,2205,778,770,247,0,0,0,0,0,0,0,115,1567,2780,3530,6526,8833,15937,16578,13586,6673,5857,4460,2985,4028,1429,467,0,0,0,182,481,,
GOR,GOR0331,TPCO,KaiweraDowns,Wind,Wind,2026-03-08,1182,1517,2342,1731,2655,4300,4056,2086,1042,2273,3141,2900,709,99,0,687,1012,5956,7635,10799,15024,8737,8816,5410,2626,1491,5192,5942,6570,9902,9137,10626,3551,7716,13374,7415,3970,2270,2419,5661,6018,3500,4537,2158,813,383,21,0,,
GOR,GOR0331,TPCO,KaiweraDowns,Wind,Wind,2026-03-09,0,0,0,96,1286,1975,324,484,715,1708,3139,4131,4444,5226,4397,4465,3704,4055,4528,2761,3104,5934,7500,6525,9768,12424,13475,13110,12831,13045,11935,9840,10536,8207,6045,4377,4183,4858,1327,1202,1440,1233,951,1620,1482,1882,2079,2477,,
GOR,GOR0331,TPCO,KaiweraDowns,Wind,Wind,2026-03-10,4402,4415,4236,5397,7234,8171,9670,10487,10811,12132,11459,15541,15305,18306,18569,19945,18547,16875,16157,16050,15744,14289,13847,13130,12814,14064,15374,14784,12385,10705,8938,7068,4992,3894,3341,2687,3134,5208,6201,7403,5801,5450,6177,7566,7176,6175,4678,2973,,
GOR,GOR0331,TPCO,KaiweraDowns,Wind,Wind,2026-03-11,2011,893,1270,1644,1760,2122,2431,1983,1185,227,96,224,581,1045,3160,3603,4508,5121,5346,5418,5165,4200,3444,2476,2208,2001,1561,841,1044,359,130,595,1846,2429,1381,1545,2648,2529,2832,2719,2384,1889,1139,713,1143,1124,898,1932,,
GOR,GOR0331,TPCO,KaiweraDowns,Wind,Wind,2026-03-12,3140,3301,3359,3983,3458,4327,5249,6345,6466,5089,3530,3655,6901,5713,4029,4323,7129,10143,12213,10183,7627,7760,6607,7642,6745,3647,3440,3221,3861,5654,7622,6244,4704,5792,14359,8526,13004,13436,12178,5816,7364,8874,6892,4360,2591,2279,6127,14074,,
GOR,GOR0331,TPCO,KaiweraDowns,Wind,Wind,2026-03-13,13000,9350,5540,1906,1401,1119,9406,19353,19490,19104,19074,19860,18341,13671,7388,5726,4544,3005,2589,1645,531,1042,1312,988,163,123,404,257,451,829,203,5,2806,3246,7304,16642,12372,13786,8833,10633,11402,11502,15393,18012,13857,16066,10732,13561,,
GOR,GOR0331,TPCO,KaiweraDowns,Wind,Wind,2026-03-14,17279,15767,18110,16506,15605,18076,19527,20015,19691,19642,17909,20130,19117,18970,16813,14915,13736,17820,18535,18297,18121,16089,15777,15101,15803,6119,4433,12019,20127,20171,20261,20242,20232,20267,20279,20288,20288,20299,20300,20300,20281,20265,20295,20277,20279,20280,20244,19442,,
GOR,GOR0331,TPCO,KaiweraDowns,Wind,Wind,2026-03-15,20058,20274,20284,20287,20286,20279,20234,20279,20280,19958,20074,20243,20231,20247,20245,20281,20291,20290,19966,19979,19708,18482,19771,20180,20107,20172,19766,19977,20114,19796,19308,19572,19766,19829,19410,16401,10223,14365,12087,15583,17190,17583,8964,5686,5590,6066,8019,12929,,
GOR,GOR0331,TPCO,KaiweraDowns,Wind,Wind,2026-03-16,14792,17994,18926,17925,16454,16628,18483,19289,19416,17937,17352,19203,20210,19749,15281,15152,15643,13019,13570,12329,10107,6588,4972,5644,12568,17900,19803,18486,17480,15866,17699,14794,17548,18069,14977,14598,14934,12297,9010,8371,10367,6804,6036,5875,5764,5470,3353,2908,,
GOR,GOR0331,TPCO,KaiweraDowns,Wind,Wind,2026-03-17,1665,1777,213,10,0,0,0,0,0,0,0,0,0,0,0,50,524,1976,3994,5155,4965,5612,5095,4249,3635,5765,6453,5548,4742,3924,3982,5683,5060,4305,4362,4797,4794,5676,5443,6096,5267,5676,5773,6100,5748,6883,10786,17593,,
GOR,GOR0331,TPCO,KaiweraDowns,Wind,Wind,2026-03-18,16358,18916,17517,10952,9768,11515,10472,7662,7302,6786,13849,19759,19218,20183,20157,20250,20277,20286,20306,20262,20247,20221,20157,20104,20187,20070,19857,20242,19693,19925,19847,20080,20033,20009,17912,15268,12765,10744,9593,9939,4788,5939,3982,2148,401,0,0,0,,
GOR,GOR0331,TPCO,KaiweraDowns,Wind,Wind,2026-03-19,109,240,38,1178,4858,4906,3062,2145,1671,1624,1597,1532,899,13,0,0,0,0,0,0,0,0,0,0,0,0,27,470,977,2151,3275,3622,5698,6791,6937,7174,8085,6139,7133,8904,8263,5871,5275,4560,3565,4015,2968,2320,,
GOR,GOR0331,TPCO,KaiweraDowns,Wind,Wind,2026-03-20,1862,482,1,0,0,0,0,0,0,0,0,117,185,234,62,484,613,1,412,55,40,193,216,734,1078,1060,965,634,78,3,5,56,0,0,20,0,298,208,44,2343,1779,1809,2259,2793,3793,3374,2447,1616,,
GOR,GOR0331,TPCO,KaiweraDowns,Wind,Wind,2026-03-21,241,0,0,0,0,0,0,0,756,2670,2387,2677,2251,1591,1070,2585,1785,317,0,399,933,957,1173,2324,2796,2802,1127,952,1055,2002,1577,754,858,231,0,0,0,0,2995,2339,2047,3272,3377,3209,1006,408,0,0,,
GOR,GOR0331,TPCO,KaiweraDowns,Wind,Wind,2026-03-22,0,135,1000,2278,3565,6769,8388,9446,7713,5525,4390,5786,5025,3911,3009,2774,6103,6612,9954,10280,7540,6201,7848,9764,10299,10561,10887,8691,6264,4776,7413,8385,9123,7773,8923,8540,4383,3478,3094,3599,1952,1154,72,1,0,0,0,0,,
GOR,GOR0331,TPCO,KaiweraDowns,Wind,Wind,2026-03-23,0,0,0,0,0,0,0,0,0,0,0,3,108,1,0,0,0,0,0,0,0,26,81,2,0,0,0,0,0,0,0,0,1,1,1404,5518,10102,10119,8273,4209,2136,431,2,51,2419,1048,685,849,,
GOR,GOR0331,TPCO,KaiweraDowns,Wind,Wind,2026-03-24,659,587,830,830,1479,5130,8058,9533,9331,8466,6549,8964,9304,8965,9307,9437,10676,8390,4274,4039,2507,1822,2101,965,465,127,72,26,48,0,0,0,0,0,0,0,0,0,0,7583,9706,7976,9105,13244,9693,8771,6855,5242,,
GOR,GOR0331,TPCO,KaiweraDowns,Wind,Wind,2026-03-25,5629,3716,887,0,305,3711,3073,2735,3209,5169,8093,10364,11776,10624,10800,10589,14198,13029,12917,15470,17937,18186,18756,20180,19654,19661,19142,19862,20045,20001,19497,20176,20220,20098,20205,20189,20195,20282,20291,20292,20297,20300,20303,20296,20287,20280,20266,20270,,
GOR,GOR0331,TPCO,KaiweraDowns,Wind,Wind,2026-03-26,20264,20173,20129,20258,20253,20205,20011,19830,20263,20288,20265,18209,20276,20285,20305,20305,20309,20310,20311,20309,20313,20311,20304,20303,20302,19151,18416,20278,20272,20266,20262,20260,20254,20261,20266,20281,20290,20292,20292,20295,20297,20302,20300,20282,20275,20281,20288,20297,,
GOR,GOR0331,TPCO,KaiweraDowns,Wind,Wind,2026-03-27,20291,20293,20295,20298,20299,20297,20228,20276,20288,20290,20292,20292,20289,20306,20301,20276,20293,20275,20134,20212,19216,19758,19681,15949,11842,15055,15444,13084,10139,8234,8094,5573,3293,2030,449,11,0,216,658,861,195,19,0,0,7,2692,7678,12617,,
GOR,GOR0331,TPCO,KaiweraDowns,Wind,Wind,2026-03-28,13779,16529,16522,17496,10987,9483,14115,18603,16643,18395,16645,14519,13298,16247,17905,18226,18479,18129,18375,16873,14239,10688,8823,5565,3741,3229,3385,3274,3888,5759,7026,6291,8751,10612,10604,5995,2972,2508,3839,3070,241,0,3,123,872,2543,3323,2147,,
GOR,GOR0331,TPCO,KaiweraDowns,Wind,Wind,2026-03-29,1655,943,410,1461,3177,4524,4868,6715,7412,9314,9219,7547,8721,7961,9244,5677,6581,7654,8534,3366,1340,3357,6336,6760,6342,4618,3209,2301,2643,2949,1734,1800,2657,1356,610,703,699,582,3189,2171,447,1723,3383,2818,2676,4214,6978,10088,,
GOR,GOR0331,TPCO,KaiweraDowns,Wind,Wind,2026-03-30,9518,10692,11889,11556,10654,9939,13668,17240,17083,17246,15182,5832,8452,11513,9705,11881,12514,14425,13383,10811,8269,9504,8823,6335,7334,11453,20227,20277,20276,20249,20291,20291,20299,20285,20288,20303,20311,20313,20304,20306,17513,8141,7139,20252,19765,19468,19461,19912,,
GOR,GOR0331,TPCO,KaiweraDowns,Wind,Wind,2026-03-31,10158,18106,20200,20279,20322,20319,20230,18081,20232,20086,15189,14168,15133,19251,18985,19472,18609,17954,14718,14244,13352,11853,9533,12576,16051,18425,18445,19034,19668,19331,19904,19221,19656,18087,16581,14638,15709,15529,13743,11404,13640,14056,15189,18724,18435,18312,18617,16729,,
HLY,HLY0331,WAIK,rotohiko,ELE,BAT,2026-03-01,0,0,0,0,0,0,0,0,0,0,0,0,0,0,0,0,0,0,0,0,16,3564,135,1692,2075,863,3967,3476,4083,2792,3510,3018,4077,3293,184,0,0,0,0,0,0,0,0,0,0,0,0,0,,
HLY,HLY0331,WAIK,rotohiko,ELE,BAT,2026-03-02,0,0,0,0,0,0,0,0,0,0,0,0,0,0,0,0,0,0,0,79,1321,4678,3554,3787,2615,1894,2150,2839,2815,3396,1731,2340,3504,1756,363,7,0,0,0,0,0,0,0,0,0,0,0,0,,
HLY,HLY0331,WAIK,rotohiko,ELE,BAT,2026-03-03,0,0,0,0,0,0,0,0,0,0,0,0,0,0,0,0,0,0,0,13,1273,4756,2980,3308,4228,3988,3818,3282,3236,2247,3259,2108,3800,969,452,0,0,0,0,0,0,0,0,0,0,0,0,0,,
HLY,HLY0331,WAIK,rotohiko,ELE,BAT,2026-03-04,0,0,0,0,0,0,0,0,0,0,0,0,0,0,0,0,0,0,0,1,1252,4683,4389,4780,4867,4710,5044,5086,5036,4557,4744,4609,6367,4417,1672,24,0,0,0,0,0,0,0,0,0,0,0,0,,
HLY,HLY0331,WAIK,rotohiko,ELE,BAT,2026-03-05,0,0,0,0,0,0,0,0,0,0,0,0,0,0,0,0,0,0,0,217,879,5557,3591,2800,4348,4427,4646,4013,4110,1871,3434,3778,6020,4775,747,0,0,0,0,0,0,0,0,0,0,0,0,0,,
HLY,HLY0331,WAIK,rotohiko,ELE,BAT,2026-03-06,0,0,0,0,0,0,0,0,0,0,0,0,0,0,0,0,0,0,0,42,3232,6279,4879,1285,737,3333,5032,2916,3136,5112,4889,4843,6627,5330,2225,14,0,0,0,0,0,0,0,0,0,0,0,0,,
HLY,HLY0331,WAIK,rotohiko,ELE,BAT,2026-03-07,0,0,0,0,0,0,0,0,0,0,0,0,0,0,0,0,0,0,249,8,819,6937,4402,1627,1375,3044,1158,3328,3458,5008,5128,5348,6966,5420,1437,19,0,0,0,0,0,0,0,0,0,0,0,0,,
HLY,HLY0331,WAIK,rotohiko,ELE,BAT,2026-03-08,0,0,0,0,0,0,0,0,0,0,0,0,0,0,0,0,0,0,0,0,609,3627,2893,3774,2679,1893,177,2991,2,2409,1564,0,2277,3794,143,0,0,0,0,0,0,0,0,0,0,0,0,0,,
HLY,HLY0331,WAIK,rotohiko,ELE,BAT,2026-03-09,0,0,0,0,0,0,0,0,0,0,0,0,0,0,0,0,0,0,0,593,2185,3578,44,2623,1423,1797,1392,2932,4203,3957,757,3417,2620,3194,940,11,0,0,0,0,0,0,0,0,0,0,0,0,,
HLY,HLY0331,WAIK,rotohiko,ELE,BAT,2026-03-10,0,0,0,0,0,0,0,0,0,0,0,0,0,0,0,0,0,0,0,1020,2925,5659,4679,4441,4672,4699,4915,4063,4396,4106,48,19,37,0,339,0,0,0,0,0,0,0,0,0,0,0,0,0,,
HLY,HLY0331,WAIK,rotohiko,ELE,BAT,2026-03-11,0,0,0,0,0,0,0,0,0,0,0,0,0,0,0,0,0,0,0,0,0,0,0,0,0,0,0,0,0,0,0,0,0,0,0,0,0,0,0,0,0,0,0,0,0,0,0,0,,
HLY,HLY0331,WAIK,rotohiko,ELE,BAT,2026-03-12,0,0,0,0,0,0,0,0,0,0,0,0,0,0,0,0,0,0,0,0,0,0,495,1648,3835,3516,2322,1868,761,1257,976,173,89,0,0,0,0,0,0,0,0,0,0,0,0,0,0,0,,
HLY,HLY0331,WAIK,rotohiko,ELE,BAT,2026-03-13,0,0,0,0,0,0,0,0,0,0,0,0,0,0,0,0,0,0,0,140,342,1011,0,20,77,2212,4389,3464,1976,252,567,0,0,0,0,0,0,0,0,0,0,0,0,0,0,0,0,0,,
HLY,HLY0331,WAIK,rotohiko,ELE,BAT,2026-03-14,0,0,0,0,0,0,0,0,0,0,0,0,0,0,0,0,0,0,0,177,2116,6537,1617,2163,2053,3363,4303,4260,3747,3515,2076,2267,2103,1462,714,680,4,0,0,0,0,0,0,0,0,0,0,0,,
HLY,HLY0331,WAIK,rotohiko,ELE,BAT,2026-03-15,0,0,0,0,0,0,0,0,0,0,0,0,0,0,0,0,0,0,10,1353,3249,7079,3833,2247,1979,5179,4852,5374,5924,5955,5652,5068,6150,3071,442,2,0,0,0,0,0,0,0,0,0,0,0,0,,
HLY,HLY0331,WAIK,rotohiko,ELE,BAT,2026-03-16,0,0,0,0,0,0,0,0,0,0,0,0,0,0,0,0,0,0,0,0,0,0,0,0,2125,204,307,81,0,501,2612,5,1614,3065,2067,1,0,0,0,0,0,0,0,0,0,0,0,0,,
HLY,HLY0331,WAIK,rotohiko,ELE,BAT,2026-03-17,0,0,0,0,0,0,0,0,0,0,0,0,0,0,0,0,0,0,0,59,1991,4411,3628,3422,1388,2005,932,2854,2539,4401,3803,3254,5088,4116,253,0,0,0,0,0,0,0,0,0,0,0,0,0,,
HLY,HLY0331,WAIK,rotohiko,ELE,BAT,2026-03-18,0,0,0,0,0,0,0,0,0,0,0,0,0,0,0,0,0,0,0,0,233,4802,2750,4457,3553,2616,3000,1305,1111,1427,1080,286,1897,0,332,0,0,0,0,0,0,0,0,0,0,0,0,0,,
HLY,HLY0331,WAIK,rotohiko,ELE,BAT,2026-03-19,0,0,0,0,0,0,0,0,0,0,0,0,0,0,0,0,0,0,0,0,0,580,364,974,1518,3959,4036,4539,3640,4057,2629,3486,2750,4290,123,0,0,0,0,0,0,0,0,0,0,0,0,0,,
HLY,HLY0331,WAIK,rotohiko,ELE,BAT,2026-03-20,0,0,0,0,0,0,0,0,0,0,0,0,0,0,0,0,0,0,0,0,429,4191,2594,2665,82,1759,3192,1978,1954,857,1123,628,3159,2119,27,0,0,0,0,0,0,0,0,0,0,0,0,0,,
HLY,HLY0331,WAIK,rotohiko,ELE,BAT,2026-03-21,0,0,0,0,0,0,0,0,0,0,0,0,0,0,0,0,0,0,0,485,2870,6052,5081,4400,909,2550,2545,3351,732,1639,691,185,358,17,0,0,0,0,0,0,0,0,0,0,0,0,0,0,,
HLY,HLY0331,WAIK,rotohiko,ELE,BAT,2026-03-22,0,0,0,0,0,0,0,0,0,0,0,0,0,0,0,0,0,0,0,0,907,6213,5373,5288,5496,5659,5667,4812,5166,5230,5083,4172,189,839,145,0,0,0,0,0,0,0,0,0,0,0,0,0,,
HLY,HLY0331,WAIK,rotohiko,ELE,BAT,2026-03-23,0,0,0,0,0,0,0,0,0,0,0,0,0,0,0,0,0,0,0,0,158,5007,2377,2190,2597,3219,3507,1916,2703,1591,1704,777,3633,3501,85,0,0,0,0,0,0,0,0,0,0,0,0,0,,
HLY,HLY0331,WAIK,rotohiko,ELE,BAT,2026-03-24,0,0,0,0,0,0,0,0,0,0,0,0,0,0,0,0,0,0,0,0,360,1938,210,689,1820,558,2188,1944,1902,156,1737,106,1392,836,0,0,0,0,0,0,0,0,0,0,0,0,0,0,,
HLY,HLY0331,WAIK,rotohiko,ELE,BAT,2026-03-25,0,0,0,0,0,0,0,0,0,0,0,0,0,0,0,0,0,0,0,0,0,0,0,0,0,0,0,0,0,0,0,0,0,0,0,0,0,0,0,0,0,0,0,0,0,0,0,0,,
HLY,HLY0331,WAIK,rotohiko,ELE,BAT,2026-03-26,0,0,0,0,0,0,0,0,0,0,0,0,0,0,0,0,0,0,0,0,0,0,0,0,0,0,0,0,0,0,0,0,0,0,0,0,0,0,0,0,0,0,0,0,0,0,0,0,,
HLY,HLY0331,WAIK,rotohiko,ELE,BAT,2026-03-27,0,0,0,0,0,0,0,0,0,0,0,0,0,0,0,0,0,0,0,0,661,3138,138,2533,4665,3098,1116,1975,1808,1273,1173,1559,3104,2144,68,0,0,0,0,0,0,0,0,0,0,0,0,0,,
HLY,HLY0331,WAIK,rotohiko,ELE,BAT,2026-03-28,0,0,0,0,0,0,0,0,0,0,0,0,0,0,0,0,0,0,0,0,0,1,0,786,1640,5480,4913,4457,3902,4966,3503,1714,4713,3179,61,0,0,0,0,0,0,0,0,0,0,0,0,0,,
HLY,HLY0331,WAIK,rotohiko,ELE,BAT,2026-03-29,0,0,0,0,0,0,0,0,0,0,0,0,0,0,0,0,0,0,0,0,0,0,0,131,1420,1536,404,4233,4474,2339,2156,535,0,0,0,0,0,0,0,0,0,0,0,0,0,0,0,0,,
HLY,HLY0331,WAIK,rotohiko,ELE,BAT,2026-03-30,0,0,0,0,0,0,0,0,0,0,0,0,0,0,0,0,0,0,0,50,848,2002,2517,2895,1813,723,4,220,1343,530,71,147,0,14,0,0,0,0,0,0,0,0,0,0,0,0,0,0,,
HLY,HLY0331,WAIK,rotohiko,ELE,BAT,2026-03-31,0,0,0,0,0,0,0,0,0,0,0,0,0,0,0,0,0,0,0,65,951,5316,627,2627,1587,1066,2658,303,1564,2208,418,209,1341,97,16,0,0,0,0,0,0,0,0,0,0,0,0,0,,
HLY,HLY2201,GENE,huntly_1_4,Coal,Thrml,2026-03-01,42060,27676,26011,26113,26194,26337,26406,26435,26503,26471,26497,26474,26444,26461,38574,51381,68750,87614,90769,90549,90345,90230,74682,71084,54784,50479,50783,50932,51072,51178,68098,87424,99539,100614,105142,105474,105529,103619,103048,102904,103557,99450,90117,74164,54959,50605,50849,43455,,
HLY,HLY2201,GENE,huntly_1_4,Coal,Thrml,2026-03-02,28802,17469,16989,17112,17154,17140,17208,17257,17302,17297,17309,26117,39171,64554,86585,104233,107459,107296,106844,105027,105038,105491,104441,103350,104104,91149,87962,96328,90720,89227,91969,103185,104408,104132,104474,104478,104290,104362,104438,104408,90623,88042,73597,71048,55388,51374,42745,28891,,
HLY,HLY2201,GENE,huntly_1_4,Coal,Thrml,2026-03-03,26541,26628,26662,26844,26912,26920,26888,26905,26871,26925,39089,51594,61485,71300,86197,101608,104375,104532,104393,104313,90770,88009,73935,71082,71671,71940,72117,56112,51563,51676,51815,51833,51811,51515,68282,72098,72064,85696,88075,88039,87816,87894,88881,73419,70805,70939,54575,41068,,
HLY,HLY2201,GENE,huntly_1_4,Coal,Thrml,2026-03-04,27188,25855,25908,26039,26158,26302,26419,26431,26407,26385,38427,51378,61206,71227,87084,111634,112752,92064,88608,88200,89606,88317,88226,88017,87980,87958,87846,87872,87863,87905,87844,87997,87994,85080,88039,88950,89131,90111,90942,90564,90860,89493,88209,76655,67124,61640,56509,41737,,
HLY,HLY2201,GENE,huntly_1_4,Coal,Thrml,2026-03-05,26159,25523,25552,25504,25514,25618,25623,25661,25692,25650,38350,50120,60591,70855,88343,102395,104542,104753,104702,104578,104539,104553,90646,76386,74655,71827,55817,50663,42213,40381,49650,60631,61367,70131,71154,75775,76010,93816,98076,98134,98225,90023,89360,84499,84260,72375,70462,61783,,
HLY,HLY2201,GENE,huntly_1_4,Coal,Thrml,2026-03-06,44640,39625,40527,40764,40788,40815,40837,40772,40793,40806,40849,49665,51470,60023,70172,86664,89599,89396,89202,88706,88825,88595,72882,69862,70174,54418,49634,50104,50140,50113,50105,66767,71127,71040,70844,70769,70743,70640,70577,70559,70608,70548,70512,70466,70503,70538,54201,40764,,
HLY,HLY2201,GENE,huntly_1_4,Coal,Thrml,2026-03-07,26234,25282,25484,25405,25468,25574,25662,25668,25671,25661,38259,50031,60161,65724,65902,65809,65725,65688,65687,65603,65516,65525,65529,65519,65439,65432,52894,50020,50463,50502,50541,50589,59612,74038,86992,88014,88073,88005,87935,87882,87850,87754,87880,87785,81164,67690,52426,40639,,
HLY,HLY2201,GENE,huntly_1_4,Coal,Thrml,2026-03-08,26545,25462,25762,25732,25603,25682,25670,25583,25617,25670,38180,41128,41011,49515,51078,51108,50795,50701,50720,50787,50820,50796,50883,50881,50861,50862,42045,40273,40790,41044,41066,50021,68538,72128,71811,85466,90166,90469,90510,90408,90695,90697,90941,75597,71890,71882,56026,41750,,
HLY,HLY2201,GENE,huntly_1_4,Coal,Thrml,2026-03-09,28046,26612,26729,26760,26644,26685,26729,26665,26782,35789,49104,61593,67452,77076,94601,112535,112866,103050,103095,90535,87826,87960,88005,87617,87517,87890,100486,102553,102824,102797,102789,102763,102773,102814,103618,105067,105519,105788,92092,90135,90657,90715,75496,71863,60904,48259,32030,26302,,
HLY,HLY2201,GENE,huntly_1_4,Coal,Thrml,2026-03-10,18112,17171,17123,17206,17358,17537,17969,19036,19350,28062,41009,52909,66810,73399,83253,91936,93053,92823,85190,75546,74127,74295,75155,83726,84449,79884,77914,89986,91706,91500,91613,91045,98486,107425,106362,106070,106239,105478,105575,105561,105582,92277,91370,80035,77314,74224,58462,53737,,
HLY,HLY2201,GENE,huntly_1_4,Coal,Thrml,2026-03-11,46600,30341,28639,28945,29082,29167,29034,29127,29174,28232,45437,62095,83609,103456,111710,124943,132221,129414,130291,107741,99062,112169,113104,112423,112296,112294,112159,112962,110587,112296,113973,127052,127198,128487,126043,126482,126196,126980,126103,125903,126602,126312,126145,126493,126949,111409,101852,101925,,
HLY,HLY2201,GENE,huntly_1_4,Coal,Thrml,2026-03-12,84585,76369,76869,76966,76988,76953,76882,76864,76855,76847,76856,93955,104379,117478,130231,141833,143897,142885,142888,133834,127110,127761,127689,140271,143518,142645,142852,142237,124390,110028,115794,121955,115829,105560,109413,129890,129709,116149,110219,110825,111591,110895,114479,86337,80104,80643,82848,68841,,
HLY,HLY2201,GENE,huntly_1_4,Coal,Thrml,2026-03-13,46980,42650,42031,42049,42152,41655,41884,41859,41951,41547,49796,67088,80353,82475,104985,114410,114315,110818,103121,111253,104276,103079,111310,109049,90829,88058,94113,99792,101790,90292,102007,103833,104013,110227,105795,107354,109412,108855,105204,113755,114237,111495,113702,109933,103278,107972,108945,90291,,
HLY,HLY2201,GENE,huntly_1_4,Coal,Thrml,2026-03-14,73983,71051,62097,61008,58547,60650,61803,61121,61204,61110,70320,67674,85530,74250,71850,60341,50526,52098,69222,73532,73511,70319,55088,52150,52268,52265,52300,52250,52253,64377,73136,73419,73338,73290,85518,100584,102611,102976,102802,102687,102678,89726,87991,87919,87840,87782,87723,87707,,
HLY,HLY2201,GENE,huntly_1_4,Coal,Thrml,2026-03-15,74289,71481,62857,62359,62481,62467,62478,62466,62068,62071,71675,72246,86069,103223,106315,104633,109332,106873,111447,91423,74325,71203,54978,50909,51079,42189,41008,41308,41413,41644,52400,71524,72778,85746,93342,111879,113254,114171,114055,114027,114160,114119,104617,90361,77529,67844,67109,56131,,
HLY,HLY2201,GENE,huntly_1_4,Coal,Thrml,2026-03-16,41792,58025,62817,55002,50614,42545,42350,42506,42551,54191,53886,76299,91169,92360,93118,110561,113942,113810,99860,108153,105608,100139,100738,101089,100802,100961,101397,101542,105224,103182,105613,105177,107282,112168,108444,113147,114337,114247,114231,114010,114119,114071,114048,113894,114103,113190,113389,100347,,
HLY,HLY2201,GENE,huntly_1_4,Coal,Thrml,2026-03-17,88987,73832,70545,71333,69440,62590,55225,62005,69240,68480,90096,103929,109946,114450,114593,114136,114084,114296,109534,103844,100849,113137,117001,116768,110737,99262,99728,97653,105167,109909,115451,116685,116889,116246,116193,116756,116420,116671,116536,116759,116484,114495,114213,113897,113979,113664,99856,88611,,
HLY,HLY2201,GENE,huntly_1_4,Coal,Thrml,2026-03-18,88065,87719,87555,87670,87897,85437,85040,85218,85333,84746,88021,107726,112441,113787,113777,113781,114260,110693,112227,109307,100428,110558,114443,113791,113983,113462,114441,113910,114200,113702,113869,114053,114064,114486,114020,113138,114640,113083,114042,114076,113458,113973,113385,113968,114216,113822,113803,113189,,
HLY,HLY2201,GENE,huntly_1_4,Coal,Thrml,2026-03-19,113144,114019,113695,112888,113969,113714,111949,100434,103925,110532,111853,112357,112647,113740,113413,114399,112871,114162,114320,114030,113354,105063,102958,110893,113600,99581,97488,102649,109569,99869,113795,114096,113882,111937,108645,110674,114159,114163,114193,114444,114289,114017,114438,114094,114116,114425,114269,114248,,
HLY,HLY2201,GENE,huntly_1_4,Coal,Thrml,2026-03-20,113435,113798,113540,114164,113080,113960,113788,113734,113063,113450,113908,111045,112043,111666,111789,113857,114116,114215,111381,109529,106541,110967,114396,113873,114482,114089,114104,114031,113707,114351,113930,114165,113983,113853,114181,113983,113991,113941,114266,114290,114130,113971,114013,108463,103588,111737,114257,114272,,
HLY,HLY2201,GENE,huntly_1_4,Coal,Thrml,2026-03-21,113763,113796,114393,113744,114157,114240,113941,114225,113668,114226,113939,113793,113724,113705,114249,114351,113816,113604,113983,114116,113365,113938,113311,108183,97438,109950,109690,103736,106649,110382,114327,114302,114323,113711,113889,114076,114455,113876,114143,113440,113624,114252,114102,113720,114313,102410,97780,87120,,
HLY,HLY2201,GENE,huntly_1_4,Coal,Thrml,2026-03-22,85545,80867,103303,113351,113611,114387,113515,113663,114176,112430,114049,113371,113020,112210,107236,112863,114080,113160,113539,100240,81074,93219,90746,81672,67836,71060,79863,103290,113880,114285,114212,113797,113710,113675,113670,113456,113823,113742,113794,113928,114580,105383,108297,109730,99280,99232,109814,103657,,
HLY,HLY2201,GENE,huntly_1_4,Coal,Thrml,2026-03-23,109225,107830,97614,92688,100454,100300,103609,102716,105584,118207,131299,149878,160331,164530,169150,169403,169332,168103,163799,146931,145420,145232,146508,145960,145868,147189,147757,149620,141286,153179,167461,158171,170873,162721,168060,192144,204778,205813,206533,205738,205235,191533,182975,168887,160225,154180,159770,150225,,
HLY,HLY2201,GENE,huntly_1_4,Coal,Thrml,2026-03-24,128853,108034,97589,96488,98441,93192,93044,88669,84885,85992,98807,142228,156575,170271,179577,194689,195874,195228,182757,181500,182864,176549,162432,148292,139788,121059,133894,129492,130274,128007,137766,133284,153948,167965,174139,192549,209118,210791,211258,210415,205182,192542,190014,175853,169537,169142,161638,157756,,
HLY,HLY2201,GENE,huntly_1_4,Coal,Thrml,2026-03-25,136489,130908,131523,115303,100859,94044,94951,94915,95224,89615,87848,106674,115165,116499,114052,114332,116778,112980,114277,98990,91715,90721,76603,57424,60761,70730,72793,73668,73467,63845,72370,74076,73336,73321,72967,72957,72964,73030,72993,73146,73534,73329,73076,73101,72496,73744,58243,34446,,
HLY,HLY2201,GENE,huntly_1_4,Coal,Thrml,2026-03-26,2940,0,0,0,0,0,0,0,0,0,0,0,21294,45998,53459,52390,52220,52455,51959,68535,56954,50511,50365,51922,51577,61800,60575,51052,65192,66006,66816,65274,65320,65927,59273,60797,50590,50025,51026,50253,60847,50685,49795,50585,50744,33056,2974,0,,
HLY,HLY2201,GENE,huntly_1_4,Coal,Thrml,2026-03-27,0,0,0,0,0,0,0,0,0,0,0,0,21255,44053,51858,51671,51724,50047,51256,51286,51171,51081,51274,50603,50628,51063,50687,50819,51515,50945,51762,31950,3375,0,0,0,0,0,0,0,0,0,0,0,0,0,0,0,,
HLY,HLY2201,GENE,huntly_1_4,Coal,Thrml,2026-03-30,0,0,0,0,0,0,4125,8901,14339,19303,28717,39636,50257,52547,65774,77096,77426,75836,82958,84041,88720,71741,65202,73945,83740,78661,75669,58519,48763,49875,67355,84840,86558,75319,75595,75328,56648,48959,49662,49607,49568,49812,49709,49513,50435,49868,30267,2789,,
HLY,HLY2201,GENE,huntly_1_4,Coal,Thrml,2026-03-31,0,0,0,0,0,0,0,0,0,0,0,14026,46711,62664,77553,87169,76907,73494,80379,87288,84130,76808,80942,56804,49573,50610,49509,50958,50728,49952,51243,49469,50843,49971,50918,54870,52290,50623,52486,55050,51832,49662,60432,64710,63312,59701,50263,49989,,
HLY,HLY2201,GENE,huntly_e3p,Gas,Thrml,2026-03-19,0,0,0,0,0,0,0,0,0,0,0,0,0,0,0,0,2980,23336,0,0,0,0,0,0,0,0,0,0,0,0,0,0,0,0,0,0,0,0,0,0,0,0,0,0,0,0,0,0,,
HLY,HLY2201,GENE,huntly_e3p,Gas,Thrml,2026-03-22,0,0,0,0,0,0,0,0,0,0,0,0,0,0,0,0,3098,25405,26623,29253,33581,51212,72859,93257,123519,125141,99208,22831,0,0,0,0,0,0,0,0,0,0,0,0,0,0,0,0,0,0,0,0,,
HLY,HLY2201,GENE,huntly_e3p,Gas,Thrml,2026-03-25,0,0,0,0,0,0,0,0,0,3154,31356,38637,59478,92821,98735,98729,98736,98747,108593,108703,108696,108701,103993,112937,113739,118732,113794,113721,113703,109146,113706,113719,118592,118939,128130,119663,123715,128725,128728,128711,126570,123464,108935,98901,98727,98735,108504,107623,,
HLY,HLY2201,GENE,huntly_e3p,Gas,Thrml,2026-03-26,114820,105490,98566,100552,96667,98968,97970,97554,98920,96742,99893,99279,105507,107835,113538,130691,130528,121725,118412,121940,109800,115943,121220,127899,128714,124440,118067,122418,120496,120804,126387,137082,126929,130979,143089,129668,128711,128730,138603,133696,123752,121382,116542,116259,113888,114220,119045,105948,,
HLY,HLY2201,GENE,huntly_e3p,Gas,Thrml,2026-03-27,101735,100148,98219,96754,96956,98230,98896,96923,98005,98437,97862,108053,116796,113837,123679,123693,130208,130703,120330,116158,121255,121407,121401,121404,121396,121395,121401,121395,99900,108530,111384,111381,111385,131510,132373,153982,150921,155718,155377,155387,152093,136631,128559,116023,103714,102909,98722,98733,,
HLY,HLY2201,GENE,huntly_e3p,Gas,Thrml,2026-03-28,119688,104228,97263,96650,97159,98415,99191,100216,97298,98458,103396,113417,112889,125434,123771,139915,130514,137684,137730,137726,137735,136338,130774,127422,125376,115459,109529,102055,100397,101435,109827,111986,118977,131916,150197,158559,168666,173708,178417,176473,171517,141197,134685,121339,105815,100448,113594,118737,,
HLY,HLY2201,GENE,huntly_e3p,Gas,Thrml,2026-03-29,140063,133923,124065,132950,129745,124164,110119,105736,108138,109842,110652,101217,98749,98726,98728,99528,106216,98878,111245,121025,118760,131038,131342,128744,148135,141721,138672,128780,128724,128722,128726,133670,138644,136791,159761,177696,183602,186875,181717,176187,153267,143038,139326,121257,99246,98729,115245,98740,,
HLY,HLY2201,GENE,huntly_e3p,Gas,Thrml,2026-03-30,99717,116244,135489,138723,138700,131798,128684,132145,118568,116037,98459,103628,132755,140810,156893,139983,136681,136392,133715,123749,123710,131277,121652,118014,133099,115756,98736,98390,98749,98716,108336,113727,132882,114797,130566,143335,148727,158614,158681,156394,137202,115250,104112,110822,103865,99245,106259,106576,,
HLY,HLY2201,GENE,huntly_e3p,Gas,Thrml,2026-03-31,107973,108137,110945,107546,101241,97731,97843,98378,97083,97105,100071,98288,108804,120239,140953,123040,115457,116358,125966,131371,128721,131348,131406,143557,147314,134934,117044,109145,101413,101400,108671,111446,130669,121927,142988,156188,154631,171313,173686,168690,156552,146417,143552,133869,143534,131453,118912,118727,,
HLY,HLY2201,GENE,huntly_p40,Gas,Thrml,2026-03-13,0,0,0,0,0,0,0,0,0,0,0,0,17579,20987,21007,21089,20947,20698,20318,20186,19861,713,0,0,0,0,0,0,0,0,0,0,17224,20006,19946,19922,19992,20046,20143,20258,20350,20472,668,0,0,0,0,0,,
HLY,HLY2201,GENE,huntly_p40,Gas,Thrml,2026-03-16,0,0,0,0,0,0,0,0,0,0,0,0,0,0,18622,22401,22420,21924,21939,21915,21889,21435,21419,21348,20885,20566,20616,20651,20569,20427,20329,20202,20110,20144,20094,20125,20191,20538,20822,21093,21371,21425,21726,881,0,0,0,0,,
HLY,HLY2201,GENE,huntly_p40,Gas,Thrml,2026-03-17,0,0,0,0,0,0,0,0,0,0,0,19880,22428,22427,22733,22841,22790,22691,22608,22493,22149,21548,21011,20899,20539,20261,20239,20135,20054,19857,19700,19672,19777,19765,19614,19581,19721,19982,20441,20820,21116,21379,21627,21666,21801,956,0,0,,
HLY,HLY2201,GENE,huntly_p40,Gas,Thrml,2026-03-18,0,0,0,0,0,0,0,0,0,0,0,0,5,20731,22720,22763,22783,22785,22577,22165,21595,21104,20707,20411,20228,19900,19856,19748,19459,19498,19491,19466,19404,19305,19448,19688,19833,20050,20255,20643,20906,21138,21228,21372,21438,1478,0,0,,
HLY,HLY2201,GENE,huntly_p40,Gas,Thrml,2026-03-20,0,0,0,0,0,0,0,0,0,0,0,0,0,0,0,0,17905,21466,22108,21735,21269,20807,20446,20208,20134,20093,19840,19790,19605,19322,19289,19417,19440,19258,19291,19359,19597,20015,20367,20719,21023,21262,21455,21649,21737,21742,21870,21906,,
HLY,HLY2201,GENE,huntly_p40,Gas,Thrml,2026-03-21,1486,0,0,0,0,0,0,0,0,0,0,0,0,0,0,0,0,0,0,0,0,0,0,0,0,0,0,0,0,0,0,0,0,0,0,0,0,0,0,0,0,0,0,0,0,0,0,0,,
HLY,HLY2201,GENE,huntly_p40,Gas,Thrml,2026-03-22,0,0,0,0,0,0,0,0,0,0,0,0,18756,21929,21935,21917,21928,21923,21926,21908,21449,21199,20847,20540,974,0,0,0,0,0,0,0,0,17259,20434,20566,20771,20941,21153,20939,20923,20936,20942,21436,21431,642,0,0,,
HRP,HRP2201,MERI,Harapaki,Wind,Wind,2026-03-01,0,377,3650,10591,15428,16246,16608,13537,11107,14373,10525,9430,10978,11986,10366,10342,9102,12002,14902,14696,20393,27070,24851,29005,32139,45203,52505,54755,49007,38329,19664,1276,1284,17137,17278,9570,16528,18024,16543,14119,9405,7167,7268,3716,1259,1727,649,231,,
HRP,HRP2201,MERI,Harapaki,Wind,Wind,2026-03-02,494,1,4860,48940,62069,49777,43536,42851,44502,44464,48929,47221,58840,72495,69070,68321,70033,64869,65682,62701,60349,58090,76621,71504,60964,64357,54989,54066,53267,56348,54616,66418,64106,43589,64821,59513,65945,56629,63852,67609,63487,66863,71551,67818,67675,72460,73286,73237,,
HRP,HRP2201,MERI,Harapaki,Wind,Wind,2026-03-03,72372,68742,68004,67085,70647,73042,69467,70699,73132,69988,69886,70193,71153,69006,69806,68308,61225,61707,62777,62392,63841,60346,67512,69832,75535,72592,68498,58271,67993,60853,54812,52034,57460,58518,55228,59653,62384,55197,51887,56562,58205,61855,60258,65492,68317,66825,66605,71871,,
HRP,HRP2201,MERI,Harapaki,Wind,Wind,2026-03-04,72884,70312,68685,74170,70102,70024,65464,64478,67636,64985,62447,64759,62620,60511,60014,50731,48464,40857,28980,38501,39495,25163,24113,19563,15485,10498,9629,7659,3070,1179,2433,3803,2096,1760,1559,3494,1608,186,0,0,0,0,0,0,0,0,0,0,,
HRP,HRP2201,MERI,Harapaki,Wind,Wind,2026-03-05,0,0,0,0,0,0,1547,4301,6723,6025,5817,7403,6190,5838,4937,3476,4003,3760,4058,2959,2933,3083,1856,927,143,158,21,5,2,2,90,860,494,1259,2916,126,109,1313,2431,4535,10831,14872,23057,26894,26676,27582,28810,33955,,
HRP,HRP2201,MERI,Harapaki,Wind,Wind,2026-03-06,33455,33041,38808,31951,28148,25112,26170,27272,26873,28884,34133,36901,42103,43451,46114,49560,46541,42417,42507,45468,43056,44947,46990,45954,36934,35305,30524,26272,23363,21711,23272,19969,13693,10813,11597,12231,10501,11368,11985,13054,16894,17520,17917,15253,13105,12214,14127,12442,,
HRP,HRP2201,MERI,Harapaki,Wind,Wind,2026-03-07,10947,11909,15772,13592,12484,13482,11408,11212,11436,10284,16803,15818,12365,9093,2514,1275,899,214,81,0,0,0,0,1,2,0,0,0,0,0,0,101,206,354,364,311,7,109,795,3845,11740,20719,21967,25102,25050,29424,34105,41613,,
HRP,HRP2201,MERI,Harapaki,Wind,Wind,2026-03-08,43834,48685,54888,50357,42860,37862,40343,35133,28293,24006,20372,26366,33725,38024,40391,42730,35998,32092,26885,17960,16138,14196,10379,8177,11746,17451,22330,16569,17472,10159,16200,18625,19182,18510,17938,15263,11730,11810,12301,9792,7627,8537,8852,10526,20818,25100,33266,45373,,
HRP,HRP2201,MERI,Harapaki,Wind,Wind,2026-03-09,46218,45856,48794,44740,49208,49963,70619,70187,63805,59911,51323,42082,42599,30585,12864,10395,9777,9008,13090,9726,2892,479,3,0,0,0,76,48,128,733,144,3754,3897,5466,11017,19834,15522,11798,6588,7885,11989,32730,47529,57948,58338,56339,65306,69067,,
HRP,HRP2201,MERI,Harapaki,Wind,Wind,2026-03-10,64120,56155,43581,37347,35241,34407,37832,35605,30500,31237,35341,39965,33674,35329,28544,27146,23674,19232,22163,23512,21511,24096,24751,24775,19927,13873,12031,8655,9327,12366,13941,10335,12999,11381,10796,16955,13020,9508,10493,9105,5638,4015,4885,6975,10368,11040,7337,5738,,
HRP,HRP2201,MERI,Harapaki,Wind,Wind,2026-03-11,5958,6963,6086,7281,8425,6724,4439,4304,5696,4756,6240,7928,9157,10479,8668,9862,9068,7147,4499,6343,6131,2941,1409,482,419,2357,2582,2662,1967,1163,264,707,1553,2652,3995,4407,4941,6407,2577,1736,5986,7526,12349,13358,12495,9226,7310,5442,,
HRP,HRP2201,MERI,Harapaki,Wind,Wind,2026-03-12,8079,7332,8935,7128,7898,7317,10218,13558,11605,10356,13523,13235,17604,24779,28326,35941,31063,29756,20831,16166,10831,21587,20430,12075,9314,5077,1784,1787,2670,2147,4255,7198,7599,7785,14305,19873,23370,22493,16225,15440,16369,10919,5911,6544,7648,9441,10668,12368,,
HRP,HRP2201,MERI,Harapaki,Wind,Wind,2026-03-13,11715,7571,5237,7615,7703,9524,19260,40647,60332,68005,60815,62604,60398,56242,56203,51501,51821,37009,27988,30948,37978,42189,39460,44292,37079,37757,45374,36529,43345,59607,59361,55142,57409,49208,60460,66447,73080,76636,78054,78859,74383,78223,73948,74277,77031,83329,85363,84971,,
HRP,HRP2201,MERI,Harapaki,Wind,Wind,2026-03-14,86288,86581,85920,86456,83927,81045,78428,64113,56423,38370,24166,5863,528,99,0,0,0,555,2440,4931,3172,4366,3834,6807,11335,10539,7631,11303,9763,6651,5836,7105,21280,26808,36977,29664,31816,25680,20814,16532,16445,18907,20896,17100,13434,14677,12710,7031,,
HRP,HRP2201,MERI,Harapaki,Wind,Wind,2026-03-15,6033,3782,5198,3365,3432,2054,1321,633,78,444,233,19,42,18,468,424,0,0,4,2,4,1,0,0,0,0,0,0,0,0,0,0,5,743,2794,1974,2081,540,35,13,8,0,0,0,0,0,0,0,,
HRP,HRP2201,MERI,Harapaki,Wind,Wind,2026-03-16,0,926,6517,8086,11014,18794,25858,29759,29618,31168,35245,35355,33365,25756,29077,31719,33055,33427,23610,22919,24617,25049,33082,39046,39659,42637,45657,46840,45903,43720,40057,34558,30642,23281,21155,22080,20177,20501,21365,23207,22138,18896,17441,18424,18573,19968,25951,23334,,
HRP,HRP2201,MERI,Harapaki,Wind,Wind,2026-03-17,21354,24530,27852,26480,30819,28461,28099,27375,24201,23548,22788,17344,10636,7077,4853,4064,1992,2810,2140,889,1537,734,312,1,0,61,1,17,94,804,1228,1739,2144,2355,2323,3692,1706,597,580,416,818,495,642,1569,4930,10963,15181,18072,,
HRP,HRP2201,MERI,Harapaki,Wind,Wind,2026-03-18,22638,24714,25245,23077,24557,24582,21000,20414,13340,16118,18287,16389,16075,13807,15252,27501,38962,37502,31000,26892,26016,22831,14705,8968,5819,5586,4370,2590,1517,2008,906,65,0,1004,487,126,40,0,0,0,0,34,2513,9584,9621,8422,11802,18014,,
HRP,HRP2201,MERI,Harapaki,Wind,Wind,2026-03-19,23630,22381,19679,25980,31435,38285,40811,51815,57981,55835,50266,49248,44927,44476,42101,45376,40182,43237,47215,44863,48109,49128,48137,54784,48710,58171,57260,55605,58026,61901,65127,58574,54324,61844,60607,59938,59169,60979,59007,61976,59990,62370,65220,58370,57272,58863,60783,62408,,
HRP,HRP2201,MERI,Harapaki,Wind,Wind,2026-03-20,57187,53124,52503,46558,50570,55504,62697,59963,57950,62424,56716,53153,49147,55274,54241,56570,54040,53455,53821,51357,56415,51217,49493,45172,34604,28408,26354,23996,18448,16417,16181,13884,13614,7766,12394,12832,11241,17901,15994,16767,17246,14549,6589,7506,6587,5315,4002,7949,,
HRP,HRP2201,MERI,Harapaki,Wind,Wind,2026-03-21,19909,22374,24829,13004,5630,2639,1786,1868,606,444,637,1129,208,184,287,50,0,0,0,0,0,0,0,0,0,0,21,163,613,1303,3041,3606,3115,1602,371,0,0,0,0,0,0,0,0,0,0,0,0,0,,
HRP,HRP2201,MERI,Harapaki,Wind,Wind,2026-03-22,510,2874,5026,8183,12301,12758,10705,12161,12863,11270,6958,5255,2872,1526,1635,1221,1275,997,1274,1120,557,6,0,0,0,0,2,316,1994,5152,6795,6377,4792,4174,1437,9,334,869,1917,2146,4236,5257,6726,6302,3289,3262,1006,559,,
HRP,HRP2201,MERI,Harapaki,Wind,Wind,2026-03-23,53,1833,179,1,1,16,150,134,357,269,1005,695,854,61,43,5,566,971,163,4,451,807,839,924,1029,759,1910,2350,1568,1105,753,1217,2309,2762,2174,1353,1765,2808,1291,631,235,31,160,302,279,841,1094,133,,
HRP,HRP2201,MERI,Harapaki,Wind,Wind,2026-03-24,1520,2346,3744,3110,4498,5411,9647,9293,6752,3176,717,135,0,0,0,0,0,0,0,0,0,0,0,0,0,0,0,0,1724,289,379,0,480,1863,926,326,1,290,72,0,0,0,12,452,2943,6078,8560,8586,,
HRP,HRP2201,MERI,Harapaki,Wind,Wind,2026-03-25,14109,14373,12343,10717,10526,9760,9764,9547,6986,5920,4007,2539,1713,540,99,2,0,0,0,0,2,5,0,1,0,0,411,1770,1992,2466,2698,1240,758,265,53,297,2422,3285,4520,6042,7238,5818,7928,5940,5241,3608,5952,8049,,
HRP,HRP2201,MERI,Harapaki,Wind,Wind,2026-03-26,9985,35771,27689,23848,28907,30744,34715,26105,13503,36688,43063,38517,34538,35053,32007,36831,30907,39630,43767,43527,53909,49169,37975,34160,34113,29295,27806,16962,21360,26040,24571,23015,18869,20282,19182,24080,23296,23878,26060,26131,37822,46361,51097,48499,50382,34056,72149,77590,,
HRP,HRP2201,MERI,Harapaki,Wind,Wind,2026-03-27,78388,64772,67483,76883,80694,80443,79491,82460,81851,79279,76951,77204,75747,67016,61015,36874,42196,37148,35187,54890,55405,64697,57514,64025,51796,45319,47857,37271,42144,39413,31248,41217,32749,35391,58926,71792,73601,73182,71384,69617,79025,81391,80381,74436,65969,68404,53003,51435,,
HRP,HRP2201,MERI,Harapaki,Wind,Wind,2026-03-28,49024,54631,61219,66139,66675,62135,64768,54990,48672,48287,46000,56346,54765,40522,41384,42020,39357,28992,24383,27287,29684,34944,40692,52446,54567,63757,52108,41970,50445,46998,32356,32732,33906,31109,25923,21074,15719,9295,8313,6150,2621,2081,876,1595,4418,6372,10557,10555,,
HRP,HRP2201,MERI,Harapaki,Wind,Wind,2026-03-29,17871,23186,27368,25384,21803,14577,11117,14590,14245,18551,24713,25184,23526,15806,6243,4884,6371,5464,5880,7045,5616,2595,419,0,0,0,400,3749,5094,20387,21334,16824,16249,17731,14321,17572,39793,40043,42531,69641,76567,55787,74037,80998,85883,80879,79153,85184,,
HRP,HRP2201,MERI,Harapaki,Wind,Wind,2026-03-30,83976,71749,65955,77444,83233,82244,79911,58477,59431,76731,79475,80995,76409,62060,51548,32580,34343,46827,29052,21267,24735,26119,27279,21817,20633,27739,26324,29846,35856,36361,13220,1664,1559,2473,697,1545,5089,6681,2418,1452,1728,1,1082,1202,10407,19369,26492,31788,,
HRP,HRP2201,MERI,Harapaki,Wind,Wind,2026-03-31,32287,39723,37975,36068,36458,36834,36005,36718,34475,43661,44113,25727,12073,5422,1143,1536,11557,13693,7237,481,3126,4466,4422,6478,10366,13831,15752,16582,21475,17168,22865,33754,32317,44889,47284,50338,45488,50765,53434,52123,47408,32931,34353,31524,31644,27836,23546,16231,,
HWA,HWA1101,CNIR,patea,Hydro,Hydro,2026-03-01,1118,1401,1389,113,273,274,273,272,274,274,274,274,1364,1392,1388,138,276,276,276,277,277,276,276,276,1562,1702,1723,143,279,278,280,280,279,279,277,279,1397,1483,1474,508,460,131,278,278,278,276,276,275,,
HWA,HWA1101,CNIR,patea,Hydro,Hydro,2026-03-02,1659,1790,1787,119,277,276,275,275,275,274,275,274,986,1408,1492,112,275,276,274,276,277,276,277,277,1406,1513,1524,294,252,278,278,278,277,277,277,277,1745,1792,1781,258,275,275,274,275,274,274,273,272,,
HWA,HWA1101,CNIR,patea,Hydro,Hydro,2026-03-03,1431,1488,1490,116,278,277,275,274,273,273,274,273,1472,1505,1498,226,1860,138,275,277,277,278,275,275,1476,1835,1829,206,277,277,278,280,279,279,279,278,1687,1816,1817,331,258,278,274,275,274,273,271,271,,
HWA,HWA1101,CNIR,patea,Hydro,Hydro,2026-03-04,1369,1491,1492,198,275,278,277,275,275,276,273,272,1422,1462,2305,7176,4297,766,712,703,1341,700,700,703,693,686,680,672,671,661,632,619,618,616,114,276,1407,1670,1671,134,275,275,274,857,429,217,2119,426,,
HWA,HWA1101,CNIR,patea,Hydro,Hydro,2026-03-05,1360,1404,1410,120,272,273,272,272,269,269,268,267,2222,2314,2714,2750,259,274,277,277,277,276,276,276,1374,1444,1452,494,458,128,275,275,276,276,276,276,1693,1741,1739,145,275,274,273,271,271,270,271,272,,
HWA,HWA1101,CNIR,patea,Hydro,Hydro,2026-03-06,1322,1440,1445,141,273,274,272,269,271,271,271,271,1640,1758,1762,165,276,276,275,274,272,273,274,274,1374,1496,1504,117,276,276,277,276,276,276,276,275,1437,1508,1490,131,275,274,274,273,273,273,273,272,,
HWA,HWA1101,CNIR,patea,Hydro,Hydro,2026-03-07,1149,1544,1468,152,273,273,273,273,273,273,272,272,1127,1453,1454,389,158,273,272,272,271,273,274,274,1410,1444,1473,170,274,275,276,276,275,275,275,274,1406,1448,1453,141,274,273,274,273,272,272,271,272,,
HWA,HWA1101,CNIR,patea,Hydro,Hydro,2026-03-08,1716,1728,1715,206,274,274,274,274,274,272,273,273,1379,1443,1432,157,275,275,275,275,274,273,274,274,1656,1753,1773,137,274,274,274,274,275,274,275,274,1370,1464,1471,243,247,276,273,269,264,263,262,260,,
HWA,HWA1101,CNIR,patea,Hydro,Hydro,2026-03-09,1505,1747,1738,126,273,274,275,275,428,424,427,427,1011,554,4130,4740,4426,1253,441,442,444,451,452,459,1403,1437,1436,128,176,938,192,181,181,183,181,180,1289,1725,1724,1726,432,180,180,182,182,180,181,462,,
HWA,HWA1101,CNIR,patea,Hydro,Hydro,2026-03-10,1708,1730,1725,274,183,184,183,185,186,186,186,1005,1177,1305,1526,89,183,183,180,180,180,183,182,1378,1480,1482,1472,124,183,184,184,185,186,737,620,1487,1604,1728,1721,304,184,185,183,182,181,180,180,1420,,
HWA,HWA1101,CNIR,patea,Hydro,Hydro,2026-03-11,1673,1669,1672,440,178,177,177,178,176,178,178,1327,1543,1426,1432,107,737,127,279,172,176,177,178,1008,1731,1719,1714,98,179,180,218,68,181,181,180,1668,1777,1903,1898,222,176,175,177,176,173,174,1706,1616,,
HWA,HWA1101,CNIR,patea,Hydro,Hydro,2026-03-12,1643,1635,1637,203,175,175,175,176,177,175,177,2809,3516,1922,1705,192,179,180,180,181,181,181,180,1420,1445,1439,1445,79,180,180,181,182,181,180,3682,4692,1786,2865,2373,2207,5757,4861,6624,7685,5434,5553,4845,2245,,
HWA,HWA1101,CNIR,patea,Hydro,Hydro,2026-03-13,1635,1655,1659,287,174,175,176,176,175,176,178,1525,1526,2416,1953,206,178,180,182,181,181,181,182,224,1757,2837,5470,4193,4657,82,185,185,185,183,183,1419,1528,1668,1674,182,176,176,175,176,178,177,848,1462,,
HWA,HWA1101,CNIR,patea,Hydro,Hydro,2026-03-14,1935,1915,1882,309,177,178,180,180,184,183,183,1570,1873,1748,1738,165,183,180,176,178,180,180,181,1419,1485,1512,1491,88,184,182,182,182,182,183,182,1399,1507,3786,4606,4607,4609,2087,1357,175,176,176,176,1847,,
HWA,HWA1101,CNIR,patea,Hydro,Hydro,2026-03-15,1924,1907,1904,185,175,178,176,178,179,179,177,1582,1829,1729,1729,86,179,178,180,179,179,178,181,1441,1714,1700,1693,74,180,181,182,179,179,128,180,1480,2255,1883,1982,4034,4249,174,175,175,174,175,175,1549,,
HWA,HWA1101,CNIR,patea,Hydro,Hydro,2026-03-16,1628,1626,1613,175,176,176,176,176,177,177,178,1580,1562,1473,1459,158,179,178,179,180,181,185,184,1443,1530,1538,1534,136,185,186,185,185,187,186,185,2150,1910,1959,2431,309,1803,3561,176,382,335,352,179,1531,,
HWA,HWA1101,CNIR,patea,Hydro,Hydro,2026-03-17,1970,1965,1960,233,179,179,178,179,179,180,182,1961,2841,2739,4486,4779,5073,2259,157,179,179,178,180,1250,1450,1464,1465,102,180,181,180,179,177,1919,1992,4810,4885,4883,4879,9178,9299,8768,9190,4520,4036,5478,7758,3380,,
HWA,HWA1101,CNIR,patea,Hydro,Hydro,2026-03-18,4544,2249,1635,272,173,175,175,175,177,176,176,2116,1959,3587,5776,3592,676,177,346,103,179,179,6097,4521,1929,1826,1685,159,181,181,182,181,501,258,2622,1998,7263,9584,13281,13677,12242,3618,378,175,174,174,174,1853,,
HWA,HWA1101,CNIR,patea,Hydro,Hydro,2026-03-19,1913,1912,1896,173,175,178,183,183,183,179,179,1577,1589,1505,1528,102,181,182,182,182,184,184,185,1200,1522,1529,1528,141,183,185,186,186,186,186,185,1250,1848,1984,1983,251,180,181,180,179,178,179,180,946,,
HWA,HWA1101,CNIR,patea,Hydro,Hydro,2026-03-20,1984,1973,1972,357,180,178,178,178,176,177,177,1269,1537,1447,1447,124,176,12408,13583,745,0,0,0,0,0,0,0,140,179,181,1357,1420,1476,1493,191,1692,1845,1980,1974,369,182,182,184,184,182,181,182,1873,,
HWA,HWA1101,CNIR,patea,Hydro,Hydro,2026-03-21,1944,1939,1937,328,177,178,177,177,179,178,178,1513,1534,1446,1449,130,179,179,178,180,180,180,181,1321,1451,1452,1451,72,180,180,179,179,179,179,181,1430,1505,1643,1648,259,177,177,177,176,174,175,176,1819,,
HWA,HWA1101,CNIR,patea,Hydro,Hydro,2026-03-22,1940,1931,1934,330,174,174,173,174,173,175,173,1910,1834,1750,1745,148,176,174,177,176,176,176,178,1315,1437,1435,1438,95,179,179,180,182,180,180,181,1269,1773,1905,1899,307,178,176,176,175,177,177,178,1464,,
HWA,HWA1101,CNIR,patea,Hydro,Hydro,2026-03-23,1643,1640,1630,331,176,175,177,177,177,178,177,1563,1529,1440,1434,199,171,174,175,177,176,176,178,1351,1414,1421,1426,148,178,179,179,179,178,178,179,1325,1447,1593,1587,173,175,175,175,175,174,174,174,1827,,
HWA,HWA1101,CNIR,patea,Hydro,Hydro,2026-03-24,1913,1894,1886,190,172,173,173,173,174,176,174,1870,1795,1695,1696,130,175,175,174,175,175,176,177,1324,1413,1415,1402,104,180,179,179,178,177,179,177,178,1172,1620,1611,187,175,176,174,176,175,171,173,173,,
HWA,HWA1101,CNIR,patea,Hydro,Hydro,2026-03-25,1803,1899,1882,184,172,172,173,172,172,173,173,173,1745,1701,1686,18,121,175,175,176,269,419,105,175,1333,1432,1418,154,176,178,178,179,179,178,179,179,1743,1913,1890,304,176,176,176,176,174,176,175,173,,
HWA,HWA1101,CNIR,patea,Hydro,Hydro,2026-03-26,1573,1635,1637,184,176,177,178,177,177,176,176,176,1436,1465,1471,96,178,178,177,176,177,178,179,177,1011,1457,1471,121,178,178,179,182,181,179,180,178,1841,1988,1950,314,181,182,183,184,182,181,179,181,,
HWA,HWA1101,CNIR,patea,Hydro,Hydro,2026-03-27,1324,1657,1665,211,180,181,180,180,182,182,182,184,1472,1461,1454,131,180,184,185,184,183,184,184,186,1205,1518,1508,167,186,186,184,186,184,186,187,185,1652,1731,1714,17,74,178,181,179,180,178,178,178,,
HWA,HWA1101,CNIR,patea,Hydro,Hydro,2026-03-28,1209,1731,1696,110,178,180,180,180,178,177,180,179,1640,1729,1714,59,179,177,177,179,180,180,181,182,1369,1452,1454,80,183,182,180,181,183,183,181,179,1593,1648,1644,232,178,177,179,179,179,178,178,178,,
HWA,HWA1101,CNIR,patea,Hydro,Hydro,2026-03-29,1510,1650,1643,214,177,177,177,177,176,178,178,178,1683,1721,1699,75,179,178,179,180,179,177,179,180,1327,1426,1429,80,179,178,180,181,179,180,180,181,1566,1638,1649,186,179,180,179,180,180,181,179,179,,
HWA,HWA1101,CNIR,patea,Hydro,Hydro,2026-03-30,1859,1916,1901,209,176,176,176,177,178,176,177,179,1403,1434,1460,100,182,181,181,181,181,182,181,182,1649,1727,1736,91,183,184,183,184,185,181,181,390,1488,1677,1676,180,180,184,182,46,617,727,724,725,,
HWA,HWA1101,CNIR,patea,Hydro,Hydro,2026-03-31,732,731,722,728,731,724,718,725,725,732,723,736,727,713,729,699,705,706,685,671,816,908,898,911,918,888,716,721,732,734,728,77,182,181,181,181,689,1485,1535,261,180,180,181,178,177,178,178,180,,
HWA,HWA1101,KIWI,whareroa,Gas,Cogen,2026-03-01,735,548,494,685,785,874,823,664,830,1274,1307,1029,1028,1035,1106,1229,1329,1407,1231,1295,1397,1753,1761,1767,1553,1790,1964,1855,1793,1495,1374,1672,1667,1595,1391,1450,1254,1084,1484,2231,2461,2441,2612,2515,2576,2192,1866,1577,,
HWA,HWA1101,KIWI,whareroa,Gas,Cogen,2026-03-02,1489,1425,1461,1431,1724,1721,1690,1519,1958,1787,1809,1606,1765,1536,2001,2349,2360,2657,2651,2816,2594,2494,2542,2785,2696,2922,2830,2817,2820,2669,2683,2495,2519,2217,2219,2173,2297,2330,2247,2125,2193,2170,2029,1989,1799,1867,1957,1991,,
HWA,HWA1101,KIWI,whareroa,Gas,Cogen,2026-03-03,1791,1555,1490,1505,1621,1848,2018,2164,2201,2046,1988,2102,3654,3336,3300,3426,3636,3201,2119,4199,4206,4076,4391,4513,4222,4654,4589,4184,3131,2358,2535,2458,2705,2526,2496,2510,2586,2527,2492,2480,2440,2399,2219,2295,2234,2111,2245,2249,,
HWA,HWA1101,KIWI,whareroa,Gas,Cogen,2026-03-04,2289,2426,2382,2074,2194,2198,2532,2455,2347,2492,2459,2330,2365,2661,2617,2805,2917,2780,2789,2848,2887,3768,4255,3128,2500,2363,2418,2435,2412,2035,1914,2362,2749,2707,2503,2579,2704,2637,2586,2542,2439,2446,2302,2537,2445,2561,2724,2872,,
HWA,HWA1101,KIWI,whareroa,Gas,Cogen,2026-03-05,3131,2745,2692,2692,2373,2141,2017,1628,1787,1926,2099,1772,1836,1843,2001,2908,2599,2116,2013,2264,2251,2290,2093,2133,1932,2023,2229,2099,2129,2107,1518,1641,1678,1944,1626,1506,1197,985,1199,1232,1433,1425,1290,1104,1118,1269,1118,995,,
HWA,HWA1101,KIWI,whareroa,Gas,Cogen,2026-03-06,946,874,922,1452,1818,1744,1744,1587,1825,1996,2076,2155,2147,1981,2183,2274,2365,1958,1869,1892,1960,1968,2204,2421,2208,2467,2543,2579,2855,2962,2659,2652,2327,2126,2164,2060,2287,1814,1885,1814,2006,1865,1920,1986,1974,1920,1822,1852,,
HWA,HWA1101,KIWI,whareroa,Gas,Cogen,2026-03-07,1902,1941,1975,2035,1958,2061,1882,1795,1820,1911,2159,2105,2116,1997,2069,2373,2193,2144,1966,2001,1958,2158,2191,2234,2117,2179,1844,1752,1704,1789,1744,1532,1538,1650,1610,1516,1472,1292,1473,1377,1406,1196,1120,995,975,1080,1189,1049,,
HWA,HWA1101,KIWI,whareroa,Gas,Cogen,2026-03-08,1005,1066,1128,1123,1065,1117,1169,1290,1402,1478,1540,1567,1508,1577,1486,1540,1698,1795,1988,1930,1970,1883,1888,1951,2157,2175,2452,2342,2199,1911,1914,1762,1969,2055,1874,1733,1727,1761,1849,1849,2012,1818,1617,1503,1501,1417,1461,1462,,
HWA,HWA1101,KIWI,whareroa,Gas,Cogen,2026-03-09,1431,1454,1420,1688,1631,1590,1604,1723,1811,1738,1772,1877,1943,2013,2140,2140,2198,2183,1938,1902,1875,2087,2161,2238,2181,2238,2204,2437,2314,2187,2205,2444,2219,2133,2255,2317,2400,2445,2453,2468,2564,2266,1923,1957,2043,1867,1873,1995,,
HWA,HWA1101,KIWI,whareroa,Gas,Cogen,2026-03-10,1909,1958,1944,2030,2081,2083,2000,1997,2166,2025,2080,2088,2241,2077,2417,2655,2670,2580,2110,2193,2404,2457,2330,2422,2668,2342,2376,2234,2383,2393,2475,2591,2506,1887,1508,1670,1445,1321,1029,1096,1046,994,929,717,551,495,571,375,,
HWA,HWA1101,KIWI,whareroa,Gas,Cogen,2026-03-11,387,481,1222,1407,1296,1118,1127,1246,1140,1518,1513,1822,1945,1852,2191,2155,2132,2181,2061,2201,2090,2002,2279,2299,2335,2429,2316,2362,2578,2470,2361,2796,2823,3035,3084,2871,2715,2720,2624,2697,2851,2890,2849,2662,2592,2483,2666,2777,,
HWA,HWA1101,KIWI,whareroa,Gas,Cogen,2026-03-12,2706,2702,2745,2887,2866,2773,2778,2877,2813,2803,2809,2726,2813,2883,2865,2616,3123,2931,2888,2879,2800,2999,2638,2619,2676,1298,2860,2866,2773,2802,2863,2720,2656,2483,2733,2780,2736,2546,2370,2511,2536,2425,2301,2446,2795,2688,2385,2359,,
HWA,HWA1101,KIWI,whareroa,Gas,Cogen,2026-03-13,3556,3763,2362,2277,2149,2106,2425,2288,2201,2300,2352,2239,2193,2300,2444,2302,2186,2220,2462,2470,2547,2858,2961,2147,2506,2786,2864,2867,2831,2859,2723,2784,2484,2211,2101,2039,2054,2255,2463,2336,2346,2321,2327,2415,2336,2291,2310,2229,,
HWA,HWA1101,KIWI,whareroa,Gas,Cogen,2026-03-14,2668,2732,2413,2392,2392,2662,2611,2536,2758,3024,3085,2939,2801,2685,2778,2916,2832,2793,2599,2639,2811,2752,2880,3112,3111,3117,2998,3025,3050,3013,2933,2795,2940,2893,3021,2640,2683,2460,2366,2179,2246,2380,2484,2317,2374,2485,2493,2442,,
HWA,HWA1101,KIWI,whareroa,Gas,Cogen,2026-03-15,2492,2516,2568,2535,2622,2601,2525,2494,2491,2638,2591,2572,2672,2478,2435,2540,2604,2695,2682,2632,2675,2716,2682,2580,2666,2932,2701,2767,2937,2953,2645,2641,2530,2342,2372,2389,2565,2402,2325,2165,2071,2216,2339,2487,2392,2408,2398,2484,,
HWA,HWA1101,KIWI,whareroa,Gas,Cogen,2026-03-16,2496,2606,2630,2671,2720,2555,2625,2742,2754,2672,2776,2801,2781,2698,2724,2762,3089,3117,3035,3155,3347,3524,3716,3474,3436,3432,3132,3044,2991,3011,2754,2443,2552,2563,2592,2539,2414,2501,2339,2468,2506,2439,2381,2648,2152,2142,2209,2334,,
HWA,HWA1101,KIWI,whareroa,Gas,Cogen,2026-03-17,2408,2599,2778,2421,2436,2349,2625,2684,2609,1396,3166,2795,2393,2365,2427,2549,2860,2813,2747,2753,2810,2924,3009,2675,2596,2871,2904,2983,2770,2664,2613,2348,2314,2269,2420,2421,2538,2638,2834,2797,2962,3041,2998,2978,2871,2884,2872,2815,,
HWA,HWA1101,KIWI,whareroa,Gas,Cogen,2026-03-18,2710,2543,2680,2816,2983,2972,2811,2868,3126,3184,3145,3105,2986,2082,1903,2539,2453,2300,2025,1809,1865,1840,1764,1928,2086,2191,2173,2233,2434,2304,2338,2246,2764,2921,2893,2697,3256,2926,2830,5048,5191,5018,2656,2843,2773,2934,2787,2792,,
HWA,HWA1101,KIWI,whareroa,Gas,Cogen,2026-03-19,2923,3440,5255,5425,5633,5852,5946,5964,5920,5657,5757,5751,5958,5847,5967,5039,4640,4442,3271,3438,3431,3314,3284,3552,3507,3197,3276,3285,3469,3311,3339,3406,3301,3658,3521,3515,3355,3311,3358,3297,3373,3261,3174,3353,3275,2924,3028,3024,,
HWA,HWA1101,KIWI,whareroa,Gas,Cogen,2026-03-20,3114,3113,3621,3384,3225,3039,3069,3014,3142,3107,3151,3251,3205,3109,3380,5298,5364,4396,2698,4671,5020,4973,4181,2529,2837,2925,2754,2788,2634,2726,2603,2988,3350,3632,3250,3351,3423,3133,2963,3173,3093,3108,3176,3186,3360,3158,3090,3012,,
HWA,HWA1101,KIWI,whareroa,Gas,Cogen,2026-03-21,2989,2955,2998,2857,3143,2828,2964,3206,3216,3283,3172,3233,3526,3577,3324,3601,3366,3490,3148,3197,3043,3297,3158,3106,2903,3110,3207,3185,3153,3017,2783,2881,3036,3154,3423,3659,3524,3610,3621,3548,3795,3741,3825,3828,3816,3761,3891,3818,,
HWA,HWA1101,KIWI,whareroa,Gas,Cogen,2026-03-22,3696,3457,3606,3632,3743,3530,3483,3457,3563,3705,3550,3597,3492,3379,3748,3847,3634,3564,3324,3592,3348,3142,3229,3133,3238,3336,3349,3263,3256,3176,3062,2824,2693,2555,2750,3106,3001,2755,2725,2711,2665,2663,2730,2889,2786,2837,2762,2722,,
HWA,HWA1101,KIWI,whareroa,Gas,Cogen,2026-03-23,2783,2628,2880,3086,3424,3118,3000,3093,3128,3096,2735,3036,2720,2921,2939,2968,2869,2963,2737,2740,2394,2384,2135,1973,2132,2126,2536,2697,2667,2342,2212,2192,2329,2430,2489,2565,2513,2816,2712,2828,2829,2763,2813,2865,2897,2855,2654,2693,,
HWA,HWA1101,KIWI,whareroa,Gas,Cogen,2026-03-24,2891,2499,2651,2341,2452,2357,2395,2464,2414,2524,2541,2844,2775,2915,2863,2802,2785,2808,2895,2918,3307,3143,3161,3183,3219,3215,3201,3311,3223,3389,3376,3419,3250,3316,3561,3576,3715,3527,3611,3651,3878,3845,3831,3936,3751,3748,3498,3459,,
HWA,HWA1101,KIWI,whareroa,Gas,Cogen,2026-03-25,3306,3354,3127,3217,3127,3222,3363,3223,3085,3138,3234,3244,3259,3262,3320,3164,3278,3155,3210,3166,3206,3091,2943,2928,2983,2984,2565,2557,2747,2816,2697,2763,2951,2977,3250,3299,3380,3677,3759,3713,3773,3566,3517,3420,3558,3760,3585,3487,,
HWA,HWA1101,KIWI,whareroa,Gas,Cogen,2026-03-26,3257,3301,3213,3181,3250,3239,3542,3472,3532,3445,3415,3276,3091,3022,2970,2949,2870,2971,2991,3054,3158,3221,3066,3078,3115,3129,3188,3075,2739,3007,2791,2800,2832,2745,3053,3013,3172,3022,2916,3211,3365,3397,3271,3306,3276,3354,3161,3251,,
HWA,HWA1101,KIWI,whareroa,Gas,Cogen,2026-03-27,3309,3421,3221,3202,3033,2779,2816,2838,3051,2879,2885,2702,2618,2578,2623,2875,2915,2954,2911,2975,3008,3040,3086,2805,2599,2658,2383,2512,2492,2580,2585,2483,2460,2346,2406,2565,2362,2338,2114,2118,2358,2471,2454,2452,2572,2647,2736,2853,,
HWA,HWA1101,KIWI,whareroa,Gas,Cogen,2026-03-28,2864,2705,2697,2834,3007,3176,3308,3356,3268,3259,3346,3437,3369,3364,3329,3444,3576,3361,3163,3095,2938,2933,2972,3097,3001,2926,2821,2718,2756,2780,2868,2889,2859,2685,2728,2766,2855,2843,3134,3018,2986,3273,3092,3067,3024,3226,3215,3164,,
HWA,HWA1101,KIWI,whareroa,Gas,Cogen,2026-03-29,3176,3053,3072,3051,2853,2967,3026,3054,3064,3141,3083,3134,3305,3341,3334,3388,3418,3329,3184,3311,3287,3150,3298,3117,3136,3124,2949,3140,3216,2992,3030,2951,2902,2838,2809,2814,2922,2875,2952,2975,2947,3020,2911,2788,2946,2919,2928,3026,,
HWA,HWA1101,KIWI,whareroa,Gas,Cogen,2026-03-30,2911,3115,3221,3153,3212,3058,3120,3249,3382,3470,4615,4680,4813,4683,4673,4499,3407,3570,3403,3261,3189,3087,3123,3230,3468,3657,3382,3368,3486,3643,3583,3339,3223,3260,3273,3305,3500,3504,3648,3712,3815,3834,3855,3873,4131,4289,4088,4091,,
HWA,HWA1101,KIWI,whareroa,Gas,Cogen,2026-03-31,3897,3937,3749,3787,3651,3680,3661,3781,3946,3831,3880,3566,3787,3621,3807,3926,3832,3592,3411,3329,3502,3344,3513,3516,3471,3443,3560,3780,3846,3779,3624,3732,3626,3468,3564,3587,3918,3942,3748,3792,3851,3840,3704,4050,3889,4065,3796,3922,,
HWA,HWA1102,KIWI,whareroa,Gas,Cogen,2026-03-01,883,698,643,847,950,1033,986,812,995,1434,1466,1203,1189,1159,1240,1322,1386,1478,1285,1274,1299,1557,1566,1567,1356,1556,1676,1614,1473,1136,1003,1234,1185,994,737,817,643,455,844,1608,1833,1821,2018,2061,1844,1392,1082,800,,
HWA,HWA1102,KIWI,whareroa,Gas,Cogen,2026-03-02,698,631,665,663,950,936,1314,1190,1237,1539,1804,1635,1849,1565,1220,1547,1555,1846,1836,1996,1774,1679,1723,1960,1858,2072,1981,1982,1984,1840,1864,1688,1713,1420,1417,1370,1475,1507,1422,1320,1399,1363,1222,1180,992,1062,1157,1184,,
HWA,HWA1102,KIWI,whareroa,Gas,Cogen,2026-03-03,975,728,662,694,810,1032,1186,1330,1367,1216,1175,1293,2807,2523,2475,2661,2849,2400,1328,3345,3355,3247,3619,3650,3351,3785,3712,3323,2296,1541,1721,1654,1900,1728,1695,1711,1767,1711,1673,1679,1648,1657,1507,1541,1444,1299,1430,1430,,
HWA,HWA1102,KIWI,whareroa,Gas,Cogen,2026-03-04,1453,1585,1556,1312,1457,1484,1783,1776,1795,1892,1852,1713,1825,2224,2298,2525,2644,2543,2527,2588,2706,3631,4154,3033,2459,2373,2458,2528,2517,2156,2067,2517,2901,2858,2658,2727,2838,2769,2716,2693,2589,2592,2448,2664,2576,2688,2828,2993,,
HWA,HWA1102,KIWI,whareroa,Gas,Cogen,2026-03-05,3235,2855,2800,2826,2517,2288,2164,1781,1938,2056,2189,1809,1860,1880,2001,2865,2587,2132,2065,2335,2289,2169,1950,1941,1762,1814,1969,1911,1921,1940,1376,1466,1525,1769,1465,1360,983,719,971,1003,1226,1212,1029,935,1012,1165,1036,873,,
HWA,HWA1102,KIWI,whareroa,Gas,Cogen,2026-03-06,813,714,773,1315,1660,1611,1637,1426,1570,1819,1949,2085,2104,1935,2057,2129,2239,1839,1776,1781,1781,1782,1870,2062,1829,1892,1831,1889,2135,2184,1888,1882,1592,1433,1510,1413,1623,1222,1398,1487,1685,1530,1628,1679,1659,1570,1418,1448,,
HWA,HWA1102,KIWI,whareroa,Gas,Cogen,2026-03-07,1473,1568,1633,1722,1612,1673,1470,1412,1415,1555,1829,1777,1777,1674,1746,2093,1956,2008,1867,1849,1783,1903,1913,2000,1907,1977,1475,1345,1245,1363,1402,1252,1224,1370,1420,1335,1287,1147,1279,1243,1361,1178,1056,886,867,957,1024,907,,
HWA,HWA1102,KIWI,whareroa,Gas,Cogen,2026-03-08,885,1022,1108,1143,1040,1057,1204,1329,1447,1520,1557,1555,1508,1538,1433,1508,1660,1748,2012,1923,1992,1840,1694,1631,1826,1857,1908,1869,1740,1572,1524,1380,1546,1658,1466,1401,1486,1603,1656,1751,1910,1722,1468,1399,1378,1285,1350,1331,,
HWA,HWA1102,KIWI,whareroa,Gas,Cogen,2026-03-09,1310,1250,1212,1491,1449,1475,1470,1601,1723,1661,1723,1828,1859,1945,2003,2043,2150,2218,2010,1912,1870,2046,2117,2203,2198,2284,2234,2478,2344,2233,2242,2273,1984,1724,1735,1813,1764,1822,1884,1876,1907,1604,1591,1350,1481,1390,1396,1321,,
HWA,HWA1102,KIWI,whareroa,Gas,Cogen,2026-03-10,1214,1191,1158,1256,1306,1274,1185,1164,1329,1197,1268,1286,1456,1288,1603,1848,1898,1889,1603,1831,2020,1992,1939,2075,2211,1905,1984,1861,1999,1953,1940,1912,1777,1217,810,938,729,648,380,439,413,419,397,228,174,224,363,215,,
HWA,HWA1102,KIWI,whareroa,Gas,Cogen,2026-03-11,244,372,1068,1303,1291,1152,1187,1349,1240,1601,1627,1930,2078,2001,2341,2320,2281,2329,2207,2340,2227,2142,2402,2403,2427,2501,2389,2425,2611,2536,2447,2849,2857,3081,3131,2905,2782,2776,2666,2785,2936,2979,2942,2754,2707,2595,2754,2863,,
HWA,HWA1102,KIWI,whareroa,Gas,Cogen,2026-03-12,2790,2794,2840,2990,2973,2880,2877,2974,2911,2911,2930,2822,2895,2977,2906,2556,3114,2921,2831,2838,2733,2954,2610,2615,2734,1398,2908,2933,2825,2866,2928,2796,2714,2543,2796,2853,2845,2644,2474,2611,2597,2476,2334,2419,2773,2670,2441,2462,,
HWA,HWA1102,KIWI,whareroa,Gas,Cogen,2026-03-13,3634,3840,2465,2391,2265,2222,2535,2400,2320,2391,2394,2279,2277,2290,2425,2341,2087,1941,2043,2159,2127,2394,2602,1783,2215,2457,2569,2520,2422,2446,2107,2112,1957,1836,1714,1750,1968,2080,2190,2142,2217,2142,2103,2150,1966,1973,1957,1986,,
HWA,HWA1102,KIWI,whareroa,Gas,Cogen,2026-03-14,2254,2412,2275,2217,2093,2249,2271,2234,2288,2501,2568,2251,2176,2332,2320,2367,2422,2657,2620,2551,2642,2473,2537,2843,2768,2588,2518,2478,2415,2631,2624,2618,2783,2694,2891,2629,2734,2533,2440,2258,2325,2480,2588,2433,2485,2591,2600,2529,,
HWA,HWA1102,KIWI,whareroa,Gas,Cogen,2026-03-15,2576,2601,2645,2601,2677,2676,2607,2553,2537,2672,2589,2541,2665,2479,2422,2535,2624,2725,2739,2705,2736,2769,2721,2609,2660,2937,2700,2748,2937,2973,2750,2762,2656,2452,2481,2499,2666,2511,2426,2245,2147,2328,2445,2587,2495,2508,2499,2569,,
HWA,HWA1102,KIWI,whareroa,Gas,Cogen,2026-03-16,2584,2682,2708,2765,2808,2629,2664,2768,2823,2683,2717,2757,2511,2445,2547,2429,2679,2756,2732,2864,2774,2839,3026,2759,2654,2618,2311,2289,2274,2285,2077,1775,1848,1922,1959,1937,1810,1911,1796,2032,2081,2096,2131,2424,1975,1947,1992,2080,,
HWA,HWA1102,KIWI,whareroa,Gas,Cogen,2026-03-17,2117,2245,2434,2114,2113,2049,2281,2309,2259,1024,2716,2495,2210,2238,2271,2398,2669,2674,2649,2613,2640,2789,2914,2666,2552,2743,2792,2892,2715,2645,2632,2468,2466,2401,2546,2515,2629,2725,2917,2834,2975,3052,3011,3037,2938,2935,2895,2854,,
HWA,HWA1102,KIWI,whareroa,Gas,Cogen,2026-03-18,2730,2577,2708,2871,3042,3028,2857,2859,3048,3049,3009,3007,2898,1981,1775,2462,2430,2339,2125,1952,1992,1943,1822,2002,2122,2210,2162,2203,2432,2336,2311,2185,2611,2718,2786,2599,3173,2866,2772,4964,5151,5073,2787,2968,2892,3047,2903,2885,,
HWA,HWA1102,KIWI,whareroa,Gas,Cogen,2026-03-19,3010,3512,5292,5473,5659,5464,5204,5193,5067,5298,5467,5333,5385,5255,5226,4343,4071,3875,2694,2825,2721,2632,2579,2935,2911,2504,2655,2582,2768,2554,2548,2605,2504,2842,2715,2688,2549,2531,2564,2573,2729,2677,2660,2973,2993,2635,2761,2638,,
HWA,HWA1102,KIWI,whareroa,Gas,Cogen,2026-03-20,2660,2661,3160,2976,2946,2818,2876,2944,3170,3072,3102,3228,3133,3101,3398,5328,5457,4369,2685,4761,5115,5068,4293,2672,2972,3051,2882,2913,2759,2858,2731,3111,2764,3000,2609,2730,2775,2469,2371,2590,2573,2633,2514,2468,2669,2587,2554,2615,,
HWA,HWA1102,KIWI,whareroa,Gas,Cogen,2026-03-21,2887,2871,2969,2894,3201,2921,3065,3305,3297,3351,3232,3274,3563,3640,3387,3640,3395,3513,3166,3099,2951,3200,3082,3049,2838,3021,3118,3117,3107,3030,2871,3004,3151,3233,3465,3684,3569,3683,3709,3660,3905,3834,3912,3912,3898,3845,3970,3879,,
HWA,HWA1102,KIWI,whareroa,Gas,Cogen,2026-03-22,3764,3530,3670,3715,3825,3617,3568,3544,3645,3788,3648,3684,3590,3487,3849,3962,3747,3672,3429,3687,3440,3234,3316,3214,3322,3422,3436,3374,3378,3318,3230,3009,2906,2780,2965,3342,3241,2995,2961,2951,2894,2880,2943,3111,3003,3022,2941,2864,,
HWA,HWA1102,KIWI,whareroa,Gas,Cogen,2026-03-23,2930,2799,3058,3252,3597,3300,3196,3300,3353,3332,2976,3275,3012,3195,3223,3271,3007,2958,2733,2737,2389,2380,2128,1970,2134,2130,2545,2700,2669,2339,2201,2176,2314,2417,2477,2562,2511,2819,2715,2825,2826,2762,2813,2867,2902,2860,2658,2705,,
HWA,HWA1102,KIWI,whareroa,Gas,Cogen,2026-03-24,2914,2512,2666,2344,2456,2360,2400,2472,2422,2531,2542,2849,2774,2913,2858,2788,2773,2799,2887,2913,3307,3144,3164,3193,3233,3229,3213,3317,3228,3393,3377,3418,3246,3315,3563,3577,3725,3536,3623,3658,3888,3856,3843,3951,3768,3765,3511,3473,,
HWA,HWA1102,KIWI,whareroa,Gas,Cogen,2026-03-25,3327,3377,3148,3231,3140,3236,3381,3238,3099,3150,3241,3244,3262,3260,3319,3153,3272,3149,3210,3164,3206,3090,2940,2926,2988,2990,2568,2554,2743,2808,2689,2752,2941,2968,3245,3295,3387,3689,3773,3719,3782,3574,3524,3430,3572,3778,3600,3501,,
HWA,HWA1102,KIWI,whareroa,Gas,Cogen,2026-03-26,3276,3322,3232,3193,3265,3255,3562,3492,3551,3460,3424,3277,3091,3018,2964,2937,2859,2965,2987,3051,3156,3222,3065,3076,3117,3133,3194,3076,2732,3003,2779,2790,2821,2730,3043,3005,3181,3031,2923,3214,3370,3406,3282,3321,3291,3372,3177,3268,,
HWA,HWA1102,KIWI,whareroa,Gas,Cogen,2026-03-27,3331,3448,3246,3221,3049,2794,2830,2854,3073,2894,2896,2706,2620,2577,2621,2867,2907,2953,2912,2975,3010,3045,3091,2811,2607,2672,2395,2519,2501,2589,2590,2484,2461,2346,2408,2569,2369,2343,2116,2112,2357,2473,2457,2455,2578,2655,2745,2863,,
HWA,HWA1102,KIWI,whareroa,Gas,Cogen,2026-03-28,2881,2724,2716,2848,3023,3197,3333,3381,3291,3281,3363,3448,3382,3376,3340,3450,3585,3367,3167,3287,3146,3111,3075,3163,3077,2986,2859,2731,2754,2822,2881,2916,2917,2768,2836,2883,2966,2947,3242,3153,3129,3391,3226,3208,3164,3375,3377,3351,,
HWA,HWA1102,KIWI,whareroa,Gas,Cogen,2026-03-29,3339,3209,3239,3241,3051,3162,3209,3230,3249,3331,3276,3321,3452,3486,3523,3584,3603,3526,3372,3488,3473,3338,3482,3305,3331,3317,3140,3331,3439,3225,3243,3173,3141,3100,3097,3105,3214,3191,3244,3288,3218,3248,3119,2980,3026,2960,3049,3111,,
HWA,HWA1102,KIWI,whareroa,Gas,Cogen,2026-03-30,2979,3194,3284,3338,3416,3266,3331,3501,3612,3707,4827,4897,5050,4942,4898,4699,3573,3764,3610,3490,3365,3260,3242,3294,3493,3625,3342,3344,3428,3550,3479,3260,3144,3140,3131,3154,3327,3353,3489,3546,3617,3583,3555,3556,3775,3900,3705,3687,,
HWA,HWA1102,KIWI,whareroa,Gas,Cogen,2026-03-31,3478,3568,3407,3391,3214,3238,3217,3337,3501,3389,3428,3143,3371,3263,3504,3867,3914,3727,3588,3552,3596,3359,3619,3497,3374,3272,3354,3495,3462,3379,3245,3351,3270,3099,3206,3237,3541,3617,3553,3609,3641,3591,3566,3962,3828,4004,3761,3774,,
HWB,HWB0331,DUNE,Waipori,Hydro,Hydro,2026-03-01,0,0,0,0,0,0,0,0,0,0,0,0,0,0,0,0,0,0,0,0,0,0,0,0,0,0,0,0,0,0,0,0,0,0,0,0,0,0,0,0,0,0,0,0,0,0,0,0,,
HWB,HWB0331,DUNE,Waipori,Hydro,Hydro,2026-03-02,0,0,0,0,0,0,0,0,0,0,0,0,0,0,0,0,0,0,0,0,0,0,0,0,0,0,0,0,0,0,0,0,0,0,0,0,0,0,0,0,0,0,0,0,0,0,0,0,,
HWB,HWB0331,DUNE,Waipori,Hydro,Hydro,2026-03-03,0,0,0,0,0,0,0,0,0,0,0,0,0,0,0,0,0,0,0,0,0,0,0,0,0,0,0,0,0,0,0,0,0,0,0,0,0,0,0,0,0,0,0,0,0,0,0,0,,
HWB,HWB0331,DUNE,Waipori,Hydro,Hydro,2026-03-04,0,0,0,0,0,0,0,0,0,0,0,0,0,0,0,0,0,0,0,0,0,0,0,0,0,0,0,0,0,0,0,0,0,0,0,0,0,0,0,0,0,0,0,0,0,0,0,0,,
HWB,HWB0331,DUNE,Waipori,Hydro,Hydro,2026-03-05,0,0,0,0,0,0,0,0,0,0,0,0,0,0,0,0,0,0,0,0,0,0,0,0,0,0,0,0,0,0,0,0,0,0,0,0,0,0,0,0,0,0,0,0,0,0,0,0,,
HWB,HWB0331,DUNE,Waipori,Hydro,Hydro,2026-03-06,0,0,0,0,0,0,0,0,0,0,0,0,0,0,0,0,0,0,0,0,0,0,0,0,0,0,0,0,0,0,0,0,0,0,0,0,0,0,0,0,0,0,0,0,0,0,0,0,,
HWB,HWB0331,DUNE,Waipori,Hydro,Hydro,2026-03-07,0,0,0,0,0,0,0,0,0,0,0,0,0,0,0,0,0,0,0,0,0,0,0,0,0,0,0,0,0,0,0,0,0,0,0,0,0,0,0,0,0,0,0,0,0,0,0,0,,
HWB,HWB0331,DUNE,Waipori,Hydro,Hydro,2026-03-08,0,0,0,0,0,0,0,0,0,0,0,0,0,0,0,0,0,0,0,0,0,0,0,0,0,0,0,0,0,0,0,0,0,0,0,0,0,0,0,0,0,0,0,0,0,0,0,0,,
HWB,HWB0331,DUNE,Waipori,Hydro,Hydro,2026-03-09,0,0,0,0,0,0,0,0,0,0,0,0,0,0,0,0,0,0,0,0,0,0,0,0,0,0,0,0,0,0,0,0,0,0,0,0,0,0,0,0,0,0,0,0,0,0,0,0,,
HWB,HWB0331,DUNE,Waipori,Hydro,Hydro,2026-03-10,0,0,0,0,0,0,0,0,0,0,0,0,0,0,0,0,0,0,0,0,0,0,0,0,0,0,0,0,0,0,0,0,0,0,0,0,0,0,0,0,0,0,0,0,0,0,0,0,,
HWB,HWB0331,DUNE,Waipori,Hydro,Hydro,2026-03-11,0,0,0,0,0,0,0,0,0,0,0,0,0,0,0,0,0,0,0,0,0,0,0,0,0,0,0,0,0,0,0,0,0,0,0,0,0,0,0,0,0,0,0,0,0,0,0,0,,
HWB,HWB0331,DUNE,Waipori,Hydro,Hydro,2026-03-12,0,0,0,0,0,0,0,0,0,0,0,0,0,0,0,0,0,0,0,0,0,0,0,0,0,0,0,0,0,0,0,0,0,0,0,0,0,0,0,0,0,0,0,0,0,0,0,0,,
HWB,HWB0331,DUNE,Waipori,Hydro,Hydro,2026-03-13,0,0,0,0,0,0,0,0,0,0,0,0,0,0,0,0,0,0,0,0,0,0,0,0,0,0,0,0,0,0,0,0,0,0,0,0,0,0,0,0,0,0,0,0,0,0,0,0,,
HWB,HWB0331,DUNE,Waipori,Hydro,Hydro,2026-03-14,0,0,0,0,0,0,0,0,0,0,0,0,0,0,0,0,0,0,0,0,0,0,0,0,0,0,0,0,0,0,0,0,0,0,0,0,0,0,0,0,0,0,0,0,0,0,0,0,,
HWB,HWB0331,DUNE,Waipori,Hydro,Hydro,2026-03-15,0,0,0,0,0,0,0,0,0,0,0,0,0,0,0,0,0,0,0,0,0,0,0,0,0,0,0,0,0,0,0,0,0,0,0,0,0,0,0,0,0,0,0,0,0,0,0,0,,
HWB,HWB0331,DUNE,Waipori,Hydro,Hydro,2026-03-16,0,0,0,0,0,0,0,0,0,0,0,0,0,0,0,0,0,0,0,0,0,0,0,0,0,0,0,0,0,0,0,0,0,0,0,0,0,0,0,0,0,0,0,0,0,0,0,0,,
HWB,HWB0331,DUNE,Waipori,Hydro,Hydro,2026-03-17,0,0,0,0,0,0,0,0,0,0,0,0,0,0,0,0,0,0,0,0,0,0,0,0,0,0,0,0,0,0,0,0,0,0,0,0,0,0,0,0,0,0,0,0,0,0,0,0,,
HWB,HWB0331,DUNE,Waipori,Hydro,Hydro,2026-03-18,0,0,0,0,0,0,0,0,0,0,0,0,0,0,0,0,0,0,0,0,0,0,0,0,0,0,0,0,0,0,0,0,0,0,0,0,0,0,0,0,0,0,0,0,0,0,0,0,,
HWB,HWB0331,DUNE,Waipori,Hydro,Hydro,2026-03-19,0,0,0,0,0,0,0,0,0,0,0,0,0,0,0,0,0,0,0,0,0,0,0,0,0,0,0,0,0,0,0,0,0,0,0,0,0,0,0,0,0,0,0,0,0,0,0,0,,
HWB,HWB0331,DUNE,Waipori,Hydro,Hydro,2026-03-20,0,0,0,0,0,0,0,0,0,0,0,0,0,0,0,0,0,0,0,0,0,0,0,0,0,0,0,0,0,0,0,0,0,0,0,0,0,0,0,0,0,0,0,0,0,0,0,0,,
HWB,HWB0331,DUNE,Waipori,Hydro,Hydro,2026-03-21,0,0,0,0,0,0,0,0,0,0,0,0,0,0,0,0,0,0,0,0,0,0,0,0,0,0,0,0,0,0,0,0,0,0,0,0,0,0,0,0,0,0,0,0,0,0,0,0,,
HWB,HWB0331,DUNE,Waipori,Hydro,Hydro,2026-03-22,0,0,0,0,0,0,0,0,0,0,0,0,0,0,0,0,0,0,0,0,0,0,0,0,0,0,0,0,0,0,0,0,0,0,0,0,0,0,0,0,0,0,0,0,0,0,0,0,,
HWB,HWB0331,DUNE,Waipori,Hydro,Hydro,2026-03-23,0,0,0,0,0,0,0,0,0,0,0,0,0,0,0,0,0,0,0,0,0,0,0,0,0,0,0,0,0,0,0,0,0,0,0,0,0,0,0,0,0,0,0,0,0,0,0,0,,
HWB,HWB0331,DUNE,Waipori,Hydro,Hydro,2026-03-24,0,0,0,0,0,0,0,0,0,0,0,0,0,0,0,0,0,0,0,0,0,0,0,0,0,0,0,0,0,0,0,0,0,0,0,0,0,0,0,0,0,0,0,0,0,0,0,0,,
HWB,HWB0331,DUNE,Waipori,Hydro,Hydro,2026-03-25,0,0,0,0,0,0,0,0,0,0,0,0,0,0,0,0,0,0,0,0,0,0,0,0,0,0,0,0,0,0,0,0,0,0,0,0,0,0,0,0,0,0,0,0,0,0,0,0,,
HWB,HWB0331,DUNE,Waipori,Hydro,Hydro,2026-03-26,0,0,0,0,0,0,0,0,0,0,0,0,0,0,0,0,0,0,0,0,0,0,0,0,0,0,0,0,0,0,0,0,0,0,0,0,0,0,0,0,0,0,0,0,0,0,0,0,,
HWB,HWB0331,DUNE,Waipori,Hydro,Hydro,2026-03-27,0,0,0,0,0,0,0,0,0,0,0,0,0,0,0,0,0,0,0,0,0,0,0,0,0,0,0,0,0,0,0,0,0,0,0,0,0,0,0,0,0,0,0,0,0,0,0,0,,
HWB,HWB0331,DUNE,Waipori,Hydro,Hydro,2026-03-28,0,0,0,0,0,0,0,0,0,0,0,0,0,0,0,0,0,0,0,0,0,0,0,0,0,0,0,0,0,0,0,0,0,0,0,0,0,0,0,0,0,0,0,0,0,0,0,0,,
HWB,HWB0331,DUNE,Waipori,Hydro,Hydro,2026-03-29,0,0,0,0,0,0,0,0,0,0,0,0,0,0,0,0,0,0,0,0,0,0,0,0,0,0,0,0,0,0,0,0,0,0,0,0,0,0,0,0,0,0,0,0,0,0,0,0,,
HWB,HWB0331,DUNE,Waipori,Hydro,Hydro,2026-03-30,0,0,0,0,0,0,0,0,0,0,0,0,0,0,0,0,0,0,0,0,0,0,0,0,0,0,0,0,0,0,0,0,0,0,0,0,0,0,0,0,0,0,0,0,0,0,0,0,,
HWB,HWB0331,DUNE,Waipori,Hydro,Hydro,2026-03-31,0,0,0,0,0,0,0,0,0,0,0,0,0,0,0,0,0,0,0,0,0,0,0,0,0,0,0,0,0,0,0,0,0,0,0,0,0,0,0,0,0,0,0,0,0,0,0,0,,
JRD,JRD1101,TODD,junctionroad,Gas,Thrml,2026-03-01,0,0,0,0,0,0,0,0,0,0,0,0,0,0,0,0,0,0,0,0,0,0,0,0,0,0,0,0,0,0,0,0,0,0,0,0,0,0,0,0,0,0,0,0,0,0,0,0,,
JRD,JRD1101,TODD,junctionroad,Gas,Thrml,2026-03-02,0,0,0,0,0,0,0,0,0,0,0,21253,24284,24191,24150,24153,24156,24161,24114,2108,0,0,0,0,0,0,0,0,0,0,0,0,0,0,0,0,0,0,0,0,0,0,0,0,0,0,0,0,,
JRD,JRD1101,TODD,junctionroad,Gas,Thrml,2026-03-03,0,0,0,0,0,0,0,0,0,0,0,0,0,21303,24275,24273,24261,24257,24262,24267,2255,0,0,0,0,0,0,0,0,0,0,0,0,0,0,0,0,21939,23938,23928,23927,24049,24145,24149,1946,0,0,0,,
JRD,JRD1101,TODD,junctionroad,Gas,Thrml,2026-03-04,0,0,0,0,0,0,0,0,0,0,0,0,0,22418,24257,24264,24256,24253,24007,1723,0,0,0,0,0,0,0,0,0,0,0,0,0,0,0,0,0,0,0,21761,23777,23775,23796,23969,23957,24038,5505,0,,
JRD,JRD1101,TODD,junctionroad,Gas,Thrml,2026-03-05,0,0,0,0,0,0,0,0,0,0,0,0,0,21923,24276,24273,24252,24256,23520,1685,0,0,0,0,0,0,0,0,0,0,0,0,0,0,0,0,20540,23071,23133,23335,23320,23172,23187,23192,23160,23160,23156,23146,,
JRD,JRD1101,TODD,junctionroad,Gas,Thrml,2026-03-06,1889,0,0,0,0,0,0,0,0,0,0,0,0,0,0,0,0,0,0,0,0,0,0,0,0,0,0,0,0,0,0,0,0,0,0,0,0,0,0,0,0,0,0,0,0,0,0,0,,
JRD,JRD1101,TODD,junctionroad,Gas,Thrml,2026-03-07,0,0,0,0,0,0,0,0,0,0,0,0,0,0,0,0,0,0,0,0,0,0,0,0,0,0,0,0,0,0,0,0,0,0,0,0,0,0,0,0,0,0,0,0,0,0,0,0,,
JRD,JRD1101,TODD,junctionroad,Gas,Thrml,2026-03-08,0,0,0,0,0,0,0,0,0,0,0,0,0,0,0,0,0,0,0,0,0,0,0,0,0,0,0,0,0,0,0,0,0,0,0,0,0,0,0,0,0,0,0,0,0,0,0,0,,
JRD,JRD1101,TODD,junctionroad,Gas,Thrml,2026-03-09,0,0,0,0,0,0,0,0,0,0,0,0,0,0,0,0,0,0,0,0,0,0,0,0,0,0,0,0,0,0,0,0,20446,22785,22790,22791,22930,22852,22838,22822,22816,23283,23511,23518,3213,0,0,0,,
JRD,JRD1101,TODD,junctionroad,Gas,Thrml,2026-03-10,0,0,0,0,0,0,0,0,0,0,0,21206,23482,23485,23360,23314,23361,23392,23363,1960,0,0,0,0,0,0,0,0,0,20691,22365,22488,22503,22506,22500,22500,22724,22592,22592,22591,23023,23242,23362,23376,23653,23647,23587,23569,,
JRD,JRD1101,TODD,junctionroad,Gas,Thrml,2026-03-11,23627,23647,23624,23601,23618,23654,23656,23638,23636,23664,23723,23413,23271,23663,23660,23647,23559,23367,23318,23469,23575,23583,23412,23341,23131,23117,23120,22991,22914,22887,22872,22868,22887,22893,22888,22883,22884,22866,22929,23156,23498,23599,23526,23548,23603,23579,23529,23523,,
JRD,JRD1101,TODD,junctionroad,Gas,Thrml,2026-03-12,23486,23482,23481,23471,23472,23470,23471,23455,23446,23456,23451,23430,23359,23405,23386,23458,23472,23544,23603,23661,23298,23286,22880,22794,22793,22792,22629,22531,22281,22277,22272,22247,22227,22263,22265,22260,22258,22259,22257,22257,22831,22907,22907,23037,23148,23145,23159,23158,,
JRD,JRD1101,TODD,junctionroad,Gas,Thrml,2026-03-13,23364,23375,23370,23372,23664,23665,23643,23645,23645,23543,23449,23445,23422,23370,23415,23373,23370,23148,23174,22944,22945,22946,22946,22309,22301,22282,22282,22290,22040,21915,21964,21987,22030,22058,22087,22184,22253,22294,22403,22442,22440,22449,22443,22483,22510,22519,22542,22577,,
JRD,JRD1101,TODD,junctionroad,Gas,Thrml,2026-03-14,22574,22608,22682,22683,22696,22704,22799,22819,22860,22937,22870,22951,22967,23014,23155,23157,23163,23065,23009,22914,22846,22768,22688,22626,22505,22444,22409,22407,22185,21892,22424,22405,43801,46193,46175,46345,46547,46612,47065,47195,47195,47613,47674,47801,47868,47538,47750,47684,,
JRD,JRD1101,TODD,junctionroad,Gas,Thrml,2026-03-15,47747,47718,47707,25113,23322,23352,23353,23355,23355,23355,23358,23348,23342,23245,23184,23019,23007,22767,22493,43319,46120,46112,46114,46113,45624,23648,22012,22033,22036,22056,22058,22057,22032,43646,45626,45927,46327,46629,46768,46942,47076,47180,47261,47407,24459,22956,23005,23010,,
JRD,JRD1101,TODD,junctionroad,Gas,Thrml,2026-03-16,23251,23259,23260,23259,23259,23261,23262,23260,23259,23245,46195,47862,47829,47815,47840,47872,47596,47314,47166,46809,46686,46647,46589,46315,25080,22461,22475,22435,22336,22333,22285,22380,22380,22367,43703,46348,46520,46709,46892,47146,47160,47221,47178,47482,47571,47621,47573,47561,,
JRD,JRD1101,TODD,junctionroad,Gas,Thrml,2026-03-17,25108,23080,23104,23108,23112,23110,23111,23111,23111,23111,23452,45977,47846,47918,47997,47760,47744,47741,25075,22981,22879,22639,22633,22632,22451,22437,22325,22290,22287,22287,22259,43442,45764,45760,45769,45945,46045,46437,46615,46732,46876,47016,47377,47442,47468,47695,47723,47721,,
JRD,JRD1101,TODD,junctionroad,Gas,Thrml,2026-03-18,47734,47771,47776,47762,47755,48052,47961,48013,47969,47894,47905,47929,47857,47830,47789,47734,47796,47617,47386,47157,46955,46523,25405,22615,22514,22502,22362,22333,43826,45742,45629,45691,45591,45580,45582,45968,46158,46243,46292,46520,46759,46920,47095,47285,47594,47646,47683,47686,,
JRD,JRD1101,TODD,junctionroad,Gas,Thrml,2026-03-19,47640,47439,47588,47925,47954,47572,47528,47502,47428,47408,47508,47558,47553,47620,47677,47650,47608,47377,46942,46815,46520,46430,46121,45753,45433,45186,44860,44717,44663,44584,23814,22120,22038,42928,45071,45252,45443,45532,45602,45689,45704,45940,46386,46406,46855,46891,46898,47253,,
JRD,JRD1101,TODD,junctionroad,Gas,Thrml,2026-03-20,47255,47343,47420,47495,47568,47564,47591,47636,47562,47547,47575,47622,47649,47675,47620,47661,47646,47570,47238,46940,46489,46182,46110,45928,24270,22235,22206,22143,22077,22074,22081,22060,42787,44994,45392,45493,45611,45765,45946,46004,46007,46625,47375,47393,47396,47347,47682,47421,,
JRD,JRD1101,TODD,junctionroad,Gas,Thrml,2026-03-21,47499,47382,47433,47401,47350,25214,22979,23005,23007,23010,23010,22992,45442,47926,47947,48013,47854,47652,47539,47437,25325,22751,22768,22481,22332,22333,22333,22329,22227,22211,22224,22195,43787,45237,45027,45438,45775,45958,46192,46531,46707,47443,47506,47698,47734,47864,47834,47921,,
JRD,JRD1101,TODD,junctionroad,Gas,Thrml,2026-03-22,47633,47781,47911,47809,48018,47955,48114,48053,48136,48101,48027,47965,48110,48053,48051,48079,48076,47836,47346,46928,46710,46435,46168,45685,24175,22238,22043,22032,22010,42903,45377,45343,45222,45038,44973,45426,45742,45936,46181,46611,46920,47115,47256,47544,47698,47549,47531,47502,,
JRD,JRD1101,TODD,junctionroad,Gas,Thrml,2026-03-23,47633,47189,47739,47852,47808,47713,47764,47832,47685,47653,47587,47605,47650,47834,47819,47663,47493,47458,47230,46990,46339,46288,45847,45774,45722,45468,24066,22008,22032,22007,42341,45351,45295,45389,45361,45347,45746,45900,46161,46425,46639,46746,46843,46948,47256,47244,47236,47229,,
JRD,JRD1101,TODD,junctionroad,Gas,Thrml,2026-03-24,47257,47566,47516,47460,47448,47366,47216,47141,47228,47306,47359,47276,47362,47372,47314,47349,47280,47164,46990,46702,46472,46348,46134,46096,46096,45948,45796,45781,45791,45691,45668,45668,45640,45633,45626,45868,46069,46158,46409,46918,46931,47018,47032,46947,46857,46884,47375,47309,,
JRD,JRD1101,TODD,junctionroad,Gas,Thrml,2026-03-25,47290,47672,47654,47657,47638,47709,47683,47769,47829,47885,47836,47754,47947,47918,47909,47887,47815,47756,47645,47292,47158,46789,46510,46451,46232,45949,45693,45779,45647,45720,45594,45823,45828,45842,45903,45908,46257,46387,46366,46428,46524,46584,46907,46909,46950,47340,47228,47331,,
JRD,JRD1101,TODD,junctionroad,Gas,Thrml,2026-03-26,47417,47406,47393,47448,47476,47403,47404,47455,47495,47608,47732,47786,47770,47688,47711,47750,47736,47764,47724,47694,47702,47610,47596,47645,47639,47600,47447,47473,47419,47235,47031,47136,47501,47606,47515,47450,47430,47377,47251,47114,47138,47191,47204,24853,23061,23090,23116,22717,,
JRD,JRD1101,TODD,junctionroad,Gas,Thrml,2026-03-27,22611,22568,22567,22570,22569,22567,22567,22573,22573,22567,22578,22594,22568,38527,46485,46334,46225,46197,46225,46369,45993,45915,45900,25172,22221,22220,22220,22227,22230,22190,21837,21831,21833,22264,22246,43631,46176,46110,46099,46236,46520,46642,46799,46819,24723,22741,22789,22859,,
JRD,JRD1101,TODD,junctionroad,Gas,Thrml,2026-03-28,22566,22563,22560,22565,2773,0,0,0,0,0,0,0,0,21373,23534,23533,23538,23476,23287,23283,23161,23160,23156,22993,22768,22776,22535,22515,22521,22541,22543,22547,22543,22537,22549,22539,22675,23179,23255,23268,23501,23645,23795,23803,23801,23897,23903,23893,,
JRD,JRD1101,TODD,junctionroad,Gas,Thrml,2026-03-29,23918,23923,23922,23921,23809,23767,23761,23760,23750,23753,23753,23765,23713,23752,23735,23740,23692,23683,23699,23243,23225,23253,23188,23242,23195,23185,23164,23160,23159,23161,23155,23143,23007,23006,23009,23004,23006,23218,23225,23227,23226,23409,23522,23507,23522,23510,23504,23444,,
JRD,JRD1101,TODD,junctionroad,Gas,Thrml,2026-03-30,23577,23702,23871,23907,23910,23900,23810,23807,23801,23831,23825,23822,23821,23815,23827,23827,23810,23813,23680,23567,23431,23417,23332,23242,23184,23133,1915,0,0,0,0,0,17738,22918,22923,22911,23159,23106,23095,23079,23080,23440,23618,23613,23619,23618,23619,23621,,
JRD,JRD1101,TODD,junctionroad,Gas,Thrml,2026-03-31,23619,23623,23637,23641,1893,0,0,0,0,0,14,22419,24058,24049,24064,24033,24026,24024,24029,24031,23791,23562,23395,23391,23393,23295,23129,22982,22973,22974,22982,22966,22970,22953,22954,23384,23379,23380,23378,23375,23380,23871,23877,23869,23890,23886,23884,23886,,
KAW,KAW0111,HEDL,kawerau,Geo,Geo,2026-03-01,0,0,0,0,0,0,0,0,0,0,0,0,0,0,0,0,0,0,0,0,0,0,0,0,0,0,0,0,0,0,0,0,0,0,0,0,0,0,0,0,0,0,0,0,0,0,0,0,,
KAW,KAW0111,HEDL,kawerau,Geo,Geo,2026-03-02,0,0,0,0,0,0,0,0,0,0,0,0,0,0,0,0,0,0,0,0,0,0,0,0,0,0,0,0,0,0,0,0,0,0,0,0,0,0,0,0,0,0,0,0,0,0,0,0,,
KAW,KAW0111,HEDL,kawerau,Geo,Geo,2026-03-03,0,0,0,0,0,0,0,0,0,0,0,0,0,0,0,0,0,0,0,0,0,0,0,0,0,0,0,0,0,0,0,0,0,0,0,0,0,0,0,0,0,0,0,0,0,0,0,0,,
KAW,KAW0111,HEDL,kawerau,Geo,Geo,2026-03-04,0,0,0,0,0,0,0,0,0,0,0,0,0,0,0,0,0,0,0,0,0,0,0,0,0,0,0,0,0,0,0,0,0,0,0,0,0,0,0,0,0,0,0,0,0,0,0,0,,
KAW,KAW0111,HEDL,kawerau,Geo,Geo,2026-03-05,0,0,0,0,0,0,0,0,0,0,0,0,0,0,0,0,0,0,0,0,0,0,0,0,0,0,0,0,0,0,0,0,0,0,0,0,0,0,0,0,0,0,0,0,0,0,0,0,,
KAW,KAW0111,HEDL,kawerau,Geo,Geo,2026-03-06,0,0,0,0,0,0,0,0,0,0,0,0,0,0,0,0,0,0,0,0,0,0,0,0,0,0,0,0,0,0,0,0,0,0,0,0,0,0,0,0,0,0,0,0,0,0,0,0,,
KAW,KAW0111,HEDL,kawerau,Geo,Geo,2026-03-07,0,0,0,0,0,0,0,0,0,0,0,0,0,0,0,0,0,0,0,0,0,0,0,0,0,0,0,0,0,0,0,0,0,0,0,0,0,0,0,0,0,0,0,0,0,0,0,0,,
KAW,KAW0111,HEDL,kawerau,Geo,Geo,2026-03-08,0,0,0,0,0,0,0,0,0,0,0,0,0,0,0,0,0,0,0,0,0,0,0,0,0,0,0,0,0,0,0,0,0,0,0,0,0,0,0,0,0,0,0,0,0,0,0,0,,
KAW,KAW0111,HEDL,kawerau,Geo,Geo,2026-03-09,0,0,0,0,0,0,0,0,0,0,0,0,0,0,0,0,0,0,0,0,0,0,0,0,0,0,0,0,0,0,0,0,0,0,0,0,0,0,0,0,0,0,0,0,0,0,0,0,,
KAW,KAW0111,HEDL,kawerau,Geo,Geo,2026-03-10,0,0,0,0,0,0,0,0,0,0,0,0,0,0,0,0,0,0,0,0,0,0,0,0,0,0,0,0,0,0,0,0,0,0,0,0,0,0,0,0,0,0,0,0,0,0,0,0,,
KAW,KAW0111,HEDL,kawerau,Geo,Geo,2026-03-11,0,0,0,0,0,0,0,0,0,0,0,0,0,0,0,0,0,0,0,0,0,0,0,0,0,0,0,0,0,0,0,0,0,0,0,0,0,0,0,0,0,0,0,0,0,0,0,0,,
KAW,KAW0111,HEDL,kawerau,Geo,Geo,2026-03-12,0,0,0,0,0,0,0,0,0,0,0,0,0,0,0,0,0,0,0,0,0,0,0,0,0,0,0,0,0,0,0,0,0,0,0,0,0,0,0,0,0,0,0,0,0,0,0,0,,
KAW,KAW0111,HEDL,kawerau,Geo,Geo,2026-03-13,0,0,0,0,0,0,0,0,0,0,0,0,0,0,0,0,0,0,0,0,0,0,0,0,0,0,0,0,0,0,0,0,0,0,0,0,0,0,0,0,0,0,0,0,0,0,0,0,,
KAW,KAW0111,HEDL,kawerau,Geo,Geo,2026-03-14,0,0,0,0,0,0,0,0,0,0,0,0,0,0,0,0,0,0,0,0,0,0,0,0,0,0,0,0,0,0,0,0,0,0,0,0,0,0,0,0,0,0,0,0,0,0,0,0,,
KAW,KAW0111,HEDL,kawerau,Geo,Geo,2026-03-15,0,0,0,0,0,0,0,0,0,0,0,0,0,0,0,0,0,0,0,0,0,0,0,0,0,0,0,0,0,0,0,0,0,0,0,0,0,0,0,0,0,0,0,0,0,0,0,0,,
KAW,KAW0111,HEDL,kawerau,Geo,Geo,2026-03-16,0,0,0,0,0,0,0,0,0,0,0,0,0,0,0,0,0,0,0,0,0,0,0,0,0,0,0,0,0,0,0,0,0,0,0,0,0,0,0,0,0,0,0,0,0,0,0,0,,
KAW,KAW0111,HEDL,kawerau,Geo,Geo,2026-03-17,0,0,0,0,0,0,0,0,0,0,0,0,0,0,0,0,0,0,0,0,0,0,0,0,0,0,0,0,0,0,0,0,0,0,0,0,0,0,0,0,0,0,0,0,0,0,0,0,,
KAW,KAW0111,HEDL,kawerau,Geo,Geo,2026-03-18,0,0,0,0,0,0,0,0,0,0,0,0,0,0,0,0,0,0,0,0,0,0,0,0,0,0,0,0,0,0,0,0,0,0,0,0,0,0,0,0,0,0,0,0,0,0,0,0,,
KAW,KAW0111,HEDL,kawerau,Geo,Geo,2026-03-19,0,0,0,0,0,0,0,0,0,0,0,0,0,0,0,0,0,0,0,0,0,0,0,0,0,0,0,0,0,0,0,0,0,0,0,0,0,0,0,0,0,0,0,0,0,0,0,0,,
KAW,KAW0111,HEDL,kawerau,Geo,Geo,2026-03-20,0,0,0,0,0,0,0,0,0,0,0,0,0,0,0,0,0,0,0,0,0,0,0,0,0,0,0,0,0,0,0,0,0,0,0,0,0,0,0,0,0,0,0,0,0,0,0,0,,
KAW,KAW0111,HEDL,kawerau,Geo,Geo,2026-03-21,0,0,0,0,0,0,0,0,0,0,0,0,0,0,0,0,0,0,0,0,0,0,0,0,0,0,0,0,0,0,0,0,0,0,0,0,0,0,0,0,0,0,0,0,0,0,0,0,,
KAW,KAW0111,HEDL,kawerau,Geo,Geo,2026-03-22,0,0,0,0,0,0,0,0,0,0,0,0,0,0,0,0,0,0,0,0,0,0,0,0,0,0,0,0,0,0,0,0,0,0,0,0,0,0,0,0,0,0,0,0,0,0,0,0,,
KAW,KAW0111,HEDL,kawerau,Geo,Geo,2026-03-23,0,0,0,0,0,0,0,0,0,0,0,0,0,0,0,0,0,0,0,0,0,0,0,0,0,0,0,0,0,0,0,0,0,0,0,0,0,0,0,0,0,0,0,0,0,0,0,0,,
KAW,KAW0111,HEDL,kawerau,Geo,Geo,2026-03-24,0,0,0,0,0,0,0,0,0,0,0,0,0,0,0,0,0,0,0,0,0,0,0,0,0,0,0,0,0,0,0,0,0,0,0,0,0,0,0,0,0,0,0,0,0,0,0,0,,
KAW,KAW0111,HEDL,kawerau,Geo,Geo,2026-03-25,0,0,0,0,0,0,0,0,0,0,0,0,0,0,0,0,0,0,0,0,0,0,0,0,0,0,0,0,0,0,0,0,0,0,0,0,0,0,0,0,0,0,0,0,0,0,0,0,,
KAW,KAW0111,HEDL,kawerau,Geo,Geo,2026-03-26,0,0,0,0,0,0,0,0,0,0,0,0,0,0,0,0,0,0,0,0,0,0,0,0,0,0,0,0,0,0,0,0,0,0,0,0,0,0,0,0,0,0,0,0,0,0,0,0,,
KAW,KAW0111,HEDL,kawerau,Geo,Geo,2026-03-27,0,0,0,0,0,0,0,0,0,0,0,0,0,0,0,0,0,0,0,0,0,0,0,0,0,0,0,0,0,0,0,0,0,0,0,0,0,0,0,0,0,0,0,0,0,0,0,0,,
KAW,KAW0111,HEDL,kawerau,Geo,Geo,2026-03-28,0,0,0,0,0,0,0,0,0,0,0,0,0,0,0,0,0,0,0,0,0,0,0,0,0,0,0,0,0,0,0,0,0,0,0,0,0,0,0,0,0,0,0,0,0,0,0,0,,
KAW,KAW0111,HEDL,kawerau,Geo,Geo,2026-03-29,0,0,0,0,0,0,0,0,0,0,0,0,0,0,0,0,0,0,0,0,0,0,0,0,0,0,0,0,0,0,0,0,0,0,0,0,0,0,0,0,0,0,0,0,0,0,0,0,,
KAW,KAW0111,HEDL,kawerau,Geo,Geo,2026-03-30,0,0,0,0,0,0,0,0,0,0,0,0,0,0,0,0,0,0,0,0,0,0,0,0,0,0,0,0,0,0,0,0,0,0,0,0,0,0,0,0,0,0,0,0,0,0,0,0,,
KAW,KAW0111,HEDL,kawerau,Geo,Geo,2026-03-31,0,0,0,0,0,0,0,0,0,0,0,0,0,0,0,0,0,0,0,0,0,0,0,0,0,0,0,0,0,0,0,0,0,0,0,0,0,0,0,0,0,0,0,0,0,0,0,0,,
KAW,KAW0112,CHHE,norskeskog,Geo,Geo,2026-03-01,13107,13412,13503,13497,13428,13416,13409,13365,13414,13452,13562,13646,13624,13659,13561,13569,13512,13447,13379,13255,13267,13211,13082,12999,12885,12701,12778,12582,12565,12313,12529,12377,12113,12444,12519,12587,12317,12259,12406,12413,12528,12659,13000,13063,12841,12811,13147,13153,,
KAW,KAW0112,CHHE,norskeskog,Geo,Geo,2026-03-02,13354,13382,13466,13432,13488,13480,13429,13421,13511,13589,13609,13562,13613,13606,13579,13590,13598,13598,13585,13639,13865,13877,13668,13468,13358,13203,13225,12974,13382,13071,12899,12972,13018,13024,13130,13120,13241,13180,13203,13206,13179,13244,13359,13357,13413,13361,13333,13339,,
KAW,KAW0112,CHHE,norskeskog,Geo,Geo,2026-03-03,13234,13259,13382,13272,13270,13298,13325,13218,13202,13221,13306,13300,13411,13476,13435,13503,13619,13538,13566,13483,13485,13393,13445,12927,13046,13036,12928,12799,12977,13038,13184,12932,13003,12841,12512,13075,12880,13041,13221,13278,13315,13287,13261,13227,13429,13388,13304,13365,,
KAW,KAW0112,CHHE,norskeskog,Geo,Geo,2026-03-04,13324,13414,13452,13385,13358,13467,13445,13416,13426,13443,13442,13402,13434,13412,13410,13460,13407,13356,13341,13296,13301,13239,13175,13209,13135,12965,13083,13110,13195,13144,13187,13211,13112,13118,12894,12848,12948,13307,13360,13315,13464,13454,13496,13610,13762,13714,13658,13656,,
KAW,KAW0112,CHHE,norskeskog,Geo,Geo,2026-03-05,13669,13669,13758,13739,13700,13675,13715,13688,13694,13757,13765,13742,13687,13648,13609,13619,13605,13599,13492,13465,13407,13293,13144,13011,12933,12825,12934,12899,12996,12931,12967,13002,12877,12677,13045,13171,13046,13172,13160,13152,13339,13507,13584,13555,13540,13633,13594,13586,,
KAW,KAW0112,CHHE,norskeskog,Geo,Geo,2026-03-06,13571,13578,13566,13704,13718,13732,13784,13796,13797,13774,13738,13736,13717,13744,13655,13659,13664,13645,13520,13474,13413,13180,12984,12632,12538,12566,12507,12650,12630,12483,12574,12603,12507,12468,12664,12850,12890,12777,12726,13018,13147,13170,13191,13302,13466,13490,13487,13507,,
KAW,KAW0112,CHHE,norskeskog,Geo,Geo,2026-03-07,13488,13570,13575,13577,13595,13595,13590,13606,13632,13697,13788,13785,13801,13804,13789,13675,13700,13679,13597,13589,13461,13428,13383,13143,13068,12821,12871,12674,12664,12742,12747,12766,12831,12740,12846,12932,13066,13137,13187,13128,13131,13188,13239,13365,13502,13524,13470,13520,,
KAW,KAW0112,CHHE,norskeskog,Geo,Geo,2026-03-08,13528,13518,13629,13647,13650,13659,13665,13638,13637,13683,13766,13776,13788,13734,13751,13760,13739,13735,13613,13108,12658,12640,12714,12994,13280,13197,13094,13077,12927,12914,12945,12602,12510,12752,12666,12552,12564,12672,12573,12809,13047,13083,13100,13078,13176,13187,13331,13382,,
KAW,KAW0112,CHHE,norskeskog,Geo,Geo,2026-03-09,13535,13523,13419,13453,13459,13500,13475,13410,13438,13509,13573,13572,13599,13629,13699,15601,15565,15557,15517,15375,15368,15236,15038,14928,14689,14725,14541,14445,14521,14337,14304,14297,14207,14222,14307,14158,14373,14430,14608,14766,14842,14799,14976,15072,14832,15111,15024,14956,,
KAW,KAW0112,CHHE,norskeskog,Geo,Geo,2026-03-10,15087,14993,15112,15167,15185,15214,15185,15280,15324,15347,15382,15419,15474,15401,15396,15385,15391,15396,15424,15451,15219,14918,14723,14660,14589,14651,10850,10384,12450,14379,14227,14232,14147,14352,14461,14495,14672,14912,15182,15353,15347,15378,15403,15459,15517,15558,15577,15570,,
KAW,KAW0112,CHHE,norskeskog,Geo,Geo,2026-03-11,15574,15573,15579,15571,15577,15582,15594,15624,15597,15603,15601,15606,15618,15585,15598,15624,15599,15601,15598,15428,15339,15615,15587,15510,15535,15381,15258,15257,15243,15399,15108,15139,14998,15088,15131,15358,15525,15508,15485,15484,15536,15525,15549,15533,15567,15561,15569,15564,,
KAW,KAW0112,CHHE,norskeskog,Geo,Geo,2026-03-12,15557,15587,15586,15575,15600,15566,15581,15574,15603,15581,15573,15594,15576,15583,15576,15589,15583,15579,15568,15561,15562,15405,15150,15279,15268,15146,15009,15018,14884,14788,14646,14824,15058,15031,14918,14965,14998,14993,13925,11190,11835,11842,11868,11986,11258,11045,10908,10907,,
KAW,KAW0112,CHHE,norskeskog,Geo,Geo,2026-03-13,10884,10846,10913,11021,11041,11105,11076,11081,11068,11039,11070,11108,11166,11154,11099,11129,11128,11077,11012,11195,11163,11526,11714,11657,11647,11442,11386,11517,11708,11690,11779,11743,11769,11923,12006,11898,11834,11735,11675,11686,11654,11707,11646,11648,11598,11611,11738,11699,,
KAW,KAW0112,CHHE,norskeskog,Geo,Geo,2026-03-14,11673,11645,11810,11687,11743,11763,11827,11788,11834,11714,11776,11641,10126,8172,2479,2088,2086,2086,2080,2077,2068,2053,2057,2066,2036,1958,1942,1940,1948,1940,1942,1934,1948,1966,1964,1977,1951,2039,2029,2029,2051,2034,2041,2113,2159,2150,2146,2246,,
KAW,KAW0112,CHHE,norskeskog,Geo,Geo,2026-03-15,2297,2293,2288,2288,2315,2337,2393,2411,2455,2443,2453,2457,2377,2349,2355,2355,2357,2362,2360,2354,2343,2323,2307,2294,2251,2199,2181,2177,2181,2163,2159,2159,2162,2161,2152,2161,2153,2113,2120,2096,2098,2099,2097,2129,2144,2086,2100,2174,,
KAW,KAW0112,CHHE,norskeskog,Geo,Geo,2026-03-16,2236,2293,2335,2327,2298,2308,2312,2327,2300,2302,2329,2421,2433,2448,2442,2439,2432,2431,2417,2414,2470,2525,2363,2284,2233,2217,2165,2176,2205,2201,2178,2154,2161,2158,2153,2123,2114,2081,2037,2061,2066,2095,2099,2057,2078,2112,2079,2119,,
KAW,KAW0112,CHHE,norskeskog,Geo,Geo,2026-03-17,2148,2171,2141,2140,2137,2203,2267,2395,2474,2458,2448,2463,2452,2414,2366,2352,2265,2208,2198,2172,2152,2129,2035,1996,1981,1981,1974,1955,1969,1977,1958,1958,1961,1967,1967,1975,1976,1975,1971,2012,2105,2096,2111,2142,2150,2119,2118,2109,,
KAW,KAW0112,CHHE,norskeskog,Geo,Geo,2026-03-18,2097,2103,2135,2122,2113,2120,2115,2118,2119,2127,2110,2147,2142,2137,2134,2099,2099,2099,2079,2092,2098,2076,2064,2069,2062,2066,2075,2074,2040,2043,2052,2022,2064,2099,2095,2105,2110,2104,2107,2111,2108,2064,2117,2151,2192,2178,2149,2149,,
KAW,KAW0112,CHHE,norskeskog,Geo,Geo,2026-03-19,2148,2162,2186,2230,2270,2258,2258,2279,2269,2276,2296,2295,2282,2284,2318,2319,2295,2294,2336,2373,2379,2400,2372,2361,2342,2289,3632,5595,8989,11238,11065,11301,11133,11026,10678,10347,10207,10220,10523,10709,10083,9643,9939,9982,10690,10233,10163,10230,,
KAW,KAW0112,CHHE,norskeskog,Geo,Geo,2026-03-20,10298,10325,10723,10645,10332,10424,10374,10362,10338,10511,10491,10494,10795,10763,10760,10736,10730,10969,11472,11485,11297,10890,10945,11345,11281,11191,11177,11403,11254,10932,10924,10403,10721,10897,10735,10620,10644,11031,11060,11367,11339,11386,11495,11959,12253,11819,11832,11924,,
KAW,KAW0112,CHHE,norskeskog,Geo,Geo,2026-03-21,12213,12500,12376,12651,12644,12642,12849,12915,12917,13050,13059,13236,13062,12928,12970,13134,13244,13415,13373,13138,12950,12813,12749,12541,12539,12408,12084,12215,12310,12438,12348,12391,12617,12635,12850,12918,12904,12939,13047,13068,12995,12929,12770,12878,13322,13680,13664,13859,,
KAW,KAW0112,CHHE,norskeskog,Geo,Geo,2026-03-22,13573,13463,13751,13608,13477,13445,13463,13464,13458,13487,13546,13545,13617,13413,13411,13441,13533,13465,13564,13573,13581,13532,13418,13461,13484,13393,13152,13439,13226,13251,13125,13208,13197,13105,12994,13101,13089,12993,13053,13239,13320,13249,13303,13405,13495,13430,13451,13435,,
KAW,KAW0112,CHHE,norskeskog,Geo,Geo,2026-03-23,13435,13442,13560,13557,13465,13452,13462,13406,13459,13114,13342,12979,13395,13360,13061,13043,13153,13142,13161,12852,12877,12738,12697,12611,12487,12395,12183,12803,12825,12874,13170,13158,12877,12939,12804,12735,13487,13045,13280,13696,13572,13692,13533,13623,13716,13567,13361,13234,,
KAW,KAW0112,CHHE,norskeskog,Geo,Geo,2026-03-24,13280,13165,13188,13198,13186,13178,13230,13212,13207,13195,13677,13960,13431,13323,13248,13041,13215,13231,13292,13277,13270,13256,13226,12977,12670,12723,12746,12621,12577,12562,12528,12731,13093,13276,13293,13244,13204,12795,12816,12937,13112,13072,12995,13029,12974,13018,13055,13046,,
KAW,KAW0112,CHHE,norskeskog,Geo,Geo,2026-03-25,12969,12970,12983,13082,13044,12978,13048,13042,13055,13058,13044,13069,13056,13057,13026,13038,13085,13080,13061,13063,12930,13119,12965,12898,12899,12828,12634,12706,12599,12788,12863,12903,12955,12982,13025,13175,13233,13042,13087,13090,13010,12990,12972,12844,12915,12949,12977,12934,,
KAW,KAW0112,CHHE,norskeskog,Geo,Geo,2026-03-26,12916,12883,12310,12387,12757,12814,12699,12615,12688,12718,12861,12818,12614,12512,12817,12839,12864,12673,12535,12345,12516,12602,12777,12723,12637,12732,12940,12896,12706,12793,12987,12893,12656,12800,12720,12775,12846,12827,12874,12846,13058,13067,13220,13160,13033,13130,13078,13163,,
KAW,KAW0112,CHHE,norskeskog,Geo,Geo,2026-03-27,13016,12874,12918,12897,13359,13598,13262,13199,13254,12928,12992,13094,12691,11961,11544,12029,12260,12478,12391,11745,11866,11458,11142,11586,11776,12232,12033,12425,12226,12039,12355,12068,11888,11886,11760,12062,12125,12027,12161,12148,12388,12273,12430,12573,12411,12538,12439,12645,,
KAW,KAW0112,CHHE,norskeskog,Geo,Geo,2026-03-28,12743,12655,12582,12734,12700,12605,12567,12464,12482,12493,12508,12443,12109,11897,11986,11828,11778,11802,11769,11772,11730,11765,11885,11839,11593,11554,11646,11457,11398,11554,11369,11398,11586,11446,11623,11980,12259,12344,12887,12606,12486,12883,13014,12944,12996,13013,12982,12889,,
KAW,KAW0112,CHHE,norskeskog,Geo,Geo,2026-03-29,13044,12976,12932,13016,13007,13197,12987,12885,13079,13073,12892,12878,12597,12695,12504,12596,12410,12619,12976,12868,12726,12634,12389,12436,12420,12201,12082,12207,12042,12266,12008,11767,11583,11715,11731,11908,12064,12566,12607,12729,12655,12296,12242,12694,12938,12885,12898,12951,,
KAW,KAW0112,CHHE,norskeskog,Geo,Geo,2026-03-30,12855,12705,12935,12930,12972,13197,13247,13120,13154,13029,12801,13135,13178,13071,12913,12941,12868,12926,12749,12455,12049,12324,12602,12328,11867,11557,11605,11541,11523,11531,11680,11633,11619,11454,11406,11610,11732,11682,11670,11577,11753,12218,12450,12538,12775,12880,12831,12608,,
KAW,KAW0112,CHHE,norskeskog,Geo,Geo,2026-03-31,12810,12824,13004,12850,12827,12930,13154,13078,12849,12981,12981,12938,12839,12936,13146,13139,12972,13174,13268,13197,12976,12876,12643,12628,13019,13010,12550,12366,12311,12276,12209,11979,11621,11720,12019,11870,11966,12244,12604,12678,12888,12991,12976,13014,13199,13245,13279,13253,,
KAW,KAW1101,KRGL,kawerau_new,Geo,Geo,2026-03-01,50018,49960,50056,49988,49993,49997,50049,50012,50034,50092,50107,50137,50162,50157,50190,50156,50178,50140,50072,50011,49920,49846,49739,49682,49670,49666,49670,49679,49626,49546,49394,49399,49448,49512,49559,49578,49561,49589,49612,49629,49640,49652,49720,49739,49733,49745,49762,49766,,
KAW,KAW1101,KRGL,kawerau_new,Geo,Geo,2026-03-02,49789,49837,49860,49850,49923,50015,50070,50122,50134,50157,50190,50243,50266,50231,50225,50208,50247,50344,50359,50324,50351,50344,50292,50281,50275,50200,50218,50224,50228,50247,50220,50249,50290,50287,50283,50228,50290,50346,50367,50347,50369,50405,50421,50423,50426,50474,50544,50528,,
KAW,KAW1101,KRGL,kawerau_new,Geo,Geo,2026-03-03,50550,50541,50576,50620,50642,50644,50595,50577,50582,50624,50638,50644,50659,50667,50642,50585,50566,50510,50430,50406,50388,50361,50357,50377,50349,50307,50280,50299,50329,50342,50333,50315,50295,50298,50312,50322,50315,50320,50337,50394,50430,50440,50449,50476,50473,50491,50488,50491,,
KAW,KAW1101,KRGL,kawerau_new,Geo,Geo,2026-03-04,50493,50520,50528,50553,50569,50553,50554,50567,50554,50555,50580,50565,50535,50549,50545,50536,50505,50457,50395,50303,50262,50210,50164,50103,50112,50096,50013,50072,50051,50022,50041,50035,50000,49999,49992,49925,49900,49922,49999,50077,50061,50061,50117,50142,50132,50157,50155,50181,,
KAW,KAW1101,KRGL,kawerau_new,Geo,Geo,2026-03-05,50219,50224,50226,50240,50220,50238,50232,50253,50236,50225,50261,50288,50320,50316,50327,50319,50291,50282,50229,50165,50089,49978,49895,49865,49867,49838,49868,49896,49786,49723,49771,49688,49583,49557,49620,49655,49699,49745,49830,49895,49961,49973,49952,49989,50012,50030,50033,50052,,
KAW,KAW1101,KRGL,kawerau_new,Geo,Geo,2026-03-06,50061,50106,50066,50080,50082,50093,50073,50074,50059,50054,50047,50065,50075,50088,50070,50083,50082,50016,49981,49942,49838,49758,49744,49736,49851,50036,49913,49688,49606,49576,49575,49417,49311,49330,49494,49607,49660,49686,49694,49713,49723,49710,49747,49775,49808,49862,49883,49883,,
KAW,KAW1101,KRGL,kawerau_new,Geo,Geo,2026-03-07,49880,49901,49945,49951,49976,49982,49953,49977,50069,50144,50148,50171,50188,50211,50224,50214,50155,50128,49981,49870,49855,49871,49835,49789,49836,49755,49731,49662,49681,49668,49722,49795,49742,49784,49838,49804,49766,49835,49893,49926,49908,49917,49903,49923,49950,50006,50043,50049,,
KAW,KAW1101,KRGL,kawerau_new,Geo,Geo,2026-03-08,50031,50048,50036,50054,50096,50096,50120,50097,50497,45931,29496,6665,0,0,0,0,0,0,0,0,0,0,0,0,0,0,0,0,0,0,0,0,0,0,0,0,0,0,0,0,0,0,0,0,0,0,0,0,,
KAW,KAW1101,KRGL,kawerau_new,Geo,Geo,2026-03-09,0,0,0,0,0,0,0,0,0,0,0,0,0,0,0,0,0,0,0,0,0,0,0,0,0,0,0,0,0,0,0,0,0,0,0,0,0,0,0,0,0,0,0,0,0,0,0,0,,
KAW,KAW1101,KRGL,kawerau_new,Geo,Geo,2026-03-10,0,0,0,0,0,0,0,0,0,0,0,0,0,0,0,0,0,0,0,0,0,0,0,0,0,0,0,0,0,0,0,0,0,0,0,0,0,0,0,0,0,0,0,0,0,0,0,0,,
KAW,KAW1101,KRGL,kawerau_new,Geo,Geo,2026-03-11,0,0,0,0,0,0,0,0,0,0,0,0,0,0,0,0,0,0,0,0,0,0,0,0,0,0,0,0,0,0,0,0,0,0,0,0,0,0,0,0,0,0,0,0,0,0,0,0,,
KAW,KAW1101,KRGL,kawerau_new,Geo,Geo,2026-03-12,0,0,0,0,0,0,0,0,0,0,0,0,0,0,0,0,0,0,0,0,0,0,0,0,0,0,0,0,0,0,0,0,0,0,0,0,0,0,0,0,0,0,0,0,0,0,0,0,,
KAW,KAW1101,KRGL,kawerau_new,Geo,Geo,2026-03-13,0,0,0,0,0,0,0,0,0,0,0,0,0,0,0,0,0,0,0,0,0,0,0,0,0,0,0,0,0,0,0,0,0,0,0,0,0,0,0,0,0,0,0,0,0,0,0,0,,
KAW,KAW1101,KRGL,kawerau_new,Geo,Geo,2026-03-14,0,0,0,0,0,0,0,0,0,0,0,0,0,0,0,0,0,0,0,0,0,0,0,0,0,0,0,0,0,0,10318,29791,42965,50787,51384,51608,51643,51507,51501,51285,51056,50994,50751,50820,52350,53056,53173,53243,,
KAW,KAW1101,KRGL,kawerau_new,Geo,Geo,2026-03-15,53054,52702,52882,52796,52809,52327,52194,52110,52147,52045,52091,52062,52150,52221,52256,52350,52343,52212,52223,52147,52149,52118,52050,51926,51981,51948,51914,51894,51859,51829,51791,51634,51579,51585,51652,51617,51629,51620,51671,51613,51615,51715,51767,51785,51803,51781,51794,51806,,
KAW,KAW1101,KRGL,kawerau_new,Geo,Geo,2026-03-16,51767,51804,51747,51786,51764,51794,51808,51786,51844,51820,51825,51808,51804,51818,51803,51829,51813,51802,51741,51670,51598,51499,51416,51297,51154,51301,51212,51152,50550,49957,50479,50566,50523,50504,50520,50662,50953,51093,51205,51254,51290,51292,51282,51297,51291,51283,51280,51292,,
KAW,KAW1101,KRGL,kawerau_new,Geo,Geo,2026-03-17,51289,51285,51304,51309,51277,51268,51241,51259,51269,51297,51315,51319,51343,51370,51354,51344,51335,51423,51547,51617,51588,51653,51686,51734,51727,51733,51747,51550,51347,51390,51443,51354,51336,51362,51376,51374,51474,51329,51452,51593,51743,51772,51787,51784,51794,51796,51777,51773,,
KAW,KAW1101,KRGL,kawerau_new,Geo,Geo,2026-03-18,51765,51774,51788,51777,51801,51832,51833,51812,51839,51837,51860,51899,51889,51881,51878,51870,51904,51869,51754,51832,52027,52274,52331,52144,52089,52071,52033,52033,52145,52356,52389,52353,52351,52319,52345,52422,52429,52388,52361,52371,52447,52461,52468,52502,52535,52549,52566,52510,,
KAW,KAW1101,KRGL,kawerau_new,Geo,Geo,2026-03-19,52503,52554,52504,52467,52518,52581,52625,52636,52682,52680,52614,52566,52593,52605,52690,52764,52763,52742,52717,52559,52361,52261,52484,52603,52564,52590,52564,52552,52518,52587,52551,52560,52566,52533,52452,52477,52510,52483,52533,52577,52574,52588,52589,52594,52576,52586,52615,52642,,
KAW,KAW1101,KRGL,kawerau_new,Geo,Geo,2026-03-20,52656,52621,52578,52615,52621,52615,52628,52652,52646,52643,52651,52626,52620,52634,52739,52721,52690,52662,52534,52448,52414,52370,52345,52339,52322,52316,52344,52337,52326,52293,52360,52325,52356,52374,52361,52298,52267,52237,52372,52432,52594,52661,52720,52693,52700,52706,52712,52731,,
KAW,KAW1101,KRGL,kawerau_new,Geo,Geo,2026-03-21,52715,52682,52803,52758,52751,52759,52772,52789,52801,53304,52940,52853,52892,52952,52897,52902,52880,52857,52811,52764,52705,52667,52589,52466,52443,52402,52322,52319,52249,52114,52171,52090,52150,52129,51994,51897,51940,52015,52069,52128,52175,52180,52229,52240,52264,52152,52136,52157,,
KAW,KAW1101,KRGL,kawerau_new,Geo,Geo,2026-03-22,52174,52165,52159,52148,52145,52149,52157,52174,52149,52125,52138,52141,52186,52147,52164,52186,52211,52186,52178,52188,52173,52172,52146,52129,52141,52266,52445,52402,52131,52064,52074,52075,52074,52061,52049,52080,52078,52097,52084,52071,52060,52206,52261,52301,52267,52274,52308,52344,,
KAW,KAW1101,KRGL,kawerau_new,Geo,Geo,2026-03-23,52331,52345,52342,52322,52316,52322,52346,52358,52386,52397,52414,52464,52453,52465,52519,52519,52844,52920,52806,52615,52311,52304,52369,52432,52433,52391,52448,52337,51851,50737,51273,51654,51814,51925,51926,51947,52014,52025,51997,52007,52033,52050,52035,52046,52054,52072,52047,52048,,
KAW,KAW1101,KRGL,kawerau_new,Geo,Geo,2026-03-24,52099,52182,52237,52262,52288,52280,52250,52222,52246,52286,52299,52319,52294,52199,52236,52288,52286,52266,52272,52233,52196,52173,52166,52154,52081,52020,52006,52059,52026,52012,52010,52057,52092,52059,52069,52034,51998,51997,51957,51923,51970,52013,51986,51983,51998,52037,52013,52023,,
KAW,KAW1101,KRGL,kawerau_new,Geo,Geo,2026-03-25,52042,52084,52087,52069,52063,52056,52046,52048,52026,52041,52049,52416,52585,52533,52539,52535,52386,52055,49142,45474,45533,42940,41001,40670,40653,40698,40739,40721,40512,42366,47102,49235,49725,49768,49832,49922,49752,50928,50848,51388,51658,51689,51597,51656,51779,51726,51709,51684,,
KAW,KAW1101,KRGL,kawerau_new,Geo,Geo,2026-03-26,51680,51694,51722,51730,51762,51739,51743,51696,51743,51733,51681,51751,51772,51756,51740,51753,51759,51716,51893,51871,51784,51813,51795,51691,51871,51985,51935,51826,51809,51805,51806,51671,51564,51553,51558,51540,51558,51533,51599,51589,51750,51592,51590,51490,51491,51600,51687,51803,,
KAW,KAW1101,KRGL,kawerau_new,Geo,Geo,2026-03-27,51478,51390,51407,51343,51344,51262,51257,51337,51292,51165,51234,51232,51318,51252,51272,51205,51321,51323,51313,51232,51292,51189,51212,51033,50475,50481,50470,50453,50328,50558,50535,50596,50665,50666,50603,50643,50772,50782,50818,50782,50770,50868,50920,50846,50882,50912,50828,50895,,
KAW,KAW1101,KRGL,kawerau_new,Geo,Geo,2026-03-28,50880,50826,50845,50876,50812,50791,50818,50774,50773,50768,50768,50783,50759,50724,50689,50665,50706,50715,50729,50772,50774,50777,50742,50705,50685,50682,50622,50590,50638,50644,50620,50614,50576,50598,50717,50789,50798,50824,50799,50773,50754,50755,50800,50834,50891,50909,50875,50869,,
KAW,KAW1101,KRGL,kawerau_new,Geo,Geo,2026-03-29,50890,50870,50930,50953,50961,50958,50932,50965,50991,51028,51043,51038,51044,51046,51086,51094,51084,51050,51005,51054,51247,51201,50914,50940,50948,50923,50877,50795,50762,50727,50720,50749,50727,50753,50744,50774,50827,50817,50825,50875,50882,50907,50939,50903,50907,50904,50881,50871,,
KAW,KAW1101,KRGL,kawerau_new,Geo,Geo,2026-03-30,50860,50874,50865,50872,50998,51216,51266,51241,51276,51266,51301,51314,51349,51294,51299,51272,51241,51208,51180,51126,51076,50986,50787,50748,50719,50616,50581,50553,50517,50537,50577,50560,50601,50621,50637,50598,50654,50699,50719,50723,50762,50852,50966,51009,50983,51037,50999,50985,,
KAW,KAW1101,KRGL,kawerau_new,Geo,Geo,2026-03-31,51000,51040,51096,51032,51004,51077,51182,51258,51271,51286,51266,51351,51386,51382,51385,51357,51359,51369,51359,51465,51423,51345,51166,51079,51121,51181,51107,51024,51001,50914,50744,50850,50892,50747,51047,51050,51115,51205,51245,51295,51268,51285,51334,51366,51417,51432,51403,51417,,
KAW,KAW2201,TAOM,kawerau_(topp2),GEO,GEO,2026-03-01,37845,38095,37973,38065,38225,38267,38275,38162,38323,38369,38292,38129,38211,38225,38400,38201,38117,37530,37133,36789,36772,36510,36445,36861,36471,36072,36106,35793,34605,34862,36244,36045,36541,37126,37086,36679,36887,36974,36931,37032,37110,36926,37092,36932,37145,37484,36882,36915,,
KAW,KAW2201,TAOM,kawerau_(topp2),GEO,GEO,2026-03-02,37190,37688,37641,37179,36613,37187,36961,37478,38090,37919,37623,37677,38109,38217,38088,37471,36954,37137,37598,37340,37365,37110,37349,37790,37388,37250,37048,36952,37157,36764,36690,36914,36927,37103,37477,37581,37910,37956,37910,37182,37462,37641,37876,37740,37852,37345,37340,37162,,
KAW,KAW2201,TAOM,kawerau_(topp2),GEO,GEO,2026-03-03,36672,36691,37010,37196,36960,37033,37408,37365,37580,37546,37708,37829,37736,37908,38264,38436,37983,37467,36936,36935,37635,37185,36895,36646,36513,36632,36518,36488,36612,36535,36395,36381,36638,36452,36563,36861,37287,37552,38105,38133,38456,38277,38430,38220,38480,38519,38693,38180,,
KAW,KAW2201,TAOM,kawerau_(topp2),GEO,GEO,2026-03-04,37535,38282,38614,38497,38017,38197,38347,38459,38515,38519,38595,38288,38023,38218,38233,38324,38785,38201,37858,37526,37142,36505,36777,36724,36704,36768,37256,37228,36898,36815,36289,36771,34930,34796,34621,35009,34789,34682,35327,35602,36568,36531,36783,37039,36291,36247,36778,37242,,
KAW,KAW2201,TAOM,kawerau_(topp2),GEO,GEO,2026-03-05,37661,37770,37841,37645,37900,37676,37725,37765,37781,37813,36551,36885,37125,37203,37314,37086,36858,36359,36017,35769,34775,34563,34522,34636,34944,34821,35102,34627,34440,34632,34597,34735,34597,34823,34811,34281,34785,35150,35430,36090,36429,36884,37191,37408,37225,37726,37588,37578,,
KAW,KAW2201,TAOM,kawerau_(topp2),GEO,GEO,2026-03-06,37573,37698,37861,37135,36864,37478,37277,37268,37178,36937,36922,37032,36951,36841,36910,36744,36756,36428,36072,35635,35121,34614,34768,34562,33473,33702,32967,32966,32786,32954,32867,32802,32735,33104,33333,33478,33634,33581,33772,34150,33882,34440,34458,34283,33995,33956,34053,33901,,
KAW,KAW2201,TAOM,kawerau_(topp2),GEO,GEO,2026-03-07,33925,33526,33451,33355,34337,34636,34340,34502,34851,34551,34876,34897,34692,34946,34296,34632,34646,34226,34020,33326,34120,33650,33870,33734,33450,33375,33321,32761,32935,32949,33309,33277,33708,33584,33627,33488,33890,33949,34144,34410,34686,34688,34587,34731,34773,34591,34602,34524,,
KAW,KAW2201,TAOM,kawerau_(topp2),GEO,GEO,2026-03-08,34214,33988,34184,34151,34189,34499,34326,34284,34520,34345,35000,34684,34545,35033,34771,34729,34663,33773,22720,11939,12153,12157,12128,11526,18850,26703,32008,33131,33094,32766,33032,33448,33423,33495,33361,33449,33629,33579,33700,33891,34084,34072,34177,34422,34110,34614,34381,34637,,
KAW,KAW2201,TAOM,kawerau_(topp2),GEO,GEO,2026-03-09,34380,34452,34495,34515,34842,34782,35147,35284,35328,35191,33852,34271,34692,34714,34818,34283,34284,33825,32876,32081,32153,33485,33445,33249,33019,32874,33018,32911,32946,32594,32879,32902,32964,33187,33103,33007,33244,33528,33524,33944,33589,33092,33628,34137,33918,34112,33927,34015,,
KAW,KAW2201,TAOM,kawerau_(topp2),GEO,GEO,2026-03-10,33672,33862,34006,33580,33895,34144,34285,34422,34356,34384,34193,34494,34799,34946,34601,34828,34853,34380,34086,33092,31905,32982,33963,33007,32840,33532,33498,33407,33408,33626,33253,33420,33557,33850,33742,34002,33802,33947,34740,34824,35020,34925,35272,35384,35666,35612,35338,35301,,
KAW,KAW2201,TAOM,kawerau_(topp2),GEO,GEO,2026-03-11,35543,35623,35546,35674,35887,35603,35803,35799,35763,35499,35528,35485,35803,35654,35677,36402,35562,34042,33213,32840,32810,33238,32453,32616,32109,30761,30056,29828,30232,30073,30472,29529,30664,31710,33519,33485,33637,34848,35387,35700,35291,35021,35553,36323,36459,36702,36864,36799,,
KAW,KAW2201,TAOM,kawerau_(topp2),GEO,GEO,2026-03-12,37018,37040,37042,36919,37002,37131,36942,37078,37275,37192,37141,37090,37137,36893,37006,37016,37108,36810,36512,35998,36310,36303,35691,35498,36247,35389,35607,35542,35478,35495,35402,35584,35546,35715,35514,35669,35373,35732,35760,35486,35699,35806,36005,36070,35694,35749,35626,35523,,
KAW,KAW2201,TAOM,kawerau_(topp2),GEO,GEO,2026-03-13,35738,35188,35277,35420,35586,35683,35564,35511,35400,35571,35453,35794,35834,35802,35695,35742,35475,35491,35607,35468,35360,35018,34830,35340,34683,34659,34774,35039,35062,34995,34996,34911,35140,35278,35471,35476,35250,34871,35075,35172,34897,34842,34918,34670,34704,34683,34775,34705,,
KAW,KAW2201,TAOM,kawerau_(topp2),GEO,GEO,2026-03-14,34704,34699,34761,34826,34590,34774,34985,34802,34988,34992,34805,34855,35394,35466,35480,35522,35489,35550,35170,34784,34562,34548,34106,34077,33869,33480,33217,33325,33652,32978,33030,32972,33067,33167,34330,35071,35313,35564,35576,36046,35616,35660,35407,35335,35233,35287,35510,35380,,
KAW,KAW2201,TAOM,kawerau_(topp2),GEO,GEO,2026-03-15,34794,35156,35341,35175,35222,35457,35552,35186,35452,35603,35486,35502,35728,35340,35708,35848,35535,35206,34834,34794,35081,34737,34481,34600,34208,34252,34070,34042,33817,34171,34038,33992,34307,34304,34286,34384,34458,34629,34708,34907,35268,34928,35128,35435,35353,35454,35477,35250,,
KAW,KAW2201,TAOM,kawerau_(topp2),GEO,GEO,2026-03-16,35120,35111,35119,35057,35342,35060,35245,35079,35266,35250,35356,34912,35091,35130,35175,35116,34941,34689,34378,32947,32513,31669,32517,33370,33113,32962,33022,33121,33346,32811,32850,32996,32977,32917,33129,33051,33327,33310,34843,35503,35554,35196,35055,35291,35234,35042,34724,34884,,
KAW,KAW2201,TAOM,kawerau_(topp2),GEO,GEO,2026-03-17,34912,34860,34906,34916,35039,34925,34835,34865,34877,35132,34907,26221,11741,0,0,0,0,0,0,0,0,0,0,0,0,0,0,0,0,0,0,0,0,0,0,0,0,0,0,0,0,0,0,0,0,0,0,0,,
KAW,KAW2201,TAOM,kawerau_(topp2),GEO,GEO,2026-03-18,0,0,0,0,0,0,0,0,0,0,0,0,0,0,0,0,0,0,0,0,0,0,0,0,0,0,0,0,0,0,0,0,0,0,0,0,0,0,0,0,0,0,0,0,0,0,0,0,,
KAW,KAW2201,TAOM,kawerau_(topp2),GEO,GEO,2026-03-19,0,0,0,0,0,0,0,0,0,0,0,0,0,0,0,0,0,0,0,0,0,0,0,0,0,0,0,0,0,0,0,1702,16545,21810,22215,21780,22725,22721,23177,23454,22940,23055,23178,23040,23031,23305,23045,23332,,
KAW,KAW2201,TAOM,kawerau_(topp2),GEO,GEO,2026-03-20,23129,23382,23217,23293,23166,23468,23002,23208,23428,23324,23172,23416,23342,23495,23253,23485,23328,23525,23181,22782,28405,33969,35031,34856,34943,35081,35029,34896,34848,34963,35097,34948,34936,35079,35009,34992,35454,35800,36221,36759,36693,36636,36986,36771,36973,36941,36666,36513,,
KAW,KAW2201,TAOM,kawerau_(topp2),GEO,GEO,2026-03-21,36460,36802,36680,37085,37002,37230,37257,37275,37246,37463,37145,37162,37143,37262,37253,37196,36946,37101,36795,36340,35895,35898,35875,35465,35457,35134,35388,34885,35316,35252,35303,35326,35485,35312,35564,35782,35807,36048,35907,36079,36132,36103,36355,36377,36615,36482,36453,36613,,
KAW,KAW2201,TAOM,kawerau_(topp2),GEO,GEO,2026-03-22,36620,36812,36669,36850,36631,36961,36769,36889,36627,36903,36869,37028,36753,36939,36755,36965,36893,36888,36923,36921,36764,36862,36645,36824,36540,36821,36387,36580,36320,36524,36204,36467,36142,36242,36159,36064,36396,36343,36552,36637,36820,36954,36863,37023,36795,36882,36899,37147,,
KAW,KAW2201,TAOM,kawerau_(topp2),GEO,GEO,2026-03-23,36922,36818,36956,36673,36723,36918,36632,36854,36810,36956,37059,36907,37285,37116,37130,37009,37115,36765,36658,36379,35852,35961,35405,35789,35672,35231,34846,35256,35188,35135,34980,35232,35063,35715,35729,35901,35818,36282,36673,36545,36868,36799,36797,37006,36928,37261,37021,37136,,
KAW,KAW2201,TAOM,kawerau_(topp2),GEO,GEO,2026-03-24,36923,36603,36988,36792,36954,37257,37282,37512,37467,37399,37401,37429,37453,37386,37433,37281,37179,37074,36780,36558,36248,35825,35822,35837,35450,35405,34738,35167,34792,35266,35115,35462,35460,35494,35604,35545,35624,35900,36534,36518,36971,36817,37005,36931,37033,37155,36876,36966,,
KAW,KAW2201,TAOM,kawerau_(topp2),GEO,GEO,2026-03-25,36743,37018,36863,36901,36826,36815,36879,36649,36845,36663,36764,36837,36643,36751,36800,37048,36620,36874,36511,36684,36371,36126,36028,35715,35491,35810,35718,36002,35619,35464,35408,35130,35282,35649,35684,35678,35808,35695,35977,36017,36310,35872,36035,36132,36262,35962,36217,36178,,
KAW,KAW2201,TAOM,kawerau_(topp2),GEO,GEO,2026-03-26,36346,36220,36815,36629,36716,36964,36693,36761,36371,36686,36500,36623,36575,36860,36872,36976,36828,36934,36858,36967,36754,36925,36596,36772,36594,36836,36839,36475,36570,36520,36828,36224,36403,36203,36704,36429,36605,36589,36610,36703,36795,36379,36332,36885,36195,36123,36571,36540,,
KAW,KAW2201,TAOM,kawerau_(topp2),GEO,GEO,2026-03-27,36901,36318,36079,36373,36474,36150,36322,36525,36454,36255,36564,36537,36240,36660,36655,36365,36836,37020,36756,36837,36632,36664,36847,36577,36595,36669,36398,36475,36839,36606,36638,36263,36309,36525,36529,36422,36591,36828,36728,36852,36792,36420,36462,36411,36562,36709,36438,36385,,
KAW,KAW2201,TAOM,kawerau_(topp2),GEO,GEO,2026-03-28,36356,36283,36340,36222,36192,36226,36080,36069,36121,36228,36257,36213,36037,36007,35994,36021,36078,35961,35864,35676,35592,35722,35772,35679,35566,35218,35288,35357,35188,35102,35058,35341,35656,35996,36208,36453,36452,36618,36618,36410,36555,36568,36624,36715,36696,36751,36743,36664,,
KAW,KAW2201,TAOM,kawerau_(topp2),GEO,GEO,2026-03-29,36733,36642,36851,36818,36879,36838,36825,36811,36790,36827,36852,36721,36837,36963,36941,36771,36640,36334,36515,36532,35831,35846,36118,35995,35950,35944,35740,35753,35678,35694,35660,35722,35757,36052,36216,36145,36405,36400,36590,36560,36599,36662,36756,36540,36697,36587,36823,36944,,
KAW,KAW2201,TAOM,kawerau_(topp2),GEO,GEO,2026-03-30,36870,36851,36861,36772,36811,37143,37265,37168,37216,37083,37051,37367,37343,37248,37267,37314,37225,37239,36965,36898,36840,36409,36109,36074,35465,35289,34849,34761,34448,34537,34519,34602,34623,34914,34751,34742,35099,35947,36383,36355,36584,36772,36965,37027,36942,36927,36819,36929,,
KAW,KAW2201,TAOM,kawerau_(topp2),GEO,GEO,2026-03-31,37153,37136,37144,36921,36855,37018,37066,37305,37131,36587,36234,36367,36475,36753,36873,37098,37051,37185,36851,36762,36392,36085,35702,35609,35741,35597,35442,35163,35185,35047,34910,35168,35270,35685,35780,35954,36457,36668,36773,37070,36576,37099,37107,37275,37168,37108,37410,37556,,
KIN,KIN0112,POCO,kinleith,Wood,Cogen,2026-03-01,8267,8214,7832,7924,7702,7979,7746,8412,8049,8378,7976,8026,8101,7760,7699,7795,7664,7984,8028,8277,7907,7835,7670,7926,7702,7755,7387,8056,8224,9086,8385,8260,8150,8495,8125,8347,8635,8382,8518,8541,8610,8848,8177,8412,8382,8536,8078,7520,,
KIN,KIN0112,POCO,kinleith,Wood,Cogen,2026-03-02,6391,6342,5265,4688,5277,6092,6992,7163,6962,6453,6493,7213,7360,6908,6936,6516,6091,6212,6112,5963,5841,5582,5594,4412,4889,5919,6008,6215,7094,7564,6938,7411,6972,6692,6814,8220,9109,9196,9006,9273,10460,9747,9686,9275,9089,9028,9189,8635,,
KIN,KIN0112,POCO,kinleith,Wood,Cogen,2026-03-03,8741,8645,9061,9440,9082,9458,9138,8906,8367,8914,8753,9385,9797,9441,8747,7833,7736,7651,7714,8481,8053,8934,8860,11082,10528,9240,8540,10005,9760,9874,9796,10485,10237,9744,9814,9765,9550,8509,8776,8737,8668,8885,8697,9570,9460,9761,9868,9917,,
KIN,KIN0112,POCO,kinleith,Wood,Cogen,2026-03-04,9724,9880,9741,10088,9804,9880,10234,9939,9493,10063,10025,9834,9765,10021,10009,10472,10268,10142,9998,9689,9715,9633,10000,10660,9872,9999,9414,9583,9500,10835,11074,11928,10779,10414,10271,10253,9858,9460,9294,9263,9577,9717,9876,10181,9593,9256,9630,9439,,
KIN,KIN0112,POCO,kinleith,Wood,Cogen,2026-03-05,9686,9426,9691,9533,9995,9816,9594,10040,10266,9744,9342,9279,9280,9395,9126,8932,10109,10191,10910,10661,10378,9903,10352,10341,10494,9871,10133,10065,9881,10396,9297,10339,10284,10168,8947,9114,8582,8972,8799,7733,7942,7713,7824,7842,8194,8713,8388,8141,,
KIN,KIN0112,POCO,kinleith,Wood,Cogen,2026-03-06,8047,8192,8184,8127,8208,8383,8142,8189,8522,8208,8159,8603,8384,8333,8115,7541,8390,9268,7789,9818,9718,9443,9642,9923,11388,11420,11632,8830,8293,8347,8400,8494,8773,8136,8390,7873,7598,7901,7464,8595,9227,7776,7866,8924,8934,8943,8572,8640,,
KIN,KIN0112,POCO,kinleith,Wood,Cogen,2026-03-07,8604,8677,8404,7663,7993,7884,7938,7929,7899,7543,7260,7652,7526,7296,7915,7999,7787,7937,7886,7680,7976,7770,7978,8007,7829,7740,7673,7493,7490,7975,7748,7543,7937,7917,9283,9090,8888,8617,8322,7788,7621,7799,7728,7742,7660,8067,8288,8474,,
KIN,KIN0112,POCO,kinleith,Wood,Cogen,2026-03-08,8109,7840,7847,7792,7561,7468,7428,7336,7774,7554,7603,7887,7998,7823,7894,7617,7205,7247,7608,7624,7346,7354,7526,7509,7542,7302,7288,7511,7751,7999,7921,7642,7666,7732,7610,7651,7744,8294,8139,7988,7984,7933,7720,7804,7593,7933,7921,8237,,
KIN,KIN0112,POCO,kinleith,Wood,Cogen,2026-03-09,8171,8101,8176,7820,7820,7764,8081,8303,8350,8187,8031,8002,8196,8132,8077,7939,8134,8157,8274,8358,8152,8515,8159,8158,8012,8158,8122,8346,7916,8439,8294,8104,8248,8054,7612,8062,7980,7835,7973,7851,7923,8240,8749,7955,8052,7875,7997,8115,,
KIN,KIN0112,POCO,kinleith,Wood,Cogen,2026-03-10,7845,7905,8139,8090,7979,7981,8001,8058,8280,8101,7961,7809,7971,7573,7569,7816,8214,8059,8030,7977,8031,8001,8320,7969,7824,7680,7910,7693,207,0,0,0,0,0,0,0,0,0,0,0,0,0,0,0,0,0,0,0,,
KIN,KIN0112,POCO,kinleith,Wood,Cogen,2026-03-11,0,0,0,0,0,0,0,0,0,0,0,0,0,0,0,0,0,0,0,0,0,0,0,0,0,0,0,0,0,0,0,0,0,0,0,0,0,0,0,0,0,0,0,0,0,0,0,0,,
KIN,KIN0112,POCO,kinleith,Wood,Cogen,2026-03-12,0,0,0,0,0,0,0,0,0,0,0,0,0,0,0,0,0,0,0,0,0,0,0,0,0,0,0,0,0,0,0,0,0,0,0,0,0,0,0,0,0,0,0,0,0,0,0,0,,
KIN,KIN0112,POCO,kinleith,Wood,Cogen,2026-03-13,0,0,0,0,0,0,0,0,0,0,0,0,0,0,0,0,0,0,0,0,0,0,0,0,0,0,0,0,0,0,0,0,0,0,0,0,0,0,0,0,0,0,0,0,0,0,0,0,,
KIN,KIN0112,POCO,kinleith,Wood,Cogen,2026-03-14,0,0,0,0,0,0,0,0,0,0,0,0,0,0,0,0,0,0,0,0,0,0,0,0,0,0,0,0,0,0,0,907,2957,6344,7365,7192,7613,7389,7294,7379,7459,7287,7128,6968,6796,7141,7367,7830,,
KIN,KIN0112,POCO,kinleith,Wood,Cogen,2026-03-15,7559,7534,7492,7235,7248,7193,7408,7163,7293,7586,7287,7302,7455,7167,7204,7013,6650,7430,7306,7055,6812,6838,5894,5783,6002,6128,6003,6382,6116,6183,5916,6201,5881,5973,5998,6039,6069,6228,6223,6762,7197,6919,6720,6660,6805,7039,6920,6886,,
KIN,KIN0112,POCO,kinleith,Wood,Cogen,2026-03-16,7080,7245,7272,6571,6683,6604,6350,6375,6379,6314,6299,6349,6180,6339,5788,5697,6177,6114,5826,5925,6142,6320,6649,6656,6369,6351,6274,6090,6531,6609,6664,6567,6359,6286,6316,6404,6434,6151,6402,6140,6453,6793,6989,7308,6942,7062,8037,8826,,
KIN,KIN0112,POCO,kinleith,Wood,Cogen,2026-03-17,9746,9188,9982,9936,9544,9744,9639,9742,9700,9293,9725,9580,9516,9552,9818,10148,9338,9216,9271,8859,8547,8504,8253,8265,8043,8564,8521,8422,8267,8025,7636,6713,5955,5417,5185,5462,5721,6396,6326,6302,6265,6780,7667,7984,8067,8014,8213,8406,,
KIN,KIN0112,POCO,kinleith,Wood,Cogen,2026-03-18,7922,7910,8110,7963,8224,8062,8114,7968,8023,8114,8198,8885,8838,9187,9432,10231,9522,9306,9007,8947,9131,8951,8783,8416,8331,8308,7938,8114,8032,7740,7917,7964,5442,0,0,2549,2958,2958,3332,6755,6904,7135,7445,7118,7163,6946,7043,8021,,
KIN,KIN0112,POCO,kinleith,Wood,Cogen,2026-03-19,7709,7706,9013,9576,9852,9766,10626,9676,9970,9922,9959,9692,9662,9869,9745,9719,9339,8274,8358,8521,8967,7912,7990,8053,7921,8007,7960,8102,8237,8114,8036,7840,8107,8188,8692,3679,0,0,534,2958,2958,3630,4834,5995,9296,9200,9494,9651,,
KIN,KIN0112,POCO,kinleith,Wood,Cogen,2026-03-20,9408,9264,8887,8902,9818,10131,9108,8516,8452,8989,8814,8789,9721,8689,9655,9607,9699,9864,9967,9393,7077,6664,9049,9180,8540,8656,9434,8413,8129,8485,7980,9058,9422,8907,8812,6711,5,0,0,0,0,0,0,0,0,0,0,0,,
KIN,KIN0112,POCO,kinleith,Wood,Cogen,2026-03-21,0,0,0,0,0,0,0,0,0,0,0,0,0,0,0,0,0,0,0,0,0,0,0,0,0,0,0,0,0,0,0,0,0,0,0,0,0,0,0,0,0,0,0,0,0,0,0,0,,
KIN,KIN0112,POCO,kinleith,Wood,Cogen,2026-03-22,0,0,0,5151,7039,7085,7506,7154,6911,6955,6934,6930,6709,6840,7359,7103,6729,7013,7083,7270,7104,7226,7100,7248,7693,6968,6916,7009,6943,6979,6955,7036,7110,7606,8085,8682,9242,9193,9516,8302,7943,7951,7952,7655,7571,7819,7703,7728,,
KIN,KIN0112,POCO,kinleith,Wood,Cogen,2026-03-23,7545,7622,7770,7788,7295,7357,7253,7667,7382,7506,7914,7468,7642,7286,7232,7935,7372,7499,7306,7711,7727,7981,7793,8035,7884,7916,7963,8155,8638,8578,8636,8394,7850,8038,8138,7769,7825,8116,7974,7927,8447,7839,7887,7937,7825,7812,7934,7754,,
KIN,KIN0112,POCO,kinleith,Wood,Cogen,2026-03-24,7660,7429,7228,7658,7874,7511,7672,7766,7427,7412,7599,7551,7954,7831,7655,7842,7751,7799,7884,7781,7774,7890,8102,7945,8438,8112,8179,8265,8370,8269,8287,8213,8103,8139,8223,8472,8421,8282,7997,8403,8462,8444,8181,8477,8738,8950,8697,8806,,
KIN,KIN0112,POCO,kinleith,Wood,Cogen,2026-03-25,8917,8311,8587,8471,8548,8168,8400,8307,8326,8302,7987,7907,7715,7628,7514,7653,7711,8024,7968,7899,8039,8025,7924,8291,7761,8151,7617,7954,8147,8076,7849,7405,7902,8124,7657,7803,7642,7627,7792,7969,8746,8492,8227,8187,8210,8779,8284,8573,,
KIN,KIN0112,POCO,kinleith,Wood,Cogen,2026-03-26,8556,8434,8572,8299,8210,8085,7964,7961,8015,8301,7767,8532,8324,8451,8653,8125,8052,8457,8461,9049,8968,9871,9374,9188,9530,8405,8780,8260,8601,9081,8670,9189,9012,9161,8960,8717,8300,8851,9465,8625,9315,8698,8752,10793,10026,10269,10506,9686,,
KIN,KIN0112,POCO,kinleith,Wood,Cogen,2026-03-27,8992,8930,9941,10357,10679,11003,10767,10134,10965,9257,11515,9350,12521,9076,9108,9036,8767,6922,8256,7830,7477,9469,8493,7517,7741,8379,8292,9487,9696,8188,8566,8679,8657,9669,8279,8425,8435,8004,7633,7857,8027,8011,8015,7983,7970,9035,9770,9469,,
KIN,KIN0112,POCO,kinleith,Wood,Cogen,2026-03-28,9949,9919,9911,9510,9338,8630,9831,9370,9392,9578,9055,8856,8898,8940,9141,8792,8309,7661,7858,7707,7848,7520,7786,8243,7749,7936,7979,7887,7624,7788,8601,7780,7419,7288,6953,6975,7216,7393,7055,7459,7867,7725,7312,7405,7696,7350,7528,7549,,
KIN,KIN0112,POCO,kinleith,Wood,Cogen,2026-03-29,7219,7341,7427,7209,7239,7489,7073,7509,7499,7541,7591,7441,7640,7276,7332,7364,7938,8510,7631,7796,7531,7576,8111,8125,7778,8321,7676,7903,8034,8121,7963,7991,8287,7889,8057,8154,8217,8148,8065,7751,8014,7852,8161,8135,7811,7839,7534,7903,,
KIN,KIN0112,POCO,kinleith,Wood,Cogen,2026-03-30,7508,7613,7584,7636,7449,7361,8012,7215,7233,6225,8643,8578,8895,8873,8824,8711,8848,9112,9402,8681,9333,10057,10242,10106,9879,10107,10444,8903,7250,7409,7394,7647,7917,8649,9641,9318,8432,8972,8939,8672,8834,9043,8531,9201,8018,7929,8844,9068,,
KIN,KIN0112,POCO,kinleith,Wood,Cogen,2026-03-31,10288,9165,9501,8377,8432,8607,8638,8463,9073,9957,9919,10034,10036,8762,9300,9767,10276,9398,9547,9263,10372,10244,10078,9824,9373,9943,9211,8927,8823,9141,8648,8653,9064,8759,8782,8649,8903,8995,9305,7446,7857,8388,10149,9669,9237,9166,9118,9346,,
KIW,KIW2201,MRPL,kaiwera_downs_(stage_2),WIN,ONW,2026-03-25,0,0,0,0,0,0,0,0,0,0,0,0,0,0,0,0,0,0,0,0,0,0,0,0,0,0,0,0,0,0,0,0,0,0,0,0,0,0,0,0,0,0,0,0,0,0,0,0,,
KIW,KIW2201,MRPL,kaiwera_downs_(stage_2),WIN,ONW,2026-03-26,0,0,0,0,0,0,0,0,0,0,0,0,0,0,0,0,0,0,0,0,0,0,0,0,0,0,0,0,0,0,0,0,0,0,0,0,0,0,0,0,0,0,0,0,0,0,0,0,,
KIW,KIW2201,MRPL,kaiwera_downs_(stage_2),WIN,ONW,2026-03-27,0,0,0,0,0,0,0,0,0,0,0,0,0,0,0,0,0,0,0,0,0,0,0,0,0,0,0,0,0,0,0,0,0,0,0,0,0,0,0,0,0,0,0,0,0,0,0,0,,
KIW,KIW2201,MRPL,kaiwera_downs_(stage_2),WIN,ONW,2026-03-28,0,0,0,0,0,0,0,0,0,0,0,0,0,0,0,0,0,0,0,0,0,0,0,0,0,0,0,0,0,0,0,0,0,0,0,0,0,0,0,0,0,0,0,0,0,0,0,0,,
KIW,KIW2201,MRPL,kaiwera_downs_(stage_2),WIN,ONW,2026-03-29,0,0,0,0,0,0,0,0,0,0,0,0,0,0,0,0,0,0,0,0,0,0,0,0,0,0,0,0,0,0,0,0,0,0,0,0,0,0,0,0,0,0,0,0,0,0,0,0,,
KIW,KIW2201,MRPL,kaiwera_downs_(stage_2),WIN,ONW,2026-03-30,0,0,0,0,0,0,0,0,0,0,0,0,0,0,0,0,0,0,0,0,0,0,0,0,0,0,0,0,0,0,0,0,0,0,0,0,0,0,0,0,0,0,0,0,0,0,0,0,,
KIW,KIW2201,MRPL,kaiwera_downs_(stage_2),WIN,ONW,2026-03-31,0,0,0,0,0,0,0,0,0,0,0,0,0,0,0,0,0,0,0,0,0,0,0,0,0,0,0,0,0,0,0,0,0,0,0,0,0,0,0,0,0,0,0,0,0,0,0,0,,
KOE,KOE1101,TOPE,Kohira,Solar,Solar,2026-03-01,0,0,0,0,0,0,0,0,0,0,0,0,0,0,0,0,0,0,0,0,0,0,0,0,0,0,0,0,0,0,0,0,0,0,0,0,0,0,0,72,0,0,0,0,0,0,0,0,,
KOE,KOE1101,TOPE,Kohira,Solar,Solar,2026-03-02,0,0,0,0,0,0,0,0,0,0,0,0,0,0,42,1007,3820,6568,6379,11274,10230,11325,9843,10195,10567,11061,10052,10810,10972,11399,10555,10851,11345,11867,11907,11631,9584,5734,2188,314,0,0,0,0,0,0,0,0,,
KOE,KOE1101,TOPE,Kohira,Solar,Solar,2026-03-03,0,0,0,0,0,0,0,0,0,0,0,0,0,0,93,1194,3393,6850,7106,2314,6803,6554,5009,5274,8151,8602,9579,6881,0,8760,10711,10958,11638,11723,12007,11817,8842,3806,1697,234,0,0,0,0,0,0,0,0,,
KOE,KOE1101,TOPE,Kohira,Solar,Solar,2026-03-04,0,0,0,0,0,0,0,0,0,0,0,0,0,0,36,1274,4103,5857,4979,11858,9046,7321,8175,5017,8341,7778,7614,7626,7626,7374,7587,7406,9550,12021,12027,11772,7958,6148,2814,266,0,0,0,0,0,0,0,0,,
KOE,KOE1101,TOPE,Kohira,Solar,Solar,2026-03-05,0,0,0,0,0,0,0,0,0,0,0,0,0,0,52,1255,3274,6654,10561,11914,11877,9583,10099,11050,10800,8079,9376,9334,7210,7170,3668,4586,6927,6935,4625,5536,2127,563,902,494,0,0,0,0,0,0,0,0,,
KOE,KOE1101,TOPE,Kohira,Solar,Solar,2026-03-06,0,0,0,0,0,0,0,0,0,0,0,0,0,0,42,969,3952,6361,7391,10614,11097,10876,8612,5006,4291,8093,9089,11317,8312,9462,11758,11111,11964,11961,10014,7663,5019,5311,2809,479,0,0,0,0,0,0,0,0,,
KOE,KOE1101,TOPE,Kohira,Solar,Solar,2026-03-07,0,0,0,0,0,0,0,0,0,0,0,0,0,0,22,829,3495,6928,10184,11821,11931,11875,10056,10253,9306,9931,10211,11388,9396,9006,7920,11838,10823,9462,11861,11404,9988,4753,2905,1082,0,0,0,0,0,0,0,0,,
KOE,KOE1101,TOPE,Kohira,Solar,Solar,2026-03-08,0,0,0,0,0,0,0,0,0,0,0,0,0,0,23,847,2696,6624,7356,9127,8367,5301,5852,8285,11117,5159,11820,11818,10635,10542,9124,10145,9994,11959,11969,11223,2798,1694,1970,271,0,0,0,0,0,0,0,0,,
KOE,KOE1101,TOPE,Kohira,Solar,Solar,2026-03-09,0,0,0,0,0,0,0,0,0,0,0,0,0,0,2,637,1990,3801,8631,4928,4565,10790,11854,9967,8077,8422,6201,7266,9311,7093,9392,9820,10802,11971,11266,3616,3710,1540,627,91,0,0,0,0,0,0,0,0,,
KOE,KOE1101,TOPE,Kohira,Solar,Solar,2026-03-10,0,0,0,0,0,0,0,0,0,0,0,0,0,0,1,360,1329,2918,4411,6017,7828,8656,7741,10766,10858,9356,10249,8368,9663,7552,7212,6793,4030,2635,1856,3241,2199,1291,521,54,0,0,0,0,0,0,0,0,,
KOE,KOE1101,TOPE,Kohira,Solar,Solar,2026-03-11,0,0,0,0,0,0,0,0,0,0,0,0,0,0,0,203,580,511,1307,1942,2727,2354,2232,3478,3570,3102,2738,3306,3291,2708,1476,1503,1386,1298,915,824,453,137,17,0,0,0,0,0,0,0,0,0,,
KOE,KOE1101,TOPE,Kohira,Solar,Solar,2026-03-12,0,0,0,0,0,0,0,0,0,0,0,0,0,0,0,198,884,1725,3748,6345,4159,7449,3421,3579,4357,4097,5534,8614,5246,5612,4919,8036,8167,5563,4485,1783,1115,931,203,0,0,0,0,0,0,0,0,0,,
KOE,KOE1101,TOPE,Kohira,Solar,Solar,2026-03-13,0,0,0,0,0,0,0,0,0,0,0,0,0,0,0,130,608,1483,2879,2679,3952,2894,3915,6001,7912,5326,9298,8728,5893,7697,5176,5962,6256,6227,5391,2186,2121,1446,574,1,0,0,0,0,0,0,0,0,,
KOE,KOE1101,TOPE,Kohira,Solar,Solar,2026-03-14,0,0,0,0,0,0,0,0,0,0,0,0,0,0,0,433,2115,5776,2893,6999,11233,10554,3511,8113,7040,5335,3486,6136,3900,2789,1128,1595,2987,2801,2244,1832,1167,783,165,16,0,0,0,0,0,0,0,0,,
KOE,KOE1101,TOPE,Kohira,Solar,Solar,2026-03-15,0,0,0,0,0,0,0,0,0,0,0,0,0,0,0,152,1134,4441,2813,10640,10399,7690,10476,8838,11103,9366,10409,9827,9365,8383,8766,9281,8564,9323,3932,3210,2452,3098,951,10,0,0,0,0,0,0,0,0,,
KOE,KOE1101,TOPE,Kohira,Solar,Solar,2026-03-16,0,0,0,0,0,0,0,0,0,0,0,0,0,0,0,536,1303,1274,2294,4327,6631,4472,3641,7333,7622,9021,10541,9511,9486,10380,9195,8296,10859,11940,11942,10258,7745,2851,481,40,0,0,0,0,0,0,0,0,,
KOE,KOE1101,TOPE,Kohira,Solar,Solar,2026-03-17,0,0,0,0,0,0,0,0,0,0,0,0,0,0,0,215,1044,2497,4362,8026,11356,11931,11982,11861,11473,11011,10458,10762,11806,10843,11324,8139,7642,4934,6115,8174,5071,1257,531,35,0,0,0,0,0,0,0,0,,
KOE,KOE1101,TOPE,Kohira,Solar,Solar,2026-03-18,0,0,0,0,0,0,0,0,0,0,0,0,0,0,0,110,2444,3369,4897,8542,9695,7895,9214,11665,9478,7881,9544,11648,6433,7152,6852,3382,3993,5594,6690,7927,3892,4022,1166,27,0,0,0,0,0,0,0,0,,
KOE,KOE1101,TOPE,Kohira,Solar,Solar,2026-03-19,0,0,0,0,0,0,0,0,0,0,0,0,0,0,0,89,1920,5372,8684,11343,11939,10204,11887,10094,8974,10807,11728,12030,12005,12004,11970,11888,11975,12009,11877,9613,6443,1857,823,17,0,0,0,0,0,0,0,0,,
KOE,KOE1101,TOPE,Kohira,Solar,Solar,2026-03-20,0,0,0,0,0,0,0,0,0,0,0,0,0,0,0,197,1999,2511,3226,7515,8033,7921,7250,5708,7148,9546,11321,11654,11209,10016,9877,11731,11996,11908,11626,9206,6168,3143,744,15,0,0,0,0,0,0,0,0,,
KOE,KOE1101,TOPE,Kohira,Solar,Solar,2026-03-21,0,0,0,0,0,0,0,0,0,0,0,0,0,0,0,165,1600,5663,8733,11365,11847,11175,6901,10111,10730,10341,10036,10035,10042,11628,12018,12019,11751,3545,1717,5439,5310,2931,638,14,0,0,0,0,0,0,0,0,,
KOE,KOE1101,TOPE,Kohira,Solar,Solar,2026-03-22,0,0,0,0,0,0,0,0,0,0,0,0,0,0,0,264,1895,5259,8728,11363,11917,11950,11722,10383,9135,11837,11835,11646,11854,11836,11995,11666,11537,8517,8400,4721,2462,2398,759,23,0,0,0,0,0,0,0,0,,
KOE,KOE1101,TOPE,Kohira,Solar,Solar,2026-03-23,0,0,0,0,0,0,0,0,0,0,0,0,0,0,0,231,2010,5313,7002,11347,11618,11256,11290,6559,8613,6224,11196,11073,10890,10560,7940,3724,8179,11239,4252,4003,2350,828,362,0,0,0,0,0,0,0,0,0,,
KOE,KOE1101,TOPE,Kohira,Solar,Solar,2026-03-24,0,0,0,0,0,0,0,0,0,0,0,0,0,0,0,76,751,1628,2790,3644,6716,7893,4567,7595,10386,7909,8159,6130,6821,6695,6962,7551,3920,2812,1405,1876,1223,814,153,0,0,0,0,0,0,0,0,0,,
KOE,KOE1101,TOPE,Kohira,Solar,Solar,2026-03-25,0,0,0,0,0,0,0,0,0,0,0,0,0,0,0,11,261,399,353,705,925,1046,949,1305,1006,2302,2704,1941,2311,2689,2709,2594,1225,1145,1228,1425,428,33,0,0,0,0,0,0,0,0,0,0,,
KOE,KOE1101,TOPE,Kohira,Solar,Solar,2026-03-26,0,0,0,0,0,0,0,0,0,0,0,0,0,0,0,0,0,149,376,487,710,325,357,355,282,911,1230,1157,1835,3392,3448,2419,1968,1781,1447,1418,1191,1078,439,0,0,0,0,0,0,0,0,0,,
KOE,KOE1101,TOPE,Kohira,Solar,Solar,2026-03-27,0,0,0,0,0,0,0,0,0,0,0,0,0,0,0,95,1314,1855,3689,2731,4056,6675,9170,10394,11170,10873,11195,11666,11690,11464,10866,10206,9469,8488,7216,5222,3326,1277,260,0,0,0,0,0,0,0,0,0,,
KOE,KOE1101,TOPE,Kohira,Solar,Solar,2026-03-28,0,0,0,0,0,0,0,0,0,0,0,0,0,0,0,136,1035,2096,4910,6930,8392,9424,10180,10873,11603,11822,11863,11909,11805,11511,11054,10296,9428,8436,6978,4747,2175,1547,292,0,0,0,0,0,0,0,0,0,,
KOE,KOE1101,TOPE,Kohira,Solar,Solar,2026-03-29,0,0,0,0,0,0,0,0,0,0,0,0,0,0,0,233,1102,2824,4783,7138,7399,8275,6937,9001,7238,7765,7579,6275,5664,7419,4928,2687,2449,1886,1065,649,405,194,1,0,0,0,0,0,0,0,0,0,,
KOE,KOE1101,TOPE,Kohira,Solar,Solar,2026-03-30,0,0,0,0,0,0,0,0,0,0,0,0,0,0,0,19,851,1782,4740,5596,6482,9466,8127,7346,10641,8435,8523,9534,6847,9497,9306,7357,7250,8807,1670,2401,1023,634,93,0,0,0,0,0,0,0,0,0,,
KOE,KOE1101,TOPE,Kohira,Solar,Solar,2026-03-31,0,0,0,0,0,0,0,0,0,0,0,0,0,0,0,142,1383,4376,8032,10785,6666,10797,9336,8861,9194,10007,7932,8576,8824,7481,7704,8851,5771,5159,4915,3225,1527,626,124,0,0,0,0,0,0,0,0,0,,
KOE,KOE1101,TOPE,ngawha,Geo,Geo,2026-03-01,26609,27069,27058,26992,27080,27100,26928,26798,26867,26841,26903,27208,27305,27355,27452,27261,26943,26937,26633,26674,26520,26513,26269,26292,26184,26009,26026,25743,25932,25954,26325,26121,26016,25939,25983,25975,26065,26277,26402,26549,26709,26686,26638,26855,26974,26833,26865,26851,,
KOE,KOE1101,TOPE,ngawha,Geo,Geo,2026-03-02,26794,26792,26750,26808,26853,26958,26946,27024,27150,27303,27210,27253,27297,27308,27436,27457,27325,27143,27058,26763,26497,26567,26484,26919,26488,26486,26438,26312,26282,26332,26313,26436,26483,26523,26557,26737,26919,26932,27005,27274,27393,27564,27667,27571,27706,27672,27661,27618,,
KOE,KOE1101,TOPE,ngawha,Geo,Geo,2026-03-03,27659,27741,27806,27835,27835,27869,27828,27835,27982,28027,27944,28060,28033,28020,27957,27961,27920,27817,27610,27444,27065,26891,26849,26845,26799,26793,26842,26809,26840,26706,26719,26661,26642,26635,26589,26639,26938,27082,27254,27525,27701,27760,27762,27856,27900,27945,27910,27892,,
KOE,KOE1101,TOPE,ngawha,Geo,Geo,2026-03-04,27937,27863,27953,27876,27632,27706,27862,27955,28033,27975,28054,27883,27862,27977,28064,28136,27985,27818,27618,27546,27237,27043,27002,26687,26627,26389,26456,26431,26362,26299,26216,26147,26097,26275,26277,26525,26540,26538,26812,26915,27181,27265,27299,27411,27493,27471,27464,27604,,
KOE,KOE1101,TOPE,ngawha,Geo,Geo,2026-03-05,27849,27987,27944,28130,28056,28061,28116,28084,28065,27935,28044,28330,28259,28247,28243,28212,28146,27734,27505,27326,27002,26802,26801,26646,26784,26274,26308,26419,26160,26021,26217,26113,26136,26117,26154,26342,26466,26633,26719,26984,27101,27204,27246,27363,27496,27556,27591,27634,,
KOE,KOE1101,TOPE,ngawha,Geo,Geo,2026-03-06,27514,27585,27623,27704,27573,27582,27749,27862,27811,27716,27648,27657,27638,27656,27768,27763,27590,27346,27053,26943,26713,26824,26805,26562,26263,26142,26149,26208,26160,26022,26157,25979,25953,25973,25955,26218,26445,26566,26727,26905,26955,27066,27104,27169,27202,27222,27297,27408,,
KOE,KOE1101,TOPE,ngawha,Geo,Geo,2026-03-07,27420,27484,27625,27660,27651,27672,27709,27774,27799,27695,27866,27794,27726,27677,27663,27656,27512,27370,27016,26801,26592,26498,26472,26204,26443,25965,26113,25920,26000,25788,25754,25970,25857,25676,25829,25884,26004,26229,26370,26574,26623,26711,26747,26864,27070,27141,27065,27063,,
KOE,KOE1101,TOPE,ngawha,Geo,Geo,2026-03-08,26987,27075,27199,27203,27163,27205,27192,27297,27374,27315,27289,27318,27252,27351,27289,27273,27171,26804,26716,26560,26408,26222,26030,26101,26027,25991,25914,26045,25849,25732,25724,25793,25712,25757,25805,25802,25881,25975,26229,26410,26530,26523,26520,26637,26682,26713,26780,26925,,
KOE,KOE1101,TOPE,ngawha,Geo,Geo,2026-03-09,27021,27099,27187,27252,27340,27357,27302,27194,27125,27093,27150,27168,27112,27037,27158,27248,27222,27235,26900,26445,26418,26292,26072,25967,25834,25626,25726,25884,25561,25443,25074,25383,25129,25480,25322,25510,25784,26049,26376,26627,26734,26659,26736,26707,26742,26925,26882,26940,,
KOE,KOE1101,TOPE,ngawha,Geo,Geo,2026-03-10,26899,26853,27211,27141,26956,26978,27135,27124,27159,27148,27104,27191,27358,27329,27407,27352,27230,26909,26416,27022,26841,26457,26218,26038,25816,25683,25485,25516,25002,25498,25607,25673,25751,25930,26484,26544,26640,26531,26539,26634,26608,26788,26851,26844,26903,26882,26771,26781,,
KOE,KOE1101,TOPE,ngawha,Geo,Geo,2026-03-11,26953,26996,26991,27017,27089,27076,27068,27108,27082,27092,27137,27104,27106,27085,27105,27113,27054,27030,26860,26784,26811,26820,26769,26748,26785,26712,26732,26788,26749,26706,26714,26935,27021,26903,26943,26970,26969,27042,27086,26958,26911,26936,26884,26921,26955,27023,26980,26920,,
KOE,KOE1101,TOPE,ngawha,Geo,Geo,2026-03-12,26849,26707,26720,26780,26871,26817,26838,26769,26793,26820,26713,26822,26683,26714,26726,26639,26600,26558,26553,26481,26488,26465,26351,26310,26311,26170,26174,25980,26053,26190,26306,26361,26366,26316,26212,26155,26282,26203,26203,26151,26220,26240,26185,26286,26081,26016,26044,26079,,
KOE,KOE1101,TOPE,ngawha,Geo,Geo,2026-03-13,26216,26154,26157,26241,26301,26300,26097,25956,26095,26124,26067,26125,26001,26442,26307,26024,26217,26187,25871,25733,25689,25670,25485,25589,25625,25213,24894,24897,24933,24832,24996,25312,25142,25148,25120,25104,25157,25409,25546,25791,25793,25595,25678,25781,25777,25800,25879,25778,,
KOE,KOE1101,TOPE,ngawha,Geo,Geo,2026-03-14,25897,26016,25925,25953,26017,26015,26153,26345,26282,26319,26365,26371,26523,26416,26482,26523,26537,26521,26339,26126,26112,26157,26121,26377,26379,26242,26164,26200,26235,26199,26094,26252,26409,26552,26786,26757,26864,26990,26996,27253,27214,27098,27121,27106,27138,27072,27019,27165,,
KOE,KOE1101,TOPE,ngawha,Geo,Geo,2026-03-15,27088,27173,27166,27201,27411,27434,27442,27489,27453,27524,27367,27291,27182,27248,27350,27408,27465,27479,27177,26958,27085,26571,26278,26381,26371,26256,26314,25924,26056,26022,26086,25975,26035,26188,26268,26373,26424,26560,26654,26829,26928,27237,27255,27147,27207,27290,27364,27377,,
KOE,KOE1101,TOPE,ngawha,Geo,Geo,2026-03-16,27315,27063,27453,27354,27450,27435,27374,27313,27553,27711,27688,27604,27719,27751,27787,27728,27672,27597,27507,27468,27334,27142,27361,27247,27020,27002,26673,26471,26420,26283,26364,26451,26673,26461,26440,26535,26416,26601,26789,26892,26927,26920,26885,26927,26997,27100,27056,26999,,
KOE,KOE1101,TOPE,ngawha,Geo,Geo,2026-03-17,27093,27155,27224,27140,27242,27211,27363,27309,27383,27368,27560,27610,27664,27555,27421,27398,27500,27465,27408,27021,26876,26510,26492,26487,26197,26162,26162,26018,25910,25993,25974,25896,25908,26003,25736,26230,26287,26567,26707,26826,27008,27125,27195,27399,27349,27376,27255,27339,,
KOE,KOE1101,TOPE,ngawha,Geo,Geo,2026-03-18,27621,27576,27692,27678,27628,27562,27522,27592,27564,27537,27572,27515,27495,27485,27490,27446,27362,27227,27416,27090,26655,26438,26228,26111,25872,25825,25530,25653,25534,25481,25460,25457,25428,25512,25349,25864,25882,25980,26363,26601,26621,26608,26911,27100,27036,27060,27011,27198,,
KOE,KOE1101,TOPE,ngawha,Geo,Geo,2026-03-19,27264,27290,27163,27223,27250,27257,27301,27394,27288,27319,27369,27273,27215,27271,27458,27298,27216,27099,26987,26760,26592,26340,26121,26028,25943,25752,25677,25392,25199,25105,25189,25245,25302,25175,25303,25336,25500,25886,26117,26467,26617,26894,27101,27156,27276,27298,27333,27325,,
KOE,KOE1101,TOPE,ngawha,Geo,Geo,2026-03-20,27481,27464,27479,27488,27509,27599,27542,27504,27550,27661,27638,27537,27600,27647,27632,27723,27500,27377,27138,26971,26723,26590,26307,26184,26154,26023,25898,25915,25654,25859,25950,25784,25787,25855,25795,25794,25832,25934,26004,26189,26339,26390,26635,26816,26857,26943,26988,26971,,
KOE,KOE1101,TOPE,ngawha,Geo,Geo,2026-03-21,27036,27067,27126,27287,27349,27413,27400,27418,27557,27636,27488,27535,27619,27770,27734,27883,27910,27597,27419,27170,27033,26968,26768,26527,26357,26259,26038,25941,25712,25567,25508,25339,25261,25674,25726,25867,26118,26272,26423,26599,26778,26799,27016,26906,27094,27308,27386,27281,,
KOE,KOE1101,TOPE,ngawha,Geo,Geo,2026-03-22,27291,27294,27394,27450,27534,27585,27702,27727,27689,27603,27540,27606,27708,27715,27782,27717,27598,27354,27053,26738,26615,26550,26193,26153,26027,25861,25814,25665,25344,25552,25253,25229,25652,25642,25955,25944,25900,26178,26651,26723,26777,26775,26807,26861,26874,26964,26998,27221,,
KOE,KOE1101,TOPE,ngawha,Geo,Geo,2026-03-23,27172,27201,27152,27179,27117,27099,27109,27117,27144,27128,27118,27128,27172,27182,27211,27235,27193,27071,26908,26858,26886,26732,26720,26706,26802,26927,26665,26527,26313,26349,26109,26160,26312,26555,26443,26544,26579,26660,26781,26670,26768,26949,26984,27024,27065,27173,27220,27262,,
KOE,KOE1101,TOPE,ngawha,Geo,Geo,2026-03-24,27277,27216,27267,27287,27361,27396,27486,27473,27512,27502,27525,27558,27589,27542,27536,27511,27535,27390,27270,27098,27004,26950,26859,26497,26753,26340,26085,26206,26172,26175,26272,26391,26202,26233,26317,26524,26633,26683,26691,26834,26826,26903,26926,26957,26953,26857,26808,26796,,
KOE,KOE1101,TOPE,ngawha,Geo,Geo,2026-03-25,26830,27060,27121,27116,27065,27068,27016,27083,27073,27080,27049,27078,27127,27018,26929,26887,26803,26749,26832,25035,26613,26675,26760,26852,26905,27022,26902,26848,26790,26885,26920,26818,26818,26811,26759,27016,26859,27008,26863,26766,27052,27207,27082,26918,26886,26854,26768,26999,,
KOE,KOE1101,TOPE,ngawha,Geo,Geo,2026-03-26,26821,26886,26919,27009,26957,26894,26793,26742,26908,26972,26946,27022,27009,27143,26938,26596,26566,26367,26256,26207,26322,26332,26423,26531,26739,26254,26236,26161,25442,25557,25787,25632,25308,25296,25482,25334,25464,25513,25503,25542,25709,25716,25714,26089,26217,26197,26480,26511,,
KOE,KOE1101,TOPE,ngawha,Geo,Geo,2026-03-27,26606,26733,26695,26791,26916,26911,26830,26823,26816,26941,27073,27124,27074,27099,27082,27142,27229,27098,26806,26436,26202,26021,26013,25655,25485,25286,25081,25379,25090,25001,25143,25215,25326,25320,25362,25460,25757,25983,26263,26257,26350,26392,26456,26412,26439,26532,26505,26578,,
KOE,KOE1101,TOPE,ngawha,Geo,Geo,2026-03-28,26628,26581,26680,26851,26829,26818,26883,27005,26864,27041,27015,27107,27176,27169,27126,27461,27322,26639,25978,26925,26540,26242,26088,25955,25681,25687,25571,25475,25301,25167,25006,24976,24766,24829,25135,25555,25672,25984,26364,26348,26303,26648,26879,26931,27016,27007,26943,26944,,
KOE,KOE1101,TOPE,ngawha,Geo,Geo,2026-03-29,27047,26953,26894,27018,26929,26896,26909,26966,26936,26914,26982,27370,27648,27602,27592,27613,27715,27478,27047,26758,26698,26399,26139,25976,25932,25600,25507,25439,25455,25367,25227,25418,25568,25476,25649,25832,26150,26426,26480,26537,26656,26695,26602,26437,26512,26512,26086,25683,,
KOE,KOE1101,TOPE,ngawha,Geo,Geo,2026-03-30,26156,26465,26041,25754,25594,25660,25781,26008,26057,26180,26329,26380,26385,26514,26625,26758,26773,25993,26205,26005,25799,25844,25604,25499,25601,25322,25331,25355,24985,25618,25678,25440,25631,25556,26096,25993,26070,26317,26411,26522,26589,26547,26550,26489,26525,26520,26547,26494,,
KOE,KOE1101,TOPE,ngawha,Geo,Geo,2026-03-31,26636,26609,26654,26583,26326,26375,26294,26431,26470,26626,26726,26611,26784,26885,27067,27066,26888,26772,26559,26637,26555,26240,26093,26071,25962,25914,26111,26006,26063,26230,26302,26479,26644,26562,26627,26724,26861,26918,27068,27155,27173,27177,27168,27257,27317,27352,27414,27446,,
KPA,KPA1101,KAPE,kapuni,Gas,Cogen,2026-03-01,1848,1890,1918,1989,2036,2061,2041,2029,2012,2026,1996,1946,1957,2015,2037,2075,2436,2454,2473,2428,2426,2381,2365,2442,2560,2580,2413,2501,2597,2480,2559,2557,2754,2696,2684,2731,2627,2648,2727,2678,2620,2626,2621,2592,2498,2769,2484,2540,,
KPA,KPA1101,KAPE,kapuni,Gas,Cogen,2026-03-02,2519,2627,2622,2659,2727,2721,2643,2710,2703,2672,2784,2912,2821,3010,3188,3136,3248,3252,3194,3216,3201,3168,3015,3235,3115,3132,3125,3068,3152,3011,2773,2654,2703,2705,2798,2566,2416,2213,2133,2104,1972,1893,1874,1879,1898,1865,1741,1688,,
KPA,KPA1101,KAPE,kapuni,Gas,Cogen,2026-03-03,1700,1606,1611,1617,1654,1744,1948,2058,2122,2203,2119,2066,2123,2153,2137,2206,2191,2200,1955,1907,1960,2019,1970,1909,1881,1887,1861,1754,1786,1745,1837,1746,1794,1823,1811,1892,2190,2243,2260,2215,2101,2038,1968,1940,1951,1878,1869,1789,,
KPA,KPA1101,KAPE,kapuni,Gas,Cogen,2026-03-04,1854,1904,1731,1722,1726,1708,1699,1706,1714,1685,1691,1663,1606,1796,1973,1833,1947,1983,1914,1758,1697,1836,1869,1782,1835,1919,2098,2005,1989,1884,1923,1899,1986,2008,1954,2014,1997,2026,2010,2018,2010,2013,1920,1824,1838,1826,1742,1801,,
KPA,KPA1101,KAPE,kapuni,Gas,Cogen,2026-03-05,1755,1703,1628,1636,1669,1690,1645,1691,1667,1641,1642,1610,1540,1499,1536,1546,1573,1450,1335,1239,1035,932,980,713,742,1235,1376,1385,1345,1325,1332,1364,1383,1362,1385,1683,1787,1794,1812,1785,1828,1803,1796,1864,1851,2009,1914,1940,,
KPA,KPA1101,KAPE,kapuni,Gas,Cogen,2026-03-06,1921,1907,1877,1824,1801,1913,1969,1888,1844,1837,1715,1640,1425,1570,1610,1596,1594,1508,1462,1510,1546,1618,1459,1543,1490,1518,1561,1507,1512,1509,1453,1633,1787,1748,1736,1691,1666,1612,1570,1643,1638,1722,1851,2013,2118,2095,2093,2129,,
KPA,KPA1101,KAPE,kapuni,Gas,Cogen,2026-03-07,2041,2101,2181,2182,2162,2151,2193,2219,2215,2221,2240,2154,2178,2119,2042,1994,1919,2013,1910,1937,1995,2027,1922,2016,2055,2092,2248,2110,2007,2005,1988,1954,1933,1929,1936,1952,1985,1996,1887,1899,1874,1934,2376,2332,2215,2187,2136,2135,,
KPA,KPA1101,KAPE,kapuni,Gas,Cogen,2026-03-08,2257,2223,2149,2126,2097,2096,2100,2018,2191,2318,2377,2346,2380,2428,2602,2793,2827,2936,2943,2858,2833,2813,2896,2923,2913,2805,2872,2757,2678,2707,2664,2510,2525,2492,2440,2463,2446,2305,2314,2329,2366,2393,2364,2367,2416,2409,2364,2366,,
KPA,KPA1101,KAPE,kapuni,Gas,Cogen,2026-03-09,2345,2354,2377,2373,2385,2360,2407,2388,2433,2465,2452,2376,2322,2357,2371,2524,2582,2511,2626,2603,2602,2599,2561,2524,2625,2541,2610,2653,2775,2681,2475,2407,2553,2565,2579,2519,2468,2393,2422,2411,2283,2245,2255,2269,2264,2248,2240,2270,,
KPA,KPA1101,KAPE,kapuni,Gas,Cogen,2026-03-10,2323,2324,2322,2337,2370,2389,2383,2465,2406,2349,2409,2437,2260,2361,2587,2615,2702,2574,2612,2575,2481,2422,2514,2402,2338,2488,2467,2329,2277,2247,2279,2272,2187,2233,2405,2295,2265,2145,2198,2138,2148,2052,2117,2153,2205,2137,2123,2120,,
KPA,KPA1101,KAPE,kapuni,Gas,Cogen,2026-03-11,2098,2067,2150,2105,2048,2016,1979,1945,1902,1939,1908,1958,1860,1857,1812,1874,1945,1943,1852,1723,1669,1652,1753,1754,1804,1741,1735,1676,1604,1600,1544,1597,1680,1723,1663,1626,1607,1598,1649,1654,1788,1974,1982,1940,1899,1895,2065,2020,,
KPA,KPA1101,KAPE,kapuni,Gas,Cogen,2026-03-12,2141,1855,1764,1804,1715,1808,1808,1833,1828,1833,1802,1783,1727,1748,1787,1841,1810,1800,1750,1654,1541,1534,1549,1594,1521,1495,1518,1501,1378,1434,1493,1711,1724,1732,1716,1710,1795,1913,1983,1956,1916,1882,1859,1757,1642,1628,1691,1631,,
KPA,KPA1101,KAPE,kapuni,Gas,Cogen,2026-03-13,1594,1600,1559,1509,1444,1480,1536,1598,1558,1537,1539,1458,1395,1519,1509,1685,1564,1556,1571,1567,1570,1574,1567,1402,1448,1479,1418,1323,1365,1367,1372,1370,1377,1456,1443,1517,1453,1573,1484,1476,1477,1499,1605,1596,1640,1745,1729,1788,,
KPA,KPA1101,KAPE,kapuni,Gas,Cogen,2026-03-14,1758,1883,1889,1875,1898,1888,1919,1960,1996,1884,1887,1863,1806,1822,1904,1920,2023,2191,2272,2270,2330,2374,2267,2267,2301,2291,2230,2298,2310,2318,2418,2399,2349,2235,2129,2074,2086,1985,1954,2001,1994,2031,1974,1968,1989,1922,1869,1829,,
KPA,KPA1101,KAPE,kapuni,Gas,Cogen,2026-03-15,1871,1862,1827,1841,1848,1801,1811,1862,1831,1875,1944,1898,1826,1923,1973,2011,1959,1890,1859,1840,1875,1895,1919,1865,1834,1834,1828,1870,1838,1907,1918,1866,1930,1940,1985,2010,1986,2025,2052,2041,2058,2096,2140,2146,2177,2129,2088,2135,,
KPA,KPA1101,KAPE,kapuni,Gas,Cogen,2026-03-16,2120,2131,2249,2220,2227,2167,2246,2269,2305,2244,2168,2139,2136,2164,2176,2306,2392,2403,2417,2397,2408,2328,2356,2367,2338,2268,2266,2195,2030,1979,2063,1999,2027,1948,2091,1945,2047,1912,1930,1924,1873,1878,1852,1874,1895,1813,1829,1849,,
KPA,KPA1101,KAPE,kapuni,Gas,Cogen,2026-03-17,1931,1831,1254,1115,1044,1010,1053,1047,1009,1000,986,970,1399,1428,1443,1473,1433,1363,1276,1297,1278,1279,1344,1440,1493,1500,1427,1448,1603,1474,1509,1493,1520,1488,1402,1372,1306,1333,1427,1348,1288,1288,1264,1232,1230,1274,1258,1267,,
KPA,KPA1101,KAPE,kapuni,Gas,Cogen,2026-03-18,1186,1197,1191,1171,1194,1151,1190,1223,1177,1116,1102,1182,1163,1141,1080,1112,1126,1386,1671,1729,1449,1198,1221,1112,1113,1444,1513,1610,1552,1473,1456,1361,1325,1379,1393,1240,1293,1175,1151,1123,1096,1018,1005,1038,1054,1038,1017,1023,,
KPA,KPA1101,KAPE,kapuni,Gas,Cogen,2026-03-19,1036,1069,1129,1099,1121,1106,1050,1106,1633,1726,1697,1678,1652,1614,1645,1563,1564,1636,1617,1609,1625,1600,1668,1673,1674,1691,1735,1695,1683,1679,1783,1788,1886,1953,1885,1871,1841,1893,1877,1819,1776,1808,1833,1856,1844,1868,1840,1778,,
KPA,KPA1101,KAPE,kapuni,Gas,Cogen,2026-03-20,1824,1851,1870,1878,1910,1919,1974,1934,2028,2067,2031,2042,2145,2235,2244,2294,2325,2253,2145,2079,2051,2025,2086,4963,6863,7059,6985,6977,7097,6872,6866,6845,6870,6910,7064,7019,7022,7006,6866,6809,6752,6790,6723,6775,6774,6695,6732,6712,,
KPA,KPA1101,KAPE,kapuni,Gas,Cogen,2026-03-21,6777,6775,6723,6738,6808,6759,6833,6942,6847,6826,6729,6606,6590,6686,6778,6800,6795,6698,6613,6647,6699,6684,6633,6627,6608,6686,6627,6630,6605,6654,6696,6633,6555,6666,6702,6678,6633,6630,6691,6710,6713,6742,6703,6679,6726,6738,6757,6780,,
KPA,KPA1101,KAPE,kapuni,Gas,Cogen,2026-03-22,6851,6923,6887,6886,6986,6980,7008,6962,6936,6989,6971,6986,6932,6995,7028,6978,6979,7025,6997,6906,6902,6838,6833,6798,6778,6826,6915,6859,6889,6913,6969,7035,7029,6848,6394,6365,6795,6950,6971,6957,6944,6960,6995,7007,7045,7043,7042,7027,,
KPA,KPA1101,KAPE,kapuni,Gas,Cogen,2026-03-23,7046,7088,7131,7121,7048,7061,7086,7155,7193,7217,7156,7136,7050,7103,7066,7299,7240,7237,7185,7278,7361,7333,7336,7240,7266,6952,6963,6992,6928,6819,6865,6827,6769,6795,6739,6693,6626,6633,6684,6612,6546,6550,6611,6633,6641,6611,6629,6625,,
KPA,KPA1101,KAPE,kapuni,Gas,Cogen,2026-03-24,6620,6595,6545,6542,6628,6761,6743,6730,6717,6747,6693,6673,6603,6698,6757,6715,6619,6579,6612,6497,6600,6540,6582,6580,6621,6674,6679,6719,6672,6735,6731,6737,6670,6670,6623,6640,6679,6693,6548,6605,6584,6673,6604,6593,6573,6593,6622,6582,,
KPA,KPA1101,KAPE,kapuni,Gas,Cogen,2026-03-25,6627,6591,6725,6694,6668,6567,6573,6607,6676,6709,6690,6730,6696,6755,6700,6679,6718,6772,6787,6806,6801,6821,6894,6950,6980,6903,6744,6745,6801,6821,6799,6830,6789,6836,6927,7040,7002,6937,6935,6862,6834,6811,6912,6874,6927,6920,6980,6981,,
KPA,KPA1101,KAPE,kapuni,Gas,Cogen,2026-03-26,6984,6958,6979,6953,6897,6931,6977,7048,6994,7063,7086,7043,7048,7159,7443,7460,7450,7437,7466,7457,7461,7402,7351,7299,7342,7281,7329,7319,7297,7358,7387,7165,6957,7027,7043,7029,7060,7070,7091,7061,7067,7017,7046,7027,7044,6975,6939,6995,,
KPA,KPA1101,KAPE,kapuni,Gas,Cogen,2026-03-27,7056,7039,6924,6868,6882,6944,7006,6964,6926,6876,6850,6867,6847,6852,6820,6841,6832,6801,6800,6779,6782,6722,6620,6611,6690,6687,6596,6679,6748,6664,6588,6531,6505,6537,6648,6715,6743,6794,6890,6867,6832,6863,6913,6993,6953,6904,6950,6973,,
KPA,KPA1101,KAPE,kapuni,Gas,Cogen,2026-03-28,6962,6924,6992,7031,6954,7030,7113,7214,7243,7290,7205,6944,6991,7030,7015,7020,7093,6922,6760,6719,6760,6718,6662,6654,6643,6616,6668,6661,6773,6906,6921,6944,7003,6988,6864,6847,6808,6920,6963,7033,7082,7047,7098,7036,7142,7096,7137,7121,,
KPA,KPA1101,KAPE,kapuni,Gas,Cogen,2026-03-29,7159,7138,7140,7116,7074,7172,7245,7252,7258,7287,7266,7164,7240,7316,7353,7335,7416,7434,7397,7322,7336,7358,7358,7231,7230,7215,7240,7199,7204,7230,7133,7088,7100,7097,7086,7054,7107,7162,7177,7114,7097,7101,7179,7172,7216,7129,7147,7165,,
KPA,KPA1101,KAPE,kapuni,Gas,Cogen,2026-03-30,7183,7232,7228,7305,7412,7407,7436,7480,7523,7442,7413,7457,7346,7444,7458,7424,7449,7447,7364,7376,7538,7511,7559,7474,7396,7366,7354,7276,7336,7157,7130,7022,7174,7199,7267,7135,7129,7027,6988,6924,6894,6901,6918,6804,6825,6874,6812,6832,,
KPA,KPA1101,KAPE,kapuni,Gas,Cogen,2026-03-31,6790,6833,6809,6903,6896,6940,6941,6963,7002,6928,6865,6951,6887,7029,7094,7125,7240,7151,7033,6987,7157,7049,6894,6821,6720,6740,6786,6916,6839,6904,7009,7032,6978,7048,7103,7060,7079,7069,6974,6918,6943,6998,7000,6995,7011,6995,6985,7052,,
KPO,KPO1101,MRPL,karapiro,Hydro,Hydro,2026-03-01,21990,21330,21340,21340,21340,21320,21360,21670,21360,22850,23190,24440,25090,24760,24820,24710,24770,23860,27070,28550,28780,26760,27770,27760,29170,27960,27900,27800,28140,29610,29750,29740,29770,29750,30320,30180,31730,31670,22790,22670,21340,21350,21350,21390,22240,21690,21910,21340,,
KPO,KPO1101,MRPL,karapiro,Hydro,Hydro,2026-03-02,21350,21330,21310,21300,21290,21300,21300,21310,21310,21310,21340,21250,25080,29590,29770,29760,29760,31070,44640,39160,35750,40600,42340,38970,43460,42720,40620,30320,38110,37090,33180,31330,32950,39840,39550,44480,40670,36800,38730,38690,38710,38690,35790,37220,39460,37290,36320,25700,,
KPO,KPO1101,MRPL,karapiro,Hydro,Hydro,2026-03-03,23870,23830,21800,21850,21820,21870,21820,21820,21830,21890,26750,26790,32530,40290,50420,50460,50440,50170,33980,33740,31640,31260,31190,31720,34150,34170,34160,32890,34140,34200,25520,34750,35670,35630,35650,35650,35650,36750,37880,40070,40160,40170,40200,35190,35150,34290,28200,23170,,
KPO,KPO1101,MRPL,karapiro,Hydro,Hydro,2026-03-04,22900,21340,21370,21350,21360,21350,21340,21360,21340,21340,21330,22970,33810,44480,52460,48530,47180,47470,46660,47540,43640,45790,44630,37250,37270,37200,37200,37860,40180,32870,32760,41030,43080,36400,45870,45190,47010,47500,47540,46010,43700,39130,31280,34130,32700,22670,21860,21840,,
KPO,KPO1101,MRPL,karapiro,Hydro,Hydro,2026-03-05,21830,21820,21780,21820,21800,21810,21680,21550,21570,21560,21570,21570,21910,31980,39430,41540,49560,49480,40650,40360,48550,38740,30740,23880,23840,23840,23470,21520,21340,21330,21280,21350,22250,22050,23890,29720,39520,32870,32750,32700,32700,32740,32790,32750,32740,32740,32780,32720,,
KPO,KPO1101,MRPL,karapiro,Hydro,Hydro,2026-03-06,30770,26700,21850,21840,21820,21830,21820,21850,21830,21800,21850,21790,21900,24400,30970,34580,33190,30120,32710,29890,32620,42320,40090,37790,35470,32860,29930,27450,25410,21990,21330,21320,21330,21310,21320,21350,21280,21170,20860,20850,20860,20820,20860,20860,20910,21100,21110,21080,,
KPO,KPO1101,MRPL,karapiro,Hydro,Hydro,2026-03-07,21070,21060,21040,21080,21090,21100,21090,21100,21070,21070,21140,21080,21090,21080,21100,21070,21120,21080,21090,21100,21090,21110,21070,21110,21120,25840,29260,27790,25690,23890,29660,25610,24820,29520,29760,29770,29160,29600,29800,29750,29770,29720,29750,29760,28470,22550,21860,21850,,
KPO,KPO1101,MRPL,karapiro,Hydro,Hydro,2026-03-08,21830,21830,21780,21830,21830,21820,21830,21860,21820,21820,21840,21910,21830,21830,21820,21830,21850,21830,24060,32570,32760,32770,32770,32760,32740,32770,32390,31290,31280,32090,32780,32780,32310,32440,33690,34520,35750,35720,35700,35710,35710,31430,31290,31270,28150,21370,23850,23810,,
KPO,KPO1101,MRPL,karapiro,Hydro,Hydro,2026-03-09,22600,21840,21820,21850,21820,21850,22070,25340,24710,22790,22840,24830,25100,27830,32660,36570,42240,45810,46170,46090,46070,46170,46100,46100,46150,47300,47520,46290,46700,47580,47520,47550,47630,47580,47570,46250,46120,46060,46120,46100,46120,46120,46190,44980,38350,27440,35400,32990,,
KPO,KPO1101,MRPL,karapiro,Hydro,Hydro,2026-03-10,22990,24690,24790,21070,21420,21340,21510,21350,21300,24350,25800,25770,25940,25720,31970,38480,38650,37040,38660,45160,36920,37930,31870,30730,35140,33900,34290,34360,36950,38590,38350,34570,36610,37680,38570,38620,38700,37360,37210,37180,37210,37220,35200,32830,32770,32750,33620,34240,,
KPO,KPO1101,MRPL,karapiro,Hydro,Hydro,2026-03-11,31080,27820,27700,24740,25740,24830,24760,24740,25430,25750,25960,25760,28240,33690,34190,36040,43040,42440,48150,44680,43570,44540,41620,41690,41580,41600,44480,41730,40690,39910,37310,38230,38570,39590,38190,38610,38670,38650,37250,37170,37180,37200,33090,32770,32800,25210,24790,24830,,
KPO,KPO1101,MRPL,karapiro,Hydro,Hydro,2026-03-12,24830,24790,24760,23820,22840,22820,22800,22820,22840,22850,22820,22810,32530,34130,34270,41530,49730,51540,39690,36680,36630,36620,36590,36610,36620,36630,36600,36490,42670,45920,45200,38250,47390,47560,47520,47570,47560,47560,46540,41920,41720,38860,43510,41160,37300,37690,38710,31480,,
KPO,KPO1101,MRPL,karapiro,Hydro,Hydro,2026-03-13,31320,29390,24020,22980,22870,25770,22370,21420,21340,21320,21330,22770,26530,32790,33840,35250,35670,35720,35720,35760,35700,35750,36070,37290,37230,37170,51380,51970,49110,46160,45680,47590,41150,40000,36530,41740,47500,47150,45770,46380,45840,41170,40630,34330,34340,32490,29880,28340,,
KPO,KPO1101,MRPL,karapiro,Hydro,Hydro,2026-03-14,32690,24680,22860,24080,22880,21570,21930,21360,21940,22190,21680,24050,24810,23880,25420,31280,25650,35350,35650,34870,34970,31800,31680,31810,31710,29350,24870,24780,24820,31420,30600,27840,27730,27770,28220,31610,31720,31720,31780,31720,31730,31740,31740,31720,31710,31730,31750,31730,,
KPO,KPO1101,MRPL,karapiro,Hydro,Hydro,2026-03-15,31730,28140,27720,27010,23830,21880,21830,21820,21820,21790,21860,24020,28620,27510,28690,28830,28710,31050,34680,31870,31760,30360,27850,27280,24560,23840,23830,23790,23830,23840,23830,27000,27810,27770,30110,33030,33620,34640,34670,34690,34690,34690,34730,33070,31780,31750,31720,31730,,
KPO,KPO1101,MRPL,karapiro,Hydro,Hydro,2026-03-16,29350,28800,29260,29770,28870,25810,25810,25790,25770,25760,25790,25780,32630,33650,33570,31740,34150,35730,35670,36230,33820,33700,33670,33200,31780,31330,31200,31210,31270,31260,31230,31240,31250,31460,31250,32690,32710,32720,32720,32730,35150,35370,22050,21870,21840,21850,21830,21850,,
KPO,KPO1101,MRPL,karapiro,Hydro,Hydro,2026-03-17,21850,21830,21770,21830,21830,21830,21820,21830,21820,21820,21830,21830,21790,29410,34550,44480,44540,43590,37360,37230,37120,38270,38730,38040,34310,37160,37560,35830,36510,34890,32960,34230,34240,34250,37130,38300,44420,44590,37760,37150,37200,37250,37220,37220,37250,35490,34300,34300,,
KPO,KPO1101,MRPL,karapiro,Hydro,Hydro,2026-03-18,34290,34200,34140,34210,34240,34200,34180,34170,34190,34220,34260,34130,34260,34250,34240,34180,34240,34160,33960,31380,31130,31300,31030,29790,29770,29760,29730,29770,29760,29780,29780,29760,29760,29750,29750,31070,33060,33980,38600,44250,43840,37930,34570,33790,32790,31500,29800,29760,,
KPO,KPO1101,MRPL,karapiro,Hydro,Hydro,2026-03-19,29760,29760,29740,28690,28770,29430,28660,28720,30660,32720,33770,33690,33690,33700,35410,33750,33710,33680,32470,26980,21460,21370,21340,21310,30470,31670,29430,24850,24770,21710,24100,28110,29990,29790,30190,31710,31170,31230,31250,31610,33190,32160,27140,27800,27810,27750,30550,30760,,
KPO,KPO1101,MRPL,karapiro,Hydro,Hydro,2026-03-20,30760,30730,30700,30710,30750,30740,30740,30740,30730,30190,29240,29550,30130,30240,30240,30250,30250,30250,30250,30330,30230,30320,30260,30210,30230,31340,30220,30200,30250,30660,30280,30230,22790,21440,21360,21360,21340,21340,21350,21350,21350,21360,21350,21340,21360,22890,32690,35750,,
KPO,KPO1101,MRPL,karapiro,Hydro,Hydro,2026-03-21,35660,35680,35720,35060,33800,34690,34650,34640,34280,28850,30520,30780,30750,30740,30740,30730,30750,30750,30730,30730,30800,30760,30740,30740,30740,30710,30750,30740,30730,30730,30770,30720,30740,27370,21910,21790,21840,21840,21860,21820,21860,21840,21850,21850,21820,23580,22230,21760,,
KPO,KPO1101,MRPL,karapiro,Hydro,Hydro,2026-03-22,21820,21820,32600,35560,35640,35610,35500,31280,29750,25930,24110,24790,28000,35170,34680,33610,31260,30290,29840,29770,29770,29800,30000,29790,30760,29870,29780,29250,29280,28320,28300,29650,29840,28400,29020,31280,29810,29810,29820,29790,29780,29790,28440,24880,24820,23720,21860,21850,,
KPO,KPO1101,MRPL,karapiro,Hydro,Hydro,2026-03-23,21830,21820,21780,21790,21810,21850,21810,21790,21820,21810,21840,21830,21860,22010,24270,23580,25790,24580,29090,29260,29760,29710,29870,27880,25750,23040,29210,25020,24570,23330,27110,25460,28330,22840,22850,24650,27810,29130,25870,25820,25820,25820,25590,24800,24820,24800,24830,21820,,
KPO,KPO1101,MRPL,karapiro,Hydro,Hydro,2026-03-24,21840,21820,21790,21830,21820,21830,21940,22660,22650,22460,21810,23210,29620,33960,35230,35690,35660,35620,34590,34270,34240,34230,34220,34190,34220,29850,29730,29730,29830,29930,39060,36080,35700,35670,39890,42300,43490,43120,40930,37370,40310,43570,48940,41810,39940,26210,25270,22850,,
KPO,KPO1101,MRPL,karapiro,Hydro,Hydro,2026-03-25,22850,22940,22800,22140,22590,22810,21620,21600,21970,22670,23780,30340,30840,29820,29740,35450,39850,34110,32300,33690,33740,33720,32170,31760,30070,29820,31210,31730,31800,31900,31710,31670,31760,31710,31720,31730,33690,33700,33690,33710,33700,33770,33740,35480,35670,35690,35670,35640,,
KPO,KPO1101,MRPL,karapiro,Hydro,Hydro,2026-03-26,35680,30680,25450,24380,26610,22040,22550,22360,22310,22300,22330,22340,27110,29790,29720,33880,34640,29980,29710,29750,29750,29770,29780,29750,29750,30290,30470,29750,29680,29800,29690,34130,35710,35650,35680,35700,35700,35830,36120,36110,36130,34200,31770,27780,24900,28250,26450,23860,,
KPO,KPO1101,MRPL,karapiro,Hydro,Hydro,2026-03-27,22560,21640,21260,21340,21330,21340,21310,21360,21370,21340,21320,21370,24030,25810,31730,35680,35470,34690,34710,33860,31750,31720,31740,26520,24830,24840,24810,24460,23660,24820,29770,29340,26080,25790,25800,32980,30940,29760,29750,29770,29740,29750,29760,28420,29680,28980,24870,24810,,
KPO,KPO1101,MRPL,karapiro,Hydro,Hydro,2026-03-28,22380,21850,21690,21820,21860,21830,21380,21310,21290,21330,21320,21330,21410,21290,21600,22330,21960,22850,22810,22820,22840,26260,25610,23330,29460,27900,26420,24230,24860,27590,23050,22540,22910,22840,23810,25780,27030,28430,24930,29670,29740,29810,27170,21930,21820,21810,21830,21850,,
KPO,KPO1101,MRPL,karapiro,Hydro,Hydro,2026-03-29,21840,22110,24790,25670,25580,25750,23960,21910,26620,26850,27730,27860,21970,21880,28020,28730,28760,28760,28760,31140,30700,30760,30760,24240,21880,21830,23700,24530,27630,29690,28840,28680,32360,30450,30860,33600,33710,33730,33710,33690,33690,32210,29840,29760,26540,23420,21880,21860,,
KPO,KPO1101,MRPL,karapiro,Hydro,Hydro,2026-03-30,21870,21840,21820,21830,21850,21840,21910,21810,21820,25870,23900,27580,34810,35610,35700,32900,18900,18250,18270,18340,18360,18370,18360,18370,18280,18270,18240,18280,18290,18310,18940,25720,24790,24900,25100,26110,25810,25810,25820,25800,22900,22830,22040,21350,22440,22050,21380,21340,,
KPO,KPO1101,MRPL,karapiro,Hydro,Hydro,2026-03-31,21360,21340,23220,25110,21390,21850,22320,22320,22320,22320,22340,23560,21700,21280,21790,24340,18630,17850,17820,17830,17830,17830,17830,17850,17840,17850,17840,17840,17830,17840,17840,17850,17840,17830,17830,17800,17910,24740,24800,24820,27180,24850,23300,23760,22490,21390,21970,22600,,
KPU,KPU0661,POCO,pāmu_rā_ki_whitianga_solar_farm,SOL,PV,2026-03-01,0,0,0,0,0,0,0,0,0,0,0,0,0,0,0,0,0,0,0,0,0,0,0,0,0,0,0,27,5,20,29,0,0,0,0,0,0,0,0,0,0,0,0,0,0,0,0,0,,
KPU,KPU0661,POCO,pāmu_rā_ki_whitianga_solar_farm,SOL,PV,2026-03-02,0,0,0,0,0,0,0,0,0,0,0,0,0,0,0,0,0,0,0,0,0,0,0,0,0,0,0,2,1,2,0,0,0,0,0,0,0,0,0,0,0,0,0,0,0,0,0,0,,
KPU,KPU0661,POCO,pāmu_rā_ki_whitianga_solar_farm,SOL,PV,2026-03-03,0,0,0,0,0,0,0,0,0,0,0,0,0,0,0,0,0,0,0,0,0,0,0,0,0,5,163,383,138,37,34,0,0,0,0,0,0,0,0,0,0,0,0,0,0,0,0,0,,
KPU,KPU0661,POCO,pāmu_rā_ki_whitianga_solar_farm,SOL,PV,2026-03-04,0,0,0,0,0,0,0,0,0,0,0,0,0,0,0,0,0,0,0,0,0,0,0,0,0,0,18,217,338,261,59,1,0,0,0,0,0,0,0,0,0,0,0,0,0,0,0,0,,
KPU,KPU0661,POCO,pāmu_rā_ki_whitianga_solar_farm,SOL,PV,2026-03-05,0,0,0,0,0,0,0,0,0,0,0,0,0,0,0,0,0,0,0,0,0,0,0,0,0,0,0,0,0,0,0,0,0,0,0,0,0,0,0,0,0,0,0,0,0,0,0,0,,
KPU,KPU0661,POCO,pāmu_rā_ki_whitianga_solar_farm,SOL,PV,2026-03-06,0,0,0,0,0,0,0,0,0,0,0,0,0,0,0,0,0,0,0,0,0,0,0,0,0,0,83,356,185,259,66,0,0,0,0,0,0,0,0,0,0,0,0,0,0,0,0,0,,
KPU,KPU0661,POCO,pāmu_rā_ki_whitianga_solar_farm,SOL,PV,2026-03-07,0,0,0,0,0,0,0,0,0,0,0,0,0,0,0,0,0,0,0,0,0,0,0,0,14,84,371,685,280,354,763,458,18,0,0,0,0,0,0,0,0,0,0,0,0,0,0,0,,
KPU,KPU0661,POCO,pāmu_rā_ki_whitianga_solar_farm,SOL,PV,2026-03-08,0,0,0,0,0,0,0,0,0,0,0,0,0,0,0,0,0,0,0,0,0,0,0,0,0,0,0,8,5,47,21,107,1,0,0,0,0,0,0,0,0,0,0,0,0,0,0,0,,
KPU,KPU0661,POCO,pāmu_rā_ki_whitianga_solar_farm,SOL,PV,2026-03-09,0,0,0,0,0,0,0,0,0,0,0,0,0,0,0,0,0,0,0,0,0,0,0,0,0,0,0,0,0,0,0,0,0,0,0,0,0,0,0,0,0,0,0,0,0,0,0,0,,
KPU,KPU0661,POCO,pāmu_rā_ki_whitianga_solar_farm,SOL,PV,2026-03-10,0,0,0,0,0,0,0,0,0,0,0,0,0,0,0,0,0,0,0,0,0,0,0,0,0,0,0,0,0,0,0,0,0,0,0,0,0,0,0,0,0,0,0,0,0,0,0,0,,
KPU,KPU0661,POCO,pāmu_rā_ki_whitianga_solar_farm,SOL,PV,2026-03-11,0,0,0,0,0,0,0,0,0,0,0,0,0,0,0,0,0,0,0,0,0,0,0,0,0,0,0,0,0,0,0,0,0,0,0,0,0,0,0,0,0,0,0,0,0,0,0,0,,
KPU,KPU0661,POCO,pāmu_rā_ki_whitianga_solar_farm,SOL,PV,2026-03-12,0,0,0,0,0,0,0,0,0,0,0,0,0,0,0,0,0,0,0,0,0,0,0,0,0,0,0,0,0,0,0,0,0,0,0,0,0,0,0,0,0,0,0,0,0,0,0,0,,
KPU,KPU0661,POCO,pāmu_rā_ki_whitianga_solar_farm,SOL,PV,2026-03-13,0,0,0,0,0,0,0,0,0,0,0,0,0,0,0,0,0,0,0,0,0,0,0,0,0,0,0,0,0,0,0,0,0,0,0,0,0,0,0,0,0,0,0,0,0,0,0,0,,
KPU,KPU0661,POCO,pāmu_rā_ki_whitianga_solar_farm,SOL,PV,2026-03-14,0,0,0,0,0,0,0,0,0,0,0,0,0,0,0,0,0,0,0,0,0,0,0,0,0,3,52,209,423,447,159,28,0,0,0,0,0,0,0,0,0,0,0,0,0,0,0,0,,
KPU,KPU0661,POCO,pāmu_rā_ki_whitianga_solar_farm,SOL,PV,2026-03-15,0,0,0,0,0,0,0,0,0,0,0,0,0,0,0,0,0,0,0,0,0,0,0,64,280,538,660,906,1123,984,697,434,141,0,0,0,0,0,0,0,0,0,0,0,0,0,0,0,,
KPU,KPU0661,POCO,pāmu_rā_ki_whitianga_solar_farm,SOL,PV,2026-03-16,0,0,0,0,0,0,0,0,0,0,0,0,0,0,0,0,0,0,0,0,0,0,0,0,0,0,0,0,0,0,0,0,0,0,0,0,0,0,0,0,0,0,0,0,0,0,0,0,,
KPU,KPU0661,POCO,pāmu_rā_ki_whitianga_solar_farm,SOL,PV,2026-03-17,0,0,0,0,0,0,0,0,0,0,0,0,0,0,0,0,0,0,0,0,0,0,0,0,0,0,4,4,1,0,0,0,0,0,0,0,0,0,0,0,0,0,0,0,0,0,0,0,,
KPU,KPU0661,POCO,pāmu_rā_ki_whitianga_solar_farm,SOL,PV,2026-03-18,0,0,0,0,0,0,0,0,0,0,0,0,0,0,0,0,0,0,0,0,0,0,0,0,0,0,0,0,0,0,0,0,0,0,0,0,0,0,0,0,0,0,0,0,0,0,0,0,,
KPU,KPU0661,POCO,pāmu_rā_ki_whitianga_solar_farm,SOL,PV,2026-03-19,0,0,0,0,0,0,0,0,0,0,0,0,0,0,0,0,0,0,0,0,0,0,0,0,0,0,0,0,64,152,0,0,0,0,0,0,0,0,0,0,0,0,0,0,0,0,0,0,,
KPU,KPU0661,POCO,pāmu_rā_ki_whitianga_solar_farm,SOL,PV,2026-03-20,0,0,0,0,0,0,0,0,0,0,0,0,0,0,0,0,0,0,0,0,0,0,0,0,0,0,0,3,20,2,0,0,0,0,0,0,0,0,0,0,0,0,0,0,0,0,0,0,,
KPU,KPU0661,POCO,pāmu_rā_ki_whitianga_solar_farm,SOL,PV,2026-03-21,0,0,0,0,0,0,0,0,0,0,0,0,0,0,0,0,0,0,0,0,0,0,0,0,0,0,0,24,27,0,161,106,0,0,0,0,0,0,0,0,0,0,0,0,0,0,0,0,,
KPU,KPU0661,POCO,pāmu_rā_ki_whitianga_solar_farm,SOL,PV,2026-03-22,0,0,0,0,0,0,0,0,0,0,0,0,0,0,0,0,0,0,0,0,0,0,0,0,0,278,705,1225,1052,858,605,358,18,0,0,0,0,0,0,0,0,0,0,0,0,0,0,0,,
KPU,KPU0661,POCO,pāmu_rā_ki_whitianga_solar_farm,SOL,PV,2026-03-23,0,0,0,0,0,0,0,0,0,0,0,0,0,0,0,0,0,0,0,0,0,0,0,0,0,0,0,0,0,0,0,0,0,0,0,0,0,0,0,0,0,0,0,0,0,0,0,0,,
KPU,KPU0661,POCO,pāmu_rā_ki_whitianga_solar_farm,SOL,PV,2026-03-24,0,0,0,0,0,0,0,0,0,0,0,0,0,0,0,0,0,0,0,0,0,0,0,0,0,0,0,0,0,0,0,0,0,0,0,0,0,0,0,0,0,0,0,0,0,0,0,0,,
KPU,KPU0661,POCO,pāmu_rā_ki_whitianga_solar_farm,SOL,PV,2026-03-25,0,0,0,0,0,0,0,0,0,0,0,0,0,0,0,0,0,0,0,0,0,0,0,0,0,0,0,0,0,0,0,0,0,0,0,0,0,0,0,0,0,0,0,0,0,0,0,0,,
KPU,KPU0661,POCO,pāmu_rā_ki_whitianga_solar_farm,SOL,PV,2026-03-26,0,0,0,0,0,0,0,0,0,0,0,0,0,0,0,0,0,0,0,0,0,0,0,0,0,0,0,0,0,0,0,0,0,0,0,0,0,0,0,0,0,0,0,0,0,0,0,0,,
KPU,KPU0661,POCO,pāmu_rā_ki_whitianga_solar_farm,SOL,PV,2026-03-27,0,0,0,0,0,0,0,0,0,0,0,0,0,0,0,0,0,0,0,0,0,0,0,0,0,0,0,0,0,0,0,0,0,0,0,0,0,0,0,0,0,0,0,0,0,0,0,0,,
KPU,KPU0661,POCO,pāmu_rā_ki_whitianga_solar_farm,SOL,PV,2026-03-28,0,0,0,0,0,0,0,0,0,0,0,0,0,0,0,0,0,0,0,0,0,0,0,0,146,46,8,24,0,0,0,0,0,0,0,0,0,0,0,0,0,0,0,0,0,0,0,0,,
KPU,KPU0661,POCO,pāmu_rā_ki_whitianga_solar_farm,SOL,PV,2026-03-29,0,0,0,0,0,0,0,0,0,0,0,0,0,0,0,0,0,0,0,0,0,0,0,0,0,186,244,715,155,101,92,0,0,0,0,0,0,0,0,0,0,0,0,0,0,0,0,0,,
KPU,KPU0661,POCO,pāmu_rā_ki_whitianga_solar_farm,SOL,PV,2026-03-30,0,0,0,0,0,0,0,0,0,0,0,0,0,0,0,0,0,0,0,0,0,0,0,0,0,0,0,0,0,0,0,0,0,0,0,0,0,0,0,0,0,0,0,0,0,0,0,0,,
KPU,KPU0661,POCO,pāmu_rā_ki_whitianga_solar_farm,SOL,PV,2026-03-31,0,0,0,0,0,0,0,0,0,0,0,0,0,0,0,0,0,0,0,0,0,0,0,0,0,0,0,0,0,0,0,0,0,0,0,0,0,0,0,0,0,0,0,0,0,0,0,0,,
LTN,LTN0331,POCO,twf_12,Wind,Wind,2026-03-01,0,0,0,0,0,0,0,0,4,44,47,307,742,1523,3596,5681,6054,7767,9943,12244,12012,13554,15320,15997,16028,16095,16070,16011,15962,15869,15582,15525,15514,15413,15142,15550,15471,14389,12492,8825,6021,2328,1399,1447,5519,10111,12056,13055,,
LTN,LTN0331,POCO,twf_12,Wind,Wind,2026-03-02,13637,13554,14600,11262,7674,4764,5788,5795,2530,215,253,0,0,0,0,0,50,1763,2358,3597,4221,4874,5118,6002,5794,5803,6770,7930,6111,4736,6157,4455,3119,2474,6368,4808,1217,2466,5701,5935,2037,1874,647,1809,2332,1169,1751,1777,,
LTN,LTN0331,POCO,twf_12,Wind,Wind,2026-03-03,1273,1730,968,180,781,1569,170,228,1066,467,262,151,201,671,282,259,30,7,30,877,909,288,2792,3269,2371,4187,1652,1617,3104,3411,3389,1676,4514,5354,4005,4858,6955,6506,6581,737,38,181,885,2196,2876,1952,1882,1355,,
LTN,LTN0331,POCO,twf_12,Wind,Wind,2026-03-04,717,181,283,115,51,5,57,66,170,10,211,39,0,0,0,0,59,0,0,0,0,8,0,0,0,0,0,0,0,0,0,0,0,0,0,0,0,0,28,246,86,99,51,28,9,0,0,22,,
LTN,LTN0331,POCO,twf_12,Wind,Wind,2026-03-05,103,416,953,1381,1514,1028,409,347,316,50,175,343,406,495,962,1687,2433,3119,2661,3365,3558,4573,6574,8188,7605,6697,7629,8755,10193,8845,8702,8873,8616,9264,9112,9384,9066,8488,6912,6657,6854,7529,7815,8696,9825,11036,12135,12665,,
LTN,LTN0331,POCO,twf_12,Wind,Wind,2026-03-06,12382,11754,11940,11835,12403,12706,13440,13473,14842,15363,15152,15028,15535,15629,15576,15496,14990,15411,15502,15652,15684,15674,15673,15648,15572,15471,15254,15564,15333,15537,15440,15452,15608,15609,15606,15460,15420,15604,15619,15597,15565,15612,15647,15632,15422,15210,15234,15428,,
LTN,LTN0331,POCO,twf_12,Wind,Wind,2026-03-07,15603,15574,15486,15838,15799,15766,15619,15254,15246,14958,14912,14558,13931,12741,11184,10145,9048,8135,7205,6608,5990,6026,5902,6293,5879,6821,5788,5360,5263,3772,2777,2581,2556,2374,978,871,1217,1262,1666,817,193,268,795,1327,2312,4291,5648,6995,,
LTN,LTN0331,POCO,twf_12,Wind,Wind,2026-03-08,9870,12151,11620,11037,11775,12233,13411,13605,12687,11990,11882,11820,11260,9880,8006,8023,8079,7924,6368,7027,8429,8402,8545,9533,9867,10697,9118,10832,13354,14961,15446,14838,15364,15377,15184,15189,15188,15402,15346,14659,14595,13515,10718,10175,12522,13722,14229,14727,,
LTN,LTN0331,POCO,twf_12,Wind,Wind,2026-03-09,14761,14381,13904,13509,14010,12865,12111,10853,10720,9173,7844,8241,7361,5065,4054,4173,4507,3239,4383,6177,6446,5543,4888,4609,3377,2542,2011,3756,3754,2150,112,2218,3955,6128,6410,8296,9815,11028,12345,10200,10601,11814,13093,13410,13411,12831,12667,11380,,
LTN,LTN0331,POCO,twf_12,Wind,Wind,2026-03-10,10496,11202,11012,10777,10724,11465,10831,11015,10702,10194,10070,9516,9269,8747,7918,8526,9067,9525,8838,8683,8229,8485,8953,8274,8484,7571,7395,7587,8316,9327,8737,8491,8841,8044,7889,8374,9004,8713,9024,9074,8684,8459,8480,8569,7285,7903,7719,6710,,
LTN,LTN0331,POCO,twf_12,Wind,Wind,2026-03-11,6332,6239,6042,6110,5303,5093,5044,4162,4275,3822,3469,3087,3255,3377,3239,3844,3383,3572,3159,2652,2140,1960,2186,3502,3740,4268,4616,4938,4949,5002,5313,5306,6528,6375,5419,5948,7558,8416,7969,7296,7249,5966,4641,4331,4038,4257,4794,4774,,
LTN,LTN0331,POCO,twf_12,Wind,Wind,2026-03-12,4543,3405,2720,3146,3746,4592,4549,4806,3896,3311,1942,2310,2219,2561,3573,3380,3068,2811,1437,340,0,0,0,0,0,0,0,0,5,0,9,4,181,1094,2086,3033,4221,4292,3611,2451,946,101,8,0,180,36,5,0,,
LTN,LTN0331,POCO,twf_12,Wind,Wind,2026-03-13,37,2,9,0,0,53,66,40,46,68,1,45,26,87,21,0,0,11,0,5,84,24,0,0,0,0,129,11,0,1,729,106,430,604,2528,4315,4315,3385,4399,5210,3572,3078,3224,2880,3923,3119,1451,2204,,
LTN,LTN0331,POCO,twf_12,Wind,Wind,2026-03-14,3848,5362,6552,7980,8298,7106,6732,8762,11106,7951,7621,8079,8521,10823,7823,4598,712,524,2795,3520,3942,5639,5574,5823,6746,7217,7009,5251,4773,4381,3952,2493,1979,1289,553,293,654,341,511,444,488,761,1923,2980,1454,583,402,563,,
LTN,LTN0331,POCO,twf_12,Wind,Wind,2026-03-15,266,53,0,0,0,0,16,74,115,409,459,450,408,259,405,636,688,589,470,567,308,504,568,450,379,136,29,60,15,0,0,0,0,0,0,0,0,0,0,112,1099,3391,4141,4493,4406,3166,1675,431,,
LTN,LTN0331,POCO,twf_12,Wind,Wind,2026-03-16,173,0,0,0,0,0,265,615,841,809,540,360,743,1578,2092,3949,5515,4873,5401,5109,7405,11116,12864,13132,13783,13071,12256,9801,8746,8406,8681,8604,8233,8005,8812,8194,6709,6838,6582,4581,4220,4310,2873,2837,2807,2764,3460,3538,,
LTN,LTN0331,POCO,twf_12,Wind,Wind,2026-03-17,3279,2938,2326,4087,4153,5171,5289,4945,5273,8710,8873,7771,6925,5404,3493,3527,3137,1916,1069,712,448,434,85,0,0,0,0,0,0,0,0,0,0,0,1,3,26,721,1597,1834,1584,1171,441,31,0,911,728,150,,
LTN,LTN0331,POCO,twf_12,Wind,Wind,2026-03-18,808,1673,1559,1240,1417,1375,2042,2733,3101,3927,4650,5105,4448,2929,3536,4696,6607,8494,7066,9226,10135,9606,9299,9109,9763,11432,11580,11133,11419,12370,11511,11430,10942,10565,10274,9652,7605,6541,4617,6195,6676,5191,3272,2096,697,145,5,0,,
LTN,LTN0331,POCO,twf_12,Wind,Wind,2026-03-19,0,296,2635,3391,4199,5726,7440,8864,9305,11566,11910,12599,12900,13448,13484,13304,12244,11802,13054,12970,12790,13521,13940,13847,13837,13467,13955,12937,13185,12319,12008,11246,10530,10111,11198,10443,10431,11072,10414,9426,8813,7826,6487,6525,6791,6483,4599,4327,,
LTN,LTN0331,POCO,twf_12,Wind,Wind,2026-03-20,4154,2983,3468,2613,2985,3945,3954,3004,3874,4063,3670,3664,3960,3363,3039,2399,2046,1488,1850,2526,2419,2904,2720,1942,1862,808,973,1199,1534,1031,1346,1557,1795,2015,2799,3577,2402,3373,6137,7855,6785,7105,8256,9126,9537,7292,6070,5184,,
LTN,LTN0331,POCO,twf_12,Wind,Wind,2026-03-21,4089,4014,3765,3582,3082,1978,1776,1964,1805,1955,2050,2176,1727,2414,4780,4417,4059,3183,1659,636,134,302,398,441,803,630,517,629,219,64,0,0,0,0,0,0,0,0,77,54,236,804,2443,2289,2290,2195,2074,1497,,
LTN,LTN0331,POCO,twf_12,Wind,Wind,2026-03-22,1076,752,495,280,124,12,0,0,0,0,0,0,0,0,0,0,0,0,0,0,0,0,0,0,0,0,0,0,0,0,0,0,0,0,0,0,0,0,0,195,1163,2131,3914,4105,4311,4612,4815,4575,,
LTN,LTN0331,POCO,twf_12,Wind,Wind,2026-03-23,4465,3988,3438,3224,3453,3699,3576,3396,3468,3467,2932,2178,1803,2061,2311,2608,2936,3743,4364,5829,6589,6440,5831,5843,6195,5195,4452,4303,5202,5261,5162,4759,4857,5198,5160,4960,6143,6656,6536,6027,7024,7125,6728,5516,4306,3526,3410,3230,,
LTN,LTN0331,POCO,twf_12,Wind,Wind,2026-03-24,2623,2167,1486,831,236,6,0,15,193,470,110,897,701,909,1361,983,829,194,249,296,227,426,1379,1193,1723,1110,514,1035,1476,1048,793,931,781,559,278,35,0,1,439,467,316,36,0,0,0,0,0,0,,
LTN,LTN0331,POCO,twf_12,Wind,Wind,2026-03-25,0,0,0,0,0,0,0,0,0,0,0,0,0,0,0,0,0,0,0,0,0,0,0,0,1,109,8,302,1047,1327,2253,3510,4269,2996,3406,6428,7425,8393,9586,8713,9259,8948,8335,7588,8725,7964,6155,6763,,
LTN,LTN0331,POCO,twf_12,Wind,Wind,2026-03-26,6997,7903,9387,9028,8189,8716,10292,10611,8816,8778,12310,13494,12328,12185,12513,13196,15053,15246,15059,14655,13852,12213,8471,11144,13149,13284,14085,14004,14545,13089,12338,12935,14192,14553,15008,14807,14882,14823,15229,15136,14883,14738,14001,14594,13566,13438,14144,11262,,
LTN,LTN0331,POCO,twf_12,Wind,Wind,2026-03-27,10473,11269,11295,11408,10302,11351,10815,10368,11015,11021,10188,8958,9371,9499,8807,8259,8191,7410,7030,6893,6622,6845,6992,6245,3953,3458,1784,844,558,315,7,35,51,4,21,52,4,197,2098,1142,1153,341,0,0,0,148,1443,1755,,
LTN,LTN0331,POCO,twf_12,Wind,Wind,2026-03-28,275,407,457,1040,4092,3368,2777,2732,3950,4761,7766,8980,9768,9103,7349,7090,7001,5909,1110,0,0,0,0,0,0,0,0,0,0,0,6733,13302,15313,15236,14500,13070,12302,8576,6102,8873,9149,9127,8116,7113,8160,8013,7021,6222,,
LTN,LTN0331,POCO,twf_12,Wind,Wind,2026-03-29,6205,6390,4932,4359,3124,3532,3053,3565,4067,3431,3483,2992,4577,5359,4327,3916,2621,2410,3028,2827,1650,1133,689,443,998,1038,2868,4926,6155,5673,5227,6405,5007,5829,4744,2758,1467,1609,1895,2389,2389,3459,3709,6140,7678,6107,7443,7978,,
LTN,LTN0331,POCO,twf_12,Wind,Wind,2026-03-30,6186,3297,2881,1858,1471,1197,1292,991,2506,3272,3445,2243,2747,2779,3625,6325,6146,5259,4198,2209,2774,3675,4419,5495,4885,6345,8310,9869,10643,11096,8691,6643,9663,11430,12419,11636,12070,9078,9649,10382,11866,13941,15039,14251,13936,15288,14242,13825,,
LTN,LTN0331,POCO,twf_12,Wind,Wind,2026-03-31,14472,15490,15434,15561,15582,15541,15650,15668,15687,15669,15630,15616,15476,15621,14614,13000,13089,12356,9660,6102,2009,202,0,115,6,3040,5774,4951,7832,9664,9608,11421,10408,10897,10012,10847,10864,10159,10422,9983,9731,8935,9465,8277,6826,6345,5769,5834,,
LTN,LTN2201,MRPL,turitea,Wind,Wind,2026-03-01,0,0,0,0,187,20,228,2258,2586,3234,5281,7161,10064,12950,15526,27496,40211,50911,53488,63999,75291,78631,81649,85970,90093,93471,95854,96047,93682,95843,97973,97747,92705,89348,88956,84023,75738,70316,62492,45594,38836,35189,24893,13767,73720,73358,74421,77865,,
LTN,LTN2201,MRPL,turitea,Wind,Wind,2026-03-02,80890,84123,87333,60097,48369,51362,40490,39683,34327,10434,1847,21,67,1542,6577,11944,26355,26302,19077,31911,45180,42231,46439,29745,41008,50172,53254,67749,70742,67308,71069,75332,68387,59552,56895,47352,45002,53696,27423,54285,34044,28805,38433,36539,22331,13646,21156,30486,,
LTN,LTN2201,MRPL,turitea,Wind,Wind,2026-03-03,25425,25504,19287,23930,29389,14028,16742,19271,29019,28684,25053,22290,23976,21831,9770,9766,9256,3851,3885,22929,21935,19949,34297,28065,23582,46646,31273,21933,29154,16181,15700,30562,34457,43040,37515,46182,29628,32268,11910,7914,10473,8426,21445,27908,27701,16179,13821,6733,,
LTN,LTN2201,MRPL,turitea,Wind,Wind,2026-03-04,5073,6823,4927,989,696,5036,6071,13557,9460,5771,5464,2217,698,1,1253,241,742,60,0,0,162,1454,52,6,246,61,0,0,0,0,0,0,0,0,0,0,0,3,594,2675,966,1480,416,754,818,1329,1608,2312,,
LTN,LTN2201,MRPL,turitea,Wind,Wind,2026-03-05,2737,5248,7913,10917,12996,12154,9698,11897,9900,6653,5912,5697,7277,12711,20503,20208,18557,22412,20377,23681,26477,25910,26131,30838,33767,39962,42455,54313,58789,61096,62247,63101,65620,63152,62687,64499,58940,57872,60336,60269,61219,60420,61850,64224,62979,65349,67059,66687,,
LTN,LTN2201,MRPL,turitea,Wind,Wind,2026-03-06,69960,72791,68801,63896,66990,71093,74766,78516,82657,86739,76896,83087,86855,90767,94280,96564,97364,95134,87749,90321,91833,94556,96809,97762,98627,97382,101052,102923,103565,103199,99210,98868,98336,97388,95557,94863,96277,94032,92535,92975,92316,93262,93765,93013,92692,94429,94784,93622,,
LTN,LTN2201,MRPL,turitea,Wind,Wind,2026-03-07,90315,91825,91669,91471,91655,89477,90355,90430,90627,85299,82452,77476,71561,66508,57193,49640,46304,40974,37652,33642,28161,32242,31368,32141,29890,32704,30372,29292,28473,24402,21738,20043,14399,12180,9816,14947,20151,18382,16182,14829,14797,15621,17362,25605,40987,55066,64395,65538,,
LTN,LTN2201,MRPL,turitea,Wind,Wind,2026-03-08,69429,73225,76066,78145,78939,81260,82815,84651,84104,78509,74137,77257,77778,71511,62623,55218,51352,51513,49330,56214,53682,59730,63822,66478,69633,73232,77297,80905,82850,85287,88725,92461,86875,92439,95871,96547,98151,98564,94505,93129,91074,84593,82049,79618,78482,80804,84381,87090,,
LTN,LTN2201,MRPL,turitea,Wind,Wind,2026-03-09,83852,83085,79012,77780,81422,79000,68859,67649,63953,52902,50891,51082,42608,33813,28027,23597,19995,15785,19819,23671,26311,26709,29832,27770,22333,20578,27027,26892,11945,1402,7411,16891,16263,34555,65277,68234,72566,77660,81681,85696,87637,86329,88017,86114,81349,84108,88443,88849,,
LTN,LTN2201,MRPL,turitea,Wind,Wind,2026-03-10,85546,82801,79384,77920,75949,75585,74727,75366,77457,76521,71391,76661,74995,75901,75958,78763,81558,84392,75386,71575,72773,76135,76801,73707,71287,65196,63759,65296,61904,64228,63878,61528,56547,61370,62104,58081,59518,56686,53858,55051,55332,54201,52419,51952,49147,50834,53641,50116,,
LTN,LTN2201,MRPL,turitea,Wind,Wind,2026-03-11,52237,50243,52103,53059,49736,43588,42278,41435,43164,41199,39395,33203,32961,35219,30652,30426,29346,28143,28054,28061,24606,25838,26373,28070,27579,28142,28848,29621,33312,32046,27684,28068,29551,31277,27614,30775,38271,40263,45862,51245,54921,57868,55462,53684,50361,47057,45359,46770,,
LTN,LTN2201,MRPL,turitea,Wind,Wind,2026-03-12,48499,44971,37349,30324,36215,38050,41661,38891,34455,30930,32410,27412,23484,21818,24997,28202,23571,27355,24042,15704,1555,1176,1282,2734,4560,3580,2606,1090,50,61,201,1317,2518,6360,11063,16184,24619,31679,30921,28036,15402,6632,159,163,3578,5993,4038,2440,,
LTN,LTN2201,MRPL,turitea,Wind,Wind,2026-03-13,2923,1916,1905,960,623,778,1353,1140,694,231,85,1727,2374,4124,3601,3012,3812,2338,771,135,1729,2945,1736,1155,4024,8753,12989,13510,6158,5536,6878,9918,16553,24834,28534,34796,33203,39792,47019,50596,47784,45848,42144,38938,44090,29786,23935,28211,,
LTN,LTN2201,MRPL,turitea,Wind,Wind,2026-03-14,27533,34994,37475,44808,40529,37941,31131,45606,48820,52120,49676,46149,49496,36269,19234,6860,542,9786,27742,33551,42329,46716,60367,63976,67084,61800,58917,53177,39688,34845,28685,21677,14409,9959,8900,8807,6350,6718,5413,6782,5612,7242,9912,11600,11206,3076,1842,1998,,
LTN,LTN2201,MRPL,turitea,Wind,Wind,2026-03-15,1537,501,0,0,0,184,2408,2812,4295,7010,7093,7346,7243,9275,10870,10299,8816,8246,6595,5696,6433,7761,8628,7104,6036,4606,2449,1956,1113,20,167,127,500,170,0,0,0,0,0,24,4097,13054,20174,28348,24527,22495,17830,12889,,
LTN,LTN2201,MRPL,turitea,Wind,Wind,2026-03-16,10265,3355,896,0,0,990,4876,9664,9226,8450,7621,6827,9718,14433,16179,28160,29560,29036,43298,51193,63682,70940,74626,78426,81476,85132,82774,74812,72472,67129,67130,63693,67060,67239,61940,55326,49562,46555,41417,34319,36043,34715,27123,25353,26653,36860,47988,36749,,
LTN,LTN2201,MRPL,turitea,Wind,Wind,2026-03-17,29135,26130,26399,34414,39276,46561,42689,36542,22951,27125,1052,0,0,0,0,0,0,0,0,0,0,0,0,0,0,0,0,0,0,0,0,0,0,0,0,0,0,0,0,0,0,0,0,0,0,0,0,0,,
LTN,LTN2201,MRPL,turitea,Wind,Wind,2026-03-18,0,0,0,0,0,0,0,0,0,0,0,0,0,0,0,0,0,0,0,0,0,0,0,0,0,0,0,0,0,0,0,0,0,0,0,0,0,0,0,0,0,0,0,0,0,0,0,0,,
LTN,LTN2201,MRPL,turitea,Wind,Wind,2026-03-19,0,0,0,0,0,0,0,0,0,0,0,0,0,0,0,0,0,0,0,0,0,0,0,0,0,0,0,0,0,0,0,0,0,0,0,0,0,0,1961,2518,3740,7013,10928,12923,20178,31860,31912,28281,,
LTN,LTN2201,MRPL,turitea,Wind,Wind,2026-03-20,29304,26859,28592,32994,32502,37713,37417,38919,39943,43166,42825,39503,32931,30147,23405,17548,13518,17031,19486,26635,41256,44237,29746,29762,33584,24206,33331,23931,22749,26268,35028,30539,37202,43249,46003,49862,38173,54652,55762,58943,56746,67113,69787,78323,77458,61611,59696,54697,,
LTN,LTN2201,MRPL,turitea,Wind,Wind,2026-03-21,58055,55329,7393,27123,33590,29435,26113,19566,18252,21273,19452,19964,21437,31043,40021,40836,31752,19750,16868,12239,7849,4914,8709,9471,8232,9715,8493,6720,3186,480,115,70,0,0,0,277,1992,4946,5850,6462,7623,6766,10635,12921,13671,11193,6803,6587,,
LTN,LTN2201,MRPL,turitea,Wind,Wind,2026-03-22,4997,1975,785,322,7,0,0,0,0,0,0,0,0,0,0,0,0,0,0,0,0,0,0,0,0,0,0,0,0,0,5,0,12,18,17,0,0,0,0,4539,10716,17508,18662,24799,36435,31105,27846,27592,,
LTN,LTN2201,MRPL,turitea,Wind,Wind,2026-03-23,27250,28803,28350,31624,35740,33459,33481,32160,29976,25429,18121,12938,10718,10085,9240,11466,12184,10777,11049,18122,26302,33618,35030,30917,27202,25004,24237,23353,21907,20683,23106,27011,26822,29147,27643,28430,27954,30928,39186,49542,61396,66954,64773,60080,50941,37864,30184,26337,,
LTN,LTN2201,MRPL,turitea,Wind,Wind,2026-03-24,21776,17840,13659,7558,4706,1394,12,1461,3155,5785,4991,7717,7659,8189,9674,9174,11968,7256,8266,9086,8657,10087,10055,12431,15053,18468,16348,15886,13760,11491,17742,18408,12559,11863,11609,7036,2097,889,2572,4259,4433,3690,655,0,0,0,0,0,,
LTN,LTN2201,MRPL,turitea,Wind,Wind,2026-03-25,194,1816,1737,1727,2651,2084,0,0,0,0,707,292,2,0,173,827,198,0,0,0,0,0,0,0,0,955,4141,6111,8324,10444,9987,11085,16374,19030,20967,29872,39717,50366,49570,52776,55181,64199,61079,63409,58590,56820,61524,56806,,
LTN,LTN2201,MRPL,turitea,Wind,Wind,2026-03-26,39840,37112,45435,49472,54673,60652,64800,72527,63396,73484,73984,78575,86454,90000,87254,82464,87114,88917,89159,91214,90494,90987,79716,67735,72541,76391,83524,82274,81330,79272,75442,70768,78120,84293,89434,90323,95938,94477,93662,93138,93772,89619,89538,87648,85987,90057,91419,86341,,
LTN,LTN2201,MRPL,turitea,Wind,Wind,2026-03-27,80338,84188,85737,80665,80164,84491,83457,82005,82000,81572,83170,83444,84650,80822,74536,76257,72430,67275,70960,73405,76075,67827,64618,55002,40002,31539,23765,16138,13784,6657,2062,0,220,246,69,3304,17754,15201,17687,20881,20691,23704,17168,13551,9679,9453,19024,25590,,
LTN,LTN2201,MRPL,turitea,Wind,Wind,2026-03-28,17070,24566,28594,44393,55471,44419,33197,29869,32865,31942,46234,63029,71390,65984,61612,58904,53610,41372,32655,29258,35954,54401,65081,77675,78101,81022,82962,82197,79248,82028,84676,92236,92259,93599,86266,78927,74421,61832,46754,51867,48724,52623,46189,40295,43607,45080,43370,42161,,
LTN,LTN2201,MRPL,turitea,Wind,Wind,2026-03-29,40335,34111,29087,22696,20328,23596,27313,29503,31489,29491,30217,30243,35665,38313,32614,27026,20506,15355,13140,10578,6979,7629,7288,7574,11038,11331,19438,32919,35789,39144,42908,44626,40336,41876,41052,24366,17313,17057,21377,25670,32696,26987,43252,57910,57723,49462,47172,69962,,
LTN,LTN2201,MRPL,turitea,Wind,Wind,2026-03-30,57901,44902,36998,18076,21016,19541,14903,22392,33070,38545,33745,36699,36203,34038,40059,43188,25203,19393,14682,12646,16123,30432,39431,44659,34078,46250,59828,61866,64192,59666,50687,58187,68189,71057,76184,73243,73305,68487,66105,60827,74006,83884,87212,85406,79777,81389,88032,87972,,
LTN,LTN2201,MRPL,turitea,Wind,Wind,2026-03-31,93622,96956,98350,95278,90596,84706,85734,89646,93320,96360,89265,89323,82018,70136,54530,38335,52092,50518,30429,11627,1620,20,3613,3881,25027,55010,46815,71633,81315,77855,80901,81260,80352,82549,80405,83048,85015,77171,77177,73033,67760,69484,69098,68742,62014,55359,50394,52206,,
MAN,MAN2201,MERI,manapouri,Hydro,Hydro,2026-03-01,165378,165544,164185,165206,165349,165496,165327,165402,165021,165814,165500,163979,164943,161015,164860,164935,164181,164334,163841,165539,165604,165448,164876,164818,165117,165147,164572,164948,160418,164685,165136,164842,165241,164378,165377,164585,164361,163938,164760,164883,164949,164368,165338,164775,163257,168547,166624,165019,,
MAN,MAN2201,MERI,manapouri,Hydro,Hydro,2026-03-02,164292,163958,163919,163092,164570,164524,164825,164951,165555,164825,164422,205899,252212,287487,293925,297948,292392,298208,298892,300327,298996,299026,297576,297247,252220,251178,251981,251971,254684,252221,252794,250690,252152,294366,298201,295411,299318,296758,298812,297159,298140,296814,298381,298920,251626,250788,207002,206313,,
MAN,MAN2201,MERI,manapouri,Hydro,Hydro,2026-03-03,166796,164681,165369,164598,164465,165781,164753,164358,164658,165354,165071,204676,229845,296614,296574,295144,293539,294923,297145,297570,296945,297930,294855,300628,254292,252494,231822,250552,253240,250811,254155,249566,252633,293605,300026,296509,298115,297985,298371,296702,297134,297657,295762,296589,253966,251870,208673,207041,,
MAN,MAN2201,MERI,manapouri,Hydro,Hydro,2026-03-04,167629,165039,165180,164827,165425,165071,165150,165126,165212,164917,165220,203540,249905,295630,296937,298172,295743,297686,298163,298759,297307,296252,297812,298748,252416,250289,251624,252135,251259,251841,251658,251587,251164,295373,298044,297752,297424,297594,297312,296627,297225,297101,298550,297062,253412,252044,215895,206131,,
MAN,MAN2201,MERI,manapouri,Hydro,Hydro,2026-03-05,166527,165417,165560,165571,165386,165680,164895,165479,165579,165173,165409,203768,249374,295346,296586,297451,296251,295196,297979,299612,297314,297472,297600,297607,255652,252318,250899,252733,251868,252520,246427,252580,253153,252657,247365,254421,250561,250267,251555,250228,207598,206374,206900,206029,166059,165992,165646,165197,,
MAN,MAN2201,MERI,manapouri,Hydro,Hydro,2026-03-06,165413,164959,165336,165195,165007,165297,165073,165192,165273,165175,165051,204013,248301,290214,299292,293986,298731,299590,299401,298246,296965,297589,296242,299840,296935,345150,347031,347484,347611,347299,348603,347690,300508,281575,297382,297918,296839,297873,253533,251308,252546,251412,251198,251033,208848,206504,206550,206656,,
MAN,MAN2201,MERI,manapouri,Hydro,Hydro,2026-03-07,166318,164901,164991,164840,164636,164593,164453,164030,164722,165054,165214,164718,164718,202864,205968,246612,250850,296289,297221,297879,297025,298175,297407,297658,297640,297125,275764,297710,298123,297686,297093,297254,297589,297758,298095,298034,297071,254364,250662,250600,207966,204503,168191,164639,164290,164710,165496,164821,,
MAN,MAN2201,MERI,manapouri,Hydro,Hydro,2026-03-08,164258,164824,164725,165035,164570,164414,164437,164793,164987,164623,164497,203375,205027,249495,250663,250635,251261,292902,298374,296771,297093,297773,297652,297811,297257,296141,298695,298153,299044,295979,297837,298123,297259,225805,249454,251350,249074,250156,208273,204850,204932,168598,165185,164756,164684,164145,165059,165147,,
MAN,MAN2201,MERI,manapouri,Hydro,Hydro,2026-03-09,165439,164547,165194,165636,164707,165418,164934,165325,165163,164890,202789,205981,206407,232139,295258,340098,344026,345138,344676,344614,344578,343995,344435,344596,329883,329123,329080,329465,331306,330131,328845,328947,328580,329630,330300,328675,329555,329808,255844,251637,251986,229975,209085,205875,207035,205818,167243,165179,,
MAN,MAN2201,MERI,manapouri,Hydro,Hydro,2026-03-10,165065,165029,164847,164896,165065,165087,164940,165004,165171,164744,204499,205962,208572,246705,296459,327984,328623,329265,326620,328810,331297,329909,330859,329051,329351,330199,303122,310109,310375,309186,310152,310244,328125,331579,326346,328817,361618,363670,362962,363529,363450,331193,330943,297809,297709,296895,297626,296434,,
MAN,MAN2201,MERI,manapouri,Hydro,Hydro,2026-03-11,296878,297523,297739,297032,297717,297070,297564,297470,296733,297396,298430,328303,316806,308426,310372,308769,309368,310048,309010,310568,310271,309451,309765,309023,307760,310209,310430,370211,372501,371411,371975,371642,371208,372797,371818,370697,371223,371356,330540,329605,298684,297211,298378,296451,256129,251469,208413,206645,,
MAN,MAN2201,MERI,manapouri,Hydro,Hydro,2026-03-12,206464,204929,166805,164136,164036,164098,164914,165471,165065,164967,201522,204358,247959,296503,347170,349818,350415,350175,349476,299459,295860,296547,298080,301226,292327,294887,271741,297862,297056,295892,297070,297210,296583,298070,295373,296597,296100,297229,296990,297098,253179,250160,207076,204728,204256,204411,169905,164895,,
MAN,MAN2201,MERI,manapouri,Hydro,Hydro,2026-03-13,164095,164819,164651,164749,164580,164549,164924,165371,165060,164470,165043,202011,205236,203518,248990,294397,328067,329283,329381,329188,329322,330248,329993,329597,329447,328853,330505,329781,297806,296963,296723,296624,296325,295997,295938,296941,296894,296048,296711,251308,250074,249456,206221,204191,204631,166945,166576,165674,,
MAN,MAN2201,MERI,manapouri,Hydro,Hydro,2026-03-14,164587,164593,164523,164793,165149,164093,164600,164621,165569,164791,164395,164809,164469,164482,165429,163845,204454,204374,204325,205789,205567,206110,204389,206175,204528,205359,205854,205637,205483,204855,200838,205213,204717,206167,206144,204619,205149,205176,204797,205943,165581,164672,164783,164722,164520,164548,164751,164831,,
MAN,MAN2201,MERI,manapouri,Hydro,Hydro,2026-03-15,165004,164523,164631,164521,164736,164669,164451,164790,164684,164732,164968,164817,164964,164525,164315,164771,164521,164863,198296,200099,199570,199806,199771,199923,199356,170550,168909,164702,164487,165271,164786,164337,164533,164818,196492,199912,199323,199494,199770,199827,199457,166719,164978,164589,164675,164542,165205,164431,,
MAN,MAN2201,MERI,manapouri,Hydro,Hydro,2026-03-16,164455,164698,164695,164809,164860,164233,164833,164678,165057,164786,164627,203910,204401,248828,306035,308043,309265,309775,329471,329743,329922,329913,329556,329211,330189,330474,297426,295807,296725,296088,273136,295962,297519,299628,297862,295889,294044,293546,295096,297256,295790,252905,250341,207238,166815,164163,164821,164874,,
MAN,MAN2201,MERI,manapouri,Hydro,Hydro,2026-03-17,113138,109684,109762,109655,109772,109738,109703,109915,109717,109535,161623,164845,202198,248344,292953,365603,371140,372024,373309,371501,370641,371510,372113,371526,371377,371717,371555,371864,372084,371465,372288,373718,370976,370731,371761,372600,370307,371119,372257,299436,296441,296343,251619,249805,205877,204642,165131,164286,,
MAN,MAN2201,MERI,manapouri,Hydro,Hydro,2026-03-18,164241,113574,109506,109424,109628,109523,109515,109547,109479,109310,162779,164357,203447,205400,247590,293337,296750,297347,296516,297028,295107,297624,297299,296098,296004,295740,291220,296870,296398,297079,296913,296196,297310,296301,295880,296641,254385,250302,216238,217799,213648,204521,205258,165545,164068,164464,164688,164481,,
MAN,MAN2201,MERI,manapouri,Hydro,Hydro,2026-03-19,164748,164608,164709,164373,164623,164365,164573,164853,165166,164507,164278,202710,205096,204887,247011,290771,295175,296037,297115,296063,296967,296796,296879,296253,296052,296538,297152,296756,296189,253880,251569,248044,249409,250794,250731,250790,249076,249785,250056,250221,250252,210427,206015,204835,166416,164455,164670,164522,,
MAN,MAN2201,MERI,manapouri,Hydro,Hydro,2026-03-20,165868,165114,164484,164315,164473,164105,164710,164615,164651,164726,164311,201086,205358,204287,247653,291859,296703,296114,296030,296117,298089,299459,294783,292481,295583,301851,296296,294179,297499,296968,297467,293952,294510,296316,298815,298218,296969,295355,296220,249396,247379,208962,205539,205141,168122,165188,165458,165447,,
MAN,MAN2201,MERI,manapouri,Hydro,Hydro,2026-03-21,109451,111492,110781,109717,111806,111491,109514,110591,110809,111082,110927,110787,110906,159930,202357,247788,250547,295741,297180,297008,297425,297408,297567,273941,345955,349282,325862,350186,350001,350324,349806,349043,349822,350184,349059,349911,310355,252178,206870,167413,164872,116272,110940,110739,110827,110576,111160,110489,,
MAN,MAN2201,MERI,manapouri,Hydro,Hydro,2026-03-22,111225,110481,111008,110740,110780,110709,111073,110788,110898,111067,110891,162900,165131,165503,164788,165013,164833,202887,205441,205183,205475,205739,206841,203823,205961,205125,204792,205472,205567,205337,204820,205274,204981,205806,205112,205095,205203,205200,205146,166559,165184,165083,165572,165084,165304,113570,110774,110975,,
MAN,MAN2201,MERI,manapouri,Hydro,Hydro,2026-03-23,110755,110857,110983,110702,110860,110783,110704,110906,111167,162617,163674,203305,249106,250882,292882,296993,296433,297828,296793,272007,295613,297113,300401,295138,296380,298261,296441,295209,300783,296978,277698,298776,293593,295788,298181,297566,297168,297001,297153,297603,297179,252925,252520,206785,166591,164365,113940,110670,,
MAN,MAN2201,MERI,manapouri,Hydro,Hydro,2026-03-24,110645,110567,110804,110722,110649,110644,110522,110645,111105,163332,164407,203443,249735,250447,296154,296693,294371,293247,300373,299879,300266,296103,296235,297471,298032,292876,295985,297953,297392,299402,295731,296583,296945,294518,294876,296796,298413,298718,297458,297783,297693,252000,251020,206372,165605,164190,112977,109634,,
MAN,MAN2201,MERI,manapouri,Hydro,Hydro,2026-03-25,110164,110440,109920,109884,109907,109949,110168,109911,110084,161926,164526,202468,244645,249086,245531,246444,246333,292659,297383,296898,297940,298173,297659,297541,298152,297313,244760,231756,239663,301092,292157,294026,285267,295142,297433,297396,297091,297630,297726,297514,297754,252576,252259,206718,166022,164237,114272,110415,,
MAN,MAN2201,MERI,manapouri,Hydro,Hydro,2026-03-26,110570,110009,110525,110769,110172,110368,110645,110304,110610,161401,164657,203851,249532,251004,250587,249840,251141,250599,250954,250202,251197,251570,251818,250152,250769,251437,240700,249233,213287,250156,252946,249547,250345,290890,296579,297121,298219,297982,297064,298282,296508,250947,250756,207696,166414,163544,113217,110808,,
MAN,MAN2201,MERI,manapouri,Hydro,Hydro,2026-03-27,111266,110404,110476,110477,110154,110487,110639,110296,110831,162230,163701,203380,249059,251508,248245,250077,250457,249926,251070,251733,249475,250820,250399,250782,250754,250746,241202,250503,250925,251742,251499,249751,250013,250774,250157,250229,251601,250541,250814,206907,204447,205477,206280,204842,165905,163399,113541,110488,,
MAN,MAN2201,MERI,manapouri,Hydro,Hydro,2026-03-28,111032,110603,110636,110557,110759,110591,110719,110820,110077,110478,110487,160147,164916,164924,202728,246492,296596,295210,297102,297576,297511,297501,297590,299027,297096,298286,297779,253603,250829,252111,250018,250795,251849,250335,207740,206070,204377,204553,204895,204795,166626,164615,164815,164022,114631,110407,110885,110683,,
MAN,MAN2201,MERI,manapouri,Hydro,Hydro,2026-03-29,110070,110022,110254,109990,100436,109268,111666,111923,110192,109770,110180,110355,109978,110272,109739,110187,147252,149463,150006,149604,149465,149551,149717,149561,149826,112343,109940,110163,110194,110294,109913,110101,110042,146708,150491,148197,149460,149530,148525,148645,149702,149892,150738,112086,112307,109801,109758,110594,,
MAN,MAN2201,MERI,manapouri,Hydro,Hydro,2026-03-30,110278,110588,110468,110448,110343,110550,111282,110009,110561,110590,162671,203232,202491,249567,255496,250517,249527,251312,252364,248976,252219,251230,250245,251838,250290,248335,244914,251316,251556,251146,252161,247786,247536,254222,251327,250516,251402,250951,250514,250683,207307,204548,167408,164154,163839,116735,110528,110542,,
MAN,MAN2201,MERI,manapouri,Hydro,Hydro,2026-03-31,110278,110438,110019,110045,110045,110046,109925,110319,109868,109925,162687,203458,248790,248591,297340,292194,296592,297989,298185,294496,296259,297345,295896,252710,249993,250262,243446,250099,250115,250369,250278,250738,249985,249342,250361,249042,250797,249779,249490,249579,250215,250341,251641,206034,166771,164167,164369,164241,,
MAT,MAT1101,BOPD,aniwhenua,Hydro,Hydro,2026-03-01,8470,8401,8765,8500,8310,8478,8423,8309,8321,8411,8470,8412,8425,8848,11325,11772,11808,11747,11336,10891,8646,7952,6981,6932,7188,7362,7776,7894,7720,7893,7557,7505,7759,8283,10543,11209,11271,11688,11170,10729,8564,8360,8514,7560,8565,9520,9120,8784,,
MAT,MAT1101,BOPD,aniwhenua,Hydro,Hydro,2026-03-02,8835,8770,8635,8652,8551,8569,8491,8572,8402,8637,8754,8985,9219,9201,11435,11821,11808,11819,11807,11549,9639,8197,7800,6956,6923,7271,7471,7982,8483,8201,8414,7879,7695,8364,10568,11187,11197,11526,11663,10960,8453,8160,8316,6987,7359,8689,8774,8227,,
MAT,MAT1101,BOPD,aniwhenua,Hydro,Hydro,2026-03-03,8045,8295,8518,8031,8365,8265,8086,8022,8349,8187,8219,8291,8300,8658,11152,11674,11687,11764,11241,10439,8283,7511,6943,6932,7298,7358,7458,7799,7880,7643,7850,7283,7042,7947,10363,10862,10916,11485,11477,10560,8280,7907,7508,6938,6917,7574,8410,8269,,
MAT,MAT1101,BOPD,aniwhenua,Hydro,Hydro,2026-03-04,7714,7599,7830,7577,7552,7538,7485,7471,7288,7379,7630,7836,8010,8570,10888,11452,11515,11554,10876,10446,8317,7515,6958,6922,6920,7190,8453,6197,6150,6149,6152,6153,8708,10142,10724,11263,11588,11395,10920,10424,8229,7956,7673,6933,6913,7773,8105,7987,,
MAT,MAT1101,BOPD,aniwhenua,Hydro,Hydro,2026-03-05,7772,7593,7460,7385,7526,7510,7413,7424,7423,7596,7812,7816,7550,8470,11005,11534,11633,11596,11259,10905,8767,7780,7598,7455,7180,7189,7184,7206,7051,7030,7007,7058,7039,7050,7025,7081,7016,7042,10563,10727,9121,8194,7823,7396,8447,8669,8792,8789,,
MAT,MAT1101,BOPD,aniwhenua,Hydro,Hydro,2026-03-06,8785,8778,8776,8779,8774,8779,8784,8792,8783,8486,8495,8479,8519,8473,8514,11120,10768,7344,7166,7143,7130,7128,7130,7455,7369,7570,7812,7819,7815,7815,7821,7828,7815,7802,7809,7539,7516,7071,10565,10742,8611,8787,8123,7707,7698,7699,7712,7706,,
MAT,MAT1101,BOPD,aniwhenua,Hydro,Hydro,2026-03-07,7695,7698,7694,7693,7713,7707,7698,7714,7696,7699,7723,7709,7705,7703,7799,8090,8120,8109,8113,8113,8125,8111,8110,8114,8119,8102,8109,8114,8120,8117,8106,8115,8117,8106,8114,8104,8113,8106,8115,8113,8111,8123,8103,8110,8104,8108,8117,8108,,
MAT,MAT1101,BOPD,aniwhenua,Hydro,Hydro,2026-03-08,8102,8111,8112,8110,8096,8104,8105,8111,8105,8114,8107,8106,8106,8117,8100,8124,8119,8097,8122,8117,8118,8121,8121,8115,8120,8104,8128,8122,8120,8112,8120,8136,8114,8143,8108,8111,8110,8110,8118,8123,8110,8115,8132,8121,8106,8101,8037,7672,,
MAT,MAT1101,BOPD,aniwhenua,Hydro,Hydro,2026-03-09,7681,7661,7665,7677,7655,7677,7642,7651,7653,7647,7664,7651,7674,7689,7658,7631,7662,7663,7667,7663,7654,7668,7664,7678,7663,7663,7666,7673,7674,7663,7658,7674,7665,7675,7671,7676,7668,7659,7659,7649,7667,7559,7398,7382,7386,7367,7380,7361,,
MAT,MAT1101,BOPD,aniwhenua,Hydro,Hydro,2026-03-10,7384,7376,7370,7378,7400,7386,7373,7385,7362,7365,7380,7375,7443,7350,7378,7363,7386,7374,10690,10865,10853,10853,10858,7829,7651,7695,7669,7680,7667,7650,7663,7671,7676,7706,7643,7494,7180,6942,6920,6917,6923,6922,7139,7169,7181,7179,7179,7165,,
MAT,MAT1101,BOPD,aniwhenua,Hydro,Hydro,2026-03-11,7179,7168,7162,7176,7178,7167,7167,7166,7177,7159,7237,7160,7222,7143,7197,7165,7173,7182,7168,7411,7261,7424,7425,7424,7411,7424,7429,7430,7458,7424,7435,7426,7428,7431,7422,7425,7425,7426,7419,7438,7427,7423,7438,7425,7436,7416,7429,7420,,
MAT,MAT1101,BOPD,aniwhenua,Hydro,Hydro,2026-03-12,7435,7421,7425,7554,7652,7649,7654,7667,7672,7676,7660,7656,7671,7679,7663,10256,10362,10353,10360,7773,7662,8152,7639,7519,6956,7204,8199,5911,5740,5744,5850,5765,6072,6154,8744,10989,10921,10410,10562,10102,7844,7093,6924,6911,6924,6929,7277,8432,,
MAT,MAT1101,BOPD,aniwhenua,Hydro,Hydro,2026-03-13,6326,6143,6144,6151,6146,6147,6084,7051,7302,6989,6921,6929,6922,7414,9878,11012,10983,10354,10376,9896,7708,6929,6902,5461,5780,6065,6152,6153,6154,6154,6152,7131,7006,7046,9341,10315,10425,10797,10449,9803,7546,7016,7179,6933,6933,6921,6922,6929,,
MAT,MAT1101,BOPD,aniwhenua,Hydro,Hydro,2026-03-14,6946,6984,8168,6219,6148,6151,6143,6144,6143,6142,8677,8415,7379,8127,10662,11058,11113,10505,10673,9546,7829,6973,6911,6959,5958,6057,6153,6154,6155,6157,6147,7553,7360,7352,9661,10276,10355,10837,10173,9628,7395,6985,6932,6921,6925,6918,6931,6928,,
MAT,MAT1101,BOPD,aniwhenua,Hydro,Hydro,2026-03-15,6948,6908,7290,6127,6145,6153,6149,6152,6152,6151,6153,6153,6155,6156,6146,6152,10884,11179,9218,11093,10495,7802,6941,6921,5252,5456,6079,6157,6157,6150,6149,6151,7156,7356,8787,9935,10207,10654,9660,8765,6977,6915,6935,6925,6921,6920,6931,6915,,
MAT,MAT1101,BOPD,aniwhenua,Hydro,Hydro,2026-03-16,6918,6921,6913,6916,6907,8862,8454,6181,5989,6078,6152,6149,6147,7647,9795,9779,10109,10720,10104,8105,6953,5296,5286,6027,6147,6152,6152,6154,6156,6152,6153,6155,6156,6165,8582,10327,9969,10273,10911,9386,7199,7061,7287,6140,6157,6149,6146,6150,,
MAT,MAT1101,BOPD,aniwhenua,Hydro,Hydro,2026-03-17,6149,5044,6949,7347,7154,7117,7278,7339,6171,6145,6149,6084,6110,8080,10098,10674,10725,10238,9939,9051,7069,6902,5293,5210,5932,6155,6157,6158,6157,6157,6154,6157,6160,6157,8651,10055,9342,10237,9924,8896,7774,5947,6006,6152,6156,6143,6148,6116,,
MAT,MAT1101,BOPD,aniwhenua,Hydro,Hydro,2026-03-18,7300,7006,6917,6921,6922,7063,8430,6173,6081,6070,6147,6149,6153,7922,10132,10351,10353,10165,9545,8089,6998,5762,5591,6033,6156,6153,6156,6156,6157,6157,6157,6158,5918,6133,8608,9789,9730,10853,10478,8864,6987,6921,8288,6154,5801,5791,6089,6154,,
MAT,MAT1101,BOPD,aniwhenua,Hydro,Hydro,2026-03-19,6152,4938,6970,7188,7362,7115,7341,6148,6142,6144,6150,6150,6150,7296,9636,10462,10663,10808,9922,9110,7013,5745,5747,5789,6137,6152,6155,6156,6154,6155,6155,6154,6157,6159,8632,10096,9706,10207,10817,8529,7490,7046,7283,6098,5762,5913,6140,6158,,
MAT,MAT1101,BOPD,aniwhenua,Hydro,Hydro,2026-03-20,6160,4870,6798,7123,7362,7120,7354,6144,5936,5956,6106,6155,6157,7559,9988,10459,10483,10628,9818,9082,7044,5754,5678,5426,5986,6166,6159,6158,6160,6159,6160,5986,6034,6157,8478,9525,9551,10616,10367,8854,6966,6989,7904,6003,5743,5747,5986,6154,,
MAT,MAT1101,BOPD,aniwhenua,Hydro,Hydro,2026-03-21,6157,6156,6160,6145,6153,6155,6149,6151,6153,6153,6147,6146,7206,7364,8807,10153,10343,10571,9785,7977,6971,5613,5269,5621,5774,6146,6158,6158,6156,6122,5810,5793,5894,6063,8512,9153,9305,10363,9341,7516,7791,5820,5751,5714,5998,6150,6154,6139,,
MAT,MAT1101,BOPD,aniwhenua,Hydro,Hydro,2026-03-22,4758,6820,7003,7036,6939,6912,6925,7488,6078,5816,5744,6077,6152,6154,8687,10699,9677,10298,10787,7955,6942,5204,5217,5403,5482,6081,6158,6155,5973,5824,5871,5857,5886,6042,8535,9133,9155,10540,9660,7628,7450,5768,5751,5948,6153,6149,6154,4856,,
MAT,MAT1101,BOPD,aniwhenua,Hydro,Hydro,2026-03-23,6807,6918,6912,6909,6924,6929,7262,5626,6075,6092,6083,6154,6135,6125,8577,10860,10151,10337,10382,8881,7015,5750,5510,5238,5210,6029,6149,6149,6161,6157,6157,5838,5746,6091,8503,9113,9209,10605,10020,7723,7779,6953,5739,5751,5750,5988,6155,6157,,
MAT,MAT1101,BOPD,aniwhenua,Hydro,Hydro,2026-03-24,6157,6154,6150,6150,6149,6153,6150,6122,5917,5917,6118,6055,6148,6158,8641,10294,9706,10234,10243,7553,6967,5931,5219,5215,5212,5216,5207,5209,5215,5219,5990,6145,6176,6223,6228,6842,6934,7135,7154,7093,6913,7265,7333,8745,8790,8045,6462,6193,,
MAT,MAT1101,BOPD,aniwhenua,Hydro,Hydro,2026-03-25,6164,6177,6167,6165,6640,6920,6916,6919,6912,6910,6188,6171,6175,6180,6169,6174,6172,6278,7056,7383,8759,7264,9506,7433,7004,7436,6055,6117,6169,6196,6163,6168,6181,6172,7251,7348,7340,8184,7900,8303,7043,6928,6940,6921,7920,6198,6115,6175,,
MAT,MAT1101,BOPD,aniwhenua,Hydro,Hydro,2026-03-26,6174,6170,6169,6169,6168,6177,6182,6186,6172,7671,7379,7364,8233,7499,7052,7387,7170,7392,7470,7034,6916,6931,6936,7270,6196,6170,6172,6170,6172,6173,6175,6176,7172,7354,7346,7351,7638,8923,7540,7477,7562,6923,6962,6997,7101,6944,6899,6949,,
MAT,MAT1101,BOPD,aniwhenua,Hydro,Hydro,2026-03-27,7000,6987,7088,8665,8405,6224,6164,6173,6167,6162,8451,9338,8071,9503,9578,8493,8564,8996,9137,9109,8091,7720,7836,7627,7567,7618,7723,7999,8154,8139,8264,8077,8325,8612,9047,9428,9467,9665,9855,9878,8894,8449,8485,8616,8557,8459,8207,8045,,
MAT,MAT1101,BOPD,aniwhenua,Hydro,Hydro,2026-03-28,8095,8200,8089,7893,7853,7820,7788,7802,7838,7989,8017,8175,7905,7868,9136,9384,8884,8767,8646,8643,7731,7614,7570,7504,6946,7039,7229,7553,7591,7396,7388,7137,7209,7225,7912,8061,8108,8153,8037,8187,7167,6913,6908,6968,7246,7754,7699,7400,,
MAT,MAT1101,BOPD,aniwhenua,Hydro,Hydro,2026-03-29,7416,7337,7326,7384,7317,7351,7502,7422,7445,7451,7309,7541,7409,7619,8395,8672,8171,7900,7708,7959,6983,6916,6929,7305,8460,6225,6170,6172,6172,6173,6171,6175,7850,7378,7376,8037,7720,7728,7352,7272,7006,7009,8385,6259,6119,6163,6100,6144,,
MAT,MAT1101,BOPD,aniwhenua,Hydro,Hydro,2026-03-30,6168,6058,7012,7358,7370,7610,7994,7284,6914,6924,6951,6922,6897,6910,7753,8141,8265,8306,8159,7489,6968,6920,6932,7073,8367,6460,6178,6174,6175,6174,6178,6169,8544,8281,7720,8846,8579,8085,8418,7847,7373,7426,7486,7368,6951,6937,6942,6921,,
MAT,MAT1101,BOPD,aniwhenua,Hydro,Hydro,2026-03-31,8992,8467,6251,6163,6163,6162,6164,6168,8641,8575,7355,8775,8347,7347,7898,7800,8314,8292,7961,7794,7049,6933,6923,6917,6922,6928,8665,6895,6881,5758,5578,5927,6712,7045,7895,7898,7439,7950,7915,7585,7434,7440,7843,6937,6932,6926,6921,6926,,
MHO,MHO0331,ELEC,mangahao,Hydro,Hydro,2026-03-01,0,147,366,559,168,134,211,260,159,91,0,0,0,0,0,0,0,0,0,0,0,0,0,0,0,0,0,0,0,0,0,0,0,0,0,0,0,0,0,0,0,0,0,0,0,0,0,0,,
MHO,MHO0331,ELEC,mangahao,Hydro,Hydro,2026-03-02,0,0,0,0,0,0,0,0,0,0,0,0,0,0,0,0,0,0,0,0,0,0,0,0,0,0,0,0,0,0,0,0,0,0,0,0,0,0,0,0,0,0,0,0,0,0,0,0,,
MHO,MHO0331,ELEC,mangahao,Hydro,Hydro,2026-03-03,0,0,0,0,0,0,0,0,0,0,0,0,0,0,0,0,0,0,0,0,0,0,0,0,0,0,0,0,0,0,0,0,0,0,0,0,0,0,0,0,0,0,0,0,0,0,0,0,,
MHO,MHO0331,ELEC,mangahao,Hydro,Hydro,2026-03-04,0,0,0,0,0,0,0,0,0,0,0,0,0,0,0,0,0,0,0,0,0,0,0,0,0,0,0,0,0,0,0,0,0,0,0,0,0,0,0,0,0,0,0,0,0,0,0,0,,
MHO,MHO0331,ELEC,mangahao,Hydro,Hydro,2026-03-05,0,0,0,0,0,0,0,0,0,0,0,0,0,0,0,0,0,0,0,0,0,0,0,0,0,0,0,0,0,0,0,0,0,0,0,0,0,0,0,0,0,0,0,0,0,0,0,0,,
MHO,MHO0331,ELEC,mangahao,Hydro,Hydro,2026-03-06,0,0,0,0,0,0,0,0,0,0,0,0,0,0,0,0,0,0,0,0,0,0,0,0,0,0,0,0,0,0,0,0,0,0,0,0,0,0,0,0,0,0,0,0,0,0,0,0,,
MHO,MHO0331,ELEC,mangahao,Hydro,Hydro,2026-03-07,0,0,0,0,0,0,0,0,0,0,0,0,0,0,0,0,0,0,0,0,0,0,0,0,0,0,0,0,0,0,0,0,0,0,0,0,0,0,0,0,0,0,0,0,0,0,0,0,,
MHO,MHO0331,ELEC,mangahao,Hydro,Hydro,2026-03-08,0,0,0,0,0,0,0,0,0,0,0,0,0,0,0,0,0,0,0,0,0,0,0,0,0,0,0,0,0,0,0,0,0,0,0,0,0,0,0,0,0,0,0,0,0,0,0,0,,
MHO,MHO0331,ELEC,mangahao,Hydro,Hydro,2026-03-09,0,0,0,0,0,0,0,0,0,0,0,0,0,0,0,0,0,0,0,0,0,0,0,0,0,0,0,0,0,0,0,0,0,0,0,0,0,0,0,0,0,0,0,0,0,0,0,0,,
MHO,MHO0331,ELEC,mangahao,Hydro,Hydro,2026-03-10,0,0,0,0,0,0,0,0,0,0,0,0,0,0,0,0,0,0,0,0,0,0,0,0,0,0,0,0,0,0,0,0,0,0,0,0,0,0,0,0,0,0,0,0,0,0,0,0,,
MHO,MHO0331,ELEC,mangahao,Hydro,Hydro,2026-03-11,0,0,0,0,0,0,0,0,0,0,0,0,0,0,0,0,0,0,0,0,0,0,0,0,0,0,0,0,0,0,0,0,0,0,0,0,0,0,0,0,0,0,0,0,0,0,0,0,,
MHO,MHO0331,ELEC,mangahao,Hydro,Hydro,2026-03-12,0,0,0,0,0,0,0,0,0,0,0,0,0,0,0,0,0,0,0,0,0,0,0,0,0,0,0,0,0,0,0,0,0,0,0,0,0,0,0,0,0,0,0,0,0,0,0,0,,
MHO,MHO0331,ELEC,mangahao,Hydro,Hydro,2026-03-13,0,0,0,0,0,0,0,0,0,0,0,0,0,0,0,0,0,0,0,0,0,0,0,0,0,0,0,0,0,0,0,0,0,0,0,0,0,0,0,0,0,0,0,0,0,0,0,0,,
MHO,MHO0331,ELEC,mangahao,Hydro,Hydro,2026-03-14,0,0,0,0,0,0,0,0,0,0,0,0,0,0,0,0,0,0,0,0,0,0,0,0,0,0,0,0,0,0,0,0,0,0,0,0,0,0,0,0,0,0,0,0,0,0,0,0,,
MHO,MHO0331,ELEC,mangahao,Hydro,Hydro,2026-03-15,0,0,0,0,0,0,0,0,0,0,0,0,0,0,0,0,0,0,0,0,0,0,0,0,0,0,0,0,0,0,0,0,0,0,0,0,0,0,0,0,0,0,0,0,0,0,0,0,,
MHO,MHO0331,ELEC,mangahao,Hydro,Hydro,2026-03-16,0,0,0,0,0,0,0,0,0,0,0,0,0,0,0,0,0,0,0,0,0,0,0,0,0,0,0,0,0,0,0,0,0,0,0,0,0,0,0,0,0,0,0,0,0,0,0,0,,
MHO,MHO0331,ELEC,mangahao,Hydro,Hydro,2026-03-17,0,0,0,0,0,0,0,0,0,0,0,0,0,0,0,0,0,0,0,0,0,0,0,0,0,0,0,0,0,0,0,0,0,0,0,0,0,0,0,0,0,0,0,0,0,0,0,0,,
MHO,MHO0331,ELEC,mangahao,Hydro,Hydro,2026-03-18,0,0,0,0,0,0,0,0,0,0,0,0,0,0,0,0,0,0,0,0,0,0,0,0,0,0,0,0,0,0,0,0,0,0,0,0,0,0,0,0,0,0,0,0,0,0,0,0,,
MHO,MHO0331,ELEC,mangahao,Hydro,Hydro,2026-03-19,0,0,0,0,0,0,0,0,0,0,0,0,0,0,0,0,0,0,0,0,0,0,0,0,0,0,0,0,0,0,0,0,0,0,0,0,0,0,0,0,0,0,0,0,0,0,0,0,,
MHO,MHO0331,ELEC,mangahao,Hydro,Hydro,2026-03-20,0,0,0,0,0,0,0,0,0,0,0,0,0,0,0,0,0,0,0,0,0,0,0,0,0,0,0,0,0,0,0,0,0,0,0,0,0,0,0,0,0,0,0,0,0,0,0,0,,
MHO,MHO0331,ELEC,mangahao,Hydro,Hydro,2026-03-21,0,0,0,0,0,0,0,0,0,0,0,0,0,0,0,0,0,0,0,0,0,0,0,0,0,0,0,0,0,0,0,0,0,0,0,0,0,0,0,0,0,0,0,0,0,0,0,0,,
MHO,MHO0331,ELEC,mangahao,Hydro,Hydro,2026-03-22,0,0,0,0,0,0,0,0,0,0,0,0,0,0,0,0,0,0,0,0,0,0,0,0,0,0,0,0,0,0,0,0,0,0,0,0,0,0,0,0,0,0,0,0,0,0,0,0,,
MHO,MHO0331,ELEC,mangahao,Hydro,Hydro,2026-03-23,0,0,0,0,0,0,0,0,0,0,0,0,0,0,0,0,0,0,0,0,0,0,0,0,0,0,0,0,0,0,0,0,0,0,0,0,0,0,0,0,0,0,0,0,0,0,0,0,,
MHO,MHO0331,ELEC,mangahao,Hydro,Hydro,2026-03-24,0,0,0,0,0,0,0,0,0,0,0,0,0,0,0,0,0,0,0,0,0,0,0,0,0,0,0,0,0,0,0,0,0,0,0,0,0,0,0,0,0,0,0,0,0,0,0,0,,
MHO,MHO0331,ELEC,mangahao,Hydro,Hydro,2026-03-25,0,0,0,0,0,0,0,0,0,0,0,0,0,0,0,0,0,0,0,0,0,0,0,0,0,0,0,0,0,0,0,0,0,0,0,0,0,0,0,0,0,0,0,0,0,0,0,0,,
MHO,MHO0331,ELEC,mangahao,Hydro,Hydro,2026-03-26,0,0,0,0,0,0,0,0,0,0,0,0,0,0,0,0,0,0,0,0,0,0,0,0,0,0,0,0,0,0,0,0,0,0,0,0,0,0,0,0,0,0,0,0,0,0,0,0,,
MHO,MHO0331,ELEC,mangahao,Hydro,Hydro,2026-03-27,0,0,0,0,0,0,0,0,0,0,0,0,0,0,0,0,0,0,0,0,0,0,0,0,0,0,0,0,0,0,0,0,0,0,0,0,0,0,0,0,0,0,0,0,0,0,0,0,,
MHO,MHO0331,ELEC,mangahao,Hydro,Hydro,2026-03-28,0,0,0,0,0,0,0,0,0,0,0,0,0,0,0,0,0,0,0,0,0,0,0,0,0,0,0,0,0,0,0,0,0,0,0,0,0,0,0,0,0,0,0,0,0,0,0,0,,
MHO,MHO0331,ELEC,mangahao,Hydro,Hydro,2026-03-29,0,0,0,0,0,0,0,0,0,0,0,0,0,0,0,0,0,0,0,0,0,0,0,0,0,0,0,0,0,0,0,0,0,0,0,0,0,0,0,0,0,0,0,0,0,0,0,0,,
MHO,MHO0331,ELEC,mangahao,Hydro,Hydro,2026-03-30,0,0,0,0,0,0,0,0,0,0,0,0,0,0,0,0,0,0,0,0,0,0,0,0,0,0,0,0,0,0,0,0,0,0,0,0,0,0,0,0,0,0,0,0,0,0,0,0,,
MHO,MHO0331,ELEC,mangahao,Hydro,Hydro,2026-03-31,0,0,0,0,0,0,0,0,0,0,0,0,0,0,0,0,0,0,0,0,0,0,0,0,0,0,0,0,0,0,0,0,0,0,0,0,0,0,0,0,0,0,0,0,0,0,0,0,,
MKE,MKE1101,TODD,McKee,Gas,Thrml,2026-03-01,0,0,0,0,0,0,0,0,0,0,0,0,0,0,0,0,0,0,0,0,0,0,0,0,0,0,0,0,0,0,0,0,0,0,0,0,0,0,0,0,0,0,0,0,0,0,0,0,,
MKE,MKE1101,TODD,McKee,Gas,Thrml,2026-03-02,0,0,0,0,0,0,0,0,0,0,0,0,0,0,0,0,0,0,0,0,0,0,0,0,0,0,0,0,0,0,0,0,0,0,0,0,0,0,0,0,0,0,0,0,0,0,0,0,,
MKE,MKE1101,TODD,McKee,Gas,Thrml,2026-03-03,0,0,0,0,0,0,0,0,0,0,0,0,0,0,0,0,0,0,0,0,0,0,0,0,0,0,0,0,0,0,0,0,0,0,0,0,0,0,0,0,0,0,0,0,0,0,0,0,,
MKE,MKE1101,TODD,McKee,Gas,Thrml,2026-03-04,0,0,0,0,0,0,0,0,0,0,0,0,0,0,0,0,0,0,0,0,0,0,0,0,0,0,0,0,0,0,0,0,0,0,0,0,0,0,0,0,0,0,0,0,0,0,0,0,,
MKE,MKE1101,TODD,McKee,Gas,Thrml,2026-03-05,0,0,0,0,0,0,0,0,0,0,0,0,0,0,0,0,0,0,0,0,0,0,0,0,0,0,0,0,0,0,0,0,0,0,0,0,0,19740,22076,22124,22241,22238,22305,22351,22457,22470,22607,22537,,
MKE,MKE1101,TODD,McKee,Gas,Thrml,2026-03-06,1962,0,0,0,0,0,0,0,0,0,0,0,0,0,0,0,0,0,0,0,0,0,0,0,0,0,0,0,0,0,0,0,0,0,0,0,0,0,0,0,0,0,0,0,0,0,0,0,,
MKE,MKE1101,TODD,McKee,Gas,Thrml,2026-03-07,0,0,0,0,0,0,0,0,0,0,0,0,0,0,0,0,0,0,0,0,0,0,0,0,0,0,0,0,0,0,0,0,0,0,0,0,0,0,0,0,0,0,0,0,0,0,0,0,,
MKE,MKE1101,TODD,McKee,Gas,Thrml,2026-03-08,0,0,0,0,0,0,0,0,0,0,0,0,0,0,0,0,0,0,0,0,0,0,0,0,0,0,0,0,0,0,0,0,0,0,0,0,0,0,0,0,0,0,0,0,0,0,0,0,,
MKE,MKE1101,TODD,McKee,Gas,Thrml,2026-03-09,0,0,0,0,0,0,0,0,0,0,0,0,0,0,0,0,0,0,0,0,0,0,0,0,0,0,0,0,0,0,0,0,0,0,0,0,0,0,0,0,0,0,0,0,0,0,0,0,,
MKE,MKE1101,TODD,McKee,Gas,Thrml,2026-03-10,0,0,0,0,0,0,0,0,0,0,0,0,0,0,0,0,0,0,0,0,0,0,0,0,0,0,0,0,0,0,0,0,0,0,0,0,0,0,0,0,0,0,0,0,0,0,0,0,,
MKE,MKE1101,TODD,McKee,Gas,Thrml,2026-03-11,0,0,0,0,0,0,0,0,0,0,0,19537,22576,23134,23188,23029,22968,22854,22747,2277,0,0,0,0,0,0,0,0,0,0,0,19609,21902,21850,21847,21937,22031,21968,22127,22210,22362,22411,22463,1934,0,0,0,0,,
MKE,MKE1101,TODD,McKee,Gas,Thrml,2026-03-12,0,0,0,0,0,0,0,0,0,0,0,0,20239,23111,23226,22989,22965,22708,22443,22009,21687,21664,21693,21482,21462,21338,21156,21153,21064,20983,20865,21047,39477,42246,42305,42394,42422,42579,42676,42828,42966,42983,43006,23866,21623,21715,21810,21907,,
MKE,MKE1101,TODD,McKee,Gas,Thrml,2026-03-13,21912,21982,21980,21968,21990,21951,21957,39967,43133,43195,43143,43228,43118,43206,43131,43027,42964,42834,42731,42763,42686,42610,42599,42765,42619,42573,42514,42414,42289,42024,41874,41947,41965,42082,42078,42137,42313,42402,42581,42600,42672,42772,42830,42869,42891,23443,21480,21533,,
MKE,MKE1101,TODD,McKee,Gas,Thrml,2026-03-14,21600,21612,21625,21629,21650,21681,21762,21779,2162,0,0,0,0,20067,22323,22468,22516,22424,22151,22073,21995,21849,21883,21844,21807,21709,21681,21628,21410,2469,0,0,0,0,0,0,0,0,0,0,0,0,0,0,0,0,0,0,,
MKE,MKE1101,TODD,McKee,Gas,Thrml,2026-03-15,0,0,0,0,0,0,0,0,0,0,0,0,0,0,20738,22870,22829,22589,22332,22102,22098,22102,22106,21873,21634,21618,1798,0,0,0,0,0,0,0,18985,21729,21883,22037,22200,22333,22483,22601,22631,22678,22788,22794,22893,22982,,
MKE,MKE1101,TODD,McKee,Gas,Thrml,2026-03-16,22913,22984,23032,23018,23077,23100,23122,23147,2207,0,0,0,19731,21531,21529,21491,21469,21461,21468,1962,0,0,0,0,0,0,0,0,0,2,19768,21505,21534,21573,21541,21506,21475,21479,21473,21462,21465,21464,21454,21477,21474,21467,21472,21469,,
MKE,MKE1101,TODD,McKee,Gas,Thrml,2026-03-17,21459,21450,21442,21441,21439,21436,21444,21451,21456,21469,21465,21468,21473,21483,21472,21462,21464,21459,21462,21481,21480,21488,21487,21499,21503,21501,21506,21517,21498,21502,21489,21485,21488,21488,21478,21462,21464,21468,21464,21493,21460,21458,21458,21467,21449,21467,21474,21518,,
MKE,MKE1101,TODD,McKee,Gas,Thrml,2026-03-18,21446,21454,21442,21452,21480,21466,21470,21445,21464,21441,21449,21439,21439,21443,21450,21459,21459,21482,2501,0,0,0,0,0,0,0,0,0,0,0,0,0,0,0,0,18620,21487,21485,21485,21456,21463,21457,21452,21450,21458,21435,21452,21460,,
MKE,MKE1101,TODD,McKee,Gas,Thrml,2026-03-19,21457,21450,21463,21467,21461,21442,21448,21448,21467,21458,21472,21473,21473,21473,21471,21485,21487,21430,1179,0,0,19463,21508,21502,21522,21526,21520,21498,21516,21491,21491,21510,21513,21476,21487,21477,21492,21478,21488,21487,21475,21487,21484,21479,21477,21485,21460,21446,,
MKE,MKE1101,TODD,McKee,Gas,Thrml,2026-03-20,21444,21444,21452,21447,21449,21449,21460,21464,21466,21473,21466,21482,21456,21462,21460,21459,21464,21460,21461,2012,0,0,0,0,0,0,0,0,0,0,0,0,0,0,0,0,0,0,0,0,0,0,19820,21492,21478,21477,21486,21471,,
MKE,MKE1101,TODD,McKee,Gas,Thrml,2026-03-21,2049,0,0,0,0,0,0,0,0,0,0,0,19827,21483,21500,21491,21497,21488,1785,0,0,0,0,0,0,0,0,0,0,0,0,0,0,19602,21488,21488,21500,21489,21482,21453,21453,21442,21447,21437,21452,21452,21454,21460,,
MKE,MKE1101,TODD,McKee,Gas,Thrml,2026-03-22,1998,0,0,0,0,0,0,0,0,0,0,0,0,0,0,0,18996,21505,21500,21495,21490,21467,21507,21505,1879,0,0,0,0,0,0,0,0,0,0,18872,21507,21522,21526,21515,21530,21460,21447,21470,21448,1735,0,0,,
MKE,MKE1101,TODD,McKee,Gas,Thrml,2026-03-23,0,0,0,0,0,0,0,0,0,0,0,0,19325,21488,21488,21489,21492,21478,21469,21471,21494,21489,21541,21546,2519,0,0,0,0,0,0,0,0,0,19285,21558,21590,21589,21590,21569,21571,21572,21567,21568,21555,21554,21542,21547,,
MKE,MKE1101,TODD,McKee,Gas,Thrml,2026-03-24,21569,21577,21563,21577,21562,21559,21554,21553,21544,21553,21549,21552,1682,0,0,0,0,0,0,0,0,0,0,0,0,0,0,0,0,0,0,0,0,0,0,0,0,0,0,0,0,0,0,0,0,0,0,0,,
MKE,MKE1101,TODD,McKee,Gas,Thrml,2026-03-25,0,0,0,0,0,0,0,0,0,0,0,0,0,0,0,0,0,0,0,0,0,0,0,0,0,0,0,0,0,0,0,0,0,0,0,0,0,0,0,0,0,0,0,0,0,0,0,0,,
MKE,MKE1101,TODD,McKee,Gas,Thrml,2026-03-26,0,0,0,0,0,0,0,0,0,0,0,0,0,0,0,0,0,0,0,0,0,0,0,0,0,0,0,0,0,0,0,0,0,0,0,0,0,0,0,0,0,0,0,0,0,0,0,0,,
MKE,MKE1101,TODD,McKee,Gas,Thrml,2026-03-27,0,0,0,0,0,0,0,0,0,0,0,0,0,0,0,0,0,0,0,0,0,0,0,0,0,0,0,0,0,0,0,0,0,0,0,0,0,0,0,0,0,0,0,0,0,0,0,0,,
MKE,MKE1101,TODD,McKee,Gas,Thrml,2026-03-28,0,0,0,0,0,0,0,0,0,0,0,0,0,0,0,0,0,0,0,0,0,0,0,18918,21440,21440,21455,21448,21460,21386,21345,21250,21266,21289,21354,21403,21444,21873,22069,22217,22163,22243,22354,22414,22430,22341,22484,22433,,
MKE,MKE1101,TODD,McKee,Gas,Thrml,2026-03-29,2143,0,0,0,0,0,0,0,0,0,0,0,0,10,20766,22411,22392,22357,22235,22158,22040,21932,21817,21672,21492,21380,21446,21428,41709,43296,43291,43330,43332,43373,43415,43479,43496,43527,43641,43695,43687,43721,23905,22134,22059,22078,22027,1920,,
MKE,MKE1101,TODD,McKee,Gas,Thrml,2026-03-30,0,0,0,0,0,0,0,20444,22426,22445,22512,22526,22532,22532,22533,22567,22560,22481,22303,22222,22081,22042,21990,41309,43531,43411,43373,43405,43308,43292,43296,43313,43384,43389,43400,43452,43460,43485,43611,43723,43833,43853,43883,24034,22306,2203,0,0,,
MKE,MKE1101,TODD,McKee,Gas,Thrml,2026-03-31,0,0,0,0,0,0,0,0,0,0,0,0,0,20004,22916,22962,22895,22705,22664,22472,22364,2487,0,0,0,0,0,0,0,0,0,0,19876,41079,43457,43544,43657,43713,44295,44368,44449,44522,44602,44670,44685,44725,44800,44804,,
MTI,MTI2201,MRPL,maraetai,Hydro,Hydro,2026-03-01,48060,46790,48030,33270,27730,15880,16620,16550,16200,16380,16260,27230,31940,32360,43340,45300,26950,30250,41260,30370,29390,31730,32410,31480,36280,34560,30380,32120,30470,34550,31590,44370,58410,68410,65660,67360,51020,44700,48810,62890,63940,60580,60240,61040,39910,32670,32210,30910,,
MTI,MTI2201,MRPL,maraetai,Hydro,Hydro,2026-03-02,21680,16750,15710,140,0,0,0,0,11270,26970,37920,31810,42340,52920,64000,76610,110390,88570,93270,75390,75830,64210,60480,52970,36250,43350,43540,50550,43040,47500,44670,49900,55330,61010,69040,73770,75770,72330,75670,73900,75170,72000,74380,78740,61460,49360,35940,37650,,
MTI,MTI2201,MRPL,maraetai,Hydro,Hydro,2026-03-03,34690,34840,30210,28550,28120,30030,29570,37840,46690,47210,48280,59800,70130,81310,69280,68100,67290,68290,69090,65390,65480,64560,63340,65680,63680,65210,64870,64200,61580,59030,61020,59990,60370,53930,54060,66870,69640,69590,69400,68470,69000,69290,69330,66920,66160,63700,63220,60240,,
MTI,MTI2201,MRPL,maraetai,Hydro,Hydro,2026-03-04,51270,46040,44600,43380,44400,45900,47130,50730,51710,45510,52650,59210,61380,65770,70620,66890,68650,64060,63660,63660,68300,68360,68350,68380,60910,58940,63630,64510,62010,62910,61970,68740,72040,72100,72010,71930,68320,68250,69250,69310,69640,70650,67950,59190,58800,58940,56520,55470,,
MTI,MTI2201,MRPL,maraetai,Hydro,Hydro,2026-03-05,58050,57390,48800,34020,33030,28010,28000,27990,29010,32010,49010,54750,63760,63320,68720,72260,63630,61960,71490,72360,72320,69770,64830,63140,64570,62910,61930,60270,64980,63910,59620,62720,63470,60150,58800,64810,61820,59140,58200,59300,57740,61880,44490,54330,43330,33590,38480,28200,,
MTI,MTI2201,MRPL,maraetai,Hydro,Hydro,2026-03-06,25060,18260,11740,17360,18720,15300,13080,15910,11710,11340,23330,20630,38640,62550,61740,64140,64560,64250,61050,61680,59370,63130,59130,60040,50340,44370,45490,44570,46510,46320,46200,44250,52020,54200,61090,60620,61950,61030,49220,44080,44640,45110,45100,38510,30890,23650,46550,41480,,
MTI,MTI2201,MRPL,maraetai,Hydro,Hydro,2026-03-07,38600,29530,24120,16980,42560,43820,32030,29500,17050,18700,18410,16770,29990,36260,60990,59330,54910,60110,53700,45670,57510,55020,57750,59940,57350,60970,61300,62500,61830,59800,59780,60540,57390,56750,60020,60080,59030,60330,60870,62780,62960,58360,59010,53630,40860,25990,31600,15160,,
MTI,MTI2201,MRPL,maraetai,Hydro,Hydro,2026-03-08,26650,20680,27200,40170,27370,13740,14720,15150,14760,15920,11480,15650,27520,32310,43590,51100,55510,64020,60990,59740,57520,56350,58510,59900,47880,58290,39400,35050,36330,38310,36850,31280,34860,45990,69080,65010,62910,72350,61190,59230,58330,57930,58720,57400,43930,45260,45190,40420,,
MTI,MTI2201,MRPL,maraetai,Hydro,Hydro,2026-03-09,34480,30050,42910,33960,25840,15510,7890,5390,17280,30190,36610,46630,59230,66070,104020,124590,134710,130800,114790,106440,93560,105380,93520,73640,63720,61160,92020,71250,95110,107860,97650,107000,106200,103900,98360,109360,98260,93830,86580,84540,79120,63320,54400,22090,27230,17700,30400,6090,,
MTI,MTI2201,MRPL,maraetai,Hydro,Hydro,2026-03-10,19060,14280,15470,15110,26990,19540,11860,0,14390,25250,20510,24380,40470,68020,87790,104300,116130,111220,98030,107980,105400,100730,91000,82890,76410,84470,91540,87020,89170,80430,64010,74300,69530,68870,58800,76100,76270,76200,70930,73410,77480,64310,54660,37150,30010,28600,28300,37080,,
MTI,MTI2201,MRPL,maraetai,Hydro,Hydro,2026-03-11,42520,30140,27980,22280,16690,15780,16440,16320,17160,29420,29170,46760,59690,71680,97510,120110,122570,107190,107690,108200,107120,105890,102890,86980,73660,63880,64180,63420,62020,66640,77100,75990,74400,78510,76010,89200,90110,90860,88190,85800,83220,65550,42880,28330,33890,28910,29990,30120,,
MTI,MTI2201,MRPL,maraetai,Hydro,Hydro,2026-03-12,31480,29500,30170,26430,27060,28760,29500,19760,29990,28080,32690,43110,66550,65880,72240,89300,89610,87790,96780,101090,99900,73800,76130,69220,73370,78530,71030,72370,76910,83070,74100,86250,86430,88370,87330,86880,94460,92060,86610,94920,103620,93310,87560,77910,76700,64480,57250,47320,,
MTI,MTI2201,MRPL,maraetai,Hydro,Hydro,2026-03-13,45570,46210,46270,44980,43870,29330,30720,29440,31920,30540,30760,28300,31210,55020,88280,120060,119090,105800,103580,108250,102820,104720,107380,102320,114100,117230,101740,101860,110800,91380,55460,51270,58910,72090,75190,84450,72190,66040,68240,78590,84710,69980,60950,44620,46260,45030,44850,36540,,
MTI,MTI2201,MRPL,maraetai,Hydro,Hydro,2026-03-14,28400,29590,29420,30060,30670,28150,29560,29270,24050,29510,26030,24380,29540,29110,56770,70080,72490,76800,74000,76570,71670,54860,56840,49710,44250,38070,44430,51910,49050,58690,50810,48540,46710,61560,66040,70620,63160,63940,62910,62010,66060,55900,46540,46810,44710,31980,29950,29140,,
MTI,MTI2201,MRPL,maraetai,Hydro,Hydro,2026-03-15,30350,30460,29620,29100,32940,30240,24990,21230,19970,24050,27030,30810,30920,30090,53900,56250,50360,65050,73210,60950,59110,37670,36540,24400,21100,42340,46650,34770,44190,55720,60190,60340,56230,58480,58140,62190,60670,71820,76290,75020,69750,59180,55740,49760,49070,33430,30700,27570,,
MTI,MTI2201,MRPL,maraetai,Hydro,Hydro,2026-03-16,27910,39970,43570,34730,32540,30570,18540,15440,14030,14020,15520,29170,47150,51620,59590,69400,76140,68200,68940,78720,57940,45990,50740,47580,48440,59450,50910,49570,47820,46520,46570,44820,46340,58430,61800,65710,73210,73070,73350,73630,74810,69520,64660,63880,64290,64550,51070,35160,,
MTI,MTI2201,MRPL,maraetai,Hydro,Hydro,2026-03-17,34330,32930,34450,33720,34230,34170,34900,34770,34810,34820,45650,48760,59320,64630,78280,90100,88380,79390,63360,57900,49000,44430,46580,52650,58870,60760,61350,62160,61610,60080,62030,62360,60340,62130,62440,77280,72310,73260,74930,103580,106040,84920,86630,61740,44530,36240,28030,23250,,
MTI,MTI2201,MRPL,maraetai,Hydro,Hydro,2026-03-18,18080,19510,7860,8300,8390,6640,7290,7640,22370,33250,44840,50830,46550,62040,75000,104260,104920,71990,61940,54660,61640,63650,61140,61000,60550,61400,72060,52140,59370,62630,58020,81860,92310,92420,103300,106560,101140,103740,122780,123270,121600,83650,74170,54810,52880,44560,37240,30120,,
MTI,MTI2201,MRPL,maraetai,Hydro,Hydro,2026-03-19,30090,30750,15250,15030,14750,14670,10190,0,0,13300,27790,32650,41360,53980,82960,100860,105260,97240,95660,86510,90730,73000,61530,63990,58730,59890,54690,63520,75110,53710,52940,67570,67570,66000,66340,73540,77220,88900,74760,74730,73650,73110,66100,57740,63370,46280,31250,30310,,
MTI,MTI2201,MRPL,maraetai,Hydro,Hydro,2026-03-20,30930,36770,29700,28250,16930,15880,16180,15630,16270,16550,30020,28480,53820,59060,74880,77050,89760,75970,71750,82370,74550,79640,61180,68930,74570,71820,71150,77240,81950,77230,75600,67310,71680,71680,71410,75070,62080,56410,54220,45080,44470,43990,43620,44720,50860,41250,30470,31140,,
MTI,MTI2201,MRPL,maraetai,Hydro,Hydro,2026-03-21,29690,24930,28750,28570,26300,20850,25530,28810,29710,23400,30720,26470,29930,28650,47260,60280,49780,60290,60120,61130,61810,62080,59220,47060,58410,52970,46960,40330,39810,49880,50150,65680,64340,65190,52930,65960,67490,64100,60400,61170,59340,59380,45120,44500,45510,42920,45210,44060,,
MTI,MTI2201,MRPL,maraetai,Hydro,Hydro,2026-03-22,45200,35490,30540,28500,29890,16070,18850,41790,44860,45970,48210,41260,29440,28540,27410,44500,44870,58160,60170,60490,61340,60440,56490,49530,49120,44460,51890,50780,47320,48890,56990,61610,57400,61470,61560,75300,77610,77170,74650,75520,74050,64800,49740,42610,43280,36110,37000,19650,,
MTI,MTI2201,MRPL,maraetai,Hydro,Hydro,2026-03-23,21090,12140,14980,22500,21710,18720,17120,15410,14520,14000,21560,31070,47880,45770,46830,84660,89930,64030,60500,68310,56120,50900,50270,61080,50090,55890,54150,58470,59360,61380,62620,54950,51940,59470,63420,76630,72280,90850,89850,90960,77740,45910,56350,58830,67830,54360,37420,27350,,
MTI,MTI2201,MRPL,maraetai,Hydro,Hydro,2026-03-24,16300,28850,29260,30970,22030,13890,14410,14740,15910,18780,30810,31670,46620,54150,74380,76320,86490,69190,66470,64830,64920,68530,69470,71330,61700,61230,64140,59580,44670,39000,48960,38370,48110,57950,68480,79560,75080,73130,76270,78710,78680,68990,63650,63100,63230,59960,45530,43920,,
MTI,MTI2201,MRPL,maraetai,Hydro,Hydro,2026-03-25,43320,28860,27950,27080,32030,29600,24950,21650,23710,31050,32010,30380,41800,59800,72270,72910,74480,76770,90510,104040,91300,92590,89670,89730,75200,71890,76800,91510,73820,52750,62780,74190,64640,82730,71690,86320,79320,75420,73450,75250,57640,45140,45010,46640,44190,40750,32280,27020,,
MTI,MTI2201,MRPL,maraetai,Hydro,Hydro,2026-03-26,17280,16260,13060,0,0,4710,120,0,4890,2830,2860,15610,29100,42620,40520,48340,54840,54040,57160,59530,58340,51530,61790,53580,58140,65630,61100,45090,49540,49680,61940,71770,70640,70040,71580,78250,75560,66670,58650,62050,61540,56510,52230,45790,44520,33360,32340,23500,,
MTI,MTI2201,MRPL,maraetai,Hydro,Hydro,2026-03-27,22140,18500,31210,24270,12890,1900,12850,8970,4070,4670,17920,32110,52270,55690,55850,57160,58030,57050,58680,59570,69220,56220,58700,52240,73260,69300,70150,65850,60400,59700,60600,57930,67060,65960,63930,73210,65860,60490,60050,67420,68260,62580,72200,64390,72790,54450,54920,42240,,
MTI,MTI2201,MRPL,maraetai,Hydro,Hydro,2026-03-28,36720,25990,18040,14710,12310,14640,6610,14450,28310,16340,10090,9320,14280,26880,30180,33740,50460,61550,62890,74820,75040,58980,47440,47040,44870,45960,45580,41070,32980,31000,28010,29800,31140,48020,57780,57800,59510,67910,75520,56550,57360,49720,58910,43430,39530,39230,41990,23820,,
MTI,MTI2201,MRPL,maraetai,Hydro,Hydro,2026-03-29,12890,9480,8960,27900,21580,11050,5490,2440,3010,4570,13880,7550,7390,8440,22980,31400,38340,45350,43750,46380,46830,44920,49640,58530,59570,61270,57100,54120,52430,51130,59540,54420,61310,60490,79460,94460,82540,72800,64750,65580,65330,43330,43240,28130,17760,11010,27040,12580,,
MTI,MTI2201,MRPL,maraetai,Hydro,Hydro,2026-03-30,13260,11180,28150,21570,9990,11630,18750,11980,14310,10590,3130,9790,27750,36970,31500,54690,49800,38590,74250,88450,91270,80170,79510,73440,73390,60210,44960,45220,45500,44530,65200,83980,47400,43660,45570,43100,47920,53290,42950,45240,43410,28290,44400,54440,40500,18330,5360,0,,
MTI,MTI2201,MRPL,maraetai,Hydro,Hydro,2026-03-31,80,15310,11720,0,0,0,0,0,0,0,0,0,23500,43190,60180,75820,77110,77130,104500,102370,82960,79890,72230,68700,56870,43590,47250,42570,28630,33570,29800,37800,49760,59670,51810,71200,57770,55700,56570,73220,59140,57820,52320,30280,43970,29530,32760,15700,,
MTO,MTO0331,NPOW,papareireiā_solar_at_maungaturoto,SOL,PV,2026-03-01,0,0,0,0,0,0,0,0,0,0,0,0,0,0,0,0,0,145,263,1072,2978,3284,3775,5083,4766,5566,5643,5220,5065,4045,3848,1696,1578,3066,2300,47,0,0,0,0,0,0,0,0,0,0,0,0,,
MTO,MTO0331,NPOW,papareireiā_solar_at_maungaturoto,SOL,PV,2026-03-02,0,0,0,0,0,0,0,0,0,0,0,0,0,0,0,0,0,0,81,633,1748,2480,3309,5275,5810,5999,5390,6107,6457,6471,6288,5401,4749,4797,4574,3443,792,0,0,0,0,0,0,0,0,0,0,0,,
MTO,MTO0331,NPOW,papareireiā_solar_at_maungaturoto,SOL,PV,2026-03-03,0,0,0,0,0,0,0,0,0,0,0,0,0,0,0,0,0,735,3012,4170,4547,3815,5083,4560,6182,6217,6272,5980,6354,5676,6566,6704,6083,6190,5673,3902,1045,0,0,0,0,0,0,0,0,0,0,0,,
MTO,MTO0331,NPOW,papareireiā_solar_at_maungaturoto,SOL,PV,2026-03-04,0,0,0,0,0,0,0,0,0,0,0,0,0,0,0,0,0,203,3013,2983,2341,2174,4077,4876,4648,5558,5547,5868,6571,6385,6644,6006,5879,5477,5170,2298,407,0,0,0,0,0,0,0,0,0,0,0,,
MTO,MTO0331,NPOW,papareireiā_solar_at_maungaturoto,SOL,PV,2026-03-05,0,0,0,0,0,0,0,0,0,0,0,0,0,0,0,0,0,149,2803,3759,5404,5668,5622,4582,4578,4714,5722,6103,5345,4319,5389,5970,4171,3222,1395,1058,162,0,0,0,0,0,0,0,0,0,0,0,,
MTO,MTO0331,NPOW,papareireiā_solar_at_maungaturoto,SOL,PV,2026-03-06,0,0,0,0,0,0,0,0,0,0,0,0,0,0,0,0,0,0,432,1961,3492,4604,4425,4287,3547,5368,4716,5422,5435,6146,6099,5794,4997,5271,4896,3829,598,0,0,0,0,0,0,0,0,0,0,0,,
MTO,MTO0331,NPOW,papareireiā_solar_at_maungaturoto,SOL,PV,2026-03-07,0,0,0,0,0,0,0,0,0,0,0,0,0,0,0,0,0,786,3518,4765,5159,5749,5836,5471,5184,5741,5667,6132,6757,5335,5071,5027,4737,3442,3159,1179,32,0,0,0,0,0,0,0,0,0,0,0,,
MTO,MTO0331,NPOW,papareireiā_solar_at_maungaturoto,SOL,PV,2026-03-08,0,0,0,0,0,0,0,0,0,0,0,0,0,0,0,0,0,0,0,308,1208,2085,2755,4517,3839,3536,5918,3499,4380,4126,3188,4808,2002,2002,3089,1305,12,0,0,0,0,0,0,0,0,0,0,0,,
MTO,MTO0331,NPOW,papareireiā_solar_at_maungaturoto,SOL,PV,2026-03-09,0,0,0,0,0,0,0,0,0,0,0,0,0,0,0,0,0,85,290,1075,3308,2440,5236,5237,3497,4658,5248,5194,4741,5864,6093,6000,4806,3584,2990,364,58,0,0,0,0,0,0,0,0,0,0,0,,
MTO,MTO0331,NPOW,papareireiā_solar_at_maungaturoto,SOL,PV,2026-03-10,0,0,0,0,0,0,0,0,0,0,0,0,0,0,0,0,0,7,1944,3505,3887,4127,3310,3467,3050,2051,2901,2648,4166,5171,4057,3122,2652,1235,13,0,0,0,0,0,0,0,0,0,0,0,0,0,,
MTO,MTO0331,NPOW,papareireiā_solar_at_maungaturoto,SOL,PV,2026-03-11,0,0,0,0,0,0,0,0,0,0,0,0,0,0,0,0,0,0,0,0,0,0,0,0,0,0,0,0,0,0,0,0,0,0,0,0,0,0,0,0,0,0,0,0,0,0,0,0,,
MTO,MTO0331,NPOW,papareireiā_solar_at_maungaturoto,SOL,PV,2026-03-12,0,0,0,0,0,0,0,0,0,0,0,0,0,0,0,0,0,0,0,0,0,0,0,0,32,1142,2924,2462,2288,1611,817,37,0,0,0,0,0,0,0,0,0,0,0,0,0,0,0,0,,
MTO,MTO0331,NPOW,papareireiā_solar_at_maungaturoto,SOL,PV,2026-03-13,0,0,0,0,0,0,0,0,0,0,0,0,0,0,0,0,0,0,0,0,341,609,2260,2402,2446,3252,3520,2982,1361,1422,3202,1646,15,52,397,0,0,0,0,0,0,0,0,0,0,0,0,0,,
MTO,MTO0331,NPOW,papareireiā_solar_at_maungaturoto,SOL,PV,2026-03-14,0,0,0,0,0,0,0,0,0,0,0,0,0,0,0,0,0,0,0,5,659,1237,3844,3746,4567,4400,3262,3669,4094,5340,4491,2813,977,0,0,0,0,0,0,0,0,0,0,0,0,0,0,0,,
MTO,MTO0331,NPOW,papareireiā_solar_at_maungaturoto,SOL,PV,2026-03-15,0,0,0,0,0,0,0,0,0,0,0,0,0,0,0,0,0,0,0,383,1095,1823,3733,3922,4621,3814,3641,4391,4567,3890,3933,3727,2429,2295,871,1104,175,0,0,0,0,0,0,0,0,0,0,0,,
MTO,MTO0331,NPOW,papareireiā_solar_at_maungaturoto,SOL,PV,2026-03-16,0,0,0,0,0,0,0,0,0,0,0,0,0,0,0,0,0,0,0,1045,618,2168,2223,1071,3839,2692,3686,3359,3251,3468,4292,5448,2433,126,56,0,0,0,0,0,0,0,0,0,0,0,0,0,,
MTO,MTO0331,NPOW,papareireiā_solar_at_maungaturoto,SOL,PV,2026-03-17,0,0,0,0,0,0,0,0,0,0,0,0,0,0,0,0,0,0,3,1689,3865,3788,4875,5160,5783,6652,6903,7152,7105,6843,6552,5116,5877,2346,3035,884,0,0,0,0,0,0,0,0,0,0,0,0,,
MTO,MTO0331,NPOW,papareireiā_solar_at_maungaturoto,SOL,PV,2026-03-18,0,0,0,0,0,0,0,0,0,0,0,0,0,0,0,0,0,92,3131,5257,5949,6239,6242,6150,4996,6374,5271,5630,5744,6398,6522,5906,4953,3539,3354,949,656,0,0,0,0,0,0,0,0,0,0,0,,
MTO,MTO0331,NPOW,papareireiā_solar_at_maungaturoto,SOL,PV,2026-03-19,0,0,0,0,0,0,0,0,0,0,0,0,0,0,0,0,0,0,714,4354,5939,6217,6357,6578,6880,6992,7190,7287,7345,7084,6835,6031,6078,2784,3715,3478,401,0,0,0,0,0,0,0,0,0,0,0,,
MTO,MTO0331,NPOW,papareireiā_solar_at_maungaturoto,SOL,PV,2026-03-20,0,0,0,0,0,0,0,0,0,0,0,0,0,0,0,0,0,392,3605,5511,5608,6072,5952,5906,4664,5127,5612,6222,6239,5293,4936,5059,4351,5499,5331,2451,124,0,0,0,0,0,0,0,0,0,0,0,,
MTO,MTO0331,NPOW,papareireiā_solar_at_maungaturoto,SOL,PV,2026-03-21,0,0,0,0,0,0,0,0,0,0,0,0,0,0,0,0,0,128,3261,3959,3563,5445,5769,5633,4285,3841,6544,6573,5929,6613,6594,5241,6272,3911,1961,228,0,0,0,0,0,0,0,0,0,0,0,0,,
MTO,MTO0331,NPOW,papareireiā_solar_at_maungaturoto,SOL,PV,2026-03-22,0,0,0,0,0,0,0,0,0,0,0,0,0,0,0,0,0,0,931,3454,5048,5453,4441,6486,5499,3637,3866,6213,6993,3668,6346,3499,2599,1720,1913,471,0,0,0,0,0,0,0,0,0,0,0,0,,
MTO,MTO0331,NPOW,papareireiā_solar_at_maungaturoto,SOL,PV,2026-03-23,0,0,0,0,0,0,0,0,0,0,0,0,0,0,0,0,0,0,0,0,0,0,303,568,3462,3174,3582,671,1655,305,514,136,243,0,0,0,0,0,0,0,0,0,0,0,0,0,0,0,,
MTO,MTO0331,NPOW,papareireiā_solar_at_maungaturoto,SOL,PV,2026-03-24,0,0,0,0,0,0,0,0,0,0,0,0,0,0,0,0,0,0,238,1412,3681,3688,3072,3531,5171,3029,4427,5008,5301,5076,3963,3950,3927,1220,221,0,0,0,0,0,0,0,0,0,0,0,0,0,,
MTO,MTO0331,NPOW,papareireiā_solar_at_maungaturoto,SOL,PV,2026-03-25,0,0,0,0,0,0,0,0,0,0,0,0,0,0,0,0,0,0,0,0,0,0,0,0,0,0,0,0,0,0,0,1193,0,0,0,0,0,0,0,0,0,0,0,0,0,0,0,0,,
MTO,MTO0331,NPOW,papareireiā_solar_at_maungaturoto,SOL,PV,2026-03-26,0,0,0,0,0,0,0,0,0,0,0,0,0,0,0,0,0,0,0,0,0,0,0,0,0,0,0,0,0,0,0,0,0,0,0,0,0,0,0,0,0,0,0,0,0,0,0,0,,
MTO,MTO0331,NPOW,papareireiā_solar_at_maungaturoto,SOL,PV,2026-03-27,0,0,0,0,0,0,0,0,0,0,0,0,0,0,0,0,0,29,758,3778,5806,5365,3230,5881,5654,4908,3839,5521,2424,3244,6713,6373,5436,5488,1455,149,0,0,0,0,0,0,0,0,0,0,0,0,,
MTO,MTO0331,NPOW,papareireiā_solar_at_maungaturoto,SOL,PV,2026-03-28,0,0,0,0,0,0,0,0,0,0,0,0,0,0,0,0,0,0,0,1116,1524,3751,5547,6081,6777,6482,7020,6312,5709,6357,5899,6576,6307,5726,4335,1143,0,0,0,0,0,0,0,0,0,0,0,0,,
MTO,MTO0331,NPOW,papareireiā_solar_at_maungaturoto,SOL,PV,2026-03-29,0,0,0,0,0,0,0,0,0,0,0,0,0,0,0,0,0,0,0,0,0,0,24,12,358,0,608,1201,575,168,0,0,0,0,0,0,0,0,0,0,0,0,0,0,0,0,0,0,,
MTO,MTO0331,NPOW,papareireiā_solar_at_maungaturoto,SOL,PV,2026-03-30,0,0,0,0,0,0,0,0,0,0,0,0,0,0,0,0,0,0,2,0,25,468,236,125,368,203,346,25,180,528,118,243,0,0,0,0,0,0,0,0,0,0,0,0,0,0,0,0,,
MTO,MTO0331,NPOW,papareireiā_solar_at_maungaturoto,SOL,PV,2026-03-31,0,0,0,0,0,0,0,0,0,0,0,0,0,0,0,0,0,0,0,0,385,1275,329,786,0,85,1222,367,135,691,360,466,1778,802,0,0,0,0,0,0,0,0,0,0,0,0,0,0,,
NAP,NAP2201,NAPJ,nap,Geo,Geo,2026-03-01,72532,72462,72464,72465,72519,72382,72493,72525,72467,72463,72504,72512,72530,72580,72719,72874,72738,72739,72646,72601,72638,72510,72473,72371,72403,72406,72427,72449,72369,72405,72302,72376,72174,72528,72699,72486,72383,72477,72519,72441,72590,72659,72669,72670,72614,72507,72610,72550,,
NAP,NAP2201,NAPJ,nap,Geo,Geo,2026-03-02,72599,72688,72733,72665,72595,72671,72759,72902,72780,72825,72706,72710,72647,72698,72738,72763,72891,72892,72784,72626,72388,72431,72381,72457,72546,72619,72722,72762,72609,72549,72561,72602,72737,72648,72610,72726,72711,72715,72823,72710,72837,72739,72819,72667,72524,72593,72934,73175,,
NAP,NAP2201,NAPJ,nap,Geo,Geo,2026-03-03,73309,73155,73380,73261,73335,73350,73103,73211,73224,73069,73154,73161,73342,73407,73450,73518,73505,73281,73148,73207,73194,73141,73086,73175,73168,73226,73162,73049,73068,73080,73186,73025,73048,73005,73144,73151,73283,73398,73367,73399,73463,73460,73452,73347,73323,73235,73198,73222,,
NAP,NAP2201,NAPJ,nap,Geo,Geo,2026-03-04,73320,73360,73396,73486,73485,73424,73432,73476,73458,73368,73441,73426,73336,73251,73197,73288,73095,72938,72744,72466,72484,72413,72391,72384,72247,72186,72109,72162,72152,72192,72240,72164,72211,72160,72274,72220,72384,72439,72492,72531,72462,72390,72462,72501,72529,72623,72612,72726,,
NAP,NAP2201,NAPJ,nap,Geo,Geo,2026-03-05,72659,72614,72675,72622,72612,72652,72674,72756,72657,72592,72691,72668,72732,72738,72791,72793,72735,72650,72497,72459,72525,72522,72472,72386,72525,72385,72469,72264,72290,72256,72111,72158,72440,72161,72160,72179,72282,72293,72461,72508,72807,72709,72819,72833,72807,72798,72780,72709,,
NAP,NAP2201,NAPJ,nap,Geo,Geo,2026-03-06,72790,72842,72889,72843,72772,72861,72853,72903,72968,72831,72858,72947,72901,72906,72799,72758,72721,72600,72532,72599,72597,72661,72541,72480,72540,72448,72501,72392,72420,72272,72124,72211,72205,72151,72157,72112,72384,72376,72449,72469,72630,72663,72651,72575,72748,72780,72756,72661,,
NAP,NAP2201,NAPJ,nap,Geo,Geo,2026-03-07,72705,72777,72667,72674,72708,72724,72713,72795,72751,72716,72709,72631,72664,72995,72888,73018,72975,72900,72921,72896,72730,72882,72779,72761,72623,72656,72434,72372,72364,72372,72310,72178,72138,72082,72050,72169,72232,72329,72436,72435,72544,72608,72705,72854,72820,72694,72494,72445,,
NAP,NAP2201,NAPJ,nap,Geo,Geo,2026-03-08,72480,72550,72513,72557,72603,72549,72585,72667,72611,72770,72820,72903,72814,72715,72679,72669,72681,72603,72498,72584,72427,72487,72454,72628,72492,72491,72486,72598,72542,72511,72408,72270,72281,72285,72382,72402,72355,72474,72434,72530,72385,72383,72404,72366,72453,72513,72551,72504,,
NAP,NAP2201,NAPJ,nap,Geo,Geo,2026-03-09,72511,72461,72620,72520,72543,72628,72615,72564,72620,72546,72516,72440,72448,72453,72563,72735,72836,72710,72627,72510,72529,72550,72607,72634,72558,72405,72212,72126,72216,72272,72259,72290,72167,72322,72525,72563,72554,72583,72535,72526,72548,72463,72397,72446,72438,72520,72396,72573,,
NAP,NAP2201,NAPJ,nap,Geo,Geo,2026-03-10,72673,72647,72704,72734,72726,72771,72762,72739,72818,72775,72728,72673,72691,72747,72769,72831,72780,72672,72555,72582,72645,72635,72667,72601,72668,72603,72528,72618,72659,72518,72554,72522,72515,72488,72621,72560,72624,72627,72640,72618,72603,72655,72757,72835,72745,72970,73013,73001,,
NAP,NAP2201,NAPJ,nap,Geo,Geo,2026-03-11,73142,73132,73197,73242,73340,73344,73385,73250,73284,73352,73297,73277,73069,72967,72969,73002,72944,72983,72805,72763,72878,73020,72969,72868,72804,72829,59878,58370,71272,72530,72655,72658,72654,72606,72652,72613,72767,72824,72723,72703,72810,73076,73126,73033,72863,72696,72704,72755,,
NAP,NAP2201,NAPJ,nap,Geo,Geo,2026-03-12,72881,72814,72846,72867,72928,73018,73092,73038,73151,73120,73164,73193,73114,73129,73136,73073,73112,72995,72876,72774,72624,72548,72776,72790,72866,72857,72873,72723,72823,72839,72822,72747,72563,72487,72587,72604,72526,72576,72641,72712,72672,72704,72543,72625,72460,72446,72409,72407,,
NAP,NAP2201,NAPJ,nap,Geo,Geo,2026-03-13,72453,72399,72392,72432,72419,72505,72513,72508,72443,72459,72528,72511,72489,72457,72510,72491,72470,72436,72465,72469,72511,72289,72234,72243,72055,72105,72121,71974,71975,71772,71799,71750,71828,72012,72055,72107,72104,72163,72068,71958,71960,72023,72012,71909,71953,71916,71857,71878,,
NAP,NAP2201,NAPJ,nap,Geo,Geo,2026-03-14,71892,71883,71942,71871,71682,71619,71610,71679,71841,71864,71895,72016,72153,72229,72219,72200,71951,71893,71905,71866,71809,71661,71671,71783,71852,71869,71926,72009,72118,72124,72043,72116,72243,72459,72320,72383,72372,72568,72439,72096,72076,72128,72141,72076,72128,72244,72266,72315,,
NAP,NAP2201,NAPJ,nap,Geo,Geo,2026-03-15,72317,72363,72518,72466,72538,72465,72537,72563,72509,72496,72513,72516,72590,72642,72726,72754,72770,72635,72524,72370,72293,72376,72395,72392,72384,72551,72579,72548,72453,72495,72488,72385,72502,72495,72569,72455,72440,72702,72740,72625,72773,72859,72858,72966,72974,73069,72954,72774,,
NAP,NAP2201,NAPJ,nap,Geo,Geo,2026-03-16,71841,70444,70056,69960,70099,70238,70233,70098,70016,67362,67242,67002,66278,65461,66285,66876,66833,66498,66520,66565,66590,66590,66526,66507,66542,66535,66467,66359,66211,66134,66111,66048,66027,66106,66109,66093,66214,66259,66363,66309,66166,66137,66086,66143,66079,65998,66048,66055,,
NAP,NAP2201,NAPJ,nap,Geo,Geo,2026-03-17,66081,66100,65951,65998,66018,66021,66050,66068,66074,66119,66101,66139,66154,66189,66188,66568,66610,66604,66530,66454,66443,66557,66557,66469,66590,66513,66440,66635,66559,66587,66672,66644,66455,66521,66487,66488,66668,66706,66677,66730,66761,66709,66691,66617,66618,66461,66474,66515,,
NAP,NAP2201,NAPJ,nap,Geo,Geo,2026-03-18,66525,66534,66553,66539,66587,66556,66446,66433,66500,66446,66496,66510,66594,66584,66509,66569,66525,66621,66827,66816,66833,66902,66787,66806,66787,66795,66916,66871,66849,66969,66819,66824,66829,66876,66923,67002,66716,66427,66328,66341,66282,66266,66419,66379,66432,66438,66399,66234,,
NAP,NAP2201,NAPJ,nap,Geo,Geo,2026-03-19,66309,66386,66202,66229,66307,66273,66258,66167,66190,66129,66548,66802,66689,66916,66923,66867,66795,66802,66877,66855,66794,66728,66673,66836,66769,66758,66789,67003,66953,66949,66852,66597,66462,66526,66478,66395,66484,66275,66436,66499,66459,66404,66470,66416,66424,66462,66358,66382,,
NAP,NAP2201,NAPJ,nap,Geo,Geo,2026-03-20,66329,66326,66317,66252,66268,66246,66331,66345,66368,66390,66467,66303,66358,66418,66398,66195,66178,66209,66031,66223,66341,66286,66400,66446,66466,66397,66405,66291,66307,66248,66109,66058,65904,65949,65933,65936,66059,66066,66165,66152,66171,66137,66163,66180,66242,66212,66232,66214,,
NAP,NAP2201,NAPJ,nap,Geo,Geo,2026-03-21,66276,66221,66283,66378,66332,66280,66315,66670,66619,66785,66756,66776,66718,66720,66748,66745,66695,66765,66659,66696,66782,66783,66743,66670,66676,66593,66651,66771,66695,66705,66773,66847,66843,66831,66855,66814,66831,66799,66760,66833,66828,66879,66847,66860,66741,66762,66757,66744,,
NAP,NAP2201,NAPJ,nap,Geo,Geo,2026-03-22,66709,66762,66713,66731,66589,66661,66678,66677,66685,66700,66775,66742,66743,66687,66805,66788,66776,66732,66605,66333,66237,66191,66300,66199,66205,66204,66136,66320,66418,66331,66585,66615,66423,66497,66400,66227,66086,66138,66220,66253,66302,66242,66294,66328,66306,66393,66329,66354,,
NAP,NAP2201,NAPJ,nap,Geo,Geo,2026-03-23,66386,66387,66417,66503,66450,66506,66316,66223,66295,66263,66325,66282,66355,66219,66206,66195,66203,66177,66139,66121,66212,66334,66342,66325,66490,66561,66534,66510,66228,67081,68407,68787,69036,69634,69634,69624,69686,70122,70135,70864,72158,72232,72330,72313,72418,72226,72142,72103,,
NAP,NAP2201,NAPJ,nap,Geo,Geo,2026-03-24,72249,71970,72165,72130,72047,72193,72136,72009,72165,71846,71935,72133,72090,72047,72060,72092,71996,72006,72027,71855,72023,71925,72078,72213,72027,71978,71856,72110,72022,72155,72272,72317,72298,72334,72460,72291,71988,71987,72041,72166,72040,72021,72167,72185,72088,72045,72150,72130,,
NAP,NAP2201,NAPJ,nap,Geo,Geo,2026-03-25,72211,72211,72202,72341,72492,72466,72470,72645,72636,72679,72727,72672,72584,72631,72852,72787,72780,72583,72503,72674,72686,72533,72570,72580,72274,72071,62169,58429,64676,69818,71267,71701,72051,72011,72114,72033,72002,72148,72147,72216,72114,72187,72300,72304,72293,72229,72298,72333,,
NAP,NAP2201,NAPJ,nap,Geo,Geo,2026-03-26,72266,72361,72214,72300,72452,72385,72419,72442,72476,72418,72463,72315,72444,72328,72345,72322,72278,72307,72285,72238,72306,72249,72224,72188,72259,72385,72491,72416,72319,72192,72251,72265,72245,72251,72307,72272,72106,72119,72179,72124,72050,72147,72019,72104,72155,72005,72015,72001,,
NAP,NAP2201,NAPJ,nap,Geo,Geo,2026-03-27,72097,72100,72082,72133,72124,72053,72036,72010,71945,72007,71985,71972,72038,72159,72073,72229,72200,72281,72329,72244,72163,72057,72024,71940,71948,71904,71773,71768,71829,71785,71775,71770,71864,71914,72063,72090,72071,72115,72160,72126,72000,71920,71954,71980,71950,71706,71708,71725,,
NAP,NAP2201,NAPJ,nap,Geo,Geo,2026-03-28,71706,71858,71886,71943,72007,71920,71890,71948,71945,71927,71888,71824,71847,71921,71881,71949,71886,71931,71759,71785,71661,71626,71634,71616,71801,71801,71620,71648,71456,71580,71702,71682,71766,71797,71848,71558,71189,71216,71391,71321,71477,71609,71659,71647,71619,71595,71696,71676,,
NAP,NAP2201,NAPJ,nap,Geo,Geo,2026-03-29,71721,71693,71532,71560,71967,72142,72113,71931,72177,72300,72254,72333,72357,72481,72497,72505,72439,72453,72353,72275,72246,72263,72193,72203,72173,72175,72196,72187,72123,72089,71793,71765,71979,71964,72044,71976,72106,72222,72250,72333,72422,72342,72140,72333,72303,72284,72416,72309,,
NAP,NAP2201,NAPJ,nap,Geo,Geo,2026-03-30,72312,72203,72053,72115,72051,72160,72245,72301,72423,72315,72370,72344,72378,72390,72362,72346,72300,72214,72281,72234,72262,72290,72375,72218,72160,72075,71987,72068,71889,71914,71894,71858,71361,70073,71225,71490,70976,70685,70267,70080,69902,69860,69785,69964,69607,69673,69843,70351,,
NAP,NAP2201,NAPJ,nap,Geo,Geo,2026-03-31,70515,70503,70508,70632,70816,70841,70997,71072,71160,71097,70958,71163,71214,71145,71208,71175,71141,71088,71003,71263,71322,71299,71203,71269,71205,71248,71312,71194,71144,71125,71098,71170,71149,71217,71023,71507,71909,72402,72603,72312,72232,72190,72057,71993,72071,71889,71937,71903,,
NAP,NAP2202,MRPL,Ngatamariki,Geo,Geo,2026-03-01,53570,53337,53372,53147,53252,53115,53252,53354,53546,53425,53407,53676,53411,53537,53571,53281,53620,53494,53643,53353,53526,53427,53254,53094,52888,52691,52577,53032,52997,52600,52404,52215,52279,52197,52749,53272,53114,52926,53065,53227,53126,53204,53168,53301,53347,53316,53268,53228,,
NAP,NAP2202,MRPL,Ngatamariki,Geo,Geo,2026-03-02,53350,53418,53554,53403,53591,53373,53567,53226,53472,53607,53422,53609,53555,53320,53884,53666,53840,53882,53842,53834,53776,53809,53671,53656,53545,53631,53684,53662,53621,53507,53487,53680,53715,53674,53608,53690,53799,53644,53760,53807,53528,54082,53354,53523,53477,53369,53377,53283,,
NAP,NAP2202,MRPL,Ngatamariki,Geo,Geo,2026-03-03,53126,53428,53491,53197,53278,53497,53385,53285,53357,53410,53412,53550,53345,53057,53180,53408,53438,53517,53030,53177,53022,53062,53013,53155,52979,53134,53137,53025,52883,52907,52938,53157,52985,52982,53017,52974,53124,53101,53084,53222,53219,53206,53254,53354,53288,52991,53371,52999,,
NAP,NAP2202,MRPL,Ngatamariki,Geo,Geo,2026-03-04,53386,53321,53274,53268,53324,53431,53377,53229,53381,53537,53172,53532,53353,53349,53609,53388,53538,53223,53027,52416,52004,52021,52139,52889,53056,52816,52965,52947,52867,52621,52706,52439,52687,52944,53175,53154,53251,52848,53035,53387,53408,53483,53558,53642,53680,53670,53618,53715,,
NAP,NAP2202,MRPL,Ngatamariki,Geo,Geo,2026-03-05,53714,53548,53919,53789,53721,53688,53927,53652,53800,53780,53702,53434,53442,53619,53390,53699,53457,53849,53617,53736,53693,53408,53271,53091,53253,52882,52973,52945,53220,52986,52579,52628,52523,52656,52577,52632,52702,52911,53076,53249,53422,53389,53488,53488,53550,53465,53704,53518,,
NAP,NAP2202,MRPL,Ngatamariki,Geo,Geo,2026-03-06,53821,53834,53746,53791,53805,53861,53889,53921,53903,53840,53938,53941,53937,53932,53968,53967,53923,53788,53937,53823,53560,53689,53464,53664,53493,52873,52138,52664,52251,52392,52331,53251,53262,53135,52868,53156,53134,53343,53331,53442,53448,53595,53561,53543,53565,53646,53619,53734,,
NAP,NAP2202,MRPL,Ngatamariki,Geo,Geo,2026-03-07,53624,53677,53710,53817,53817,53970,53957,53880,53967,54015,53845,53928,53937,53967,54007,53805,54003,53932,53915,53744,53726,53776,53668,53531,53556,53540,53406,53472,53374,53366,53269,53284,53118,53010,52827,52842,52723,52847,53111,53363,53258,53468,53559,53621,53644,53625,53535,53534,,
NAP,NAP2202,MRPL,Ngatamariki,Geo,Geo,2026-03-08,53683,53622,53706,53707,53718,53783,53745,53738,53779,53844,53800,53886,53820,53927,53864,53924,53856,53847,53829,53747,53738,53425,53420,53590,53503,53478,53463,53027,53418,53293,53100,53513,53348,53285,53331,53403,53440,53458,53495,53385,53470,53450,53592,53647,53596,53646,53704,53750,,
NAP,NAP2202,MRPL,Ngatamariki,Geo,Geo,2026-03-09,53671,53683,53724,53736,53763,53682,53734,53803,53836,53763,53825,53834,53820,53862,53807,53874,53566,53647,53545,53352,52883,52902,53438,53357,53310,53221,53042,53206,53161,52986,52952,52812,52777,52299,52895,52537,52826,52693,52527,52544,52514,52970,53427,53308,53366,53492,53371,53515,,
NAP,NAP2202,MRPL,Ngatamariki,Geo,Geo,2026-03-10,53498,53591,53550,53559,53598,53650,53686,53638,53608,53656,53604,53651,53668,53638,53669,53685,53546,53577,53644,53347,51544,53439,56973,59847,60309,60593,60657,60573,60424,60405,60530,59657,57131,57232,59806,60983,60719,60811,60908,60615,61030,61379,61304,61355,61410,61376,61369,61164,,
NAP,NAP2202,MRPL,Ngatamariki,Geo,Geo,2026-03-11,61265,61259,61140,61276,61377,61251,61228,61231,61245,61291,61234,61406,61368,61461,61435,61423,61531,61626,62053,62041,61988,61967,61762,61772,61834,61827,61720,61936,61551,61784,61719,61679,61805,61681,61788,61903,61778,61844,61741,61877,61845,62165,62395,62756,62751,62717,62831,62854,,
NAP,NAP2202,MRPL,Ngatamariki,Geo,Geo,2026-03-12,63146,62889,62938,63176,63143,63095,63234,63134,63247,63200,63186,63342,63247,63321,63351,63353,63167,63109,63020,62689,62587,62218,62162,61598,61635,61527,61297,61440,61325,61310,61152,61150,61223,61414,61249,61410,61476,61708,61601,61681,61605,61673,62035,62119,62195,62222,62318,62531,,
NAP,NAP2202,MRPL,Ngatamariki,Geo,Geo,2026-03-13,62431,62488,62403,62588,62560,62530,62546,62571,62492,62593,62657,62760,62648,62589,62650,62601,62630,63032,62660,62557,62603,61845,61684,61720,61143,59883,59344,58910,59236,57966,57381,57787,58057,58987,59506,59384,59683,59879,59869,60108,60402,60433,60672,60876,60824,60996,60485,60204,,
NAP,NAP2202,MRPL,Ngatamariki,Geo,Geo,2026-03-14,60087,60257,60226,60307,60361,60395,60374,60718,60595,60408,60916,60955,61098,60943,61381,61144,61121,61257,61046,60464,60073,59983,60106,60128,60308,60251,59432,58882,59459,58467,58948,58467,58982,59725,59455,59523,59127,60622,61043,60887,60934,61130,60688,61045,61072,61108,61102,61106,,
NAP,NAP2202,MRPL,Ngatamariki,Geo,Geo,2026-03-15,61141,61152,61152,61192,61168,61923,61955,61978,62061,62145,62516,62535,62554,62562,62666,62625,62574,62564,62411,62147,61850,61616,61623,61738,61595,61363,61589,61396,61232,60490,60953,60694,60672,60512,60377,60009,59664,59995,60698,60955,61351,61212,60792,60505,60858,61013,61281,61249,,
NAP,NAP2202,MRPL,Ngatamariki,Geo,Geo,2026-03-16,61758,61719,61745,62007,62023,62062,61981,62047,62025,62037,62015,62053,62062,62057,62007,62181,62052,62299,62161,61783,61575,60869,59958,59405,59742,60152,58037,57763,57943,57557,58535,60640,61292,61469,61417,61633,61528,61634,61667,61682,61858,61781,62020,61879,62000,62116,62706,62761,,
NAP,NAP2202,MRPL,Ngatamariki,Geo,Geo,2026-03-17,62960,63022,62971,63076,62987,63053,62981,63105,63035,63127,63039,63181,63187,63194,63164,63167,62816,62643,62537,62290,62438,62709,62555,62551,62370,62460,62112,62170,61959,61599,60859,61849,61832,61696,61471,60909,61275,61174,61216,61546,61654,61719,61917,62206,62450,62581,62759,62709,,
NAP,NAP2202,MRPL,Ngatamariki,Geo,Geo,2026-03-18,62751,62788,62784,62818,62842,62853,62815,62825,62863,62884,62904,62853,62908,63415,63581,63579,63588,63597,63542,63448,63469,63055,62746,62293,61562,61393,61459,61377,61372,60923,61070,60595,60176,60262,60638,60665,60445,60511,60363,61136,61341,61979,61987,62537,62552,62810,62863,62874,,
NAP,NAP2202,MRPL,Ngatamariki,Geo,Geo,2026-03-19,62954,63088,63054,63180,63004,62927,62318,62343,62411,62439,62302,62273,62325,62365,62334,62418,62350,62340,62125,61742,61243,60997,60457,60506,60376,60413,60208,59869,59711,59481,59594,59482,58960,58605,58877,59124,59775,59885,59731,60421,61416,62218,62316,62412,62329,62327,62362,62420,,
NAP,NAP2202,MRPL,Ngatamariki,Geo,Geo,2026-03-20,62462,62579,62497,62544,62460,62547,62514,62528,62570,62579,62595,62668,62726,62717,62783,62711,62824,62786,62643,61988,61435,61323,61316,60961,60618,60738,60484,60499,60443,60288,60548,60526,60819,60958,60580,61066,61248,61241,61295,61285,61387,61374,61460,61607,61699,61711,62133,62133,,
NAP,NAP2202,MRPL,Ngatamariki,Geo,Geo,2026-03-21,62480,62634,62776,62746,63020,63310,63575,63672,64312,64270,64329,64266,64314,64315,64323,64341,64278,64282,64280,64213,64154,64004,63311,62693,62226,62165,60994,60554,60142,60363,60242,60486,60129,60415,60410,60119,59831,60456,60041,60548,60506,60723,61141,61397,61438,61380,61454,61489,,
NAP,NAP2202,MRPL,Ngatamariki,Geo,Geo,2026-03-22,62095,62073,62953,62960,63016,62972,63051,63044,62961,63035,63314,63263,63424,63353,63384,63404,63379,63321,63272,63176,63101,63361,62810,62734,62525,62143,61124,60868,60818,60876,60947,60858,60425,59487,59645,60128,60586,60914,61235,61179,61293,61774,62024,62213,62380,62570,62876,63121,,
NAP,NAP2202,MRPL,Ngatamariki,Geo,Geo,2026-03-23,63218,63204,63230,63462,63296,63382,63428,63453,63269,63508,63521,63511,63557,63462,63573,63677,63566,63559,63475,63143,62960,62807,62607,62441,62505,62284,62126,61766,61322,61409,60603,60532,60152,60464,60249,60143,60920,61170,61113,61496,61473,61832,61978,62024,62247,62557,63036,63154,,
NAP,NAP2202,MRPL,Ngatamariki,Geo,Geo,2026-03-24,63304,63330,63435,63484,63471,63519,63542,63504,63536,63566,63607,63836,64079,64290,64013,64218,64406,64471,64392,64291,64259,63295,62022,61494,61320,60990,59517,58602,57791,58030,59537,61747,62743,62593,62924,62730,62906,63126,63128,62956,63161,63231,63223,62600,62215,62495,62733,62756,,
NAP,NAP2202,MRPL,Ngatamariki,Geo,Geo,2026-03-25,62795,62998,63157,63164,63134,63149,63245,63354,63323,63343,63357,63346,63271,59179,57309,57373,57275,57311,57300,57201,57201,56915,56889,56919,56753,56531,56779,56601,56349,56308,56340,56383,56587,56586,56666,56890,56903,56809,57015,57035,56981,57087,57015,56993,57069,57064,57041,57082,,
NAP,NAP2202,MRPL,Ngatamariki,Geo,Geo,2026-03-26,57091,57096,57076,57121,57125,57107,57103,57172,57028,57156,57123,57020,57137,57152,57147,57121,57197,57119,57136,57012,57106,57285,57157,57184,57185,57152,57154,57146,57133,57197,57074,57153,57131,57085,57124,57125,57087,57228,57036,57104,57158,57105,57121,57048,56875,56993,57042,57165,,
NAP,NAP2202,MRPL,Ngatamariki,Geo,Geo,2026-03-27,57100,57073,57063,57120,57072,56945,56875,56959,56864,56893,57000,57003,56986,57007,56928,56985,56823,56954,57029,56495,56547,56020,56226,56457,56651,56251,56474,56386,56350,55734,56037,56240,56386,56357,56279,56567,56585,56674,56843,56889,56859,56818,56765,56889,56787,56824,56896,56756,,
NAP,NAP2202,MRPL,Ngatamariki,Geo,Geo,2026-03-28,56639,56885,56923,56858,56912,56882,56869,56888,56939,57015,57011,56923,57004,56829,57084,56810,56978,56977,56929,56965,56864,56779,56306,56012,56103,56299,55996,56020,55511,55272,55548,55613,55171,55645,55677,55742,55846,56295,56488,56872,56705,56789,56932,56846,56975,56975,56880,56928,,
NAP,NAP2202,MRPL,Ngatamariki,Geo,Geo,2026-03-29,56983,57079,56977,57083,57032,57169,57218,57260,57275,57229,57322,57329,57265,57286,57206,57307,57310,57193,57170,57157,57019,57188,57027,56807,56661,56409,56369,56054,55644,55442,55555,56008,55494,55342,55551,55954,56078,56439,56098,56483,56741,56285,56493,56694,56549,56737,57003,56564,,
NAP,NAP2202,MRPL,Ngatamariki,Geo,Geo,2026-03-30,56705,56828,56747,56967,56885,56950,56907,56999,56980,57078,57142,57105,57129,57063,57104,57175,57055,57128,57084,57102,57012,57077,56895,56660,55854,55447,55261,55568,56440,56166,55674,55533,55489,56184,56264,56443,56137,56394,57012,56716,56958,56906,56987,56998,57138,57002,56966,57036,,
NAP,NAP2202,MRPL,Ngatamariki,Geo,Geo,2026-03-31,56926,57036,56979,56998,56979,56953,56973,57010,57032,57141,57023,57261,57077,57132,57204,57122,57132,57131,56919,56364,56154,55745,55784,55712,55590,55596,55426,55263,55087,54989,54799,54962,54661,54289,54754,55507,55083,55282,56522,57094,49105,30571,31622,31872,31992,31982,32011,31986,,
NMA,NMA0331,TPCO,white_hill,Wind,Wind,2026-03-01,3119,1336,488,691,2200,3514,3450,2299,1190,744,1206,1384,9523,14240,17180,12466,18702,18730,15728,13465,11677,13690,18071,12615,9348,16016,9202,17710,15139,11845,17669,20987,16899,14883,14355,17634,19713,16782,12721,8169,7756,9249,13704,11912,8098,10309,8701,6025,,
NMA,NMA0331,TPCO,white_hill,Wind,Wind,2026-03-02,3858,3013,2409,2056,1496,1648,1439,2917,2062,1046,1067,1877,2431,2029,2386,2402,1864,2148,2247,1525,957,1124,4294,3849,5905,2610,1936,2662,1962,1413,3616,4349,3135,2450,3640,3669,4657,5481,5366,4730,5169,4147,3154,2292,1398,1080,794,744,,
NMA,NMA0331,TPCO,white_hill,Wind,Wind,2026-03-03,1569,1520,1216,812,877,752,1039,781,713,955,862,508,209,232,0,270,1697,2868,2821,4663,3347,1755,2324,637,285,35,0,0,0,0,0,148,744,1914,2707,3416,2736,3078,2613,1307,1175,507,0,0,0,0,0,0,,
NMA,NMA0331,TPCO,white_hill,Wind,Wind,2026-03-04,0,0,0,343,905,1207,1546,1279,2315,1223,641,1428,6275,6236,6057,3369,5873,7318,5877,8776,11246,8717,5735,3065,3554,3597,3295,3054,2881,3382,5626,7594,8036,12036,12297,14570,14696,16336,18513,18579,18454,11222,15765,14740,19884,19440,19698,21381,,
NMA,NMA0331,TPCO,white_hill,Wind,Wind,2026-03-05,21429,20649,21189,20433,19843,19330,19089,19290,19175,19231,19367,19545,23147,23270,23418,23320,22740,21900,21197,20038,19291,19327,19239,19225,17447,17635,20664,20876,20515,20802,20034,18882,18939,18448,19452,18847,17909,17621,17507,17526,17522,15995,14569,19590,19124,17201,15888,16323,,
NMA,NMA0331,TPCO,white_hill,Wind,Wind,2026-03-06,16603,16080,15960,16379,14919,14558,15069,13661,12762,14248,13495,13505,13502,13109,13611,16289,16560,15578,14822,15478,15553,15497,13931,13117,13715,14314,13197,15158,14239,14319,15193,13127,11544,11529,11608,10954,10631,10565,9644,9775,11144,9529,8445,8822,10540,13216,14053,14985,,
NMA,NMA0331,TPCO,white_hill,Wind,Wind,2026-03-07,16027,16888,15707,10387,6103,3660,3198,3673,5884,7275,9954,6956,8176,7229,7657,8597,8630,7964,10652,11321,11525,10000,5375,1878,1755,5315,2282,1658,138,46,56,236,560,1722,1954,2235,2573,4319,3934,4290,3204,4082,7037,10926,11954,9799,12111,11423,,
NMA,NMA0331,TPCO,white_hill,Wind,Wind,2026-03-08,11599,12880,12263,10912,10261,9066,15241,13872,11473,10849,13846,12152,14644,12916,8981,7664,5706,4746,1668,3463,7261,3664,701,415,322,1929,2933,3462,4694,7490,7451,6442,6097,9036,7636,6220,7514,4309,3532,2120,4809,4894,4139,4304,2130,3171,4946,1823,,
NMA,NMA0331,TPCO,white_hill,Wind,Wind,2026-03-09,98,0,0,0,0,110,635,222,93,452,714,409,324,154,840,1726,1869,1027,957,2965,1038,843,549,3085,2848,909,955,4816,3404,2437,1133,969,2162,3747,3349,2416,3348,3921,6105,5779,5014,4579,4453,4503,5640,5741,7040,8591,,
NMA,NMA0331,TPCO,white_hill,Wind,Wind,2026-03-10,11719,12676,7996,5209,2690,1576,1543,1610,1365,362,112,11,0,17,47,0,0,0,154,347,351,227,532,562,941,635,1,0,0,0,0,0,0,2,38,183,108,140,240,212,728,2486,3037,2324,1428,1726,1917,914,,
NMA,NMA0331,TPCO,white_hill,Wind,Wind,2026-03-11,378,52,0,0,55,148,1,0,44,146,36,131,323,518,758,1665,1841,1576,1081,1305,914,611,570,1626,2448,2097,1431,3373,4849,6611,3690,4501,7146,11106,13749,11690,15190,16510,14229,14101,16406,18015,16777,12984,10792,10945,8854,7428,,
NMA,NMA0331,TPCO,white_hill,Wind,Wind,2026-03-12,8494,7892,7733,12915,15292,17217,19516,19964,18863,18050,17847,19765,19365,18932,19062,12458,10172,11184,8776,9244,11300,10500,10274,16253,17573,18706,18178,17770,18235,16919,17006,16895,17453,15962,16321,15569,15275,13296,13460,14163,13443,12331,14742,15927,16146,16016,14488,14091,,
NMA,NMA0331,TPCO,white_hill,Wind,Wind,2026-03-13,15276,15081,14166,14201,12923,13460,13046,6976,4648,8008,7602,5952,2314,626,0,0,0,0,0,745,2067,2923,4439,7427,10618,11119,9485,6365,2886,1920,3498,2820,1090,2180,3040,2423,4388,1223,308,287,1109,1523,1321,995,855,1377,894,687,,
NMA,NMA0331,TPCO,white_hill,Wind,Wind,2026-03-14,374,116,532,460,535,1911,3908,5708,10866,10280,12993,18610,16442,19311,22537,21373,21557,21556,21523,20218,20136,20433,20062,20281,20209,20238,20245,19377,19287,18592,16582,18216,18732,18575,18391,17843,18390,18285,18459,18783,19495,17855,12488,12973,11749,14457,14738,15914,,
NMA,NMA0331,TPCO,white_hill,Wind,Wind,2026-03-15,15684,15563,15416,15219,17379,18013,18979,20789,21305,21742,21122,20525,20732,20449,20870,19805,19035,18632,18268,14193,8265,8128,4002,3959,2448,1121,855,288,223,1882,1120,548,1660,1569,3700,11510,16161,19418,19577,19333,19166,19321,19378,20118,20686,19865,19831,20022,,
NMA,NMA0331,TPCO,white_hill,Wind,Wind,2026-03-16,19999,20084,20083,18975,17215,17876,19733,20155,20123,19923,19516,19285,20074,20687,21199,21127,21159,19340,18421,18165,19524,18914,18444,17645,18745,20510,20574,19067,16898,18501,20325,20049,19484,16338,9797,3039,10,0,210,0,86,32,0,0,0,0,0,0,,
NMA,NMA0331,TPCO,white_hill,Wind,Wind,2026-03-17,0,0,0,0,0,0,0,0,0,0,0,0,44,83,0,10,769,2411,2661,1766,2033,2728,2272,3117,3374,2658,1877,3134,3547,5212,7151,10557,15412,13825,14288,15837,13517,13326,15017,12747,12029,13542,15142,19970,20434,21160,20800,21816,,
NMA,NMA0331,TPCO,white_hill,Wind,Wind,2026-03-18,19413,20880,22356,22533,21529,21597,20367,19632,18500,17460,17233,14688,14371,3372,1345,2004,2956,3777,7638,9829,9082,8660,8354,11811,12784,14773,16278,16845,14095,12565,9273,7317,5771,5150,4523,2207,1948,2696,2239,1569,1358,1018,554,27,0,0,0,0,,
NMA,NMA0331,TPCO,white_hill,Wind,Wind,2026-03-19,0,0,189,1445,1525,418,0,0,0,142,1084,1031,1563,845,634,356,1186,1438,1514,3169,2081,853,616,90,1,0,0,1,615,1893,2801,3212,3631,3870,3144,2271,1141,930,1186,1808,3474,2108,1414,1205,1522,1406,1165,570,,
NMA,NMA0331,TPCO,white_hill,Wind,Wind,2026-03-20,314,121,33,0,0,0,0,0,0,0,55,3,0,0,0,0,0,9,0,0,0,0,0,0,0,0,0,1,280,546,563,469,571,544,788,879,767,946,739,1017,1553,1257,682,304,100,247,128,0,,
NMA,NMA0331,TPCO,white_hill,Wind,Wind,2026-03-21,0,0,0,0,0,0,0,0,0,0,0,488,457,0,0,0,0,154,316,347,306,90,3,28,3,0,11,499,1577,3545,2954,1388,1640,908,170,1,3,421,3648,4162,1834,444,0,687,1854,8136,15746,18540,,
NMA,NMA0331,TPCO,white_hill,Wind,Wind,2026-03-22,16224,19744,20155,18904,19102,22622,20781,21063,17507,15275,17120,18038,19456,19862,18474,16788,17412,18888,18253,16547,10873,12614,12030,9821,10223,8344,1994,3145,3126,3618,3231,3437,3995,5731,5457,3037,2473,1680,1803,736,29,78,3,0,0,20,85,0,,
NMA,NMA0331,TPCO,white_hill,Wind,Wind,2026-03-23,0,0,48,1,0,0,0,0,0,0,0,0,0,163,805,2132,2823,2747,3466,3782,3499,4234,5027,6805,7326,8245,12269,14649,15624,16234,19275,20975,19588,20087,18598,18871,21480,17864,8136,11769,18424,23015,25058,24680,23272,19462,22335,18940,,
NMA,NMA0331,TPCO,white_hill,Wind,Wind,2026-03-24,18705,22912,23716,24851,24499,24728,23802,22080,19970,22335,24823,24751,21089,19731,25148,25297,24470,23524,20870,20929,22012,22088,22618,23336,22301,17554,18527,18662,16806,15945,14469,13725,11286,7328,4156,3758,2440,592,557,395,23,163,248,169,204,645,525,12,,
NMA,NMA0331,TPCO,white_hill,Wind,Wind,2026-03-25,0,1218,1991,1506,495,755,1380,1915,1844,1512,1676,1372,846,836,541,6,72,6,0,55,36,50,567,57,0,0,0,0,0,157,984,1446,1183,1121,1079,856,1176,1714,1985,1127,878,129,0,0,0,0,0,0,,
NMA,NMA0331,TPCO,white_hill,Wind,Wind,2026-03-26,0,0,0,0,1,112,0,49,0,0,0,0,17,48,28,0,255,1284,1106,494,1047,646,142,152,459,1404,1911,2138,740,1583,2743,8989,8882,7775,12747,12632,8403,5014,6129,5062,2355,2977,3784,3485,1542,1850,3127,3264,,
NMA,NMA0331,TPCO,white_hill,Wind,Wind,2026-03-27,1249,1666,1806,2463,2511,2138,1779,3283,4183,5769,3598,2619,1969,2524,3199,1807,448,245,524,1578,704,569,364,140,0,112,40,0,0,1,382,177,209,1230,2002,1899,2068,2463,1875,2658,1818,846,274,0,0,0,179,1665,,
NMA,NMA0331,TPCO,white_hill,Wind,Wind,2026-03-28,959,1842,3087,1059,946,1921,1694,635,441,1376,1923,2166,1332,1140,214,959,2581,2715,1680,513,118,5,0,0,0,26,156,192,758,262,16,626,1005,170,0,0,0,486,267,0,0,1,458,2848,1083,771,477,56,,
NMA,NMA0331,TPCO,white_hill,Wind,Wind,2026-03-29,0,0,0,0,0,0,0,90,169,205,438,168,45,0,0,0,0,0,911,12249,8400,5527,4021,3409,3352,3107,10645,6961,6219,6118,5627,5639,4924,5739,2819,2389,2776,1727,2194,2317,2243,3789,3036,4561,5083,1824,861,1910,,
NMA,NMA0331,TPCO,white_hill,Wind,Wind,2026-03-30,3644,5386,6965,7882,5997,7322,7457,8470,6324,4195,1910,675,36,213,518,1119,2200,3476,4491,6173,6018,10129,20789,19454,19328,21102,22086,21519,20464,19279,9058,3493,918,3213,6666,14731,22103,22166,22768,22677,21447,21698,23112,22548,21577,20415,21633,22330,,
NMA,NMA0331,TPCO,white_hill,Wind,Wind,2026-03-31,21670,8762,4755,6860,11374,15512,18924,18215,14604,19090,16196,15299,18636,18972,16632,10790,12231,8266,8718,9968,6320,6320,9636,8407,7196,6939,5856,7432,5656,2799,1811,1365,963,1566,1910,1981,2204,1799,1450,916,983,777,1417,2117,1634,1375,1624,1025,,
NSY,NSY0331,OTPO,paerau,Hydro,Hydro,2026-03-01,1727,1719,1715,1725,1718,1728,1705,1721,1706,1710,1710,1712,1711,1711,1703,1702,1729,1715,1711,1730,1728,1748,1490,1495,1492,1489,1472,1495,1506,1478,1478,1257,1243,1213,1212,1229,1213,1234,1224,1216,1225,1243,1230,1228,1240,1223,1255,1232,,
NSY,NSY0331,OTPO,paerau,Hydro,Hydro,2026-03-02,1236,1231,1240,1243,1231,1247,1225,1233,1249,1226,1232,1237,1241,1231,1255,1251,1371,1216,1736,1485,1487,1481,1494,1585,1580,1588,1593,1567,1584,1587,1583,1574,1584,1575,1565,1584,1583,1574,1582,1593,1579,1574,1576,1585,1595,1585,1581,1585,,
NSY,NSY0331,OTPO,paerau,Hydro,Hydro,2026-03-03,1571,1575,1441,1067,1052,1058,1064,1060,1053,1064,1070,1068,1105,1126,1134,1130,1134,1136,1134,1133,1134,1138,1128,1141,1132,1141,1138,1138,2254,2521,2506,2504,2488,2501,2496,2505,2493,2471,2488,2451,2505,1539,1516,1504,1545,1723,1745,1737,,
NSY,NSY0331,OTPO,paerau,Hydro,Hydro,2026-03-04,1720,1644,1487,1499,1494,1493,1469,1487,1468,1491,1493,1446,1092,552,1101,1104,1104,1435,1493,1504,1491,1512,1498,1509,1492,1496,1495,1480,1481,1516,1495,1507,1513,1514,1502,1505,1603,1866,2632,3039,3040,2974,3018,3027,3039,3290,3268,3225,,
NSY,NSY0331,OTPO,paerau,Hydro,Hydro,2026-03-05,3193,3162,2877,2635,2604,2581,2592,2575,2646,2172,2212,2394,2389,2405,2397,2403,2415,2393,2389,2393,2387,2406,2413,2403,2404,2386,1792,1748,1744,1762,1758,1767,1746,1762,1976,1985,2013,2007,1873,1764,1759,1766,1765,1751,1757,1741,1744,1748,,
NSY,NSY0331,OTPO,paerau,Hydro,Hydro,2026-03-06,1769,1747,1734,1762,1737,1742,1738,1729,1733,1727,1742,1760,1726,1756,1757,1746,1730,1729,1749,1310,1171,1099,0,0,0,0,0,0,1229,1517,1512,1495,1514,1521,1520,1531,1524,1514,1510,1566,1745,1743,1742,1754,1963,2179,2742,2750,,
NSY,NSY0331,OTPO,paerau,Hydro,Hydro,2026-03-07,2735,2774,2743,2700,2742,1496,1403,1400,1428,1478,1496,1497,1483,1496,1489,1482,1479,1735,1999,1991,1974,1978,1930,1751,1768,1748,1752,1741,1758,1762,1757,1759,1745,1749,1761,1753,1739,1751,1758,1750,1766,1754,1755,1744,1748,1742,1745,1865,,
NSY,NSY0331,OTPO,paerau,Hydro,Hydro,2026-03-08,1990,1961,2009,1983,1977,1993,1999,2082,2217,2232,2191,2024,1971,1976,1992,1982,1995,1983,1998,2001,2004,1965,1974,1954,1960,1993,1897,1880,1867,1898,1861,1883,1885,1897,1889,1897,1897,2002,2070,2054,2068,2077,2083,2063,2064,2092,2105,2064,,
NSY,NSY0331,OTPO,paerau,Hydro,Hydro,2026-03-09,2076,2097,2073,2086,2081,2083,2072,2100,2095,2079,2096,2090,2097,2115,2089,2111,2089,2120,2083,1998,1645,1482,1507,1246,1100,1107,1091,1228,1602,1736,1755,1729,1726,1732,1743,1738,1730,1749,1737,1723,1721,1719,1749,1720,1730,1741,1741,1735,,
NSY,NSY0331,OTPO,paerau,Hydro,Hydro,2026-03-10,1748,1747,1760,1725,1744,1741,1738,1744,1751,1765,1736,1744,1748,1761,1747,1662,1397,1390,1393,1367,1369,1314,1203,1230,1205,1212,1224,1246,1229,1308,1386,1380,1406,1367,1407,1388,1413,1436,1477,1480,1494,1476,1672,1972,1978,2017,2191,2173,,
NSY,NSY0331,OTPO,paerau,Hydro,Hydro,2026-03-11,2167,2188,2181,2191,2186,2185,2166,1993,1966,1997,1963,1967,1998,1992,1972,1990,2001,1990,1391,1400,1497,1483,1484,1481,1387,1241,1229,1233,1233,1235,1240,1719,1742,1748,1745,1746,1756,1790,1956,1972,1958,1975,1963,2113,2496,2485,2483,2485,,
NSY,NSY0331,OTPO,paerau,Hydro,Hydro,2026-03-12,2493,1981,1995,1964,1958,1985,1971,1987,1968,1962,1972,1952,1963,1957,1982,1983,1962,1976,1991,1992,1982,1837,1572,1582,1595,1617,1755,1650,1478,1501,1488,1543,1588,1591,1600,1579,1585,1596,1897,1973,1971,1973,2224,2210,2234,2092,1964,1952,,
NSY,NSY0331,OTPO,paerau,Hydro,Hydro,2026-03-13,1955,1947,1975,1949,1966,1967,1941,1962,1951,1977,1979,1969,1949,1951,1973,1983,2000,2005,1996,1990,2012,1998,2000,1989,1982,1621,1480,1492,1492,1483,1513,1495,1485,1729,1743,1765,1731,1759,1759,1762,1960,1978,1978,1997,1980,2006,1985,1981,,
NSY,NSY0331,OTPO,paerau,Hydro,Hydro,2026-03-14,1983,1995,1986,1977,1983,1991,1991,1971,1996,1990,2011,1987,1980,2008,1999,1990,1989,1988,1806,1485,1480,1499,1697,1748,1733,1737,1736,1751,1739,1764,1755,1756,1763,1738,1780,1900,1891,1895,1887,1897,1964,1980,1968,1974,1969,2491,2517,2492,,
NSY,NSY0331,OTPO,paerau,Hydro,Hydro,2026-03-15,2510,2447,2230,2247,2261,2233,2233,2237,2246,2245,2241,2254,2232,2172,1977,1992,2000,2011,2007,2003,2009,2021,1985,2003,2005,2006,1977,1785,1753,1744,1738,1742,1749,1749,1754,1739,1757,1769,1756,1764,1775,1755,1753,1750,1759,1743,1749,2001,,
NSY,NSY0331,OTPO,paerau,Hydro,Hydro,2026-03-16,1990,2010,1993,1985,2012,2490,2500,2504,2499,2484,2514,2489,2506,2489,2253,2265,2264,2262,2252,2274,2264,2245,2247,2029,1968,1985,2009,1993,1984,1980,1987,1971,1962,1994,1990,1976,1978,1972,1976,1976,1978,1981,1978,1988,2006,1999,2007,1998,,
NSY,NSY0331,OTPO,paerau,Hydro,Hydro,2026-03-17,2010,1987,1998,2007,2009,1962,2007,2004,1998,1996,1986,2025,1971,2006,2013,2018,2002,2012,2015,2011,2003,1740,1749,1737,1512,1493,1497,1501,1501,1513,1507,1498,1506,1516,1511,1505,1508,1510,1713,1739,1876,1978,2480,2506,2498,2489,2482,2506,,
NSY,NSY0331,OTPO,paerau,Hydro,Hydro,2026-03-18,2235,2262,2224,2153,2077,2060,2061,2090,2073,2046,2063,2074,2093,2093,1888,1893,1901,1925,1884,1825,1760,1752,1739,1744,1738,1751,1734,1734,1735,1755,1755,1743,1762,1772,1755,1762,1756,1764,1752,1738,1870,2257,2221,2248,2265,2229,2262,2211,,
NSY,NSY0331,OTPO,paerau,Hydro,Hydro,2026-03-19,2235,2239,2219,2151,2141,2122,2149,2128,2135,2146,2178,2135,2002,1938,1761,1740,1430,1397,1307,1399,1397,1457,1386,1355,1108,1107,1105,1106,1107,1094,1104,1116,1106,1100,1457,1510,1503,1531,1518,1534,1525,1774,1984,2239,2542,2720,3002,2998,,
NSY,NSY0331,OTPO,paerau,Hydro,Hydro,2026-03-20,2993,2519,2093,2049,2113,2080,2080,1995,2016,1982,2002,2014,1988,2003,1987,2009,2019,2003,2011,1992,2023,2016,1999,2007,2009,2007,1620,1591,1588,1612,1265,1251,1248,1268,1492,1514,1751,1765,1761,1625,1611,1601,1612,1597,2059,2077,2118,2185,,
NSY,NSY0331,OTPO,paerau,Hydro,Hydro,2026-03-21,2193,2192,2188,2190,2202,2201,2199,2192,2195,2153,2090,2092,2095,2109,2105,2110,2093,2105,2105,2113,2107,2107,2111,2108,2112,2109,2115,2072,2113,1847,1763,1760,1759,1756,1765,1558,1505,1513,1720,1757,1745,1762,1750,2240,2226,2226,2242,2232,,
NSY,NSY0331,OTPO,paerau,Hydro,Hydro,2026-03-22,2232,2217,2249,2235,2221,2252,2249,2242,2251,2232,2240,2241,2234,2257,2251,2190,2008,1992,2005,2019,1994,1807,1508,1493,1499,1488,1479,1110,1102,1114,6,0,0,14,1499,1512,1742,1752,1754,1756,1990,1974,1989,2004,1979,1976,1975,1988,,
NSY,NSY0331,OTPO,paerau,Hydro,Hydro,2026-03-23,1973,1976,2000,1991,1977,1938,1734,1739,1735,1732,1715,1731,1737,1744,1690,1637,1653,1647,1615,1495,1489,1497,1516,1512,1376,1225,112,0,0,0,0,518,1259,1271,1254,1266,1281,1394,1529,1529,1517,1527,1519,1528,1519,1485,1500,1491,,
NSY,NSY0331,OTPO,paerau,Hydro,Hydro,2026-03-24,1490,1475,1506,1481,1487,1503,1565,1575,1625,1591,1592,1597,1619,1765,1914,1900,1903,1957,2094,2106,2111,2017,1935,1871,1752,1743,1697,1606,1502,1517,1519,1532,1453,1398,1494,1512,1509,1501,1503,1504,1502,1591,1774,2488,2518,2504,2511,2514,,
NSY,NSY0331,OTPO,paerau,Hydro,Hydro,2026-03-25,2510,1807,1619,1477,1489,1888,2016,2225,2258,2266,2245,2243,2079,2013,2035,2017,2029,2040,2041,2012,1878,1524,1513,1280,1267,1253,1270,1273,1295,1287,1262,1286,1258,1344,1505,1506,1515,1506,1491,1490,1499,1491,1726,1777,1745,1859,1995,1976,,
NSY,NSY0331,OTPO,paerau,Hydro,Hydro,2026-03-26,1992,1999,2013,1882,1749,1736,1724,1743,1741,1765,1745,1729,1757,1736,1754,1740,1729,1750,1744,1745,1752,1755,1779,1770,1768,1560,1529,1524,1516,1516,1506,1501,1526,1646,1787,1979,1997,1973,1976,1981,1989,1986,1987,1782,1762,1780,1753,1764,,
NSY,NSY0331,OTPO,paerau,Hydro,Hydro,2026-03-27,1754,1754,1762,1748,1751,1742,1755,1768,1761,1765,1737,1759,1771,1762,1763,1762,1753,1769,1763,1795,1775,1777,1722,1616,1467,1380,1143,1111,1108,1113,1110,1118,1111,1104,1192,1397,1410,1401,1395,1398,1519,1777,1781,1776,1771,1654,1490,1506,,
NSY,NSY0331,OTPO,paerau,Hydro,Hydro,2026-03-28,1480,1505,1427,1381,1398,1385,1400,1391,1409,1382,1383,1393,1418,1382,1395,1386,1351,1277,1265,1244,1126,1123,1140,1119,1107,1119,1103,760,748,791,13,0,0,0,537,1077,1065,1092,1060,1467,2003,1792,2462,2460,2277,2020,2023,1789,,
NSY,NSY0331,OTPO,paerau,Hydro,Hydro,2026-03-29,1769,1760,1756,1759,1782,1752,1775,1441,1494,1481,1467,1478,1479,1453,1468,1476,1484,1497,1499,1720,1634,1753,1746,1509,1507,1518,1506,1495,1417,1089,1094,1096,1083,865,863,25,0,0,0,0,1601,1984,1990,1961,1979,1976,1764,1754,,
NSY,NSY0331,OTPO,paerau,Hydro,Hydro,2026-03-30,1744,1757,1751,1754,1735,1754,1718,1511,1507,1491,1506,1522,1278,1259,1252,1242,1249,1253,1250,1242,1265,1144,1103,1094,1098,115,0,0,0,0,0,0,1257,1504,1501,1507,1490,1501,1495,1716,1745,1737,1737,1729,1731,1725,1732,1728,,
NSY,NSY0331,OTPO,paerau,Hydro,Hydro,2026-03-31,1495,1498,1502,1494,1484,1489,1498,1499,1488,1504,1501,1490,1513,1488,1495,1503,1405,1298,1297,1296,1305,1290,1313,1301,1298,1281,1301,1317,1299,1280,1346,1422,1384,1403,1388,1399,1405,1395,1375,1401,1397,1401,1394,1403,1384,1392,1395,1403,,
OHA,OHA2201,MERI,ohau_a,Hydro,Hydro,2026-03-01,82622,83645,69813,81172,80453,69439,82959,84636,84827,86424,75000,56933,54803,56619,56203,55985,54800,55546,57378,57773,56237,56503,58093,57200,57123,72665,80154,80552,89781,91860,88730,91747,94451,91879,91192,87273,83952,85986,94614,95607,94933,93783,94528,94207,94049,95382,96432,95890,,
OHA,OHA2201,MERI,ohau_a,Hydro,Hydro,2026-03-02,85447,80355,75173,83064,79065,57222,56665,78567,56288,54853,53917,64705,73357,79742,81553,85783,81368,77013,80746,83676,90293,85967,80424,79667,94664,86554,84794,82190,84911,87703,86686,84842,85103,85823,83504,87116,78580,84619,84054,82328,83347,81463,83053,81615,81848,84484,82798,84267,,
OHA,OHA2201,MERI,ohau_a,Hydro,Hydro,2026-03-03,85208,79050,58017,55904,81505,54767,54389,54462,56418,71589,70056,57530,58546,57768,85293,86537,84273,82756,95200,95500,94960,94141,91398,88784,94640,87096,88554,78134,77054,76782,76893,70484,77133,69576,76241,86432,84513,83326,85090,93576,85378,92307,92478,86477,86961,82297,84932,94695,,
OHA,OHA2201,MERI,ohau_a,Hydro,Hydro,2026-03-04,96582,95975,96605,94032,94716,94188,94644,95638,96329,95071,95667,90691,93258,94013,93527,93862,92310,95413,93810,93990,91610,93512,89352,93689,93112,92699,94573,95155,92661,91807,88981,91116,91052,91879,95182,95177,93181,93732,93559,92931,94564,95793,94586,93678,92290,91765,92075,93495,,
OHA,OHA2201,MERI,ohau_a,Hydro,Hydro,2026-03-05,94102,93755,94514,93704,95183,95573,92028,85902,93763,94503,94870,93589,94010,93738,85570,89877,93714,93022,93801,91366,94307,83520,78402,78999,83599,80744,78156,80126,80672,95159,94658,95804,96050,95281,94416,96275,90072,94087,96574,96419,96607,96924,96335,96484,96233,96973,96940,94287,,
OHA,OHA2201,MERI,ohau_a,Hydro,Hydro,2026-03-06,84891,81953,77231,59349,78968,77895,76413,75868,80613,86345,73823,59456,55606,55680,74370,77281,78601,61355,59604,56087,55954,57398,56656,58758,57089,35676,27228,27569,27868,27603,26323,26034,69063,78158,97287,115886,112005,123049,123145,123079,123590,123526,120115,104630,105380,113679,99199,95553,,
OHA,OHA2201,MERI,ohau_a,Hydro,Hydro,2026-03-07,70267,69697,58637,54330,49941,29398,29011,28035,24050,24999,52254,56629,55726,55849,60563,58908,58566,59816,59142,62788,62109,59277,51570,55355,59353,52257,54518,55687,44586,44487,44484,44395,53550,56817,59286,57657,61760,101586,110972,115113,122823,118079,120156,110494,88328,82814,83909,62953,,
OHA,OHA2201,MERI,ohau_a,Hydro,Hydro,2026-03-08,44096,25544,25185,25315,28705,27847,27213,25142,30236,30423,28942,27029,25177,27722,28904,29069,28425,26197,28589,27652,27512,26210,25533,27340,27325,26903,25949,25413,26478,26724,26876,26894,25681,49416,54123,55663,58747,62333,77742,78433,83124,90580,82780,81849,66800,56530,56274,50548,,
OHA,OHA2201,MERI,ohau_a,Hydro,Hydro,2026-03-09,59438,36765,23467,26035,31199,27059,21898,21921,26891,55032,78770,87259,116074,113257,106379,106742,109249,109460,107183,103124,103880,108076,96033,92532,92038,92853,92195,93123,94964,103313,107722,112265,109754,101364,115290,121483,121654,124046,124355,124314,124411,124176,124520,124250,124442,124213,123849,104325,,
OHA,OHA2201,MERI,ohau_a,Hydro,Hydro,2026-03-10,103991,103972,103779,95546,102312,89802,86755,86551,100836,100971,95139,83993,92868,93780,108495,110378,108918,97904,95046,90425,90549,90256,90371,89956,89990,99700,99876,100832,100320,95481,90893,90625,94302,107104,112431,110245,111568,117632,118818,123638,123573,123919,124000,123343,123580,116199,98754,99389,,
OHA,OHA2201,MERI,ohau_a,Hydro,Hydro,2026-03-11,103489,102587,98632,97231,101292,94687,99425,92595,96808,101821,103499,109377,122198,122726,123072,122568,122178,122291,122315,122713,122852,122311,122089,116907,113081,112561,112528,101372,96573,95753,96730,96321,102714,107368,102299,107717,112991,112705,112243,111664,111692,111394,112237,110149,110654,109436,109061,108290,,
OHA,OHA2201,MERI,ohau_a,Hydro,Hydro,2026-03-12,108956,108236,108210,107769,107691,106707,105786,105873,103951,103999,103403,104427,105861,109183,102901,112131,112623,112642,113814,119069,119333,117681,112787,112449,111258,111067,110827,111755,109572,110810,111312,111461,111146,120362,112047,121166,120120,111402,111270,112685,114625,109203,108711,109334,108818,107849,107335,107254,,
OHA,OHA2201,MERI,ohau_a,Hydro,Hydro,2026-03-13,105212,105031,105181,104857,103747,105330,106730,106129,106069,108183,109703,108217,111556,111051,113607,110442,108540,108668,108677,108595,108720,109108,109014,108916,105948,89223,92042,92543,95497,96647,96526,96597,96540,96610,96464,96611,96675,96518,96182,96298,95982,95369,95869,95672,96160,95785,95399,95344,,
OHA,OHA2201,MERI,ohau_a,Hydro,Hydro,2026-03-14,94920,96017,95655,95488,96252,95109,94741,96092,96363,94871,95400,95707,94171,93384,94626,93931,94158,92773,93613,94610,94914,95353,95854,96132,95879,95609,95636,95558,95267,95157,94687,95407,94180,96145,96106,94638,94859,95490,94804,96156,95041,95099,94909,95147,95439,94711,94956,94802,,
OHA,OHA2201,MERI,ohau_a,Hydro,Hydro,2026-03-15,95362,95396,94965,94180,95254,63792,62422,80584,80800,95554,95209,84495,94699,79815,83201,93049,93610,96426,96399,96443,96417,96415,96383,96418,96309,96398,96455,96389,96393,96533,96406,96308,96363,96378,96441,96376,95429,94979,96384,96428,95030,96189,95781,95974,96363,95863,96041,94975,,
OHA,OHA2201,MERI,ohau_a,Hydro,Hydro,2026-03-16,95210,95205,95936,96366,95403,94570,95653,95937,96370,95928,95464,96053,96062,94714,93023,92896,94331,94771,90168,90003,89795,89890,89698,89656,90529,90779,94046,94181,94441,94298,94597,94032,94289,95044,94441,93576,92983,96067,95980,96439,96378,96360,96632,96530,96516,96436,96526,96596,,
OHA,OHA2201,MERI,ohau_a,Hydro,Hydro,2026-03-17,96534,96477,96522,96430,96461,96425,96476,96461,96444,96322,96253,96466,96184,96462,96372,96373,96329,96459,90551,89668,89449,89651,89808,89742,89639,89702,95078,95005,96194,96492,85075,88455,85323,90032,87884,95261,94165,94642,95541,95115,95521,95053,93663,93933,94108,57167,63057,81360,,
OHA,OHA2201,MERI,ohau_a,Hydro,Hydro,2026-03-18,90079,88982,85508,84150,92141,84460,84076,91936,83800,63050,82233,64467,68980,90136,90730,89301,96383,96661,89963,88847,88423,90482,90263,89900,89682,90068,93991,90790,90288,93859,94229,92727,93665,94861,95024,96314,96290,96287,96511,96273,96388,96456,96623,96470,96137,95727,95141,95743,,
OHA,OHA2201,MERI,ohau_a,Hydro,Hydro,2026-03-19,87281,85543,91437,91706,90248,82577,78370,78439,79044,78275,77774,85080,90970,92390,88190,91706,95325,96285,96470,96342,96451,96351,98174,96482,96404,95507,96614,95388,96548,96356,96506,95156,95081,95814,96084,96364,95863,96223,96267,96222,96157,96206,96529,96637,96355,95628,90093,95326,,
OHA,OHA2201,MERI,ohau_a,Hydro,Hydro,2026-03-20,96802,93482,92910,85073,86712,86141,87113,91452,91600,90737,94142,80114,88806,87356,94402,93831,94319,95843,95584,95417,94162,91340,88377,87259,84371,96646,95427,95287,96437,96777,96528,96152,95867,96529,96725,97066,96797,96292,96493,96532,96571,96521,96671,96544,96614,94040,96815,96753,,
OHA,OHA2201,MERI,ohau_a,Hydro,Hydro,2026-03-21,96709,96891,96602,95674,96572,97202,94335,93671,92411,91306,91286,92483,92858,93594,95189,93961,64913,63839,63796,63832,63776,63830,63300,62989,30959,31861,31862,31318,31384,28027,31861,31244,27994,28043,88842,56774,73328,94450,94925,96825,85044,116386,115269,109071,106984,115124,129212,128936,,
OHA,OHA2201,MERI,ohau_a,Hydro,Hydro,2026-03-22,114389,109421,107057,96832,104110,103959,104838,108662,109036,98022,87395,61006,56755,56157,85125,86218,90215,87749,86274,101424,112662,117954,119964,118861,115308,113451,114036,113929,114173,114754,114072,107903,113436,115312,115792,114976,113999,116975,111780,113385,115848,114692,112688,114711,115605,114415,111778,115905,,
OHA,OHA2201,MERI,ohau_a,Hydro,Hydro,2026-03-23,112825,111392,85703,85640,84028,77402,81659,84437,84475,84937,82884,86344,86137,88313,96980,113390,113229,116056,113610,113141,110664,110140,113016,97462,99879,112548,110001,109537,116288,113798,114071,115386,112976,114341,115556,119754,112749,115264,113636,120102,115696,116238,112194,114972,110642,114817,114290,112130,,
OHA,OHA2201,MERI,ohau_a,Hydro,Hydro,2026-03-24,109191,113113,89123,85461,87647,82528,83149,87149,68779,53202,63461,79886,85417,96238,115820,109076,120837,119915,121349,120906,117140,115982,110484,111704,111908,116130,114077,115303,115228,115192,115050,115284,115151,110098,115301,119766,118780,118660,112100,114952,114075,116100,115621,118589,111957,112381,112137,110072,,
OHA,OHA2201,MERI,ohau_a,Hydro,Hydro,2026-03-25,111787,92174,83788,82715,82204,82246,77960,86501,96739,86330,85403,88127,84879,102788,111083,115427,121748,124324,124218,119228,111799,116237,116732,116083,113936,112006,111726,104194,107785,112812,83593,86311,85827,84898,84132,86046,85580,84286,84793,83752,87193,85474,85148,87795,89629,79305,88187,83889,,
OHA,OHA2201,MERI,ohau_a,Hydro,Hydro,2026-03-26,86365,81532,78541,67942,76719,56281,56325,58966,59901,55196,55428,57295,81655,84235,104874,114350,117578,116676,116902,115107,115250,112980,113153,121469,116095,112559,112659,119521,114585,111886,112863,109927,118708,99467,94716,86780,82464,85467,83724,83999,83152,87601,85963,87440,83490,88750,86812,84099,,
OHA,OHA2201,MERI,ohau_a,Hydro,Hydro,2026-03-27,85165,89469,87751,78732,86224,86827,83960,83693,84848,85637,85334,87417,86193,88864,88354,89416,86370,88569,89338,89960,89914,89835,88298,89694,86452,84830,84531,77492,86036,85392,85611,84949,85090,84810,83705,83670,89304,83754,83815,86019,84538,86345,87767,83777,83633,78401,85430,82871,,
OHA,OHA2201,MERI,ohau_a,Hydro,Hydro,2026-03-28,82276,74999,60262,55553,54957,52384,52651,53604,56316,58801,66078,72240,76534,86162,87403,87304,84387,83398,86217,87386,86777,74062,72691,60654,76697,82197,72386,84989,85482,88153,87063,89082,89651,102168,104845,116381,109911,110425,108353,109798,110753,112588,111388,108140,109386,108665,112502,112566,,
OHA,OHA2201,MERI,ohau_a,Hydro,Hydro,2026-03-29,98602,95633,94438,87132,76425,79512,80976,79698,80934,82911,85933,85851,83011,94625,110560,112732,87318,110136,104722,109892,109305,105247,106710,104464,104067,111171,103318,112721,113501,113367,113255,113601,112781,86515,85238,84053,85744,83989,86126,85171,86071,86415,85598,82980,85685,84868,80796,55178,,
OHA,OHA2201,MERI,ohau_a,Hydro,Hydro,2026-03-30,60296,59747,57229,56547,53857,54354,55879,54119,54972,54770,55606,54864,54981,56422,84042,84218,68126,56610,60316,71943,63469,55766,54229,56767,58187,55363,56280,55785,57958,57530,67288,83262,80860,89264,88359,88401,89720,89807,87712,89250,89049,87157,90899,90438,85113,83864,85289,86141,,
OHA,OHA2201,MERI,ohau_a,Hydro,Hydro,2026-03-31,96129,86342,87614,82286,81280,82786,84368,84627,83850,84560,83618,82140,84700,85844,88049,82683,84973,85915,84642,86540,86695,85588,84400,83093,83196,88390,87049,85807,84461,85204,85197,85432,86002,84972,86127,89223,85243,86109,86024,86830,86261,84532,89226,84638,85523,82365,84319,83020,,
OHB,OHB2201,MERI,ohau_b,Hydro,Hydro,2026-03-01,74035,74645,71358,72346,71464,72436,74380,60162,56609,51293,47818,49738,49412,49750,48043,48413,47254,47595,48317,50498,47596,48255,49032,48030,49788,61575,70315,71921,78016,76780,74751,77095,79082,78885,78074,74148,72195,74891,80358,80403,80451,79974,80551,80332,79477,80866,81721,93345,,
OHB,OHB2201,MERI,ohau_b,Hydro,Hydro,2026-03-02,78610,71539,65598,73108,47657,49486,48287,46417,48292,48196,47628,50363,60342,72101,73053,76564,71974,68015,71346,72979,74446,75539,70397,68073,77753,74557,73088,71335,73388,76384,74619,72622,72601,73377,70720,73934,67225,55371,48408,46007,69337,73553,74332,74788,72587,76090,73301,72787,,
OHB,OHB2201,MERI,ohau_b,Hydro,Hydro,2026-03-03,72874,44905,48880,49697,49373,47401,48933,49550,50388,48351,51560,50280,52275,51532,76705,77689,75163,73330,78859,79222,78825,78773,76206,74003,74774,76187,79228,58523,53859,59369,79736,55389,52081,73965,76851,77432,75848,73691,74758,78449,75273,79007,78677,72015,73502,76927,78578,79563,,
OHB,OHB2201,MERI,ohau_b,Hydro,Hydro,2026-03-04,77269,77745,78905,78341,79224,79534,79311,79509,79788,79243,79838,76609,79284,80345,80104,80271,79661,80420,80493,80588,80366,79645,80361,80808,79832,79526,80517,80364,80269,80447,80131,80411,80433,80407,80636,80534,80435,80345,80024,79597,80074,80209,80243,80067,79174,79412,78679,79108,,
OHB,OHB2201,MERI,ohau_b,Hydro,Hydro,2026-03-05,79803,79715,80088,79434,80154,80392,79791,80263,80575,79976,80365,79617,79112,79170,80266,79486,78702,78338,78660,79363,80187,80248,80181,80411,79686,80595,79530,80498,80559,80644,79551,80716,80756,80470,79762,80876,77587,79638,75037,70924,71477,73420,71891,71683,71402,72873,73894,72040,,
OHB,OHB2201,MERI,ohau_b,Hydro,Hydro,2026-03-06,67800,65818,64723,47624,63363,64315,63066,62992,64632,70050,59709,47705,49624,47851,61194,62291,63652,49940,48052,50325,51150,47814,45920,47582,46632,32290,22927,22819,23137,22860,23044,22791,61686,74694,77687,94697,91129,104844,105676,105583,107212,107040,102829,80347,79967,92801,87608,80396,,
OHB,OHB2201,MERI,ohau_b,Hydro,Hydro,2026-03-07,53446,52989,47363,43324,46239,23349,23063,22591,21434,24439,42267,46756,44977,48642,49931,50105,50677,49303,49345,50105,51958,53789,46169,46671,49800,43409,45247,46804,36234,36654,37314,37384,46838,47232,50802,51788,52686,83581,97666,93676,103899,98487,101637,89983,71894,65981,68649,50981,,
OHB,OHB2201,MERI,ohau_b,Hydro,Hydro,2026-03-08,28504,24364,25404,23092,22621,22165,22018,24951,24589,25155,23731,22002,25237,23750,23913,23926,24890,22909,23922,24528,22707,21256,25309,22336,22083,21228,23938,23647,24588,23700,24036,23212,23059,36924,48139,50641,50042,55622,70560,74349,73617,98200,95747,68200,45522,43076,44053,41736,,
OHB,OHB2201,MERI,ohau_b,Hydro,Hydro,2026-03-09,34243,25306,28974,28249,23929,22657,21893,22704,26344,58309,70854,72703,95375,102443,80308,76974,78239,78696,79614,80397,80462,79907,80309,80321,79786,79811,79749,80099,80423,80505,79346,80034,79985,80306,94080,103524,105358,107239,106873,106561,106984,106354,107056,106709,107326,106470,106387,94544,,
OHB,OHB2201,MERI,ohau_b,Hydro,Hydro,2026-03-10,93952,93905,95338,87570,95074,82553,73730,74264,78489,77031,77371,78187,80815,78924,80022,79822,79567,80293,78811,79957,80680,80469,80415,79974,80278,80461,79557,80447,80348,80107,80460,80416,80480,80763,79115,80289,89180,99893,100372,107075,106743,106867,107110,106696,106786,104131,94985,88925,,
OHB,OHB2201,MERI,ohau_b,Hydro,Hydro,2026-03-11,82829,84344,83996,84235,85798,80066,80007,76082,78804,88151,99667,94645,104632,106337,106123,105757,104269,104471,104391,104793,105040,104377,104137,104449,93514,95817,95802,81071,79920,79346,79926,82256,78163,79656,75377,79390,103467,103426,99136,93835,95734,87910,96364,90963,89435,88057,91304,86335,,
OHB,OHB2201,MERI,ohau_b,Hydro,Hydro,2026-03-12,87338,86525,88022,85661,84620,80803,79544,79634,78530,78806,82826,87926,97522,91282,103170,90481,92173,86731,103390,102355,94522,90000,84355,83013,89201,89302,83803,103521,99649,92191,106323,104100,82801,92417,84860,94780,95857,101779,102709,99223,87588,90281,86564,87005,86617,86232,85219,86796,,
OHB,OHB2201,MERI,ohau_b,Hydro,Hydro,2026-03-13,83031,79947,76521,76535,74001,72335,70754,71169,81165,89868,92754,92932,96248,102530,106278,106334,103327,94442,86139,84661,86489,86792,86241,84763,84448,77664,75437,75364,82050,84960,84932,91117,86177,85949,86058,76834,76318,76971,77904,78382,78766,84025,85407,74435,63291,83225,81142,77849,,
OHB,OHB2201,MERI,ohau_b,Hydro,Hydro,2026-03-14,75264,71982,69918,66138,75951,74672,80035,74151,72812,80085,74153,75013,80238,80126,80449,80050,80452,79649,79747,80601,80595,91457,96027,102854,101530,88339,80055,80311,80388,79619,78137,79744,79906,80786,80765,79846,80200,80414,80182,80335,97604,91909,83926,69140,68968,77336,89205,74031,,
OHB,OHB2201,MERI,ohau_b,Hydro,Hydro,2026-03-15,71847,71845,68712,65040,74436,55730,54464,65794,66480,64447,79470,68173,79832,64199,67315,80032,79645,95478,99968,95581,80895,81054,81036,81390,81047,80358,77986,77102,77379,77910,77311,87741,89529,88850,88936,89228,89574,91380,84755,73658,89132,99383,100066,78141,74263,68733,77812,73338,,
OHB,OHB2201,MERI,ohau_b,Hydro,Hydro,2026-03-16,98319,98110,76936,76992,75954,71610,66293,73554,76204,70593,71404,66357,74101,80066,79892,79770,80388,80443,76143,74666,76045,76622,75933,76098,76751,76462,80346,80076,80344,80105,80621,80058,80482,80865,80292,78627,76990,97855,89508,101863,100722,99765,91000,86062,84448,83579,78667,78381,,
OHB,OHB2201,MERI,ohau_b,Hydro,Hydro,2026-03-17,80001,90174,93354,91366,91708,91681,81955,75319,70439,69653,69359,69828,80243,99597,99783,100753,79693,69294,71784,75447,75683,77245,79269,80953,77891,72137,72972,79040,79899,77312,75494,76944,75082,78348,78405,78530,77595,79213,79875,79675,79836,79413,78180,78356,78452,75841,71776,64358,,
OHB,OHB2201,MERI,ohau_b,Hydro,Hydro,2026-03-18,60056,55612,50555,48418,54797,49934,49441,76857,63259,67836,74313,58086,66886,78130,77925,77735,80706,80692,76032,77645,79812,74185,67926,67221,68802,67706,69523,72517,73631,79837,80556,78288,78986,80499,83688,90610,94515,95255,92994,90999,89947,90937,90806,88520,84672,69222,78545,76316,,
OHB,OHB2201,MERI,ohau_b,Hydro,Hydro,2026-03-19,75923,68736,63237,57090,53211,45812,49893,64628,65631,65222,64508,70215,75986,100186,98177,97764,96624,76060,72193,68817,95358,101950,84468,70316,68565,83701,98581,80382,71589,100155,77527,76169,79984,84685,84752,74697,84200,92380,99447,98916,96282,89128,82483,76631,77522,67456,70791,70273,,
OHB,OHB2201,MERI,ohau_b,Hydro,Hydro,2026-03-20,73679,69259,66201,58954,60766,60870,65126,73835,76564,74364,75001,64964,82965,97604,96946,91979,88461,69111,69250,68480,71571,74190,70989,74820,75091,71631,69673,74425,97771,102214,88299,96538,89252,87502,87369,88182,75372,73657,75415,84336,97462,93863,76200,69759,71321,72037,74285,68574,,
OHB,OHB2201,MERI,ohau_b,Hydro,Hydro,2026-03-21,71448,69609,70850,68563,70497,72559,73945,76773,76959,77128,77006,76837,77050,77995,79963,79396,55087,50093,52460,53025,53026,53125,52710,53151,26537,26083,26124,26191,26161,26091,25808,25750,25820,25827,76487,68703,41961,78463,80391,98778,99557,103950,107193,107168,107100,105661,99157,98576,,
OHB,OHB2201,MERI,ohau_b,Hydro,Hydro,2026-03-22,79084,73925,56271,50384,77876,94731,94185,88310,88450,76535,68704,49406,47686,49546,70803,70964,75544,72205,71283,82927,95623,97550,99283,99516,96140,92285,93013,92531,92646,93434,93077,89557,92455,94053,94982,94485,92687,96448,90780,99048,94934,93006,90530,93671,94639,93646,90549,94865,,
OHB,OHB2201,MERI,ohau_b,Hydro,Hydro,2026-03-23,91009,89982,69549,69061,71815,66715,67297,68093,68182,68558,66254,70262,70047,73077,82272,93252,92179,94473,93279,91065,94265,99144,87655,77142,78589,90909,90720,91599,97364,94423,95460,93364,91280,92535,94106,98627,100515,94558,91265,100092,93342,93823,90217,94117,99438,93242,91299,89417,,
OHB,OHB2201,MERI,ohau_b,Hydro,Hydro,2026-03-24,86973,90338,72552,68535,71466,73938,67730,71037,58373,43453,51436,64287,71011,78414,102086,94545,99229,97846,100897,100884,96533,94682,94172,89896,89819,95424,93261,94770,94654,94206,94321,94745,94487,93851,93931,98583,99791,99998,91965,94111,92641,95590,94792,97668,95322,90337,89839,88433,,
OHB,OHB2201,MERI,ohau_b,Hydro,Hydro,2026-03-25,91213,75714,66302,65866,74014,74447,60564,69989,76051,70796,69822,72661,69475,84779,98113,94487,101129,104209,103912,97541,99441,98668,94277,94167,91043,88710,89680,89005,87607,91573,67273,70077,70269,68264,67771,70295,69805,75134,68550,67359,70852,69315,68894,72349,75879,68960,72034,66982,,
OHB,OHB2201,MERI,ohau_b,Hydro,Hydro,2026-03-26,69880,64802,62385,54200,65219,51284,47732,47585,49012,47601,47796,46209,65896,74536,84720,93658,97353,96571,96809,94699,94395,98470,93902,100755,94483,91538,89646,99412,93170,91048,91974,98050,99033,79777,76024,71192,75291,70177,67417,68159,66984,71871,70509,72327,74236,73558,70818,67789,,
OHB,OHB2201,MERI,ohau_b,Hydro,Hydro,2026-03-27,69216,73939,73613,67113,70239,71049,68306,67706,72605,70503,69641,72443,70977,73827,72522,74630,78280,74620,73932,74796,74428,75033,72713,74807,71561,68819,68417,68671,70724,69550,70060,68977,69532,69621,68266,67789,74582,74490,68598,74250,69107,70398,72065,68914,68481,63301,69947,66658,,
OHB,OHB2201,MERI,ohau_b,Hydro,Hydro,2026-03-28,66759,60330,49039,45700,45363,44593,44551,44648,47162,49008,56442,62527,63494,70181,71658,71926,69277,68131,70958,71198,70687,61060,59611,49764,60587,74604,62173,69612,69680,72484,71442,73972,74373,84458,88295,95707,98774,99880,99970,99840,99408,99775,99612,96491,97702,91861,89928,76052,,
OHB,OHB2201,MERI,ohau_b,Hydro,Hydro,2026-03-29,71081,70489,71607,71271,63628,68679,68789,68709,67398,71204,74987,73729,70026,73409,75135,75218,74335,74685,95270,99374,98795,98559,96463,91502,90870,99153,92677,90005,76844,76241,76091,76206,75834,74746,79954,75973,77116,75617,76711,75413,76332,75864,74926,72235,73951,73175,69505,46563,,
OHB,OHB2201,MERI,ohau_b,Hydro,Hydro,2026-03-30,49745,48476,45149,46602,44260,44500,46092,44718,45070,44850,46081,45104,45008,46411,51804,52623,52374,49585,52329,51625,49646,50982,51370,52315,51920,48934,49788,49215,51104,50613,51992,52781,73578,80235,78706,76446,79926,80006,77798,78280,78525,75687,78862,78317,72988,71748,73134,73454,,
OHB,OHB2201,MERI,ohau_b,Hydro,Hydro,2026-03-31,79703,73093,75010,69627,68537,60520,51793,49922,71021,74475,73129,71385,73288,74080,75894,71747,72498,73261,71941,74222,73866,72075,71096,70423,70133,72255,70774,69589,70357,70885,68574,68721,69904,71207,71661,73160,70772,72170,70098,70025,69560,70840,75512,68481,68477,68879,49648,47575,,
OHC,OHC2201,MERI,ohau_c,Hydro,Hydro,2026-03-01,73069,73396,71274,71593,69732,70444,73947,58864,55980,51022,47137,49448,48807,48643,46926,47875,46980,47197,47967,49761,46893,47832,48448,47515,49188,61093,69651,71117,77216,75587,73346,75677,77826,77766,76824,72567,71714,74566,78717,78710,79072,78874,79465,78886,77853,79858,81419,92703,,
OHC,OHC2201,MERI,ohau_c,Hydro,Hydro,2026-03-02,76890,70360,63577,72834,46450,48166,47650,45919,48452,47901,47434,50109,60514,70433,71873,75586,71513,66909,70485,72219,73512,74939,69590,67298,77083,74205,71635,70685,72542,75251,73776,71389,71638,72466,69847,73098,67052,54925,47892,45802,69132,72975,73016,74007,72068,74717,72505,72187,,
OHC,OHC2201,MERI,ohau_c,Hydro,Hydro,2026-03-03,72079,43477,48069,48450,47996,47321,48394,49384,49983,47252,50706,49769,51985,50398,75110,76873,74160,72934,78102,78479,78611,79207,76562,73347,74970,76342,79033,57821,54473,59509,79327,55935,53120,74275,76106,77145,76860,73694,74525,77868,74416,78307,77964,71233,72599,76537,78152,78907,,
OHC,OHC2201,MERI,ohau_c,Hydro,Hydro,2026-03-04,76126,77013,77929,77657,78504,78632,78154,78808,79114,78364,78967,75257,78605,79206,78839,79497,78674,79490,79487,79844,79262,79091,79146,79654,79076,78523,79639,79537,79138,79587,78909,79586,79469,79669,79442,79584,79419,79294,79534,78654,79199,79206,79582,79106,78303,78653,77952,77958,,
OHC,OHC2201,MERI,ohau_c,Hydro,Hydro,2026-03-05,79258,78805,79399,78234,79250,79557,78681,79478,79727,79200,79456,78628,78635,77834,78750,78793,75846,74248,75479,77710,77627,78257,78653,79246,77138,79595,78812,80098,79852,80218,78976,80672,80341,79927,78737,80024,76419,78905,74244,69888,70918,73481,71723,70833,70549,72310,73715,71274,,
OHC,OHC2201,MERI,ohau_c,Hydro,Hydro,2026-03-06,67073,65062,63140,46171,63896,63317,62705,62089,64498,69551,59241,46944,49206,45822,60470,61005,64873,48908,47366,50191,50460,47592,45570,47280,46072,32028,23058,22300,23062,21884,22052,22584,62237,72801,76675,93571,89860,104014,104255,104272,105393,105693,102347,79061,78513,92403,86432,79051,,
OHC,OHC2201,MERI,ohau_c,Hydro,Hydro,2026-03-07,52167,52229,47178,43096,46160,23280,22090,23436,21214,24347,42542,46647,44342,48457,49529,49590,50297,47984,48200,49616,51582,52726,45505,46638,49289,43116,44850,46748,35521,36333,37157,36914,46898,47768,50296,50763,51971,82815,96985,93270,102752,97571,99283,88094,70799,64986,68473,50888,,
OHC,OHC2201,MERI,ohau_c,Hydro,Hydro,2026-03-08,28473,24104,25506,22783,22433,22391,21933,24922,24486,25173,23651,21951,25007,23689,23960,23899,24645,22796,24073,24821,22888,21283,25250,21959,22070,21359,23631,23710,24557,23586,23990,23188,23525,37243,48056,49960,49641,55151,70585,74189,73110,96500,94692,67567,44496,42971,43837,41714,,
OHC,OHC2201,MERI,ohau_c,Hydro,Hydro,2026-03-09,34277,25222,28521,28724,23311,23598,22276,23077,25877,59394,70767,72395,95190,102076,79137,76030,77398,77173,77669,75853,75868,76250,76154,73559,78495,78748,77646,74745,73818,79980,78560,78717,78726,79539,93216,103373,104535,105376,105366,105190,105403,105374,105837,105235,105938,105030,105356,93587,,
OHC,OHC2201,MERI,ohau_c,Hydro,Hydro,2026-03-10,92494,92876,94955,87403,94371,81413,72046,73078,77701,76270,76968,77344,80652,77868,78885,78841,78693,79128,77673,78987,79567,79303,79493,78966,79215,79383,78523,79632,78877,79216,79427,79375,79592,79927,79009,79534,88394,98919,98450,105532,105529,105294,105859,104958,105627,102966,93250,88058,,
OHC,OHC2201,MERI,ohau_c,Hydro,Hydro,2026-03-11,82686,83904,83368,84114,85974,79175,78575,75687,78046,87448,98288,93479,103324,103770,104781,104238,102766,103128,102940,103493,103959,103072,102855,103391,92274,95625,94813,81551,76537,75918,76349,81330,76458,79825,74866,76265,102562,102417,97766,92380,94578,87227,95822,90286,88237,87480,90753,85914,,
OHC,OHC2201,MERI,ohau_c,Hydro,Hydro,2026-03-12,86139,86082,87624,85304,84243,79723,78436,78072,77808,77728,82049,86843,96780,92148,102120,89978,91125,85364,101405,101536,92541,88983,83009,81663,87456,87040,83062,103157,98807,91205,104007,103228,81917,91732,83320,94321,94256,100680,101468,98269,85987,89670,86483,86010,86022,85369,84530,85625,,
OHC,OHC2201,MERI,ohau_c,Hydro,Hydro,2026-03-13,83056,79119,75515,75671,72877,70776,69330,70687,80463,88975,91741,91835,95654,101085,103863,104308,102913,93275,85360,83104,86432,85743,85132,83261,83687,76844,74505,74536,81112,83668,84151,90778,85231,84847,85271,75683,75255,75842,77397,77092,77522,82686,85233,73749,61571,83213,78649,76711,,
OHC,OHC2201,MERI,ohau_c,Hydro,Hydro,2026-03-14,73714,71237,69515,64288,74942,72808,78724,72708,71639,78620,72727,73716,78246,78132,78293,78629,78891,77529,78042,78799,78910,91084,94525,101575,99659,86657,77103,75798,78212,78212,76244,77954,78170,79147,79189,78348,78911,78664,78733,78905,97227,91415,83494,67539,66841,75448,88528,72029,,
OHC,OHC2201,MERI,ohau_c,Hydro,Hydro,2026-03-15,71170,71244,67307,62724,73614,53721,53202,65290,64655,64149,78090,66548,78371,63024,65938,78440,77589,94274,97480,95021,78332,79220,80525,80455,79698,78909,76734,75878,75613,76417,75088,85683,88328,87041,87561,86979,89004,90516,82798,72880,87989,97135,98376,77206,72879,66406,76490,72161,,
OHC,OHC2201,MERI,ohau_c,Hydro,Hydro,2026-03-16,96654,97112,75288,74817,74880,69754,65336,72399,74874,68794,70031,65470,73035,78228,77929,77334,77870,78517,74774,73906,73744,74550,73484,74121,75176,74929,78529,77939,78208,78258,78604,78242,78504,78588,77844,76519,74923,96691,86927,100267,98527,97468,89956,84848,81870,81726,77480,76572,,
OHC,OHC2201,MERI,ohau_c,Hydro,Hydro,2026-03-17,78511,87208,91530,90690,89891,90628,80752,73880,69410,67896,68779,69014,79359,98021,100057,101435,78543,72336,72422,71429,72864,73352,72962,70941,67965,74955,72761,69745,69456,64614,74034,75233,73078,76178,76967,76547,75352,77829,78645,78501,78403,78164,76446,76937,77558,74565,71287,64018,,
OHC,OHC2201,MERI,ohau_c,Hydro,Hydro,2026-03-18,59822,55438,50222,47709,54468,48860,48669,76436,63254,67144,73201,57471,66957,77127,75887,76086,78268,78376,75172,76375,77561,73501,66692,66414,67493,66691,67808,70717,72284,78728,78332,76935,78263,77849,83688,89906,92612,92083,90683,89879,89093,89138,90342,88111,83677,67854,77875,74943,,
OHC,OHC2201,MERI,ohau_c,Hydro,Hydro,2026-03-19,74382,67388,61725,56268,52491,44983,49849,63803,64199,64316,63466,69231,74884,99187,97960,97016,93333,74805,70156,66807,94670,99964,82786,68739,67678,82519,97104,78532,70700,99755,76225,74575,78309,83845,83415,74472,83283,91294,98200,98158,95257,88676,81287,75850,76198,65526,69416,69190,,
OHC,OHC2201,MERI,ohau_c,Hydro,Hydro,2026-03-20,72766,68376,65343,58372,59946,60539,64681,73183,75545,72902,73566,63902,83002,96428,95956,89792,86269,68241,67979,68090,70679,73230,69596,73682,74767,71327,68496,73218,97196,101203,87070,95919,88343,85141,85648,88025,75112,72715,75302,84679,97844,94214,75933,69771,71377,71158,74165,68724,,
OHC,OHC2201,MERI,ohau_c,Hydro,Hydro,2026-03-21,70904,68809,69945,67996,70525,71987,72938,75762,76006,76177,75793,75466,76001,76951,79179,78530,54274,49784,51200,51849,52031,52378,52273,53045,27075,26054,26533,26493,26064,25954,25763,25443,25689,25490,76388,69004,42542,78355,79023,98522,98786,103708,106531,106621,106643,105533,98431,98124,,
OHC,OHC2201,MERI,ohau_c,Hydro,Hydro,2026-03-22,78459,73646,55083,49874,78218,93652,93429,86969,87931,75456,68369,48938,46481,49598,70941,70017,75169,71082,70378,82770,95448,97032,98935,97212,94896,91681,92250,92030,91242,93446,92270,89264,92295,93819,93374,94020,92121,95328,88898,98564,94222,91770,89950,92987,93185,93324,89670,94541,,
OHC,OHC2201,MERI,ohau_c,Hydro,Hydro,2026-03-23,89979,89331,69282,68123,71188,65663,66565,67085,67550,68160,65533,69788,70811,72122,79984,91847,92112,93194,93039,89695,93443,98047,92849,73611,76257,89006,87680,88987,95955,92845,94584,92633,88715,92248,93625,97716,99400,93218,90592,99347,91884,93232,89287,93629,98210,92107,90259,88561,,
OHC,OHC2201,MERI,ohau_c,Hydro,Hydro,2026-03-24,86540,89183,71683,67527,70650,73012,66748,70475,57598,42972,50371,64505,70693,77629,101527,93603,97494,96118,100028,100626,95744,93546,92112,88806,88966,94913,91899,93036,94545,93569,92694,93139,94242,93379,92842,98278,99002,97967,89687,92276,92460,94458,94545,97075,93176,89075,88664,87906,,
OHC,OHC2201,MERI,ohau_c,Hydro,Hydro,2026-03-25,89750,73918,65173,64162,73823,72656,59971,69958,74950,69640,69014,72010,68713,84270,96476,93360,100234,102752,102452,96826,98101,97446,92736,92132,89473,87626,89167,87911,85908,92252,66232,69256,68115,67342,66582,68514,68680,74362,67067,66760,70146,68427,67982,72134,75981,67151,70573,65605,,
OHC,OHC2201,MERI,ohau_c,Hydro,Hydro,2026-03-26,69254,64457,62023,52909,63870,50244,47286,47301,48113,47018,47351,45906,65419,73681,83890,92552,95996,94693,95944,93474,93976,97254,92200,99993,93089,90060,89479,98526,91034,90174,91509,97059,97358,78049,75079,70303,74225,69593,66622,67278,66596,71299,69646,71711,73160,72633,69858,66730,,
OHC,OHC2201,MERI,ohau_c,Hydro,Hydro,2026-03-27,68781,73177,72926,65491,69928,69751,67942,66360,72460,69685,69329,71488,69392,72694,71617,73196,77368,73838,73150,73693,73652,74023,71920,73999,70422,68040,67334,68220,70068,68868,68925,68068,68817,68926,67535,67104,73943,73042,67501,73806,67959,69827,71635,67816,67771,62527,69405,66015,,
OHC,OHC2201,MERI,ohau_c,Hydro,Hydro,2026-03-28,65918,59535,48495,45496,44863,44137,44021,44250,46484,48642,55929,62263,62949,70030,71185,71330,67720,66924,70508,70029,69858,60477,59425,48833,60645,73860,60993,69269,68902,71583,70317,73225,73827,83583,87211,94805,97194,98337,98388,98691,97897,98532,98240,95481,96881,90745,89016,74901,,
OHC,OHC2201,MERI,ohau_c,Hydro,Hydro,2026-03-29,70121,69707,71434,70377,62568,67955,68522,68175,66570,70711,74086,72883,69924,72869,73843,74783,73143,73003,94025,97749,97832,97618,94524,90360,88436,98516,92034,89019,75346,74415,75028,74848,74113,73750,78958,74776,75240,73981,75378,74355,75716,74693,73420,71565,73111,71866,66989,45885,,
OHC,OHC2201,MERI,ohau_c,Hydro,Hydro,2026-03-30,48598,47588,44617,46330,43227,43707,45768,44573,44121,44137,45767,44734,44712,45535,50434,51473,52172,49342,51408,50843,49389,50204,50709,51832,51117,48436,49567,49098,50457,50368,51155,51785,73629,79632,77802,75682,78985,78590,77048,77860,77081,74205,78205,77847,72053,71145,72829,72978,,
OHC,OHC2201,MERI,ohau_c,Hydro,Hydro,2026-03-31,78842,71821,74646,68713,68429,60029,50768,49852,70418,74432,72991,70934,72808,73370,75403,70120,72512,72807,71583,73853,73319,71479,70547,70412,69980,72132,70328,69387,70174,70389,68351,68467,69727,70972,71560,72772,70687,71743,69918,69846,69317,70704,75388,67630,67641,69071,48732,47612,,
OHK,OHK2201,MRPL,ohakuri,Hydro,Hydro,2026-03-01,12520,12360,12480,13430,12690,4350,0,0,0,0,980,10940,12360,13100,17100,24390,23800,24100,24020,16790,19390,12510,12470,12360,12210,10610,11170,13620,10690,11520,12800,11240,12880,13700,15230,26070,32810,33420,29410,29090,39110,37410,36970,27440,14930,3250,11350,590,,
OHK,OHK2201,MRPL,ohakuri,Hydro,Hydro,2026-03-02,0,0,0,0,0,0,0,0,0,8550,12900,9470,23450,38120,38270,38930,38920,39760,39820,39940,39310,39670,33300,29880,20450,18990,20010,30440,26970,26430,25960,23760,30740,28780,25520,25270,26800,34290,34600,25490,29550,26540,36020,39010,38560,38660,26810,26350,,
OHK,OHK2201,MRPL,ohakuri,Hydro,Hydro,2026-03-03,26320,13620,13420,13340,12540,12870,12800,5020,0,10250,13330,13370,19890,34310,39420,39650,39540,39710,39880,39950,39420,39210,38850,35390,35820,32190,28930,26040,17320,25190,25560,24970,26550,29370,36910,38720,39340,39120,39240,39050,39100,39110,38900,27490,23060,15110,11230,12540,,
OHK,OHK2201,MRPL,ohakuri,Hydro,Hydro,2026-03-04,10780,10780,10780,10780,10870,8140,4500,0,0,11660,12990,14630,28190,39920,39920,40150,38140,28380,39470,40470,37210,39570,37600,26970,26290,28270,37540,37600,35830,35680,35600,37180,39260,39340,39360,39290,39280,40180,40210,40200,40280,40330,39930,38880,37660,25700,24560,24570,,
OHK,OHK2201,MRPL,ohakuri,Hydro,Hydro,2026-03-05,22320,12280,11440,11640,11250,11400,11720,10810,10840,10830,11900,22150,24930,38870,40220,40370,40210,40080,38670,40360,39970,38230,36020,36320,35360,39800,39710,35830,35530,29600,30060,33190,33430,28670,33970,40350,39850,38530,34550,33880,24860,34260,33180,21700,12560,5480,10400,5330,,
OHK,OHK2201,MRPL,ohakuri,Hydro,Hydro,2026-03-06,0,1920,0,0,0,0,0,0,0,9150,12630,13390,16920,24770,24480,27050,30600,31620,30280,14480,27230,13470,13160,13140,12670,12350,12270,11160,12070,3390,9560,22420,15680,13350,23860,32920,25900,28000,39770,40090,40260,39000,38310,24260,24790,18380,21490,13300,,
OHK,OHK2201,MRPL,ohakuri,Hydro,Hydro,2026-03-07,13820,3930,0,0,0,0,0,0,0,0,0,3050,12360,18270,33650,34580,36520,36640,37760,32080,25780,24070,18280,11910,11930,14890,21360,14860,22400,22400,25680,23250,13530,21810,22850,25750,25640,25490,25700,25690,25690,25620,25680,25320,17800,18170,13240,11170,,
OHK,OHK2201,MRPL,ohakuri,Hydro,Hydro,2026-03-08,410,0,0,0,0,0,0,0,0,0,1180,10950,12870,10820,23940,25600,25810,25910,33530,35520,35840,33910,30170,25880,24770,26080,24930,19720,19630,24180,25270,13690,12450,20450,26810,34300,37190,37890,36080,36240,36470,39000,37890,35740,33400,24920,25150,13470,,
OHK,OHK2201,MRPL,ohakuri,Hydro,Hydro,2026-03-09,510,1290,0,0,0,0,0,0,0,610,9690,13260,28550,36330,35900,37180,36990,36890,36420,36390,35930,35820,36230,38600,38540,39240,39300,38160,38560,40230,36730,34620,34600,35270,36490,36620,36770,37820,37850,37800,37940,37330,36880,30780,24930,20870,12600,8810,,
OHK,OHK2201,MRPL,ohakuri,Hydro,Hydro,2026-03-10,0,0,0,7830,12850,12480,13050,13100,12410,13040,22940,26260,34800,38860,39670,40500,40580,40360,40170,40460,40770,40580,40640,39680,40110,39650,40030,39590,39750,39510,39600,39340,40310,40410,39820,40080,40100,40070,39930,40000,39930,40000,39480,36950,36600,26110,23370,16620,,
OHK,OHK2201,MRPL,ohakuri,Hydro,Hydro,2026-03-11,12170,12310,12670,12680,12690,13010,11040,10970,11550,12130,13120,12120,23290,37250,39240,40430,40460,40530,40380,40510,40400,40240,40190,37830,39180,40180,40140,39330,39400,40000,40010,40000,39920,40080,39840,36220,38140,37970,37520,37510,37560,37090,34530,35410,37690,36290,30120,26450,,
OHK,OHK2201,MRPL,ohakuri,Hydro,Hydro,2026-03-12,12400,11970,11720,12090,6590,0,0,0,0,10160,13670,25460,27070,39210,40100,40240,38690,38110,36890,37210,36220,39500,39320,37990,37350,38760,38830,36890,38560,34840,36680,36590,36410,36570,37900,38580,40010,40050,39720,39660,39840,39970,39870,39920,39870,39880,39800,34240,,
OHK,OHK2201,MRPL,ohakuri,Hydro,Hydro,2026-03-13,27370,26290,22440,25500,25510,27320,25570,24950,24840,26320,27450,33890,39720,39370,39860,39800,39800,39820,39870,39800,39800,39870,39790,39750,39700,39580,39570,39540,39560,39640,39640,39610,39570,39510,39550,39670,39690,37500,39590,39700,39630,39590,39750,33580,27410,31880,27400,26590,,
OHK,OHK2201,MRPL,ohakuri,Hydro,Hydro,2026-03-14,26710,23710,25300,18080,13430,13030,13480,11940,13090,13030,12660,12350,20790,25510,25200,24950,25280,25010,35550,33940,32470,32740,36050,36570,33160,25260,25330,24940,24990,25440,25380,25490,20420,24750,25240,34010,36790,36760,33510,35680,38490,34430,33910,27080,21900,21500,22380,22300,,
OHK,OHK2201,MRPL,ohakuri,Hydro,Hydro,2026-03-15,22410,22290,11030,10350,0,60,0,0,0,0,0,630,9370,10660,13430,13680,13680,13730,20430,24010,23120,23300,23190,23250,23160,23270,23330,23300,23220,23410,23300,23150,23240,23280,23260,34310,40120,40150,40280,40280,40250,30770,25380,24160,23130,22540,20700,11660,,
OHK,OHK2201,MRPL,ohakuri,Hydro,Hydro,2026-03-16,11380,12800,12470,12960,12350,10620,10740,10740,10870,11990,12570,12590,23920,27090,34010,39070,39530,29630,27010,26980,27000,26940,26880,26860,24450,23620,23790,23980,25360,22470,13790,12700,24180,22860,24510,26050,24300,24200,24420,24660,25110,26720,26730,14070,21460,16630,13450,13450,,
OHK,OHK2201,MRPL,ohakuri,Hydro,Hydro,2026-03-17,13450,13500,13470,7800,240,0,0,0,0,0,0,8250,20620,33530,38710,38730,38830,39030,39160,36880,36400,37900,37830,33210,24160,24920,24660,24970,34620,35410,36800,36870,36570,38380,38510,38680,39080,39180,39390,39270,39340,34880,26700,21710,26240,26910,20760,13710,,
OHK,OHK2201,MRPL,ohakuri,Hydro,Hydro,2026-03-18,13750,11770,12190,13560,13570,13530,13540,13550,13860,13540,13520,13550,21680,29250,39460,38600,40080,39460,38890,38550,31200,33880,39320,39730,39690,38590,36810,37780,37100,38050,36780,37690,38130,39050,36680,38240,39010,39370,39420,39230,39370,36700,36310,31010,25310,15700,11820,11130,,
OHK,OHK2201,MRPL,ohakuri,Hydro,Hydro,2026-03-19,0,30,0,0,0,0,0,0,0,0,30,8220,22840,33930,35270,34250,34760,40210,40290,40120,40200,40120,40090,39970,39890,36430,32270,38570,37780,37880,38030,37360,37590,37760,38410,39300,38950,38890,38000,37560,36730,36950,38550,37820,37990,29770,25240,23290,,
OHK,OHK2201,MRPL,ohakuri,Hydro,Hydro,2026-03-20,13260,11870,12240,11280,12180,12440,11890,8390,11970,11890,13340,23160,26530,32270,36880,37820,38270,38830,37710,25950,23740,23360,33000,34990,32790,30070,37090,36700,36560,35560,35530,38030,36200,35420,31030,27500,36930,36650,36630,36600,36650,22310,12830,12890,12910,12880,9270,8690,,
OHK,OHK2201,MRPL,ohakuri,Hydro,Hydro,2026-03-21,11550,8900,0,0,0,0,0,0,0,0,0,2250,11510,11220,23950,35230,37020,37440,37500,37420,37570,37540,37500,37550,25800,25340,25340,25370,25340,25370,25310,25240,25350,28430,37020,37170,37280,37180,37250,37270,37160,37150,26580,13050,23380,23530,23690,12710,,
OHK,OHK2201,MRPL,ohakuri,Hydro,Hydro,2026-03-22,12150,12020,6420,0,0,0,0,0,0,0,0,9640,16210,12800,26090,26510,24970,25020,26550,27360,27460,27470,25860,24930,25340,27240,25890,20950,26480,26400,27130,27120,26910,24440,25820,32610,37100,37170,37260,37450,31870,22840,22940,19260,12020,12430,12290,11220,,
OHK,OHK2201,MRPL,ohakuri,Hydro,Hydro,2026-03-23,11160,10770,10190,5130,0,0,0,0,0,10510,10290,12250,24720,36320,39490,39420,39440,39680,38960,27350,26990,27080,27440,26750,26830,34090,39290,39200,39350,38240,39400,29520,37900,36780,37580,38550,32920,25960,25420,24770,23410,25210,24520,16440,12960,12710,11630,11370,,
OHK,OHK2201,MRPL,ohakuri,Hydro,Hydro,2026-03-24,11930,11600,11680,11420,11210,11250,5910,0,0,0,7290,13660,13320,24350,30120,36910,36580,36420,37500,38090,31150,22020,22010,22210,22310,22440,22030,22320,32930,25620,35110,36580,36830,38210,38290,39100,39470,39560,39410,39510,39000,27340,27210,27120,27230,25270,27270,24960,,
OHK,OHK2201,MRPL,ohakuri,Hydro,Hydro,2026-03-25,13490,18710,13760,12850,13530,13790,13420,13020,13600,13630,13670,13920,25260,31720,31370,35630,35770,34980,36890,38100,34660,25970,25930,25940,34320,35510,34590,24910,25200,26050,35290,37640,28030,38350,28990,37190,36050,36350,35100,33290,27230,18700,12870,12810,12870,11050,0,0,,
OHK,OHK2201,MRPL,ohakuri,Hydro,Hydro,2026-03-26,0,6740,1300,0,30,0,0,0,0,0,0,2920,13390,20950,27460,36080,33810,25640,28700,39070,27630,26320,35880,36510,36580,36670,30890,25360,35230,35820,36050,33970,25140,37490,31670,36570,26630,36440,36050,34680,29180,20530,13390,13440,13420,12490,12230,8600,,
OHK,OHK2201,MRPL,ohakuri,Hydro,Hydro,2026-03-27,980,230,0,0,0,0,0,0,0,0,0,0,590,5430,12530,24610,34420,27200,26120,34620,29670,19400,19820,35130,36270,37170,36970,25850,25380,26610,35480,35440,30220,31950,37820,26570,25970,35010,35720,34470,24440,23490,14050,12680,22960,21930,12350,12260,,
OHK,OHK2201,MRPL,ohakuri,Hydro,Hydro,2026-03-28,12240,10340,0,0,0,0,0,0,0,0,0,0,0,0,11240,18500,13540,25150,26360,24170,25690,19820,19410,26580,17500,13300,12640,13320,13260,13540,24650,25060,25650,24680,24780,24730,26440,26490,25330,23900,23910,14550,11950,11900,12040,12020,160,0,,
OHK,OHK2201,MRPL,ohakuri,Hydro,Hydro,2026-03-29,0,1150,0,0,0,0,0,0,0,0,0,440,0,7430,12140,15180,25250,34250,37000,28300,37340,37450,37500,36970,36780,36560,33480,24370,24610,24630,24540,24520,24800,25520,26830,31960,33800,24840,23100,23200,23520,21790,12480,12330,12780,9840,8590,2830,,
OHK,OHK2201,MRPL,ohakuri,Hydro,Hydro,2026-03-30,0,0,0,0,0,0,0,4050,990,0,0,0,3200,17950,19640,24800,34150,31200,36750,37240,38190,36070,38240,27490,26540,28790,24680,24460,23880,24420,24960,29510,35210,27790,30220,37830,35830,36240,28380,26150,13640,11440,10610,11280,6760,0,0,0,,
OHK,OHK2201,MRPL,ohakuri,Hydro,Hydro,2026-03-31,120,0,2850,7980,9750,500,440,0,0,0,1100,7550,19400,38980,38570,39230,38960,39290,38510,37480,39040,39110,37660,37260,35910,25440,25410,25550,26680,26510,21120,25140,24860,25160,26860,26500,30670,38650,38920,38950,38340,36240,34060,35630,35910,34330,17610,10250,,
OKI,OKI2201,CTCT,ohaaki,Geo,Geo,2026-03-01,19638,19634,19826,20058,20017,19869,20164,19846,19540,19616,19775,20212,20222,19880,19860,19892,19901,19976,19981,19978,20009,19878,19748,19689,19790,19973,19530,19269,19289,19434,19466,19536,19859,19326,18955,19179,19354,19362,19514,19527,19569,19431,19552,19616,19799,19952,19463,19564,,
OKI,OKI2201,CTCT,ohaaki,Geo,Geo,2026-03-02,19536,19359,19552,19760,19797,19852,20170,20365,20421,20492,20585,20085,20236,19965,19959,19993,20065,20048,20126,20183,20395,20729,20328,20099,20126,20078,16645,20298,19977,19980,19954,19937,20186,20235,20211,20527,20308,19816,19784,19969,19956,20613,20381,20143,20202,20044,19994,20070,,
OKI,OKI2201,CTCT,ohaaki,Geo,Geo,2026-03-03,20119,20174,20329,20174,20287,20401,20368,20425,20875,20482,20133,20202,20132,20391,20545,20548,20754,20608,20126,19936,19966,20158,20505,19992,19940,19934,19982,20020,20101,20152,20372,20110,20275,20214,20162,20572,20182,20082,19896,19853,19923,20140,20444,20583,20381,20484,20044,20045,,
OKI,OKI2201,CTCT,ohaaki,Geo,Geo,2026-03-04,20471,20033,20017,20106,20104,20139,20273,20329,20373,20365,20362,20539,20303,20721,20754,20306,20299,20273,20399,20046,20106,20031,20305,20296,20195,20382,20111,19874,20009,19558,19566,19597,19612,19609,19574,19656,19659,19732,19760,19731,19883,19676,20220,19907,19702,19686,19716,19889,,
OKI,OKI2201,CTCT,ohaaki,Geo,Geo,2026-03-05,20022,20101,20194,20460,20029,19664,19875,19948,20310,20436,19944,19965,19987,20023,20103,20212,20289,20402,20245,20200,20170,20047,20131,20246,19822,19372,19437,19462,19621,19719,19612,19770,19761,19400,19254,19394,19505,19940,19445,19371,19335,19376,19456,19457,19588,19662,19691,19806,,
OKI,OKI2201,CTCT,ohaaki,Geo,Geo,2026-03-06,19668,19736,19775,20212,20047,19790,19735,19683,19779,20067,20204,20216,20419,20365,19951,19846,20036,20075,20262,20377,19828,19791,19686,19602,19555,19546,19582,19716,19463,19486,19520,19482,19548,19948,19567,19117,19176,19292,19606,19723,19715,19918,19698,19324,19428,19556,19490,20124,,
OKI,OKI2201,CTCT,ohaaki,Geo,Geo,2026-03-07,19954,19634,19654,19711,19785,19962,19846,19905,20003,19998,20106,20084,20150,20170,20242,20450,19923,19931,20136,20180,20437,20469,19859,19020,19107,19236,19280,19369,19414,19373,19401,19465,19506,19513,19401,19483,19327,19356,19484,19480,19563,19573,20000,20150,19468,19397,19630,19933,,
OKI,OKI2201,CTCT,ohaaki,Geo,Geo,2026-03-08,20221,20125,20041,19349,19290,19475,19448,19360,19391,19525,19604,19707,19768,19823,19857,19917,20125,19829,19774,19729,19791,19753,20111,20162,19357,19340,19354,19581,19708,19635,19677,19700,19268,19228,19362,19432,19510,19557,19661,19677,20151,19687,19359,19382,19713,19864,19809,19542,,
OKI,OKI2201,CTCT,ohaaki,Geo,Geo,2026-03-09,19520,19866,19885,19593,19750,19630,19681,19923,19972,20073,20307,20004,19640,19648,19821,19835,19766,19738,19857,19843,20316,19719,19580,19629,19697,19514,19641,19578,19055,19344,19360,19386,19683,19777,19987,20142,19654,18970,18777,18805,18818,18825,18879,19135,19269,19337,19385,19494,,
OKI,OKI2201,CTCT,ohaaki,Geo,Geo,2026-03-10,19603,19474,19621,19621,20023,19820,19504,19572,19546,19768,19520,19546,19651,20053,19966,19771,20019,19720,19327,19780,16186,19223,19279,19329,19541,20088,19948,19834,19393,19329,19534,19404,19202,19290,19190,19308,19080,19268,19355,19414,19759,19845,19902,20100,20038,19625,19537,19703,,
OKI,OKI2201,CTCT,ohaaki,Geo,Geo,2026-03-11,20240,19705,19592,19702,19693,19725,19745,19859,19884,19928,20056,19849,19911,19978,19958,20358,20420,20008,19616,19694,19659,20104,20051,19975,20428,20272,19829,19822,19898,19851,19802,20264,19687,19648,19656,19657,19656,19565,19717,19606,19607,19668,19708,19905,20142,19720,19657,19558,,
OKI,OKI2201,CTCT,ohaaki,Geo,Geo,2026-03-12,19612,19977,20128,20168,20145,20206,19859,19694,19891,19979,20290,20350,19915,19967,19979,19981,20043,20091,20081,20030,19812,19780,19847,19763,19754,19853,20198,19319,19328,19216,19355,19348,19246,19554,19561,19105,19150,19302,19275,19336,19325,19544,19558,19177,19118,19125,19144,19127,,
OKI,OKI2201,CTCT,ohaaki,Geo,Geo,2026-03-13,19243,19094,19165,19246,19331,19268,19373,19423,19668,19263,19277,19404,19330,19348,19462,19039,18741,18895,18980,18950,18829,18835,18938,19214,18703,18643,18506,18495,18500,18682,18498,18536,18700,18798,18771,18800,19069,19104,19193,19690,18887,18364,18274,18451,18491,18567,18630,18656,,
OKI,OKI2201,CTCT,ohaaki,Geo,Geo,2026-03-14,18741,18716,18717,18790,18806,18882,18900,19236,19011,18763,18689,18702,18707,18618,18652,18822,18852,19067,19102,19031,19274,18922,18521,18995,18602,18645,18718,18743,18639,18708,18758,18805,18808,18894,19081,19063,19087,19087,19102,19274,19742,19608,19554,19695,19604,19598,20488,19721,,
OKI,OKI2201,CTCT,ohaaki,Geo,Geo,2026-03-15,19092,19050,19387,19418,19466,19310,19324,19589,19742,19484,19531,19658,19650,19704,19676,19690,19774,19831,19770,19879,19723,19959,19620,19591,19699,19650,19586,19836,19414,19123,19225,19371,19408,19435,19552,19971,19419,19309,19239,19181,19471,19623,19335,19248,19140,19403,19480,19231,,
OKI,OKI2201,CTCT,ohaaki,Geo,Geo,2026-03-16,19226,19285,19271,19302,19603,19735,19756,19814,19824,19457,19215,19458,19533,19647,20032,19416,19479,19604,19523,19405,19365,19308,19411,19628,16521,19271,19342,19220,18917,18792,18852,19634,19205,19349,19350,19359,19403,19248,18772,18835,19081,19143,19288,19295,19419,19426,19520,19612,,
OKI,OKI2201,CTCT,ohaaki,Geo,Geo,2026-03-17,19959,19470,19394,19574,19387,19493,19598,19673,19678,19738,19890,19627,19790,19797,20183,20179,20467,20380,19820,19394,19492,19577,19548,19504,19487,19432,19382,19390,19378,19467,19391,19256,19098,19490,19302,19046,18982,19006,19041,19159,18919,19071,19311,19650,19589,19505,19701,19322,,
OKI,OKI2201,CTCT,ohaaki,Geo,Geo,2026-03-18,18994,19141,19271,19375,19412,19613,19804,19345,19295,19300,19323,19366,19421,19331,19416,19440,19457,19463,19455,19476,19629,19606,19610,19722,19697,19125,18892,19001,19026,19097,19167,19232,19191,19174,19203,19203,19266,19205,19464,19192,19186,19234,19282,19317,19468,19599,19418,19415,,
OKI,OKI2201,CTCT,ohaaki,Geo,Geo,2026-03-19,19453,19932,20088,20254,20088,19678,19233,19657,19564,19286,19202,19227,19053,19092,19289,19430,19250,19277,19391,19054,19067,19112,19102,19035,19034,19022,19208,18988,19062,19295,19440,19456,19330,19635,19192,18829,19008,19093,19178,19215,19247,19247,19617,19583,19177,19169,19555,19418,,
OKI,OKI2201,CTCT,ohaaki,Geo,Geo,2026-03-20,19187,19308,19160,19121,19168,19139,19315,19350,19557,19529,19530,19749,19772,19783,19788,19344,19170,19294,19312,19309,19362,19364,19282,19448,19580,19266,19230,19136,19307,19547,19458,19455,19140,19031,19202,19337,19432,19319,19323,19675,19375,18961,19021,19245,19300,19341,19549,19507,,
OKI,OKI2201,CTCT,ohaaki,Geo,Geo,2026-03-21,19619,19622,19674,19731,20022,20053,19417,19455,19614,19923,19685,19412,19648,19248,19250,19489,19602,19770,19629,19541,19837,19389,18984,19173,19253,19250,19256,19242,19296,19242,19268,19225,19646,19478,19132,18837,18894,18951,18987,19017,19139,19295,19106,19176,19189,19528,19601,19641,,
OKI,OKI2201,CTCT,ohaaki,Geo,Geo,2026-03-22,19708,19999,19034,18850,18985,19205,19466,19402,19152,19248,19020,19092,19286,19268,19245,19009,19106,19180,19255,19327,19277,19263,19571,19499,19478,19638,19942,18968,18646,18804,18937,18962,18946,18965,18974,18983,19010,19068,19205,19284,19384,19285,19361,19417,19736,19218,19063,19163,,
OKI,OKI2201,CTCT,ohaaki,Geo,Geo,2026-03-23,18992,19060,19665,19796,19506,19203,19551,19418,18948,18904,18974,19111,19300,19418,19513,19549,19733,19758,19811,19744,19712,19679,19695,16534,19471,19344,19129,18617,19051,19181,19346,19498,19474,19307,19656,19188,18786,19006,18937,19022,19128,19314,19488,19841,19284,19161,19081,19122,,
OKI,OKI2201,CTCT,ohaaki,Geo,Geo,2026-03-24,19237,19778,19376,19294,19084,19359,19327,19185,19550,19454,19519,19762,19798,19380,19178,19355,19476,19537,19591,19631,19726,20077,19451,19373,19342,19295,19424,19222,19297,19353,19362,19415,19525,19599,19908,19833,20003,20030,19499,18877,19106,19564,19497,19230,19401,19126,19225,19436,,
OKI,OKI2201,CTCT,ohaaki,Geo,Geo,2026-03-25,19435,19189,19340,19319,19322,19416,19508,19508,19514,19590,19585,19840,19557,19690,19634,19969,19978,19755,19977,19664,19323,19407,19180,19132,18940,18926,19108,19046,18908,18921,18992,19066,19169,19061,19159,19216,19288,19359,19420,19937,19546,19474,19374,19500,19317,19437,19055,19030,,
OKI,OKI2201,CTCT,ohaaki,Geo,Geo,2026-03-26,18917,19031,19186,19152,18948,18978,19125,19307,19342,19460,19531,19363,19461,19586,19667,20085,19488,19459,19169,19263,19287,19979,19779,19597,19528,19152,18939,18968,18838,18830,18859,19001,19028,19057,19042,19148,19178,19257,19334,19639,19429,19068,18907,19027,19455,19261,19444,19234,,
OKI,OKI2201,CTCT,ohaaki,Geo,Geo,2026-03-27,19217,19520,19432,18717,18559,18801,18917,18920,19013,19016,19061,19049,19195,19179,19694,19207,19196,18998,19052,18949,19215,19152,19092,18774,18979,19273,19153,19218,18798,18367,18527,18754,18830,18880,18843,18911,18922,18874,18994,19377,18699,18795,18629,18691,18810,19270,18973,18805,,
OKI,OKI2201,CTCT,ohaaki,Geo,Geo,2026-03-28,18631,18825,19289,19040,19072,19051,18552,18333,18610,18691,18822,18793,18849,18901,18938,18992,19004,19274,19226,19348,19048,19024,19050,19172,19086,19112,19159,18890,18957,18924,19142,19176,19440,19326,18770,18255,18614,18689,18666,18505,18555,18218,18105,17962,17969,18020,18075,18131,,
OKI,OKI2201,CTCT,ohaaki,Geo,Geo,2026-03-29,18131,17921,18135,18229,18237,18227,18297,18738,18739,18714,18847,18806,18267,17936,18124,18182,18187,18203,18213,18238,18166,18176,18089,18127,18072,18007,17865,17890,17889,17861,17882,17794,17957,18304,18231,18189,18578,18196,17703,17723,17859,17953,17942,17988,18000,17999,18016,17948,,
OKI,OKI2201,CTCT,ohaaki,Geo,Geo,2026-03-30,17889,18060,18200,17995,18024,18064,18103,18119,18116,18209,18419,18581,18521,18484,18674,18173,17710,17889,17897,17922,18619,18903,18867,18785,18725,18864,18900,18871,15918,18685,18714,18738,18776,18833,18916,18825,18729,18792,18736,19127,19114,19198,19572,19226,18773,18750,18903,19017,,
OKI,OKI2201,CTCT,ohaaki,Geo,Geo,2026-03-31,18987,19043,19066,19363,19233,18960,18940,19006,19056,19250,19511,19567,19844,19540,19693,19701,19664,20074,20023,19620,19406,19713,19284,18735,18837,19057,19133,19091,19226,19134,19288,19199,19210,19179,19190,19296,19269,19897,19300,19214,19258,19312,19673,19607,19698,19547,19697,20108,,
PPI,PPI2201,CTCT,poihipi,Geo,Geo,2026-03-01,18198,18194,18187,18185,18181,18183,18186,18189,18191,18191,18193,18195,18198,18197,18201,18199,18188,18160,18116,18069,18030,18014,17999,17992,18024,17986,18085,18090,18083,18002,17898,17846,17927,18000,18070,18076,18078,18089,18098,18124,18107,18099,18114,18126,18140,18156,18162,18168,,
PPI,PPI2201,CTCT,poihipi,Geo,Geo,2026-03-02,18234,18281,18264,18247,18250,18247,18251,18253,18248,18239,18234,18226,18231,18235,18343,18312,18313,18316,18308,18240,18198,17793,18142,18134,18129,18184,18248,18185,18197,18179,18144,18195,18187,18187,18179,18279,18268,18273,18271,18249,18332,18340,18315,18316,18316,18318,18321,18316,,
PPI,PPI2201,CTCT,poihipi,Geo,Geo,2026-03-03,18316,18316,18326,18328,18517,18458,18460,18459,18451,18445,18433,18422,18412,18387,18357,18314,18295,18274,18205,18178,18144,18128,18122,18120,18116,18145,18136,18124,18125,18112,18092,18106,18206,18212,18223,18260,18249,18188,18192,18193,18194,18197,18205,18209,18318,18303,18304,18305,,
PPI,PPI2201,CTCT,poihipi,Geo,Geo,2026-03-04,18306,18300,18296,18301,18302,18302,18300,18293,18294,18294,18293,18293,18292,18293,18291,18291,18273,18222,18183,18145,18121,18103,18085,18066,17995,17980,17965,17960,17953,17937,17924,17934,18010,18084,18096,18095,18091,18093,18139,18229,18230,18232,18265,18239,18213,18198,18198,18201,,
PPI,PPI2201,CTCT,poihipi,Geo,Geo,2026-03-05,18199,18202,18204,18207,18293,18275,18273,18275,18277,18279,18281,18283,18280,18279,18273,18150,18138,18078,18024,18014,17981,17961,17949,17916,17855,17912,17986,17944,17914,17915,17895,17894,17991,18102,18121,18107,18102,18097,18135,18162,18198,18221,18232,18232,18228,18238,18246,18254,,
PPI,PPI2201,CTCT,poihipi,Geo,Geo,2026-03-06,18260,18261,18266,18295,18294,18298,18299,18287,18272,18268,18273,18270,18267,18250,18256,18253,18238,18213,18188,18167,18143,18106,18082,18044,17962,17930,17912,17904,17922,17906,17876,17861,17896,17998,18008,18092,18092,18092,18104,18180,18194,18225,18234,18238,18240,18247,18248,18252,,
PPI,PPI2201,CTCT,poihipi,Geo,Geo,2026-03-07,18256,18260,18302,18296,18279,18247,18240,18236,18242,18240,18233,18240,18240,18242,18239,18237,18228,18211,18184,18177,18152,18106,18056,17975,17958,17931,17906,17882,17858,17840,17828,17823,17855,17927,17929,17932,17969,17984,17993,18024,18056,18050,18052,18058,18054,18060,18086,18101,,
PPI,PPI2201,CTCT,poihipi,Geo,Geo,2026-03-08,18116,18125,18124,18133,18142,18145,18151,18193,18238,18219,18218,18215,18210,18204,18205,18205,18185,18172,18149,18127,18101,18073,18060,18066,18050,18061,18042,18006,17940,17939,17939,17938,17936,17932,17939,17941,18076,18062,18080,18088,18093,18121,18145,18147,18157,18163,18168,18175,,
PPI,PPI2201,CTCT,poihipi,Geo,Geo,2026-03-09,18180,18181,18182,18181,18180,18180,18184,18194,18295,18239,18226,18218,18217,18218,18213,18217,18214,18192,18150,18116,18075,18000,17609,17986,17942,17930,17923,17926,218,0,0,0,0,0,0,4359,18031,18135,18081,18098,18203,18192,18183,18188,18183,18166,18170,18179,,
PPI,PPI2201,CTCT,poihipi,Geo,Geo,2026-03-10,18196,18255,18262,18249,18250,18261,18269,18271,18272,18270,18269,18266,18263,18264,18401,18433,18386,18303,18213,18208,18114,18192,18180,18175,18167,17926,17824,17652,17621,17633,17632,17633,17833,17897,17880,17924,17942,17965,18003,18050,18082,18103,18116,18122,18127,18135,18129,18134,,
PPI,PPI2201,CTCT,poihipi,Geo,Geo,2026-03-11,18145,18145,18149,18144,18142,18143,18139,18131,18139,18154,18152,18147,18151,18153,18156,18155,18157,18133,18144,18124,18098,18081,17971,17937,17917,17899,17875,17851,17824,17814,17808,17815,17821,17868,17887,17848,17862,17875,17886,17887,17935,17938,17955,17973,17979,17979,17989,17992,,
PPI,PPI2201,CTCT,poihipi,Geo,Geo,2026-03-12,17996,17992,17990,18009,18028,18101,18135,18132,18109,18102,18107,18137,18144,18128,18145,18141,18137,18096,18029,17986,17962,17923,17895,17841,17761,17747,17722,17687,17688,17682,17647,17631,17771,17797,17827,17833,17823,17817,17875,17879,17879,17859,17850,17857,17862,17871,17867,17858,,
PPI,PPI2201,CTCT,poihipi,Geo,Geo,2026-03-13,17851,17853,17845,17845,17852,17858,17863,17862,17855,17847,17834,17824,17811,17795,17789,17785,17780,17770,17757,17743,17716,17712,17661,17609,17544,17494,17496,17398,17311,17290,17306,17297,17321,17331,17431,17551,17565,17577,17568,17563,17608,17609,17601,17601,17595,17588,17602,17597,,
PPI,PPI2201,CTCT,poihipi,Geo,Geo,2026-03-14,17597,17590,17586,17600,17606,17604,17606,17615,17613,17608,17594,17632,17660,17690,17703,17710,17704,17696,17667,17654,17635,17609,17538,17577,17638,17648,17661,17666,17643,17615,17602,17609,17603,17595,17693,17703,17703,17753,17804,17899,17922,17948,17956,17928,17928,17943,17952,17978,,
PPI,PPI2201,CTCT,poihipi,Geo,Geo,2026-03-15,17999,18005,18044,18148,18114,18092,18045,18048,18048,18037,18025,18030,18039,18044,18047,18045,18031,18016,17945,17893,17881,17871,17742,17507,17770,17766,17780,17755,17736,17739,17707,17695,17770,17786,17881,17881,17883,17877,17869,17893,17863,17864,17871,17876,17939,17916,17931,17936,,
PPI,PPI2201,CTCT,poihipi,Geo,Geo,2026-03-16,17946,17955,17959,17951,17948,17945,17948,17956,17949,17932,17926,17930,17932,17936,17945,17949,17946,17919,17847,17821,17808,17788,17772,17764,17752,17700,17664,17761,17733,17666,17650,17657,17755,17783,17786,17783,17783,17789,17823,17943,17945,17950,17955,17958,17958,17957,17956,17953,,
PPI,PPI2201,CTCT,poihipi,Geo,Geo,2026-03-17,17958,17964,17972,18005,18021,18016,18014,18018,18008,17993,17989,17983,17974,17972,17964,17965,17953,17921,17870,17854,17837,17829,17827,17813,17800,17782,17756,17740,17661,17649,17649,17659,17679,17678,17792,17789,17782,17780,17826,17810,17800,17803,17806,17810,17809,17811,17816,17819,,
PPI,PPI2201,CTCT,poihipi,Geo,Geo,2026-03-18,17823,17819,17816,17823,17826,17845,17855,17856,17856,17848,17847,17855,17863,17871,18069,17975,17907,17873,17843,17786,17764,17751,17745,17777,17819,17814,17810,17785,18067,18202,18183,18101,17923,17936,17928,18062,18124,18117,18114,18104,18127,18134,18134,18136,18136,18175,18171,18176,,
PPI,PPI2201,CTCT,poihipi,Geo,Geo,2026-03-19,18175,18169,18169,18173,18175,18180,18178,18175,18173,18182,18186,18195,18183,18188,18189,18246,18276,18275,18269,18234,18176,18078,18046,18040,18021,18009,17996,17930,17913,17890,17919,18018,18017,18057,18045,18045,18051,18055,18064,18177,18184,18197,18188,18190,18196,18209,18206,18208,,
PPI,PPI2201,CTCT,poihipi,Geo,Geo,2026-03-20,18220,18228,18231,18227,18225,18227,18227,18228,18227,18225,18228,18233,18237,18235,18234,18231,18225,18189,18121,18084,18017,17957,17944,17929,17913,17901,17898,17900,17909,17950,17921,17931,17955,18004,18066,18065,18126,18094,18090,18147,18160,18164,18165,18166,18165,18166,18171,18177,,
PPI,PPI2201,CTCT,poihipi,Geo,Geo,2026-03-21,18174,18180,18181,18181,18181,18179,18180,18182,18182,18182,18185,18188,18195,18194,18193,18195,18183,18195,18181,18161,18143,18127,18100,18060,18033,17953,17919,17883,17874,17869,17899,17901,17907,17943,18051,18030,18023,18016,18062,18059,18059,18050,18106,18102,18099,18097,18104,18107,,
PPI,PPI2201,CTCT,poihipi,Geo,Geo,2026-03-22,18103,18105,18114,18118,18121,18120,18118,18108,18092,18092,18087,18083,18086,18086,18094,18091,18089,18089,18083,18076,18065,18040,18017,17997,17629,17992,17991,17962,17883,17874,17846,17826,17888,17904,17901,17904,17973,17926,17929,18029,18064,18079,18084,18087,18090,18092,18093,18093,,
PPI,PPI2201,CTCT,poihipi,Geo,Geo,2026-03-23,18101,18114,18145,18143,18146,18171,18188,18204,18206,18201,18203,18202,18199,18200,18206,18220,18222,18213,18149,18106,18067,17957,17925,17905,17880,17866,17865,17863,17867,17879,17861,17856,17920,18009,18030,18052,18039,18043,18060,18067,18187,18197,18173,18170,18174,18158,18133,18131,,
PPI,PPI2201,CTCT,poihipi,Geo,Geo,2026-03-24,18136,18140,18146,18147,18154,18157,18160,18158,18164,18174,18175,18169,18170,18176,18182,18185,18183,18187,18191,18191,18188,18180,18169,18104,18010,17957,17954,17949,17943,17928,17933,17944,18051,18097,18105,18157,18156,18161,18157,18160,18141,18141,18139,18134,18135,18132,18130,18137,,
PPI,PPI2201,CTCT,poihipi,Geo,Geo,2026-03-25,18138,18133,18127,18135,18142,18145,18142,18143,18140,18137,18135,18123,18123,18122,18121,18117,18104,18082,18079,18074,18058,18046,18036,18024,18018,18011,17997,17977,17964,17964,18005,18058,18046,18056,18064,18078,18089,18103,18109,18094,18072,18059,18058,18055,18058,18053,18051,18053,,
PPI,PPI2201,CTCT,poihipi,Geo,Geo,2026-03-26,18047,18044,18044,18046,18051,18062,18071,18075,18080,18078,18078,18087,18089,18089,18081,18075,18070,18069,18065,18059,18093,18082,18055,18058,18066,18063,18107,18068,18030,18023,18010,17999,17992,17987,17975,17973,17982,17982,17974,17972,17960,17958,17969,17972,17969,17954,17971,17984,,
PPI,PPI2201,CTCT,poihipi,Geo,Geo,2026-03-27,17959,17959,17968,17983,17977,17959,17961,17937,17927,17935,17946,17945,17955,17950,17962,17972,17988,17979,17956,17949,17929,17908,17895,17893,17893,17882,17868,17869,17862,17857,17861,17854,17851,17848,17849,17922,18002,17992,17993,17991,18000,18015,18024,18031,18024,18017,18033,18019,,
PPI,PPI2201,CTCT,poihipi,Geo,Geo,2026-03-28,18003,18007,18008,18014,18011,18017,18027,18030,18032,18041,18045,18043,18044,18045,18043,18041,18038,18023,17999,18000,17981,17975,17953,17941,17922,17765,17741,17740,17758,17753,17765,17777,17786,17954,17959,17967,17974,17993,18033,18043,18093,18100,18104,18087,18085,18085,18085,18085,,
PPI,PPI2201,CTCT,poihipi,Geo,Geo,2026-03-29,18082,18087,18086,18086,18086,18092,18092,18096,18110,18109,18123,18126,18125,18129,18128,18129,18122,18116,18103,18084,18058,18030,18019,17950,17874,17851,17844,17825,17805,17799,17793,17822,17853,18024,18008,17991,18004,18005,18008,17981,17990,17995,17999,18002,17998,17991,17992,18002,,
PPI,PPI2201,CTCT,poihipi,Geo,Geo,2026-03-30,18006,18003,17996,17991,18000,18000,18006,18004,18099,18074,18082,18084,18079,18076,18077,18075,18073,18073,18064,18041,18018,17621,17995,17979,17961,17950,17933,17895,17865,17844,17803,17777,17786,17891,17984,17982,17986,17998,18048,18047,18056,18058,18059,18064,18084,18076,18078,18072,,
PPI,PPI2201,CTCT,poihipi,Geo,Geo,2026-03-31,18078,18067,18063,18072,18086,18099,18110,18142,18120,18111,18110,18107,18098,18107,18118,18124,18132,18131,18103,18077,18058,18032,17937,17916,17904,17897,17864,17861,17851,17833,17819,17823,17868,17956,18037,18033,18061,18105,18124,18155,18128,18128,18133,18139,18141,18144,18146,18149,,
ROT,ROT1101,CNIR,wheao_flaxy,Hydro,Hydro,2026-03-01,5020,5023,5023,5021,5018,5018,5828,5886,5907,5906,5905,5904,5904,7987,10229,10270,10311,10301,10295,10313,10304,10298,8772,8691,8668,6241,6101,6050,6047,6009,6035,6042,6043,6033,7967,10194,10327,10317,10314,10316,10316,10312,10309,10305,9992,8681,6030,5803,,
ROT,ROT1101,CNIR,wheao_flaxy,Hydro,Hydro,2026-03-02,5793,5789,5785,5780,5800,5791,5642,5546,5553,5542,5551,5525,5582,7050,9418,9881,9850,9877,9866,10331,8763,8468,8457,8466,8456,8386,8370,8377,8388,8374,8390,8349,7765,7919,7973,7941,7966,9911,10073,10067,10052,10050,10054,8298,8196,8198,6386,5806,,
ROT,ROT1101,CNIR,wheao_flaxy,Hydro,Hydro,2026-03-03,5798,5789,5799,5790,5785,5802,5787,5786,5786,5802,5809,5533,5548,7539,9352,9847,9827,9837,10027,10070,8185,8181,6886,5863,5870,5873,5879,5876,5880,5756,5643,5632,5421,5368,7354,9368,9948,9871,9871,9850,9928,10077,10068,10063,10095,8153,6402,5517,,
ROT,ROT1101,CNIR,wheao_flaxy,Hydro,Hydro,2026-03-04,5518,5515,5517,5518,5519,5519,5518,5517,5514,5515,5516,7288,10064,10096,10088,10092,10085,10082,10079,10078,8379,6621,5763,5764,5764,5864,5869,5869,5870,5871,5870,5873,5876,6960,9811,10325,10320,10313,10314,10312,10306,10303,10303,10293,10290,8263,6849,5513,,
ROT,ROT1101,CNIR,wheao_flaxy,Hydro,Hydro,2026-03-05,5515,5609,5658,5658,5655,5655,5625,5523,5523,5522,5522,6998,9992,10321,10314,10319,10311,10302,10302,10315,8157,6483,5516,5517,5518,5519,5519,5521,5519,5519,5518,5526,2599,0,0,1099,7502,10208,10368,10361,10371,10366,10371,10372,10568,10566,10554,10547,,
ROT,ROT1101,CNIR,wheao_flaxy,Hydro,Hydro,2026-03-06,7409,5757,5751,5748,5748,5747,5750,5751,5750,5747,5622,7235,9912,9985,10000,9966,9970,9968,9968,10036,8139,6004,5478,5480,5477,5496,5518,5518,5520,5521,5522,5525,5521,8182,10214,10307,10294,10305,10326,10353,10356,10356,10312,9914,10076,8078,6470,5508,,
ROT,ROT1101,CNIR,wheao_flaxy,Hydro,Hydro,2026-03-07,5739,5752,5645,5622,5622,5624,5620,5621,5619,5617,5527,5520,5519,5521,5522,5519,7422,9339,9833,9832,9506,9581,7334,5465,5524,5766,5768,5769,5769,5769,5768,6925,7974,7862,7319,7565,9615,9730,9737,9731,9729,9727,9719,9718,9710,7605,5715,5514,,
ROT,ROT1101,CNIR,wheao_flaxy,Hydro,Hydro,2026-03-08,5513,5516,5514,5512,5509,5510,5506,5507,5500,5497,5495,5496,5496,5499,5497,5502,5507,5679,5763,5764,5765,5766,5767,5765,5766,5744,7856,7498,7504,7488,7495,7513,7489,7696,7710,7723,7716,9732,9849,9842,9841,9839,9839,9837,8084,5959,5517,5519,,
ROT,ROT1101,CNIR,wheao_flaxy,Hydro,Hydro,2026-03-09,5518,5513,5514,5515,5510,5510,5508,5507,5506,5505,5508,5507,5508,5514,7521,7446,7469,7476,7474,7469,7464,7467,7469,7513,7709,7706,7709,7722,7731,7711,7920,7938,8066,8191,8196,9709,9837,9836,9828,9823,9821,9814,9828,7698,5769,5032,5813,5819,,
ROT,ROT1101,CNIR,wheao_flaxy,Hydro,Hydro,2026-03-10,5821,5818,5817,5818,5821,5819,5817,5815,5813,5814,5815,5812,6698,9626,9837,9825,9982,10068,10049,10062,7947,6006,5520,5519,5520,5523,5527,5523,5525,5522,5522,5526,5526,5529,5380,7285,9459,9604,9597,9597,9589,9993,10081,10064,7617,5736,5694,5762,,
ROT,ROT1101,CNIR,wheao_flaxy,Hydro,Hydro,2026-03-11,5761,5760,5760,5760,5764,5762,5761,5763,5763,5761,5773,5761,7157,9456,9612,9588,9801,9833,9823,9856,7799,6102,5767,5764,5765,5767,5765,5767,5772,5767,5769,5769,5559,5538,5536,6888,9529,9842,9842,9846,9838,9832,9835,9820,7757,6223,5515,5514,,
ROT,ROT1101,CNIR,wheao_flaxy,Hydro,Hydro,2026-03-12,5517,5511,5513,5514,5342,5279,5282,5284,5281,5280,5278,5278,6663,9511,9831,9833,9829,9833,9968,10061,7924,6546,5765,5768,5768,5768,5769,5773,5768,5770,5770,5721,5535,5539,5535,7309,9789,9865,9851,9850,9841,9835,9889,10054,8124,6346,5509,5505,,
ROT,ROT1101,CNIR,wheao_flaxy,Hydro,Hydro,2026-03-13,5507,5506,5508,5511,5513,5511,5512,5420,5282,5280,5284,5284,7359,9831,9834,9821,9823,9831,9820,9818,8136,5922,5514,5517,5515,5516,5514,5517,5516,5515,5518,5519,5517,5515,5518,7599,10130,10319,10321,10313,10304,10302,10310,10295,8084,6327,5517,5520,,
ROT,ROT1101,CNIR,wheao_flaxy,Hydro,Hydro,2026-03-14,5520,5514,5519,5464,5291,5287,5288,5286,5292,5291,5290,5282,5283,6885,9924,9840,9866,9834,9844,9841,8113,5679,5270,5282,5272,5277,5274,5278,5278,5277,5278,5277,5278,5279,5282,5276,7546,7962,7962,7975,10259,10327,10325,10314,8117,6265,5522,5522,,
ROT,ROT1101,CNIR,wheao_flaxy,Hydro,Hydro,2026-03-15,5525,5517,5521,5518,5518,5517,5519,5517,5518,5517,5522,5520,5517,5518,7244,9586,9843,9619,9601,9604,9591,9793,9813,9814,9804,7837,7715,7712,7708,7722,7710,7704,7708,7706,6262,5272,5272,5272,5273,5272,5271,5270,5273,5271,5269,5269,5270,5271,,
ROT,ROT1101,CNIR,wheao_flaxy,Hydro,Hydro,2026-03-16,5270,5269,5267,5264,5263,5260,5266,5264,5265,5263,5266,5263,7282,9412,9830,9824,9825,9823,9815,6784,5270,5497,5515,5515,5511,5519,5514,5516,5519,5516,5519,5518,5520,5531,6948,9710,9829,9822,9831,9833,9820,9828,9822,8103,5471,5014,5017,5014,,
ROT,ROT1101,CNIR,wheao_flaxy,Hydro,Hydro,2026-03-17,5012,5010,5008,5010,5010,5006,5006,5006,5007,5009,5009,5005,5006,5009,5495,5504,7030,7949,7964,7953,7733,7707,7711,7703,7702,7703,7703,7707,7705,7700,7702,7713,7700,7700,7719,7710,7701,7703,7712,7698,7743,7835,6490,5268,5272,5267,5272,5271,,
ROT,ROT1101,CNIR,wheao_flaxy,Hydro,Hydro,2026-03-18,5270,5268,5269,5266,5267,5266,5268,5265,5265,5265,5266,5260,7111,9517,9597,9658,9826,9828,9821,9831,8207,6352,5271,5268,5268,5267,5270,5270,5271,5271,5274,5272,5273,5273,7038,9706,9837,9827,10058,10060,10061,10118,10075,7603,5995,5259,5262,5257,,
ROT,ROT1101,CNIR,wheao_flaxy,Hydro,Hydro,2026-03-19,5257,5256,5261,5258,5260,5257,5255,5257,5257,5259,5259,5261,7385,9751,9957,10046,10054,10058,10057,9668,7737,6340,5516,5515,5516,5515,5518,5517,5516,5515,5522,5503,5286,5291,6600,9547,9817,9822,9819,9819,9812,9805,9812,7567,5396,5515,5516,5515,,
ROT,ROT1101,CNIR,wheao_flaxy,Hydro,Hydro,2026-03-20,5519,5515,5459,5434,5434,5434,5431,5285,5284,5284,5282,5283,7186,9659,9854,9828,9824,9818,7680,7485,7471,6053,5360,5507,5286,5298,5285,5285,5291,5288,5062,5040,5039,5042,6650,7476,7465,7459,9448,9578,9580,9564,7362,7218,5399,5320,5327,5318,,
ROT,ROT1101,CNIR,wheao_flaxy,Hydro,Hydro,2026-03-21,5321,5321,5328,5308,5320,5318,5313,5313,5315,5314,7073,5304,5031,5034,5032,5031,5035,5034,5870,5951,5853,5852,5913,6019,7400,7454,7458,7454,7453,7461,7462,7451,7450,7456,7451,7457,6123,6143,6237,6236,5838,5772,5260,4959,4958,4957,4964,4954,,
ROT,ROT1101,CNIR,wheao_flaxy,Hydro,Hydro,2026-03-22,4961,4955,4961,4962,5053,5052,5058,5049,5050,5054,5050,5051,5053,5055,5048,5051,5051,5058,7136,7474,7477,7490,7510,7436,7461,7440,7428,7429,7423,7416,7409,7431,7451,7459,7446,7444,7448,7447,7445,7440,6545,6521,6528,6522,6524,6521,6516,6522,,
ROT,ROT1101,CNIR,wheao_flaxy,Hydro,Hydro,2026-03-23,6523,5418,4961,4957,5151,5205,5201,5020,4981,4976,4972,4983,6745,9631,9663,9592,9582,8330,4605,5027,5025,5024,5037,5024,5027,5027,5028,5029,5039,5030,5038,5034,5028,5031,5033,7060,7485,7481,7480,7475,7477,7472,7474,7469,7469,7462,7469,7464,,
ROT,ROT1101,CNIR,wheao_flaxy,Hydro,Hydro,2026-03-24,5155,4958,4962,4962,4961,4960,4957,4960,4962,4955,4954,4956,6679,9723,9711,9700,9675,9792,7659,5586,5274,5266,5269,5270,5273,5272,5270,5271,5189,5190,5169,5169,5172,5169,7184,9500,9504,9555,9623,9619,9607,9607,9603,7562,5311,4962,4965,4954,,
ROT,ROT1101,CNIR,wheao_flaxy,Hydro,Hydro,2026-03-25,4959,4969,4956,4956,4957,4956,4958,4956,4956,4952,4955,4956,7236,9365,9806,9810,9815,9813,8086,7272,5077,5019,4989,5187,5037,5034,5021,5033,5039,5067,5022,5030,5036,5028,6990,8984,9365,9368,9359,9471,9575,7615,7487,7464,5019,5112,5280,5368,,
ROT,ROT1101,CNIR,wheao_flaxy,Hydro,Hydro,2026-03-26,5367,5364,5369,5367,5366,5368,5375,5372,5367,5366,5365,5371,5365,5313,5230,6473,9640,9847,9844,9832,9832,7341,5244,4763,4768,4774,4771,4762,4768,4766,4774,4765,5251,6870,9605,9840,9846,9837,9827,9828,9813,9812,7814,5111,5213,5204,5202,5218,,
ROT,ROT1101,CNIR,wheao_flaxy,Hydro,Hydro,2026-03-27,5223,5213,5211,5214,5211,5210,5212,5210,5215,5212,5205,5214,5213,5216,6953,9559,9826,9830,9838,9616,7687,5785,5019,5145,5041,4795,4791,4795,4794,4800,4797,4787,4857,5020,6664,9606,9832,9820,9817,9802,7941,7779,7714,7700,7695,7694,7716,5999,,
ROT,ROT1101,CNIR,wheao_flaxy,Hydro,Hydro,2026-03-28,5021,5020,5250,5415,5388,5284,5282,5279,5283,5282,5283,5285,5288,5282,5280,5278,6860,7463,7453,7460,7465,7460,7458,7479,7460,7473,7461,7453,7452,7475,7461,7451,7455,7447,7471,7467,7444,7449,7450,7441,7439,7448,7441,5785,5015,5016,5020,5022,,
ROT,ROT1101,CNIR,wheao_flaxy,Hydro,Hydro,2026-03-29,5016,5017,5016,5015,4991,5015,5025,5028,5018,5015,5019,5025,5021,5016,5011,5019,5018,5018,5020,5019,5019,5021,5022,5020,5025,5026,7227,7464,7460,7472,7460,7463,7462,7463,7473,7447,7455,7463,7448,7452,7456,7458,7468,7449,5823,5018,5019,5028,,
ROT,ROT1101,CNIR,wheao_flaxy,Hydro,Hydro,2026-03-30,5020,5023,5020,5024,5022,5016,5027,5019,5015,5024,5023,5014,6780,9670,9868,9822,9812,9824,7678,5459,5018,5019,5020,5026,5020,5018,5029,5022,5028,5023,5037,5014,5019,5034,7057,7461,7477,7464,7469,7462,7470,7458,7473,7458,7455,5829,5273,5269,,
ROT,ROT1101,CNIR,wheao_flaxy,Hydro,Hydro,2026-03-31,5515,5519,5517,5515,5516,5515,5515,5519,5514,5521,5308,5292,6830,7458,7317,7196,7226,7231,7228,7206,7213,7230,7295,7294,7295,7301,7295,7294,7299,7297,7384,7446,7530,7537,7549,7527,7540,7536,7537,7527,7535,7531,7549,7529,5334,5023,5021,5020,,
ROX,ROX1101,CTCT,roxburgh,Hydro,Hydro,2026-03-01,0,0,0,0,0,0,0,0,0,0,0,0,0,0,0,0,0,0,0,0,0,0,0,0,0,0,0,0,0,0,0,0,0,0,0,0,0,0,0,0,0,0,0,0,0,0,0,0,,
ROX,ROX1101,CTCT,roxburgh,Hydro,Hydro,2026-03-02,0,0,0,0,0,0,0,0,0,0,0,0,0,0,0,0,0,0,0,0,0,0,0,0,0,0,0,0,0,0,0,0,0,0,0,0,0,0,0,0,0,0,0,0,0,0,0,0,,
ROX,ROX1101,CTCT,roxburgh,Hydro,Hydro,2026-03-03,0,0,0,0,0,0,0,0,0,0,0,0,0,0,0,0,0,0,0,0,0,0,0,0,0,0,0,0,0,0,0,0,0,0,0,0,0,0,0,0,0,0,0,0,0,0,0,0,,
ROX,ROX1101,CTCT,roxburgh,Hydro,Hydro,2026-03-04,0,0,0,0,0,0,0,0,0,0,0,0,0,0,0,0,0,0,0,0,0,0,0,0,0,0,0,0,0,0,0,0,0,0,0,0,0,0,0,0,0,0,0,0,0,0,0,0,,
ROX,ROX1101,CTCT,roxburgh,Hydro,Hydro,2026-03-05,0,0,0,0,0,0,0,0,0,0,0,0,0,0,0,0,0,0,0,0,0,0,0,0,0,0,0,0,0,0,0,0,0,0,0,0,0,0,0,0,0,0,0,0,0,0,0,0,,
ROX,ROX1101,CTCT,roxburgh,Hydro,Hydro,2026-03-06,0,0,0,0,0,0,0,0,0,0,0,0,0,0,0,0,0,0,0,0,0,0,0,0,0,0,0,0,0,0,0,0,742,0,0,0,0,0,0,0,0,0,0,0,0,0,0,0,,
ROX,ROX1101,CTCT,roxburgh,Hydro,Hydro,2026-03-07,0,0,0,0,0,0,0,0,0,0,0,0,0,0,0,0,0,0,0,0,0,0,0,0,0,0,0,0,0,0,0,0,0,0,0,0,0,0,0,0,0,0,0,0,0,0,0,0,,
ROX,ROX1101,CTCT,roxburgh,Hydro,Hydro,2026-03-08,0,0,0,0,0,0,0,0,0,0,0,0,0,0,0,0,0,0,0,0,0,0,0,0,0,0,0,0,0,0,0,0,0,0,0,0,0,0,0,0,0,0,0,0,0,0,0,0,,
ROX,ROX1101,CTCT,roxburgh,Hydro,Hydro,2026-03-09,0,0,0,0,0,0,0,0,0,0,0,0,0,0,0,0,0,0,0,0,0,0,0,0,0,0,0,0,0,0,0,0,0,0,0,0,0,0,0,0,0,0,0,0,0,0,0,0,,
ROX,ROX1101,CTCT,roxburgh,Hydro,Hydro,2026-03-10,0,0,0,0,0,0,0,0,0,0,0,0,0,0,0,0,0,0,0,0,0,0,0,0,0,0,0,0,0,0,0,0,0,0,0,0,0,0,0,0,0,0,0,0,0,0,0,0,,
ROX,ROX1101,CTCT,roxburgh,Hydro,Hydro,2026-03-11,0,0,0,0,0,0,0,0,0,0,0,0,0,0,0,0,0,0,0,0,0,0,0,0,0,0,0,0,0,0,0,0,0,0,0,0,0,0,0,0,0,0,0,0,0,0,0,0,,
ROX,ROX1101,CTCT,roxburgh,Hydro,Hydro,2026-03-12,0,0,0,0,0,0,0,0,0,0,0,0,0,0,0,0,0,0,0,0,0,0,0,0,0,0,0,0,0,0,0,0,0,0,0,0,0,0,0,0,0,0,0,0,0,0,17796,8829,,
ROX,ROX1101,CTCT,roxburgh,Hydro,Hydro,2026-03-13,0,0,0,0,0,0,0,0,0,0,0,0,0,0,0,0,0,0,0,0,0,0,0,0,0,0,0,0,0,0,0,0,0,0,0,0,0,0,0,0,0,0,0,0,0,0,0,0,,
ROX,ROX1101,CTCT,roxburgh,Hydro,Hydro,2026-03-14,0,0,0,0,0,0,0,0,0,0,0,0,0,0,0,0,0,0,0,0,0,0,0,0,0,0,0,0,0,0,0,0,0,0,0,0,0,0,0,0,0,0,0,0,0,0,0,0,,
ROX,ROX1101,CTCT,roxburgh,Hydro,Hydro,2026-03-15,0,0,0,0,0,0,0,0,0,0,0,0,0,0,0,0,0,0,0,0,0,0,0,0,0,0,0,0,0,0,0,0,0,0,0,0,0,0,0,0,0,0,0,0,0,0,0,0,,
ROX,ROX1101,CTCT,roxburgh,Hydro,Hydro,2026-03-16,0,0,0,0,0,0,0,0,0,0,0,0,0,0,0,0,0,0,0,0,0,0,0,0,0,0,0,0,0,0,0,0,0,0,0,0,0,0,0,0,0,0,0,0,0,0,0,0,,
ROX,ROX1101,CTCT,roxburgh,Hydro,Hydro,2026-03-17,0,0,0,0,0,0,0,0,0,0,0,0,0,0,0,0,0,0,0,0,0,0,0,0,0,0,0,0,0,0,0,0,0,0,0,0,0,0,0,0,0,0,6292,0,0,0,0,0,,
ROX,ROX1101,CTCT,roxburgh,Hydro,Hydro,2026-03-18,0,0,0,0,0,0,0,0,0,0,0,0,0,0,0,0,0,0,0,0,0,0,0,0,0,0,0,0,0,0,0,0,0,0,0,0,0,0,0,0,0,0,0,0,0,0,0,0,,
ROX,ROX1101,CTCT,roxburgh,Hydro,Hydro,2026-03-19,0,0,0,0,0,0,0,0,0,0,0,0,0,0,0,0,0,0,0,0,0,0,0,0,0,0,0,0,0,0,0,0,0,0,0,0,0,0,0,0,0,0,0,0,0,0,0,0,,
ROX,ROX1101,CTCT,roxburgh,Hydro,Hydro,2026-03-20,0,0,0,0,0,0,0,0,0,0,0,0,0,0,0,0,0,0,0,0,0,0,0,0,0,0,0,0,0,0,0,0,0,0,0,0,0,0,0,0,0,0,0,0,0,0,0,0,,
ROX,ROX1101,CTCT,roxburgh,Hydro,Hydro,2026-03-21,0,0,0,0,0,0,0,0,0,0,0,0,0,0,0,0,0,0,0,0,0,0,0,0,0,0,0,0,0,0,0,0,0,0,0,0,0,0,0,0,0,0,0,0,0,0,0,0,,
ROX,ROX1101,CTCT,roxburgh,Hydro,Hydro,2026-03-22,0,0,0,0,0,0,0,0,0,0,0,0,0,0,0,0,0,0,0,0,0,0,0,0,0,0,0,0,0,0,0,0,0,0,0,0,0,0,0,0,0,0,0,0,0,0,0,0,,
ROX,ROX1101,CTCT,roxburgh,Hydro,Hydro,2026-03-23,0,0,0,0,0,0,0,0,0,0,0,0,0,0,0,0,0,0,0,0,0,0,0,0,0,0,0,0,0,0,0,0,0,0,0,0,0,0,0,0,0,0,0,0,0,0,0,0,,
ROX,ROX1101,CTCT,roxburgh,Hydro,Hydro,2026-03-24,0,0,0,0,0,0,0,0,0,0,0,0,0,0,0,0,0,0,0,0,0,0,0,0,0,0,0,0,0,0,0,0,0,0,0,0,0,0,0,0,0,0,0,0,0,0,0,0,,
ROX,ROX1101,CTCT,roxburgh,Hydro,Hydro,2026-03-25,0,0,0,0,0,0,0,0,0,0,0,0,0,0,0,0,0,0,0,0,0,0,0,0,0,0,0,0,0,0,0,0,0,0,0,0,0,0,0,0,0,0,0,0,0,0,0,0,,
ROX,ROX1101,CTCT,roxburgh,Hydro,Hydro,2026-03-26,0,0,0,0,0,0,0,0,0,0,0,0,0,0,0,0,0,0,0,0,0,0,0,0,0,0,0,0,0,0,0,0,0,0,0,0,0,0,0,0,0,0,0,0,0,0,0,0,,
ROX,ROX1101,CTCT,roxburgh,Hydro,Hydro,2026-03-27,0,0,0,0,0,0,0,0,0,0,0,0,0,0,0,0,0,0,0,0,0,0,0,0,0,0,0,0,0,0,0,0,0,0,0,0,0,0,0,0,0,0,0,0,0,0,0,0,,
ROX,ROX1101,CTCT,roxburgh,Hydro,Hydro,2026-03-28,0,0,0,0,0,0,0,0,0,0,0,0,0,0,0,0,0,0,0,0,0,0,0,0,0,0,0,0,0,0,0,0,0,0,0,0,0,0,0,0,0,0,0,0,0,0,0,0,,
ROX,ROX1101,CTCT,roxburgh,Hydro,Hydro,2026-03-29,0,0,0,0,0,0,0,0,0,0,0,0,0,0,0,0,0,0,0,0,0,0,0,0,0,0,0,0,0,0,0,0,0,0,4,1867,0,0,0,0,0,0,0,0,0,0,0,0,,
ROX,ROX1101,CTCT,roxburgh,Hydro,Hydro,2026-03-30,0,0,0,0,0,0,0,0,0,0,0,0,0,0,0,0,0,0,0,0,0,0,0,0,0,0,0,0,0,0,0,0,0,0,0,0,0,0,0,0,0,0,0,0,0,0,0,0,,
ROX,ROX1101,CTCT,roxburgh,Hydro,Hydro,2026-03-31,0,0,0,0,0,0,0,0,0,0,0,0,0,0,0,0,0,0,0,0,0,0,0,0,0,0,0,0,0,0,0,0,0,0,0,0,0,0,0,0,0,0,11838,11894,12644,0,0,0,,
ROX,ROX2201,CTCT,roxburgh,Hydro,Hydro,2026-03-01,57067,57067,57020,57120,57077,57112,57052,57114,57014,57086,57139,56988,57215,57009,57112,57063,56985,57148,57008,57278,57017,57114,56980,57127,57070,57061,57000,57175,57191,56926,57108,57113,57052,57021,57180,56990,57162,56882,57229,57012,57121,57063,57138,57033,57034,58294,57423,57140,,
ROX,ROX2201,CTCT,roxburgh,Hydro,Hydro,2026-03-02,57057,56987,57122,61580,60471,60050,60188,60067,60267,57045,57203,58021,58552,67518,68667,79969,79861,80455,80060,80291,80176,79993,79438,77283,77308,76169,73502,59812,60399,60056,60286,59846,60149,60013,59850,59916,57372,56955,57070,57206,57006,57065,59128,77319,67985,62811,60188,60302,,
ROX,ROX2201,CTCT,roxburgh,Hydro,Hydro,2026-03-03,60047,59966,60216,60073,59621,60199,60052,60054,60013,60249,60055,65633,64333,80112,75464,71223,78048,80308,80113,80020,80140,80146,79952,60408,60036,60098,60133,56931,57297,56956,57348,56919,57056,57039,57252,56971,57222,57719,60023,60092,69629,69314,73558,60430,60301,64940,65607,63660,,
ROX,ROX2201,CTCT,roxburgh,Hydro,Hydro,2026-03-04,68301,62139,62110,62041,58039,57107,57133,57107,57074,63082,58637,57781,65431,66877,72552,79959,75106,55962,55559,79843,80023,78610,63023,57004,57013,57182,57663,57085,57060,57129,59114,60043,60020,60111,60080,60073,60073,60088,60077,60065,60103,60068,60083,60613,60149,60369,75969,72968,,
ROX,ROX2201,CTCT,roxburgh,Hydro,Hydro,2026-03-05,67784,61093,58594,57059,57022,57123,57074,57083,57081,57058,57450,57596,57600,57642,57365,57058,57064,57033,57149,57146,54938,55083,57039,55075,55120,55024,55119,57147,57005,57076,57098,57034,57123,57095,57031,57284,57952,57040,57204,56970,57153,57030,57147,57178,56834,57392,57062,57093,,
ROX,ROX2201,CTCT,roxburgh,Hydro,Hydro,2026-03-06,57096,57077,57086,57047,57078,57123,56996,57115,57071,57098,57059,57204,57157,56397,57026,57023,55739,55146,55870,57045,59447,60055,60071,57274,57027,57107,57064,56157,56012,56124,56289,56607,56068,56075,56081,56082,56104,57049,57052,57058,57087,57048,57057,57122,57099,57042,57120,57095,,
ROX,ROX2201,CTCT,roxburgh,Hydro,Hydro,2026-03-07,57051,57073,57116,57091,57042,57087,57039,57074,57116,57120,57127,57071,57111,56981,56619,56057,56121,55729,55063,55121,55045,55115,55032,55063,55058,56071,56128,56074,56095,56085,56020,56123,56121,56049,56123,56089,56064,56018,56140,56075,56017,56107,56047,56120,56144,56032,56100,56083,,
ROX,ROX2201,CTCT,roxburgh,Hydro,Hydro,2026-03-08,56025,56154,56098,56096,56012,56065,57019,56121,56133,56011,55980,56206,56062,56119,56026,56071,56126,56019,56164,56090,56036,56084,56077,56106,56072,56018,56146,56127,56069,56005,56131,56348,56050,56180,56082,56160,55955,56102,56066,56081,56087,56063,56108,56084,56046,56018,56133,56176,,
ROX,ROX2201,CTCT,roxburgh,Hydro,Hydro,2026-03-09,56061,56040,56090,56084,56103,56011,56108,56092,56034,56081,56050,56149,56672,56565,69836,74649,61417,56197,56056,73216,74113,74008,74220,74147,74077,74043,74099,74192,74162,73889,74276,74066,74057,74117,74156,74015,56934,56126,56143,56075,56041,56068,56177,56159,56062,56078,56015,56167,,
ROX,ROX2201,CTCT,roxburgh,Hydro,Hydro,2026-03-10,56109,56036,56072,56091,56099,56127,56030,56113,56051,56055,56160,56054,56385,56075,57923,76087,75931,56265,55932,56172,56096,56014,56147,56090,55982,56079,62421,56691,56223,56094,56077,56115,56109,56056,56266,57495,56128,56100,56065,73056,76164,76088,74566,68697,58834,56016,56084,56061,,
ROX,ROX2201,CTCT,roxburgh,Hydro,Hydro,2026-03-11,56576,56574,56636,57001,57137,57074,57096,57118,57018,57117,57218,57103,57205,57218,57161,57102,57534,59864,74758,73093,60612,75765,69676,56939,64585,57317,57151,57095,57137,58868,75620,77106,76995,57209,57050,57106,57137,57067,57119,57102,57119,57151,57116,57143,57184,57709,58118,57112,,
ROX,ROX2201,CTCT,roxburgh,Hydro,Hydro,2026-03-12,57251,56932,58595,58562,57578,57030,57205,57169,57018,57103,57478,59811,65176,59365,57108,76034,76114,76211,75782,76299,76027,76094,76391,76182,76091,76042,76773,76311,76092,76146,76145,76111,76079,77522,79304,80068,75275,72076,65298,76009,88216,80158,96560,96713,86522,89387,94165,75969,,
ROX,ROX2201,CTCT,roxburgh,Hydro,Hydro,2026-03-13,67161,57778,57670,59991,60117,59998,58532,57115,57074,57045,57133,57030,57529,58772,66971,57502,57097,57083,57153,57100,57136,57147,59815,57060,57101,59286,71864,65674,60070,60034,57448,57079,57154,56999,57143,57185,57041,57061,57095,57036,57056,57080,57138,57089,57084,57091,59582,57912,,
ROX,ROX2201,CTCT,roxburgh,Hydro,Hydro,2026-03-14,59061,57041,60077,59729,57367,58619,57069,57055,57219,56973,57099,57040,57233,57037,58799,58856,59374,59313,57015,57168,57038,57248,56950,57162,56993,57109,57274,57151,57117,57040,57218,58144,57213,58123,58523,59971,60162,60046,60054,60129,60013,60102,60094,59593,58074,58618,60032,58590,,
ROX,ROX2201,CTCT,roxburgh,Hydro,Hydro,2026-03-15,59342,58028,58066,58096,58088,57247,57059,57142,57065,57078,57061,57084,57114,59020,58527,57871,59629,58363,58010,57086,57049,57089,57105,57075,57078,57029,57104,57064,57024,57127,57129,57520,58569,58143,57713,58577,58052,60149,60078,59684,59948,60064,60060,58610,59063,57574,55902,58410,,
ROX,ROX2201,CTCT,roxburgh,Hydro,Hydro,2026-03-16,58618,56093,56098,56056,56155,55906,56216,56061,56107,56094,56059,56134,59066,60042,59999,60082,60154,60061,59365,59553,60123,78145,80190,80103,80179,80001,80010,80105,80127,80180,80150,80031,80190,56947,56289,57179,56210,55986,56183,56071,58631,58841,56072,57199,57981,56795,56207,56811,,
ROX,ROX2201,CTCT,roxburgh,Hydro,Hydro,2026-03-17,64787,56870,56093,60000,60064,60102,56102,56119,56025,56044,56162,57796,62547,62425,77539,73802,84776,58273,56159,56017,78933,80112,80183,80027,80110,80122,80073,80133,56605,56111,57594,60104,59990,60133,60320,60061,87688,87102,68764,72691,71404,60712,69636,62259,60123,76118,81582,65172,,
ROX,ROX2201,CTCT,roxburgh,Hydro,Hydro,2026-03-18,60056,60158,60074,60043,60057,60105,60072,60106,60041,60017,59708,60257,59292,65748,82270,80523,80202,80003,76720,77259,76268,80057,80107,61126,60085,60029,60110,60133,60026,60061,77864,80082,80109,80176,79997,62261,60135,60090,83801,94113,88335,80222,80127,79544,80046,80089,60366,60086,,
ROX,ROX2201,CTCT,roxburgh,Hydro,Hydro,2026-03-19,60099,60064,60083,60048,60112,60073,60068,59874,59802,59572,59553,60124,59599,59975,61042,60144,59974,59818,60078,59104,59997,75806,76180,76080,76044,76104,57442,57171,57241,57216,59563,59968,60108,58607,58078,59215,77439,80086,80112,80086,80112,80083,80111,80006,77692,80242,80116,76078,,
ROX,ROX2201,CTCT,roxburgh,Hydro,Hydro,2026-03-20,76281,76031,76037,76059,76100,76130,76165,76024,76145,80132,57218,57157,57195,56944,57322,56973,57518,60002,59085,59635,58528,60004,59998,60092,74335,98258,100053,99862,100465,100099,100150,99909,100350,99982,82175,61492,60019,60090,60029,60060,60091,76058,73737,63430,57077,56989,58682,58057,,
ROX,ROX2201,CTCT,roxburgh,Hydro,Hydro,2026-03-21,59741,60094,59977,60047,60409,59933,59964,60165,60098,60084,60087,60098,60014,60132,59058,59952,60064,60071,60068,59167,60043,60065,60131,77183,79976,80215,80094,80117,79991,57070,59612,57546,59105,60099,59389,72276,80094,80065,80100,80120,80055,80150,62972,57049,57116,57061,57117,57051,,
ROX,ROX2201,CTCT,roxburgh,Hydro,Hydro,2026-03-22,57064,57060,57135,60013,60061,60084,60177,59985,60074,60142,60011,57098,57080,60112,60070,57085,57070,57055,57121,57010,57116,57072,57236,57112,57093,57099,57060,57094,57113,57062,57051,57091,57020,57199,57086,57037,57061,57066,57075,57069,57077,57061,57121,57063,57093,57062,57066,57105,,
ROX,ROX2201,CTCT,roxburgh,Hydro,Hydro,2026-03-23,57068,57106,57076,57117,57067,57069,57062,60091,60068,60103,59913,60238,60000,60174,59992,60151,59970,60121,60085,60103,60014,60125,60210,77964,80396,99146,100119,81181,60351,69202,61265,60103,59969,60209,60123,60042,60059,60061,60073,60112,60075,60040,60073,60096,60118,60031,60078,60120,,
ROX,ROX2201,CTCT,roxburgh,Hydro,Hydro,2026-03-24,60061,60081,60079,77737,80100,80110,80112,80104,80078,60176,59980,60162,60056,60139,60143,59983,77167,80254,60784,60121,60251,59830,79769,80111,60547,60056,60104,60105,59982,57771,6625,57753,70191,99785,100059,80709,60616,80083,80089,80048,80164,80102,80020,80172,80058,80028,80193,80006,,
ROX,ROX2201,CTCT,roxburgh,Hydro,Hydro,2026-03-25,60518,60172,60091,60076,60120,60052,60127,60036,60095,60054,60090,60110,60026,77860,80027,98529,100044,80599,80148,61720,60238,59957,77971,76039,76144,76049,78990,60404,57129,58674,59665,60161,60217,59916,58282,59987,60094,59310,59058,57988,56178,56629,57170,59906,67125,62046,58595,60844,,
ROX,ROX2201,CTCT,roxburgh,Hydro,Hydro,2026-03-26,57207,62422,57236,57118,56981,57055,57183,56991,57083,57192,57275,57069,57052,57529,57198,57017,56820,55029,59549,60033,77606,80010,80200,79884,80185,63174,58442,58291,60443,58248,59911,79416,82008,81524,76297,58845,57306,56951,57120,56431,73186,58100,75689,76147,60123,57934,57115,57173,,
ROX,ROX2201,CTCT,roxburgh,Hydro,Hydro,2026-03-27,57109,57047,57220,58054,57321,57035,57098,57001,57161,57124,57023,57693,57985,57444,57736,57181,57076,57032,57128,57173,56960,57191,56992,57048,57066,57138,57030,57104,77690,80182,86904,95057,100034,100174,100096,99165,82261,96233,87448,99413,87456,80061,80223,80191,94973,89275,100024,95195,,
ROX,ROX2201,CTCT,roxburgh,Hydro,Hydro,2026-03-28,98333,83903,80142,81561,62051,60056,60210,60126,60021,60111,60105,60106,60356,60198,60016,59926,62547,76367,80129,80038,77457,61283,60131,79547,76729,80036,80074,80121,80045,80316,79874,71088,60375,60040,60236,61719,77644,80043,96684,100183,100129,89754,99704,96951,100140,77496,77079,66324,,
ROX,ROX2201,CTCT,roxburgh,Hydro,Hydro,2026-03-29,57057,57072,57096,57072,73102,76345,76742,76488,57345,57007,57195,57273,57176,57083,57035,57156,57110,57036,57160,57064,57028,57110,56980,57766,78275,80085,79084,79967,79656,76492,73684,80286,84917,66819,72731,98034,84154,74757,75858,57146,57217,57023,57087,57071,57296,56563,56993,57258,,
ROX,ROX2201,CTCT,roxburgh,Hydro,Hydro,2026-03-30,56983,57042,57111,57073,56975,57197,57206,57081,57170,57179,57112,57041,56694,57397,57335,56919,57137,57231,57524,84237,99559,93947,81547,76297,76024,60118,57419,56989,57168,57106,57278,66627,57456,75797,76049,76137,76188,58823,57075,57023,57136,57069,57126,56937,57145,57163,57004,57106,,
ROX,ROX2201,CTCT,roxburgh,Hydro,Hydro,2026-03-31,57082,57130,57059,57057,57038,57105,57048,57133,57011,60123,57061,57041,57104,57032,74638,79681,80380,80131,80018,81041,77473,76146,76146,76115,76090,57224,57070,57058,57120,57002,57168,57088,57016,73460,76105,77195,76242,76112,76158,76020,76498,76095,97684,98665,99345,87794,90272,81095,,
RPO,RPO2201,GENE,rangipo,Hydro,Hydro,2026-03-01,32152,32151,32147,32152,32150,32143,32150,32150,32141,32150,32149,32138,32149,32151,32141,32151,32156,32143,32147,32144,32152,32154,32144,32148,32151,32141,32232,32220,32145,32151,32160,32152,32154,32150,32147,32155,32144,32161,32157,32147,32156,32157,32146,32155,32154,32273,32189,32153,,
RPO,RPO2201,GENE,rangipo,Hydro,Hydro,2026-03-02,32147,32153,32152,32161,32158,32150,32148,32153,32148,32154,32160,32184,32186,32154,32146,32159,32155,32159,32157,32160,32187,32166,32156,32154,32166,32153,32159,32174,32176,32159,32183,32153,32170,32160,32176,32168,32160,32154,32156,32164,32140,32149,32146,32146,32151,32141,32153,32158,,
RPO,RPO2201,GENE,rangipo,Hydro,Hydro,2026-03-03,32152,32150,32152,32146,32151,32163,32147,32156,32156,32157,32153,32156,32185,32152,32141,32143,32138,32128,32138,32141,32133,32147,32140,32135,32158,32142,32131,32139,32144,32138,32158,32130,32158,32160,32138,32153,32150,32147,32148,32141,32135,32141,32151,32144,32157,32153,32153,32157,,
RPO,RPO2201,GENE,rangipo,Hydro,Hydro,2026-03-04,32153,32155,32156,32146,32158,32156,32150,32155,32154,32146,32155,32155,32162,32156,32142,32138,32151,32135,32141,32145,32135,32142,32143,32134,32144,32145,32138,32145,32143,32137,32146,32141,32139,32159,32136,32152,32145,32138,32144,32146,32139,32153,32153,32146,32148,32152,32147,32149,,
RPO,RPO2201,GENE,rangipo,Hydro,Hydro,2026-03-05,32151,32145,32150,32142,32148,32153,32142,32148,32149,32139,32147,32147,32145,32155,32158,32150,32153,32147,32155,32168,32148,32150,32149,32141,32151,32150,32143,32158,32149,32140,32152,32156,32150,32163,32146,32171,32155,32152,32152,32149,32141,32154,32153,32142,32150,32157,32162,32161,,
RPO,RPO2201,GENE,rangipo,Hydro,Hydro,2026-03-06,32146,32151,32147,32140,32149,32147,32150,32157,32148,32138,32182,32142,32198,32150,32166,32151,32154,32142,32179,32159,32148,32149,32149,32158,32154,32146,32149,32149,32145,32152,32151,32148,32151,32159,32146,32155,32153,32161,32158,32145,32159,32155,32156,32147,32146,32140,32165,32149,,
RPO,RPO2201,GENE,rangipo,Hydro,Hydro,2026-03-07,32140,32148,32146,32142,32170,32168,32154,32159,32140,32145,32171,32144,32152,32152,32145,32148,32160,32140,32147,32142,32145,32148,32139,32146,32152,32140,32148,32145,32138,32147,32144,32145,32154,32137,32155,32142,32139,32147,32149,32140,32147,32147,32140,32146,32144,32145,32155,32136,,
RPO,RPO2201,GENE,rangipo,Hydro,Hydro,2026-03-08,32146,32145,32144,32147,32148,32140,32150,32158,32140,32150,32149,32147,32146,32141,32150,32149,32145,32151,32158,32140,32151,32149,32155,32148,32142,32148,32152,32142,32153,32151,32147,32163,32150,32155,32151,32142,32151,32150,32141,32151,32152,32143,32153,32151,32139,32147,32148,32150,,
RPO,RPO2201,GENE,rangipo,Hydro,Hydro,2026-03-09,32164,32138,32160,32156,32140,32150,32150,32140,32146,32144,32150,32150,32145,32166,32151,32138,32145,32145,32141,32146,32138,32153,32151,32149,32150,32146,32143,32157,32160,32142,32154,32142,32152,32152,32145,32155,32155,32144,32151,32151,32141,32150,32154,32165,32159,32148,32157,32149,,
RPO,RPO2201,GENE,rangipo,Hydro,Hydro,2026-03-10,32148,32150,32152,32152,32167,32156,32159,32148,32147,32151,32191,32163,32215,32147,32145,32147,32145,32150,32150,32152,32150,32150,32154,32152,32141,32153,32166,32147,32153,32150,32145,32156,32150,32174,32154,32143,32153,32152,32146,32150,32150,32144,32151,32145,32150,32156,32138,32145,,
RPO,RPO2201,GENE,rangipo,Hydro,Hydro,2026-03-11,32148,32137,32154,32152,32152,32143,32145,32141,32150,32134,32224,32155,32195,32150,32171,32143,32158,32159,32145,32153,32144,32152,32159,32144,32158,32154,32144,32154,32168,32150,32160,32149,32155,32155,32145,32155,32155,32145,32149,32158,32143,32152,32154,32145,32155,32137,32158,32143,,
RPO,RPO2201,GENE,rangipo,Hydro,Hydro,2026-03-12,32141,32145,32146,32136,32144,32149,32144,32150,32142,32147,32152,32135,32150,32162,32147,32153,32154,32148,32153,32151,32153,32151,32145,32161,32155,32143,32152,32173,32157,32158,32152,32153,32150,32149,32153,32150,32145,32157,32155,32143,32151,32148,32148,32150,32149,32144,32163,32151,,
RPO,RPO2201,GENE,rangipo,Hydro,Hydro,2026-03-13,32145,32152,32154,32148,32164,32154,32150,32163,32142,32154,32152,32145,32148,32148,32133,32140,32138,32146,32142,32129,32144,32139,32205,32150,32140,32137,32142,32157,32136,32141,32141,32146,32107,32132,32146,32144,32139,32153,32153,32148,32151,32146,32169,32160,32151,32152,32157,32151,,
RPO,RPO2201,GENE,rangipo,Hydro,Hydro,2026-03-14,32194,32151,32175,32178,32167,32174,32178,32166,32191,32189,32188,32161,32149,32158,32163,32147,32169,32148,32150,32155,32143,32156,32162,32170,32160,32156,32151,32171,32168,32144,32158,32148,32154,32153,32152,32152,32155,32144,32156,32154,32145,32159,32149,32157,32154,32146,32151,32155,,
RPO,RPO2201,GENE,rangipo,Hydro,Hydro,2026-03-15,32152,32148,32155,32142,32152,32138,32147,32145,32138,32142,32164,32141,32147,32147,32137,32158,32147,32150,32151,32145,32151,32151,32145,32152,32153,32145,32150,32150,32154,32159,32144,32152,32155,32144,32153,32151,32146,32152,32144,32148,32152,32145,32153,32153,32144,32153,32150,32146,,
RPO,RPO2201,GENE,rangipo,Hydro,Hydro,2026-03-16,32152,32152,32142,32144,32137,32146,32152,32138,32150,32145,32144,32154,32149,32150,32154,32145,32149,32150,32142,32152,32149,32140,32148,32147,32144,32157,32141,32149,32150,32141,32152,32149,32148,32200,32155,32152,32150,32141,32148,32147,32140,32150,32156,32142,32150,32146,32153,32151,,
RPO,RPO2201,GENE,rangipo,Hydro,Hydro,2026-03-17,32143,32151,32149,32144,32151,32149,32144,32150,32145,32150,32151,32141,32151,32160,32142,32149,32152,32144,32148,32144,32154,32149,32146,32153,32157,32142,32157,32158,32148,32149,32142,32149,32148,32142,32163,32151,32143,32149,32150,32146,32152,32139,32149,32149,32145,32154,32152,32145,,
RPO,RPO2201,GENE,rangipo,Hydro,Hydro,2026-03-18,32154,32144,32148,32153,32149,32150,32149,32148,32152,32154,32161,32148,32154,32154,32149,32145,32153,32156,32149,32170,32158,32147,32158,32145,32153,32151,32145,32153,32151,32145,32157,32151,32158,32154,32146,32154,32155,32145,32153,32153,32148,32147,32147,32148,32152,32142,32152,32150,,
RPO,RPO2201,GENE,rangipo,Hydro,Hydro,2026-03-19,32146,32157,32157,32143,32156,32147,32148,32155,32143,32154,32154,32143,32154,32155,32155,32152,32144,32161,32159,32141,32149,32150,32147,32150,32147,32148,32157,32142,32150,32151,32152,32151,32153,32147,32155,32149,32154,32156,32146,32153,32154,32146,32153,32152,32150,32152,32145,32149,,
RPO,RPO2201,GENE,rangipo,Hydro,Hydro,2026-03-20,32158,32140,32149,32146,32141,32152,32142,32148,32148,32138,32143,32146,32153,32146,32148,32143,32147,32138,32150,32188,32139,32159,32143,32136,32144,32178,32139,32142,32153,32144,32146,32140,32151,32144,32142,32149,32133,32144,32146,32138,32150,32144,32143,32144,32146,32142,32174,32137,,
RPO,RPO2201,GENE,rangipo,Hydro,Hydro,2026-03-21,32153,32151,32197,32149,32155,32140,32147,32149,32140,32151,32139,32149,32149,32141,32155,32148,32141,32147,32141,32146,32149,32136,32144,32146,32141,32152,32156,32135,32145,32136,32152,32146,32139,32144,32148,32139,32144,32142,32139,32143,32134,32147,32151,32141,32146,32152,32150,32148,,
RPO,RPO2201,GENE,rangipo,Hydro,Hydro,2026-03-22,32150,32145,32157,32140,32151,32147,32154,32153,32149,32145,32147,32140,32154,32160,32141,32148,32150,32146,32154,32148,32142,32148,32164,32150,32158,32144,32149,32148,32141,32147,32148,32142,32159,32141,32149,32149,32142,32149,32147,32140,32147,32138,32146,32146,32141,32145,32146,32139,,
RPO,RPO2201,GENE,rangipo,Hydro,Hydro,2026-03-23,32147,32141,32146,32147,32140,32153,32145,32136,32145,32145,32149,32155,32148,32154,32153,32143,32152,32164,32145,32149,32145,32153,32204,32145,32156,32157,32143,32155,32162,32149,32168,32149,32158,32156,32151,32152,32154,32145,32152,32146,32155,32153,32150,32153,32147,32141,32152,32144,,
RPO,RPO2201,GENE,rangipo,Hydro,Hydro,2026-03-24,32150,32149,32144,32151,32155,32145,32155,32140,32156,32156,32140,32152,32155,32146,32156,32145,32146,32151,32139,32152,32151,32137,32146,32139,32147,32159,32138,32142,32152,32198,32150,32141,32144,32145,32139,32152,32150,32143,32150,32145,32149,32149,32144,32151,32146,32152,32156,32145,,
RPO,RPO2201,GENE,rangipo,Hydro,Hydro,2026-03-25,32152,32182,32144,32153,32148,32149,32156,32146,32151,32152,32141,32153,32156,32164,32155,32146,32153,32153,32146,32154,32153,32146,32153,32142,32154,32157,32145,32152,32162,32201,32153,32146,32157,32154,32154,32151,32154,32153,32154,32151,32144,32162,32156,32155,32159,32157,32157,32174,,
RPO,RPO2201,GENE,rangipo,Hydro,Hydro,2026-03-26,32151,32171,32165,32156,32162,32179,32199,32192,32155,32154,32147,32171,32163,32183,32164,32161,32141,32155,32154,32139,32151,32147,32150,32150,32142,32164,32154,32137,32150,32153,32152,32155,32144,32149,32153,32142,32152,32147,32141,32150,32141,32151,32153,32152,32166,32157,23018,22311,,
RPO,RPO2201,GENE,rangipo,Hydro,Hydro,2026-03-27,22293,22267,22277,22277,3482,0,0,0,25469,32155,32167,32167,32195,32184,32161,32150,32152,32150,32157,32159,32155,32157,32139,32150,32148,32141,32149,32148,32146,32165,32147,32147,32152,32140,32149,32146,32148,32154,32140,32146,32150,32142,32149,32150,32138,32141,32150,32148,,
RPO,RPO2201,GENE,rangipo,Hydro,Hydro,2026-03-28,32151,32149,32151,32154,32176,32152,32141,32142,32145,32140,32147,32150,32178,32149,32141,32148,32149,32168,32147,32159,32146,32150,32137,32172,32167,32171,32163,32155,32145,32172,32175,32157,32147,32139,32170,32150,32141,32146,32148,32144,32146,32144,32150,32140,32145,32149,32145,32144,,
RPO,RPO2201,GENE,rangipo,Hydro,Hydro,2026-03-29,32141,32152,32145,32140,32134,32148,32148,32159,32141,32145,32144,32172,32176,32133,32141,32153,32133,32141,32136,32128,32137,32128,32139,32142,32131,32153,32151,32137,32143,32138,32145,32149,32137,32150,32146,32140,32145,32138,32142,32145,32135,32143,32134,32144,32188,32151,32157,32167,,
RPO,RPO2201,GENE,rangipo,Hydro,Hydro,2026-03-30,32141,32166,32157,32161,32174,32151,32187,32163,32150,32178,32160,32150,32154,32153,32165,32151,32146,32157,32156,32159,32148,32148,32147,32163,32150,32157,32165,32149,32159,32160,32202,32147,32160,32165,32177,32148,32153,32152,32148,32150,32150,32140,32150,32144,32145,32149,32152,32146,,
RPO,RPO2201,GENE,rangipo,Hydro,Hydro,2026-03-31,32158,32151,32156,32147,32133,32140,32140,32159,32142,32157,32153,32170,32160,32160,32192,32149,32150,32147,32144,32152,32140,32148,32147,32145,32148,32151,32141,32149,32153,32145,32170,32145,32159,32165,32163,32150,32147,32149,32156,32149,32149,32145,32151,32146,32145,32143,32142,32147,,
SFD,SFD2201,CTCT,stratford,Gas,Thrml,2026-03-01,0,0,0,0,0,0,0,0,0,0,0,0,0,0,0,0,0,0,0,0,0,0,0,0,0,0,0,0,0,0,0,0,0,0,0,0,0,0,0,0,0,0,0,0,0,0,0,0,,
SFD,SFD2201,CTCT,stratford,Gas,Thrml,2026-03-02,0,0,0,0,0,0,0,0,0,0,0,0,0,0,0,0,0,0,0,0,0,0,0,0,0,0,0,0,0,0,0,0,0,0,0,0,0,0,0,0,0,0,0,0,0,0,0,0,,
SFD,SFD2201,CTCT,stratford,Gas,Thrml,2026-03-03,0,0,0,0,0,0,0,0,0,0,0,0,0,0,0,0,0,0,0,0,0,0,0,0,0,0,0,0,0,0,0,0,0,0,0,0,0,0,0,0,0,0,0,0,0,0,0,0,,
SFD,SFD2201,CTCT,stratford,Gas,Thrml,2026-03-04,0,0,0,0,0,0,0,0,0,0,0,0,0,0,0,0,0,0,0,0,0,0,0,0,0,0,0,0,0,0,0,0,0,0,0,0,0,0,0,0,0,0,0,0,0,0,0,0,,
SFD,SFD2201,CTCT,stratford,Gas,Thrml,2026-03-05,0,0,0,0,0,0,0,0,0,0,0,0,0,0,0,0,0,0,0,0,0,0,0,0,0,0,0,0,0,0,0,0,0,0,0,0,0,0,0,0,0,0,0,0,0,0,0,0,,
SFD,SFD2201,CTCT,stratford,Gas,Thrml,2026-03-06,0,0,0,0,0,0,0,0,0,0,0,0,0,0,0,0,0,0,0,0,0,0,0,0,0,0,0,0,0,0,0,0,0,0,0,0,0,0,0,0,0,0,0,0,0,0,0,0,,
SFD,SFD2201,CTCT,stratford,Gas,Thrml,2026-03-07,0,0,0,0,0,0,0,0,0,0,0,0,0,0,0,0,0,0,0,0,0,0,0,0,0,0,0,0,0,0,0,0,0,0,0,0,0,0,0,0,0,0,0,0,0,0,0,0,,
SFD,SFD2201,CTCT,stratford,Gas,Thrml,2026-03-08,0,0,0,0,0,0,0,0,0,0,0,0,0,0,0,0,0,0,0,0,0,0,0,0,0,0,0,0,0,0,0,0,0,0,0,0,0,0,0,0,0,0,0,0,0,0,0,0,,
SFD,SFD2201,CTCT,stratford,Gas,Thrml,2026-03-09,0,0,0,0,0,0,0,0,0,0,0,0,0,0,0,0,0,0,0,0,0,0,0,0,0,0,0,0,0,0,0,0,0,0,0,0,0,0,0,0,0,0,0,0,0,0,0,0,,
SFD,SFD2201,CTCT,stratford,Gas,Thrml,2026-03-10,0,0,0,0,0,0,0,0,0,0,0,0,0,0,0,0,0,0,0,0,0,0,0,0,0,0,0,0,0,0,0,0,0,0,0,0,0,0,0,0,0,0,0,0,0,0,0,0,,
SFD,SFD2201,CTCT,stratford,Gas,Thrml,2026-03-11,0,0,0,0,0,0,0,0,0,0,0,0,0,0,0,0,0,0,0,0,0,0,0,0,0,0,0,0,0,0,0,0,0,0,0,0,0,0,0,0,0,0,0,0,0,0,0,0,,
SFD,SFD2201,CTCT,stratford,Gas,Thrml,2026-03-12,0,0,0,0,0,0,0,0,0,0,0,0,0,0,0,0,0,0,0,0,0,0,0,0,0,0,0,0,0,0,0,0,0,0,0,0,0,0,0,0,0,0,0,0,0,0,0,0,,
SFD,SFD2201,CTCT,stratford,Gas,Thrml,2026-03-13,0,0,0,0,0,0,0,0,0,0,0,0,0,0,0,0,0,0,0,0,0,0,0,0,0,0,0,0,0,30564,47010,47015,47017,46989,30489,29807,29778,29765,29760,29747,29734,29759,46614,48452,30769,45989,39794,21318,,
SFD,SFD2201,CTCT,stratford,Gas,Thrml,2026-03-14,807,0,0,0,0,0,0,0,0,0,0,0,0,0,0,0,0,0,0,0,0,0,0,0,0,0,0,0,0,0,0,0,0,0,0,0,0,0,0,0,0,0,0,0,0,0,0,0,,
SFD,SFD2201,CTCT,stratford,Gas,Thrml,2026-03-15,0,0,0,0,0,0,0,0,0,0,0,0,0,0,0,0,0,0,0,0,0,0,0,0,0,0,0,0,0,0,0,0,0,0,0,0,0,0,0,0,0,0,0,0,0,0,0,0,,
SFD,SFD2201,CTCT,stratford,Gas,Thrml,2026-03-16,0,0,0,0,0,0,0,0,0,0,0,0,0,0,0,0,0,0,0,0,0,0,0,0,0,0,0,0,0,0,0,0,0,0,0,0,0,0,0,0,0,0,0,0,0,0,0,0,,
SFD,SFD2201,CTCT,stratford,Gas,Thrml,2026-03-17,0,0,0,0,0,0,0,0,0,0,0,0,0,29635,46994,46980,46938,46930,46936,46961,46984,9582,0,0,0,0,0,0,0,0,0,0,19521,29797,30437,35105,46738,47006,47004,46994,46993,46999,46983,46967,46941,46919,46913,46946,,
SFD,SFD2201,CTCT,stratford,Gas,Thrml,2026-03-18,7727,0,0,0,0,0,0,0,0,0,0,0,0,0,30163,47018,47042,47010,46997,47371,46996,47000,46651,46576,46905,46911,46922,46952,46948,46948,46956,46974,46983,46960,46937,23157,19915,19911,19909,19908,19906,38004,39502,21054,19924,19940,19938,19942,,
SFD,SFD2201,CTCT,stratford,Gas,Thrml,2026-03-19,19941,19811,44533,39697,39640,30383,29719,39222,39539,46778,46928,22524,38301,46778,46911,30635,39243,30147,39466,21359,19960,44486,46960,46953,31016,45775,46958,22580,19921,38348,35773,54812,67910,60608,77186,77632,60930,32687,29883,4465,0,0,0,0,0,0,0,0,,
SFD,SFD2201,CTCT,stratford,Gas,Thrml,2026-03-20,0,0,0,0,0,0,0,0,0,0,30378,47462,47480,47465,47448,47455,47477,22946,38847,21680,1931,0,0,0,0,0,0,0,0,0,0,0,0,0,0,0,0,0,0,14727,45362,47485,47488,47489,31123,20415,44765,30970,,
SFD,SFD2201,CTCT,stratford,Gas,Thrml,2026-03-21,3863,0,0,0,0,0,0,0,0,0,0,0,0,31581,47404,47473,47492,47478,47479,47484,47478,31269,30067,30091,30101,2802,0,0,0,0,0,0,0,0,0,0,29072,47504,47524,47523,47505,40142,30653,20377,20147,41100,47475,47474,,
SFD,SFD2201,CTCT,stratford,Gas,Thrml,2026-03-22,8200,0,0,0,0,0,0,0,0,0,0,0,14704,20086,20143,20143,20150,20131,20113,20134,20150,20150,20150,1780,0,0,0,0,0,0,0,0,31314,47486,47491,47484,47481,47477,47457,47455,47452,47446,47445,47446,47469,47456,7340,0,,
SFD,SFD2201,CTCT,stratford,Gas,Thrml,2026-03-23,0,0,0,0,0,0,0,0,15025,20127,20109,20108,29613,30033,30028,46585,47498,47452,47449,47439,47438,47444,31346,20414,20075,43908,47451,31727,30075,30083,73036,94892,71551,92505,62697,60233,60270,49724,47237,47342,47458,47461,47461,47479,7031,0,0,0,,
SFD,SFD2201,CTCT,stratford,Gas,Thrml,2026-03-24,0,0,0,0,0,0,0,0,0,0,0,0,31224,47460,47506,47440,47443,47432,47459,47445,47434,47435,47437,48029,31095,46732,47437,47435,47447,47405,47441,47446,47462,22774,20145,20139,48276,47460,47480,47515,47507,47526,47516,47501,30948,46596,47431,7563,,
SFD,SFD2201,CTCT,stratford,Gas,Thrml,2026-03-25,0,20717,29377,29372,29377,29373,29367,29365,29384,45738,22823,29219,45506,46663,46662,46655,32950,45720,21957,19695,19692,19709,44272,46672,46673,46637,30475,45785,46557,46571,46560,46574,46574,46570,46604,46641,30207,19826,19584,19577,19581,19611,29260,29402,29413,19997,19710,1627,,
SFD,SFD2201,CTCT,stratford,Gas,Thrml,2026-03-26,0,0,0,0,0,0,0,0,0,0,0,0,0,16296,46084,46976,46881,46881,47031,47681,47721,47728,47723,47733,47755,47761,47756,47738,47744,47755,47757,47744,47731,47732,47733,47729,47739,47736,47714,47706,47703,47703,47714,47707,47693,22592,19925,19922,,
SFD,SFD2201,CTCT,stratford,Gas,Thrml,2026-03-27,863,0,0,0,0,0,0,0,0,0,0,0,14936,44577,47401,47392,47398,62501,67786,67770,67756,67765,67756,49240,47236,47333,47416,47431,47444,47434,47452,47448,47439,47440,47535,47532,47520,47458,40258,39965,39935,39930,39941,39937,21530,20075,29726,20332,,
SFD,SFD2201,CTCT,stratford,Gas,Thrml,2026-03-28,1555,0,0,0,0,0,0,0,0,0,0,0,0,0,0,0,0,31292,47484,47487,47496,47457,47457,7868,0,0,0,0,0,0,0,0,0,0,0,0,0,0,0,0,0,0,0,0,0,0,0,0,,
SFD,SFD2201,CTCT,stratford,Gas,Thrml,2026-03-29,0,0,0,0,0,0,0,0,0,0,0,0,0,0,0,0,0,0,0,0,0,0,0,0,0,0,0,0,0,0,0,0,0,39268,47532,47548,47542,79043,87682,87631,87611,77894,50332,47228,47345,47475,47456,47449,,
SFD,SFD2201,CTCT,stratford,Gas,Thrml,2026-03-30,7106,0,0,0,0,0,0,0,0,0,0,0,30197,47486,47428,47433,47434,47447,7428,0,0,0,0,0,0,0,0,0,0,0,0,0,0,0,0,0,0,0,0,0,0,0,0,0,0,0,0,0,,
SFD,SFD2201,CTCT,stratford,Gas,Thrml,2026-03-31,0,0,0,0,0,0,0,0,0,0,0,0,0,0,0,29542,47453,47486,47460,47468,47473,47510,47507,47498,47496,47507,47503,47501,47498,47472,47429,47448,47458,8462,0,0,0,0,0,0,0,0,0,0,0,0,0,1,,
STK,STK0661,TASM,cobb,Hydro,Hydro,2026-03-01,1268,0,0,0,0,0,0,0,0,0,0,0,0,0,0,0,0,0,0,0,0,0,0,49,1360,2654,9450,2420,1007,8323,9156,10304,9813,9233,8348,7939,7719,7312,7052,6964,7014,7136,7394,7866,8289,4129,330,7270,,
STK,STK0661,TASM,cobb,Hydro,Hydro,2026-03-02,7720,9341,5043,9952,3183,0,0,0,0,3804,9029,9141,8073,7137,6537,6445,6260,6705,7274,7955,6762,6030,7874,7446,4868,23,0,2293,163,25,733,3132,7110,7342,6328,6400,6716,6899,6911,7083,7018,4568,4765,5799,6639,7511,7997,8511,,
STK,STK0661,TASM,cobb,Hydro,Hydro,2026-03-03,8939,9261,9411,9547,9291,9564,9708,9804,9778,9705,9101,8286,7275,6291,5532,5881,5661,5996,6576,6738,5904,6115,7468,8258,8839,9041,9016,9092,9193,9328,9129,8800,8471,8247,7743,6838,6815,6869,6761,6756,5018,4135,5311,5923,6551,7284,7624,8127,,
STK,STK0661,TASM,cobb,Hydro,Hydro,2026-03-04,8500,8770,9080,8869,8972,9143,9143,9198,9187,9068,8483,7781,6748,5895,5442,5553,5531,5849,6407,6518,5596,5831,7009,6803,3631,3604,2883,2355,1613,1277,2225,2314,2084,5775,6240,5525,5300,5283,5079,5264,5321,5534,5816,6490,6960,7558,6865,2615,,
STK,STK0661,TASM,cobb,Hydro,Hydro,2026-03-05,0,0,0,0,0,0,0,0,0,0,0,0,3228,6357,6091,5816,5740,6169,1201,5385,4179,5032,313,0,0,0,0,0,5,7116,8520,8061,7583,7664,6956,6144,6351,1169,0,0,42,1774,4247,4536,1406,393,5121,5155,,
STK,STK0661,TASM,cobb,Hydro,Hydro,2026-03-06,4174,4251,0,7050,8584,1024,0,0,0,1458,1652,1268,3314,4463,3678,4987,3098,5186,6444,6997,6303,5566,6351,7484,8257,8599,8565,8663,8773,8774,8774,8502,8179,7850,7338,6578,6222,5769,5754,5775,5656,5799,6073,6386,6882,7401,7676,8083,,
STK,STK0661,TASM,cobb,Hydro,Hydro,2026-03-07,8465,8266,897,0,0,0,0,0,0,0,0,0,0,0,0,0,1003,2059,0,0,0,0,0,0,0,0,0,0,0,5781,9892,9765,2428,4069,8471,7900,7370,6804,6685,6541,6590,6661,6831,1223,0,0,0,0,,
STK,STK0661,TASM,cobb,Hydro,Hydro,2026-03-08,0,0,0,0,0,0,0,0,0,0,0,0,0,0,0,0,0,0,0,0,0,0,0,0,0,5663,7815,2939,0,946,5343,1521,0,0,2740,6105,5565,5152,4989,4891,4828,5072,5356,5793,878,0,0,0,,
STK,STK0661,TASM,cobb,Hydro,Hydro,2026-03-09,0,0,0,0,0,0,0,0,0,0,0,0,0,0,2704,4838,4678,4232,86,3997,3460,0,4934,6152,6611,7127,6539,6969,6750,6408,5896,5416,4860,4658,4398,3971,4138,4315,4572,4823,5116,5475,5702,6150,6583,7107,7264,7598,,
STK,STK0661,TASM,cobb,Hydro,Hydro,2026-03-10,6647,3949,4286,46,0,0,0,0,0,0,0,0,2792,5124,5258,5651,5443,5668,5648,5554,4365,5605,6268,6006,7170,7834,3845,4157,4990,5105,4851,7826,7707,7521,7284,6899,6462,6226,4865,3532,4613,4891,5346,5810,6457,7116,7320,7756,,
STK,STK0661,TASM,cobb,Hydro,Hydro,2026-03-11,8098,8361,8509,8691,8783,8833,9014,9013,8978,8782,8400,7746,6899,5990,5597,5106,4893,3818,4162,5738,7017,7347,7598,7966,8379,6588,705,3,3105,7415,8354,8069,7835,7499,6917,5911,5049,4885,4810,4884,4895,5127,5502,5948,6531,7124,7380,7749,,
STK,STK0661,TASM,cobb,Hydro,Hydro,2026-03-12,1490,0,0,0,0,0,0,0,0,0,0,0,1839,4791,4216,3863,4008,5158,5064,5734,6598,7204,6846,6990,7930,8561,8263,8437,8545,8718,8531,8083,7944,7612,6736,5928,5532,5305,5168,4673,4631,4946,5465,5795,6409,7048,7325,7695,,
STK,STK0661,TASM,cobb,Hydro,Hydro,2026-03-13,8092,8377,8503,8649,8686,8713,8811,8818,8884,8808,8375,7751,7029,6230,5421,4920,4634,4736,4737,5026,5433,5409,5525,5741,5948,6186,6166,6265,6262,6284,6353,6195,5846,5799,5767,5376,5309,5281,5415,5708,5719,6070,6421,6738,7191,7617,7821,8172,,
STK,STK0661,TASM,cobb,Hydro,Hydro,2026-03-14,8597,8864,8991,8771,9177,9264,9101,6860,1179,3381,1721,1362,4158,3746,3454,6848,6507,6579,6755,7359,7847,7093,7960,3296,0,8039,10092,10224,10055,10037,9975,9793,9388,8821,8093,7499,7010,6549,6345,6326,6259,6395,6701,7034,7372,7922,8001,8365,,
STK,STK0661,TASM,cobb,Hydro,Hydro,2026-03-15,8772,8848,9078,9225,9201,9267,9309,9357,9374,9322,9076,8792,8552,8327,7895,7060,7089,7058,7336,7796,8279,7830,6786,7295,3502,7065,10283,10376,10332,9938,10134,9843,9544,9116,8312,7498,6899,6518,6275,6216,6196,6393,6791,7183,7647,8158,8265,8678,,
STK,STK0661,TASM,cobb,Hydro,Hydro,2026-03-16,9006,9162,50,0,0,0,0,0,0,0,0,0,3009,4545,4008,3420,3153,3717,5113,6807,6963,6767,6987,7760,7470,8766,8302,8632,8694,8725,8422,8160,7805,7461,7060,6617,5629,5339,5353,5701,4978,4928,5664,6339,6828,7420,7663,8072,,
STK,STK0661,TASM,cobb,Hydro,Hydro,2026-03-17,8474,8688,8876,8998,9082,9142,9205,9212,9238,9140,8606,7583,7065,6187,5220,4625,4517,4939,5476,6084,6854,7154,7530,7866,8335,8594,8433,8577,8366,8397,8330,7842,7345,7162,6592,5647,5033,4968,4775,4870,4934,5194,5532,6083,6682,7297,7570,7905,,
STK,STK0661,TASM,cobb,Hydro,Hydro,2026-03-18,8260,8504,8746,8854,8898,9026,9040,9041,9049,8998,8489,7847,6582,6110,5156,4527,4233,2589,80,2930,905,1739,6797,6743,5617,462,1972,6992,7844,6714,6157,5599,5326,5374,5113,4839,4664,4776,4888,5001,5014,5348,5697,6136,6594,7166,7495,7893,,
STK,STK0661,TASM,cobb,Hydro,Hydro,2026-03-19,8174,8374,8548,8678,8722,8776,8895,8920,8918,8462,8163,7829,6454,6202,5188,4673,4524,4763,5399,6239,6835,6560,6445,6613,6267,259,0,320,2949,865,7761,7875,7133,6923,6453,4696,5110,4766,4885,5026,4986,5209,5558,6096,6619,7174,7352,7704,,
STK,STK0661,TASM,cobb,Hydro,Hydro,2026-03-20,7955,8227,8543,8638,8626,8804,8970,8947,8940,8809,8448,4417,4905,4989,3302,4263,4078,1722,997,1429,0,0,859,4738,6724,3068,7699,8487,8260,8315,8103,7670,7189,6985,3680,5055,5147,4881,4829,5005,5120,4627,2811,0,0,0,2814,0,,
STK,STK0661,TASM,cobb,Hydro,Hydro,2026-03-21,1142,961,1538,7784,8695,8835,9001,9052,9022,8971,8842,3854,5583,1083,0,0,0,0,0,0,0,3764,4778,0,0,1,780,0,0,2081,5554,7350,7728,7261,6821,6499,5684,5853,5901,5860,5908,6268,6082,6715,6778,7033,7626,6972,,
STK,STK0661,TASM,cobb,Hydro,Hydro,2026-03-22,7808,8579,8875,9027,9062,9180,9257,9253,9312,9364,9191,2292,1237,2,0,0,3601,4761,884,0,3403,4593,22,2041,3069,759,864,11,6,2,1591,3006,6615,8021,2733,3837,6456,6251,6120,6000,2950,0,695,832,0,0,0,0,,
STK,STK0661,TASM,cobb,Hydro,Hydro,2026-03-23,0,0,0,0,0,0,0,0,0,0,0,0,0,0,1166,4340,4190,485,0,0,0,0,0,0,0,0,0,447,0,5774,7978,7554,7180,7031,1205,0,0,1705,1615,4747,2508,0,0,0,0,862,127,801,,
STK,STK0661,TASM,cobb,Hydro,Hydro,2026-03-24,0,0,0,0,0,0,0,0,0,0,713,354,1017,2358,2384,3625,5198,4704,4801,4503,5525,6513,2920,269,5837,7862,7498,7857,7967,7863,1783,0,108,4525,6036,5626,4513,4798,5325,6025,6044,2435,3739,5585,6461,7170,7308,7673,,
STK,STK0661,TASM,cobb,Hydro,Hydro,2026-03-25,8063,8442,8619,8666,8708,8824,8918,9008,9051,8981,6963,5700,6560,5771,5355,5578,5450,4572,5538,3769,4321,5452,3244,0,4882,6980,6643,6889,7049,1778,4026,6489,6247,5860,3246,4830,4979,4850,5291,6076,5744,6372,6642,4644,5449,6451,7093,7728,,
STK,STK0661,TASM,cobb,Hydro,Hydro,2026-03-26,8343,8655,8507,1657,30,0,0,0,1576,176,0,0,4178,6418,6053,5556,5142,5067,3969,3279,3426,4040,4340,4799,5346,5598,2846,0,4441,5445,5509,5083,4977,4560,4157,4560,4984,5488,5861,4849,3604,5090,4216,4904,6351,7129,5249,0,,
STK,STK0661,TASM,cobb,Hydro,Hydro,2026-03-27,71,0,7158,9045,8628,858,2653,2478,0,991,358,598,2041,3082,3775,2680,1129,0,0,0,205,0,0,0,3838,5755,4855,0,0,0,0,0,0,0,0,0,0,0,0,0,0,0,0,0,0,0,0,0,,
STK,STK0661,TASM,cobb,Hydro,Hydro,2026-03-28,0,0,0,0,0,0,0,0,0,0,0,0,0,0,0,0,0,0,0,0,0,0,0,0,0,0,0,0,0,0,0,0,0,0,0,0,0,0,0,0,0,0,0,0,0,0,0,0,,
STK,STK0661,TASM,cobb,Hydro,Hydro,2026-03-29,0,0,0,0,0,0,0,0,0,0,0,0,0,0,0,0,0,0,0,0,0,0,0,0,0,0,0,0,0,0,0,0,0,0,0,0,0,0,0,0,0,0,0,0,0,0,0,0,,
STK,STK0661,TASM,cobb,Hydro,Hydro,2026-03-30,0,0,0,0,0,0,0,0,0,0,0,0,0,0,0,0,0,0,0,0,0,0,0,0,0,0,0,0,0,0,0,0,0,0,0,0,0,0,0,0,0,0,0,0,0,0,0,0,,
STK,STK0661,TASM,cobb,Hydro,Hydro,2026-03-31,0,0,0,0,0,0,0,0,0,0,0,0,0,0,0,0,0,0,0,0,0,0,0,0,0,0,0,0,2,0,0,0,0,0,0,0,0,0,0,0,0,0,0,0,0,0,0,0,,
TAB,TAB0331,HAWK,te_huka_3,GEO,GEO,2026-03-01,23948,23858,23597,23635,23660,23723,23574,23764,23745,23749,23775,23699,23782,23729,2302,0,0,0,0,0,0,0,0,0,0,0,0,0,0,0,0,0,0,0,0,0,0,0,0,0,0,0,0,0,0,0,0,0,,
TAB,TAB0331,HAWK,te_huka_3,GEO,GEO,2026-03-02,0,0,0,0,0,0,0,0,0,0,0,0,0,0,0,0,0,0,0,0,0,0,0,0,0,0,0,0,0,0,0,0,0,0,0,0,0,0,0,0,0,0,0,0,0,0,0,0,,
TAB,TAB0331,HAWK,te_huka_3,GEO,GEO,2026-03-03,0,0,0,0,0,0,0,0,0,0,0,0,0,0,0,0,0,0,0,0,0,0,0,0,0,0,0,0,0,0,0,0,0,0,0,0,0,0,0,0,0,0,0,0,0,0,0,0,,
TAB,TAB0331,HAWK,te_huka_3,GEO,GEO,2026-03-04,0,0,0,0,0,0,0,0,0,0,0,0,0,0,0,0,0,0,0,0,0,0,0,0,0,0,0,0,0,0,0,0,0,0,0,0,0,0,0,0,0,0,0,0,0,0,0,0,,
TAB,TAB0331,HAWK,te_huka_3,GEO,GEO,2026-03-05,0,0,0,0,0,0,0,0,0,0,0,0,0,0,0,0,0,0,0,0,0,0,0,0,0,0,0,0,0,0,0,0,0,0,0,0,0,0,0,0,0,0,0,0,0,0,0,0,,
TAB,TAB0331,HAWK,te_huka_3,GEO,GEO,2026-03-06,0,0,0,0,0,0,0,0,0,0,0,0,0,0,0,0,0,0,0,0,0,0,0,0,0,0,0,0,0,0,0,0,0,0,0,0,0,0,0,0,0,0,0,0,0,0,0,0,,
TAB,TAB0331,HAWK,te_huka_3,GEO,GEO,2026-03-07,0,0,0,0,0,0,0,0,0,0,0,0,0,0,0,0,0,0,0,0,0,0,0,0,0,0,0,0,0,0,0,0,0,0,0,0,0,0,0,0,0,0,0,0,0,0,0,0,,
TAB,TAB0331,HAWK,te_huka_3,GEO,GEO,2026-03-08,0,0,0,0,0,0,0,0,0,0,0,0,0,0,0,0,0,0,0,0,0,0,0,0,0,0,0,0,0,0,0,0,0,0,0,0,0,0,0,0,0,0,0,0,0,0,0,0,,
TAB,TAB0331,HAWK,te_huka_3,GEO,GEO,2026-03-09,0,0,0,0,0,0,0,0,0,0,0,0,0,0,0,0,0,0,0,0,0,0,0,0,0,0,0,0,0,0,0,0,0,0,0,0,0,0,0,0,0,0,0,0,0,0,0,0,,
TAB,TAB0331,HAWK,te_huka_3,GEO,GEO,2026-03-10,0,0,0,0,0,0,0,0,0,0,0,0,0,0,0,0,0,0,0,0,0,0,0,0,0,0,0,0,0,0,0,0,0,0,0,0,0,0,0,0,0,0,0,0,0,0,0,0,,
TAB,TAB0331,HAWK,te_huka_3,GEO,GEO,2026-03-11,0,0,0,0,0,0,0,0,0,0,0,0,0,0,0,0,0,0,0,0,0,0,0,0,0,0,0,0,0,0,0,0,0,0,0,0,0,0,0,0,0,0,0,0,0,0,0,0,,
TAB,TAB0331,HAWK,te_huka_3,GEO,GEO,2026-03-12,0,0,0,0,0,0,0,0,0,0,0,0,0,0,0,0,0,0,0,0,0,0,0,0,0,0,0,0,0,0,0,0,0,0,0,0,0,0,0,0,0,0,0,0,0,0,0,0,,
TAB,TAB0331,HAWK,te_huka_3,GEO,GEO,2026-03-13,0,0,0,0,0,0,0,0,0,0,0,0,0,0,0,0,0,0,0,0,0,0,0,0,0,0,0,0,0,0,0,0,0,0,0,0,0,0,0,0,0,0,0,0,0,0,0,0,,
TAB,TAB0331,HAWK,te_huka_3,GEO,GEO,2026-03-14,0,0,0,0,0,0,0,0,0,0,0,0,0,0,0,0,0,0,0,0,0,0,0,0,0,0,0,0,0,0,0,0,0,0,0,0,0,0,0,0,0,0,0,0,0,0,0,0,,
TAB,TAB0331,HAWK,te_huka_3,GEO,GEO,2026-03-15,0,0,0,0,0,0,0,0,0,0,0,0,0,0,0,0,0,0,0,0,0,0,0,0,0,0,0,0,0,0,0,0,0,0,0,0,0,0,0,0,0,0,0,0,0,0,0,0,,
TAB,TAB0331,HAWK,te_huka_3,GEO,GEO,2026-03-16,0,0,0,0,0,0,0,0,0,0,0,0,0,0,0,0,0,0,0,0,0,0,0,0,0,0,0,0,0,0,0,0,0,0,0,0,0,0,0,0,0,0,0,0,0,0,0,0,,
TAB,TAB0331,HAWK,te_huka_3,GEO,GEO,2026-03-17,0,0,0,0,0,0,0,0,0,0,0,0,0,0,0,0,0,0,0,0,0,0,0,0,0,0,0,0,0,0,0,0,0,0,0,0,0,0,0,0,0,0,0,0,0,0,0,0,,
TAB,TAB0331,HAWK,te_huka_3,GEO,GEO,2026-03-18,0,0,0,0,0,0,0,0,0,0,0,0,0,0,0,0,0,0,0,0,0,0,0,0,0,0,0,0,0,0,0,0,0,0,0,0,0,0,0,0,0,0,0,0,0,0,0,0,,
TAB,TAB0331,HAWK,te_huka_3,GEO,GEO,2026-03-19,0,0,0,0,0,0,0,0,0,0,0,0,0,0,0,0,0,0,0,0,0,0,0,0,0,0,0,0,0,0,0,0,0,0,0,0,0,0,0,0,0,0,0,0,0,0,0,0,,
TAB,TAB0331,HAWK,te_huka_3,GEO,GEO,2026-03-20,0,0,0,0,0,0,0,0,0,0,0,0,0,0,0,0,0,0,0,0,0,0,0,0,0,0,0,0,0,0,0,0,0,0,0,0,0,0,0,0,0,0,0,0,0,0,0,0,,
TAB,TAB0331,HAWK,te_huka_3,GEO,GEO,2026-03-21,0,0,0,0,0,0,0,0,0,0,0,0,0,0,0,0,0,0,0,0,0,0,0,0,0,0,0,0,0,0,0,0,0,0,0,0,0,0,0,0,0,0,0,0,0,0,0,0,,
TAB,TAB0331,HAWK,te_huka_3,GEO,GEO,2026-03-22,0,0,0,0,0,0,0,0,0,0,0,0,0,0,0,0,0,0,0,0,0,0,0,0,0,0,0,0,0,0,0,0,0,0,0,0,0,0,0,0,0,0,0,0,0,0,0,0,,
TAB,TAB0331,HAWK,te_huka_3,GEO,GEO,2026-03-23,0,0,0,0,0,0,0,0,0,0,0,0,0,0,0,0,0,0,0,0,0,0,0,0,0,0,0,0,0,0,0,0,0,0,0,0,0,0,0,0,0,0,0,0,0,0,0,0,,
TAB,TAB0331,HAWK,te_huka_3,GEO,GEO,2026-03-24,0,0,0,0,0,0,0,0,0,0,0,0,0,0,0,0,0,0,0,0,0,0,0,0,0,0,0,0,0,0,0,0,0,0,0,0,0,0,0,0,0,0,0,0,0,0,0,0,,
TAB,TAB0331,HAWK,te_huka_3,GEO,GEO,2026-03-25,0,0,0,0,0,0,0,0,0,0,0,0,0,0,0,0,0,0,0,0,0,0,0,0,0,0,0,0,0,0,0,0,0,0,0,0,0,0,0,0,0,0,0,0,0,0,0,0,,
TAB,TAB0331,HAWK,te_huka_3,GEO,GEO,2026-03-26,0,0,0,0,0,0,0,0,0,0,0,0,0,0,0,0,0,0,0,0,0,0,0,0,0,0,0,0,0,0,0,0,0,0,0,0,0,0,0,0,0,0,0,0,0,0,0,0,,
TAB,TAB0331,HAWK,te_huka_3,GEO,GEO,2026-03-27,0,0,0,0,0,0,0,0,0,0,0,0,0,0,0,0,0,0,0,0,0,0,0,0,0,0,0,0,0,0,0,0,0,0,0,0,0,0,0,0,0,0,0,0,0,0,0,0,,
TAB,TAB0331,HAWK,te_huka_3,GEO,GEO,2026-03-28,0,0,0,0,0,0,0,0,0,0,0,0,0,0,0,0,0,0,0,0,0,0,0,0,0,0,0,0,0,0,0,0,0,0,0,0,0,0,0,0,0,0,0,0,0,0,0,0,,
TAB,TAB0331,HAWK,te_huka_3,GEO,GEO,2026-03-29,0,0,0,0,0,0,0,0,0,0,0,0,0,0,0,0,0,0,0,0,0,0,0,0,0,0,0,0,0,0,0,0,0,0,0,0,0,0,0,0,0,0,0,0,0,0,0,0,,
TAB,TAB0331,HAWK,te_huka_3,GEO,GEO,2026-03-30,0,0,0,0,0,0,0,0,0,0,0,0,0,0,0,0,0,0,0,0,0,0,0,0,0,0,0,0,0,0,0,0,0,0,0,0,0,0,0,0,0,0,0,0,0,0,0,0,,
TAB,TAB0331,HAWK,te_huka_3,GEO,GEO,2026-03-31,0,0,0,0,0,0,0,0,0,0,0,0,0,0,0,0,0,0,0,0,0,0,0,0,0,0,0,0,0,0,0,0,0,0,0,0,0,0,0,0,0,0,0,0,0,0,0,0,,
TAB,TAB2201,CTCT,Tauhara,Geo,Geo,2026-03-01,84949,85047,85136,85116,85130,85085,85034,85053,85114,85175,85122,85091,85174,85325,85272,85094,85306,85299,85218,85170,84926,84808,84550,84342,84039,84006,84133,83890,83818,83702,83442,83581,83824,83696,83639,83585,83720,83581,83407,83745,84066,84191,84287,84020,83968,84769,84900,84997,,
TAB,TAB2201,CTCT,Tauhara,Geo,Geo,2026-03-02,85051,85083,85134,85126,85367,85376,85508,85526,85556,85531,85327,85239,85464,85512,85665,85767,85720,85832,86009,85981,85894,85953,85902,85904,85727,86027,86048,85840,85861,85833,85820,85572,85837,85679,85718,85916,86004,86027,86364,86332,86443,86259,86348,86501,86475,86543,86419,86427,,
TAB,TAB2201,CTCT,Tauhara,Geo,Geo,2026-03-03,86249,86573,86800,86825,86910,86963,86947,87082,87041,87038,87080,86957,86966,86819,86757,86898,86817,86841,86821,86582,63675,59835,59720,83725,86271,86272,86273,86124,86091,86052,86031,85968,85976,85737,85820,85930,85946,86082,86184,86196,86052,86025,86021,86206,86393,86336,86392,86564,,
TAB,TAB2201,CTCT,Tauhara,Geo,Geo,2026-03-04,86664,86689,86767,86783,86824,86801,86794,86773,86648,86604,86645,86629,86672,86662,86539,86512,86457,86062,86238,86182,86116,86029,85961,85876,85641,85368,85313,85419,85163,85114,85143,85102,85152,85043,85250,85078,85069,85176,85271,85395,85400,84929,84836,84914,85012,85109,85216,85457,,
TAB,TAB2201,CTCT,Tauhara,Geo,Geo,2026-03-05,85610,85729,85945,85805,85804,85920,85955,85975,85987,85967,85991,86001,86026,86101,86158,86155,85985,85763,85702,85541,85337,85268,85129,84978,84851,84670,84714,84727,84543,84455,84340,84233,84048,84030,83994,84128,84040,84092,84099,84054,84295,84528,84660,84754,84794,84915,84942,84995,,
TAB,TAB2201,CTCT,Tauhara,Geo,Geo,2026-03-06,85104,85130,85247,85212,85257,85378,85416,85480,85424,85487,85539,85567,85635,85594,85577,85585,86073,85848,85222,85200,85256,85279,85159,85032,84954,84946,84839,84753,84639,84605,84557,84448,84430,84428,84395,84417,84394,84472,84559,84659,84773,84859,84896,84929,85022,84995,85044,85041,,
TAB,TAB2201,CTCT,Tauhara,Geo,Geo,2026-03-07,85016,85067,85186,85214,85263,85319,85259,85310,85435,85469,85385,85342,85461,85607,85745,85705,85662,85617,85545,85499,85358,85248,85198,85141,85036,84885,84707,84574,84418,84359,84221,84103,84111,83937,84011,83988,83915,83945,83972,84128,84374,84447,84674,84883,84960,85054,85004,84908,,
TAB,TAB2201,CTCT,Tauhara,Geo,Geo,2026-03-08,84932,85008,85019,85003,85005,84991,84990,84990,85008,85078,85089,85030,85005,85040,85134,85164,85099,84984,84979,84945,84875,84690,84619,84543,84520,84546,84759,84751,84816,85244,85065,84666,84675,84690,84695,84696,84608,84552,84635,84637,84621,84567,84527,84525,84649,84835,84819,84894,,
TAB,TAB2201,CTCT,Tauhara,Geo,Geo,2026-03-09,84874,84910,84992,84988,84977,85060,85126,85169,85279,85232,85111,85058,85059,85305,85317,85403,85262,85255,85189,85055,84915,84733,84552,84793,84837,84788,84689,84671,84754,84560,84705,84668,84679,84507,84374,84340,84420,84440,84488,84329,84325,84239,84124,84125,83916,83784,83903,84240,,
TAB,TAB2201,CTCT,Tauhara,Geo,Geo,2026-03-10,84514,84734,85073,85192,85308,85314,85344,85426,85248,85177,85085,84985,85014,85044,85063,85100,85049,84962,84827,84767,84686,84570,84566,84474,84382,84326,84358,84220,84174,84143,84067,84193,84228,84222,84258,84408,84526,84675,84803,84952,85065,85167,85229,85261,85274,85450,85422,85424,,
TAB,TAB2201,CTCT,Tauhara,Geo,Geo,2026-03-11,85561,85465,85433,85299,85411,85602,85723,85795,85905,85808,85537,85577,85501,85538,85517,85355,85380,85581,85652,85442,85437,85381,85260,85181,85162,85143,85020,84956,84917,84903,84904,84881,84810,84612,84644,84691,84888,84954,84973,84838,84769,84680,84768,84813,84884,84870,84892,84971,,
TAB,TAB2201,CTCT,Tauhara,Geo,Geo,2026-03-12,85045,85138,85205,85125,85117,85130,85196,85251,85250,85254,85273,85432,85807,85652,85643,85610,85421,85496,85448,85409,85065,84828,85023,85018,84942,84890,84850,84818,84711,84578,84521,84466,84344,84225,84158,84222,84149,84205,84238,84156,84110,84167,84076,84147,84063,84011,83960,83790,,
TAB,TAB2201,CTCT,Tauhara,Geo,Geo,2026-03-13,83702,83770,83887,83824,83870,83851,83893,83781,83616,83549,83563,83554,83643,83578,83411,83427,83385,83375,83311,83295,83234,83105,82924,82757,82502,82266,82150,81987,81860,81653,81620,81472,81339,81477,81758,81857,81944,81958,81991,82084,82146,82217,82259,82280,82295,82255,82283,82344,,
TAB,TAB2201,CTCT,Tauhara,Geo,Geo,2026-03-14,82359,82354,82348,82328,82249,82111,82177,82211,82227,82179,82128,82339,82605,82620,82679,82759,82748,82706,82563,82569,82659,82838,82815,83675,83738,83342,83236,83432,83654,83688,83436,83305,83428,83377,83122,82946,83018,83221,83500,83652,83848,84018,84175,84320,84319,84337,84422,84567,,
TAB,TAB2201,CTCT,Tauhara,Geo,Geo,2026-03-15,84938,85116,85222,85393,85467,85475,85426,85376,85424,85457,85494,85526,85600,85596,85597,85597,85604,85509,85399,85165,85049,84964,84682,84585,84585,84756,84603,84565,84525,84806,84807,84690,84543,84489,84514,84546,84597,84616,84606,84756,84783,84499,84548,84664,84474,84351,84419,84503,,
TAB,TAB2201,CTCT,Tauhara,Geo,Geo,2026-03-16,84565,84540,84577,84542,84598,84595,84642,84690,84706,84645,84661,84636,84631,84623,84688,84725,84859,84847,84772,84638,84634,84539,84412,84343,84119,84134,84230,84072,84079,83884,83932,83772,83809,83860,84029,83996,83980,83857,84262,84534,84670,84764,84819,84825,84889,84910,84909,84898,,
TAB,TAB2201,CTCT,Tauhara,Geo,Geo,2026-03-17,84865,84874,84916,84868,84933,84972,85084,85218,85194,85241,85209,85209,85232,85451,85508,85409,85395,85503,85512,85416,63853,59988,59955,81781,84962,84810,84681,84585,84565,84511,84452,84316,84305,84282,84288,84216,84087,84043,84237,84361,84429,84514,84506,84427,84459,84514,84551,84518,,
TAB,TAB2201,CTCT,Tauhara,Geo,Geo,2026-03-18,84535,84522,84562,84559,84628,84689,84684,84700,84769,84831,84848,84933,85037,85042,85023,84764,84749,84942,84502,84576,84617,84473,84414,84585,84593,84551,84442,84354,84311,84326,84364,84171,84232,84142,84187,84186,84242,84142,84022,84005,84013,84143,84246,84301,84302,84400,84497,84533,,
TAB,TAB2201,CTCT,Tauhara,Geo,Geo,2026-03-19,84432,84269,83837,83818,83865,84068,84205,84362,84546,84741,84864,84982,85070,85045,85192,85111,84784,84641,84331,84434,84637,84690,84406,83980,83979,84058,83784,83608,83625,83682,83832,83811,83807,83839,83875,83861,83957,84158,84381,84532,84570,84623,84645,84505,84581,84495,84515,84634,,
TAB,TAB2201,CTCT,Tauhara,Geo,Geo,2026-03-20,84451,84416,84649,84534,84541,84905,85119,85030,85055,85239,85318,85310,85349,85278,85368,85223,85185,85158,85133,84987,84772,84478,84118,83999,84051,83986,83905,84043,84212,83987,83906,83981,83932,84010,83970,83917,83848,84089,84078,84111,84154,84134,84165,84187,84296,84424,84672,84843,,
TAB,TAB2201,CTCT,Tauhara,Geo,Geo,2026-03-21,84989,84958,84807,85052,85310,85262,85212,85261,85403,85420,85436,85410,85341,85339,85331,85344,85356,85327,85185,85009,84929,84860,84816,84638,84163,84149,84233,84353,84159,83994,83841,83729,83860,84224,84126,84130,84124,84125,84180,84235,84329,84134,84168,84286,84313,84363,84372,84394,,
TAB,TAB2201,CTCT,Tauhara,Geo,Geo,2026-03-22,84348,84383,84366,84338,84363,84306,84337,84319,84318,84428,84405,84429,84451,84560,84767,84713,84694,84527,84441,84403,84337,84291,84306,84184,84107,83997,83924,83922,83775,83964,83766,83823,83832,83704,83691,83641,83335,83353,83636,83790,83845,83923,83987,84054,84133,84192,84116,84037,,
TAB,TAB2201,CTCT,Tauhara,Geo,Geo,2026-03-23,84017,84219,84149,84529,84722,84811,85002,84972,85026,85151,85424,85602,85557,85535,85491,85512,85477,85332,85152,84857,84723,84864,84866,85107,85174,84700,84677,84823,84753,84696,84494,84193,84165,84161,84110,84216,84166,84094,84095,84038,84134,84463,84429,84458,84766,84997,85102,85161,,
TAB,TAB2201,CTCT,Tauhara,Geo,Geo,2026-03-24,85159,85164,85076,84979,84994,84971,85043,85055,85091,85045,85085,85130,85192,85429,85495,85604,85637,85500,85455,85405,85412,85356,85298,85269,85246,85135,85003,85007,84946,84862,84703,84680,84707,84642,84629,84659,84746,84774,84861,84963,84933,84870,84856,84976,85031,85063,85087,85076,,
TAB,TAB2201,CTCT,Tauhara,Geo,Geo,2026-03-25,85137,85199,85023,84917,84824,84820,84839,84791,84869,84952,84875,84785,84827,85001,85172,85088,85001,85100,85045,84913,84856,84777,84779,84760,84681,84602,84493,84432,84388,84387,84123,84095,84131,84071,84285,84381,84397,84429,84582,84609,84574,84522,84500,84444,84406,84277,84239,84328,,
TAB,TAB2201,CTCT,Tauhara,Geo,Geo,2026-03-26,84426,84442,84495,84488,84424,84534,84570,84442,84412,84487,84479,84362,84542,84562,84398,84339,84270,84217,84569,84656,84630,84424,84166,83985,83989,84018,83958,83974,83918,83764,83716,83748,83812,83642,83670,83618,83749,83719,83629,83549,83676,83638,83681,83750,83879,83678,83659,83785,,
TAB,TAB2201,CTCT,Tauhara,Geo,Geo,2026-03-27,83851,83832,83661,83626,83587,83515,83425,83301,83268,83294,83394,83364,83638,83778,83674,83763,83672,83396,83557,83583,83310,83253,83255,83215,83218,83125,82963,82978,83016,83104,83189,83268,83308,83405,83503,83472,83508,83574,83658,83666,83657,83633,83686,83619,83686,83682,83722,83729,,
TAB,TAB2201,CTCT,Tauhara,Geo,Geo,2026-03-28,83651,83631,83609,83596,83619,83565,83522,83529,83492,83474,83448,83411,83417,83447,83537,83512,83462,83413,83237,83255,83139,82981,83055,83170,83231,83244,83124,83125,83159,83158,83197,83245,83261,83285,83396,83470,83499,83538,83695,83812,83787,83733,83840,83932,83919,84018,84111,84172,,
TAB,TAB2201,CTCT,Tauhara,Geo,Geo,2026-03-29,84193,84121,84180,84215,84164,84385,84592,84437,84324,84462,84341,84315,84383,84645,84776,84725,84635,84573,84445,84330,84155,84014,83947,83835,83841,83784,83687,83761,83769,83558,83357,83284,83063,83295,83418,83332,83404,83487,83614,83754,83869,83760,83786,83882,84014,83859,83625,83857,,
TAB,TAB2201,CTCT,Tauhara,Geo,Geo,2026-03-30,83854,83937,83939,83944,83933,83997,84022,84164,84268,84269,84258,84079,83987,84120,84133,83992,84066,84054,84123,83955,83872,83717,83479,83427,83363,83218,83106,82172,82187,82114,82125,82097,82855,83156,83260,83003,83198,83000,83175,83460,83617,83684,83737,83750,83716,83597,83511,83861,,
TAB,TAB2201,CTCT,Tauhara,Geo,Geo,2026-03-31,83898,83677,83520,83451,83441,84131,84462,84093,84417,84869,84812,84469,84588,83967,24472,0,0,0,0,0,0,0,0,0,0,0,0,0,0,0,0,0,0,0,0,0,0,0,0,0,0,0,0,0,0,0,0,0,,
TGA,TGA0331,POCO,kaimai,Hydro,Hydro,2026-03-01,7271,7274,4447,3470,3467,6094,6755,6756,6746,6754,6751,6743,6746,6751,5059,5148,5088,5628,5647,7688,6199,5160,5156,5182,5188,5194,5192,5198,5198,5196,5184,5192,11158,13331,13337,13334,13324,13332,13340,13359,13325,13307,7498,6834,6796,6922,6872,6832,,
TGA,TGA0331,POCO,kaimai,Hydro,Hydro,2026-03-02,3907,3725,3723,3720,3717,3716,3714,3712,3710,3706,3704,3700,3702,3695,4190,9726,12924,13068,13298,13352,13354,13292,13284,8767,8552,8563,8564,8596,8591,8600,11819,12832,12841,12832,12830,12801,12845,12836,12832,12802,12826,12817,12814,7467,4459,3755,3753,3751,,
TGA,TGA0331,POCO,kaimai,Hydro,Hydro,2026-03-03,3749,3748,3745,3744,3741,3740,3736,3734,3732,3729,3726,3725,3724,7575,13221,14217,14206,14207,14205,14204,12964,12380,12380,12385,11625,8560,3885,3729,3728,3726,3856,4826,9795,12416,14547,14356,14355,14374,14363,14353,14354,14357,14352,14362,7469,3936,3750,3748,,
TGA,TGA0331,POCO,kaimai,Hydro,Hydro,2026-03-04,3747,3744,3742,3741,3738,3737,3733,3730,3728,3727,3724,3722,3718,7302,13055,14229,14210,14213,7509,7287,10649,11707,12785,8051,11215,12306,15447,14349,14351,8581,9501,9734,11694,16458,17368,17343,17363,17597,17570,17541,17434,17402,17461,8396,4913,3708,3682,3661,,
TGA,TGA0331,POCO,kaimai,Hydro,Hydro,2026-03-05,589,61,60,59,50,22,18,44,58,55,50,46,22,7643,13732,16150,16099,16114,16115,16126,15615,11494,15397,15990,13766,13661,13625,4166,3071,3067,3057,3063,3056,7762,13373,15682,15951,15965,15948,15934,15943,15967,16016,15982,7755,512,40,18,,
TGA,TGA0331,POCO,kaimai,Hydro,Hydro,2026-03-06,19,52,54,55,47,22,18,36,54,50,43,19,5091,11247,15728,15615,15647,15630,15643,15638,5872,3679,3667,3667,3649,4104,3503,3499,3496,3479,3472,3494,6340,11083,15018,15973,15932,15990,15992,15984,17302,17382,17376,17373,17405,17401,17402,17336,,
TGA,TGA0331,POCO,kaimai,Hydro,Hydro,2026-03-07,7213,573,52,53,45,18,13,38,50,46,35,13,10,37,39,37,5582,12953,14518,14570,14574,7709,3545,3266,296,29,34,33,3796,13015,14332,14376,14388,14380,14395,14332,14243,14249,17193,17367,17274,17159,17156,17189,7973,3744,3569,303,,
TGA,TGA0331,POCO,kaimai,Hydro,Hydro,2026-03-08,26,51,46,37,12,9,37,38,32,20,18,2891,3032,6967,9723,14000,14066,11482,11628,7363,5251,5331,5382,5397,5423,5407,5393,5411,5437,5433,5418,5731,14663,15984,15990,16003,16412,16420,16446,16462,16454,16457,16446,16422,12652,9549,4116,3539,,
TGA,TGA0331,POCO,kaimai,Hydro,Hydro,2026-03-09,3525,3512,3544,3556,3540,3542,3517,3514,3537,3548,3546,3539,4526,7233,11679,13018,13064,13416,12999,12977,12958,12997,12990,12898,12759,9275,8968,8982,9008,4018,3705,3702,3698,8286,11764,13223,13246,13260,13262,13254,13237,13230,13271,13274,10850,7096,3857,3699,,
TGA,TGA0331,POCO,kaimai,Hydro,Hydro,2026-03-10,3699,3723,3723,3720,3713,3689,3684,3704,3709,3708,3707,3698,3678,7827,12090,14212,14248,14241,14216,14218,14226,14239,7909,3865,3554,3555,3550,3537,3529,3548,3560,6550,12524,13375,13794,14044,14044,14322,14481,14485,14467,14451,14465,7356,6834,6816,3778,3720,,
TGA,TGA0331,POCO,kaimai,Hydro,Hydro,2026-03-11,3713,3701,3694,3701,3715,3712,3710,3707,3688,3677,3683,3704,3704,7212,14454,14576,14513,14531,14529,14501,14474,13022,12814,12859,5043,3718,3716,3699,3684,3687,3712,3711,3708,3691,3672,7331,13340,14530,14510,14513,14687,14688,14722,14748,7348,3722,3702,3690,,
TGA,TGA0331,POCO,kaimai,Hydro,Hydro,2026-03-12,3699,3718,3715,3711,3691,3679,3686,3704,3703,3698,3694,3674,4198,7058,13276,14526,14535,14529,14498,14483,14491,12662,12613,12607,7014,3824,3708,3701,3693,3687,3688,6076,11638,9878,9742,9756,9763,10696,11308,11307,11315,11320,11331,5954,3715,3715,3713,3710,,
TGA,TGA0331,POCO,kaimai,Hydro,Hydro,2026-03-13,3701,3696,3692,3697,3703,3698,3698,3697,3692,3692,3685,6268,8212,11758,13994,14043,14043,13549,13357,13359,13354,13365,13320,13325,13324,12148,11844,11867,11857,11863,11846,11837,11827,11830,11840,11859,11870,11844,11834,8382,8294,8297,8308,8267,7859,4002,3710,3706,,
TGA,TGA0331,POCO,kaimai,Hydro,Hydro,2026-03-14,3692,3687,3699,3704,3701,3697,3681,3674,3681,3693,3691,3691,3679,6137,12725,14053,14047,14046,14068,14059,12036,11839,11872,11891,11834,11817,11842,11874,11725,11668,11854,11776,11769,11792,11815,11295,8503,8328,8326,8322,8307,11466,12809,12782,7474,7248,7232,7216,,
TGA,TGA0331,POCO,kaimai,Hydro,Hydro,2026-03-15,7143,3663,3644,3643,3640,3638,3636,3634,3631,3629,3627,3624,3623,3623,3623,3617,3614,3614,3611,3723,5115,5095,5094,5091,5323,5336,5335,5177,5090,5095,5091,5076,8378,13157,13512,13486,13355,13229,13236,13228,13219,13237,13250,13236,4578,3643,3642,3640,,
TGA,TGA0331,POCO,kaimai,Hydro,Hydro,2026-03-16,3637,3636,3633,3631,3628,3626,3625,3626,3619,3620,3620,3619,3616,6410,12339,13775,13788,13784,13772,13767,13753,13767,10098,8445,4075,6647,7654,3968,3615,3613,3612,3605,4887,7281,8170,8172,9444,10328,10332,10311,10323,10316,10322,10299,10312,4217,201,0,,
TGA,TGA0331,POCO,kaimai,Hydro,Hydro,2026-03-17,0,0,0,0,0,0,0,0,0,0,0,0,131,3521,7343,9994,8974,8667,9728,6376,10474,10367,10350,10061,9886,3512,3125,3197,6071,6837,8497,8793,8793,9188,9440,12263,13467,13465,13476,13439,13452,13462,7607,6755,3751,3646,3643,3641,,
TGA,TGA0331,POCO,kaimai,Hydro,Hydro,2026-03-18,3638,3637,3636,3634,3632,3630,3630,3627,3624,3622,3619,3617,3614,3611,11291,13912,13931,14068,13813,13732,13700,13772,11487,11245,11228,11234,8566,8132,8084,8088,8115,8138,10384,12764,12779,12744,12765,12760,12761,12797,12809,8249,7778,4007,3725,3722,3719,3707,,
TGA,TGA0331,POCO,kaimai,Hydro,Hydro,2026-03-19,3691,3685,3696,3707,3703,3703,3699,3698,3682,3672,3670,3684,3688,6047,7712,12801,14883,14894,14049,13812,13790,13818,4854,3574,3553,3622,3652,3688,3686,3684,3683,3667,6978,12816,14206,14866,14930,14908,14867,14847,14840,14840,14827,14820,14686,5005,326,44,,
TGA,TGA0331,POCO,kaimai,Hydro,Hydro,2026-03-20,53,51,2317,3688,3679,3697,3709,3708,3703,3690,3672,3671,3696,3698,7756,8736,12406,13699,13725,13752,13746,13764,13713,13691,7325,3893,3708,3698,3677,3674,3698,3702,3702,3700,5831,12682,14004,14010,14010,14009,14033,13995,14009,14014,14026,7755,3909,3688,,
TGA,TGA0331,POCO,kaimai,Hydro,Hydro,2026-03-21,3682,3707,3714,3711,3706,3681,3670,3685,3705,3703,3699,3676,3662,3667,3690,3687,3684,7649,11960,13227,13230,13227,13252,13263,13253,13269,13252,13247,13276,13278,13276,13272,13276,13265,13285,13279,13296,13286,13288,12860,6843,3911,3703,3698,3702,3720,3718,3715,,
TGA,TGA0331,POCO,kaimai,Hydro,Hydro,2026-03-22,3712,3702,3685,3681,3700,3705,3703,3701,3698,3680,3673,3677,3696,3694,3690,3684,3662,3654,3661,4868,5156,5155,5152,5133,5131,5146,5343,5402,5404,5393,5379,7769,12679,13760,13754,13749,13720,13711,13717,13730,13712,13725,13740,4460,3678,3701,3711,3707,,
TGA,TGA0331,POCO,kaimai,Hydro,Hydro,2026-03-23,3703,3680,3668,3680,3699,3698,3695,3678,3660,3662,3686,3683,3682,3675,6852,10172,10778,10835,11047,11266,6968,6731,6762,3826,3681,3678,3675,3666,3642,8561,9948,9971,9978,10443,10471,10907,11259,13332,13500,13473,13482,13487,13479,13449,13451,7186,3819,3697,,
TGA,TGA0331,POCO,kaimai,Hydro,Hydro,2026-03-24,3677,3661,3665,3689,3687,3686,3681,3667,3650,3647,3666,3670,3668,3666,7066,13704,15177,15271,15206,15327,15303,15234,8297,3854,3688,3684,3684,3683,3659,3653,3659,3675,3673,6370,13349,15348,15337,15301,15278,15277,15273,15257,15238,15216,15191,15137,15079,15038,,
TGA,TGA0331,POCO,kaimai,Hydro,Hydro,2026-03-25,8131,3685,3519,3515,3504,3495,3505,3526,3528,3521,3517,4746,4977,8157,11080,12310,11888,11856,11840,11833,11862,7632,7278,7286,7287,3834,3696,3681,3676,3683,3699,3697,3695,5973,11905,13252,13257,13289,13285,13190,13181,13165,13163,10198,7435,3883,3707,3694,,
TGA,TGA0331,POCO,kaimai,Hydro,Hydro,2026-03-26,3677,3675,3696,3699,3697,3694,3692,3677,3666,3662,3681,3682,3678,3676,3675,3672,7710,12141,13261,13247,13246,13283,13502,13499,7831,7302,7303,7220,11232,13021,11840,11378,11358,13217,13742,13693,13676,13737,13717,13741,13696,13883,13956,13912,13937,13915,13941,8747,,
TGA,TGA0331,POCO,kaimai,Hydro,Hydro,2026-03-27,8339,8336,8329,8323,8317,8310,8266,7775,7942,8206,8207,8200,8212,12152,14073,14028,13988,13973,13943,13927,13910,13923,13925,13939,13945,13956,13967,13971,13972,14396,14134,17877,18614,18609,18609,18615,18625,18639,18652,18665,18678,18690,18706,18724,18731,18743,18751,18752,,
TGA,TGA0331,POCO,kaimai,Hydro,Hydro,2026-03-28,14893,14288,12847,12803,13101,13997,9908,9821,10198,11939,15289,16457,16462,16446,16431,17446,17529,17531,17484,17506,17582,17353,17199,17242,17250,17250,17253,17214,17231,17259,17262,17252,17224,17200,16907,16791,16742,16762,16766,16483,16497,16648,16568,16537,16568,7808,6762,6645,,
TGA,TGA0331,POCO,kaimai,Hydro,Hydro,2026-03-29,3751,3538,3541,3528,3496,3335,2593,269,69,66,63,2167,13255,14591,15012,14667,14600,14577,14584,14567,14531,14550,14571,14589,14570,14617,14615,14625,14612,14620,14607,14619,17223,17343,17382,17315,17339,17356,17347,17344,17354,17348,17362,12745,7506,4135,3192,3191,,
TGA,TGA0331,POCO,kaimai,Hydro,Hydro,2026-03-30,3184,3192,3202,225,57,54,50,44,2777,4701,3649,7843,8686,11720,12849,15350,16094,16151,15997,15902,15933,15914,15903,13861,13694,13662,13724,13695,13735,13779,13717,13477,13469,13590,14525,14491,14530,14538,14539,14527,16423,16440,16453,16465,11286,8180,7439,7037,,
TGA,TGA0331,POCO,kaimai,Hydro,Hydro,2026-03-31,3263,307,68,67,63,63,68,67,62,58,56,51,50,5540,13354,15366,15432,15449,15461,15961,15708,15718,15691,15685,15670,15675,15713,15720,15729,15706,14794,14630,14588,14595,14602,14591,14596,14583,14591,14564,14557,14564,14606,11109,7396,3707,553,63,,
THI,THI2201,CTCT,te_mihi,Geo,Geo,2026-03-01,82566,82412,82304,82223,82047,82197,82521,82613,82664,82655,82693,82703,82715,82703,82773,82770,82699,82555,82443,82302,82082,81985,81915,81595,81470,81386,80956,81123,81093,80953,81100,81058,80971,80791,80609,80833,80939,81194,81317,81398,81490,81575,81771,81861,82093,82326,82400,82578,,
THI,THI2201,CTCT,te_mihi,Geo,Geo,2026-03-02,82609,82558,82456,82671,82944,82902,82951,83195,83123,82968,82860,82900,83171,83292,82591,83115,83171,83260,83263,83165,82935,82865,82747,82633,82777,82950,82903,82493,82509,82481,82408,82482,82685,82761,82473,82673,82596,82797,82931,83089,83396,83425,83447,83666,83558,83812,83942,83773,,
THI,THI2201,CTCT,te_mihi,Geo,Geo,2026-03-03,83586,83562,83956,84045,83659,83916,83977,84029,83879,83321,83297,83495,83522,83493,83210,82978,82991,82975,82990,83102,83108,83018,83012,82948,82936,82964,82876,82684,82830,82735,82631,82769,82415,82212,82074,82262,82296,82201,82548,82668,82461,82679,83195,83411,83232,83247,83404,83490,,
THI,THI2201,CTCT,te_mihi,Geo,Geo,2026-03-04,83481,83264,83047,83174,83308,83256,83333,82976,83055,83045,82800,82898,82906,83037,82875,82848,82900,82752,82540,82566,82560,82669,82750,82578,82572,82703,82784,83010,83046,82983,82903,82601,82556,82152,81952,81993,81881,82029,82081,81953,82223,82453,82306,82488,82653,82806,82838,82807,,
THI,THI2201,CTCT,te_mihi,Geo,Geo,2026-03-05,82631,82821,83033,83090,83044,83106,83094,83106,83159,83179,83213,83217,83193,83207,83156,83144,83077,82882,82773,82508,82135,81878,82218,82243,81791,82008,81772,81763,81678,81665,81498,81181,81172,81002,81081,80984,80703,80815,81029,81030,81136,81199,81420,81554,81571,81958,82212,82323,,
THI,THI2201,CTCT,te_mihi,Geo,Geo,2026-03-06,82287,82255,82422,82399,82501,82618,82704,82802,82522,82546,82900,82933,82993,83022,83030,82908,82765,82651,82559,82496,82505,82606,82647,82477,82587,82438,82336,82216,81954,82056,81950,81652,81399,81046,81005,81231,81235,81308,81503,81596,81832,81947,82045,82124,82146,82143,82226,82346,,
THI,THI2201,CTCT,te_mihi,Geo,Geo,2026-03-07,82395,82278,82244,82435,82471,82428,82392,82569,82673,82679,82602,82690,82636,82670,82615,82619,82583,82579,82394,82240,82187,82241,82210,82221,82118,81909,81946,81362,80812,80607,80906,80962,80686,80142,79973,80093,80074,79987,80217,80429,80187,80096,80492,80536,80349,80457,80730,81036,,
THI,THI2201,CTCT,te_mihi,Geo,Geo,2026-03-08,81364,81386,81298,81444,81480,81482,81565,81464,81518,81580,81718,81708,81743,81609,81678,81645,81620,81569,81574,81526,81197,81129,81262,81410,81489,81546,81281,81301,81136,81252,81184,81221,80891,80676,81118,81361,81217,81198,81356,81536,81569,81484,81412,81463,81505,81630,81749,81780,,
THI,THI2201,CTCT,te_mihi,Geo,Geo,2026-03-09,81788,81761,81751,81822,81892,81899,81924,81993,82032,82124,82081,82052,82069,82182,82348,82354,82276,82149,82100,81893,81692,81400,81383,81471,81710,81828,81791,81593,81896,81768,81897,82142,81733,81616,81689,81611,81092,81003,80917,80709,80867,81084,81169,81508,81043,81151,81597,81823,,
THI,THI2201,CTCT,te_mihi,Geo,Geo,2026-03-10,82036,82161,82345,82478,82563,82664,82746,82767,82744,82789,82779,82765,82859,82769,70103,68145,68187,68277,68352,68365,68466,68271,68182,68177,68137,75572,78187,78660,79453,79400,79427,78842,76716,76682,76682,76699,76685,76692,76702,76704,76696,76684,76684,76701,76698,76707,76712,76717,,
THI,THI2201,CTCT,te_mihi,Geo,Geo,2026-03-11,76720,76711,76713,76707,76704,76706,76706,76703,76707,76710,76696,76703,76711,76614,76595,76604,76596,76591,76595,76595,76592,76601,76595,76602,76602,76596,76595,76595,76613,76604,76603,76618,76606,76610,76615,76606,76613,76609,76622,76625,76608,76613,76617,76618,76614,76622,76624,76620,,
THI,THI2201,CTCT,te_mihi,Geo,Geo,2026-03-12,76627,76628,76615,76624,76630,76624,76631,76622,76612,76616,76610,76619,76609,76606,76606,76591,76601,76606,76604,76602,76591,76601,76603,76593,76590,76587,76592,76593,76602,76600,76602,76546,76026,76019,76187,76145,75985,76087,76155,76244,76344,76135,76231,76357,76420,76524,76521,76403,,
THI,THI2201,CTCT,te_mihi,Geo,Geo,2026-03-13,76353,76372,76352,76371,76353,76429,76493,76512,76475,76411,76300,76222,76194,76205,76190,76214,76205,76157,76108,75989,68853,74972,75445,75190,74899,74559,69154,73620,73724,73639,73668,73698,73607,73772,73996,73977,74118,74073,74041,74084,74165,74184,74176,74161,74104,74105,74240,74187,,
THI,THI2201,CTCT,te_mihi,Geo,Geo,2026-03-14,74184,74128,74219,74425,74566,74279,74284,74479,74355,74224,74194,74728,74897,75013,75059,75101,75059,74984,74972,74896,74792,74813,75293,75453,75567,75757,75834,75797,75889,76013,75893,75913,75921,75946,75635,75418,75459,75569,75887,76098,76222,76375,76442,76237,76232,76326,76420,76552,,
THI,THI2201,CTCT,te_mihi,Geo,Geo,2026-03-15,76582,76617,76791,76763,76862,76735,76597,76777,76867,76818,76733,76822,76890,76897,76926,76910,76802,76741,76579,76464,76505,76544,76499,76567,76498,76581,77028,77519,77330,77164,77450,77481,77333,77368,77326,76979,76835,76835,76610,76070,76124,76293,76460,76463,76403,76458,76582,76588,,
THI,THI2201,CTCT,te_mihi,Geo,Geo,2026-03-16,76809,76861,76899,76761,76837,76945,76964,77026,76920,76779,76832,76828,76843,76868,76910,76964,76966,77022,77234,77145,76925,76701,76678,76757,76578,76596,76702,76454,76050,75796,75974,75962,75905,75743,75501,75545,75717,75927,76071,76092,76252,76549,76578,76315,76551,76764,76942,76961,,
THI,THI2201,CTCT,te_mihi,Geo,Geo,2026-03-17,76939,77029,77057,77041,77087,77170,77185,77164,77218,77377,77287,77128,77173,77173,77106,77435,77279,77282,77138,77027,76860,76778,76563,76226,76173,76346,76484,76305,76431,76301,76636,76453,76419,76367,76045,76080,76048,76032,76156,76304,76370,76408,76450,76428,76238,76437,76416,76595,,
THI,THI2201,CTCT,te_mihi,Geo,Geo,2026-03-18,76535,76475,76466,76534,76683,77013,77201,77194,77231,77185,77228,77255,77239,77266,69751,65172,64205,65392,65768,65778,65785,65800,65819,66577,68600,68916,69513,79270,81331,81521,81650,81785,81796,81520,81515,81486,81523,81536,81147,81345,81423,81559,81398,81636,81854,81781,81703,81761,,
THI,THI2201,CTCT,te_mihi,Geo,Geo,2026-03-19,81601,81641,81384,81362,81363,80939,81001,81064,80989,81160,81251,81454,81547,81411,81556,80584,79383,79285,79211,79108,79229,81064,81095,81003,80975,81059,80977,81083,81240,81050,81123,80926,80858,81036,80809,81016,81186,81333,81299,81196,81597,81862,81596,81530,81633,81795,81831,81898,,
THI,THI2201,CTCT,te_mihi,Geo,Geo,2026-03-20,82131,82175,82137,82121,81983,82067,82088,82007,82171,82286,82181,82454,82547,82451,82529,82500,82187,82105,82006,81930,81857,81704,81662,81452,81442,81656,81753,82143,81984,81676,81406,81655,81586,81349,81422,81563,81710,81807,81953,81990,82063,82176,82129,82043,82006,82110,82298,82106,,
THI,THI2201,CTCT,te_mihi,Geo,Geo,2026-03-21,82271,82513,82510,82443,82309,82397,82432,82520,82568,82497,82621,82714,82763,82734,82665,82411,82548,82735,82754,82704,82762,82612,82075,81982,81632,81828,81701,81461,81226,81570,81301,80928,81195,81483,81115,81216,81287,81272,81489,81620,81508,81375,81418,81380,81267,81237,81371,81458,,
THI,THI2201,CTCT,te_mihi,Geo,Geo,2026-03-22,81468,81600,81761,81785,81855,81840,81758,81712,81860,81961,81906,81932,81865,81908,81929,82108,82148,82063,81924,81873,81793,81751,81657,81542,81410,80996,81049,81179,81302,81273,81212,81223,81266,81296,81308,81226,80179,80030,80302,80478,80595,80790,80783,80862,80952,81168,81313,81405,,
THI,THI2201,CTCT,te_mihi,Geo,Geo,2026-03-23,81422,81391,81457,81336,81655,82004,82277,82445,82449,82520,82553,82586,82539,82568,82614,82452,82309,82284,82277,82096,81888,81688,81754,81793,81605,81518,81339,81374,81514,81639,81343,81198,81237,81092,80947,80659,80761,80912,81319,81266,81350,81055,80570,81038,81256,81009,80840,80900,,
THI,THI2201,CTCT,te_mihi,Geo,Geo,2026-03-24,81001,81148,81274,81351,81384,81604,81492,81457,80835,80905,80897,80908,80838,80983,81015,81094,80969,81162,81198,81172,80992,80925,80946,80733,80956,81048,81122,81400,81695,81582,81585,81469,81179,81067,81019,80938,81138,81026,81071,81252,81319,81393,81526,81344,81329,81391,81412,81473,,
THI,THI2201,CTCT,te_mihi,Geo,Geo,2026-03-25,81392,81384,81725,82038,82153,82181,82135,82123,82124,82064,82018,82063,82082,82126,82136,82155,82109,81977,81916,81865,81698,81696,81405,81188,81019,80981,80877,81065,80996,81087,80940,80690,80736,80880,80844,80864,81273,81573,81680,81662,81566,81315,81191,81395,81607,81552,81444,81511,,
THI,THI2201,CTCT,te_mihi,Geo,Geo,2026-03-26,81234,81260,81397,81654,81718,81780,81907,81917,82035,81994,82027,82097,82094,82020,81998,81995,82052,82035,81976,81884,72780,80044,81864,81818,81897,81862,72707,80066,81532,81394,81224,81181,81122,81030,80992,80978,80916,81005,80957,80840,80653,80799,80953,80749,80776,80718,81052,80709,,
THI,THI2201,CTCT,te_mihi,Geo,Geo,2026-03-27,80566,80777,80768,81016,80749,80622,80687,80405,80392,80538,80481,80198,80025,80022,80283,80435,80796,80668,79976,79923,79933,79831,79885,79838,79857,79578,79388,79509,79502,79488,79499,79379,79484,79378,79398,79377,79308,79388,79524,79532,79543,80008,80219,80436,79778,79903,80200,80007,,
THI,THI2201,CTCT,te_mihi,Geo,Geo,2026-03-28,79810,79951,79912,79958,80004,80264,80285,80272,80282,80552,80618,80583,80605,80651,80643,80683,80662,80631,80495,80422,80320,80159,79851,79972,80280,80116,79959,79948,80373,80380,80163,80463,80554,80323,80260,80311,80458,80547,80706,80745,80644,80780,80953,81051,80984,81224,81226,81259,,
THI,THI2201,CTCT,te_mihi,Geo,Geo,2026-03-29,81262,81336,81255,81388,81462,81467,81437,81482,81528,81637,81767,81776,81804,81884,81927,81895,81820,81758,81511,81287,81062,81002,81020,81134,81149,80957,80999,81012,80637,80651,80414,80591,80397,80182,80091,79891,80067,80102,80244,80580,80776,80820,80691,80921,81082,80894,80933,81094,,
THI,THI2201,CTCT,te_mihi,Geo,Geo,2026-03-30,81258,81248,81107,80825,81097,81023,81052,81021,80980,81063,81512,81616,81579,81438,81458,81484,81469,81457,81271,80984,80668,80628,80719,80745,80557,80204,79947,79793,79522,79550,79884,80200,80192,80027,79937,80138,80302,80449,80499,80482,80646,80659,80619,80689,80847,81000,81143,81032,,
THI,THI2201,CTCT,te_mihi,Geo,Geo,2026-03-31,80844,80946,81011,81088,81294,81344,81356,81571,81936,81950,82020,82215,81980,82051,82296,82344,82231,82139,82005,81861,81726,81755,81524,81513,81594,81819,81747,81674,81749,81645,81304,81044,80962,80678,80546,80807,80728,81013,81250,81774,81992,82075,82107,82229,82285,82355,82374,82523,,
TKA,TKA0111,GENE,tekapo_a,Hydro,Hydro,2026-03-01,11710,11721,7416,4866,5561,6566,6610,6390,6321,6428,6437,6415,6389,6404,6415,10505,12575,12113,11862,11783,11731,11740,11715,11719,11729,11726,11677,11744,11708,11711,11713,11732,11712,11711,11740,11699,11723,11728,11651,11765,11688,11726,11712,11729,11781,11699,11618,7594,,
TKA,TKA0111,GENE,tekapo_a,Hydro,Hydro,2026-03-02,4851,5486,6578,6570,6515,6369,6315,6445,6426,6346,6453,6498,10366,12599,12134,11860,11750,11752,11689,11747,11723,11685,11748,11740,11749,11755,11707,11721,11772,11752,11732,11720,11719,11712,11722,11727,11689,11770,11687,11760,11706,11750,11731,12946,12814,11611,11467,11629,,
TKA,TKA0111,GENE,tekapo_a,Hydro,Hydro,2026-03-03,7401,4834,5545,6596,6613,6416,6344,6448,6432,6426,6427,6423,10383,12401,12750,13415,13429,11740,10967,11309,11461,11499,11477,11544,11544,11569,11569,11560,11613,11546,11585,11558,11604,11578,11639,11593,11636,11575,11629,11617,11621,11606,12093,11806,11495,11590,7574,4996,,
TKA,TKA0111,GENE,tekapo_a,Hydro,Hydro,2026-03-04,5923,6765,6777,6558,6553,6602,6610,6616,6587,6592,6601,6602,10645,12989,13445,14162,13422,11540,10950,11338,11457,11552,11561,11574,11581,11602,11602,11603,11602,11602,11616,11611,11619,11606,11639,11588,11603,11656,11608,11635,11616,11628,11579,11605,11598,11591,9063,5964,,
TKA,TKA0111,GENE,tekapo_a,Hydro,Hydro,2026-03-05,5861,6593,6714,6616,6542,6619,6611,6589,6573,6612,6594,6524,10829,12554,12236,12124,11810,11480,11559,11561,11539,11590,11568,11609,11586,11585,11582,11607,11623,11594,11588,11593,11617,11579,11599,11641,11615,11567,11613,11598,11601,11613,11574,11560,11601,11630,7587,4962,,
TKA,TKA0111,GENE,tekapo_a,Hydro,Hydro,2026-03-06,5966,6787,6732,6609,6562,6638,6595,6617,6602,6595,6590,6614,10400,12470,11966,11751,11655,11601,11600,11566,11628,11639,11620,11648,11625,11636,11592,11627,11528,11603,11611,11585,11585,11567,11609,11581,11605,11644,11585,11566,11578,11538,11583,11618,11563,11630,7514,4984,,
TKA,TKA0111,GENE,tekapo_a,Hydro,Hydro,2026-03-07,5981,6804,6787,6583,6571,6594,6607,6626,6550,6601,6606,6580,6617,6602,6618,10469,12440,11917,11749,11605,11580,11592,11593,8839,6898,7686,8133,10818,12545,12116,11980,11844,11777,11796,11737,11802,11769,11793,11752,11762,11788,11735,11788,11758,11779,11784,11771,11792,,
TKA,TKA0111,GENE,tekapo_a,Hydro,Hydro,2026-03-08,11557,11469,7611,4945,5878,6739,6707,6557,6484,6586,6571,6564,6587,6545,6603,10362,12414,11928,11684,11574,11530,11565,11495,11555,11496,11581,11467,11561,11622,11571,11503,11578,11567,11545,11551,13402,14036,13959,13963,13931,13768,13716,13710,13725,11609,6669,4661,4878,,
TKA,TKA0111,GENE,tekapo_a,Hydro,Hydro,2026-03-09,6410,6894,6531,6407,6497,6534,6540,6539,6528,6525,6515,6470,6838,10589,13484,13826,13953,12754,11034,11097,11243,11369,11465,11511,11492,11504,11470,11472,11513,11454,11470,11447,11469,11499,11498,11480,11477,11475,9209,12489,11516,11436,11400,11412,11407,7506,4915,5758,,
TKA,TKA0111,GENE,tekapo_a,Hydro,Hydro,2026-03-10,6656,6604,6413,6410,6480,6491,6402,6440,6477,6442,6424,6460,6419,10225,12337,11784,11561,11514,11411,11488,11422,12289,11622,11226,11370,11413,11419,11415,11417,11412,11401,11426,11425,11809,11603,11406,11357,11386,11408,11437,11447,11463,11403,11422,11427,11432,11415,11422,,
TKA,TKA0111,GENE,tekapo_a,Hydro,Hydro,2026-03-11,11403,11412,11412,11406,11407,11409,11410,11383,11405,11415,11395,11427,8473,9179,450,0,0,0,0,0,0,0,0,0,0,0,0,0,0,0,0,0,0,1052,6252,13923,13933,13252,12653,13197,11581,10759,11029,11284,7429,4859,6394,6678,,
TKA,TKA0111,GENE,tekapo_a,Hydro,Hydro,2026-03-12,6534,6403,6409,6492,6460,6478,6452,6416,6457,6460,6476,6716,7149,10638,12152,11717,11507,11447,11384,11425,11443,11436,11419,11228,11238,11322,11242,11238,11238,11240,11336,11267,11241,11293,11401,11376,11383,11324,11242,11335,13041,12484,13164,13613,9480,6506,6666,7400,,
TKA,TKA0111,GENE,tekapo_a,Hydro,Hydro,2026-03-13,7473,7122,6763,7758,8392,8281,7268,6161,6348,6610,6374,6620,6721,11088,13122,13180,12732,11977,11060,11631,11400,11259,11365,11368,12444,13392,13452,13439,13454,13702,12746,11367,10700,11258,11366,11481,11612,11977,11530,12815,13823,12755,13078,12389,10903,8074,6535,6786,,
TKA,TKA0111,GENE,tekapo_a,Hydro,Hydro,2026-03-14,7479,7124,7788,8012,7139,6931,6445,6310,6467,6440,6415,6427,6451,6411,7114,12071,13631,13838,13845,12191,10754,10977,11051,10210,9793,10014,9867,9876,9816,9870,9874,11529,11480,12589,12971,13271,13759,13696,13634,13576,13558,13530,13534,13410,12242,7376,6287,6302,,
TKA,TKA0111,GENE,tekapo_a,Hydro,Hydro,2026-03-15,7889,8398,8238,8133,8167,7601,6390,6155,6451,6521,6571,7060,7551,7915,7610,11043,13465,13705,13433,10540,9558,9592,9740,9822,9891,9906,9842,9906,9850,9868,10807,12581,12979,12779,11871,12288,12287,13322,13766,13662,13574,12193,11053,12546,13001,12083,13148,13218,,
TKA,TKA0111,GENE,tekapo_a,Hydro,Hydro,2026-03-16,12490,13185,13655,13535,13237,12912,11501,10706,11422,12849,12417,12076,12772,12859,13002,7240,2935,2804,2647,2485,2617,2362,2597,2444,2405,2550,2594,2451,2452,2437,2388,2388,2345,2396,2499,2456,2585,2704,2649,2643,3045,2912,2800,2668,2534,2496,2463,2364,,
TKA,TKA0111,GENE,tekapo_a,Hydro,Hydro,2026-03-17,2182,2036,1948,1822,1802,1725,1734,1725,1749,1821,2058,2172,2417,2621,2827,2939,3031,2972,2948,2809,2626,2468,2482,2512,2451,2452,2491,2449,2487,2528,2478,2474,2560,2585,2592,2722,2811,2793,2830,2855,2851,2789,2754,2716,2523,2470,2492,2328,,
TKA,TKA0111,GENE,tekapo_a,Hydro,Hydro,2026-03-18,2108,1993,1856,1824,1759,1736,1703,1679,1690,1768,1960,2009,2216,2430,2555,2769,2855,2860,2889,2768,2634,2568,2424,2381,2315,2496,2537,2322,2372,2341,2382,2435,2502,2470,2609,2700,2783,2772,2841,2782,2759,2716,2620,2493,2363,2354,2328,2221,,
TKA,TKA0111,GENE,tekapo_a,Hydro,Hydro,2026-03-19,2047,1884,1875,1792,1691,1662,1687,1676,1644,1725,2005,2110,2290,2536,2715,2944,3037,2965,3024,2942,2808,2716,2604,2531,2432,2501,2535,2457,2422,2402,2406,2349,2377,2448,2503,2590,2747,2809,2861,2850,2912,2883,2816,2653,2520,2418,2393,2287,,
TKA,TKA0111,GENE,tekapo_a,Hydro,Hydro,2026-03-20,2126,1997,1917,1888,1847,1797,1757,1746,1781,1864,2049,2138,2320,2422,2641,2814,3099,3078,3186,3076,2933,2851,2811,2782,2709,2726,2672,2484,2523,2494,2466,2437,2420,2452,2449,2522,2562,2649,2728,4490,12850,13701,13695,13706,13540,11960,11137,11495,,
TKA,TKA0111,GENE,tekapo_a,Hydro,Hydro,2026-03-21,11700,6815,4597,5051,6439,6470,6282,6172,6278,6308,6288,6264,6257,10770,12802,12348,12132,11981,11920,11893,10710,5635,2799,3197,4593,4688,4405,4293,4394,4438,4409,4354,4611,6741,6437,6213,10470,12801,12336,12124,12011,11889,11886,11939,11893,11866,11891,11863,,
TKA,TKA0111,GENE,tekapo_a,Hydro,Hydro,2026-03-22,11843,11909,7336,4583,5122,6424,6471,6232,6152,6233,6274,6276,6231,6263,10658,12778,12301,11770,10701,10657,10578,5464,2776,3047,4492,4611,4332,8940,11567,10986,11185,11875,11816,11825,11819,11853,11823,11839,11861,11861,11854,11885,11794,11890,11817,11837,11828,11814,,
TKA,TKA0111,GENE,tekapo_a,Hydro,Hydro,2026-03-23,10965,10581,10784,10849,10888,10818,10883,10861,10879,10899,10857,10896,10867,12823,13015,10170,3058,2955,2979,2829,2595,2559,2511,2534,2399,2465,2503,2388,2352,2432,2414,2413,2381,2413,2486,2621,2702,2766,2801,2785,2728,2658,2611,2444,2378,2354,2352,2208,,
TKA,TKA0111,GENE,tekapo_a,Hydro,Hydro,2026-03-24,2030,1900,1901,1820,1665,1647,1641,1606,1628,1709,1912,1986,2156,2394,2541,2598,2803,2839,2826,2803,2773,2523,2486,2389,2300,2389,2404,2318,2278,2275,2280,2302,2394,2439,2411,2428,2786,2877,2763,2637,2727,2638,2755,2789,2534,2423,2408,2260,,
TKA,TKA0111,GENE,tekapo_a,Hydro,Hydro,2026-03-25,2082,1936,1851,1755,1721,1723,1680,1687,1710,1734,1984,2115,2373,2599,2778,2914,3054,2973,2865,2893,2980,2737,2678,2577,2541,2548,2571,2524,2541,2441,2542,2546,2562,2688,2608,2760,2950,2951,2803,2775,2802,2722,2569,2667,2804,2624,2475,2310,,
TKA,TKA0111,GENE,tekapo_a,Hydro,Hydro,2026-03-26,2103,1947,1906,1781,1762,1723,1714,1664,1701,1756,1966,2019,2183,2410,2534,2576,2653,2736,2938,3071,2938,2857,2778,2764,2738,2835,2847,2715,2744,2713,2774,2871,2938,2972,2992,2985,3107,3107,3089,3026,3210,3302,3081,2857,2679,2603,2516,2372,,
TKA,TKA0111,GENE,tekapo_a,Hydro,Hydro,2026-03-27,2177,1985,1939,1834,1771,1725,1702,1703,1738,1831,2050,2154,2352,2545,2603,2675,2855,2872,2903,2945,3015,2766,2631,2586,2466,2531,2547,2457,2376,2422,2467,2465,2500,2649,8607,6391,4591,5609,6185,6376,6058,5993,6026,6111,6094,6079,6051,6014,,
TKA,TKA0111,GENE,tekapo_a,Hydro,Hydro,2026-03-28,6075,6037,6047,5945,6246,6148,6118,5928,5941,6133,6120,6106,5996,6027,6050,6101,6032,6060,6149,6160,6121,6054,6011,6111,6057,6027,6061,6081,6067,6071,6051,6085,6084,6077,6095,6058,6042,6444,6309,6069,6023,6079,6068,6088,6104,6045,6069,6088,,
TKA,TKA0111,GENE,tekapo_a,Hydro,Hydro,2026-03-29,6088,6115,6053,6118,6042,6098,6104,6032,6066,6140,6107,6040,6085,6092,6084,11853,13699,13701,13711,13662,13312,13203,13204,13224,13170,13219,13224,13217,13184,13222,13215,13224,13138,13220,7795,5990,4780,5348,6286,6194,6056,6105,6106,6063,6159,6032,6159,6105,,
TKA,TKA0111,GENE,tekapo_a,Hydro,Hydro,2026-03-30,6038,6141,7165,7922,7822,6269,6579,7832,6590,5885,5857,6176,6184,4568,3153,7321,1477,1268,1224,1218,1181,1176,1257,1176,1085,993,990,943,971,1010,889,1061,1084,1177,1177,1218,1246,1282,1300,1314,1339,1333,1291,1292,1224,1172,1118,1052,,
TKA,TKA0111,GENE,tekapo_a,Hydro,Hydro,2026-03-31,1029,968,884,827,823,797,813,826,884,858,927,966,1009,1126,1257,1353,1472,1386,1355,1336,1198,1144,1126,1108,1093,1032,1045,1046,1059,1063,1051,1037,1137,1195,1219,1228,1279,1376,1380,1414,1491,1469,1523,1487,1506,1419,1383,1324,,
TKB,TKB2201,GENE,tekapo_b,Hydro,Hydro,2026-03-01,58997,59002,31809,30999,31001,30997,30999,30997,31000,31000,31000,30995,31001,30997,31001,55906,58608,58992,58988,59022,59001,59000,58995,58990,59005,59001,58995,59005,59014,58989,59003,59000,58997,58989,59016,58989,59001,58986,59019,58985,58995,58999,59005,59006,58957,59085,58993,32202,,
TKB,TKB2201,GENE,tekapo_b,Hydro,Hydro,2026-03-02,30992,30994,30995,30987,31011,30995,30999,30999,31000,30995,31003,31012,55503,58694,59005,59010,58974,59020,58999,59013,59020,58982,58990,59004,58984,58998,59007,58990,59014,59000,59026,58976,59005,58990,59021,58970,59016,58984,59002,59002,58995,58995,59004,68974,63817,58992,59005,59019,,
TKB,TKB2201,GENE,tekapo_b,Hydro,Hydro,2026-03-03,31854,31001,31000,30997,30996,31003,30994,30998,30989,31011,30997,30996,54954,57465,65514,69687,68851,57503,57506,57496,57498,57514,57478,57520,57501,57490,57503,57486,57510,57496,57529,57466,57510,57489,57511,57483,57512,57504,57500,57484,57501,57497,61131,57499,57504,57503,31965,31000,,
TKB,TKB2201,GENE,tekapo_b,Hydro,Hydro,2026-03-04,30996,30996,31002,30998,31002,31001,30999,31000,30995,30997,31002,30996,55999,62726,68985,75485,67914,57498,57501,57498,57498,57495,57501,57502,57494,57496,57502,57502,57499,57505,57499,57496,57497,57506,57498,57501,57497,57491,57499,57497,57498,57496,57506,57495,57499,57498,39650,33307,,
TKB,TKB2201,GENE,tekapo_b,Hydro,Hydro,2026-03-05,31763,30999,31000,31001,30998,31000,30995,31000,30997,30997,31000,30993,57416,57826,59592,60852,57491,57488,57508,57515,57494,57498,57496,57500,57494,57507,57495,57507,57495,57501,57490,57516,57501,57506,57482,57533,57475,57496,57502,57483,57504,57504,57513,57501,57479,57527,31818,31001,,
TKB,TKB2201,GENE,tekapo_b,Hydro,Hydro,2026-03-06,30997,31001,30996,30998,30995,31001,30997,31000,30998,30999,30999,30999,54493,57483,57524,57478,57514,57515,57512,57502,57489,57503,57497,57511,57493,57504,57493,57499,57499,57494,57505,57501,57489,57494,57501,57503,57493,57505,57500,57497,57498,57502,57497,57497,57495,57504,31491,30995,,
TKB,TKB2201,GENE,tekapo_b,Hydro,Hydro,2026-03-07,31000,30996,30998,31001,31002,31000,30997,30993,30999,30999,31005,30999,30997,30994,31008,54864,57505,57500,57499,57501,57500,57504,57497,38694,37999,37994,38002,56061,59000,58998,58990,59003,59002,58998,59007,58992,58997,58992,59002,58999,58991,59002,58998,59000,58997,58999,59011,58988,,
TKB,TKB2201,GENE,tekapo_b,Hydro,Hydro,2026-03-08,57472,57507,32266,31000,30995,30999,30995,31004,30998,30997,30997,31001,30995,31001,30995,54576,57502,57491,57505,57500,57497,57507,57500,57498,57501,57493,57508,57502,57505,57490,57499,57510,57489,57518,57484,73584,75492,75499,75500,75493,75504,75500,75507,75499,57917,33391,31005,31003,,
TKB,TKB2201,GENE,tekapo_b,Hydro,Hydro,2026-03-09,31004,30992,31001,30997,30995,30998,30996,31000,30995,31000,30997,30999,32715,56005,70245,73774,73911,59440,57498,57499,57494,57499,57507,57503,57495,57496,57502,57508,57510,57488,57504,57498,57498,57496,57508,57490,57496,57503,57493,57499,57502,57499,57522,57500,57502,31964,30999,31068,,
TKB,TKB2201,GENE,tekapo_b,Hydro,Hydro,2026-03-10,31002,30997,31000,30996,31013,31000,30980,31003,30999,30996,31003,30995,31033,54619,57506,57495,57498,57505,57485,57895,57502,63846,57506,57491,57494,57500,57507,57499,57498,57500,57497,57501,57504,60734,57740,57501,57502,57502,57498,57502,57498,57497,57511,57499,57505,57496,57499,57500,,
TKB,TKB2201,GENE,tekapo_b,Hydro,Hydro,2026-03-11,57499,57497,57506,57499,57498,57496,57498,57503,57490,57498,57552,57494,60432,65977,74018,75491,75505,75500,75495,75503,75502,75495,75502,75491,75492,75509,75495,75502,75515,75494,75504,75495,75497,74002,69161,67797,68496,68496,68494,73035,57488,57501,57500,57492,32062,30995,33669,31000,,
TKB,TKB2201,GENE,tekapo_b,Hydro,Hydro,2026-03-12,31008,30988,31001,31001,30991,30994,31004,31006,30998,30999,30993,32380,34843,55084,57492,57500,57501,57507,57491,57497,57495,57499,57618,57996,57998,57997,57999,58008,57993,57993,57995,58008,57991,58011,57984,57997,57996,58007,57996,57997,71727,61642,74510,75281,39415,38922,38999,35537,,
TKB,TKB2201,GENE,tekapo_b,Hydro,Hydro,2026-03-13,36114,34090,32882,38872,38999,38997,33455,31002,30998,30996,31005,31001,32355,63205,69539,67962,57764,57506,57500,60126,57495,57497,57498,57500,67259,73373,75500,75061,75518,74140,58065,57538,57496,58646,57700,58267,59426,61349,57843,70675,75500,63102,73938,61856,57511,38392,38733,33924,,
TKB,TKB2201,GENE,tekapo_b,Hydro,Hydro,2026-03-14,37321,32757,39019,37340,33225,34647,30998,30996,31013,30995,30996,30994,30997,30996,34841,68916,72200,74240,72561,57870,57490,57518,57640,58141,58545,59002,58992,59005,58994,58999,59006,71689,58643,70009,68577,72094,75506,75495,75504,75505,75490,75504,75502,74542,63897,35886,39031,36207,,
TKB,TKB2201,GENE,tekapo_b,Hydro,Hydro,2026-03-15,38893,38994,39002,38998,39002,35514,31000,30999,30998,31000,31529,34659,35766,37669,35880,60970,70775,72268,73464,59674,60072,59001,58998,59003,58996,58995,59006,58990,58999,59006,61614,67290,69026,66806,60595,67693,63672,74263,75258,75501,75102,62731,60068,70537,69087,62721,74872,70290,,
TKB,TKB2201,GENE,tekapo_b,Hydro,Hydro,2026-03-16,66266,74862,75424,74745,72236,70807,59878,57495,62366,70286,62378,65348,69117,68248,69858,42243,40000,39998,39999,40002,39999,39996,40001,40000,39997,39998,39996,40001,40000,39997,40002,39998,39998,39997,40006,39996,39996,39995,40001,39997,39999,40001,39998,40000,39999,39998,40001,40001,,
TKB,TKB2201,GENE,tekapo_b,Hydro,Hydro,2026-03-17,39995,40000,40001,40000,39999,40000,39996,40000,39994,40002,39997,39990,39997,40005,39997,39997,39998,40000,40002,39996,39999,40001,39999,40001,40000,40001,40000,39998,40002,40000,40000,39998,40122,39998,40309,73363,75482,75230,74835,74625,74030,74057,74469,74739,74811,75486,75504,75503,,
TKB,TKB2201,GENE,tekapo_b,Hydro,Hydro,2026-03-18,75503,75490,58202,57993,58000,57999,58005,57997,57995,57996,58016,58003,58024,75184,75489,75496,75506,75501,75493,75522,75484,58950,58001,41482,40001,39996,40003,40001,39999,40001,55707,74532,75503,75501,75497,75504,75499,74974,74324,75378,75503,75503,75505,75496,75502,75500,75508,75495,,
TKB,TKB2201,GENE,tekapo_b,Hydro,Hydro,2026-03-19,75502,58531,57078,27982,27255,27249,27249,27256,26918,26799,27244,55451,73630,75063,75547,75462,75501,75504,75508,58760,28644,56384,74941,75492,75499,75495,75502,75507,75494,75500,75512,75480,75502,75504,75505,75500,75494,75500,75500,75499,75498,75498,75507,58408,57996,58004,58003,57995,,
TKB,TKB2201,GENE,tekapo_b,Hydro,Hydro,2026-03-20,29073,27498,27502,27496,27502,27500,27502,27500,27504,27499,27489,54874,75179,75492,75526,75479,75503,75493,75502,75495,75510,75511,75487,75485,75503,75536,75487,75488,75519,75493,75501,75488,75494,75500,75517,75365,75242,75253,75248,74144,76681,75501,75498,75498,75745,63112,63008,62999,,
TKB,TKB2201,GENE,tekapo_b,Hydro,Hydro,2026-03-21,63005,32177,31005,30990,31015,30998,30988,31001,31000,31000,30997,31007,31002,60103,63003,62991,63437,62990,62993,62995,64252,34661,32999,33002,32999,33000,33003,33000,32997,32999,33003,32999,32761,33691,31213,31000,58884,63002,62998,63001,62993,63008,63003,62997,63002,63001,63005,62989,,
TKB,TKB2201,GENE,tekapo_b,Hydro,Hydro,2026-03-22,63008,62994,32131,30996,31001,31001,31005,30994,31000,31002,30996,30998,31002,31004,59647,62995,62995,63351,64400,64495,64502,33522,33006,32994,33004,32998,32999,60786,64501,64500,63989,62992,63000,63013,62994,62997,62998,63000,62998,62997,63001,62999,63003,62999,63000,62999,62996,63004,,
TKB,TKB2201,GENE,tekapo_b,Hydro,Hydro,2026-03-23,56027,55997,56004,55993,56006,55997,55996,56002,56000,55999,55992,56013,55990,72533,73365,76043,75511,75508,56635,56007,55994,55999,56017,55982,56006,56002,55994,55994,56020,55990,56017,56003,55980,56004,56005,55993,55997,55993,55996,56003,56003,55994,55998,56001,56002,55994,56002,56004,,
TKB,TKB2201,GENE,tekapo_b,Hydro,Hydro,2026-03-24,55998,55993,56004,56002,56000,55998,55995,56001,56003,55994,55996,56000,56772,56425,56257,56250,56223,56246,56277,56255,56258,56232,56248,56248,56258,56257,56242,56253,56247,56277,56224,56250,56246,56234,56238,56249,56269,56250,56254,56247,56241,56252,56244,56249,56251,56252,56257,56243,,
TKB,TKB2201,GENE,tekapo_b,Hydro,Hydro,2026-03-25,56254,56276,56240,56249,56254,56249,56250,56248,56249,56239,56251,56248,56244,56264,56228,56245,56245,56245,56254,56116,55377,54993,54999,54989,55494,55515,55736,55885,56022,56217,55898,55983,56025,55972,56016,55987,56358,56280,56251,56246,56253,56245,56262,56243,56255,56250,56253,56254,,
TKB,TKB2201,GENE,tekapo_b,Hydro,Hydro,2026-03-26,56249,56237,56256,56266,56240,56260,56257,56243,56249,56247,56249,56265,56242,56260,56249,56247,56250,56246,56235,56173,56087,56029,56013,55236,55003,55005,54999,55228,55512,55505,55520,55865,55994,56002,56004,55997,56023,56700,56250,56249,56240,56251,56252,56255,56250,56246,56235,56268,,
TKB,TKB2201,GENE,tekapo_b,Hydro,Hydro,2026-03-27,56262,31741,31000,31002,30998,31000,31003,30999,31009,31000,30998,31012,31029,54382,55980,56238,56247,56254,56255,56252,56241,56250,56240,56256,56246,56255,56241,56254,56249,56257,56253,56236,56250,56098,49521,32784,31007,30997,31001,31747,31003,31000,31002,30998,30999,30995,31007,31001,,
TKB,TKB2201,GENE,tekapo_b,Hydro,Hydro,2026-03-28,31006,30995,31001,31003,31008,30998,31001,30998,30996,31003,31004,31004,31007,31003,30996,30996,31009,31003,31337,31415,31001,31002,30999,31017,30991,31005,31001,30998,31000,31012,30994,30999,31001,30996,31009,31003,30998,33112,31143,31000,31000,31007,30995,30998,31004,30998,31001,31004,,
TKB,TKB2201,GENE,tekapo_b,Hydro,Hydro,2026-03-29,31000,30999,31002,30999,30950,31016,31024,31004,30993,30994,31005,31016,31009,31001,31004,70747,75501,75499,75500,75497,75497,75501,75489,75513,75498,75505,75499,75488,75497,75502,75493,75502,75494,75502,35552,38328,32300,31001,30998,30999,31006,31000,31003,30994,31042,30982,30995,31011,,
TKB,TKB2201,GENE,tekapo_b,Hydro,Hydro,2026-03-30,30997,31000,37113,38580,38493,30984,36054,38567,30978,31007,31005,30995,30983,32296,33965,68935,77009,76439,76278,76193,76124,76232,76235,76238,76203,76097,76252,76230,76241,76247,76364,76126,76060,76327,33526,31499,31505,31498,31504,31499,31500,31501,31507,31494,31499,31507,31501,31501,,
TKB,TKB2201,GENE,tekapo_b,Hydro,Hydro,2026-03-31,31502,31503,31498,31497,31501,31499,31498,31508,31499,31509,31492,31504,31500,31493,31523,75572,78016,77989,76645,76432,76480,74666,74529,74490,74539,74549,74606,74552,74562,75759,76009,75996,75996,75990,32770,31496,31503,31502,31498,31110,31002,31000,30727,30500,30503,30498,30501,30501,,
TKU,TKU2201,GENE,tokaanu,Hydro,Hydro,2026-03-01,22011,21032,15821,18823,19105,18359,19185,14243,12808,14284,17008,13024,14334,15600,53815,56717,56350,40020,44984,39678,39597,21499,20436,22270,38888,36178,33535,39442,33912,39508,39294,36628,40646,62951,84090,89357,85035,86860,86128,86495,86713,86596,86680,86488,61980,40981,21067,21273,,
TKU,TKU2201,GENE,tokaanu,Hydro,Hydro,2026-03-02,20270,17634,18412,17218,21224,21186,21443,23829,23663,20667,41001,59883,64200,63115,83670,86607,86623,84314,63557,63172,35651,0,24259,39518,27029,19985,20582,18759,5993,19457,16175,20152,20081,37781,62298,63208,86040,86454,86511,86725,86638,86486,86991,63706,63066,40128,39669,2150,,
TKU,TKU2201,GENE,tokaanu,Hydro,Hydro,2026-03-03,19296,20002,21892,17307,19276,21760,20166,20038,20050,20044,20062,20027,38984,62404,85708,86531,88317,86684,63476,63000,63111,63071,63060,63112,40476,39524,39656,39438,39747,39459,39677,62140,63149,63063,63349,63105,63254,63040,62990,63106,63010,62940,59877,62118,40106,20623,20038,19999,,
TKU,TKU2201,GENE,tokaanu,Hydro,Hydro,2026-03-04,20006,20026,20015,20014,20069,20010,19993,19998,20018,19983,20132,38503,62102,85426,86171,99338,85492,86478,63658,63089,39685,16945,19534,19902,20174,20142,20174,20151,20175,20173,20149,20090,21699,38422,62625,63726,64586,86214,85614,82449,84228,85746,85607,63026,63097,39768,23439,20057,,
TKU,TKU2201,GENE,tokaanu,Hydro,Hydro,2026-03-05,20044,20059,20011,20029,19619,18068,16915,18804,19830,17314,20242,39064,62472,85655,79235,78922,86249,86521,66156,64760,20290,20171,18747,21321,16998,20200,16562,20252,22734,20104,20058,19980,20016,38763,62668,63326,63095,62993,63024,62935,63119,63043,63126,62994,62972,40119,20505,20078,,
TKU,TKU2201,GENE,tokaanu,Hydro,Hydro,2026-03-06,20356,18481,20268,18453,18162,21311,20215,19199,20395,21159,18977,39429,60584,79942,88529,81560,85441,86863,63732,63040,20971,20076,20019,20093,20004,20017,20017,20042,20020,20457,19988,20013,20042,38602,39483,39538,39535,39571,39526,39560,39564,38096,36769,39392,39515,39470,20326,20039,,
TKU,TKU2201,GENE,tokaanu,Hydro,Hydro,2026-03-07,20036,20035,20018,20029,20040,19049,19375,16567,17650,22220,20096,20632,20214,20078,20165,20086,20161,35357,39479,39526,39081,41319,39443,39560,39558,39528,39500,20581,20053,19995,20000,20019,19502,20227,20072,38698,39479,39597,39499,40810,41015,39328,39626,39542,39639,39491,20240,20000,,
TKU,TKU2201,GENE,tokaanu,Hydro,Hydro,2026-03-08,19988,20025,20026,21997,19408,16776,17597,19617,22772,19516,20174,19805,19997,20045,19969,20048,20011,38546,39691,36324,40022,38760,20693,19901,19097,17529,20207,20862,22708,20311,20016,20097,20001,20100,20007,19999,34859,38081,39413,39341,37232,39376,39587,39551,39471,39553,20745,20138,,
TKU,TKU2201,GENE,tokaanu,Hydro,Hydro,2026-03-09,20048,17337,20090,19259,17999,21371,19359,21405,22176,20602,19622,19931,38751,62697,93737,88640,86525,86680,86539,64514,66221,39817,40906,39902,59931,62133,39094,39867,39850,39443,38569,37989,37968,38537,41306,38470,39927,40947,39439,40514,41598,36768,39816,39543,39509,39153,39422,39548,,
TKU,TKU2201,GENE,tokaanu,Hydro,Hydro,2026-03-10,20642,20023,20033,20041,20117,19238,18609,18748,20099,18750,20279,19460,38725,62295,63021,62998,63040,62987,63020,63125,66978,40460,39751,39588,39527,39522,39820,21058,22045,20161,20427,20465,20220,21859,38365,39453,39643,39545,39495,39652,37977,63641,63724,61254,40528,38161,19697,18023,,
TKU,TKU2201,GENE,tokaanu,Hydro,Hydro,2026-03-11,19927,20004,22016,20564,19105,18203,20634,21151,19243,20335,19039,38518,61362,60916,88978,90109,89982,89969,64491,63134,63018,39884,39663,39446,20626,20070,19977,20052,20082,20016,20035,19996,20004,20036,38689,62624,62994,63098,62963,63051,63031,63026,40968,36545,39334,39688,20402,20109,,
TKU,TKU2201,GENE,tokaanu,Hydro,Hydro,2026-03-12,20121,20010,20060,20038,20011,19978,21355,22763,20543,20638,20053,17888,19285,38726,61804,63104,63021,63039,39648,39752,39558,39556,40099,20233,20017,19595,19931,22685,20132,20037,20037,38793,39538,40709,45423,48463,39679,39686,62364,63623,82581,84182,86815,63969,59748,59895,23904,20065,,
TKU,TKU2201,GENE,tokaanu,Hydro,Hydro,2026-03-13,20003,20051,20003,20026,20027,19993,19996,20142,20003,20019,20116,20065,38628,39658,39579,39449,39540,38565,39724,39512,39599,39517,39549,39568,39494,39567,62448,55278,49044,39857,39468,39561,39510,39555,39535,39558,39518,39479,39622,39497,39548,39495,39681,39526,39518,39611,20508,20094,,
TKU,TKU2201,GENE,tokaanu,Hydro,Hydro,2026-03-14,19998,19936,1778,0,0,0,0,0,0,0,0,17286,20180,38816,39720,72692,82532,86049,74174,41350,39520,39646,39589,39570,39515,39557,39597,39611,19411,20299,43600,59441,63151,65220,63385,65818,63011,63055,63020,63105,63086,63085,63151,63030,63035,63034,63016,63046,,
TKU,TKU2201,GENE,tokaanu,Hydro,Hydro,2026-03-15,21402,20004,20028,20025,20581,19984,18551,21163,23727,22368,20138,19965,20050,20089,20104,20107,39076,39564,39506,41620,37473,38259,38790,40259,39217,41638,40182,39537,39581,39683,39506,39515,39613,39511,39559,39495,62280,63050,62991,63038,63036,63013,75746,73817,72366,63125,63163,62990,,
TKU,TKU2201,GENE,tokaanu,Hydro,Hydro,2026-03-16,39995,20603,20061,20048,20025,14953,19050,18481,21452,19839,18762,21156,20574,59540,63205,86872,89946,90009,65436,40242,20512,454,0,0,0,0,0,0,0,0,0,0,0,17481,39430,37282,58089,58394,60653,66323,60632,72417,63128,63520,39935,21451,354,0,,
TKU,TKU2201,GENE,tokaanu,Hydro,Hydro,2026-03-17,0,0,0,0,0,0,0,0,0,0,0,1171,22878,46927,83544,89912,89980,90032,90131,89979,66113,63006,63114,40993,39622,39578,39489,40713,39694,39519,39505,39550,61770,69366,81290,66173,62965,63143,62995,73832,72555,64821,77040,53365,22093,33821,34579,20066,,
TKU,TKU2201,GENE,tokaanu,Hydro,Hydro,2026-03-18,468,0,0,0,0,0,0,0,0,0,0,0,36226,39524,62689,81880,82610,77726,77461,64144,60742,63469,63465,62971,63069,62934,40144,39649,39528,39593,39580,39519,39560,39654,61686,76881,77598,82455,78346,82293,82614,77685,63937,62996,40063,39501,20451,387,,
TKU,TKU2201,GENE,tokaanu,Hydro,Hydro,2026-03-19,0,0,0,0,0,0,0,0,0,0,0,0,17630,38639,74611,82444,77861,40635,20115,20107,20022,38458,20851,921,0,0,0,0,0,0,0,0,0,17012,20017,38344,39526,62197,63057,63145,63145,63059,40645,39460,20337,20130,707,0,,
TKU,TKU2201,GENE,tokaanu,Hydro,Hydro,2026-03-20,0,0,0,0,0,0,0,0,0,0,0,0,19418,42048,66331,90068,90119,89949,89516,83795,63720,47541,62928,40451,39618,39402,39574,39419,39734,39690,39501,39506,39592,62296,63229,63103,63069,40792,39488,39532,20147,20169,38775,39469,20811,20314,509,0,,
TKU,TKU2201,GENE,tokaanu,Hydro,Hydro,2026-03-21,0,0,0,0,0,0,0,0,0,0,0,0,0,0,17917,38845,39606,40368,37007,39462,39535,61954,63013,63191,62894,39883,39554,39452,39606,39490,39516,62608,62939,63179,88025,90003,65596,63086,62964,63102,63089,63020,63193,39968,39671,39476,23928,23509,,
TKU,TKU2201,GENE,tokaanu,Hydro,Hydro,2026-03-22,802,0,0,0,0,0,0,0,0,0,0,0,0,0,0,0,0,0,0,0,0,0,0,0,0,0,0,17266,20078,20016,20022,20038,20099,20090,38426,39602,62865,63006,63066,63020,63000,63033,40254,39592,23756,23530,23536,20037,,
TKU,TKU2201,GENE,tokaanu,Hydro,Hydro,2026-03-23,453,0,0,0,0,0,0,0,0,0,0,0,17256,38890,61529,77081,77773,77592,77457,77671,63957,62985,40780,35957,38316,22551,18269,17966,23608,20041,20082,20120,37730,39604,39611,39561,39548,39519,39522,39527,39528,39541,39563,39597,20334,276,0,0,,
TKU,TKU2201,GENE,tokaanu,Hydro,Hydro,2026-03-24,0,0,0,0,0,0,0,0,0,0,0,0,35472,62802,77222,77631,77376,77511,77708,63945,40538,39502,39542,41404,39713,39588,39485,39532,39612,40067,39577,39596,39551,39501,39470,39632,39546,43130,39624,39489,39520,39564,39515,37790,20674,443,0,0,,
TKU,TKU2201,GENE,tokaanu,Hydro,Hydro,2026-03-25,0,0,0,0,0,0,0,0,0,0,0,0,1,19215,38204,62205,62903,63128,39897,46858,46992,46976,47080,46942,47124,23998,23519,23521,23542,24086,23453,23498,23552,23506,45224,46965,47073,47015,47062,46961,47076,29444,40730,40891,33651,687,0,0,,
TKU,TKU2201,GENE,tokaanu,Hydro,Hydro,2026-03-26,0,0,0,0,0,0,0,0,0,0,3,22712,23496,41436,47152,47073,47059,47020,47149,49151,47047,47058,47048,46994,29259,43018,34666,24994,24254,45726,47167,46955,69118,70548,70518,88615,76483,89297,71802,70633,70458,59064,47324,24555,25555,31788,28533,23758,,
TKU,TKU2201,GENE,tokaanu,Hydro,Hydro,2026-03-27,23856,23729,32552,33001,45976,47134,47147,47118,24117,23749,23732,27597,37203,33298,34632,60315,55001,47262,47093,47150,28636,23746,23689,23699,25341,24161,23665,23711,23705,23748,25136,51876,87272,84123,86119,78958,71965,70415,71067,82214,75250,70531,70880,70569,76684,50899,49921,27981,,
TKU,TKU2201,GENE,tokaanu,Hydro,Hydro,2026-03-28,833,0,0,0,0,0,0,0,0,0,0,0,21210,23744,23695,23728,46344,47702,57707,58102,51867,60318,47480,50714,55251,52001,53317,49220,59175,53454,59816,47134,56795,53583,56186,64051,70532,70613,70484,70614,70628,87301,89767,89645,81144,74955,27328,23849,,
TKU,TKU2201,GENE,tokaanu,Hydro,Hydro,2026-03-29,907,0,0,0,0,0,0,0,0,0,0,0,20711,23732,23668,23809,24733,29804,32052,23867,42033,30056,26449,32903,7842,10166,0,0,0,0,0,0,0,22518,46118,47122,47090,47238,47145,47162,47071,69955,70588,70441,71260,50309,24196,23877,,
TKU,TKU2201,GENE,tokaanu,Hydro,Hydro,2026-03-30,23838,23549,3502,0,0,0,0,0,0,0,21187,23516,23508,23647,23678,23559,23503,23521,23566,23498,23667,23519,23497,23620,856,0,0,0,0,0,0,0,0,20608,66502,70742,70508,70504,70573,70560,70665,70432,70690,47553,24401,23784,23759,23788,,
TKU,TKU2201,GENE,tokaanu,Hydro,Hydro,2026-03-31,23692,148,0,0,0,0,0,0,0,0,0,0,21635,23504,44779,46990,47076,47040,47033,24851,23538,23587,23509,23461,139,0,0,0,0,0,0,0,0,19946,65663,70448,70809,70562,70573,70458,70592,70465,47504,47088,24130,23529,23566,224,,
TUI,TUI1101,EAST,waikaremoana,Hydro,Hydro,2026-03-01,0,0,0,0,0,0,0,0,0,0,0,0,0,0,0,0,0,0,0,0,0,0,0,0,0,0,0,0,0,0,0,0,0,0,0,0,0,0,0,0,0,0,0,0,0,0,0,0,,
TUI,TUI1101,EAST,waikaremoana,Hydro,Hydro,2026-03-02,0,0,0,0,0,0,0,0,0,0,0,0,0,0,0,0,0,0,0,0,0,0,0,0,0,0,0,0,0,0,0,0,0,0,0,0,0,0,0,0,0,0,0,0,0,0,0,0,,
TUI,TUI1101,EAST,waikaremoana,Hydro,Hydro,2026-03-03,0,0,0,0,0,0,0,0,0,0,0,0,0,0,0,0,0,0,0,0,0,0,0,0,0,0,0,0,0,0,0,0,0,0,0,0,0,0,0,0,0,0,0,0,0,0,0,0,,
TUI,TUI1101,EAST,waikaremoana,Hydro,Hydro,2026-03-04,0,0,0,0,0,0,0,0,0,0,0,0,0,0,0,0,0,0,0,0,0,0,0,0,0,0,0,0,0,0,0,0,0,0,0,0,0,0,0,0,0,0,0,0,0,0,0,0,,
TUI,TUI1101,EAST,waikaremoana,Hydro,Hydro,2026-03-05,0,0,0,0,0,0,0,0,0,0,0,0,0,0,0,0,0,0,0,0,0,0,0,0,0,0,0,0,0,0,0,0,2,0,0,0,0,0,0,0,0,0,0,0,0,0,0,0,,
TUI,TUI1101,EAST,waikaremoana,Hydro,Hydro,2026-03-06,0,0,0,0,0,0,0,0,0,0,0,0,0,0,0,0,0,0,0,0,0,0,0,0,0,0,0,0,0,0,0,0,0,0,0,0,0,0,0,0,0,0,0,0,0,0,0,0,,
TUI,TUI1101,EAST,waikaremoana,Hydro,Hydro,2026-03-07,0,0,0,0,0,0,0,0,0,0,0,0,0,0,0,0,0,0,0,0,0,0,0,0,0,0,0,0,0,0,0,0,0,0,0,0,0,0,0,0,0,0,0,0,0,0,0,0,,
TUI,TUI1101,EAST,waikaremoana,Hydro,Hydro,2026-03-08,0,0,0,0,0,0,0,0,0,0,0,0,0,0,0,0,0,0,0,0,0,0,0,0,0,0,0,0,0,0,0,0,0,0,0,0,0,0,0,0,0,0,0,0,0,0,0,0,,
TUI,TUI1101,EAST,waikaremoana,Hydro,Hydro,2026-03-09,0,0,0,0,0,0,0,0,0,0,0,0,0,0,0,0,0,0,0,0,0,0,0,0,0,0,0,0,0,0,0,0,0,0,0,0,0,0,0,0,0,0,0,0,0,0,0,0,,
TUI,TUI1101,EAST,waikaremoana,Hydro,Hydro,2026-03-10,0,0,0,0,0,0,0,0,0,0,0,0,0,0,0,0,0,0,0,0,0,0,0,0,0,0,0,0,0,0,0,0,0,0,0,0,0,0,0,0,0,0,0,0,0,0,0,0,,
TUI,TUI1101,EAST,waikaremoana,Hydro,Hydro,2026-03-11,0,0,0,0,0,0,0,0,0,0,0,0,0,0,0,0,0,0,0,0,0,0,0,0,0,0,0,0,0,0,0,0,0,0,0,0,0,0,0,0,0,0,0,0,0,0,0,0,,
TUI,TUI1101,EAST,waikaremoana,Hydro,Hydro,2026-03-12,0,0,0,0,0,0,0,0,0,0,0,0,0,0,0,0,0,0,0,0,0,0,0,0,0,0,0,0,0,0,0,0,0,0,0,0,0,0,0,0,0,0,0,0,0,0,0,0,,
TUI,TUI1101,EAST,waikaremoana,Hydro,Hydro,2026-03-13,0,0,0,0,0,0,0,0,0,0,0,0,0,0,0,0,0,0,0,0,0,0,0,0,0,0,0,0,0,0,0,0,0,0,0,0,0,0,0,0,0,0,0,0,0,0,0,0,,
TUI,TUI1101,EAST,waikaremoana,Hydro,Hydro,2026-03-14,0,0,0,0,0,0,0,0,0,0,0,0,0,0,0,0,0,0,0,0,0,0,0,0,0,0,0,0,0,0,0,0,0,0,0,0,0,0,0,0,0,0,0,0,0,0,0,0,,
TUI,TUI1101,EAST,waikaremoana,Hydro,Hydro,2026-03-15,0,0,0,0,0,0,0,0,0,0,0,0,0,0,0,0,0,0,0,0,0,0,0,0,0,0,0,0,0,0,0,0,0,0,0,0,0,0,0,0,0,0,0,0,0,0,0,0,,
TUI,TUI1101,EAST,waikaremoana,Hydro,Hydro,2026-03-16,0,0,0,0,0,0,0,0,0,0,0,0,0,0,0,0,0,0,0,0,0,0,0,0,0,0,0,0,0,0,0,0,0,0,0,0,0,0,0,0,0,0,0,0,0,0,0,0,,
TUI,TUI1101,EAST,waikaremoana,Hydro,Hydro,2026-03-17,0,0,0,0,0,0,0,0,0,0,0,0,0,0,0,0,0,0,0,0,0,0,0,0,0,0,0,0,0,0,0,0,0,0,0,0,0,0,0,0,0,0,0,0,0,0,0,0,,
TUI,TUI1101,EAST,waikaremoana,Hydro,Hydro,2026-03-18,0,0,0,0,0,0,0,0,0,0,0,0,0,0,0,0,0,0,0,0,0,0,0,0,0,0,0,0,0,0,0,0,0,0,0,0,0,0,0,0,0,0,0,0,0,0,0,0,,
TUI,TUI1101,EAST,waikaremoana,Hydro,Hydro,2026-03-19,0,0,0,0,0,0,0,0,0,0,0,0,0,0,0,0,0,0,0,0,0,0,0,0,0,0,0,0,0,0,0,0,0,0,0,0,0,0,0,0,0,0,0,0,0,0,0,0,,
TUI,TUI1101,EAST,waikaremoana,Hydro,Hydro,2026-03-20,0,0,0,0,0,0,0,0,0,0,0,0,0,0,0,0,0,0,0,0,0,0,0,0,0,0,0,0,0,0,0,0,0,0,0,0,0,0,0,0,0,0,0,0,0,0,0,0,,
TUI,TUI1101,EAST,waikaremoana,Hydro,Hydro,2026-03-21,0,0,0,0,0,0,0,0,0,0,0,0,0,0,0,0,0,0,0,0,0,0,0,0,0,0,0,0,0,0,0,0,0,0,0,0,0,0,0,0,0,0,0,0,0,0,0,0,,
TUI,TUI1101,EAST,waikaremoana,Hydro,Hydro,2026-03-22,0,0,0,0,0,0,0,0,0,0,0,0,0,0,0,0,0,0,0,0,0,0,0,0,0,0,0,0,0,0,0,0,0,0,0,0,0,0,0,0,0,0,0,0,0,0,0,0,,
TUI,TUI1101,EAST,waikaremoana,Hydro,Hydro,2026-03-23,0,0,0,0,0,0,0,0,0,0,0,0,0,0,0,0,0,0,0,0,0,0,0,0,0,0,0,0,0,0,0,0,0,0,0,0,0,0,0,0,0,0,0,0,0,0,0,0,,
TUI,TUI1101,EAST,waikaremoana,Hydro,Hydro,2026-03-24,0,0,0,0,0,0,0,0,0,0,0,0,0,0,0,0,0,0,0,0,0,0,0,0,0,0,0,0,0,0,0,0,0,0,0,0,0,0,0,0,0,0,0,0,0,0,0,0,,
TUI,TUI1101,EAST,waikaremoana,Hydro,Hydro,2026-03-25,0,0,0,0,0,0,0,0,0,0,0,0,0,0,0,0,0,0,0,0,0,0,0,0,0,0,0,0,0,0,0,0,0,0,0,0,0,0,0,0,0,0,0,0,0,0,0,0,,
TUI,TUI1101,EAST,waikaremoana,Hydro,Hydro,2026-03-26,0,0,0,0,0,0,0,0,0,0,0,0,0,0,0,0,0,0,0,0,0,0,0,0,0,0,0,0,0,0,0,0,0,0,0,0,0,0,0,0,0,0,0,0,0,0,0,0,,
TUI,TUI1101,EAST,waikaremoana,Hydro,Hydro,2026-03-27,0,0,0,0,0,0,0,0,0,0,0,0,0,0,0,0,0,0,0,0,0,0,0,0,0,0,0,0,0,0,0,0,0,0,0,0,0,0,0,0,0,0,0,0,0,0,0,0,,
TUI,TUI1101,EAST,waikaremoana,Hydro,Hydro,2026-03-28,0,0,0,0,0,0,0,0,0,0,0,0,0,0,0,0,0,0,0,0,0,0,0,0,0,0,0,0,0,0,0,0,0,0,0,0,0,0,0,0,0,0,0,0,0,0,0,0,,
TUI,TUI1101,EAST,waikaremoana,Hydro,Hydro,2026-03-29,0,0,0,0,0,0,0,0,0,0,0,0,0,0,0,0,0,0,0,0,0,0,0,0,0,0,0,0,0,0,0,0,0,0,0,0,0,0,0,0,0,0,0,0,0,0,0,0,,
TUI,TUI1101,EAST,waikaremoana,Hydro,Hydro,2026-03-30,0,0,0,0,0,0,0,0,0,0,0,0,0,0,0,0,0,0,0,0,0,0,0,0,0,0,0,0,0,0,0,0,0,0,0,0,0,0,0,0,0,0,0,0,0,0,0,0,,
TUI,TUI1101,EAST,waikaremoana,Hydro,Hydro,2026-03-31,0,0,0,0,0,0,0,0,0,0,0,0,0,0,0,0,0,0,0,0,0,0,0,0,0,0,0,0,0,0,0,0,0,0,0,0,0,0,0,0,0,0,0,0,0,0,0,0,,
TUI,TUI1101,GENE,waikaremoana,Hydro,Hydro,2026-03-01,26962,26967,26910,26945,26928,26963,26967,26749,26970,26997,27008,26932,26650,26423,26497,26088,26433,26391,26414,26513,26625,26563,26560,26738,26833,26997,27178,26994,26951,26811,26924,26969,27020,26936,26758,27012,26896,26934,26779,26930,26941,26927,27007,26980,25817,27291,27379,27011,,
TUI,TUI1101,GENE,waikaremoana,Hydro,Hydro,2026-03-02,26963,26949,26907,26852,26913,27006,26956,27002,27077,27022,26970,26771,27201,26518,26682,26950,26700,26895,26947,26926,26850,27025,26790,26869,26805,26828,26861,26983,26955,27012,26754,26468,26642,26862,26823,26751,26416,26377,26447,26312,26479,26400,26437,26497,26359,26433,26544,26909,,
TUI,TUI1101,GENE,waikaremoana,Hydro,Hydro,2026-03-03,26878,26823,26818,26800,26759,26878,26784,26768,26817,26836,26815,26821,27154,26865,16467,18495,19729,18013,16627,16573,16405,16530,16430,16560,16497,16504,16503,16468,16501,16484,16571,16323,16578,16443,16548,16469,16466,16507,16548,16428,16465,16488,16458,16445,16501,16493,16488,16525,,
TUI,TUI1101,GENE,waikaremoana,Hydro,Hydro,2026-03-04,16494,16472,16463,16467,16511,16463,16484,16479,16471,16453,16464,16469,16573,16467,16415,16931,16752,16488,16483,16526,16495,16463,16475,16503,16495,16476,16472,16488,16486,16490,16494,16476,16474,16497,16506,16431,26522,26863,26877,26817,26861,26872,26925,26840,26874,26883,26998,26928,,
TUI,TUI1101,GENE,waikaremoana,Hydro,Hydro,2026-03-05,26976,26949,26964,26969,26953,26959,26874,26928,26939,26906,26929,26936,27030,26992,26991,27020,26967,26923,26969,27108,27011,26951,26937,26955,26801,26891,26835,26927,26891,26881,26749,26965,27091,27049,26816,27043,26783,26816,26806,26774,26800,26891,26959,26782,26812,26893,26943,26872,,
TUI,TUI1101,GENE,waikaremoana,Hydro,Hydro,2026-03-06,26865,26853,26858,26875,26821,26812,26860,26873,26876,26820,26881,26806,26955,26669,26949,26707,26853,26953,26936,26780,26713,26744,26703,26832,26807,26879,26793,26814,26845,26792,26880,26866,26912,26852,27200,26782,28045,34578,34659,34722,34790,34726,34681,34535,34633,34621,20151,19820,,
TUI,TUI1101,GENE,waikaremoana,Hydro,Hydro,2026-03-07,19672,19714,19727,19746,19743,19719,19704,19653,19687,19702,19816,19651,19701,19703,34382,34639,34752,34641,34704,34709,34603,34646,34633,34662,34676,34543,34554,34597,34587,34567,34550,34497,34598,34558,34565,34586,34538,34499,34386,34462,34541,34500,34555,34544,34480,34595,34619,34537,,
TUI,TUI1101,GENE,waikaremoana,Hydro,Hydro,2026-03-08,34485,34665,34680,34693,34674,34713,34707,34726,34743,34616,34652,34598,34651,34698,34651,34641,34691,34523,34628,34594,34616,34651,34636,34631,34618,34549,34666,34650,34709,34540,34601,34676,34613,34767,34520,34561,34575,34495,34599,34500,34571,34582,34606,34576,34570,34495,34592,34606,,
TUI,TUI1101,GENE,waikaremoana,Hydro,Hydro,2026-03-09,34621,34484,34568,34606,34467,34582,34547,34599,34593,34519,34675,34658,34709,34853,34598,34418,34696,34741,34731,34672,34691,34699,34694,34746,34769,34686,34707,34717,34747,34727,34562,34613,34622,34662,34677,34615,34625,34635,34589,34559,34653,34585,34735,34595,34725,34551,34625,34579,,
TUI,TUI1101,GENE,waikaremoana,Hydro,Hydro,2026-03-10,34647,34644,34607,34595,34673,34679,34622,34588,34605,34596,34601,34603,34876,34389,34599,34528,34514,34679,34555,34629,34759,34724,34681,34507,34492,34566,34463,34584,34544,34447,34551,34537,34580,34680,34241,34448,34510,34577,34533,34537,34546,34575,34699,34569,34560,34583,34604,34514,,
TUI,TUI1101,GENE,waikaremoana,Hydro,Hydro,2026-03-11,34544,34575,34604,34671,34642,34634,34617,34624,34604,34615,34742,34549,34970,34555,34816,34662,34708,34741,34681,34827,34662,34704,34678,34667,34568,34651,34718,34692,34700,34459,34638,34639,34627,34705,34647,34578,34595,34580,34625,34672,34686,34642,34760,34586,34764,34664,34619,34682,,
TUI,TUI1101,GENE,waikaremoana,Hydro,Hydro,2026-03-12,20399,19709,25364,19686,19654,19536,19706,19809,19855,19788,21144,27429,29717,34709,34644,34504,34528,34528,34525,34465,34451,25259,22890,20362,19729,19706,19671,19913,26827,31983,34176,33996,34295,34429,34292,34346,34319,34340,34395,34351,34346,34405,34403,34478,34799,34807,34802,33389,,
TUI,TUI1101,GENE,waikaremoana,Hydro,Hydro,2026-03-13,34247,34341,33073,34555,34547,34589,32304,20109,19648,20460,19858,19848,24432,34657,34622,34628,34527,34645,34604,34605,30441,32014,34438,32284,34581,34518,34503,34536,34614,34623,34418,34025,33852,34517,33635,34686,34625,34499,34529,34579,34857,34457,34820,29973,19697,34031,34656,30027,,
TUI,TUI1101,GENE,waikaremoana,Hydro,Hydro,2026-03-14,33462,25849,33913,31206,24884,26433,19810,19825,19896,24773,20129,19710,19386,33812,34487,34453,34590,34329,34469,34694,29686,23620,26653,19971,19858,19942,19968,19851,19850,24598,33999,34652,34487,34664,34672,34490,34563,34626,34540,34691,34591,34495,34622,34797,31998,31038,34220,30115,,
TUI,TUI1101,GENE,waikaremoana,Hydro,Hydro,2026-03-15,34078,34652,34708,34668,34675,31806,21082,19778,19800,19813,25346,31167,32215,34694,34584,34656,34562,34662,34603,34670,30203,19889,19728,19771,19699,19750,21864,21859,19571,23886,33827,34634,34616,34642,29736,34650,34683,34610,34664,34671,34696,34570,32866,34078,34381,33546,34522,34616,,
TUI,TUI1101,GENE,waikaremoana,Hydro,Hydro,2026-03-16,33111,34376,34626,34603,34549,33603,27473,19874,28178,33502,27147,28881,32077,34469,34489,34381,34472,34546,34552,34656,33467,31017,26343,23663,22129,29560,23787,32633,31843,30503,34221,33816,34764,34085,31370,33373,34324,34348,34465,34593,34417,34517,34609,34488,34528,34468,34668,34749,,
TUI,TUI1101,GENE,waikaremoana,Hydro,Hydro,2026-03-17,34707,34678,34689,34676,34721,34680,34693,28029,27277,26487,27489,30053,32346,34708,34575,34615,34572,34656,34745,34671,32214,34535,34575,34527,34574,34523,34654,29568,34520,34531,34596,34663,34528,34514,34494,34483,34304,34389,34461,34375,34435,34445,34587,34548,34626,34512,34599,34613,,
TUI,TUI1101,GENE,waikaremoana,Hydro,Hydro,2026-03-18,34595,34581,34563,34573,34585,34523,34565,34510,34521,34487,34437,34500,32917,34606,34564,34466,34673,34645,34628,34734,34537,34174,34746,34419,34599,34555,34584,34650,34759,34690,34739,34688,34686,34604,34630,34644,34599,34592,34620,34556,34582,34625,34676,34614,34591,34497,34560,34527,,
TUI,TUI1101,GENE,waikaremoana,Hydro,Hydro,2026-03-19,34509,34557,34565,34488,34032,27695,20976,19642,19860,24978,24611,27235,29917,34603,34769,34351,34526,34513,34629,30871,34141,27373,27617,21355,21980,33703,34677,27662,27418,34738,34642,34405,34471,34639,34599,34555,34423,34504,34521,34541,34541,34563,34645,34536,34488,34511,34572,34581,,
TUI,TUI1101,GENE,waikaremoana,Hydro,Hydro,2026-03-20,34676,34631,34150,33893,26476,24286,27187,27457,25914,27491,34090,28629,29783,34504,34624,34438,34495,34533,34516,34625,34542,34798,34493,34238,34486,32942,34626,34525,34654,34664,34671,34501,34422,34638,34662,34770,34619,34494,34622,34627,34627,34603,34682,26135,20702,23099,26759,26568,,
TUI,TUI1101,GENE,waikaremoana,Hydro,Hydro,2026-03-21,29881,31974,34472,34196,34652,34721,34303,34434,34543,34581,34533,34513,34588,34442,29639,34304,34604,34584,34554,34554,34596,34591,34557,20182,19596,19573,19690,19800,19765,20588,31558,30022,33825,34556,31290,34640,34663,34612,34599,34602,34574,34585,34630,34581,34579,34561,27557,32869,,
TUI,TUI1101,GENE,waikaremoana,Hydro,Hydro,2026-03-22,29094,24116,32895,23719,29852,30307,28073,26109,27979,29507,28060,25480,31017,26994,22235,28690,34432,32785,30770,26918,34525,30906,31437,20509,19865,19779,20367,19758,19801,19826,26195,34554,34656,34627,34624,34653,34604,34647,34658,34649,34650,34652,34729,26411,19814,19740,22214,19799,,
TUI,TUI1101,GENE,waikaremoana,Hydro,Hydro,2026-03-23,24664,19826,25733,25827,21277,19716,19680,19721,19911,19846,24184,26309,29867,30285,34681,34577,34617,20532,22152,19919,19805,19776,20141,19628,19624,19885,20910,23079,21051,20440,24001,34046,34470,34457,34608,34468,34419,34432,34442,34450,34467,34456,34455,20180,19841,22209,20538,19683,,
TUI,TUI1101,GENE,waikaremoana,Hydro,Hydro,2026-03-24,19716,19686,19685,21827,20996,20673,19630,19743,19805,19764,25948,23412,28350,29725,30310,34023,34580,30182,23605,34664,32030,32848,33993,34515,20443,19782,24685,19632,19892,19983,27320,34340,34627,34403,34429,34561,34684,34710,34616,34683,34635,34660,34691,32717,28351,27651,23219,28443,,
TUI,TUI1101,GENE,waikaremoana,Hydro,Hydro,2026-03-25,22274,27708,29468,27813,25785,24457,20504,19777,19783,19723,21073,24094,29186,29177,29549,29365,34335,23299,28542,29642,29642,24677,24683,24692,24718,24699,24535,24708,24839,25245,24537,24850,32949,34637,34679,34661,34489,34576,34621,34642,34658,34752,34780,34651,34605,30832,28173,30452,,
TUI,TUI1101,GENE,waikaremoana,Hydro,Hydro,2026-03-26,24551,25314,19657,19702,19665,19626,19682,19677,20626,19690,19729,19683,21684,26692,21563,24088,19918,19763,22675,32313,22274,19805,19812,26513,31707,34004,29045,21807,34558,34750,34778,34628,34653,34673,34626,34587,30456,34405,34535,34611,34566,30116,21950,24197,24340,26310,22910,19838,,
TUI,TUI1101,GENE,waikaremoana,Hydro,Hydro,2026-03-27,19966,19860,19777,6870,6325,6376,6380,6356,6403,6358,6286,6417,6424,6472,19186,32301,32194,19840,19777,20442,24010,19713,19850,19935,27179,27087,26560,19843,19884,19952,23544,34503,34492,34562,34567,34553,34595,34552,34580,34569,34573,34662,34682,34599,27869,24186,24885,24733,,
TUI,TUI1101,GENE,waikaremoana,Hydro,Hydro,2026-03-28,20705,19501,19620,6363,6336,6296,6244,6303,6285,6361,6350,6393,6339,6293,6318,8087,19661,24937,33102,33571,30065,19766,19746,19806,19761,19901,19784,19728,19791,19875,19922,19802,19875,19823,19870,20835,26580,34076,34775,34664,30382,19700,21956,20750,19720,19702,19801,6480,,
TUI,TUI1101,GENE,waikaremoana,Hydro,Hydro,2026-03-29,6376,6348,6341,6303,6017,6199,6447,6543,6338,6262,6303,6361,6293,6325,6271,6312,6311,24424,31768,20471,32226,33656,32973,31132,34636,34645,34465,30612,29144,22714,22053,33453,34600,34583,34783,34441,34578,34631,24950,23303,19671,19693,19971,19612,20152,19682,19733,19814,,
TUI,TUI1101,GENE,waikaremoana,Hydro,Hydro,2026-03-30,6525,6268,6252,6250,6267,6256,6370,6212,6338,6324,6489,19250,20954,24355,20683,19712,19526,19684,30458,34482,34613,34641,34602,25556,34096,27594,19953,19839,19757,19724,25148,34023,32172,20300,20590,19756,19618,19671,19641,19668,19682,19611,19737,19681,20476,6597,6210,6295,,
TUI,TUI1101,GENE,waikaremoana,Hydro,Hydro,2026-03-31,6335,6347,6361,7248,7280,7247,6949,6238,6232,6400,7521,7827,7416,24521,25140,30699,19734,19748,28777,34394,31923,26787,31809,26580,25207,19865,19886,19838,19847,19772,19727,19802,20621,22450,24385,27011,22078,27467,29456,34316,26340,22977,34167,34369,34505,33374,34536,30159,,
TWC,TWC2201,TRPG,te_rere_hau,Wind,Wind,2026-03-01,0,0,0,0,0,0,0,0,0,0,13,43,132,537,718,2028,3528,3533,4520,6054,6122,10892,11102,12436,10598,10035,8733,8757,8724,9353,9604,11156,10848,10364,10920,10882,9204,6805,5947,3895,3402,2372,1222,352,5649,9495,10413,10004,,
TWC,TWC2201,TRPG,te_rere_hau,Wind,Wind,2026-03-02,7239,6702,8633,9280,5865,4035,5925,5512,1665,78,3,1,0,0,0,6,351,623,371,976,1711,2268,2818,2461,1971,2370,2299,3920,1942,895,1637,2859,2199,1555,3287,2072,562,2975,885,2903,1223,51,8,386,283,1,49,420,,
TWC,TWC2201,TRPG,te_rere_hau,Wind,Wind,2026-03-03,358,423,198,7,157,376,23,1,95,20,12,0,37,16,2,15,6,1,0,529,234,463,1194,999,113,828,478,585,1193,763,1088,536,1260,1115,1964,2413,3883,3865,1384,0,0,0,51,471,1941,701,617,18,,
TWC,TWC2201,TRPG,te_rere_hau,Wind,Wind,2026-03-04,0,0,1,0,0,0,3,1,0,0,0,0,0,0,0,0,0,0,0,0,0,0,0,0,0,0,0,0,0,0,0,0,0,0,0,0,0,0,0,0,0,6,1,0,0,0,0,0,,
TWC,TWC2201,TRPG,te_rere_hau,Wind,Wind,2026-03-05,2,49,184,295,405,245,88,150,87,0,12,11,6,245,764,1305,934,832,665,1314,1622,1668,2024,3423,3617,3160,4058,4010,2229,1481,1218,924,1430,1309,1623,1682,1771,3106,3762,3770,4258,2000,1325,1274,981,1499,1935,2298,,
TWC,TWC2201,TRPG,te_rere_hau,Wind,Wind,2026-03-06,2107,1510,1914,2399,2750,3449,4979,5040,5161,5295,5466,5372,5486,5535,5544,4787,3581,3320,3369,2507,1860,1814,3418,5085,5545,3887,822,879,1389,461,298,356,371,306,497,568,392,564,741,1707,2591,3026,3172,3126,2846,3004,2930,2909,,
TWC,TWC2201,TRPG,te_rere_hau,Wind,Wind,2026-03-07,3050,3178,3177,3276,3336,3292,3352,3494,3387,3169,3140,3123,2838,2286,1458,1188,1161,3286,2654,2334,2242,2397,2442,2558,2310,2595,2333,1792,1730,1220,766,355,519,760,108,293,614,473,586,140,73,198,484,741,1198,2612,3052,1547,,
TWC,TWC2201,TRPG,te_rere_hau,Wind,Wind,2026-03-08,2137,2801,2444,1983,2342,2650,2988,2960,2492,2307,2256,2899,2642,2242,1688,2128,2593,2340,2795,2234,2384,2342,1365,1274,1925,2180,2105,3418,3468,4317,5351,5447,4414,2630,3043,3401,2997,3582,4598,4940,4880,4896,2966,1684,1546,2569,3323,3897,,
TWC,TWC2201,TRPG,te_rere_hau,Wind,Wind,2026-03-09,4684,4421,3421,2910,3110,2825,1826,1252,1321,2026,3228,1676,3030,2613,1984,1715,1606,1047,1297,2105,2566,2122,1985,1957,1219,564,948,1827,1251,88,0,170,766,1355,4141,1769,2118,2262,2450,2275,2881,3935,5129,4976,5475,5296,4144,3415,,
TWC,TWC2201,TRPG,te_rere_hau,Wind,Wind,2026-03-10,2719,2773,2792,2213,2653,2784,2519,2563,2583,2484,2883,2903,2796,2679,2545,3105,3280,3402,2831,2485,2444,2323,2186,2914,2832,1922,2151,2293,1774,808,559,1003,2813,5177,5111,5138,4973,5709,5106,4276,4026,931,1488,499,1203,425,495,1412,,
TWC,TWC2201,TRPG,te_rere_hau,Wind,Wind,2026-03-11,2167,849,1805,2373,3150,3921,4345,4433,4255,3762,3893,3297,3349,3478,3508,3539,3584,3405,3027,2263,1962,2094,1914,2228,2422,2897,2788,3143,3414,3372,3124,2650,3663,4133,3323,3677,4377,4122,3300,2175,383,2654,3932,3838,3117,4397,4708,4704,,
TWC,TWC2201,TRPG,te_rere_hau,Wind,Wind,2026-03-12,3813,4177,2604,2813,3473,3579,4744,3976,3752,3522,2491,2491,1799,2200,3055,2594,2004,1818,2932,625,0,0,0,0,0,0,0,0,0,0,0,0,0,92,218,949,2362,3565,3165,2142,742,83,0,0,37,12,0,0,,
TWC,TWC2201,TRPG,te_rere_hau,Wind,Wind,2026-03-13,0,1,0,0,0,0,0,0,0,0,0,0,0,0,0,0,0,0,0,0,1,2,0,0,0,0,18,0,0,0,0,37,87,1,1232,1607,1340,1886,2494,2621,1534,1343,1161,1198,2188,1598,922,1375,,
TWC,TWC2201,TRPG,te_rere_hau,Wind,Wind,2026-03-14,1505,1885,2753,3657,3289,3101,2685,2472,1102,2553,2380,1571,2878,3221,2327,1283,59,105,1614,1191,2157,3248,2661,2136,722,1688,1263,2636,3423,2682,2344,1824,897,66,2,69,130,44,72,25,45,334,666,743,495,13,4,13,,
TWC,TWC2201,TRPG,te_rere_hau,Wind,Wind,2026-03-15,0,0,0,0,0,0,0,5,33,179,184,194,124,139,227,224,168,99,51,22,29,119,148,73,5,0,0,0,0,0,0,0,0,0,0,0,0,0,0,0,129,1303,2149,2868,2802,2189,1616,551,,
TWC,TWC2201,TRPG,te_rere_hau,Wind,Wind,2026-03-16,105,0,0,0,0,0,99,233,219,154,152,93,332,439,788,2068,2107,1812,2689,2800,4491,2965,3203,3303,2914,3082,2617,1860,2443,3233,2765,3410,3136,4385,3965,4471,3480,3304,2883,2630,1965,2051,1247,1146,1471,2200,2813,1181,,
TWC,TWC2201,TRPG,te_rere_hau,Wind,Wind,2026-03-17,900,1286,1168,2339,2554,3108,2478,2064,1266,2378,2839,3854,2962,1730,0,0,0,0,0,0,0,0,0,0,0,0,0,0,0,0,0,0,0,0,0,0,0,0,0,0,0,0,0,0,0,0,0,0,,
TWC,TWC2201,TRPG,te_rere_hau,Wind,Wind,2026-03-18,0,0,0,0,0,0,0,0,0,0,0,0,0,0,0,0,0,0,0,0,0,0,0,0,0,0,0,0,0,0,0,0,0,0,0,0,0,0,0,0,0,0,0,0,0,0,0,0,,
TWC,TWC2201,TRPG,te_rere_hau,Wind,Wind,2026-03-19,0,0,0,0,0,0,0,0,0,0,0,0,0,0,0,0,0,0,0,0,0,0,0,0,0,0,0,0,0,0,0,0,0,0,0,0,0,0,0,0,0,0,0,0,0,0,0,0,,
TWC,TWC2201,TRPG,te_rere_hau,Wind,Wind,2026-03-20,0,0,0,0,0,0,0,0,0,0,0,0,0,0,0,0,0,0,0,509,572,1001,721,389,424,195,285,321,30,201,505,397,1082,1249,2517,2747,2228,2551,3479,3678,4143,5392,6244,7663,6909,5950,4764,3784,,
TWC,TWC2201,TRPG,te_rere_hau,Wind,Wind,2026-03-21,4271,4058,3555,2805,2412,2183,1625,1547,1537,980,1142,938,955,1357,2184,2368,2138,1310,633,473,73,19,67,0,4,55,92,11,0,0,0,0,0,0,0,0,0,0,0,44,157,207,190,616,1076,1089,770,593,,
TWC,TWC2201,TRPG,te_rere_hau,Wind,Wind,2026-03-22,459,151,0,0,0,0,0,0,0,0,0,0,0,0,0,0,0,0,0,0,0,0,0,0,0,0,0,0,0,0,0,0,0,0,0,0,0,0,0,0,150,380,1492,2619,3008,3680,3259,3539,,
TWC,TWC2201,TRPG,te_rere_hau,Wind,Wind,2026-03-23,3709,3660,3181,3046,3437,3353,3485,3412,3046,2738,2037,1251,1173,1045,953,835,886,1416,2261,3430,5197,5515,5385,4780,3824,3081,2529,1984,2414,2665,2813,2859,3011,3078,3035,2665,2626,3684,5121,5581,6374,7038,6815,5832,3942,3232,3251,3115,,
TWC,TWC2201,TRPG,te_rere_hau,Wind,Wind,2026-03-24,2420,1393,552,135,26,0,0,0,40,164,105,299,150,224,415,244,234,14,31,38,64,103,181,368,319,228,155,290,475,153,39,217,36,6,102,26,0,0,0,111,93,40,0,0,0,0,0,0,,
TWC,TWC2201,TRPG,te_rere_hau,Wind,Wind,2026-03-25,0,0,0,0,0,0,0,0,0,0,0,0,0,0,0,0,0,0,0,0,0,0,0,0,0,0,137,144,579,671,325,702,1410,1286,1576,3398,5241,6435,6607,6284,6534,7378,7399,6017,5473,6395,6253,4945,,
TWC,TWC2201,TRPG,te_rere_hau,Wind,Wind,2026-03-26,4142,4636,5420,5954,5464,6122,6901,7824,7526,7772,7926,8884,10031,10943,10133,10036,10225,10913,10440,11089,11670,10443,8553,8991,9771,8257,10257,8510,9113,8320,8353,7712,9489,10118,10312,9690,10270,10301,10220,9355,9296,10220,9971,9648,9431,10181,10328,9639,,
TWC,TWC2201,TRPG,te_rere_hau,Wind,Wind,2026-03-27,9229,9449,8767,8432,8668,9153,9258,9349,9280,9050,8713,9398,9545,9611,8797,8435,8063,8192,8063,7762,7348,7258,8005,7311,4273,2772,2249,1545,858,445,68,0,0,0,0,0,0,47,606,39,0,146,15,0,3,1,332,507,,
TWC,TWC2201,TRPG,te_rere_hau,Wind,Wind,2026-03-28,1,85,124,1021,2893,2424,1678,1623,2341,2390,3667,5659,6474,5360,5257,4975,4160,3401,1762,1767,2784,4305,5872,8302,7777,7799,8253,7766,8276,8400,8760,11694,9731,9506,9216,7753,7138,4613,2819,4063,4221,4464,3505,3066,3394,3838,3572,3291,,
TWC,TWC2201,TRPG,te_rere_hau,Wind,Wind,2026-03-29,2934,2675,1890,1317,993,1395,1726,1751,1936,1696,1614,1340,2216,2437,1880,1363,779,588,401,274,25,39,43,12,89,119,796,1945,2796,2420,3124,3086,2191,2549,2532,1049,396,348,533,643,1112,796,1608,2712,3574,3030,3062,5749,,
TWC,TWC2201,TRPG,te_rere_hau,Wind,Wind,2026-03-30,3918,1283,1372,667,592,744,157,251,1270,1607,1275,1151,1270,1248,1633,2259,1395,1334,793,388,523,902,2023,2920,2223,3445,4335,4990,5337,5752,3737,4038,5208,6746,6975,6957,6193,5053,6532,5973,7063,9296,10715,10934,10336,10085,8790,7898,,
TWC,TWC2201,TRPG,te_rere_hau,Wind,Wind,2026-03-31,9756,12039,10773,11993,10433,11977,10492,8910,8011,8134,9455,9103,10020,9838,6948,4515,5555,5671,3757,1285,115,2,0,0,0,2273,2854,4363,6477,8207,7645,8168,8097,8589,8361,7748,7541,6953,7218,6590,7141,7113,7576,7082,5721,4931,4601,4594,,
TWC,TWC2201,TRPG,twf_3,Wind,Wind,2026-03-01,0,112,435,196,98,200,399,961,1383,1551,1816,2848,4195,6085,9458,12989,13923,17407,21168,26586,27334,33399,36345,39691,41555,42421,42612,43081,41255,42038,41718,39779,38756,37931,36753,38553,37507,31569,28124,20011,14735,9886,6223,5118,19993,40318,38458,37757,,
TWC,TWC2201,TRPG,twf_3,Wind,Wind,2026-03-02,39440,41843,40493,35902,29084,21269,24585,24663,12852,1606,2707,2930,915,3103,2332,4553,4387,7231,6389,10725,9875,14856,14662,16554,17484,16243,14775,21389,15345,7441,13684,15665,11723,8617,19040,16387,7640,18972,16703,16873,7725,6020,3313,7705,8314,5369,7289,8474,,
TWC,TWC2201,TRPG,twf_3,Wind,Wind,2026-03-03,7364,8883,6341,3242,5340,7314,3175,2928,5905,5451,4309,3219,4525,3778,3498,3656,1394,1695,895,3753,4943,2338,8032,9055,6357,10312,5711,7050,10272,11948,10700,7951,12672,14383,14104,16102,20453,20357,19544,4051,1284,2371,5475,8135,9417,7642,8824,7158,,
TWC,TWC2201,TRPG,twf_3,Wind,Wind,2026-03-04,4094,2514,2655,1962,1766,1461,2240,1336,1519,267,2799,450,595,434,1048,418,1046,310,0,0,0,208,0,0,0,14,0,0,0,0,0,0,0,0,0,0,0,0,425,2680,2188,2170,2043,1661,1335,1006,718,1106,,
TWC,TWC2201,TRPG,twf_3,Wind,Wind,2026-03-05,1713,2289,3073,3681,3761,3159,2080,2243,2089,1553,2136,2640,3010,3486,5376,7084,7620,7571,6341,7469,8115,8269,12374,14701,15346,13594,14892,15915,13510,12394,12657,14393,13151,9603,8293,10477,10630,16225,14585,14086,15396,13260,15697,16150,15373,17209,18295,18964,,
TWC,TWC2201,TRPG,twf_3,Wind,Wind,2026-03-06,21597,20903,21096,18597,15941,18464,22260,26241,27584,26687,27652,29938,28848,25954,25537,26222,22446,18055,16490,20544,24405,26733,25796,26937,30131,28450,25889,20065,17130,18526,22437,22913,22435,20124,24045,28129,30065,28235,25799,27596,30547,32540,30256,25344,24710,26894,27451,21758,,
TWC,TWC2201,TRPG,twf_3,Wind,Wind,2026-03-07,19489,18507,17853,21482,24882,25341,24490,25437,26310,24379,20951,22057,24266,21482,17181,18253,17474,17739,15441,14910,13701,12844,12599,13149,11813,12951,11530,10271,10269,8058,6142,5252,5108,5522,2621,3477,5095,5163,6282,4404,2711,2356,3061,4217,6215,9472,9311,9799,,
TWC,TWC2201,TRPG,twf_3,Wind,Wind,2026-03-08,11348,14839,17397,15884,13714,14882,16787,17651,17211,17745,19205,20980,20965,15292,9788,14886,16014,15619,13563,12370,11592,14263,13046,12743,12850,13048,9430,12562,15095,17443,18310,20323,24013,26893,25142,21400,19974,21661,24861,24807,22323,23870,22552,15804,14306,12885,14601,18514,,
TWC,TWC2201,TRPG,twf_3,Wind,Wind,2026-03-09,22794,25696,24418,21242,20559,23507,22777,18882,18275,14689,15777,15611,14903,11067,9132,9127,9298,6655,9331,11613,11988,10818,10934,10498,8289,6517,6983,10415,11174,5882,1030,5962,12656,18940,20606,21430,19018,14461,17723,20808,20160,23282,26448,25289,22395,24580,28529,29956,,
TWC,TWC2201,TRPG,twf_3,Wind,Wind,2026-03-10,25780,23283,25092,27738,26106,21240,19345,20823,23326,23956,19253,11922,7346,10083,11246,9332,4963,5838,8066,9021,9626,7405,6174,8799,9694,7635,5826,10543,17961,10936,9459,13590,21872,22627,21271,22887,24047,23243,23876,26067,27367,21796,22630,18333,24330,26063,25360,22825,,
TWC,TWC2201,TRPG,twf_3,Wind,Wind,2026-03-11,21182,23046,21487,19650,21110,24184,23337,21401,22123,21630,20836,19463,19950,20293,21011,21777,20157,19287,18176,16943,13963,11785,11305,12797,12086,13766,14621,15548,14830,15805,16671,15829,17839,19692,17153,18962,22345,22903,22177,21680,20026,15434,18415,18538,16662,20907,22200,21082,,
TWC,TWC2201,TRPG,twf_3,Wind,Wind,2026-03-12,19374,18479,15432,17040,19298,21785,23613,22194,20377,18734,16028,15545,14950,14651,16575,17082,16304,16417,13429,3505,0,0,0,0,0,0,0,113,327,192,622,966,2541,4927,7502,11341,14774,17386,17339,14402,7799,2066,1162,925,2390,1268,1136,620,,
TWC,TWC2201,TRPG,twf_3,Wind,Wind,2026-03-13,1686,1409,1605,1213,863,757,788,756,989,1073,257,819,784,1384,1156,572,608,889,532,760,1257,1058,0,0,0,0,1801,495,46,44,2323,1721,2289,2309,7595,10370,11155,10317,12776,13184,8928,7849,8808,8047,10489,8104,5362,7145,,
TWC,TWC2201,TRPG,twf_3,Wind,Wind,2026-03-14,10154,12155,14497,17132,17952,15372,14329,17395,17530,15893,15403,14500,18773,20615,17673,10726,1520,2517,9383,12271,16042,19097,14260,10367,5978,12240,14219,14929,17023,15340,13082,10139,7763,5240,3703,3094,4549,3807,4294,4664,5114,7606,11977,13743,9358,5056,4631,5238,,
TWC,TWC2201,TRPG,twf_3,Wind,Wind,2026-03-15,3527,1203,0,0,111,970,1703,1806,1654,2910,2981,2895,2565,2520,2833,2936,2755,2477,1854,2170,1936,2395,2140,2397,2303,1397,1199,1298,848,0,0,0,0,0,0,0,0,0,0,220,4993,13682,19159,21047,21165,17285,10586,4612,,
TWC,TWC2201,TRPG,twf_3,Wind,Wind,2026-03-16,2430,317,0,0,0,495,2723,4024,4811,4358,3571,3250,4330,5833,7104,11256,13074,11669,12741,13251,16481,13868,13193,14598,17798,18634,14834,13875,14005,14433,16378,17924,15258,17460,19286,18632,17033,15656,14453,12201,10843,9846,6862,6405,7527,7089,7932,6641,,
TWC,TWC2201,TRPG,twf_3,Wind,Wind,2026-03-17,7064,7065,6046,10391,11250,12064,11959,10730,9955,16044,19381,19319,15776,12254,425,0,0,0,0,0,0,0,0,0,0,0,0,0,0,0,0,0,0,0,0,0,0,0,0,0,0,0,0,0,0,0,0,0,,
TWC,TWC2201,TRPG,twf_3,Wind,Wind,2026-03-19,0,0,0,0,0,0,0,0,0,0,0,0,0,0,0,0,0,0,0,0,0,0,0,0,0,0,0,0,0,0,0,0,0,0,0,0,0,0,0,29,2834,4905,7824,10420,12191,10181,7246,7501,,
TWC,TWC2201,TRPG,twf_3,Wind,Wind,2026-03-20,7244,7250,7425,5653,6204,8330,7844,6927,7869,8445,8212,8537,9464,7932,6607,5213,5473,4350,5475,6815,5786,5689,5771,5002,4084,3775,4066,3897,3626,3325,4115,4309,5666,6500,9101,10233,9928,11061,15394,18112,17159,21650,24636,27483,26918,23395,21283,20457,,
TWC,TWC2201,TRPG,twf_3,Wind,Wind,2026-03-21,19323,17937,17010,15187,13804,11630,11107,11127,9958,10151,10028,10301,9689,8194,10697,9921,9270,6400,4245,2906,1641,1976,3806,3701,3114,3228,2921,2758,2229,1116,68,260,0,0,0,0,70,1047,2224,2229,2968,4953,7973,9177,11473,11612,10931,8819,,
TWC,TWC2201,TRPG,twf_3,Wind,Wind,2026-03-22,7661,6094,3396,2480,963,0,0,0,0,0,0,0,0,0,0,0,0,0,0,0,0,0,0,0,0,0,0,0,0,0,0,0,0,0,0,0,0,0,0,451,6280,9617,15161,17444,17662,18360,18464,18332,,
TWC,TWC2201,TRPG,twf_3,Wind,Wind,2026-03-23,18768,17374,16349,15772,15949,16166,15558,14908,14472,13564,10601,8778,8317,8777,9783,9896,10428,13292,15917,19217,21571,21720,20199,18251,16322,14328,12295,12856,14066,14986,13985,13059,14539,14941,14060,14607,16178,18170,19659,21032,23044,23025,22918,20548,17724,15724,14385,13699,,
TWC,TWC2201,TRPG,twf_3,Wind,Wind,2026-03-24,10987,7754,4254,2508,1381,460,396,1018,1912,2600,2011,3665,3064,3254,4236,3691,3219,2048,2389,2192,1828,2253,3443,2907,3968,3299,2200,3128,4128,4579,3544,3411,2717,2482,2334,1586,730,773,2957,3026,2192,1266,129,0,0,0,0,0,,
TWC,TWC2201,TRPG,twf_3,Wind,Wind,2026-03-25,0,528,487,802,905,692,434,396,80,95,0,0,0,0,0,163,55,0,0,0,0,0,750,940,424,1584,2298,2762,4605,5353,6830,8747,9744,8610,9247,15242,18280,21095,23506,21448,23870,24058,22542,22787,24096,23667,20465,19647,,
TWC,TWC2201,TRPG,twf_3,Wind,Wind,2026-03-26,19370,22563,23175,23268,20877,21460,23050,23769,21122,22015,26883,28248,27474,26883,26609,27650,31241,31684,31604,30877,31650,25623,20021,25554,27907,27661,31023,29357,31962,28833,26277,26880,29888,30273,34412,33266,34188,32664,35014,34728,33857,33548,32776,34469,33582,32417,32919,32049,,
TWC,TWC2201,TRPG,twf_3,Wind,Wind,2026-03-27,29294,28952,28884,28398,25951,27909,27373,27606,29052,28993,27868,25432,25866,26045,24747,22503,21355,20847,20678,20820,18780,20392,21975,20583,11969,8347,7853,6023,5074,4290,3997,2626,2931,2176,1384,1517,1640,3420,6501,4005,4961,2468,169,249,596,1416,5479,6215,,
TWC,TWC2201,TRPG,twf_3,Wind,Wind,2026-03-28,2248,2848,2725,4484,10411,10164,8861,8420,10687,12164,18037,21951,25218,21434,19319,17436,16146,14791,12763,10691,15944,18754,22938,28221,26386,27419,29174,28368,27411,29535,29985,33449,34696,33927,29741,24978,22873,16522,12585,18427,18946,18568,17307,16844,18473,17871,16599,14617,,
TWC,TWC2201,TRPG,twf_3,Wind,Wind,2026-03-29,14759,15022,11443,9757,7912,8547,8504,9309,9899,7983,8786,7911,10605,11784,10579,9424,6863,5899,6374,5916,2964,2286,2046,1665,3152,2956,5493,9337,11483,11230,10630,12997,10639,12222,11287,6996,4745,5159,4692,5665,6570,6704,9263,12866,14994,13672,14730,19340,,
TWC,TWC2201,TRPG,twf_3,Wind,Wind,2026-03-30,15624,9086,7660,6384,6170,5881,4965,4594,7850,8212,7796,5925,6766,6624,7783,11843,10487,9882,8176,4677,5247,6927,9163,11220,10400,13779,17997,20517,21287,22329,16986,16105,21069,24172,24195,23175,24504,18856,21748,21479,25371,29517,31157,29301,30115,32283,30730,29342,,
TWC,TWC2201,TRPG,twf_3,Wind,Wind,2026-03-31,32683,35586,33432,37361,35796,38071,39920,40461,39341,38838,37405,37634,35795,36664,31650,26710,26036,25100,20426,14605,5261,1473,0,1099,899,10213,18459,18254,23886,27968,26798,31111,27988,28506,29082,29599,30362,27667,28081,27972,27785,27245,28333,25652,22926,21603,19888,17573,,
TWH,TWH0331,WAIK,te_uku,Wind,Wind,2026-03-01,11086,10966,10525,8731,7688,6712,6648,6933,6253,4115,2058,3124,6298,6740,4279,5476,6558,5565,4702,3787,2905,1742,181,0,0,0,0,0,555,3990,7114,10985,11803,12585,12851,9939,10366,12564,12384,12722,17013,18166,21515,23512,23136,24170,22124,22249,,
TWH,TWH0331,WAIK,te_uku,Wind,Wind,2026-03-02,19235,15126,17620,14532,13449,12802,16579,19979,21490,13680,8761,12946,16467,14156,10699,15542,18660,13536,13648,12485,10201,10128,6846,8117,8285,9677,11762,15999,15147,14961,12956,17028,17354,16564,19775,21841,24621,25974,25966,24944,23619,24795,25546,15885,13348,17235,14461,13611,,
TWH,TWH0331,WAIK,te_uku,Wind,Wind,2026-03-03,15591,13171,17048,18543,22502,17787,18100,19189,11859,13538,14179,14519,11783,15869,18593,17617,19574,17996,11614,9073,11044,14206,17312,14605,18156,22638,19919,15078,13716,21478,15950,14957,9546,20069,22554,20914,20827,21555,20552,16227,18357,21776,21365,21431,20523,12732,18723,24113,,
TWH,TWH0331,WAIK,te_uku,Wind,Wind,2026-03-04,25832,24591,26953,22389,17587,19072,19057,18652,15843,23068,15870,15575,21227,18479,24577,20756,21056,16929,12715,4940,2170,2904,5156,9098,7943,3488,1659,1457,2188,2380,5191,8414,9822,13994,19370,18626,15861,12383,9706,9296,10460,10611,11457,10172,7527,7368,6372,6479,,
TWH,TWH0331,WAIK,te_uku,Wind,Wind,2026-03-05,4825,3587,2221,1269,475,2,0,0,0,0,0,0,0,0,0,0,0,0,0,0,0,0,0,0,0,261,880,1925,3093,2576,3402,3873,5344,7000,9708,9329,6623,6161,7842,7538,8933,8437,7878,9513,10992,10513,9262,9045,,
TWH,TWH0331,WAIK,te_uku,Wind,Wind,2026-03-06,8788,7565,6321,4121,3021,1867,757,50,0,0,0,20,232,968,1739,1388,453,314,0,0,0,14,267,107,515,949,1156,1379,3308,4354,5296,6433,6776,6085,5757,5667,4211,4808,4023,3036,3085,3898,4631,4718,3908,3586,2959,2881,,
TWH,TWH0331,WAIK,te_uku,Wind,Wind,2026-03-07,2799,1592,1910,1559,1627,1276,1618,2297,2080,2289,2470,2578,2591,2688,2786,3463,3343,1727,830,993,283,29,383,331,555,514,1375,2125,2965,2789,2794,3250,5974,6928,5504,4779,4995,4329,4148,4306,5347,4425,3808,3767,3483,1960,1445,1325,,
TWH,TWH0331,WAIK,te_uku,Wind,Wind,2026-03-08,1815,1931,2017,1774,1644,331,0,0,0,79,135,116,1,0,0,0,0,0,0,0,0,0,0,0,0,0,0,0,374,1776,1640,1056,1502,863,23,0,0,17,1230,1354,1701,2019,2645,4214,5415,4136,4016,2930,,
TWH,TWH0331,WAIK,te_uku,Wind,Wind,2026-03-09,1230,58,1397,2890,1856,1598,1756,760,174,552,377,441,363,965,591,124,19,0,0,0,101,182,3,417,1692,1938,2562,5641,6690,5630,7083,6237,7192,6521,6995,6268,4184,3466,4463,5428,5588,4821,4106,3122,2971,2091,2487,3732,,
TWH,TWH0331,WAIK,te_uku,Wind,Wind,2026-03-10,2231,283,0,1724,7099,13052,15622,20895,22552,24146,25903,27419,27756,28567,29073,28456,28429,28910,25804,25053,23611,21353,19022,18049,15684,14807,13895,12083,8324,4841,4119,5089,4722,4307,3801,3075,4181,4538,5739,7628,11514,13164,15431,17225,16211,23753,22115,26339,,
TWH,TWH0331,WAIK,te_uku,Wind,Wind,2026-03-11,25360,27414,27898,27975,27610,27998,27998,26819,27728,28379,28543,28596,28747,28786,28765,28548,28282,27747,25857,24439,23943,24175,23606,24802,23745,24083,25153,24857,22988,21972,21744,18047,18486,21317,22709,19691,15140,19772,23564,25952,27606,28392,28079,23429,22863,22281,20904,23321,,
TWH,TWH0331,WAIK,te_uku,Wind,Wind,2026-03-12,27881,28595,28713,29094,29130,29091,29009,28544,27823,27087,27942,29031,29012,29145,29155,29159,29143,26985,25344,25114,25483,25251,25112,25143,25325,25202,24333,25253,25132,25101,26750,27015,27455,27143,27680,27519,27699,27797,27593,27663,27549,27478,27266,27063,27012,27181,27538,26977,,
TWH,TWH0331,WAIK,te_uku,Wind,Wind,2026-03-13,27309,27422,27255,27144,27026,25891,25715,23952,22100,22451,23908,24360,23649,20720,22464,17405,15585,15072,18695,16955,17816,12441,11907,9116,7989,8093,10080,13001,10258,6600,5671,6211,6274,4480,6027,5601,4007,3190,3568,3040,2574,3846,6125,11541,12195,11827,9851,7839,,
TWH,TWH0331,WAIK,te_uku,Wind,Wind,2026-03-14,7264,6583,7869,9199,7716,7634,7345,4066,4218,11232,23956,25225,23829,26487,25135,26450,27163,27962,28337,27164,22044,26191,28101,28139,27852,27635,26031,24205,16974,13323,6169,12252,26617,28708,29229,29578,29584,29407,27731,25319,20325,23939,22444,19823,20962,27228,25587,27829,,
TWH,TWH0331,WAIK,te_uku,Wind,Wind,2026-03-15,27221,26075,25377,25544,23414,23949,21578,20425,16816,12856,13644,9043,6799,6285,8086,9650,11881,10139,8750,9953,8538,9209,11597,12619,19313,19725,22812,25570,27418,27377,26232,26424,24268,22627,22588,19313,16498,14590,11673,9136,7519,7062,4555,2422,528,270,121,0,,
TWH,TWH0331,WAIK,te_uku,Wind,Wind,2026-03-16,0,0,0,0,0,0,0,0,0,0,0,0,0,0,0,0,0,0,0,0,0,0,0,0,0,0,0,0,0,14,1494,5527,5847,5400,8595,9605,8960,8246,7656,8576,11534,13222,13980,13772,11820,10155,8816,7728,,
TWH,TWH0331,WAIK,te_uku,Wind,Wind,2026-03-17,5242,4519,4746,3986,2969,3657,2899,2847,3375,4638,6961,8268,6848,4289,2678,2043,1598,600,0,0,0,10,176,49,12,0,0,0,51,632,1856,1763,2202,1118,373,39,221,53,248,186,706,1004,125,0,0,0,0,0,,
TWH,TWH0331,WAIK,te_uku,Wind,Wind,2026-03-18,0,0,0,63,121,0,0,0,0,0,0,0,0,0,0,0,0,0,0,0,0,0,0,0,0,51,0,0,15,267,1189,1193,2506,4067,5662,5011,4137,5387,6295,6664,8282,8282,6283,2954,4281,6695,6734,8369,,
TWH,TWH0331,WAIK,te_uku,Wind,Wind,2026-03-19,9643,10109,8407,5191,3609,3427,2212,2726,4755,7975,14329,14432,12972,14595,14663,14661,14663,14671,14475,12770,14296,11901,10507,8901,7945,6634,4418,2780,684,0,3,280,1517,2213,2449,3423,3499,2057,925,1032,357,13,0,130,39,0,242,32,,
TWH,TWH0331,WAIK,te_uku,Wind,Wind,2026-03-20,0,79,0,0,0,0,5,0,87,511,142,364,145,0,0,204,1561,744,702,709,96,102,302,468,347,19,0,3,734,980,561,536,223,373,201,0,0,0,0,0,59,0,0,0,0,0,0,0,,
TWH,TWH0331,WAIK,te_uku,Wind,Wind,2026-03-21,0,0,0,0,46,710,793,1832,4616,3870,6183,8776,10225,8562,8441,8490,7230,5154,4429,4348,3305,1834,1415,1141,279,3,171,1072,1258,275,406,866,863,876,943,812,800,253,95,170,342,169,473,89,0,427,1048,264,,
TWH,TWH0331,WAIK,te_uku,Wind,Wind,2026-03-22,590,1259,1597,987,686,628,430,2,0,0,0,193,585,1194,2097,1673,1616,1198,739,461,666,511,0,4,0,0,0,0,0,0,434,1581,1727,1883,1689,2068,2719,3235,2340,399,28,9,631,894,948,509,1,295,,
TWH,TWH0331,WAIK,te_uku,Wind,Wind,2026-03-23,517,822,1120,2009,1962,1665,2023,2869,2612,2956,3706,3417,4389,4702,6380,4982,6376,11647,14612,14591,12260,9911,8336,6883,5701,3792,2447,1922,1489,2062,2220,2915,6556,8404,8023,7839,5909,5022,3128,3161,2196,2610,4538,5619,7372,9342,8786,10439,,
TWH,TWH0331,WAIK,te_uku,Wind,Wind,2026-03-24,13606,17527,15142,19206,16444,15747,21829,23146,20299,12776,8188,6490,7162,9296,13683,12887,13287,16471,14919,13660,12806,5868,4434,4113,6274,7869,8311,8073,8922,8912,8472,10993,10746,9412,10521,10456,8553,8801,9762,11724,10999,13805,15155,18057,20531,26323,23150,25476,,
TWH,TWH0331,WAIK,te_uku,Wind,Wind,2026-03-25,27867,24730,20766,20540,24350,27390,29418,27764,25769,24860,28838,27766,28637,27655,27209,29679,30812,31378,31421,30194,28495,27818,26771,27771,27308,28385,27646,27971,28700,29312,27883,26733,28357,30215,30845,15595,14663,14668,14662,14661,14670,14676,14679,24382,31574,29999,30861,30439,,
TWH,TWH0331,WAIK,te_uku,Wind,Wind,2026-03-26,30364,30433,30314,30470,30398,30303,30475,30373,30166,29060,28961,28813,27144,27670,27748,27305,28454,28384,28091,27466,26609,22555,24632,26090,26589,1745,12,8,10,13,17,11,11,6,6,5,6,6,9,12,19,9,7,6,12,9,8,28,,
TWH,TWH0331,WAIK,te_uku,Wind,Wind,2026-03-27,21,10,11,16,14,13,19,23,20,15,16,11,27,21,15,6,11693,15667,15258,14505,11523,10928,9174,8467,5668,9301,14557,15865,15452,12039,9969,10032,5519,3328,9,0,0,0,0,0,0,0,0,0,0,0,0,0,,
TWH,TWH0331,WAIK,te_uku,Wind,Wind,2026-03-28,0,77,379,283,24,20,2,0,0,0,0,0,0,13,0,82,0,5,138,18,0,0,0,0,0,198,294,189,364,972,2194,2527,3097,2554,1611,1022,515,327,1292,1675,913,1159,1214,679,1513,1755,1281,134,,
TWH,TWH0331,WAIK,te_uku,Wind,Wind,2026-03-29,0,0,0,0,0,0,0,0,0,0,23,9,0,0,0,0,0,0,0,0,324,159,0,0,0,0,0,0,0,0,43,549,327,224,199,1292,1198,231,439,3315,5108,4538,4039,5617,5900,10751,9480,5618,,
TWH,TWH0331,WAIK,te_uku,Wind,Wind,2026-03-30,11091,17750,21960,23053,22970,21766,16102,19863,19112,18215,19279,22684,24406,23242,25947,24301,25617,26023,25564,25245,25316,20369,16130,15308,11055,10261,9011,11333,14467,15429,8620,4484,2762,4370,4851,4091,6460,6986,10826,6623,10807,17835,21737,21053,22587,26301,26355,27371,,
TWH,TWH0331,WAIK,te_uku,Wind,Wind,2026-03-31,27671,27522,28212,28842,28859,27337,28310,28447,29495,29289,26819,27324,28381,28283,26843,27560,27606,28098,28265,26781,28077,26089,26031,26772,26799,26398,27106,27170,27623,27146,26851,26045,14452,5660,3407,2600,2795,5333,7224,8145,6891,4620,2216,568,0,0,2227,13857,,
WAI,WAI0331,HEDL,te_herenga_o_te_rā_solar_farm,SOL,PV,2026-03-01,0,0,0,0,0,0,0,0,0,0,0,0,0,0,0,0,0,0,0,0,0,0,0,0,0,0,0,0,0,0,0,0,0,0,0,0,0,0,0,0,0,0,0,0,0,0,0,0,,
WAI,WAI0331,HEDL,te_herenga_o_te_rā_solar_farm,SOL,PV,2026-03-02,0,0,0,0,0,0,0,0,0,0,0,0,0,0,0,0,0,0,0,0,0,0,0,0,0,0,0,0,0,0,0,0,0,0,0,0,0,0,0,0,0,0,0,0,0,0,0,0,,
WAI,WAI0331,HEDL,te_herenga_o_te_rā_solar_farm,SOL,PV,2026-03-03,0,0,0,0,0,0,0,0,0,0,0,0,0,0,0,0,0,0,0,0,0,0,0,0,0,0,0,0,0,0,0,0,0,0,0,0,0,0,0,0,0,0,0,0,0,0,0,0,,
WAI,WAI0331,HEDL,te_herenga_o_te_rā_solar_farm,SOL,PV,2026-03-04,0,0,0,0,0,0,0,0,0,0,0,0,0,0,0,0,0,0,0,0,0,0,0,0,0,0,0,0,0,0,0,0,0,0,0,0,0,0,0,0,0,0,0,0,0,0,0,0,,
WAI,WAI0331,HEDL,te_herenga_o_te_rā_solar_farm,SOL,PV,2026-03-05,0,0,0,0,0,0,0,0,0,0,0,0,0,0,0,0,0,0,0,0,0,0,0,0,0,0,0,0,0,0,0,0,0,0,0,0,0,0,0,0,0,0,0,0,0,0,0,0,,
WAI,WAI0331,HEDL,te_herenga_o_te_rā_solar_farm,SOL,PV,2026-03-06,0,0,0,0,0,0,0,0,0,0,0,0,0,0,0,0,0,0,0,0,0,0,0,0,0,0,0,0,0,0,0,0,0,0,0,0,0,0,0,0,0,0,0,0,0,0,0,0,,
WAI,WAI0331,HEDL,te_herenga_o_te_rā_solar_farm,SOL,PV,2026-03-07,0,0,0,0,0,0,0,0,0,0,0,0,0,0,0,0,0,0,0,0,0,0,0,0,0,0,0,0,0,0,0,0,0,0,0,0,0,0,0,0,0,0,0,0,0,0,0,0,,
WAI,WAI0331,HEDL,te_herenga_o_te_rā_solar_farm,SOL,PV,2026-03-08,0,0,0,0,0,0,0,0,0,0,0,0,0,0,0,0,0,0,0,0,0,0,0,0,0,0,0,0,0,0,0,0,0,0,0,0,0,0,0,0,0,0,0,0,0,0,0,0,,
WAI,WAI0331,HEDL,te_herenga_o_te_rā_solar_farm,SOL,PV,2026-03-09,0,0,0,0,0,0,0,0,0,0,0,0,0,0,0,0,0,0,0,0,0,0,0,0,0,0,0,0,0,0,0,0,0,0,0,0,0,0,0,0,0,0,0,0,0,0,0,0,,
WAI,WAI0331,HEDL,te_herenga_o_te_rā_solar_farm,SOL,PV,2026-03-10,0,0,0,0,0,0,0,0,0,0,0,0,0,0,0,0,0,0,0,0,0,0,0,0,0,0,0,0,0,0,0,0,0,0,0,0,0,0,0,0,0,0,0,0,0,0,0,0,,
WAI,WAI0331,HEDL,te_herenga_o_te_rā_solar_farm,SOL,PV,2026-03-11,0,0,0,0,0,0,0,0,0,0,0,0,0,0,0,0,0,0,0,0,0,0,0,0,0,0,0,0,0,0,0,0,0,0,0,0,0,0,0,0,0,0,0,0,0,0,0,0,,
WAI,WAI0331,HEDL,te_herenga_o_te_rā_solar_farm,SOL,PV,2026-03-12,0,0,0,0,0,0,0,0,0,0,0,0,0,0,0,0,0,0,0,0,0,0,0,0,0,0,0,0,0,0,0,0,0,0,0,0,0,0,0,0,0,0,0,0,0,0,0,0,,
WAI,WAI0331,HEDL,te_herenga_o_te_rā_solar_farm,SOL,PV,2026-03-13,0,0,0,0,0,0,0,0,0,0,0,0,0,0,0,0,0,0,0,0,0,0,0,0,0,0,0,0,0,0,0,0,0,0,0,0,0,0,0,0,0,0,0,0,0,0,0,0,,
WAI,WAI0331,HEDL,te_herenga_o_te_rā_solar_farm,SOL,PV,2026-03-14,0,0,0,0,0,0,0,0,0,0,0,0,0,0,0,0,0,0,0,0,0,0,0,0,0,0,0,0,0,0,0,0,0,0,0,0,0,0,0,0,0,0,0,0,0,0,0,0,,
WAI,WAI0331,HEDL,te_herenga_o_te_rā_solar_farm,SOL,PV,2026-03-15,0,0,0,0,0,0,0,0,0,0,0,0,0,0,0,0,0,0,0,0,0,0,0,0,0,0,0,0,0,0,0,0,0,0,0,0,0,0,0,0,0,0,0,0,0,0,0,0,,
WAI,WAI0331,HEDL,te_herenga_o_te_rā_solar_farm,SOL,PV,2026-03-16,0,0,0,0,0,0,0,0,0,0,0,0,0,0,0,0,0,0,0,0,0,0,0,0,0,0,0,0,0,0,0,0,0,0,0,0,0,0,0,0,0,0,0,0,0,0,0,0,,
WAI,WAI0331,HEDL,te_herenga_o_te_rā_solar_farm,SOL,PV,2026-03-17,0,0,0,0,0,0,0,0,0,0,0,0,0,0,0,0,0,0,0,0,0,0,0,0,0,0,0,0,0,0,0,0,0,0,0,0,0,0,0,0,0,0,0,0,0,0,0,0,,
WAI,WAI0331,HEDL,te_herenga_o_te_rā_solar_farm,SOL,PV,2026-03-18,0,0,0,0,0,0,0,0,0,0,0,0,0,0,0,0,0,0,0,0,0,0,0,0,0,0,0,0,0,0,0,0,0,0,0,0,0,0,0,0,0,0,0,0,0,0,0,0,,
WAI,WAI0331,HEDL,te_herenga_o_te_rā_solar_farm,SOL,PV,2026-03-19,0,0,0,0,0,0,0,0,0,0,0,0,0,0,0,0,0,0,0,0,0,0,0,0,0,0,0,0,0,0,0,0,0,0,0,0,0,0,0,0,0,0,0,0,0,0,0,0,,
WAI,WAI0331,HEDL,te_herenga_o_te_rā_solar_farm,SOL,PV,2026-03-20,0,0,0,0,0,0,0,0,0,0,0,0,0,0,0,0,0,0,0,0,0,0,0,0,0,0,0,0,0,0,0,0,0,0,0,0,0,0,0,0,0,0,0,0,0,0,0,0,,
WAI,WAI0331,HEDL,te_herenga_o_te_rā_solar_farm,SOL,PV,2026-03-21,0,0,0,0,0,0,0,0,0,0,0,0,0,0,0,0,0,0,0,0,0,0,0,0,0,0,0,0,0,0,0,0,0,0,0,0,0,0,0,0,0,0,0,0,0,0,0,0,,
WAI,WAI0331,HEDL,te_herenga_o_te_rā_solar_farm,SOL,PV,2026-03-22,0,0,0,0,0,0,0,0,0,0,0,0,0,0,0,0,0,0,0,0,0,0,0,0,0,0,0,0,0,0,0,0,0,0,0,0,0,0,0,0,0,0,0,0,0,0,0,0,,
WAI,WAI0331,HEDL,te_herenga_o_te_rā_solar_farm,SOL,PV,2026-03-23,0,0,0,0,0,0,0,0,0,0,0,0,0,0,0,0,0,0,0,0,0,0,0,0,0,0,0,0,0,0,0,0,0,0,0,0,0,0,0,0,0,0,0,0,0,0,0,0,,
WAI,WAI0331,HEDL,te_herenga_o_te_rā_solar_farm,SOL,PV,2026-03-24,0,0,0,0,0,0,0,0,0,0,0,0,0,0,0,0,0,0,0,0,0,0,0,0,0,0,0,0,0,0,0,0,0,0,0,0,0,0,0,0,0,0,0,0,0,0,0,0,,
WAI,WAI0331,HEDL,te_herenga_o_te_rā_solar_farm,SOL,PV,2026-03-25,0,0,0,0,0,0,0,0,0,0,0,0,0,0,0,0,0,0,0,0,0,0,0,0,0,0,0,0,0,0,0,0,0,0,0,0,0,0,0,0,0,0,0,0,0,0,0,0,,
WAI,WAI0331,HEDL,te_herenga_o_te_rā_solar_farm,SOL,PV,2026-03-26,0,0,0,0,0,0,0,0,0,0,0,0,0,0,0,0,0,0,0,0,0,0,0,0,0,0,0,0,0,0,0,0,0,0,0,0,0,0,0,0,0,0,0,0,0,0,0,0,,
WAI,WAI0331,HEDL,te_herenga_o_te_rā_solar_farm,SOL,PV,2026-03-27,0,0,0,0,0,0,0,0,0,0,0,0,0,0,0,0,0,0,0,0,0,0,0,0,0,0,0,0,0,0,0,0,0,0,0,0,0,0,0,0,0,0,0,0,0,0,0,0,,
WAI,WAI0331,HEDL,te_herenga_o_te_rā_solar_farm,SOL,PV,2026-03-28,0,0,0,0,0,0,0,0,0,0,0,0,0,0,0,0,0,0,0,0,0,0,0,0,0,0,0,0,0,0,0,0,0,0,0,0,0,0,0,0,0,0,0,0,0,0,0,0,,
WAI,WAI0331,HEDL,te_herenga_o_te_rā_solar_farm,SOL,PV,2026-03-29,0,0,0,0,0,0,0,0,0,0,0,0,0,0,0,0,0,0,0,0,0,0,0,0,0,0,0,0,0,0,0,0,0,0,0,0,0,0,0,0,0,0,0,0,0,0,0,0,,
WAI,WAI0331,HEDL,te_herenga_o_te_rā_solar_farm,SOL,PV,2026-03-30,0,0,0,0,0,0,0,0,0,0,0,0,0,0,0,0,0,0,0,0,0,0,0,0,0,0,0,0,0,0,0,0,0,0,0,0,0,0,0,0,0,0,0,0,0,0,0,0,,
WAI,WAI0331,HEDL,te_herenga_o_te_rā_solar_farm,SOL,PV,2026-03-31,0,0,0,0,0,0,0,0,0,0,0,0,0,0,0,0,0,0,0,0,0,0,0,0,0,0,0,0,0,0,0,0,0,0,0,0,0,0,0,0,0,0,0,0,0,0,0,0,,
WAI,WAI0331,LODE,te_herenga_o_te_rā_solar_farm,SOL,PV,2026-03-01,0,0,0,0,0,0,0,0,0,0,0,0,0,0,536,3243,6780,10622,13657,14472,14750,14855,14877,15149,14348,15134,15142,15141,15144,15140,15139,15125,13414,7814,4727,1572,2559,2094,1411,77,0,0,0,0,0,0,0,0,,
WAI,WAI0331,LODE,te_herenga_o_te_rā_solar_farm,SOL,PV,2026-03-02,0,0,0,0,0,0,0,0,0,0,0,0,0,0,152,3286,7708,12016,14314,11583,7926,11103,11966,12910,14591,13915,13736,12290,9017,12507,9109,11661,11048,14362,11117,12322,9037,3731,1431,108,0,0,0,0,0,0,0,0,,
WAI,WAI0331,LODE,te_herenga_o_te_rā_solar_farm,SOL,PV,2026-03-03,0,0,0,0,0,0,0,0,0,0,0,0,0,0,460,3154,7574,12090,14928,15076,14746,14763,14898,13922,12844,14351,14248,14591,13292,11158,10682,10026,7655,14899,9299,8863,5373,3468,1619,223,0,0,0,0,0,0,0,0,,
WAI,WAI0331,LODE,te_herenga_o_te_rā_solar_farm,SOL,PV,2026-03-04,0,0,0,0,0,0,0,0,0,0,0,0,0,0,110,2778,7172,11390,14505,14315,13954,14383,13901,11477,10227,10763,8836,8679,11063,10076,7618,7100,7131,8701,13403,11851,7997,4659,1387,40,0,0,0,0,0,0,0,0,,
WAI,WAI0331,LODE,te_herenga_o_te_rā_solar_farm,SOL,PV,2026-03-05,0,0,0,0,0,0,0,0,0,0,0,0,0,0,288,3083,3585,3559,3372,5868,12331,15141,12084,11941,8509,10153,9485,12276,13260,14583,14826,15144,15009,14719,14044,10961,7294,3868,1128,45,0,0,0,0,0,0,0,0,,
WAI,WAI0331,LODE,te_herenga_o_te_rā_solar_farm,SOL,PV,2026-03-06,0,0,0,0,0,0,0,0,0,0,0,0,0,0,260,1820,1507,1553,2985,5615,9521,15139,12967,11545,11320,10875,12811,15120,15106,15135,15113,15134,15134,15138,14731,11421,7452,3938,1099,40,0,0,0,0,0,0,0,0,,
WAI,WAI0331,LODE,te_herenga_o_te_rā_solar_farm,SOL,PV,2026-03-07,0,0,0,0,0,0,0,0,0,0,0,0,0,0,72,882,4095,7318,12823,15126,15136,15050,15000,15137,15143,15140,15133,15139,15126,15138,15135,15137,12866,7431,4087,2355,1382,822,287,0,0,0,0,0,0,0,0,0,,
WAI,WAI0331,LODE,te_herenga_o_te_rā_solar_farm,SOL,PV,2026-03-08,0,0,0,0,0,0,0,0,0,0,0,0,0,0,187,2016,5937,2556,5399,10910,14505,14504,5882,7400,10159,14153,14402,13740,12928,13257,11471,8887,15145,15110,14648,9388,3611,1845,1307,27,0,0,0,0,0,0,0,0,,
WAI,WAI0331,LODE,te_herenga_o_te_rā_solar_farm,SOL,PV,2026-03-09,0,0,0,0,0,0,0,0,0,0,0,0,0,0,201,2436,6611,11032,14459,15140,15136,15137,15128,15136,15134,15137,15083,13211,9725,12993,13482,12062,13622,13887,9671,4525,2917,1604,180,0,0,0,0,0,0,0,0,0,,
WAI,WAI0331,LODE,te_herenga_o_te_rā_solar_farm,SOL,PV,2026-03-10,0,0,0,0,0,0,0,0,0,0,0,0,0,0,214,1066,2298,3603,4844,7212,8793,9761,11377,12078,15108,14736,15073,15076,15151,15116,14837,15150,15152,15148,14663,10971,6336,2512,763,0,0,0,0,0,0,0,0,0,,
WAI,WAI0331,LODE,te_herenga_o_te_rā_solar_farm,SOL,PV,2026-03-11,0,0,0,0,0,0,0,0,0,0,0,0,0,0,6,633,1715,2813,3542,5200,7461,8063,5578,5895,6758,8219,6531,8749,7901,7375,7917,9157,4686,3200,2767,3711,3463,1204,303,0,0,0,0,0,0,0,0,0,,
WAI,WAI0331,LODE,te_herenga_o_te_rā_solar_farm,SOL,PV,2026-03-12,0,0,0,0,0,0,0,0,0,0,0,0,0,0,3,585,1420,2459,3934,5520,7697,9439,10732,10523,10560,10503,9172,10152,10057,9442,13174,10280,6388,5132,3764,3634,1667,672,158,0,0,0,0,0,0,0,0,0,,
WAI,WAI0331,LODE,te_herenga_o_te_rā_solar_farm,SOL,PV,2026-03-13,0,0,0,0,0,0,0,0,0,0,0,0,0,0,0,152,638,2518,2437,4058,5356,3770,3339,5391,6572,7915,5420,6669,3720,3233,3469,3449,2296,2396,1797,468,844,35,110,0,0,0,0,0,0,0,0,0,,
WAI,WAI0331,LODE,te_herenga_o_te_rā_solar_farm,SOL,PV,2026-03-14,0,0,0,0,0,0,0,0,0,0,0,0,0,0,2,372,1599,2600,7672,10931,11589,9958,10877,15154,15121,15065,15158,15157,15156,14318,2024,3253,4938,2824,2107,2569,1145,132,0,0,0,0,0,0,0,0,0,0,,
WAI,WAI0331,LODE,te_herenga_o_te_rā_solar_farm,SOL,PV,2026-03-15,0,0,0,0,0,0,0,0,0,0,0,0,0,0,72,1744,5653,9426,12936,14450,14876,15123,15140,15137,15135,12346,8634,12640,11606,15101,15152,14907,14555,14258,12944,9256,7037,3032,552,0,0,0,0,0,0,0,0,0,,
WAI,WAI0331,LODE,te_herenga_o_te_rā_solar_farm,SOL,PV,2026-03-16,0,0,0,0,0,0,0,0,0,0,0,0,0,0,0,10,340,812,1553,5202,8758,2294,3226,5065,6501,10101,9712,6834,8240,9529,10760,10348,6253,4943,5538,2507,1662,527,0,0,0,0,0,0,0,0,0,0,,
WAI,WAI0331,LODE,te_herenga_o_te_rā_solar_farm,SOL,PV,2026-03-17,0,0,0,0,0,0,0,0,0,0,0,0,0,0,1,194,759,1616,2636,3710,5067,7930,9062,13041,13307,14412,15095,15091,15154,15151,15149,15099,14876,6599,11353,6626,4660,1586,101,0,0,0,0,0,0,0,0,0,,
WAI,WAI0331,LODE,te_herenga_o_te_rā_solar_farm,SOL,PV,2026-03-18,0,0,0,0,0,0,0,0,0,0,0,0,0,0,18,513,1537,2956,4725,8616,11767,10912,9637,10261,9978,11832,14153,14843,15130,15140,15111,14407,13817,14316,12986,8976,5501,2320,378,0,0,0,0,0,0,0,0,0,,
WAI,WAI0331,LODE,te_herenga_o_te_rā_solar_farm,SOL,PV,2026-03-19,0,0,0,0,0,0,0,0,0,0,0,0,0,0,2,419,1259,2391,3738,4897,6672,7563,8105,7640,9140,7665,8401,8680,11364,12971,12733,10828,10145,11029,7156,6197,4318,1795,468,0,0,0,0,0,0,0,0,0,,
WAI,WAI0331,LODE,te_herenga_o_te_rā_solar_farm,SOL,PV,2026-03-20,0,0,0,0,0,0,0,0,0,0,0,0,0,0,10,458,3954,7949,11186,13310,14451,14156,13328,11560,10611,10874,9191,11554,11702,11225,5041,11057,4366,7168,10822,6219,5071,1942,154,0,0,0,0,0,0,0,0,0,,
WAI,WAI0331,LODE,te_herenga_o_te_rā_solar_farm,SOL,PV,2026-03-21,0,0,0,0,0,0,0,0,0,0,0,0,0,0,15,653,1750,5617,11295,14589,14815,13872,10841,13842,12489,12242,12073,14902,15060,11674,15061,12827,7924,3590,3673,2183,1646,607,0,0,0,0,0,0,0,0,0,0,,
WAI,WAI0331,LODE,te_herenga_o_te_rā_solar_farm,SOL,PV,2026-03-22,0,0,0,0,0,0,0,0,0,0,0,0,0,0,0,109,522,1433,2471,3612,5259,7185,6473,7275,8708,8076,10135,10456,9164,4329,3851,2892,3664,3088,1989,1483,1417,413,9,0,0,0,0,0,0,0,0,0,,
WAI,WAI0331,LODE,te_herenga_o_te_rā_solar_farm,SOL,PV,2026-03-23,0,0,0,0,0,0,0,0,0,0,0,0,0,0,54,757,1602,3941,12161,14531,14903,14969,15048,15136,15140,15135,15124,14058,13508,15129,14856,14874,14830,14479,11989,6793,1519,1421,72,0,0,0,0,0,0,0,0,0,,
WAI,WAI0331,LODE,te_herenga_o_te_rā_solar_farm,SOL,PV,2026-03-24,0,0,0,0,0,0,0,0,0,0,0,0,0,0,57,1420,3121,4696,6448,7741,11238,11497,9550,11908,13790,14740,15040,14857,13818,12149,13478,10449,8310,6581,9560,7475,4170,956,41,0,0,0,0,0,0,0,0,0,,
WAI,WAI0331,LODE,te_herenga_o_te_rā_solar_farm,SOL,PV,2026-03-25,0,0,0,0,0,0,0,0,0,0,0,0,0,0,0,291,947,1629,2961,4501,9060,12642,10350,8294,12312,13870,13013,4167,6001,6104,5403,5189,3746,2416,1825,1230,772,663,30,0,0,0,0,0,0,0,0,0,,
WAI,WAI0331,LODE,te_herenga_o_te_rā_solar_farm,SOL,PV,2026-03-26,0,0,0,0,0,0,0,0,0,0,0,0,0,0,0,58,290,577,990,1369,1579,1657,1569,1808,2587,4389,4547,4053,2860,1631,1748,2211,1944,1612,1192,658,434,164,1,0,0,0,0,0,0,0,0,0,,
WAI,WAI0331,LODE,te_herenga_o_te_rā_solar_farm,SOL,PV,2026-03-27,0,0,0,0,0,0,0,0,0,0,0,0,0,0,0,15,459,220,13,3,145,573,2273,1570,1222,1701,2187,4332,3655,2898,2289,1910,1634,1757,969,870,593,99,0,0,0,0,0,0,0,0,0,0,,
WAI,WAI0331,LODE,te_herenga_o_te_rā_solar_farm,SOL,PV,2026-03-28,0,0,0,0,0,0,0,0,0,0,0,0,0,0,0,57,434,634,1638,2321,3739,4963,5069,6059,5465,2962,4748,6066,4551,6758,8806,7141,5544,7970,3771,1994,632,105,0,0,0,0,0,0,0,0,0,0,,
WAI,WAI0331,LODE,te_herenga_o_te_rā_solar_farm,SOL,PV,2026-03-29,0,0,0,0,0,0,0,0,0,0,0,0,0,0,0,191,148,2638,9172,13032,14651,10933,11605,11931,12900,12025,10329,12033,11152,14311,11408,10234,11319,6829,4072,2100,1240,253,0,0,0,0,0,0,0,0,0,0,,
WAI,WAI0331,LODE,te_herenga_o_te_rā_solar_farm,SOL,PV,2026-03-30,0,0,0,0,0,0,0,0,0,0,0,0,0,0,0,4,361,756,689,788,922,4349,14228,14666,10354,8861,11073,9554,7354,10103,9579,7578,10993,12895,10490,6229,1938,720,15,0,0,0,0,0,0,0,0,0,,
WAI,WAI0331,LODE,te_herenga_o_te_rā_solar_farm,SOL,PV,2026-03-31,0,0,0,0,0,0,0,0,0,0,0,0,0,0,5,597,3549,7958,12120,14612,14817,14864,14952,15058,15146,15142,15145,14852,13124,12383,14370,14196,14017,13293,10662,6653,2877,457,6,0,0,0,0,0,0,0,0,0,,
WDV,WDV1101,MERI,te_apiti,Wind,Wind,2026-03-01,0,0,0,0,0,0,0,43,324,565,267,847,945,2272,4982,9240,12385,14852,14108,16277,17057,18283,19595,19340,18841,19348,19025,18305,17510,17619,18298,17548,17570,18244,18778,18869,17762,17487,14661,12071,7444,6680,4780,4199,5223,14181,14372,16315,,
WDV,WDV1101,MERI,te_apiti,Wind,Wind,2026-03-02,16421,17519,17253,14362,12204,7186,7337,7935,5274,24,74,1104,108,399,151,184,246,784,1778,3038,5024,10677,6326,7269,11679,12676,11441,11226,14301,10442,15443,11990,5622,4873,10869,15196,7864,7141,17410,12280,4628,5164,4868,1813,6303,5588,3903,6266,,
WDV,WDV1101,MERI,te_apiti,Wind,Wind,2026-03-03,5344,3661,4243,2027,2460,4900,2062,896,2644,1786,1364,903,185,1090,573,298,0,282,1,7,271,381,632,5074,561,7657,2751,1309,4594,6075,8793,1840,4782,9153,11713,5712,11070,9455,11122,5743,446,1219,5115,5118,1715,549,962,1292,,
WDV,WDV1101,MERI,te_apiti,Wind,Wind,2026-03-04,361,267,385,5,11,14,39,1,2,80,340,89,0,22,14,0,0,0,0,0,0,16,0,0,0,0,0,0,0,0,0,0,0,0,0,0,0,0,314,586,181,313,433,118,39,0,0,14,,
WDV,WDV1101,MERI,te_apiti,Wind,Wind,2026-03-05,0,174,686,1260,967,228,0,0,6,33,520,1282,2275,852,1160,3266,7168,6860,6174,6406,7823,9050,12452,12321,11977,11045,11417,12542,12026,12604,12115,11997,14262,14376,12903,15507,15213,12587,9803,10522,11234,11680,14750,18280,20632,19907,20477,20993,,
WDV,WDV1101,MERI,te_apiti,Wind,Wind,2026-03-06,20308,20773,20447,20949,20648,21034,19802,19309,19241,21450,23210,23886,23349,22673,22897,21686,17276,13497,12198,12307,12851,13070,13207,12758,12692,12464,12115,12133,14247,18880,20491,19443,21119,20238,19854,19435,19354,19034,20024,20815,19949,21079,21395,20219,20119,20345,21188,20869,,
WDV,WDV1101,MERI,te_apiti,Wind,Wind,2026-03-07,20944,21115,20313,20367,21619,21395,20453,20398,21553,21492,21221,20854,19677,17998,17186,16994,14801,14567,13910,11956,10010,8788,7913,7960,8426,8035,7713,6105,6400,5001,4684,4256,2631,1967,522,1,635,1880,2323,563,32,0,0,233,1377,4476,6207,9438,,
WDV,WDV1101,MERI,te_apiti,Wind,Wind,2026-03-08,13491,18097,17374,16379,17851,18506,20300,19935,17565,17234,18222,19621,19847,18321,15536,16382,17717,17245,15479,11410,12531,11323,12873,14940,18495,16471,12610,16347,20567,23203,25178,23935,23425,22985,21208,25642,24197,23427,22280,23324,21890,20683,20932,23270,24861,24221,25721,26453,,
WDV,WDV1101,MERI,te_apiti,Wind,Wind,2026-03-09,25012,24273,22577,22927,24132,23203,23575,21762,21515,20142,18569,19445,19221,16270,15827,11025,10140,7869,7243,8249,9436,8118,6452,5961,3710,2992,3035,3844,5060,2444,248,1327,9223,16086,15864,18656,17959,22182,21922,18539,21277,22694,23335,24935,23501,23634,24228,22468,,
WDV,WDV1101,MERI,te_apiti,Wind,Wind,2026-03-10,21049,21953,22992,20505,23158,23530,20624,19296,19476,18473,17845,16261,17790,18302,20246,22840,20273,17639,15482,14824,14461,16943,18193,17120,18117,18065,18025,20039,18273,18370,19869,20272,20400,18857,19578,18735,20173,19977,18671,17975,21254,19908,21412,22070,21426,20576,21400,20620,,
WDV,WDV1101,MERI,te_apiti,Wind,Wind,2026-03-11,19373,19401,17632,16991,16360,16799,16097,16184,14866,14458,13003,12813,13730,14449,14099,14267,14040,12649,11595,11080,9836,7060,8368,8848,8781,9649,11006,12111,12038,12263,12774,13698,15829,17057,15493,15533,20825,23560,19931,17789,19967,20013,18220,14221,13994,13835,15666,16074,,
WDV,WDV1101,MERI,te_apiti,Wind,Wind,2026-03-12,11530,3920,3771,3924,5330,6545,7689,10193,8153,7074,7904,7786,9242,7849,5042,4481,7408,10987,4834,38,0,0,0,0,0,0,0,18,0,22,295,399,2492,5197,7745,10658,13193,12081,10543,5702,701,26,185,43,0,0,0,0,,
WDV,WDV1101,MERI,te_apiti,Wind,Wind,2026-03-13,0,0,0,0,11,487,324,248,353,174,2,261,261,449,108,24,0,0,0,0,0,0,0,0,0,0,0,0,0,19,176,61,901,2458,2322,4565,3449,1585,3017,4266,2848,3185,3988,3123,2485,1235,1847,2014,,
WDV,WDV1101,MERI,te_apiti,Wind,Wind,2026-03-14,3154,5343,8990,9534,12694,12711,12235,15440,18834,12127,8586,9625,10593,16905,16715,8225,2229,54,978,9284,6965,9031,9184,10002,12408,14296,13567,9866,8202,10382,6439,5414,3993,2110,1144,2026,1443,1187,2915,3906,2043,4467,5680,3834,312,7,810,1940,,
WDV,WDV1101,MERI,te_apiti,Wind,Wind,2026-03-15,361,0,0,0,271,1547,1719,1046,398,712,1277,692,508,120,303,234,2,0,15,72,8,300,509,537,171,56,2,1,3,0,0,0,0,0,0,0,0,0,0,662,5737,7123,8296,7935,5280,1911,356,0,,
WDV,WDV1101,MERI,te_apiti,Wind,Wind,2026-03-16,0,0,0,0,0,0,91,1721,2778,4149,4889,4188,6411,7551,7315,9951,11523,11774,11043,10283,9148,14105,18597,17267,20262,18664,16790,14284,10677,10627,11489,11937,12247,11122,11575,9718,8245,8119,5851,4935,5445,6380,5166,3863,3031,3792,6543,6698,,
WDV,WDV1101,MERI,te_apiti,Wind,Wind,2026-03-17,6108,5862,5430,3447,4025,6018,9390,14451,16205,18010,17945,12737,13783,12304,7369,6021,5026,2800,1581,1192,211,79,0,0,0,0,0,0,0,0,0,3,4,377,1025,1289,1711,4542,6118,6555,6535,3178,182,0,797,3118,1548,1270,,
WDV,WDV1101,MERI,te_apiti,Wind,Wind,2026-03-18,2695,2138,2031,1832,1974,2383,3017,3633,3281,4232,4004,4520,3968,3560,5592,9840,9335,13520,13737,14244,15164,14690,13813,14637,16357,17120,17176,15514,14659,15649,16756,16554,15278,14718,15279,14369,11249,9171,6140,5889,8714,7996,6337,3413,1918,507,0,0,,
WDV,WDV1101,MERI,te_apiti,Wind,Wind,2026-03-19,0,0,85,2229,6652,7938,8395,7082,11921,13899,16144,17992,20343,21904,23386,24098,19511,18628,19648,19335,16159,17263,19459,19978,20329,20746,20680,19059,19179,19635,18489,16385,15608,14429,16178,15660,16862,17729,15501,11670,8741,8401,8071,6181,4338,3812,2117,1597,,
WDV,WDV1101,MERI,te_apiti,Wind,Wind,2026-03-20,1064,652,121,74,21,194,783,2511,3849,5099,5293,4060,4665,2918,2466,1240,525,314,629,2448,2718,3156,3805,3495,2808,2793,215,834,889,901,2242,1292,3430,2547,2315,6433,4274,3668,9440,9886,10464,11177,10882,11381,9569,9090,8186,7000,,
WDV,WDV1101,MERI,te_apiti,Wind,Wind,2026-03-21,7123,6743,5608,4335,4137,4106,3478,3447,2907,3096,3864,3784,3389,3573,2989,3563,3120,2649,2810,1238,10,4,241,448,302,343,702,355,435,14,0,0,0,0,0,0,0,0,0,34,896,2293,3758,3502,2813,3529,3384,3713,,
WDV,WDV1101,MERI,te_apiti,Wind,Wind,2026-03-22,3769,2927,2394,1230,348,0,0,0,0,0,0,0,0,0,0,0,0,0,0,0,0,0,0,0,0,0,0,0,0,0,0,0,0,0,0,0,0,0,0,890,8524,7665,6556,8917,11079,12434,12356,10102,,
WDV,WDV1101,MERI,te_apiti,Wind,Wind,2026-03-23,8815,8461,8330,7850,7177,8279,8468,8801,8204,6881,4657,3803,3057,2977,0,0,0,0,0,0,0,0,0,0,0,0,0,0,0,0,0,0,0,0,0,0,0,0,0,0,0,0,0,0,0,0,0,0,,
WDV,WDV1101,MERI,te_apiti,Wind,Wind,2026-03-24,0,0,0,0,0,0,0,0,0,0,0,0,0,0,0,0,0,0,0,0,0,0,0,0,0,0,0,0,0,0,0,0,0,0,0,0,0,0,0,0,0,0,0,0,0,0,0,0,,
WDV,WDV1101,MERI,te_apiti,Wind,Wind,2026-03-25,0,0,0,0,0,0,0,0,0,0,0,0,0,0,0,0,0,0,0,0,0,0,0,0,0,0,0,0,0,0,0,0,0,0,0,0,0,0,0,0,0,0,0,0,0,0,0,0,,
WDV,WDV1101,MERI,te_apiti,Wind,Wind,2026-03-26,0,0,0,0,0,0,0,0,0,0,0,0,0,0,0,0,0,0,0,0,0,0,0,0,0,0,0,0,0,0,0,0,0,0,0,0,0,0,0,0,0,0,0,0,0,0,0,0,,
WDV,WDV1101,MERI,te_apiti,Wind,Wind,2026-03-27,0,0,0,0,0,0,0,0,0,0,0,0,0,0,0,0,0,0,0,0,0,0,0,0,0,0,0,0,0,0,0,0,0,0,0,0,0,0,371,1140,35,0,0,0,0,0,0,23,,
WDV,WDV1101,MERI,te_apiti,Wind,Wind,2026-03-28,0,0,166,2311,3521,3113,3156,3567,4337,4332,4582,4724,4739,4892,7440,7668,7349,6172,5553,4536,4375,5213,6092,6866,6585,6079,6525,6204,5916,6517,7304,10389,11229,11278,12491,11465,10763,7943,6366,7718,9479,9468,8731,8322,8345,7163,6227,6395,,
WDV,WDV1101,MERI,te_apiti,Wind,Wind,2026-03-29,6905,6231,5714,5648,4155,3988,4249,4587,4642,4605,5406,5623,6201,5703,5800,5693,3824,3657,4840,4631,2492,2117,1193,654,889,1500,2076,4107,4219,4104,3625,4905,3545,3954,2538,1105,1217,980,1996,1808,2345,4195,3579,5910,7608,6942,9298,8808,,
WDV,WDV1101,MERI,te_apiti,Wind,Wind,2026-03-30,7933,6206,2006,821,2007,1368,1543,641,1446,364,1303,1474,2001,2320,2538,6680,7993,7056,5951,2006,4074,5032,4899,6254,4807,5964,6512,8801,10207,11405,10804,11327,12651,13582,14304,13828,14615,11687,12039,12752,15410,17743,17821,17605,18212,18813,16064,16492,,
WDV,WDV1101,MERI,te_apiti,Wind,Wind,2026-03-31,17885,17422,15727,15988,14348,13851,13690,11800,10534,10385,11755,12872,12898,13071,13361,13677,13306,13236,12942,9341,4937,1200,0,24,0,1731,12476,11328,11475,14019,14577,16820,16500,16861,16531,17499,19063,17257,18558,16820,17733,17833,17417,14174,10095,9471,9946,10232,,
WHI,WHI2201,CTCT,whirinaki,Diesel,Thrml,2026-03-01,0,0,0,0,0,0,0,0,0,0,0,0,0,0,0,0,0,0,0,0,0,0,0,0,0,0,0,0,0,0,0,0,0,0,0,0,0,0,0,0,0,0,0,0,0,0,0,0,,
WHI,WHI2201,CTCT,whirinaki,Diesel,Thrml,2026-03-02,0,0,0,0,0,0,0,0,0,0,0,0,0,0,0,0,0,0,0,0,0,0,0,0,0,0,0,0,0,0,0,0,0,0,0,0,0,0,0,0,0,0,0,0,0,0,0,0,,
WHI,WHI2201,CTCT,whirinaki,Diesel,Thrml,2026-03-03,0,0,0,0,0,0,0,0,0,0,0,0,0,0,0,0,0,0,0,0,0,0,0,0,0,0,0,0,0,0,0,0,0,0,0,0,0,0,0,0,0,0,0,0,0,0,0,0,,
WHI,WHI2201,CTCT,whirinaki,Diesel,Thrml,2026-03-04,0,0,0,0,0,0,0,0,0,0,0,0,0,0,0,0,0,0,0,0,0,0,0,0,0,0,0,0,0,0,0,0,0,0,0,0,0,0,0,0,0,0,0,0,0,0,0,0,,
WHI,WHI2201,CTCT,whirinaki,Diesel,Thrml,2026-03-05,0,0,0,0,0,0,0,0,0,0,0,0,0,0,0,0,0,0,0,0,0,0,0,0,0,0,0,0,0,0,0,0,0,0,0,0,0,0,0,0,0,0,0,0,0,0,0,0,,
WHI,WHI2201,CTCT,whirinaki,Diesel,Thrml,2026-03-06,0,0,0,0,0,0,0,0,0,0,0,0,0,0,0,0,0,0,0,0,0,0,0,0,0,0,0,0,0,0,0,0,0,0,0,0,0,0,0,0,0,0,0,0,0,0,0,0,,
WHI,WHI2201,CTCT,whirinaki,Diesel,Thrml,2026-03-07,0,0,0,0,0,0,0,0,0,0,0,0,0,0,0,0,0,0,0,0,0,0,0,0,0,0,0,0,0,0,0,0,0,0,0,0,0,0,0,0,0,0,0,0,0,0,0,0,,
WHI,WHI2201,CTCT,whirinaki,Diesel,Thrml,2026-03-08,0,0,0,0,0,0,0,0,0,0,0,0,0,0,0,0,0,0,0,0,0,0,0,0,0,0,0,0,0,0,0,0,0,0,0,0,0,0,0,0,0,0,0,0,0,0,0,0,,
WHI,WHI2201,CTCT,whirinaki,Diesel,Thrml,2026-03-09,0,0,0,0,0,0,0,0,0,0,0,0,0,0,0,0,0,0,0,0,0,0,0,0,0,0,0,0,0,0,0,0,0,0,0,0,0,0,0,0,0,0,0,0,0,0,0,0,,
WHI,WHI2201,CTCT,whirinaki,Diesel,Thrml,2026-03-10,0,0,0,0,0,0,0,0,0,0,0,0,0,0,0,0,0,0,0,0,0,0,0,0,0,0,0,0,0,0,0,0,0,0,0,0,0,0,0,0,0,0,0,0,0,0,0,0,,
WHI,WHI2201,CTCT,whirinaki,Diesel,Thrml,2026-03-11,0,0,0,0,0,0,0,0,0,0,0,0,0,0,0,0,0,0,0,0,0,0,0,0,0,0,0,0,0,0,0,0,0,0,0,0,0,0,0,0,0,0,0,0,0,0,0,0,,
WHI,WHI2201,CTCT,whirinaki,Diesel,Thrml,2026-03-12,0,0,0,0,0,0,0,0,0,0,0,0,0,0,0,0,0,0,0,0,0,0,0,0,0,0,0,0,0,0,0,0,0,0,0,0,0,0,0,0,0,0,0,0,0,0,0,0,,
WHI,WHI2201,CTCT,whirinaki,Diesel,Thrml,2026-03-13,0,0,0,0,0,0,0,0,0,0,0,0,0,0,0,0,0,0,0,0,0,0,0,0,0,0,0,0,0,0,0,0,0,0,0,0,0,0,0,0,0,0,0,0,0,0,0,0,,
WHI,WHI2201,CTCT,whirinaki,Diesel,Thrml,2026-03-14,0,0,0,0,0,0,0,0,0,0,0,0,0,0,0,0,0,0,0,0,0,0,0,0,0,0,0,0,0,0,0,0,0,0,0,0,0,0,0,0,0,0,0,0,0,0,0,0,,
WHI,WHI2201,CTCT,whirinaki,Diesel,Thrml,2026-03-15,0,0,0,0,0,0,0,0,0,0,0,0,0,0,0,0,0,0,0,0,0,0,0,0,0,0,0,0,0,0,0,0,0,0,0,0,0,0,0,0,0,0,0,0,0,0,0,0,,
WHI,WHI2201,CTCT,whirinaki,Diesel,Thrml,2026-03-16,0,0,0,0,0,0,0,0,0,0,0,0,0,0,0,0,0,0,0,0,0,0,0,0,0,0,0,0,0,0,0,0,0,0,0,0,0,0,0,0,0,0,0,0,0,0,0,0,,
WHI,WHI2201,CTCT,whirinaki,Diesel,Thrml,2026-03-17,0,0,0,0,0,0,0,0,0,0,0,0,0,0,0,0,0,0,0,0,0,0,0,0,0,0,0,0,0,0,0,0,0,0,0,0,0,0,0,0,0,0,0,0,0,0,0,0,,
WHI,WHI2201,CTCT,whirinaki,Diesel,Thrml,2026-03-18,0,0,0,0,0,0,0,0,0,0,0,0,0,0,0,0,0,0,0,0,0,0,0,0,0,0,0,0,0,0,0,0,0,0,0,0,0,0,0,0,0,0,0,0,0,0,0,0,,
WHI,WHI2201,CTCT,whirinaki,Diesel,Thrml,2026-03-19,0,0,0,0,0,0,0,0,0,0,0,0,0,0,0,0,0,0,0,0,0,0,0,0,0,0,0,0,0,0,0,0,0,0,0,0,0,0,0,0,0,0,0,0,0,0,0,0,,
WHI,WHI2201,CTCT,whirinaki,Diesel,Thrml,2026-03-20,0,0,0,0,0,0,0,0,0,0,0,0,0,0,0,0,0,0,0,0,0,0,0,0,0,0,0,0,0,0,0,0,0,0,0,0,0,0,0,0,0,0,0,0,0,0,0,0,,
WHI,WHI2201,CTCT,whirinaki,Diesel,Thrml,2026-03-21,0,0,0,0,0,0,0,0,0,0,0,0,0,0,0,0,0,0,0,0,0,0,0,0,0,0,0,0,0,0,0,0,0,0,0,0,0,0,0,0,0,0,0,0,0,0,0,0,,
WHI,WHI2201,CTCT,whirinaki,Diesel,Thrml,2026-03-22,0,0,0,0,0,0,0,0,0,0,0,0,0,0,0,0,0,0,0,0,0,0,0,0,0,0,0,0,0,0,0,0,0,0,0,0,0,0,0,0,0,0,0,0,0,0,0,0,,
WHI,WHI2201,CTCT,whirinaki,Diesel,Thrml,2026-03-23,0,0,0,0,0,0,0,0,0,0,0,0,0,0,0,0,0,0,0,0,0,0,0,0,0,0,0,0,0,0,0,0,0,0,0,0,0,0,0,0,0,0,0,0,0,0,0,0,,
WHI,WHI2201,CTCT,whirinaki,Diesel,Thrml,2026-03-24,0,0,0,0,0,0,0,0,0,0,0,0,0,0,0,0,0,0,0,0,0,0,0,0,0,0,0,0,0,0,0,0,0,0,0,0,0,0,0,0,0,0,0,0,0,0,0,0,,
WHI,WHI2201,CTCT,whirinaki,Diesel,Thrml,2026-03-25,0,0,0,0,0,0,0,0,0,0,0,0,0,0,0,0,0,0,0,0,0,0,0,0,0,0,0,0,0,0,0,0,0,0,0,0,0,0,0,0,0,0,0,0,0,0,0,0,,
WHI,WHI2201,CTCT,whirinaki,Diesel,Thrml,2026-03-26,0,0,0,0,0,0,0,0,0,0,0,0,0,0,0,0,0,0,0,0,0,0,0,0,0,0,0,0,0,0,0,0,0,0,0,0,0,0,0,0,0,0,0,0,0,0,0,0,,
WHI,WHI2201,CTCT,whirinaki,Diesel,Thrml,2026-03-27,0,0,0,0,0,0,0,0,0,0,0,0,0,0,0,0,0,0,0,0,0,0,0,0,0,0,0,0,0,0,0,0,0,0,0,0,0,0,0,0,0,0,0,0,0,0,0,0,,
WHI,WHI2201,CTCT,whirinaki,Diesel,Thrml,2026-03-28,0,0,0,0,0,0,0,0,0,0,0,0,0,0,0,0,0,0,0,0,0,0,0,0,0,0,0,0,0,0,0,0,0,0,0,0,0,0,0,0,0,0,0,0,0,0,0,0,,
WHI,WHI2201,CTCT,whirinaki,Diesel,Thrml,2026-03-29,0,0,0,0,0,0,0,0,0,0,0,0,0,0,0,0,0,0,0,0,0,0,0,0,0,0,0,0,0,0,0,0,0,0,0,0,0,0,0,0,0,0,0,0,0,0,0,0,,
WHI,WHI2201,CTCT,whirinaki,Diesel,Thrml,2026-03-30,0,0,0,0,0,0,0,0,0,0,0,0,0,0,0,0,0,0,0,0,0,0,0,0,0,0,0,0,0,0,0,0,0,0,0,0,0,0,0,0,0,0,0,0,0,0,0,0,,
WHI,WHI2201,CTCT,whirinaki,Diesel,Thrml,2026-03-31,0,0,0,0,0,0,0,0,0,0,0,0,0,0,0,0,0,0,0,0,0,0,0,0,0,0,0,0,0,0,0,0,0,0,0,0,0,0,0,0,0,0,0,0,0,0,0,0,,
WIL,WIL0331,CKHK,mill_creek,Wind,Wind,2026-03-01,0,0,248,750,1321,1677,2420,2245,2739,4686,5440,5780,10575,12502,11178,9630,16804,21286,22650,25631,22117,20518,21519,20705,18217,13136,10820,9843,9741,8425,6736,4464,3036,1558,2220,1816,232,1629,23226,28617,28948,28870,28898,28831,27627,27730,25984,20168,,
WIL,WIL0331,CKHK,mill_creek,Wind,Wind,2026-03-02,12760,12787,7583,4506,8701,12395,22330,24726,23452,25228,25960,26404,23770,24929,26347,21123,23029,22669,22368,26586,27470,27677,27048,26910,27150,28021,28410,28714,28587,28458,28118,27291,24055,25132,22313,25435,26588,24479,27112,27696,28061,26457,26864,27797,27491,27737,27158,24309,,
WIL,WIL0331,CKHK,mill_creek,Wind,Wind,2026-03-03,24893,23920,20330,25780,22787,19731,22490,20035,24778,23394,15944,22065,24628,25574,22810,25852,23324,24627,25394,24258,19924,22574,22391,20417,20721,20841,21970,19719,21235,19193,18455,18766,23356,22849,21082,22615,24639,24182,22934,24023,24247,24579,22472,22074,25017,23749,20297,21740,,
WIL,WIL0331,CKHK,mill_creek,Wind,Wind,2026-03-04,17369,13886,10943,5398,6847,10923,12602,6922,3869,4619,6873,6067,4636,3730,2685,1731,1913,3087,2777,2991,1832,3201,2105,1242,701,87,0,0,0,0,0,12,90,597,1181,1437,1116,970,1737,2312,2366,2171,1344,1405,1893,2695,2494,3129,,
WIL,WIL0331,CKHK,mill_creek,Wind,Wind,2026-03-05,3111,3202,3221,3814,4531,5415,6920,6773,7615,7484,9787,10955,13757,15707,15811,17045,17392,16419,15112,19036,21793,25061,25099,23630,23329,25874,27371,27092,26696,26876,26315,26215,27418,28139,27111,27919,27755,27993,28508,28918,28870,26812,25804,26643,25956,25475,26183,25542,,
WIL,WIL0331,CKHK,mill_creek,Wind,Wind,2026-03-06,27200,27795,28715,29082,28923,28982,28853,28865,28812,28715,28625,28897,28871,28563,28265,28895,28844,28969,28776,28962,28717,28555,28546,28646,28482,28642,28744,28580,28583,28532,28634,28560,28546,28593,28489,28444,28370,28334,28347,28106,27772,27087,26924,27354,27634,27557,28382,28241,,
WIL,WIL0331,CKHK,mill_creek,Wind,Wind,2026-03-07,27570,26640,26801,26884,22388,18931,14553,13866,14794,15775,13859,16227,16293,16661,17312,17036,17069,16110,14515,13610,11957,10617,9499,8448,9284,7262,6448,6827,5613,6490,8761,14213,18900,20424,20406,17287,16249,13381,16125,13485,12773,12601,14932,16515,16718,19099,21438,24390,,
WIL,WIL0331,CKHK,mill_creek,Wind,Wind,2026-03-08,26527,28148,27105,25994,25166,24538,24771,25840,25072,25297,27160,26541,27039,27357,27056,27663,27632,26711,27400,27239,26989,25910,26228,27993,28456,28926,28930,28841,28826,28928,28888,28938,29024,28899,28796,28592,28483,28396,28473,27736,27262,28396,27800,27404,26614,26564,27299,27032,,
WIL,WIL0331,CKHK,mill_creek,Wind,Wind,2026-03-09,26239,25219,23504,20285,18408,11093,10274,9357,6325,1861,110,0,622,809,1388,1284,1595,2083,1784,1173,1249,1726,2531,3260,4095,6453,14621,23832,25827,26279,25554,24006,24987,25630,23959,24601,26160,26429,25694,25887,25975,26410,24721,21555,15162,13962,13203,16632,,
WIL,WIL0331,CKHK,mill_creek,Wind,Wind,2026-03-10,13706,13896,16385,14034,14357,13857,13300,11706,11525,11714,10831,9574,10501,11920,11120,10543,13697,12897,12424,12723,12432,13291,12634,11393,8985,6923,7155,7293,7721,8456,10212,11202,11637,11454,10527,12290,14247,11748,8442,5037,4766,4687,3642,1698,1705,1296,1272,1297,,
WIL,WIL0331,CKHK,mill_creek,Wind,Wind,2026-03-11,1896,1863,1839,2398,3970,2515,1985,1945,1957,2484,1548,821,2314,3722,3618,1493,621,253,67,0,0,0,0,0,0,0,0,200,683,620,317,3,217,37,216,0,0,0,0,0,0,48,95,220,198,79,659,1055,,
WIL,WIL0331,CKHK,mill_creek,Wind,Wind,2026-03-12,660,2,0,0,0,0,0,0,11,0,0,0,89,339,2460,2772,3705,1984,3629,7596,12662,12976,18082,18757,16831,15159,13070,11875,11105,11035,9302,8730,10195,9387,7257,5222,4191,5238,7834,9615,13461,16988,13864,10691,7179,6799,7038,8219,,
WIL,WIL0331,CKHK,mill_creek,Wind,Wind,2026-03-13,7719,7536,5544,3947,4729,4552,8673,13808,12262,15419,11511,9347,10327,12990,8596,7120,8265,13658,14214,19196,21542,19806,17908,19347,21649,19680,16542,12717,18072,20341,20994,25420,22248,23092,25672,26473,23366,19737,14113,11362,13972,14817,15165,12627,13319,9777,8602,7696,,
WIL,WIL0331,CKHK,mill_creek,Wind,Wind,2026-03-14,7103,4810,828,31,2021,4521,10974,13838,16452,15925,19161,20343,19253,20247,20963,18118,19341,23169,21916,18024,15274,13711,11806,15834,15259,14779,12624,9303,7952,7800,6415,3195,1337,788,89,0,0,0,0,0,0,0,0,0,0,0,2,9,,
WIL,WIL0331,CKHK,mill_creek,Wind,Wind,2026-03-15,323,747,976,1556,2260,3429,3904,4488,5564,7379,8197,9850,10060,11106,12648,10236,7944,6658,6173,4710,2818,2137,1467,1205,576,176,286,92,92,358,341,271,45,0,0,0,7,29,0,0,0,0,0,0,238,522,0,20,,
WIL,WIL0331,CKHK,mill_creek,Wind,Wind,2026-03-16,21,158,608,1583,2256,2828,3563,5905,8187,9305,14204,20168,20778,20673,21419,24631,24440,22129,18560,18601,16504,17343,12607,12251,13038,12120,15005,16083,15731,17249,18169,17287,11510,13060,12183,8299,7677,3663,3080,5127,10010,7845,9462,12915,17447,16868,16309,13807,,
WIL,WIL0331,CKHK,mill_creek,Wind,Wind,2026-03-17,11872,10732,10696,9899,9286,8240,6924,6827,3141,3807,3897,4216,2935,2436,1436,1032,317,1047,965,536,820,1168,348,288,95,264,209,151,31,0,0,5,0,44,303,319,963,1610,2735,2843,2650,2144,1954,1449,1614,2813,3975,6024,,
WIL,WIL0331,CKHK,mill_creek,Wind,Wind,2026-03-18,9999,10871,12961,15298,17191,18290,18040,19573,19121,22947,24951,26905,26834,27637,28054,26794,25552,24395,22729,24423,26606,25885,26029,24396,25394,26410,28519,28144,28779,28965,28953,28301,27106,25148,23064,14592,11496,5602,2068,405,58,6411,10661,21052,25618,27726,28524,28137,,
WIL,WIL0331,CKHK,mill_creek,Wind,Wind,2026-03-19,28040,27758,26715,24363,23195,23679,20259,17876,15033,17332,18395,18121,18939,19953,17976,18234,18234,18972,18820,18675,17567,15702,14858,14459,16036,14917,16367,13884,13374,15055,16249,14732,14747,12763,9769,6759,5376,6352,5806,4404,3403,3281,2839,1467,1423,1862,1985,1247,,
WIL,WIL0331,CKHK,mill_creek,Wind,Wind,2026-03-20,2281,2763,3460,4245,4620,4960,6720,7249,6597,5954,6064,9017,10824,10445,9479,8305,13125,15718,13343,12738,12033,6125,13469,15126,18238,15132,16932,17376,15824,13239,18148,17948,17812,16918,16958,18162,18647,16186,14512,15448,14178,14123,14317,10891,6616,6446,6426,9574,,
WIL,WIL0331,CKHK,mill_creek,Wind,Wind,2026-03-21,7640,5750,4794,4759,4360,4374,3629,9104,8162,5158,3317,4386,2984,1519,858,357,360,456,500,531,939,1715,1633,1522,1303,894,1744,1890,1753,1836,1497,1337,1098,1130,1398,1280,940,811,812,1356,758,330,11,2,0,0,0,0,,
WIL,WIL0331,CKHK,mill_creek,Wind,Wind,2026-03-22,0,0,0,0,0,0,0,0,0,0,0,0,152,688,1575,1688,1485,1619,1323,1089,1302,1012,88,2,87,358,140,383,255,0,0,0,0,0,0,0,0,0,0,0,0,0,0,0,1,170,405,774,,
WIL,WIL0331,CKHK,mill_creek,Wind,Wind,2026-03-23,1105,967,760,936,934,747,77,1,0,4,165,171,507,985,978,812,976,531,254,81,85,0,0,0,0,0,0,0,0,36,2,0,0,0,0,0,0,0,0,0,0,0,0,0,0,0,0,2,,
WIL,WIL0331,CKHK,mill_creek,Wind,Wind,2026-03-24,388,1660,1336,1657,2710,2581,1399,1564,1806,3622,6987,12150,15704,17206,21561,20199,20143,17673,14859,13980,13659,12030,13797,14669,12333,9768,10155,13961,16489,16633,17855,18835,16244,14130,11972,10801,10595,9127,9850,9737,8376,7131,5952,6821,8072,7858,9426,10986,,
WIL,WIL0331,CKHK,mill_creek,Wind,Wind,2026-03-25,12419,12797,12393,12697,10305,8829,8114,7822,5649,5249,4896,4649,5928,4901,3178,1325,492,9,0,0,0,0,331,1722,1776,2108,2663,4962,8671,9615,10122,10688,11392,13455,16439,17052,15300,15422,16672,18758,19625,12543,12846,10825,10176,9940,8753,5273,,
WIL,WIL0331,CKHK,mill_creek,Wind,Wind,2026-03-26,4514,3315,3420,2357,2525,2015,1931,2612,3518,2883,2357,2138,3296,3663,4996,10848,7779,6431,6129,7812,8240,11236,10495,8588,7920,10442,6429,5631,4611,3712,2854,4348,3305,2884,3782,4997,4612,3382,3154,5156,5251,5207,3863,2290,1580,1718,1661,2509,,
WIL,WIL0331,CKHK,mill_creek,Wind,Wind,2026-03-27,3354,2871,2487,3101,3062,2828,2698,1360,1621,1182,607,868,933,613,213,1427,1763,4209,8442,19855,19634,19858,16028,24211,25510,22932,20247,18796,20278,22257,22092,20009,21509,23533,18914,18449,23774,26979,26248,25998,25747,23049,20435,22930,26313,27009,27174,27052,,
WIL,WIL0331,CKHK,mill_creek,Wind,Wind,2026-03-28,26358,25706,26615,26650,27106,26270,25720,25322,26024,26115,26733,26086,26194,26291,26437,26034,26162,28331,26793,26766,25917,25861,26065,24049,21997,22294,23554,21807,20012,19329,19143,18830,19546,15296,14305,13537,12911,10996,9683,8756,6335,5636,5693,5733,7689,6728,6805,7847,,
WIL,WIL0331,CKHK,mill_creek,Wind,Wind,2026-03-29,7998,7660,8784,9171,9332,9307,9356,9710,11918,12138,11781,9622,9977,8518,9125,9349,9966,11231,11174,12413,12557,12528,14186,14397,16622,15795,19764,22809,19512,24234,20848,19359,19399,21418,19040,16272,16648,21809,19471,21019,17255,18015,22046,24489,24803,23053,23581,23121,,
WIL,WIL0331,CKHK,mill_creek,Wind,Wind,2026-03-30,24608,22105,19632,14691,18152,21975,17230,8470,12577,13423,19899,13429,11715,10022,18791,16478,13420,17113,14294,16081,15177,9546,12413,13121,12165,9118,11189,8667,3673,3028,3286,3350,1794,759,0,0,846,2819,4127,3737,3153,6945,11384,13399,11365,11374,15526,16747,,
WIL,WIL0331,CKHK,mill_creek,Wind,Wind,2026-03-31,15966,11021,6161,301,0,2,553,4,38,119,840,2158,947,0,0,1768,4800,5791,9923,11381,18952,24255,24645,23506,23404,25334,25377,22903,21870,22891,23730,24382,24073,22533,20995,22648,23778,24551,21838,20299,18025,16683,15718,12115,10413,7207,5242,2849,,
WKM,WKM2201,MRPL,whakamaru,Hydro,Hydro,2026-03-01,30580,30630,15560,15340,15330,15310,15370,15310,14840,15360,15430,15330,15410,15370,27520,28120,22840,26760,24990,23610,22900,17850,14780,14900,14030,13130,12980,14830,12040,13500,13250,12700,14540,15350,25850,30680,39750,42800,45030,45910,45860,45920,43120,30780,17860,7360,14870,14980,,
WKM,WKM2201,MRPL,whakamaru,Hydro,Hydro,2026-03-02,15180,170,0,0,0,0,0,0,2420,15010,22590,29810,30880,30080,39960,56890,45560,46100,46120,46250,45260,43370,42590,43140,41310,30620,29440,25690,27930,30490,29510,26540,30500,30580,30630,30430,42210,42750,43030,40040,37080,36930,31640,27770,29100,30420,24950,26080,,
WKM,WKM2201,MRPL,whakamaru,Hydro,Hydro,2026-03-03,23830,23690,23840,24210,22020,21840,21710,21650,21690,21800,21740,28230,44430,45670,45800,45660,45460,45620,45860,45960,45890,45340,44180,37940,36060,39970,34540,40740,39820,36740,37740,35580,35650,35310,36740,38350,38570,42960,43740,44330,44360,44420,43910,36810,34130,32830,22890,19360,,
WKM,WKM2201,MRPL,whakamaru,Hydro,Hydro,2026-03-04,11380,11400,11380,11380,11420,11400,11400,11410,11410,11380,12100,28010,30640,38030,45880,45940,45740,45960,46000,46080,43580,45720,45960,44720,44370,42830,42970,43960,41510,41490,41510,39710,44930,45950,45990,44500,44430,45900,45880,45830,45870,45880,46490,42900,36990,29910,31170,30990,,
WKM,WKM2201,MRPL,whakamaru,Hydro,Hydro,2026-03-05,29280,25230,15320,15360,15340,15350,13740,13350,13900,15320,21200,29380,40200,44510,45970,46020,45910,45780,45540,46140,45920,42950,41310,36170,30370,31720,40420,29250,30630,30720,29760,28130,33630,37090,41520,42990,45760,35980,34470,40180,37730,39200,40090,26620,29730,13320,14840,12270,,
WKM,WKM2201,MRPL,whakamaru,Hydro,Hydro,2026-03-06,15000,14500,12950,13740,14040,13450,12360,50,0,3760,14050,13890,18800,29550,40030,45470,45120,30440,37260,34110,40060,15470,23820,15410,14990,15330,14830,14940,19500,10110,1200,23900,30330,39200,45880,45950,45770,40300,28870,29590,28710,28610,28590,28600,27170,14330,15380,14760,,
WKM,WKM2201,MRPL,whakamaru,Hydro,Hydro,2026-03-07,14520,13230,13560,12480,14170,14610,15340,13650,14850,13960,1450,0,8080,14820,28720,30580,30640,30580,30620,30660,28130,30520,36050,35920,36110,41850,38530,35610,29670,26160,30530,32870,39950,43820,43870,45930,45830,45720,44550,44410,44530,45800,44220,29810,24960,13200,15410,15360,,
WKM,WKM2201,MRPL,whakamaru,Hydro,Hydro,2026-03-08,15200,8390,0,0,0,0,13010,14390,12930,15260,13960,12240,15360,18470,30700,30110,29900,38840,42870,42840,39950,34080,35210,29190,29780,29950,26510,25790,25080,27970,25740,27770,14410,19060,30510,39470,45700,44460,42960,42410,41440,43770,43600,28310,30600,30540,30660,26770,,
WKM,WKM2201,MRPL,whakamaru,Hydro,Hydro,2026-03-09,27680,20930,14330,15340,15330,14580,2500,0,0,0,9620,26320,30680,40930,46430,46250,46630,46700,46710,46690,46600,46640,46660,46690,46640,46620,46610,46670,46830,46800,46560,46600,46570,46680,46730,46590,46670,46700,46630,46560,46650,46530,46670,46590,46810,45030,41430,40940,,
WKM,WKM2201,MRPL,whakamaru,Hydro,Hydro,2026-03-10,43530,41300,29890,20670,14940,14070,14720,13880,12750,15340,15380,21360,38120,44280,44220,45840,42930,43670,43280,45230,45010,43450,44660,43340,44770,43460,41280,42700,43060,43880,43430,44180,44120,43260,45440,45840,45870,43010,39930,44440,46210,43470,42700,40420,38510,37050,30950,27910,,
WKM,WKM2201,MRPL,whakamaru,Hydro,Hydro,2026-03-11,24980,26670,23190,20340,15600,15590,15000,13730,14430,15180,22920,28580,29330,43290,43050,42800,42880,43240,45140,43820,43060,42990,44450,44430,45720,45910,45940,44980,40690,45840,43130,45880,45870,46070,45920,45780,45860,44760,44100,42960,42750,44580,46730,44030,41620,37070,39220,24960,,
WKM,WKM2201,MRPL,whakamaru,Hydro,Hydro,2026-03-12,23940,26460,27610,24800,24470,26400,22800,22720,15370,15390,25280,28300,27880,36060,45790,45900,44960,44500,44380,43540,42810,45430,46020,45870,45900,45880,45800,46120,45950,45790,45940,46010,45900,46070,45740,45880,45830,45960,45350,44890,45810,44540,45300,45130,35190,30500,30620,30020,,
WKM,WKM2201,MRPL,whakamaru,Hydro,Hydro,2026-03-13,30530,30660,30220,30640,29650,30620,20210,15420,15380,15340,29260,30620,44170,45180,45900,45780,45800,45880,45870,45830,45890,46000,45940,45970,45880,45850,45890,45880,45900,45950,45940,45890,45870,45850,45820,45950,45940,45840,44720,45550,45940,45860,46030,45900,45980,45830,44490,35300,,
WKM,WKM2201,MRPL,whakamaru,Hydro,Hydro,2026-03-14,30630,30300,30290,29950,15440,16170,15280,7500,11290,14990,14920,14710,26730,30240,35020,45700,46070,45780,45780,46020,46000,40370,38040,30300,27420,26300,29060,26680,30280,30610,29270,26460,27510,30760,29370,37350,43710,42950,42880,43090,44360,44440,44480,45500,35730,35500,23430,22730,,
WKM,WKM2201,MRPL,whakamaru,Hydro,Hydro,2026-03-15,22800,22700,22660,22710,22730,22720,20890,11420,12670,12070,11480,12680,15400,15360,17860,27410,30630,30680,30610,29000,23270,21780,21740,24140,27050,24060,15380,15380,8450,0,0,1020,28030,43670,45540,45930,45870,45880,45960,45960,45880,45960,46000,36020,30650,27800,27760,24800,,
WKM,WKM2201,MRPL,whakamaru,Hydro,Hydro,2026-03-16,23770,15100,14880,14850,14880,14840,14880,14870,14900,14880,14870,20110,29610,39780,42780,45500,45920,45960,44540,44390,45570,42180,35370,30610,29340,28730,29760,30120,30030,29210,29270,27630,29730,29410,30760,30600,29510,28470,28580,28730,30580,30700,30690,30660,30640,30620,26350,26230,,
WKM,WKM2201,MRPL,whakamaru,Hydro,Hydro,2026-03-17,26150,26180,14570,14380,14390,11000,10910,10940,10930,15340,24930,30950,42920,46070,45920,45890,45890,46010,46140,44720,44940,45850,46010,45560,40560,30560,30650,30670,30680,30640,30420,43650,45820,45830,45890,46030,45750,45860,45990,45880,45950,45920,45950,39980,39990,41230,34240,16290,,
WKM,WKM2201,MRPL,whakamaru,Hydro,Hydro,2026-03-18,4410,0,0,0,0,0,0,0,0,0,0,10740,23830,36920,45880,44850,45920,45840,45190,45490,45180,46050,46040,45890,45880,43580,44950,45690,44950,42240,44330,44060,45670,45900,45860,45930,45970,45920,45940,45790,45900,45940,46040,44900,44820,42950,42360,38420,,
WKM,WKM2201,MRPL,whakamaru,Hydro,Hydro,2026-03-19,29660,27870,30490,27610,29060,21340,14240,13350,14600,14640,15340,15330,23340,40670,44820,44090,44280,45690,46010,45880,45990,45970,45990,45220,45870,31430,30730,30680,30630,28470,38710,45140,45380,44670,44080,46040,45810,45870,45940,45960,45890,43780,45080,40930,30560,30060,25230,15850,,
WKM,WKM2201,MRPL,whakamaru,Hydro,Hydro,2026-03-20,15480,15030,15300,10560,14820,14400,15320,13820,15370,15060,15360,15330,29310,30520,29530,44110,45950,45910,45880,45850,42100,39830,43650,43970,44330,37670,30560,30370,30650,27700,27650,29140,30400,41420,44700,46160,45930,45740,42930,42930,45170,45690,37570,25820,29680,30570,30670,20750,,
WKM,WKM2201,MRPL,whakamaru,Hydro,Hydro,2026-03-21,15170,15390,15320,12350,13790,12590,11900,9920,10950,13900,12100,11910,11930,15300,29000,30640,29370,26200,30460,30610,30650,27070,26030,14410,15340,28940,30620,30660,30660,30710,30620,30580,30640,33540,40160,43000,41540,41390,38550,38610,42940,38880,44280,45890,45500,42870,29630,24910,,
WKM,WKM2201,MRPL,whakamaru,Hydro,Hydro,2026-03-22,28000,29570,16370,14870,14860,14850,12700,0,0,0,0,3520,22630,27200,30590,30620,29640,30620,30670,30590,30630,30670,30850,30460,30050,30630,30290,30020,30170,29670,29770,30600,30620,43080,44970,44540,42970,45920,45900,45900,44130,30160,30170,29610,22420,20000,25850,16970,,
WKM,WKM2201,MRPL,whakamaru,Hydro,Hydro,2026-03-23,13230,14110,15340,15350,14100,13500,12870,14250,14900,13590,14270,22320,28190,30390,44230,44890,45760,46010,35750,30660,30560,30000,30510,30070,30460,30410,30580,35280,30910,30260,33000,35150,44740,43020,44040,44520,44910,45850,45930,46470,44430,43850,34190,29530,30270,25960,23380,17740,,
WKM,WKM2201,MRPL,whakamaru,Hydro,Hydro,2026-03-24,11230,14960,14890,15360,15360,14850,13490,10410,13730,12560,15040,15490,23960,30780,30670,42920,45580,45410,44040,44200,44090,44510,44300,44450,42350,42360,43830,42160,43630,41510,34500,26990,30130,30400,30410,30000,30720,30790,30660,30690,30690,30700,30710,30600,30650,30670,30710,29580,,
WKM,WKM2201,MRPL,whakamaru,Hydro,Hydro,2026-03-25,30090,30310,30550,29320,22690,15360,14990,14590,15150,15190,15070,21460,29740,31790,43950,42870,42860,42940,45240,45350,41500,41540,32860,32490,45610,45870,45510,46010,42980,43090,42430,45400,46150,45560,43380,44470,44140,43500,37910,30620,30670,27700,27810,28140,27690,15660,15390,14030,,
WKM,WKM2201,MRPL,whakamaru,Hydro,Hydro,2026-03-26,13580,0,0,0,0,0,0,0,0,0,0,0,5580,18280,29310,30130,30170,30040,30650,30590,30660,29980,27760,27590,27670,29930,30640,30100,30620,30680,30810,36130,43570,43780,45850,45910,42730,43490,45890,46020,45870,43950,28570,25800,29960,27020,21610,15420,,
WKM,WKM2201,MRPL,whakamaru,Hydro,Hydro,2026-03-27,13180,10090,0,0,4440,12410,11680,12060,11460,11410,13250,13140,18700,28450,24920,28470,30660,30590,30700,30750,30560,30680,31930,31770,29500,32040,31720,31070,30870,31770,31710,44150,57560,57300,57190,56130,45820,44480,44530,45760,45070,33660,30440,30160,30580,30510,29240,26690,,
WKM,WKM2201,MRPL,whakamaru,Hydro,Hydro,2026-03-28,19400,12870,11420,11840,12290,6250,0,0,0,0,0,0,0,1340,15370,18440,29940,30530,43310,43000,44350,30500,29580,29780,29970,29940,30070,29970,29630,15530,15140,15170,24000,29840,36340,45930,45810,45830,44720,45830,41600,37050,30210,28370,26180,26160,20190,12400,,
WKM,WKM2201,MRPL,whakamaru,Hydro,Hydro,2026-03-29,10910,400,0,0,0,0,0,0,0,0,0,7560,12420,14720,15330,15390,21080,30560,30710,30670,30640,30640,35400,44970,43800,44310,43490,45950,43530,35080,30630,30650,44080,45900,46140,45600,45880,43770,27990,27530,27700,27730,29500,26170,19620,13970,12370,10960,,
WKM,WKM2201,MRPL,whakamaru,Hydro,Hydro,2026-03-30,10940,10910,10870,10890,10890,10900,12150,10910,10900,11310,6000,0,0,9310,25160,29690,30990,31110,38600,42090,45730,46300,45140,43780,39530,33590,24970,24730,22260,15120,21470,26510,35390,34430,36690,41120,34740,36020,36940,38290,40010,32620,25690,26700,30430,28690,19840,13800,,
WKM,WKM2201,MRPL,whakamaru,Hydro,Hydro,2026-03-31,470,0,0,0,0,0,0,0,0,0,0,0,0,4950,16910,24780,30390,29810,43520,58260,55140,50260,49300,37750,35480,25300,25620,21490,15610,15630,15360,16900,28960,29350,28200,27530,26530,31080,31070,31110,31140,30280,30770,30530,30630,30640,30660,28740,,
WKM,WKM2201,TUAR,mokai,Geo,Geo,2026-03-01,40213,40977,41631,41383,41205,41559,41736,41712,41832,41689,40711,40607,40108,39896,39810,40013,40391,40378,40223,40257,40073,39509,38516,38054,37933,39098,38325,37400,36949,36589,36112,36917,37477,37275,36596,36473,37149,37599,37896,38509,38744,39170,39338,40583,41279,40995,41815,41868,,
WKM,WKM2201,TUAR,mokai,Geo,Geo,2026-03-02,41744,42003,42483,42678,43345,43566,43770,43935,43499,43726,42404,41329,40131,40427,40718,40849,41358,41661,42026,41800,41279,40351,39829,39596,39560,39781,39390,39255,38783,38014,37807,37716,37960,38290,38579,39324,39596,40009,40512,41168,41947,42634,42840,44150,45027,45286,46042,46270,,
WKM,WKM2201,TUAR,mokai,Geo,Geo,2026-03-03,46484,46076,45563,46232,45881,45553,45318,44936,44603,43792,43500,42993,42804,42945,42168,39046,38341,38274,38188,38489,38711,38926,38766,38528,38240,38207,38479,38525,38311,37699,37255,36904,36827,36930,37520,37781,37989,38167,39023,39449,39656,39965,39913,40223,40647,40433,41219,41546,,
WKM,WKM2201,TUAR,mokai,Geo,Geo,2026-03-04,41321,40855,41098,41883,41837,41311,41708,40572,40715,40538,39452,38593,38214,38128,38309,37930,37737,37039,36860,36682,37160,37336,37429,37415,37218,36456,36262,36756,36484,35480,35338,34823,34571,34865,34664,35497,36093,36480,37437,37937,38592,38466,38994,39421,39211,39117,38945,39157,,
WKM,WKM2201,TUAR,mokai,Geo,Geo,2026-03-05,39389,39950,40505,40792,40850,40782,40929,41051,41228,41033,40311,39457,38756,38822,38598,38597,38950,38609,38138,37697,37634,37799,37782,37664,37315,37088,37338,36944,36332,35708,35477,35374,35266,34885,35204,35402,35813,36428,36837,37535,37783,38266,38650,39121,39722,39900,39767,39633,,
WKM,WKM2201,TUAR,mokai,Geo,Geo,2026-03-06,39557,39996,40229,40420,40428,40587,40582,40551,40456,40333,39749,39069,38244,37683,37190,36973,37041,37291,36902,36827,36641,36161,35688,35382,35586,35669,35206,34881,36228,37535,37203,37005,37087,36659,36203,36293,36658,37236,38148,38770,38984,39088,39503,40405,41043,41957,42346,42470,,
WKM,WKM2201,TUAR,mokai,Geo,Geo,2026-03-07,42392,42520,42286,42631,42972,43010,43027,42623,42570,42374,41667,41091,40911,41499,41149,41099,40863,40545,40457,40351,40113,39644,38968,39607,38895,39689,39338,39290,38600,38350,37767,37353,36888,36993,37496,37511,37359,38011,39404,40557,40420,40307,40498,41165,41578,41739,41831,41479,,
WKM,WKM2201,TUAR,mokai,Geo,Geo,2026-03-08,41513,41412,41420,41821,42053,42321,42466,42328,42005,41407,40347,39638,39802,39591,39558,39177,38899,38930,38852,38822,38748,39034,39024,38810,39204,39168,38745,38715,38024,37492,37270,37173,37412,37220,37285,37150,37613,38487,38356,38541,38713,38882,39334,39934,40271,40952,41958,42228,,
WKM,WKM2201,TUAR,mokai,Geo,Geo,2026-03-09,41982,42092,41666,41419,41427,41789,42723,43200,42869,41564,40862,39110,39040,39640,39274,39462,39599,39511,40420,40469,40579,40545,39992,39500,39785,40310,40213,40578,39198,38848,38128,37727,37676,37933,38289,38820,39070,39015,39312,39784,40407,41986,42247,42911,43130,43557,43719,42969,,
WKM,WKM2201,TUAR,mokai,Geo,Geo,2026-03-10,43240,43417,43575,43764,43789,43827,44276,44472,44516,44399,43219,42146,41017,40630,39469,39062,38927,38870,38548,38601,38323,38258,38140,38339,38091,38088,37792,37773,37458,37247,36392,36657,36480,36499,37134,37267,37964,38591,38961,39486,39713,39826,40168,40830,40930,41039,40987,41352,,
WKM,WKM2201,TUAR,mokai,Geo,Geo,2026-03-11,41751,42295,42535,42686,42685,42358,42286,42545,42371,42023,41290,40638,39850,39221,38646,38581,38719,39159,39278,38927,38790,38768,38839,39039,38713,38376,38111,37409,37747,37793,37283,37287,37279,36690,37237,39886,40175,41453,41861,42060,41918,42115,42266,42979,43434,43548,43884,44000,,
WKM,WKM2201,TUAR,mokai,Geo,Geo,2026-03-12,43851,44080,43762,43989,43867,43595,43569,43669,43852,43461,43215,42864,42053,41703,41432,41698,41432,41518,41709,41087,40246,39924,39381,38703,39102,38650,38241,37536,36929,36525,36347,36281,36203,36274,36665,36680,37021,37622,37774,37937,38198,38350,38411,38896,39153,39116,39330,39157,,
WKM,WKM2201,TUAR,mokai,Geo,Geo,2026-03-13,38954,39050,39520,39182,39154,38831,38592,38823,38707,38407,37749,36833,36300,36254,36717,37223,38473,38748,38555,37751,37745,37696,37691,37655,37341,36717,36453,36141,35310,36165,35353,34764,34759,34915,35517,36239,36369,36471,36973,37162,37009,37183,36639,36750,36632,36879,36765,37045,,
WKM,WKM2201,TUAR,mokai,Geo,Geo,2026-03-14,37306,37207,37983,38139,38183,38379,38741,38601,38481,37956,38330,37922,37260,36343,36455,37003,36917,36565,36071,35618,36090,36044,36217,36486,36716,36501,36330,36150,36089,36680,36503,36141,36200,36518,37179,37474,37652,38005,39469,40961,41647,41946,42442,42597,42647,42379,42592,42509,,
WKM,WKM2201,TUAR,mokai,Geo,Geo,2026-03-15,42440,42821,42871,42540,42814,42302,41728,41859,42113,42072,41283,40570,40234,40898,41153,41352,41991,41510,41020,40425,40190,40466,40804,40798,40630,40580,39639,39047,39015,38222,37821,37732,37672,37814,37901,37875,37278,37846,38304,39154,39694,40195,41010,41604,41606,41675,41780,41976,,
WKM,WKM2201,TUAR,mokai,Geo,Geo,2026-03-16,42788,43102,43522,43327,43410,43583,43775,43761,43687,43379,42761,42069,41358,41144,41352,41404,41072,40906,40612,40180,39651,39556,39823,39627,39624,39549,39264,39197,38961,39287,38938,38519,38968,38708,38937,39509,39750,39790,40607,41051,42067,42595,42930,43292,43533,43723,43867,43752,,
WKM,WKM2201,TUAR,mokai,Geo,Geo,2026-03-17,43875,43971,44306,44314,44109,43812,44006,44030,44040,43617,43056,42184,41591,41176,38408,38888,38772,38506,38129,37189,36698,37718,37532,37299,36232,36824,36761,36444,36636,36450,36365,35524,34744,34576,35097,35123,35545,36069,36567,37508,38301,38729,38849,38307,38318,38103,38468,39243,,
WKM,WKM2201,TUAR,mokai,Geo,Geo,2026-03-18,39754,40054,40343,40522,40290,40218,40063,40156,40168,39975,39434,38823,37950,37508,37300,37569,37615,37316,37373,37484,37196,36429,36132,36392,35958,35281,36039,35968,36024,35413,34900,34359,34775,35302,35382,35028,34883,35483,35999,36406,36885,37419,37777,38436,39049,39198,39023,38923,,
WKM,WKM2201,TUAR,mokai,Geo,Geo,2026-03-19,38704,38952,38789,38490,38243,37805,36884,36900,36914,36831,35898,35379,34681,34035,33899,34371,34784,35459,35451,34805,34281,34464,35086,35134,35320,35418,35011,34732,34100,33043,32835,33057,32934,33142,33543,35019,35500,35826,35747,35306,35859,36066,36311,37073,37411,38022,38463,38590,,
WKM,WKM2201,TUAR,mokai,Geo,Geo,2026-03-20,38550,38366,38668,39216,39108,39055,38831,39005,39320,39652,39540,39532,38370,37022,36397,36922,36911,36395,35975,36390,36568,36596,36389,36601,36346,35550,35625,35340,34800,34300,34241,33914,33900,33867,33934,33914,34310,34905,35454,36107,36682,36977,37130,37438,37536,37991,38128,38216,,
WKM,WKM2201,TUAR,mokai,Geo,Geo,2026-03-21,38310,38315,37571,37533,37652,37710,37787,37958,38122,38167,37723,37092,36486,36511,36620,36130,36178,36527,36673,36556,36419,36369,36437,36465,36312,35503,35518,35798,35236,35638,34629,34337,34339,34710,35663,35417,35003,35190,35656,36452,36820,37060,36797,37445,37527,37777,37865,37894,,
WKM,WKM2201,TUAR,mokai,Geo,Geo,2026-03-22,37899,38312,38696,38302,38138,38333,38524,38679,38707,38407,37979,37177,36459,35732,36457,36633,36782,37049,37151,36925,36352,36184,35782,34754,34849,35064,34919,35137,35297,34690,34127,32974,32883,33269,33700,34365,34420,35479,36585,37307,38120,38521,39214,39638,39973,39765,39218,39000,,
WKM,WKM2201,TUAR,mokai,Geo,Geo,2026-03-23,39168,39331,39293,39034,38583,39006,39472,39766,40192,40218,39335,38596,38149,37599,37025,36429,36980,37577,37201,37031,36549,36754,36835,36767,36448,36216,35862,35491,35502,35908,35410,34881,34302,34566,35039,35469,35585,36105,36672,36632,37014,37429,37662,37838,37487,37995,38236,38162,,
WKM,WKM2201,TUAR,mokai,Geo,Geo,2026-03-24,38424,38668,38871,38830,38759,38750,38864,38697,39524,39430,38367,37563,36836,36572,36336,36461,36449,36723,36519,36419,36201,35991,36203,35691,35182,35013,35123,35319,35204,34792,34465,34242,34137,34077,34201,34361,34521,35240,36186,36871,37184,37807,38418,38532,38786,39212,39960,40223,,
WKM,WKM2201,TUAR,mokai,Geo,Geo,2026-03-25,39669,39501,39478,39599,39734,39744,40062,40485,40836,40405,39274,38020,37143,37054,37017,37191,37492,37699,37555,37821,37997,37339,37646,37609,37007,36257,35612,35745,36156,35717,35440,35497,35708,35767,36320,36601,36571,36772,37011,37421,37816,38432,38637,39126,39408,39268,38652,38245,,
WKM,WKM2201,TUAR,mokai,Geo,Geo,2026-03-26,37980,37318,37233,37510,37512,37464,37282,37657,37705,36976,36225,35030,34517,34489,34553,35095,35275,35553,35560,35724,35922,35993,36369,36216,36405,36301,36357,36467,36587,36235,35724,36002,36575,36464,36755,37013,37358,36998,36245,35890,35940,36368,37265,37822,38029,37843,38270,38105,,
WKM,WKM2201,TUAR,mokai,Geo,Geo,2026-03-27,38164,38596,38464,38464,38101,37775,37480,37782,37766,37521,36560,35586,34669,34543,34682,34530,34314,34301,34466,34263,34251,34107,34091,34249,34870,34549,33671,34097,34692,34367,34442,34306,35358,35750,36257,37125,37690,37876,38445,38194,38255,38324,38132,38296,38420,38873,38850,39375,,
WKM,WKM2201,TUAR,mokai,Geo,Geo,2026-03-28,39768,39907,40059,40171,39998,39396,38872,39290,39391,39613,39022,37892,36650,36218,36381,36531,36704,36840,36804,36427,36299,36004,36101,36235,36104,36140,35569,35370,35636,35141,34732,34698,34793,34738,34953,35126,35648,36258,37253,37755,37760,38308,38569,38995,39187,39630,39477,39565,,
WKM,WKM2201,TUAR,mokai,Geo,Geo,2026-03-29,39811,40589,40796,41052,41056,41176,40817,40750,40621,40240,39798,38932,38332,38160,38010,38125,38370,38516,38018,37388,37251,37141,36555,36632,36520,36323,35665,36402,36145,35859,35699,35732,36263,36442,36314,36806,37346,37882,37993,38660,39135,38618,38586,39332,38842,39554,39699,39389,,
WKM,WKM2201,TUAR,mokai,Geo,Geo,2026-03-30,39135,38980,39209,39440,39456,39550,39561,39427,39603,39447,38847,38807,37956,37725,37381,37172,37586,37958,37974,37940,37377,36836,35438,35619,35883,36176,36312,35921,34690,34268,33860,33790,34867,35725,36012,35997,37065,37550,37415,38486,39046,39989,39634,39951,40552,40370,40875,41831,,
WKM,WKM2201,TUAR,mokai,Geo,Geo,2026-03-31,41877,42194,41728,41235,39711,39568,39311,39322,39668,39823,39268,38287,38188,37919,37515,37198,36809,36933,37375,37131,36902,36819,36381,36192,36172,36226,36289,36196,34256,33056,32783,32839,34223,35420,35660,35939,36594,37216,37836,38471,39050,39505,39411,39577,39712,39777,40234,40368,,
WPA,WPA2201,MRPL,waipapa,Hydro,Hydro,2026-03-01,11720,12400,12340,12850,12500,9760,6440,4680,4370,4370,4850,8520,10880,11610,11550,12020,12400,11190,11070,10440,10240,9220,7830,7830,8060,7120,6520,7340,7340,8270,7820,7660,7840,7840,8210,14070,16520,16390,15910,16000,16070,16360,16380,16290,14050,11430,10960,10420,,
WPA,WPA2201,MRPL,waipapa,Hydro,Hydro,2026-03-02,11170,12340,8500,4380,4360,4370,4360,4430,4770,4470,7380,10950,14810,15950,16100,16230,16080,16490,16540,16690,16530,16670,10400,9200,9120,14510,15960,15860,15970,15820,15780,15560,15630,15540,15750,16280,16490,16400,16540,16550,16640,16660,16780,16770,16720,16730,16720,16700,,
WPA,WPA2201,MRPL,waipapa,Hydro,Hydro,2026-03-03,16580,16440,16420,16190,13890,12370,12220,13470,14440,14460,16640,16610,16860,16450,14880,14910,14880,15000,15110,15590,15380,16280,16160,16340,16210,16230,16240,16120,16290,16100,16260,16000,16130,16010,16090,15940,16070,16070,16140,16110,16170,16210,16200,16210,16130,15960,13620,13210,,
WPA,WPA2201,MRPL,waipapa,Hydro,Hydro,2026-03-04,13160,11800,11770,11740,11810,11770,11820,11820,11850,11860,15890,16510,16590,16500,16540,16580,16540,16620,16630,16650,16560,16520,16590,16500,15010,14860,14920,15960,16180,16170,16180,16460,16380,16440,16500,16510,16500,16520,16530,16550,16620,16660,16750,16720,16750,16770,16710,16670,,
WPA,WPA2201,MRPL,waipapa,Hydro,Hydro,2026-03-05,16690,16690,16690,16640,16560,16490,16320,16230,16110,15970,15900,15840,16230,16410,16360,16440,16410,16390,16460,16540,14000,11810,15790,16310,16330,13010,0,0,230,13990,15370,16850,16750,16680,16460,16590,16350,16320,16330,16220,16250,16250,16230,16120,15980,15150,14910,9320,,
WPA,WPA2201,MRPL,waipapa,Hydro,Hydro,2026-03-06,7190,6640,4690,4860,4700,4860,4870,4800,4610,4860,5590,6300,10740,11800,11970,12280,12470,13810,14020,13730,13920,14300,12390,11130,10300,11480,10610,10840,11610,13230,12740,10530,14500,15790,15800,15800,15720,15780,15740,11860,11860,11820,11870,11880,11930,9120,7830,7800,,
WPA,WPA2201,MRPL,waipapa,Hydro,Hydro,2026-03-07,7830,6610,6190,5360,7380,6160,7830,8360,8590,10100,8460,8630,9480,9820,13580,15710,15760,15700,15680,15660,15560,15580,15480,15480,15430,15400,15400,15400,15410,15380,15340,15360,15350,15350,15370,15370,15320,15280,15340,15360,15360,15380,15180,13480,11880,9890,9290,8650,,
WPA,WPA2201,MRPL,waipapa,Hydro,Hydro,2026-03-08,5620,5370,6250,6560,6260,5650,6720,4420,4420,6640,5060,4660,5740,5850,9270,13390,15270,16940,16760,16410,16380,16380,16360,16350,16290,16340,15770,15050,14990,14500,14100,14250,12220,12660,16100,16450,16340,16350,15600,14650,13860,13890,13940,13970,14000,12950,10080,10450,,
WPA,WPA2201,MRPL,waipapa,Hydro,Hydro,2026-03-09,9790,9220,9280,9320,11810,12710,13060,13510,10770,10670,10130,9810,10940,15700,16450,16670,16990,16870,16880,16880,16860,16460,16240,16530,16430,16420,16350,16370,16450,16380,16440,16480,16520,16610,16660,16630,16690,16680,16620,16530,16550,16490,16380,16010,15070,14880,14740,14120,,
WPA,WPA2201,MRPL,waipapa,Hydro,Hydro,2026-03-10,13060,10210,9570,9440,9030,9480,8840,8780,8690,8640,11410,11890,9300,10660,14390,14990,15250,15530,15600,16490,16930,16960,16380,16570,15870,16010,15680,16160,15920,15820,15980,15580,14550,14550,12270,9790,9900,11870,11810,11840,11830,11870,11860,11720,11670,11700,11700,11110,,
WPA,WPA2201,MRPL,waipapa,Hydro,Hydro,2026-03-11,12080,12400,12390,11880,11730,11090,10570,10180,10060,10000,10000,11050,12360,13930,14820,15500,15790,17400,16100,16380,16550,14350,14380,14400,14370,14920,18250,18320,17500,15670,15750,15750,15120,16080,15600,15050,15540,15490,15760,16320,16420,16400,16530,16350,15850,15680,12940,12400,,
WPA,WPA2201,MRPL,waipapa,Hydro,Hydro,2026-03-12,12430,12310,12280,12170,12100,13630,14100,13820,14230,13110,13310,13230,15050,15450,16860,16960,19570,18370,19540,20500,20080,20360,19550,18140,17780,16930,16700,17700,17290,15670,18020,14790,16800,16730,18480,20040,20090,16550,16420,15070,15660,13280,15140,15420,14840,14870,14460,9890,,
WPA,WPA2201,MRPL,waipapa,Hydro,Hydro,2026-03-13,9640,9700,9590,9680,9080,9060,9200,9570,9520,9040,9040,10320,14290,15630,15740,15840,16090,18410,21730,22120,19650,15570,17510,16680,16660,16680,16610,16650,20270,24980,24030,23550,23300,23070,22870,21240,21840,20040,13650,13590,15430,14420,14800,12010,12030,12040,12050,11380,,
WPA,WPA2201,MRPL,waipapa,Hydro,Hydro,2026-03-14,11660,9570,9140,9170,9160,9100,9110,4190,5670,6380,8870,9370,10090,10320,12950,16460,19190,22440,22720,17810,17080,17230,17070,15780,15020,11940,10480,11560,10790,14590,13750,11470,11430,14760,14850,14820,14850,14850,14870,14970,14950,14980,15000,12320,12260,11210,11160,8830,,
WPA,WPA2201,MRPL,waipapa,Hydro,Hydro,2026-03-15,6850,6850,7090,7840,7840,7840,7540,5860,5850,5860,5870,6320,7480,8330,11260,14690,14690,14990,15680,15680,15660,15380,13700,13690,10660,9760,9770,9790,9760,9800,13080,14720,15160,15660,15690,15680,15680,15690,15690,15680,15680,15670,15680,14740,13700,11760,9760,9760,,
WPA,WPA2201,MRPL,waipapa,Hydro,Hydro,2026-03-16,8310,7060,6850,6840,6840,6840,7310,7330,7060,12970,14330,14670,15670,15660,15800,18680,18010,16630,16650,16660,16630,16610,15730,14660,11880,10770,11230,12540,12720,13190,13210,12790,12220,13250,13550,16590,16660,16660,16660,16660,16670,16660,11890,11730,14150,14700,14680,10200,,
WPA,WPA2201,MRPL,waipapa,Hydro,Hydro,2026-03-17,9760,9740,9750,9750,9760,9740,9750,9760,13610,13680,16550,16630,16630,16640,16660,16660,16660,16660,16660,16650,16630,16640,16650,16640,16660,16660,16660,16660,16660,16660,16650,16650,16650,16660,16670,16660,16670,16670,16670,16680,16680,16670,16680,16650,16650,16620,16630,16620,,
WPA,WPA2201,MRPL,waipapa,Hydro,Hydro,2026-03-18,16620,16610,16600,16610,16590,16570,13960,9730,9740,9780,9750,9760,9780,12390,7950,5650,6300,6140,5350,5770,6110,4900,6130,5800,5660,5020,4830,4840,4990,5800,4510,4940,4840,7890,11320,14470,15590,15340,15680,15670,15690,16620,16690,16640,16650,16010,13720,13680,,
WPA,WPA2201,MRPL,waipapa,Hydro,Hydro,2026-03-19,12760,12710,13640,12260,12210,9920,9320,8750,8770,8780,8770,8780,8790,8790,12930,15700,15720,15690,15710,15690,15700,15690,15690,15690,15680,15670,15680,15700,15690,15660,11770,7900,8350,8330,8330,10490,15480,16670,16670,16680,16680,16660,16680,16650,16660,16650,16630,16630,,
WPA,WPA2201,MRPL,waipapa,Hydro,Hydro,2026-03-20,16640,16630,16620,16630,16090,10040,9750,13930,14670,14640,14660,14650,13860,12940,14990,16640,16680,16640,16650,16690,15460,15120,14980,14410,13720,13040,12520,11490,13330,13050,12110,13620,14750,13360,14270,16680,16660,16640,14830,12730,12720,12730,12720,12730,13670,12930,11750,10180,,
WPA,WPA2201,MRPL,waipapa,Hydro,Hydro,2026-03-21,11000,8780,8800,8730,9530,10240,9250,8750,8760,8770,8450,8260,8330,8320,8340,8330,8340,8340,8330,8350,8320,8320,8350,8320,8330,8320,8320,8320,8320,8330,8320,8330,8320,8330,8320,8320,8320,11680,14780,14690,14700,14690,14680,14680,13950,11550,10060,9750,,
WPA,WPA2201,MRPL,waipapa,Hydro,Hydro,2026-03-22,9760,9760,10560,11520,13450,13660,8870,8760,8770,8770,9400,12130,10220,8770,9550,9780,8780,9750,11700,12680,14650,14710,14060,11190,10520,9930,10810,11000,11260,12060,14680,15660,14760,14700,15510,15600,14710,14710,14690,14700,14690,14700,14730,14670,13110,10320,11990,11510,,
WPA,WPA2201,MRPL,waipapa,Hydro,Hydro,2026-03-23,9140,6600,7350,6190,6680,5540,4880,4880,7340,5550,6250,10730,13420,14240,12710,13730,15090,14320,14410,14630,14690,12710,11140,13480,12960,13510,14670,14100,14050,14680,14860,14160,15580,14730,14690,14720,14870,14840,14720,16190,16690,16640,16650,16650,16660,16650,15680,14670,,
WPA,WPA2201,MRPL,waipapa,Hydro,Hydro,2026-03-24,10780,11010,11730,12710,11900,9270,9220,9620,8950,9110,8770,13090,14680,14680,14700,14690,15210,15660,14070,13710,13730,13710,13710,13700,14720,15680,15260,13530,8330,8350,8330,8900,15970,16660,16640,16660,16670,16660,16500,15670,15670,15520,15660,14750,15610,14750,14690,14670,,
WPA,WPA2201,MRPL,waipapa,Hydro,Hydro,2026-03-25,11780,11740,11730,9140,9880,8780,8640,8780,8610,8920,9210,11090,14860,15890,16640,16650,16660,16660,16680,16580,16630,16690,16650,16630,16650,16650,16610,16650,16640,16780,16630,16630,16670,16650,16670,16670,16670,16660,16660,16650,16640,16650,16650,14980,14390,12740,12710,11330,,
WPA,WPA2201,MRPL,waipapa,Hydro,Hydro,2026-03-26,9750,8270,4800,4310,3890,3890,3890,3890,3880,3880,3880,3900,4640,6450,10420,11750,12640,13460,13580,15660,15670,12470,10770,14930,15540,14710,14690,14660,14680,14680,14700,15650,15670,15680,15680,16580,16670,16670,15780,15680,15680,12830,12710,12110,10770,10390,4380,4370,,
WPA,WPA2201,MRPL,waipapa,Hydro,Hydro,2026-03-27,4400,4380,6280,6520,7490,5540,4940,5850,6870,6830,6850,7340,11920,14370,15940,16650,16660,16650,16670,16650,16660,16660,15800,13000,13940,15690,15680,15700,15680,15690,15690,15660,15670,15690,15660,15690,15690,15670,15680,15690,15690,15040,14690,14700,14690,14280,11750,11130,,
WPA,WPA2201,MRPL,waipapa,Hydro,Hydro,2026-03-28,11030,10550,8760,8770,6160,5130,4460,4380,5320,5850,5860,5550,4880,5260,6930,10800,11380,14690,14710,14700,14710,14700,13000,12230,12730,12750,12730,12080,9980,9780,9310,6990,8460,10850,11410,13840,14840,15680,15790,16650,16660,16650,16640,16640,14360,12780,11840,11460,,
WPA,WPA2201,MRPL,waipapa,Hydro,Hydro,2026-03-29,9750,8280,4870,7240,7310,7330,5920,4390,4370,4380,4370,6270,5090,5840,5860,5870,6920,10750,10760,10680,9760,9770,9770,13720,14680,14710,14560,13740,13690,11760,12430,15650,16650,16650,16680,16670,16670,16670,16650,16660,16650,16630,16650,14450,9800,10490,9770,7350,,
WPA,WPA2201,MRPL,waipapa,Hydro,Hydro,2026-03-30,4860,4620,5850,7340,7350,6500,4890,4860,4880,4870,4870,4870,6010,8390,11780,11700,15820,13820,16030,16650,16680,16660,16670,16660,16650,16640,14730,14670,14840,15660,15720,15950,16620,13160,12990,15140,15670,15680,15670,14400,11720,11160,9760,9760,14530,13680,8430,4850,,
WPA,WPA2201,MRPL,waipapa,Hydro,Hydro,2026-03-31,3450,0,0,0,0,0,0,0,0,0,0,1230,7490,12950,15700,15980,16640,16670,16660,16680,16660,16680,16650,16650,16650,16650,16470,15650,15650,14660,14820,15140,14610,14640,14920,15670,14730,14670,14690,14700,14100,12720,12720,12720,10950,9760,9750,9460,,
WPG,WPG0331,TRPG,waipori,Hydro,Hydro,2026-03-01,14966,14064,9598,7036,7315,12480,14725,15330,13666,12841,10588,7726,12356,15362,15990,13359,13191,13961,9743,11876,14182,15892,15812,16503,16295,16623,16363,16322,16152,15396,15812,13249,14421,16084,16092,16014,12396,10758,14819,13589,9938,10496,9486,12722,11477,12866,11918,14961,,
WPG,WPG0331,TRPG,waipori,Hydro,Hydro,2026-03-02,14024,14765,13090,7296,8206,13502,13386,13295,14259,13987,14356,14445,14440,14067,14910,14584,3752,2255,5033,6614,7152,5496,5702,5123,2644,5127,4450,4408,4387,5723,3534,4546,3848,3654,3900,2474,2668,1949,3005,3300,2015,1630,1374,1388,2633,1858,2065,1988,,
WPG,WPG0331,TRPG,waipori,Hydro,Hydro,2026-03-03,1251,2665,2080,2007,2021,2999,2957,0,0,0,0,0,0,0,0,0,0,0,0,0,0,171,687,2278,3337,1156,690,1175,931,1113,1437,925,965,916,984,1241,949,1050,1508,1536,2158,3789,5235,3737,2148,2746,3622,3922,,
WPG,WPG0331,TRPG,waipori,Hydro,Hydro,2026-03-04,3621,2519,2663,3426,2721,1658,1414,1297,1153,647,603,685,760,766,1601,2145,2551,1672,348,775,871,1068,347,0,0,0,0,0,0,83,0,0,498,381,451,888,996,1456,1693,2396,2061,1908,1564,3189,2950,2792,3333,2297,,
WPG,WPG0331,TRPG,waipori,Hydro,Hydro,2026-03-05,2234,1398,753,989,1109,789,971,2907,6946,7664,7620,6954,5543,4938,6183,6184,4573,1474,244,227,631,600,575,990,1693,2274,2881,2753,2124,2475,3057,3326,3005,2419,2618,3101,2608,2432,2069,1871,2632,2242,2119,2084,2094,4432,10423,12689,,
WPG,WPG0331,TRPG,waipori,Hydro,Hydro,2026-03-06,15401,14986,14680,12918,14937,13136,11925,10832,11138,13407,15269,13948,11282,14894,17888,15830,11458,15487,16357,16831,16892,16963,16828,16021,16483,17106,15849,16442,18093,15948,13198,9524,9453,6636,4756,2740,519,604,0,492,5989,9438,11687,6525,1032,486,0,182,,
WPG,WPG0331,TRPG,waipori,Hydro,Hydro,2026-03-07,1118,233,1690,3424,6714,7844,10178,7785,8178,7321,6924,7486,7817,6815,6746,8291,11716,9532,7295,6019,3789,4749,5982,6935,5875,3906,1825,902,1729,2251,851,947,708,1028,1028,1879,3287,3006,2883,2364,2139,1844,1850,1852,1848,1433,2233,2274,,
WPG,WPG0331,TRPG,waipori,Hydro,Hydro,2026-03-08,1396,2221,2607,3151,4689,4838,5677,6953,9475,9929,11901,10095,5341,6977,8492,7624,5573,5395,4738,755,1758,3526,6544,8555,7633,9406,7701,5978,4199,4276,2628,3373,4329,1146,2215,2037,1582,1376,1018,660,1387,1121,4105,3972,3675,3430,2548,2386,,
WPG,WPG0331,TRPG,waipori,Hydro,Hydro,2026-03-09,2069,2990,1625,1367,393,254,1005,1551,3351,4001,5904,9640,10361,8778,8322,9352,10718,8294,7264,7656,9588,8843,8213,7093,9040,9846,8452,6367,9143,4709,4397,6266,3504,2392,2708,3929,3153,2666,2739,2520,2346,2703,2385,2046,2349,2106,2030,2028,,
WPG,WPG0331,TRPG,waipori,Hydro,Hydro,2026-03-10,0,0,0,176,503,940,1170,1180,1552,1578,1867,2036,3346,5342,5727,6139,6123,7124,6518,3508,4583,5578,6459,5508,5473,4633,2588,2598,2149,1807,1817,2376,3112,6278,6794,6121,5600,5796,5486,5473,7294,7862,8663,8989,7521,3829,4005,1037,,
WPG,WPG0331,TRPG,waipori,Hydro,Hydro,2026-03-11,959,1217,813,128,0,0,0,0,0,0,0,0,268,329,1303,1782,1955,2125,2943,3049,2891,2444,2711,2799,2957,3842,4998,4994,5213,5776,4898,4302,4375,4264,4910,5562,5742,5143,5349,7940,8343,7958,6344,7286,9231,6700,6421,3383,,
WPG,WPG0331,TRPG,waipori,Hydro,Hydro,2026-03-12,2408,4171,7047,6587,7102,4935,9889,10229,9018,12717,10536,6330,5290,5492,8712,9163,7728,6613,5070,4805,4258,4116,4231,4972,8908,15108,11170,12788,12124,13102,15395,14174,16143,17528,17030,17730,18323,17864,15663,15032,15216,15880,17433,18233,14158,12794,12656,10510,,
WPG,WPG0331,TRPG,waipori,Hydro,Hydro,2026-03-13,12111,12740,7768,4437,13214,10424,8696,6119,8884,5193,9256,3869,6279,4805,12005,10978,9820,8827,7510,5805,4415,5582,3424,2592,2295,2004,2005,2012,2010,2006,2006,2016,2005,2202,2518,2821,2974,2933,2653,2256,2175,2655,3530,5768,6557,5944,8836,11092,,
WPG,WPG0331,TRPG,waipori,Hydro,Hydro,2026-03-14,10126,13141,14458,15492,14503,6976,11265,11001,14110,13688,15890,15207,15192,13510,13778,10028,16465,15806,16471,15554,14422,15361,15519,14912,14633,15571,14005,13669,14969,14689,14535,13998,15426,16234,12124,7720,3870,4908,3076,3484,4835,5468,3920,2824,2332,3949,4811,6259,,
WPG,WPG0331,TRPG,waipori,Hydro,Hydro,2026-03-15,5006,6041,4906,5563,5251,5086,4719,3131,3047,3822,2409,4816,10217,11638,11020,6180,3405,2977,2615,2345,2352,2412,3084,4232,4445,3476,2966,4200,5018,5440,5813,5445,5975,5633,6256,10270,7710,5102,3414,2574,5951,7492,4598,3439,2873,2933,2641,2825,,
WPG,WPG0331,TRPG,waipori,Hydro,Hydro,2026-03-16,2802,2570,2911,2928,2557,2735,3391,3846,6141,6729,7374,5001,4393,3321,3995,3114,2293,2156,2117,3855,3338,3810,5416,7358,7552,6711,4502,5090,2777,5018,3718,3111,3467,2594,3189,3098,2960,3457,5003,6195,4778,5396,3762,2353,2368,2409,2233,2178,,
WPG,WPG0331,TRPG,waipori,Hydro,Hydro,2026-03-17,2198,2573,2557,2854,2704,2693,2213,2128,2129,2146,2199,2136,2424,3312,3345,3912,4809,4755,3820,3863,4660,4456,4885,5126,5075,4697,4283,4454,4789,5370,6122,6680,7750,8249,7232,7886,6858,7835,7858,7402,7509,7390,9804,10988,10996,9776,13329,12917,,
WPG,WPG0331,TRPG,waipori,Hydro,Hydro,2026-03-18,13945,14316,16152,14869,12293,10442,15181,14616,15851,16401,16485,15731,15697,16419,9479,5112,5393,12351,15038,16038,16298,16475,16016,13257,11747,15141,16014,15568,16353,14542,15618,12660,11612,12192,13248,8583,7825,8201,5230,3792,5637,3919,3017,3213,3163,2369,2420,3613,,
WPG,WPG0331,TRPG,waipori,Hydro,Hydro,2026-03-19,4769,5100,4925,5309,5058,6709,8755,9030,8214,5704,3653,3745,4769,3407,2519,4248,7394,7522,7492,7460,2657,2664,3933,8246,6013,9610,5774,6687,5769,13614,14415,2627,6438,6881,3586,2175,2583,2425,2496,2497,2471,2469,2499,2494,2495,2497,2503,2495,,
WPG,WPG0331,TRPG,waipori,Hydro,Hydro,2026-03-20,2501,2500,2496,2494,2495,2193,2283,2509,2196,2190,2180,2139,2080,2307,2181,2114,2125,1075,1077,2108,1263,824,1897,2143,2080,776,3076,2560,1387,1155,690,543,465,2381,1596,1633,2254,2262,2382,2715,2762,2823,3270,2719,3467,3808,3889,2909,,
WPG,WPG0331,TRPG,waipori,Hydro,Hydro,2026-03-21,3028,2480,2070,2111,2138,2138,2249,2503,2997,3116,3334,3815,3485,1330,842,708,583,1504,2062,1987,1727,2091,3645,4746,4695,4658,4655,4763,3943,2871,3000,3117,3154,3739,3291,3001,520,0,0,0,0,0,448,1567,1792,1107,790,407,,
WPG,WPG0331,TRPG,waipori,Hydro,Hydro,2026-03-22,1821,5756,8880,6230,4561,3046,2970,3807,7863,6337,6006,5481,1634,359,1008,3655,3895,1178,374,886,1041,291,202,2577,3872,3788,3260,3819,3790,4802,4456,4100,3780,4034,3204,2423,2307,2164,2143,2146,2140,2143,2150,2204,2572,2637,1812,2063,,
WPG,WPG0331,TRPG,waipori,Hydro,Hydro,2026-03-23,2055,1963,3204,3170,3161,2919,2990,3282,2478,2175,1497,1458,1612,1683,1943,1400,2276,864,814,2049,2209,2223,2204,2186,2179,2186,2179,2181,2146,2136,2143,2132,2129,2139,2135,2132,2150,2213,2136,1195,767,621,665,595,594,834,817,750,,
WPG,WPG0331,TRPG,waipori,Hydro,Hydro,2026-03-24,761,1466,1818,2482,2288,2197,2124,1626,1252,923,1525,1485,2479,3889,5526,8824,8750,5889,6074,3229,2590,2305,1143,675,1996,2109,2111,2131,2138,2145,965,671,1491,2190,3213,3646,3636,4516,4999,4886,5140,3352,3597,3214,2303,2039,1416,1639,,
WPG,WPG0331,TRPG,waipori,Hydro,Hydro,2026-03-25,2466,4262,3885,3724,3087,2717,2266,2059,1995,1381,1256,1122,1789,2786,3351,4522,5484,5592,7021,6571,6352,6350,5078,5406,6659,6874,7078,7518,8338,9194,9054,8317,10017,11276,10004,7332,7240,7523,7339,10415,10911,10887,10037,11619,10068,12299,12438,11415,,
WPG,WPG0331,TRPG,waipori,Hydro,Hydro,2026-03-26,10556,8817,11891,14790,16238,14048,11889,12722,10099,10905,13369,12973,15704,16299,14582,12482,12867,15073,14640,16004,16289,16174,16634,16586,16527,16432,16385,16409,16373,16387,16518,16200,16427,16405,16384,16476,16700,16635,16504,16590,16584,16503,16443,16418,16377,16357,16353,16416,,
WPG,WPG0331,TRPG,waipori,Hydro,Hydro,2026-03-27,16300,16346,16348,16227,16203,15744,15686,16096,16378,15501,15606,16246,15940,15777,11841,12350,13476,14341,13879,12607,10640,10131,11340,14335,15616,14639,13207,11182,9672,6722,5452,8792,9507,6290,3245,3234,4195,2007,1620,1467,1240,1143,2069,2488,115,1442,4642,3794,,
WPG,WPG0331,TRPG,waipori,Hydro,Hydro,2026-03-28,557,873,3695,9392,4010,2736,2660,3945,5749,9513,10025,8000,8593,4474,3365,3469,3210,1748,1224,1044,1421,552,1336,1337,792,1909,1715,841,191,0,0,0,0,6,0,0,0,0,0,275,331,507,1661,1926,1866,2626,2641,2580,,
WPG,WPG0331,TRPG,waipori,Hydro,Hydro,2026-03-29,1663,786,1926,1478,296,0,801,415,0,0,0,0,0,2526,2792,4319,6953,5451,5246,1738,1277,1256,300,93,1296,890,3150,4619,4811,6079,7135,6801,7333,9345,4892,66,0,0,234,984,594,607,73,0,0,694,178,62,,
WPG,WPG0331,TRPG,waipori,Hydro,Hydro,2026-03-30,324,629,1455,1171,1526,4919,4218,4241,7078,6088,5818,6052,7909,11170,13693,10064,11000,13203,8485,3801,5383,3373,1498,5064,11574,12627,13381,15681,13921,10790,2525,4229,6899,4918,3859,4135,2089,4435,4021,5355,15136,16221,15985,16046,15452,15601,15549,13792,,
WPG,WPG0331,TRPG,waipori,Hydro,Hydro,2026-03-31,14867,15858,15909,16076,16088,16095,16029,16082,16190,16128,16285,16309,15420,16101,16109,16338,15646,16193,16356,16155,15899,15825,15381,14533,14561,15377,15674,15842,14999,14794,12230,12121,7336,9937,9101,6971,7383,7796,7462,6165,7710,8528,6706,6310,7540,9856,4799,2061,,
WRK,WRK0331,HAWK,rotokawa,Geo,Geo,2026-03-01,11945,12082,12028,12010,12049,12088,12135,12205,12205,12239,12222,12238,12241,12304,12315,12293,12260,12242,12185,12148,12018,11853,11727,11590,11426,11380,11267,11163,11097,11236,11189,11139,11027,11187,11447,11358,11256,11291,11314,11362,11512,11569,11592,11698,11666,11770,11822,11849,,
WRK,WRK0331,HAWK,rotokawa,Geo,Geo,2026-03-02,11889,11974,12027,11951,11914,12042,12098,12244,12267,12302,12017,11827,11841,11896,12003,12055,12226,12196,12210,11931,11769,11695,11621,11531,11421,11401,11537,11514,11427,11366,11341,11508,11495,11468,11570,11669,11698,11770,11839,12025,12069,12094,12184,12141,12084,12181,12284,12200,,
WRK,WRK0331,HAWK,rotokawa,Geo,Geo,2026-03-03,12291,12185,12204,12139,12298,12163,12100,12484,12685,12626,12741,12690,12796,12766,12815,12793,12612,12301,12073,11883,12023,11790,11727,11596,11565,11560,11480,11266,11322,11488,11734,11664,11653,11624,11426,11394,11429,11510,11593,11761,11788,11921,11912,11998,11936,12004,11883,11946,,
WRK,WRK0331,HAWK,rotokawa,Geo,Geo,2026-03-04,12151,12217,12360,12411,12503,12274,12518,12617,12676,12628,12728,12655,12724,12738,12750,12680,12528,12443,12308,11949,11903,11829,11627,11636,11479,11298,11312,11378,11440,11378,11333,11324,11284,11157,11196,11228,11244,11286,11419,11626,11556,11722,11618,11722,11936,12072,12115,12199,,
WRK,WRK0331,HAWK,rotokawa,Geo,Geo,2026-03-05,12237,12297,12457,12474,12515,12535,12562,12597,12597,12574,12615,12637,12682,12694,12763,12722,12673,12552,12353,12274,12076,11974,11880,11692,11645,11520,11467,11347,11332,11274,11202,11193,11174,11189,11213,11235,11290,11315,11365,11400,11551,11640,11759,11948,12083,12129,12180,12251,,
WRK,WRK0331,HAWK,rotokawa,Geo,Geo,2026-03-06,12302,12384,12370,12410,12449,12516,12478,12549,12584,12581,12604,12626,12618,12624,12640,12644,12610,12445,12335,12251,12060,11860,11731,11617,11557,11461,11376,11372,11307,11239,11190,11244,11170,11178,11213,11241,11348,11412,11534,11611,11725,11811,11931,11992,12006,12099,12146,12274,,
WRK,WRK0331,HAWK,rotokawa,Geo,Geo,2026-03-07,12329,12375,12423,12480,12490,12507,12572,12553,12566,12509,12417,12417,12406,12407,12434,12408,12397,12346,12276,12188,12039,11977,11935,11761,11696,11631,11598,11436,11319,11246,11222,11203,11176,11130,11137,11176,11174,11212,11290,11409,11543,11449,11587,11802,11902,11903,11848,11795,,
WRK,WRK0331,HAWK,rotokawa,Geo,Geo,2026-03-08,11823,11757,11799,11931,11901,11919,12023,12023,12066,12159,12227,12286,12305,12313,12295,12296,12249,12220,12115,12055,11967,11856,11725,11733,11629,11503,11374,11413,11368,11389,11432,11427,11412,11419,11418,11465,11500,11531,11525,11554,11589,11650,11664,11702,11840,12002,11971,11998,,
WRK,WRK0331,HAWK,rotokawa,Geo,Geo,2026-03-09,11968,11956,11962,11974,12001,12013,11953,11991,12103,12206,11992,11961,11929,12072,12167,12107,12076,11878,11837,11669,11544,11511,11529,11505,11408,11363,11358,11351,11324,11235,11204,11254,11163,11197,11197,11188,11251,11204,11273,11247,11111,11119,11195,11201,11273,11360,11310,11583,,
WRK,WRK0331,HAWK,rotokawa,Geo,Geo,2026-03-10,11560,11721,11628,11636,11608,11709,11696,11895,11789,11861,11767,11870,11894,11869,11821,11907,11792,11540,11497,11418,11360,11312,11243,11255,11058,11087,11009,11004,11103,11056,10979,10988,11007,11084,11119,11178,11267,11369,11540,11681,11713,11833,12011,12062,12027,11996,11964,12036,,
WRK,WRK0331,HAWK,rotokawa,Geo,Geo,2026-03-11,12189,12291,12349,12371,12412,12373,12358,12296,12313,12374,12406,12449,12447,12444,12443,12434,12390,12240,12008,12099,12101,11936,11922,11824,11770,11734,11719,11700,11678,11719,11713,11540,11371,11278,11353,11357,11520,11631,11533,11449,11560,11641,11675,11778,11732,11685,11730,11938,,
WRK,WRK0331,HAWK,rotokawa,Geo,Geo,2026-03-12,12151,11887,11997,11940,12100,12328,12396,12415,12417,12463,12508,12579,12533,12622,12580,12671,12638,12522,12357,12216,12041,11892,11732,11688,11639,11614,11528,11491,11506,11503,11423,11456,11482,11505,11506,11508,11460,11589,11587,11621,11606,11655,11565,11495,11505,11465,11439,11472,,
WRK,WRK0331,HAWK,rotokawa,Geo,Geo,2026-03-13,11480,11440,11476,11503,11524,11549,11522,11507,11418,11447,11494,11566,11620,11630,11534,11520,11578,11567,11472,11442,11450,11347,11358,11235,11146,11105,11075,10994,10967,10982,10893,10786,10740,10870,11023,11101,11143,11129,11166,11198,11210,11153,11223,11229,11352,11414,11326,11392,,
WRK,WRK0331,HAWK,rotokawa,Geo,Geo,2026-03-14,11387,11372,11376,11365,11296,11258,11281,11369,11472,11434,11424,11430,11552,11534,11488,11500,11558,11488,11450,11375,11203,11204,11136,11045,10852,10685,10849,10867,10815,10666,10726,10887,10983,11067,10769,10828,10886,11026,11161,11199,11264,11390,11402,11284,11406,11359,11613,11454,,
WRK,WRK0331,HAWK,rotokawa,Geo,Geo,2026-03-15,11552,11593,11833,11621,11562,11579,11706,11889,11803,11912,11958,11995,11959,12161,12302,12349,12305,12189,12029,11900,11778,11644,11550,11484,11414,11340,11180,11077,11162,11013,10915,11012,10974,10991,10995,10998,11019,11088,11235,11330,11455,11642,11718,11922,11990,12046,12057,12091,,
WRK,WRK0331,HAWK,rotokawa,Geo,Geo,2026-03-16,12173,12127,12095,12152,12068,12055,12014,11906,11848,11364,6110,5423,1811,0,0,0,0,0,0,0,0,0,0,0,0,0,0,0,0,0,0,0,0,0,0,0,0,0,0,0,0,0,0,0,0,0,0,0,,
WRK,WRK0331,HAWK,rotokawa,Geo,Geo,2026-03-17,0,0,0,0,0,0,0,0,0,0,0,0,0,0,0,0,0,0,0,0,0,0,0,0,0,0,0,0,0,0,0,0,0,0,0,0,0,0,0,0,0,0,0,0,0,0,0,0,,
WRK,WRK0331,HAWK,rotokawa,Geo,Geo,2026-03-18,0,0,0,0,0,0,0,0,0,0,0,0,0,0,0,0,0,0,0,0,0,0,0,0,0,0,0,0,0,0,0,0,0,0,0,0,0,0,0,0,0,0,0,0,0,0,0,0,,
WRK,WRK0331,HAWK,rotokawa,Geo,Geo,2026-03-19,0,0,0,0,0,0,0,0,0,0,0,0,0,0,0,0,0,0,0,0,0,0,0,0,0,0,0,0,0,0,0,0,0,0,0,0,0,0,0,0,0,0,0,0,0,0,0,0,,
WRK,WRK0331,HAWK,rotokawa,Geo,Geo,2026-03-20,0,0,0,0,0,0,0,0,0,0,0,0,0,0,0,0,0,0,0,0,0,0,0,0,0,0,0,0,0,0,0,0,0,0,0,0,250,266,898,2129,8987,9139,9137,9226,9209,9263,9232,9293,,
WRK,WRK0331,HAWK,rotokawa,Geo,Geo,2026-03-21,9314,9290,9368,9456,9412,9376,9451,9459,9350,9304,9309,9302,9272,9358,9392,9416,9395,9393,9363,9191,9122,9023,8949,8880,8822,8758,8733,8752,8714,8640,8578,8463,8455,8410,8522,8569,8592,8580,8817,8924,8953,8945,8988,9016,9065,9076,9076,9080,,
WRK,WRK0331,HAWK,rotokawa,Geo,Geo,2026-03-22,9083,9092,9136,9133,9133,9177,9217,9197,9196,9189,9166,9130,9131,9233,9252,9276,9216,9137,9093,9084,9011,8939,8947,8903,8850,8821,8782,8742,8711,8609,8481,8573,8619,8621,8544,8654,8753,8853,8899,8943,8946,9000,8977,8948,9033,9069,9029,8994,,
WRK,WRK0331,HAWK,rotokawa,Geo,Geo,2026-03-23,9064,9091,9083,9059,9098,9195,9131,9181,9230,9232,9249,9231,9279,9297,9344,9384,9418,9435,9382,9360,9273,9190,9138,9002,9015,9097,9710,9974,10127,10142,10143,10304,10593,10739,10791,10747,10662,10750,10913,11028,11092,11320,11453,11431,11596,11581,11659,11620,,
WRK,WRK0331,HAWK,rotokawa,Geo,Geo,2026-03-24,11697,11682,11698,11674,11839,11860,11893,11887,11917,11916,11925,12033,12068,12033,12013,12196,12172,12105,12101,12111,12032,11856,11681,11627,11581,11520,11427,11400,11396,11310,11246,11260,11288,11283,11322,11333,11346,11437,11552,11603,11690,11748,11871,11858,11884,11909,11940,11989,,
WRK,WRK0331,HAWK,rotokawa,Geo,Geo,2026-03-25,12003,12028,12063,12079,12134,12103,12088,12135,12140,12128,12154,12162,12115,12131,12141,12105,12119,12064,11988,11923,11829,11583,11626,11633,11557,11567,11481,11443,11387,11363,11404,11424,11474,11509,11483,11547,11532,11598,11599,11613,11577,11599,11638,11524,11489,11542,11617,11629,,
WRK,WRK0331,HAWK,rotokawa,Geo,Geo,2026-03-26,11655,11670,11752,11631,11685,11640,11616,11633,11602,11592,11618,11489,11546,11614,11568,11622,11630,11684,11658,11710,11655,11651,11595,11547,11553,11552,11497,11470,11484,11481,11467,11470,11464,11486,11468,11463,11472,11499,11511,11490,11534,11542,11518,11565,11519,11488,11558,11590,,
WRK,WRK0331,HAWK,rotokawa,Geo,Geo,2026-03-27,11606,11468,11464,11476,11458,11433,11412,11377,11324,11381,11438,11469,11577,11573,11572,11661,11469,11518,11574,11542,11404,11330,11365,11312,11278,11280,11211,11212,11175,11151,11127,11172,11173,11202,11289,11350,11299,11388,11554,11582,11446,11494,11428,11358,11439,11431,11558,11601,,
WRK,WRK0331,HAWK,rotokawa,Geo,Geo,2026-03-28,11595,11605,11597,11596,11484,11504,11622,11650,11647,11644,11672,11652,11643,11652,11597,11630,11612,11573,11574,11482,11435,11393,11279,11173,11107,11090,11050,11026,10926,10916,10935,10929,10894,10972,11008,10986,11053,11173,11338,11401,11464,11588,11661,11701,11754,11814,11827,11820,,
WRK,WRK0331,HAWK,rotokawa,Geo,Geo,2026-03-29,11900,11906,11951,11990,11999,12029,11514,10983,12056,12035,12028,12018,12045,12064,12054,12019,11988,11969,11882,11804,11694,11565,11452,11371,11288,11184,11164,11142,11092,11007,10934,10990,11001,11021,11033,11080,11104,11158,11214,11258,11348,11338,11254,11281,11419,11436,11450,11478,,
WRK,WRK0331,HAWK,rotokawa,Geo,Geo,2026-03-30,11527,11420,11400,11457,11432,11487,11605,11659,11716,11639,11567,11644,11545,11631,11707,11694,11714,11649,11634,11596,11566,11508,11496,11477,11411,11349,11311,11314,11149,11165,11137,11083,4715,1737,1760,1820,1823,1848,1950,1991,2057,2100,2148,2208,2174,2170,2089,2169,,
WRK,WRK0331,HAWK,rotokawa,Geo,Geo,2026-03-31,2181,2166,2145,2147,2164,2180,2217,2236,2295,2384,2384,2380,2369,2358,2355,2420,2394,2340,2283,2183,2178,2158,2123,2084,2057,2034,1983,1967,1936,1909,1901,1889,1842,1450,7511,8827,9335,9992,10314,10214,10263,10340,10296,10349,10373,10398,10469,10487,,
WRK,WRK0331,HAWK,tehuka,Geo,Geo,2026-03-01,12700,12562,12764,12932,12866,13062,12966,12937,12954,13079,13116,13095,13213,13052,13104,13021,13035,13127,13100,12832,12599,12446,12216,12109,11972,12033,12031,11842,11815,11537,11086,11296,11848,11631,11923,11613,11489,11588,11719,11997,12257,12282,12448,12214,12478,12438,12572,12855,,
WRK,WRK0331,HAWK,tehuka,Geo,Geo,2026-03-02,12869,12853,13071,13103,12927,13162,13146,13282,13275,13311,13277,13132,13106,12888,12756,12935,13386,13728,13287,12641,12527,12505,12194,12397,12309,12116,11983,12148,11967,12103,12020,12391,12461,11993,11907,12238,12489,12584,12779,13246,13348,13286,13422,13308,13432,13541,13375,13322,,
WRK,WRK0331,HAWK,tehuka,Geo,Geo,2026-03-03,13223,13464,13718,13736,13513,13337,13740,13818,13868,13736,13484,13738,13837,13573,13929,13538,13328,13185,13009,12916,12835,12674,12246,12162,12506,12300,12109,12136,11975,12264,12179,12095,12096,12072,11986,11980,12180,12224,12407,12614,12747,12844,13022,13276,13101,12950,13013,8230,,
WRK,WRK0331,HAWK,tehuka,Geo,Geo,2026-03-04,6619,6682,6769,6772,6813,6813,6714,6939,6857,6776,6648,6747,6673,6743,6715,6707,6669,6603,6456,6321,6254,6233,6090,9471,10419,10397,10235,10227,10159,10251,10155,10185,10179,10152,10233,10119,10250,10146,10241,10357,10471,10488,10478,10496,10467,10507,10516,10519,,
WRK,WRK0331,HAWK,tehuka,Geo,Geo,2026-03-05,10517,10517,10537,10536,10552,10550,10579,10770,10770,10776,10773,10787,10785,10776,10775,10765,10759,10762,10714,10731,10730,10671,10707,10687,10627,10614,10590,10613,10609,10489,10341,9983,9673,9695,9722,9653,9727,9711,9716,9744,9761,9784,9785,9811,9786,9835,9831,9839,,
WRK,WRK0331,HAWK,tehuka,Geo,Geo,2026-03-06,9841,9854,9855,9866,9859,9868,9874,9871,9876,9874,9877,9879,9885,9885,9882,9879,9872,9862,9845,9807,9816,9784,9821,9777,9810,9748,9783,9709,9767,10585,11099,11277,11273,11280,11380,11561,11598,11866,12053,12343,12536,12632,12567,12587,12628,12593,12644,12847,,
WRK,WRK0331,HAWK,tehuka,Geo,Geo,2026-03-07,12897,12812,13105,13236,13327,13352,13194,13200,13377,13330,13244,13065,13208,13302,13393,13378,13347,13243,13078,12978,12853,12773,12561,12513,12191,11860,11874,11768,11702,11469,11378,11389,11354,11258,11319,11377,11321,11333,11437,11687,12074,12207,12035,12287,12473,12558,12483,12442,,
WRK,WRK0331,HAWK,tehuka,Geo,Geo,2026-03-08,12534,12612,12436,12550,12627,12693,12773,12809,12897,13029,12845,12914,12901,12930,13079,13049,12971,12811,12638,12546,12346,12215,12108,12307,12083,12007,12048,11800,11550,11618,11499,11421,11559,11560,11584,11730,11555,11927,12033,12231,12284,12307,12402,12395,12536,12728,12752,12809,,
WRK,WRK0331,HAWK,tehuka,Geo,Geo,2026-03-09,12813,12830,12726,12730,12880,12910,12998,13032,13036,12965,12827,12691,12715,12888,12851,12718,12720,12556,12130,12101,11899,11918,11879,11658,11660,11745,11827,11591,11699,11436,11369,11240,11201,11240,11485,11352,11333,11404,11313,11403,11436,11393,11680,11830,11878,11921,12366,12343,,
WRK,WRK0331,HAWK,tehuka,Geo,Geo,2026-03-10,12496,12551,12618,12794,12859,12911,12973,12875,13111,12905,12851,12890,12832,12803,12765,12828,12649,12335,12219,12247,12149,11993,11854,11687,11462,11542,11639,11569,11520,11367,11354,11329,11377,11457,11525,11679,11857,12022,12170,12373,12853,13047,13127,12823,13057,12799,12866,12982,,
WRK,WRK0331,HAWK,tehuka,Geo,Geo,2026-03-11,13044,13055,13165,13188,13283,13124,13226,13346,13408,13510,13573,13587,13548,13543,13623,13556,13548,13532,13405,13200,12681,12650,12545,12528,12424,12312,12163,12204,12205,12165,12068,12062,12107,12018,12122,12144,12207,12362,12289,12019,12147,12363,12364,12545,12748,10137,0,0,,
WRK,WRK0331,HAWK,tehuka,Geo,Geo,2026-03-12,0,0,0,0,0,0,0,0,0,0,0,0,0,0,0,0,0,0,0,0,0,0,1360,5678,9371,11871,11948,11754,11648,11588,11640,11615,11542,11577,11617,11580,11594,11652,11782,11817,11882,11828,11842,11945,12147,12187,12181,12130,,
WRK,WRK0331,HAWK,tehuka,Geo,Geo,2026-03-13,12138,12147,12243,12269,12321,12306,12249,12158,12123,12140,12039,12072,12049,12187,12077,12054,12068,12019,12009,11983,11829,11677,11469,11171,10832,10799,10797,10622,10445,10350,10257,10182,10265,10509,10817,10864,10950,10912,10994,11071,11156,11204,11270,11323,11233,11139,11358,11323,,
WRK,WRK0331,HAWK,tehuka,Geo,Geo,2026-03-14,11231,11240,11251,11252,11321,11435,11572,11669,11596,11522,11419,11518,11594,11834,11599,11433,11505,11563,11586,11239,11315,11248,11260,10859,10907,10943,10713,10701,10692,10569,10719,10859,10806,10929,10937,10741,10950,11306,11697,12017,11973,12238,11997,11984,11963,12158,12277,12325,,
WRK,WRK0331,HAWK,tehuka,Geo,Geo,2026-03-15,12498,12745,12661,12953,13103,13166,12914,13033,13008,13042,13017,13147,13228,13328,13366,13305,13204,13101,12742,12356,12221,12227,12172,12109,11846,11870,11614,11593,11320,11402,11327,11321,11299,11244,11201,11247,11193,11298,11533,11757,11816,12105,12117,12305,12548,12610,12562,12429,,
WRK,WRK0331,HAWK,tehuka,Geo,Geo,2026-03-16,12527,12615,12728,12769,12768,12682,12712,12663,12711,12701,12740,12762,12782,12757,12841,12853,12795,12770,12612,12413,12080,11861,11637,11475,11495,11418,11596,11469,11257,11237,11209,11184,11176,11183,11180,11183,11238,11365,11582,11764,12089,12371,12385,12416,12527,12702,12868,12958,,
WRK,WRK0331,HAWK,tehuka,Geo,Geo,2026-03-17,12993,13094,13223,13210,13262,13321,13363,13368,13298,13439,13408,13272,13275,13207,8307,6635,6514,6556,6453,6267,5801,5462,6056,6045,5956,5719,5843,5900,5815,5754,5718,5632,5623,5579,5544,5480,5530,5583,5627,5741,5923,5932,5991,6009,5975,6036,6101,6150,,
WRK,WRK0331,HAWK,tehuka,Geo,Geo,2026-03-18,6166,6137,6117,6135,6128,6177,6231,6223,6161,6186,6185,6236,6286,5710,4246,3885,3808,3809,3775,3791,3768,3769,3765,3768,3796,4280,4535,4582,4574,4584,4573,4568,4573,4570,4561,4417,8509,11486,11588,11644,11708,11801,11806,12158,12218,12320,12352,12474,,
WRK,WRK0331,HAWK,tehuka,Geo,Geo,2026-03-19,12553,12597,12649,12720,12056,11921,12204,12070,12344,12497,12671,12680,12667,12659,12692,12323,12352,12184,12079,12168,11692,11286,11290,11121,11093,11028,11027,11047,10748,10605,10542,10594,10543,10476,10565,10601,10825,11166,11530,11518,11797,11907,11923,12280,12361,12383,12479,12677,,
WRK,WRK0331,HAWK,tehuka,Geo,Geo,2026-03-20,12686,12722,12797,12761,12843,12922,12898,12887,12900,13026,13020,13117,12978,13192,13139,13169,13020,12805,12564,12183,11586,11513,11794,11488,11335,10875,10888,11063,10793,11046,10971,11049,11020,10982,11113,11232,11155,11412,11458,11323,11503,12171,12276,12480,12518,12547,12583,12529,,
WRK,WRK0331,HAWK,tehuka,Geo,Geo,2026-03-21,12399,12483,12775,12812,12825,12912,12881,12843,12817,12774,12814,12729,12768,12905,12994,13018,12980,12865,12741,12658,12527,12331,12232,11985,11867,11684,11586,11501,11227,11341,11467,11478,11334,11517,11502,11529,11647,11628,11567,11853,11994,11970,12074,12238,12355,12387,12409,12450,,
WRK,WRK0331,HAWK,tehuka,Geo,Geo,2026-03-22,12380,12437,12474,12498,12584,12706,12645,12533,12582,12610,12582,12632,12621,12704,12740,12669,12752,12653,12548,12445,12366,12096,12047,12130,11901,11652,11464,11429,11177,11129,10969,10856,10885,10949,10805,10787,11032,11308,11674,11851,11878,11788,11982,12063,12222,12228,12156,12297,,
WRK,WRK0331,HAWK,tehuka,Geo,Geo,2026-03-23,12224,12261,12275,12266,12432,12560,12682,12840,12820,12783,12941,12961,12988,12978,13050,13056,12992,12915,12719,12534,12346,12136,12005,11759,11411,11347,11282,10849,10858,10879,10956,10852,10899,10887,10912,10980,10976,10887,11090,11304,11493,12103,12280,12338,12430,12503,12515,12515,,
WRK,WRK0331,HAWK,tehuka,Geo,Geo,2026-03-24,12539,12559,12514,12512,12649,12711,12670,12581,12564,12787,12783,12794,12780,12660,12906,12977,12888,12978,12986,12896,12744,12681,12464,12282,12180,12032,11908,11790,11684,11518,11636,11621,11499,11485,11500,11501,11492,11643,11777,11945,12091,12229,12267,12524,12414,12454,12482,12725,,
WRK,WRK0331,HAWK,tehuka,Geo,Geo,2026-03-25,12808,12797,12900,12964,12991,13031,13047,13040,12976,13032,12897,13173,13118,13192,13142,13121,13050,12944,12793,12727,12475,12166,12124,12116,11959,11971,11896,11840,11736,11618,11527,11587,11683,11770,11853,11925,11864,11975,12126,12282,12380,12435,12331,12476,12502,12508,12467,12520,,
WRK,WRK0331,HAWK,tehuka,Geo,Geo,2026-03-26,12511,12526,12575,12608,12578,12491,12491,12509,12437,12378,12427,12368,12436,12483,12452,12518,12507,12572,12391,11967,12061,11989,11916,11869,11800,11883,12051,12035,11770,11817,11790,11769,12313,12219,12223,12218,12263,12275,12222,12218,12136,12078,12139,12118,12082,12100,12222,12239,,
WRK,WRK0331,HAWK,tehuka,Geo,Geo,2026-03-27,12172,12196,12285,12377,12310,12289,12209,12202,12113,12126,12066,11957,11851,11891,11911,12049,12170,12134,11903,12028,11785,11593,11569,11618,11498,11490,11352,11273,11460,11254,11375,11375,11378,11443,11599,11703,11833,12069,11966,11903,12037,12118,12183,12154,12175,12245,12127,12062,,
WRK,WRK0331,HAWK,tehuka,Geo,Geo,2026-03-28,12127,12209,12259,12256,12095,12251,12267,12298,12266,12276,12288,12298,12318,12313,12038,12249,12317,12162,12095,12026,11858,11665,11533,11399,11103,11099,11112,11073,10946,10949,10943,10885,10849,10878,10949,10930,11037,11209,11438,11868,12056,12048,12033,12189,12279,12302,12350,12453,,
WRK,WRK0331,HAWK,tehuka,Geo,Geo,2026-03-29,12475,12465,12563,12507,12664,12743,12773,12735,12917,12936,12984,13168,13195,13104,13082,13016,12978,12858,12757,12385,12392,12096,12050,11944,11723,11576,11407,11372,11368,11344,11220,11303,11721,11574,11077,11172,11312,11335,11547,11599,11728,11817,11689,11939,11462,11129,11730,11769,,
WRK,WRK0331,HAWK,tehuka,Geo,Geo,2026-03-30,11824,11912,12126,12016,12219,12280,12157,12232,12444,12371,12519,12479,12483,12556,12414,12431,12559,12525,12441,12248,12231,12080,11985,12013,11998,11875,11658,11441,11311,11054,11060,11165,11225,11051,11185,11400,11336,11623,11758,11673,11915,11757,11881,11724,12189,12228,12254,12061,,
WRK,WRK0331,HAWK,tehuka,Geo,Geo,2026-03-31,12267,12290,12106,11853,11840,11873,12231,12401,12488,12538,12530,12567,12413,12219,12214,12377,12455,12357,12133,12053,12129,11970,11993,12029,12022,11930,11689,11559,11480,11431,11335,11503,11482,11424,11161,11156,11119,11353,11474,12059,12464,12583,12688,12742,12820,12816,12679,12718,,
WRK,WRK2201,CTCT,wairakei,Geo,Geo,2026-03-01,62278,62104,62013,61955,61532,61305,62044,62233,62417,62530,62571,62533,62591,62277,52810,51969,51935,51967,51827,51762,51572,51382,51181,51105,50890,50819,50843,50586,50405,50405,50510,50253,50195,50288,50351,50336,50158,50238,50233,50397,50785,50971,51157,51200,51341,51438,51394,51225,,
WRK,WRK2201,CTCT,wairakei,Geo,Geo,2026-03-02,51318,51419,51552,51642,51971,52029,52062,52112,52097,52060,51941,51759,51841,51946,51909,51947,51895,51955,51938,51708,51449,51526,51463,51294,51159,51051,51045,51037,51167,51032,50998,51148,51498,51282,51521,51496,51454,51521,51958,52088,52210,52198,52088,52250,52351,52492,52760,52735,,
WRK,WRK2201,CTCT,wairakei,Geo,Geo,2026-03-03,52107,52205,52575,52808,52845,52864,52898,52905,52850,52957,52964,52925,52949,52947,52865,52789,52685,52486,51900,51730,51606,51473,51299,51263,51191,50992,51005,51006,50940,50962,50871,50829,50824,50875,50823,50848,51020,51097,51296,51496,51690,51785,51734,51915,52207,52061,52176,52384,,
WRK,WRK2201,CTCT,wairakei,Geo,Geo,2026-03-04,52557,52604,52660,52686,52717,52777,52842,52795,52789,52793,52782,52631,52839,52811,52648,52698,52537,52034,51777,51509,51427,51394,51397,51252,51085,39895,37530,37733,37767,48245,50672,50351,50778,50661,50530,50512,50647,50724,50869,51472,51913,51827,51639,51946,52122,52228,52377,52478,,
WRK,WRK2201,CTCT,wairakei,Geo,Geo,2026-03-05,52609,52683,52677,52695,52773,52766,52818,52890,52929,52944,52991,53031,53011,53060,53037,53004,52891,52647,52346,52145,51966,51804,51808,51557,51369,51418,46749,45356,45560,49025,50816,50711,50610,50585,50531,50533,50612,50627,50810,50967,51223,51421,51623,51703,51930,52071,52208,52319,,
WRK,WRK2201,CTCT,wairakei,Geo,Geo,2026-03-06,52461,52488,52511,52565,52647,52688,52729,52779,52834,52869,52945,52980,52980,52997,52999,52948,52777,52567,52382,52054,51995,51581,51586,51312,51188,51176,50993,50864,50956,50813,50726,50517,50517,50443,50472,50492,50582,50696,50851,51034,51318,51521,51882,52063,52083,52270,52365,52447,,
WRK,WRK2201,CTCT,wairakei,Geo,Geo,2026-03-07,52368,52538,52495,52566,52658,52676,52710,52740,52818,52717,52637,52592,52489,52325,52421,52586,52506,52356,52218,52073,52009,52023,51611,51706,51380,51211,51060,51057,50830,50807,50591,50523,50418,50352,50362,50319,50320,50345,50449,50703,50900,50959,51004,51106,51207,51319,51437,51325,,
WRK,WRK2201,CTCT,wairakei,Geo,Geo,2026-03-08,51348,51382,51404,51483,51530,51542,51595,51616,51744,52085,52345,52331,49546,49043,49054,49002,48961,48888,48630,48801,48746,48680,48640,48550,48270,48106,48453,48385,48231,48279,48186,48147,48133,48145,48190,48158,48132,48222,48294,48364,48384,48326,48418,48644,48801,48880,48889,48864,,
WRK,WRK2201,CTCT,wairakei,Geo,Geo,2026-03-09,48877,48899,48923,48872,48756,48646,48650,48780,48865,48818,48744,48551,48546,48677,48804,48846,48717,48534,48312,48262,48147,48046,48047,48065,47988,48008,47965,47960,47853,47777,47747,47752,47753,47829,47791,47775,47799,47794,47834,47926,48069,48196,48247,48353,48391,48402,48509,48467,,
WRK,WRK2201,CTCT,wairakei,Geo,Geo,2026-03-10,48495,48543,48564,48697,48779,48788,48849,48928,48928,48945,48993,48798,48713,48745,48770,48747,48651,48685,48570,48486,48437,48157,48182,48220,48322,48270,48270,48287,48256,48265,48207,48205,48209,48245,48242,48257,48301,48371,48478,48561,48628,48653,48745,48786,48794,48682,48643,48742,,
WRK,WRK2201,CTCT,wairakei,Geo,Geo,2026-03-11,48878,49037,49101,49135,49185,49185,49162,49181,49167,49197,49260,49260,49295,49288,49271,49261,49244,49103,48972,48851,48731,48740,48742,48667,43628,42760,47385,48272,48255,48220,48179,48179,48143,48140,48149,48105,48132,48206,48280,48268,48367,48449,48491,48504,48505,48586,48669,48772,,
WRK,WRK2201,CTCT,wairakei,Geo,Geo,2026-03-12,48811,48875,48855,48884,49010,49014,48944,49001,48968,49023,49069,49089,49117,49142,49105,49140,49111,48992,48813,48661,48566,48385,48267,48195,48112,48098,48041,48023,47989,47982,47926,47895,47863,47866,47870,47846,47912,47924,48007,48022,48061,48079,48099,48139,48166,48243,48247,48228,,
WRK,WRK2201,CTCT,wairakei,Geo,Geo,2026-03-13,48233,48250,48292,48290,48285,48305,48318,48250,48243,48197,48186,48219,48224,48220,48218,48216,48165,48153,48118,48095,48016,47332,43653,47443,47751,47662,47564,47498,47353,47269,47253,47187,47217,47287,47343,47358,47382,47464,47527,47603,47660,47667,47740,47737,47754,47779,47811,47785,,
WRK,WRK2201,CTCT,wairakei,Geo,Geo,2026-03-14,47817,47862,47847,47890,47893,47895,47955,47972,47951,47939,47992,47884,47999,48046,48145,48097,48063,47947,47895,47799,47726,47692,47629,47478,47484,47496,47421,47370,47316,47286,47302,47289,47311,47301,47359,47509,47716,47863,47970,47992,48061,48107,48175,48190,48199,48216,48308,48392,,
WRK,WRK2201,CTCT,wairakei,Geo,Geo,2026-03-15,48453,48525,48641,48723,48794,48801,48731,48700,48776,48676,48740,48734,48849,48926,48971,48984,48939,48853,48694,48507,48333,48233,48176,48150,48098,48038,47926,47929,47816,47785,47592,47650,47590,47610,47637,47631,47620,47662,47896,48139,48257,48352,48316,48396,48496,48551,48558,48625,,
WRK,WRK2201,CTCT,wairakei,Geo,Geo,2026-03-16,48657,48711,48785,48778,48773,48763,48769,48764,48750,48710,48705,48705,48700,48681,48691,48747,48748,48737,48611,48501,48429,48331,48265,48181,48101,48031,47933,47929,47918,47843,47878,47856,47798,47793,47787,47827,47889,47980,48072,48157,48353,48415,48486,48597,48715,48746,48798,48858,,
WRK,WRK2201,CTCT,wairakei,Geo,Geo,2026-03-17,48892,48930,48994,49029,49040,48981,49095,49101,49095,49098,49106,49140,49175,49172,49097,49021,48967,48872,48774,48703,48672,48596,48496,48414,48329,48345,48242,48154,48014,48035,47964,47964,48000,47898,47849,47835,47902,47923,48044,48295,48409,48502,48526,48517,48485,48419,48479,48532,,
WRK,WRK2201,CTCT,wairakei,Geo,Geo,2026-03-18,48519,48651,48691,48675,48695,48707,48704,48698,48677,48672,48693,48719,48761,48751,48757,48801,48781,48704,48633,48493,48465,48373,48335,48205,48318,48248,48145,47917,42902,43401,46504,46642,46672,46560,46504,46511,46835,46947,47007,46941,46720,46645,46719,46809,46925,46940,47016,47201,,
WRK,WRK2201,CTCT,wairakei,Geo,Geo,2026-03-19,47362,47467,47398,47301,47202,47090,47107,47227,47231,47255,47285,47440,47485,47270,47220,44942,44198,44183,44136,44191,44162,44126,44291,44400,44408,44207,44072,44027,43921,43898,43881,43869,43785,43905,44055,44167,44147,44153,44104,44020,44101,44094,44150,44242,44383,44570,44838,44910,,
WRK,WRK2201,CTCT,wairakei,Geo,Geo,2026-03-20,44911,44866,44899,44945,44954,45014,45046,45165,45319,45512,45527,45568,45473,45206,45187,45235,45177,44978,44818,44880,44923,44904,44780,44624,44446,44312,44194,44197,44130,44080,44042,44160,44262,44339,44244,44074,44049,44062,44116,44177,44285,44296,44407,44576,44673,44662,44627,44586,,
WRK,WRK2201,CTCT,wairakei,Geo,Geo,2026-03-21,44564,44582,44681,44709,44617,44616,44807,45016,45148,45100,45011,44902,44885,44925,44892,44862,44848,44948,45041,45082,45034,44881,44729,44589,44532,44336,44404,44333,44389,44579,44442,44356,44212,44171,44066,44080,44184,44183,44395,44493,44556,44251,44264,44241,44226,44194,44201,44351,,
WRK,WRK2201,CTCT,wairakei,Geo,Geo,2026-03-22,44445,44476,44556,44681,44769,44793,44761,44727,44661,44510,44443,44488,44545,44635,44651,44803,44946,44971,44870,44648,44389,44211,44152,44148,44115,44071,44049,44135,44245,44142,44011,43791,43731,43690,43797,43689,43759,43868,43894,44086,44171,44137,44110,44021,43972,43988,44031,44074,,
WRK,WRK2201,CTCT,wairakei,Geo,Geo,2026-03-23,44027,44042,44238,44364,44465,44470,44406,44378,44370,44396,44398,44416,44532,44637,44838,44969,44861,44727,44554,44431,44302,44273,44077,44028,44014,44119,44068,44045,43912,43746,43629,43572,43508,43505,43515,43526,43690,44020,44087,44061,44010,44002,43996,44054,44024,44035,44070,44143,,
WRK,WRK2201,CTCT,wairakei,Geo,Geo,2026-03-24,44356,44440,44421,44334,44240,44188,44191,44206,44195,44292,44392,44543,44684,44783,44672,44518,44343,44373,44392,44340,37392,36585,39954,40409,40460,40453,40438,40415,40385,40374,40340,40263,40184,40293,40226,40222,40338,40249,42397,42714,45592,48034,48410,48464,48501,48498,48556,48617,,
WRK,WRK2201,CTCT,wairakei,Geo,Geo,2026-03-25,48763,48796,48834,48791,48840,48902,48853,48891,48874,48930,48955,49002,49010,48946,48945,48891,48747,48627,48628,48425,48315,48516,50801,50825,50804,50692,50219,48026,47668,47802,47822,47988,48066,48144,48143,48138,48118,48089,48098,48142,48164,48190,48212,48259,48320,48335,48300,48289,,
WRK,WRK2201,CTCT,wairakei,Geo,Geo,2026-03-26,48314,48267,48308,48271,48259,48285,48270,48315,48355,48348,48332,48311,48277,48263,48328,48347,48287,48336,48476,48577,48571,48561,48502,48513,48498,48511,48478,48464,48434,48433,48386,48395,48388,48398,48387,48399,48407,48418,48405,48402,48386,48364,48410,48401,48398,48408,48424,48403,,
WRK,WRK2201,CTCT,wairakei,Geo,Geo,2026-03-27,48395,48414,48421,48454,48430,48430,48368,48342,48356,48361,48353,48359,48365,48362,48378,48406,48388,48352,48261,48279,48227,48250,48229,48215,48270,48186,48173,48224,48264,48239,48222,48243,48269,48365,48494,48619,48698,48771,48787,48727,48699,48707,48755,48712,48774,48772,48749,48768,,
WRK,WRK2201,CTCT,wairakei,Geo,Geo,2026-03-28,48743,48759,48749,48752,48747,48734,48724,48750,48783,48766,48768,48844,48836,48828,48808,48825,48819,48743,48642,48613,48572,48348,48167,48116,48056,47925,47909,47834,47834,47745,47689,47731,47662,47632,47652,47638,47651,47797,48065,48218,48287,48367,48421,48440,48487,48537,48568,48608,,
WRK,WRK2201,CTCT,wairakei,Geo,Geo,2026-03-29,48605,48627,48638,48651,48676,48656,48687,48716,48720,48728,48725,48719,48724,48678,48630,48618,48653,48632,48568,48534,48397,48241,48176,48095,47985,47929,47807,47788,47760,47662,47551,47607,47652,47670,47846,47974,48016,48096,48152,48234,48168,48158,48283,48346,48394,48454,48467,48491,,
WRK,WRK2201,CTCT,wairakei,Geo,Geo,2026-03-30,48388,48351,48339,48369,48362,48369,48378,48428,48457,48468,48531,48499,48518,48533,48517,48454,48538,48580,48238,48390,48166,47866,47918,48012,48112,48166,48105,47968,47728,47672,47630,47600,47436,47448,47455,47490,47485,47502,47733,47751,47774,49366,50624,50826,50621,50653,50394,50330,,
WRK,WRK2201,CTCT,wairakei,Geo,Geo,2026-03-31,50441,50503,50532,50758,50909,51033,50769,50656,50822,51173,51340,51319,51008,50650,50730,50712,50286,50295,50191,50200,50298,50475,50491,50322,50239,50207,50159,50081,50087,45581,49051,49910,49903,50500,50723,51168,51232,51370,51621,51732,51754,51810,51918,52018,52088,52170,52101,52038,,
WTK,WTK0111,MERI,waitaki,Hydro,Hydro,2026-03-01,30175,31856,32438,33590,33649,33664,33630,33654,33558,33752,33827,33473,33672,33562,33649,33646,33495,33535,33435,33787,33803,33772,33636,33641,33685,33708,33561,33627,33868,34089,34189,34142,34212,34044,34243,34062,33581,33454,33688,33753,33825,33565,33775,33639,33345,34444,34044,33681,,
WTK,WTK0111,MERI,waitaki,Hydro,Hydro,2026-03-02,32601,31507,30510,29080,28849,29641,29678,29713,29805,29696,29613,29973,30133,29249,29516,29857,29382,29862,29923,30032,29908,29945,29798,29781,29656,29766,29830,29761,30007,29868,29912,29734,29890,29772,29849,29669,29974,29771,29865,29668,29750,29642,29769,29813,29543,29646,29654,29771,,
WTK,WTK0111,MERI,waitaki,Hydro,Hydro,2026-03-03,29734,32759,33320,33150,33129,33394,33181,33098,33159,33312,33249,33235,33995,33354,33119,32988,32815,32942,35574,37376,38098,38204,37851,38549,37219,36256,35322,33289,33444,33119,33537,32939,33311,33061,33501,33124,33395,33773,33805,33646,34101,34261,34525,34606,35216,35182,35637,35768,,
WTK,WTK0111,MERI,waitaki,Hydro,Hydro,2026-03-04,34472,34370,35128,35847,36735,37760,38815,39467,39629,39557,39689,39577,39892,39706,39722,39814,39553,39786,39866,39926,39757,39627,39831,39933,39695,39615,39815,39892,39787,39868,42270,41345,40310,39912,39912,39858,39875,40334,40313,40478,40974,41421,42376,42903,43647,44294,44683,44559,,
WTK,WTK0111,MERI,waitaki,Hydro,Hydro,2026-03-05,44642,44594,44650,44636,44597,44666,44459,44604,43994,43594,44116,44404,44669,44685,44643,44759,44584,44442,44832,44913,44720,44736,44876,44858,44677,44885,44679,44989,44821,44921,44502,44925,45009,44929,44593,45247,44572,44599,44671,44372,44576,44624,44724,44538,44339,44780,44713,44564,,
WTK,WTK0111,MERI,waitaki,Hydro,Hydro,2026-03-06,43692,42534,41747,40661,39604,38720,37671,36494,35513,34886,33392,32279,30923,29954,30003,29480,29950,30065,30022,29900,29706,29743,29623,29987,29681,29764,29715,29772,29765,29745,29887,29770,29731,29676,29720,29788,29682,29777,29717,29674,29752,29682,29664,29645,29787,29730,29743,29755,,
WTK,WTK0111,MERI,waitaki,Hydro,Hydro,2026-03-07,29739,29701,29718,29693,29709,29698,29677,29602,29715,29776,29814,29722,29722,29766,29919,29810,29884,29793,29834,29877,29817,29903,29849,29873,29873,29829,29862,29883,29909,29872,29825,29757,29758,29768,29809,29846,31870,32110,30616,29862,29763,29681,29754,29829,29750,29827,29988,29774,,
WTK,WTK0111,MERI,waitaki,Hydro,Hydro,2026-03-08,32109,32246,34601,34776,37039,37159,37088,37164,37192,37134,37131,37099,37139,37349,37297,37273,37357,37135,37344,37231,37264,37300,37301,37303,37253,37161,37387,37325,37432,37113,37259,37214,37147,37437,36994,37203,37015,37027,37265,37197,37252,37236,37212,37233,37210,37048,37189,37179,,
WTK,WTK0111,MERI,waitaki,Hydro,Hydro,2026-03-09,37118,36925,36946,36465,36218,36136,35422,35209,33916,32813,31824,30669,29137,29140,29037,29045,29182,29309,29380,29458,29521,29462,29514,29649,29668,29699,29705,29740,29861,29817,29780,29830,29765,29797,29843,29721,29791,29807,29771,29701,29656,29566,29732,29603,29733,29609,29618,29630,,
WTK,WTK0111,MERI,waitaki,Hydro,Hydro,2026-03-10,29182,29602,29562,29549,29539,29492,29478,29453,29473,29412,29463,29407,29611,29315,29471,29452,29521,29592,29486,29627,29856,29822,29902,29827,29828,29833,29682,29803,29817,29702,29813,29823,29857,29972,29529,29737,29799,29764,29694,29743,29738,29756,29798,29616,29689,29624,29687,29587,,
WTK,WTK0111,MERI,waitaki,Hydro,Hydro,2026-03-11,28768,28703,28701,28649,28704,28653,28684,28680,28626,28669,28758,28666,28757,28585,28725,28656,28720,28808,28691,28840,29750,29671,29684,29658,28558,29690,28802,28747,28763,28673,28730,28696,28656,28787,28698,28613,28655,28652,28963,29186,29471,29644,29727,29583,29792,29621,29684,29707,,
WTK,WTK0111,MERI,waitaki,Hydro,Hydro,2026-03-12,29870,29666,29684,29574,29555,29550,29688,29798,29720,29737,29602,29655,29676,29696,29646,29680,29714,29714,29647,29706,29666,29667,29732,29638,29696,29642,29618,29853,29725,29589,29725,29759,29684,29805,29592,29689,29643,29725,29701,29720,29626,29711,29676,29722,29661,29704,29662,29689,,
WTK,WTK0111,MERI,waitaki,Hydro,Hydro,2026-03-13,29579,29717,29663,29704,29635,29630,29702,29774,29722,29656,29751,29683,29777,29636,29761,29690,29676,29735,29745,29702,29703,29790,29754,29735,29745,29674,29715,29750,29741,29784,29760,29718,29700,29672,29666,29758,29767,29679,29700,29696,29677,29618,29746,29651,29707,29715,29701,29614,,
WTK,WTK0111,MERI,waitaki,Hydro,Hydro,2026-03-14,29665,29668,29656,29699,29758,29569,29651,29657,29812,29688,29614,29700,29628,29652,29756,29586,29773,29553,29557,29723,29721,29733,29586,29693,29528,29567,29612,29568,29540,29489,29432,29529,29419,29544,29534,29392,29411,29443,29444,29562,29510,29539,29561,29568,29556,29541,29549,29521,,
WTK,WTK0111,MERI,waitaki,Hydro,Hydro,2026-03-15,29518,29462,29462,29437,29463,29450,29413,29431,29428,29415,29412,29408,29382,29268,29247,29260,29171,29185,29113,29128,29184,29292,29399,29520,29549,29554,29596,29614,29635,29756,29723,29701,29750,29793,29753,29717,29666,29673,29725,29726,29673,29710,29747,29674,29688,29674,29783,29630,,
WTK,WTK0111,MERI,waitaki,Hydro,Hydro,2026-03-16,29631,29665,29680,29691,29689,29609,29679,29651,29701,29624,29591,29596,29579,29592,29582,29506,29482,29516,29490,29590,29621,29623,29469,29438,29472,29496,29372,29379,29473,29444,29556,29537,29667,29837,29724,29705,29598,29606,29726,29894,29862,29879,29745,29687,29680,29626,29726,29730,,
WTK,WTK0111,MERI,waitaki,Hydro,Hydro,2026-03-17,29646,29677,29702,29665,29690,29758,29676,29724,29681,29628,29662,29748,29657,29873,29708,29704,29716,29795,29888,29714,29665,29729,29783,29727,29722,29739,29731,29757,29774,29725,29793,29893,29694,29685,29777,29820,29634,29649,29733,29654,29680,29682,29699,29667,29726,29615,29699,29685,,
WTK,WTK0111,MERI,waitaki,Hydro,Hydro,2026-03-18,29682,29724,29674,29650,29702,29670,29672,29677,29664,29609,29578,29646,29958,29769,29761,29704,29866,29911,29835,29881,29725,29926,29909,29810,29796,29787,29800,29888,29845,29899,29898,29833,29916,29831,29800,29863,29868,29850,29857,29673,29650,29697,29781,29655,29600,29664,29698,29665,,
WTK,WTK0111,MERI,waitaki,Hydro,Hydro,2026-03-19,29700,29691,29704,29638,29682,29648,29673,29723,29772,29670,29733,29728,29863,29807,29967,29440,29593,29807,29893,29806,29885,29869,29881,29831,29815,29851,29902,29863,29837,29848,30000,29655,29812,29939,29920,29931,29766,29832,29867,29886,29835,29859,29953,29802,29728,29685,29697,29671,,
WTK,WTK0111,MERI,waitaki,Hydro,Hydro,2026-03-20,29880,29769,29658,29629,29656,29601,29695,29676,29695,29697,29713,29710,29803,29680,29922,29536,29694,29663,29651,29655,29813,29931,29556,29351,29616,30131,29687,29489,29775,29740,29767,29483,29525,29674,29886,29834,29729,29441,29322,31134,32559,33759,35171,36231,36604,36691,38071,38935,,
WTK,WTK0111,MERI,waitaki,Hydro,Hydro,2026-03-21,40102,41513,42450,43239,44637,44669,44760,46277,47406,48752,49773,50811,51557,51292,51619,51593,51406,51609,51557,51562,51578,51597,51594,51660,51497,51403,51494,51560,51531,51592,51500,51390,51611,51709,51557,51618,51702,51547,51563,51620,51494,51507,51479,51407,51405,51329,51515,51232,,
WTK,WTK0111,MERI,waitaki,Hydro,Hydro,2026-03-22,50592,49227,48861,47553,46535,45574,44274,43335,42526,41866,40676,39615,38636,37325,36284,35258,34178,33497,32558,30993,29954,29242,29189,28920,29134,29049,29007,29057,29062,29038,28947,28958,28954,29036,28999,29028,29049,29068,29078,29096,29116,29125,29198,29163,29201,29198,29211,29265,,
WTK,WTK0111,MERI,waitaki,Hydro,Hydro,2026-03-23,31427,31714,34116,34138,36029,36003,35979,36038,36105,35993,35794,36047,36041,36090,36108,36089,36088,36228,36179,36377,36173,36214,36501,36014,36159,36364,36240,36170,36630,36354,36632,36562,36039,36191,36449,36386,36340,36305,36321,36238,36162,36110,36159,36180,36207,36124,36168,36137,,
WTK,WTK0111,MERI,waitaki,Hydro,Hydro,2026-03-24,35236,34305,33303,32297,31258,30267,29769,29705,29806,29650,29680,29705,29810,29787,29815,29691,29475,29372,29951,29920,29952,29610,29619,29722,29774,29834,29580,29772,29721,29922,29548,29641,29673,29445,29462,29665,29815,29848,29727,29750,29748,29753,29765,29650,29707,29706,29772,29603,,
WTK,WTK0111,MERI,waitaki,Hydro,Hydro,2026-03-25,31932,32342,34635,34630,37089,37112,39341,39622,42097,42082,42183,42145,42185,42512,42021,42169,42187,42204,42192,42141,42311,42335,42267,42215,42313,42190,41776,42332,42641,43952,41433,41710,42504,41875,42224,42199,42160,42225,42250,42245,42221,42104,42310,42063,42121,42072,42142,42117,,
WTK,WTK0111,MERI,waitaki,Hydro,Hydro,2026-03-26,41218,40003,39211,38278,37088,37132,37267,37121,37230,37072,37217,37209,37174,37219,37220,37119,37342,37275,37332,37176,37365,37398,37461,37178,37301,37377,37330,37101,37348,37337,37626,37112,37239,37249,37201,37258,37410,37334,37282,37451,37195,37113,37281,37299,37264,36988,36876,37308,,
WTK,WTK0111,MERI,waitaki,Hydro,Hydro,2026-03-27,36447,35183,35166,35165,35052,35168,35226,35098,35285,35179,34976,35314,35232,35269,34872,35172,35288,35231,35364,35450,35153,35345,35278,34998,34828,34817,34685,34782,34397,34448,34421,34218,33787,33832,33298,33243,33014,31830,30884,29714,29731,29876,30006,29605,29148,28968,28870,28815,,
WTK,WTK0111,MERI,waitaki,Hydro,Hydro,2026-03-28,29809,29351,28604,27483,26569,25491,24554,23584,22418,21537,22189,22261,22253,22190,22155,22071,22159,22073,21979,21959,21911,21869,21828,21853,21722,21732,21658,21604,22215,22308,22190,22225,22300,24062,24885,27036,27165,27689,28199,28540,28980,29486,29508,29390,29430,29428,29539,29501,,
WTK,WTK0111,MERI,waitaki,Hydro,Hydro,2026-03-29,29400,29040,29535,29463,29094,29290,29657,29777,29458,29339,29366,29434,29371,29442,29417,29505,29500,29503,29551,29547,29528,29542,29582,29559,29619,29641,29578,29668,29678,29699,29658,29680,29709,29717,29860,29579,29671,29684,29504,29513,29701,29738,29875,29586,30227,29597,29592,29791,,
WTK,WTK0111,MERI,waitaki,Hydro,Hydro,2026-03-30,31777,32226,33781,34162,34121,34201,34411,34019,34205,34197,34289,34141,33797,34169,34765,34147,34017,34322,34518,34091,34495,34391,34240,34304,34105,33865,34534,34225,34270,34223,34343,33793,33764,34588,34235,36410,36688,34904,34789,35193,34900,34735,35024,34719,34604,34942,34688,34695,,
WTK,WTK0111,MERI,waitaki,Hydro,Hydro,2026-03-31,33867,34223,34148,34156,34147,34152,34111,34239,34096,34120,34157,34193,34212,34005,34477,33738,34189,34367,34360,33974,34169,34280,34140,34069,34167,34167,34274,34164,34199,34181,34213,34255,34167,34085,34217,34037,34281,34150,34127,34107,34210,34219,34376,34006,34157,34163,34177,34186,,
WTK,WTK0111,WATA,waitaki,Hydro,Hydro,2026-03-01,0,0,0,0,0,0,0,0,0,0,0,0,0,0,0,0,0,0,0,0,0,0,0,0,0,0,0,0,0,0,0,0,0,0,0,0,0,0,0,0,0,0,0,0,0,0,0,0,,
WTK,WTK0111,WATA,waitaki,Hydro,Hydro,2026-03-02,0,0,0,0,0,0,0,0,0,0,0,0,0,0,0,0,0,0,0,0,0,0,0,0,0,0,0,0,0,0,0,0,0,0,0,0,0,0,0,0,0,0,0,0,0,0,0,0,,
WTK,WTK0111,WATA,waitaki,Hydro,Hydro,2026-03-03,0,0,0,0,0,0,0,0,0,0,0,0,0,0,0,0,0,0,0,0,0,0,0,0,0,0,0,0,0,0,0,0,0,0,0,0,0,0,0,0,0,0,0,0,0,0,0,0,,
WTK,WTK0111,WATA,waitaki,Hydro,Hydro,2026-03-04,0,0,0,0,0,0,0,0,0,0,0,0,0,0,0,0,0,0,0,0,0,0,0,0,0,0,0,0,0,0,0,0,0,0,0,0,0,0,0,0,0,0,0,0,0,0,0,0,,
WTK,WTK0111,WATA,waitaki,Hydro,Hydro,2026-03-05,0,0,0,0,0,0,0,0,0,0,0,0,0,0,0,0,0,0,0,0,0,0,0,0,0,0,0,0,0,0,0,0,0,0,0,0,0,0,0,0,0,0,0,0,0,0,0,0,,
WTK,WTK0111,WATA,waitaki,Hydro,Hydro,2026-03-06,0,0,0,0,0,0,0,0,0,0,0,0,0,0,0,0,0,0,0,0,0,0,0,0,0,0,0,0,0,0,0,0,0,0,0,0,0,0,0,0,0,0,0,0,0,0,0,0,,
WTK,WTK0111,WATA,waitaki,Hydro,Hydro,2026-03-07,0,0,0,0,0,0,0,0,0,0,0,0,0,0,0,0,0,0,0,0,0,0,0,0,0,0,0,0,0,0,0,0,0,0,0,0,0,0,0,0,0,0,0,0,0,0,0,0,,
WTK,WTK0111,WATA,waitaki,Hydro,Hydro,2026-03-08,0,0,0,0,0,0,0,0,0,0,0,0,0,0,0,0,0,0,0,0,0,0,0,0,0,0,0,0,0,0,0,0,0,0,0,0,0,0,0,0,0,0,0,0,0,0,0,0,,
WTK,WTK0111,WATA,waitaki,Hydro,Hydro,2026-03-09,0,0,0,0,0,0,0,0,0,0,0,0,0,0,0,0,0,0,0,0,0,0,0,0,0,0,0,0,0,0,0,0,0,0,0,0,0,0,0,0,0,0,0,0,0,0,0,0,,
WTK,WTK0111,WATA,waitaki,Hydro,Hydro,2026-03-10,0,0,0,0,0,0,0,0,0,0,0,0,0,0,0,0,0,0,0,0,0,0,0,0,0,0,0,0,0,0,0,0,0,0,0,0,0,0,0,0,0,0,0,0,0,0,0,0,,
WTK,WTK0111,WATA,waitaki,Hydro,Hydro,2026-03-11,0,0,0,0,0,0,0,0,0,0,0,0,0,0,0,0,0,0,0,0,0,0,0,0,0,0,0,0,0,0,0,0,0,0,0,0,0,0,0,0,0,0,0,0,0,0,0,0,,
WTK,WTK0111,WATA,waitaki,Hydro,Hydro,2026-03-12,0,0,0,0,0,0,0,0,0,0,0,0,0,0,0,0,0,0,0,0,0,0,0,0,0,0,0,0,0,0,0,0,0,0,0,0,0,0,0,0,0,0,0,0,0,0,0,0,,
WTK,WTK0111,WATA,waitaki,Hydro,Hydro,2026-03-13,0,0,0,0,0,0,0,0,0,0,0,0,0,0,0,0,0,0,0,0,0,0,0,0,0,0,0,0,0,0,0,0,0,0,0,0,0,0,0,0,0,0,0,0,0,0,0,0,,
WTK,WTK0111,WATA,waitaki,Hydro,Hydro,2026-03-14,0,0,0,0,0,0,0,0,0,0,0,0,0,0,0,0,0,0,0,0,0,0,0,0,0,0,0,0,0,0,0,0,0,0,0,0,0,0,0,0,0,0,0,0,0,0,0,0,,
WTK,WTK0111,WATA,waitaki,Hydro,Hydro,2026-03-15,0,0,0,0,0,0,0,0,0,0,0,0,0,0,0,0,0,0,0,0,0,0,0,0,0,0,0,0,0,0,0,0,0,0,0,0,0,0,0,0,0,0,0,0,0,0,0,0,,
WTK,WTK0111,WATA,waitaki,Hydro,Hydro,2026-03-16,0,0,0,0,0,0,0,0,0,0,0,0,0,0,0,0,0,0,0,0,0,0,0,0,0,0,0,0,0,0,0,0,0,0,0,0,0,0,0,0,0,0,0,0,0,0,0,0,,
WTK,WTK0111,WATA,waitaki,Hydro,Hydro,2026-03-17,0,0,0,0,0,0,0,0,0,0,0,0,0,0,0,0,0,0,0,0,0,0,0,0,0,0,0,0,0,0,0,0,0,0,0,0,0,0,0,0,0,0,0,0,0,0,0,0,,
WTK,WTK0111,WATA,waitaki,Hydro,Hydro,2026-03-18,0,0,0,0,0,0,0,0,0,0,0,0,0,0,0,0,0,0,0,0,0,0,0,0,0,0,0,0,0,0,0,0,0,0,0,0,0,0,0,0,0,0,0,0,0,0,0,0,,
WTK,WTK0111,WATA,waitaki,Hydro,Hydro,2026-03-19,0,0,0,0,0,0,0,0,0,0,0,0,0,0,0,0,0,0,0,0,0,0,0,0,0,0,0,0,0,0,0,0,0,0,0,0,0,0,0,0,0,0,0,0,0,0,0,0,,
WTK,WTK0111,WATA,waitaki,Hydro,Hydro,2026-03-20,0,0,0,0,0,0,0,0,0,0,0,0,0,0,0,0,0,0,0,0,0,0,0,0,0,0,0,0,0,0,0,0,0,0,0,0,0,0,0,0,0,0,0,0,0,0,0,0,,
WTK,WTK0111,WATA,waitaki,Hydro,Hydro,2026-03-21,0,0,0,0,0,0,0,0,0,0,0,0,0,0,0,0,0,0,0,0,0,0,0,0,0,0,0,0,0,0,0,0,0,0,0,0,0,0,0,0,0,0,0,0,0,0,0,0,,
WTK,WTK0111,WATA,waitaki,Hydro,Hydro,2026-03-22,0,0,0,0,0,0,0,0,0,0,0,0,0,0,0,0,0,0,0,0,0,0,0,0,0,0,0,0,0,0,0,0,0,0,0,0,0,0,0,0,0,0,0,0,0,0,0,0,,
WTK,WTK0111,WATA,waitaki,Hydro,Hydro,2026-03-23,0,0,0,0,0,0,0,0,0,0,0,0,0,0,0,0,0,0,0,0,0,0,0,0,0,0,0,0,0,0,0,0,0,0,0,0,0,0,0,0,0,0,0,0,0,0,0,0,,
WTK,WTK0111,WATA,waitaki,Hydro,Hydro,2026-03-24,0,0,0,0,0,0,0,0,0,0,0,0,0,0,0,0,0,0,0,0,0,0,0,0,0,0,0,0,0,0,0,0,0,0,0,0,0,0,0,0,0,0,0,0,0,0,0,0,,
WTK,WTK0111,WATA,waitaki,Hydro,Hydro,2026-03-25,0,0,0,0,0,0,0,0,0,0,0,0,0,0,0,0,0,0,0,0,0,0,0,0,0,0,0,0,0,0,0,0,0,0,0,0,0,0,0,0,0,0,0,0,0,0,0,0,,
WTK,WTK0111,WATA,waitaki,Hydro,Hydro,2026-03-26,0,0,0,0,0,0,0,0,0,0,0,0,0,0,0,0,0,0,0,0,0,0,0,0,0,0,0,0,0,0,0,0,0,0,0,0,0,0,0,0,0,0,0,0,0,0,0,0,,
WTK,WTK0111,WATA,waitaki,Hydro,Hydro,2026-03-27,0,0,0,0,0,0,0,0,0,0,0,0,0,0,0,0,0,0,0,0,0,0,0,0,0,0,0,0,0,0,0,0,0,0,0,0,0,0,0,0,0,0,0,0,0,0,0,0,,
WTK,WTK0111,WATA,waitaki,Hydro,Hydro,2026-03-28,0,0,0,0,0,0,0,0,0,0,0,0,0,0,0,0,0,0,0,0,0,0,0,0,0,0,0,0,0,0,0,0,0,0,0,0,0,0,0,0,0,0,0,0,0,0,0,0,,
WTK,WTK0111,WATA,waitaki,Hydro,Hydro,2026-03-29,0,0,0,0,0,0,0,0,0,0,0,0,0,0,0,0,0,0,0,0,0,0,0,0,0,0,0,0,0,0,0,0,0,0,0,0,0,0,0,0,0,0,0,0,0,0,0,0,,
WTK,WTK0111,WATA,waitaki,Hydro,Hydro,2026-03-30,0,0,0,0,0,0,0,0,0,0,0,0,0,0,0,0,0,0,0,0,0,0,0,0,0,0,0,0,0,0,0,0,0,0,0,0,0,0,0,0,0,0,0,0,0,0,0,0,,
WTK,WTK0111,WATA,waitaki,Hydro,Hydro,2026-03-31,0,0,0,0,0,0,0,0,0,0,0,0,0,0,0,0,0,0,0,0,0,0,0,0,0,0,0,0,0,0,0,0,0,0,0,0,0,0,0,0,0,0,0,0,0,0,0,0,,
WVY,WVY1101,WPWF,waipipi,Wind,Wind,2026-03-01,0,0,1,1,441,1147,107,6,193,394,1331,1547,1918,4382,3638,6921,8378,7058,8260,12490,17244,22903,22745,22870,21747,23435,26457,24865,29912,33561,35271,39421,42590,51092,55108,53538,51380,53025,53429,51416,51574,51150,49008,39566,58471,62552,62306,62281,,
WVY,WVY1101,WPWF,waipipi,Wind,Wind,2026-03-02,62309,62314,62319,62314,61668,62320,34936,32050,57400,26632,11516,10041,6354,10229,62912,64844,64601,64452,64409,64388,64378,64402,64398,64396,64380,64393,64399,64389,64396,64403,64396,64380,64403,64391,64400,64397,64391,64399,64409,64381,63541,64391,64421,64411,64328,63935,63280,63701,,
WVY,WVY1101,WPWF,waipipi,Wind,Wind,2026-03-03,63507,64425,64422,64367,63847,63716,64421,64405,64390,64423,64400,64420,64389,62970,64242,60727,60282,63388,63310,64742,64340,62804,58713,64376,64366,63656,63849,64388,64242,64385,64396,64370,64377,64297,64337,64358,64234,64353,64269,64281,63810,60207,58144,60433,62996,64305,64237,64203,,
WVY,WVY1101,WPWF,waipipi,Wind,Wind,2026-03-04,64249,64095,62998,60056,58079,56381,58131,53442,45059,48111,49634,51253,45647,39028,30859,24160,25523,25641,27038,26663,20720,16882,13585,14514,11830,8643,6671,3054,2289,2217,759,271,202,14,9,2,0,0,0,0,0,0,0,0,0,0,0,0,,
WVY,WVY1101,WPWF,waipipi,Wind,Wind,2026-03-05,0,0,0,69,253,229,128,426,867,2379,5294,9585,9172,8692,10094,11073,11354,10081,7660,6189,8374,18594,20017,22761,20654,22788,25838,21602,23102,20779,20559,22976,21376,22233,21640,20957,24928,28429,25545,26920,24967,25521,28580,22666,18663,17816,16739,19498,,
WVY,WVY1101,WPWF,waipipi,Wind,Wind,2026-03-06,19635,21492,20723,20240,21018,19540,17585,21278,27248,22194,19486,16170,13962,14524,18782,20881,19075,19009,17448,18230,22527,23109,32194,33213,33683,45641,54718,54417,56115,60185,60498,60557,58640,56382,53428,53226,53167,48822,40938,31078,29904,30687,27817,28782,29071,31231,35144,35103,,
WVY,WVY1101,WPWF,waipipi,Wind,Wind,2026-03-07,35877,31951,29953,28784,31028,33524,35105,33550,35173,32069,30691,31175,31695,30709,30565,27840,25140,18355,16019,19314,20658,25293,26717,23979,21628,21061,32418,36168,39835,37723,32543,29006,31383,28691,22617,22038,21464,18936,21825,18933,13179,11844,14992,18077,18091,18788,21245,20004,,
WVY,WVY1101,WPWF,waipipi,Wind,Wind,2026-03-08,17745,12837,11130,9514,12355,14465,8219,7702,7096,7367,9245,11724,10600,13192,14163,13462,13196,13473,8511,10361,8208,12253,21906,30182,29464,28523,42850,39580,38746,31747,35666,35564,38458,36492,37284,32202,25065,19383,21466,16278,16330,15949,19498,16650,17790,18443,17033,18318,,
WVY,WVY1101,WPWF,waipipi,Wind,Wind,2026-03-09,16680,21676,21840,21944,20877,16497,17547,16484,14148,13749,12499,12910,15089,14412,16078,12600,9181,6138,4543,8249,8951,11052,10995,9970,6162,4430,5570,5551,6713,5922,6987,20572,25793,37345,44573,43297,51082,49629,45752,47201,52213,52998,30896,49133,45822,40220,40137,53039,,
WVY,WVY1101,WPWF,waipipi,Wind,Wind,2026-03-10,53650,58531,59881,60030,60042,62183,62722,64012,64087,63933,63454,62520,61613,62383,63346,63464,60537,54959,43311,33151,33838,39105,34485,30628,37473,35854,32833,32444,33044,37145,43973,53941,57990,54269,56284,57849,56747,53764,52895,53973,52647,48598,46059,44958,37671,29401,24300,21160,,
WVY,WVY1101,WPWF,waipipi,Wind,Wind,2026-03-11,19710,16573,18498,16288,10230,7861,6112,3164,3570,4436,3328,2931,1527,1102,235,116,27,1,1,7,946,815,979,1908,2137,2830,2585,4133,5778,4015,3377,5577,6788,5370,5146,5329,3374,4031,4989,3158,3280,2900,2368,2764,815,1,0,0,,
WVY,WVY1101,WPWF,waipipi,Wind,Wind,2026-03-12,1,102,73,16,462,87,3,1,15,154,101,1034,2044,2738,6528,14198,9800,9814,12441,10939,12638,10757,9946,7394,2976,1708,3416,3245,4331,3977,4403,4135,5224,4996,1988,326,329,286,12,0,238,2473,2345,5201,5979,5632,1852,406,,
WVY,WVY1101,WPWF,waipipi,Wind,Wind,2026-03-13,9,401,382,2,0,0,4,9,42,2545,6572,6311,4043,9822,10608,8152,16893,28134,36724,29206,36240,38848,31299,32754,26301,27615,23240,27773,32047,36082,51360,55254,45485,35313,36152,28491,14968,20131,25920,21946,17530,20664,23195,25165,32408,29395,31353,23787,,
WVY,WVY1101,WPWF,waipipi,Wind,Wind,2026-03-14,33763,27341,15720,19094,27251,34173,29400,26805,37763,41292,41404,52620,48681,30668,37327,44130,34689,16632,6752,13407,18454,25152,28983,22905,27574,39483,36039,41821,47327,31167,27190,19009,17905,20607,15862,7961,4190,1223,0,0,0,0,0,0,0,0,0,0,,
WVY,WVY1101,WPWF,waipipi,Wind,Wind,2026-03-15,0,5,777,3147,3631,2385,1985,3383,4152,4938,7791,9178,7681,7716,8824,9517,7719,6572,5044,3845,4438,4735,4962,4642,6301,5248,5804,8112,6627,5693,877,9,381,1919,1903,583,268,42,1,0,0,0,0,0,0,0,0,18,,
WVY,WVY1101,WPWF,waipipi,Wind,Wind,2026-03-16,194,717,589,491,825,2198,4161,4826,2541,6645,11880,10817,25579,25111,20593,31576,35811,32383,28273,27521,45873,52915,52836,53770,58228,60349,61254,57612,54901,55831,53060,53469,56186,51841,51285,47946,48315,47309,43467,37753,35908,28986,24568,21660,19098,20171,21824,22884,,
WVY,WVY1101,WPWF,waipipi,Wind,Wind,2026-03-17,25207,28821,27598,26990,28059,26480,28963,30859,29393,32811,36188,27011,20360,17462,18230,17246,18688,16945,15669,18241,19794,16929,13794,7806,9962,15164,14117,13217,11262,9405,7705,2035,0,0,0,0,0,0,25,249,1817,2201,1078,943,754,376,338,2997,,
WVY,WVY1101,WPWF,waipipi,Wind,Wind,2026-03-18,3937,4696,5453,4535,4072,4125,4946,8348,12401,16155,16833,13681,13797,15466,16156,13567,12039,8284,4407,1875,2553,4370,3137,2373,6398,7447,9260,11641,9436,7743,12011,14962,20294,23339,15322,15439,9772,6992,4260,2889,842,461,265,272,0,0,0,0,,
WVY,WVY1101,WPWF,waipipi,Wind,Wind,2026-03-19,0,0,0,0,1103,28105,51735,53787,59115,26916,23144,31781,42602,44608,54249,53684,45118,44940,46927,48826,55085,52677,54307,46840,45118,51966,46718,53587,53477,58004,61268,62393,62359,62822,62222,62755,61082,59212,59990,56491,51307,46961,42203,32388,25578,26583,25040,31411,,
WVY,WVY1101,WPWF,waipipi,Wind,Wind,2026-03-20,34991,34734,34637,32638,24372,20823,18762,10999,4708,8982,10928,9400,13201,9443,7057,4544,0,0,0,0,0,0,0,0,0,0,0,0,0,0,0,0,46239,48866,50753,48060,49473,50870,46098,46427,42423,39093,51457,55270,52857,44950,42694,32256,,
WVY,WVY1101,WPWF,waipipi,Wind,Wind,2026-03-21,12979,11820,8065,5168,3449,1982,1114,819,2097,3111,4417,5360,5559,4375,4756,6578,7337,7290,7593,14597,14601,14475,13202,10714,10922,12071,11893,11465,9782,6729,2851,837,1408,3241,5163,5302,4165,2165,1218,723,191,2,0,0,0,1,0,0,,
WVY,WVY1101,WPWF,waipipi,Wind,Wind,2026-03-22,0,0,0,0,0,0,0,0,0,0,0,0,0,0,0,0,0,0,0,0,0,0,0,69,716,1109,707,1105,1381,3213,2056,780,778,32,129,20,0,0,0,0,0,0,0,0,378,104,1231,4365,,
WVY,WVY1101,WPWF,waipipi,Wind,Wind,2026-03-23,5997,4222,3491,5536,4776,4108,3008,1530,1671,2071,2689,1312,121,0,12,28,1,893,1171,301,1,0,0,1,793,2595,2991,4001,4028,5032,5548,5203,3540,3179,2717,1854,1270,178,0,0,0,0,0,0,0,0,0,0,,
WVY,WVY1101,WPWF,waipipi,Wind,Wind,2026-03-24,1,56,136,483,868,865,1741,9124,15543,17613,12024,6400,7152,6968,7459,4281,1257,1331,1117,521,2646,3253,1343,408,5,604,2194,4759,8474,7446,6763,3933,2257,1240,89,7,0,0,0,0,0,0,0,0,0,0,0,0,,
WVY,WVY1101,WPWF,waipipi,Wind,Wind,2026-03-25,0,0,0,0,0,0,0,0,0,170,1847,3667,1757,254,81,23,12,71,436,3648,2574,2117,1767,1111,2566,5480,7101,7020,5172,6324,7634,15759,19982,18208,16849,14726,11775,8893,6958,2512,160,250,2313,0,0,0,0,1584,,
WVY,WVY1101,WPWF,waipipi,Wind,Wind,2026-03-26,8915,8147,9048,8944,13446,13987,15546,11651,4826,1320,4233,6604,10748,20619,25188,27392,26280,30826,32440,30289,30262,35965,39261,26335,19252,16932,17558,21922,13485,12821,18130,31195,19569,9785,13310,19156,35696,19667,16230,19901,18423,24281,33525,28182,19268,17753,15325,18338,,
WVY,WVY1101,WPWF,waipipi,Wind,Wind,2026-03-27,14875,11685,15477,17367,15038,22022,11855,16792,37517,24451,29514,43042,35484,36312,38112,36265,20736,41988,45710,32823,30411,38229,33272,42279,38987,49808,53313,57437,55623,47528,41012,46158,49133,49399,53207,45987,42875,29449,21186,18522,23281,21991,19090,19617,22269,17106,17632,10519,,
WVY,WVY1101,WPWF,waipipi,Wind,Wind,2026-03-28,11339,17384,13705,9674,12533,14903,21298,11693,9684,11527,15812,11556,9124,12404,9952,8235,8156,3410,57,0,610,3910,11091,14675,12780,13579,15876,19324,21349,16303,20911,17313,14861,12685,9620,8346,7958,10433,10359,7626,6154,6245,4530,3915,4147,3663,3177,471,,
WVY,WVY1101,WPWF,waipipi,Wind,Wind,2026-03-29,57,894,713,2148,1007,199,15,2,330,216,1463,988,2476,1698,395,100,807,79,330,0,1,0,0,86,0,236,948,343,184,230,1386,572,166,206,47,1189,9,73,1489,726,4422,6855,3122,4118,15326,21657,15455,14895,,
WVY,WVY1101,WPWF,waipipi,Wind,Wind,2026-03-30,12513,12531,17744,5510,3155,2648,1857,1199,3369,2810,1422,112,1036,82,10,1724,6899,3724,1246,45,5093,3688,7941,14653,18253,24406,19469,18772,21543,26041,30174,29038,31623,34386,37475,38809,39368,37154,37194,39259,41394,45119,50538,53903,58440,58435,57740,59760,,
WVY,WVY1101,WPWF,waipipi,Wind,Wind,2026-03-31,61491,57220,55483,61278,64083,64022,64302,64310,64313,64313,64304,64327,64304,63364,54138,26809,10116,5858,4886,3080,16519,23079,11307,25476,33228,40227,41903,50584,61772,63364,62046,62873,63603,63864,64153,64055,63124,58568,43046,43115,45036,48929,36239,31438,29952,28244,26293,40151,,
WWD,WWD1102,MERI,west_wind,Wind,Wind,2026-03-01,0,1,370,959,1340,1253,1394,1646,2382,3414,4156,5016,6162,9457,8386,12258,16180,18452,18911,16813,18147,17269,16676,14346,10046,8583,7571,7219,7706,6284,5538,5524,2602,1601,1425,661,0,9811,29950,31448,31315,31153,30727,30653,30192,27860,19309,15023,,
WWD,WWD1102,MERI,west_wind,Wind,Wind,2026-03-02,9742,8202,9750,8945,16035,23189,26449,27886,29240,28731,30414,30264,30686,30496,30875,30288,26865,26590,26808,26741,28837,29823,27980,29574,29501,29002,27630,29635,29130,29578,28975,29760,29918,28507,28499,29196,27890,28048,30162,30218,29654,29409,28025,30219,29148,29408,29296,29213,,
WWD,WWD1102,MERI,west_wind,Wind,Wind,2026-03-03,28980,26399,28493,29025,28603,28806,28984,28638,27946,29156,28146,28656,28715,29306,30358,29115,28413,28893,28921,27459,26852,27801,28957,28031,25498,24754,21182,20664,18005,20102,18159,22257,25144,23914,23938,24450,23639,22121,21367,23247,21155,18144,19446,21222,19939,17712,15438,11740,,
WWD,WWD1102,MERI,west_wind,Wind,Wind,2026-03-04,9170,11592,13653,13586,10331,6903,8093,5073,4922,3699,2974,5063,3711,4482,4103,1596,835,935,1228,1293,946,1983,2286,1214,294,61,0,0,0,0,0,30,167,197,382,475,531,869,1828,2099,1936,1930,1665,2090,2380,3295,3486,3576,,
WWD,WWD1102,MERI,west_wind,Wind,Wind,2026-03-05,3626,4277,5313,6405,7666,8637,8888,9080,9680,9945,11524,14059,14844,16841,17634,16679,16316,17428,19451,20804,22406,24794,26055,25796,25787,27161,27629,27607,27617,27148,27676,26908,26493,28026,27485,27150,27163,27159,27060,28531,28031,26160,22870,23842,22276,23303,24176,25343,,
WWD,WWD1102,MERI,west_wind,Wind,Wind,2026-03-06,26834,27227,28351,29264,29101,29384,29266,29173,29514,29703,29477,29593,29533,28934,29138,29767,29293,28397,28819,28030,28065,28236,29540,29386,29587,28218,27625,26722,26329,26713,27259,27506,27030,27065,26528,27462,27313,27364,27313,27426,26972,27265,26932,26704,27144,27441,27445,27201,,
WWD,WWD1102,MERI,west_wind,Wind,Wind,2026-03-07,25357,25509,25678,23761,21929,19576,17706,17419,18978,17876,15555,15341,14947,14596,12898,11879,11401,11561,11246,10309,9122,7959,7661,8050,9580,9720,9692,9648,9594,8277,7303,12897,17936,17867,16463,18084,15929,16523,18616,16077,15967,17065,17418,19729,20020,21386,22271,23390,,
WWD,WWD1102,MERI,west_wind,Wind,Wind,2026-03-08,21646,22240,22827,22237,22868,21088,23798,22730,22182,21780,21594,21965,22258,22560,22575,22958,23579,23801,23213,23261,22229,22614,23250,23808,24981,25698,26906,27360,27462,26563,26797,27167,26962,26759,26290,25201,23373,25258,25808,26343,24924,25134,24997,23340,22959,23644,23540,24101,,
WWD,WWD1102,MERI,west_wind,Wind,Wind,2026-03-09,23902,22201,22232,19429,13242,7882,3921,2348,893,601,4,2467,3298,2155,1997,2084,986,3720,2697,2225,4419,6993,8579,14949,18602,19595,22610,23770,24634,23709,24212,23987,24051,25900,25670,27135,26908,25951,25220,26421,26102,25903,22642,23194,17297,13619,16399,15451,,
WWD,WWD1102,MERI,west_wind,Wind,Wind,2026-03-10,14422,12942,11688,13039,13234,11088,10137,9877,9204,10265,10665,9861,9464,9666,9206,9327,9365,10145,10835,12595,13983,15798,15232,13926,11702,8375,6519,6959,7619,8161,7702,8422,8781,9235,8769,10307,11441,9537,6822,5382,5063,4260,3772,1770,993,1343,1764,1841,,
WWD,WWD1102,MERI,west_wind,Wind,Wind,2026-03-11,1804,2527,3328,3673,3428,2738,1977,1607,2178,3158,3822,3561,3863,4111,4295,2747,1706,921,569,229,51,0,0,0,0,0,0,0,0,26,112,80,476,797,356,7,2,4,0,77,199,346,279,28,0,0,92,466,,
WWD,WWD1102,MERI,west_wind,Wind,Wind,2026-03-12,216,1,0,0,0,0,0,0,0,0,0,0,2,1,691,1518,2347,1725,2208,6129,11721,15776,20914,20361,19009,16288,14919,13294,12403,12417,11195,11780,12661,9802,7257,7143,6886,7628,8941,12206,13483,19168,13686,8528,8077,6270,6275,6501,,
WWD,WWD1102,MERI,west_wind,Wind,Wind,2026-03-13,6312,8021,7493,6817,8280,10581,10762,12329,10555,8213,8383,11073,8105,6419,7414,8522,8310,7970,9369,8686,14884,15449,14296,9869,4279,8291,4517,9060,14484,19089,17241,19738,22001,22554,23283,24492,24737,24100,20420,18286,10158,10573,11280,8926,8088,7295,4690,2312,,
WWD,WWD1102,MERI,west_wind,Wind,Wind,2026-03-14,2488,722,3,2136,7436,16403,21802,24821,25073,26259,26967,27988,27593,26467,26889,24565,25571,26611,24833,19661,16544,16187,12504,12800,12821,10467,11378,10758,10607,10713,7426,5009,2671,1422,109,0,2,0,0,0,0,0,0,0,0,0,1,0,,
WWD,WWD1102,MERI,west_wind,Wind,Wind,2026-03-15,9,208,511,1081,1824,1980,3525,5269,7646,10365,12009,13555,14309,14453,15282,13041,11562,9311,8426,7232,4793,3205,1897,1080,998,372,416,195,133,404,215,15,0,0,3,10,2,4,41,143,7,0,57,0,16,88,0,0,,
WWD,WWD1102,MERI,west_wind,Wind,Wind,2026-03-16,0,5,256,797,1415,1633,2451,3671,9542,11297,13670,19375,20600,20504,18937,20654,21764,21057,16613,13619,13083,12711,13231,14010,15289,13280,15602,16398,16185,15691,11951,10441,8010,4755,5031,6421,5504,3105,2988,2958,7043,6152,8171,9711,9598,9097,8942,9242,,
WWD,WWD1102,MERI,west_wind,Wind,Wind,2026-03-17,10776,11831,10301,7651,6735,6603,8288,7132,4633,5078,6316,5582,5029,3977,2751,2107,2209,2129,1043,906,989,613,358,77,4,110,132,47,39,3,1,0,0,0,0,2,326,223,659,1302,1428,2038,1562,910,2000,3318,4695,6879,,
WWD,WWD1102,MERI,west_wind,Wind,Wind,2026-03-18,11736,13391,15000,17150,16645,18482,21928,21195,22425,22490,23534,24992,24219,25776,25638,21526,23810,23941,24445,24045,25551,25589,25697,24661,24922,23489,24716,23055,26334,27306,25741,23837,17437,21465,20305,15052,11402,7733,3224,607,4277,16468,19844,24152,26429,28076,28758,28876,,
WWD,WWD1102,MERI,west_wind,Wind,Wind,2026-03-19,28780,28138,30108,31146,30703,30075,28521,26030,21124,19578,21767,21928,20055,19136,16593,15449,13792,13485,13815,12830,10888,9097,9679,10131,11641,17154,17938,17467,14209,14561,13626,15835,16796,16384,16711,14671,12143,7687,5799,3246,2937,2434,2169,1833,1869,1997,2476,4105,,
WWD,WWD1102,MERI,west_wind,Wind,Wind,2026-03-20,4499,5188,5793,5007,7124,8504,8535,8895,6339,4502,6437,8484,11254,12947,15998,17374,16078,18195,15550,16767,18216,16676,17248,16372,13853,13589,14990,12876,11213,11652,12190,11337,9154,12174,13472,15790,17960,19871,15880,11676,11138,9886,10678,9728,8181,8327,11170,8811,,
WWD,WWD1102,MERI,west_wind,Wind,Wind,2026-03-21,6492,6229,5030,4008,2623,4045,4358,8650,10082,9383,6614,7695,5067,4625,2307,1158,2217,1901,1041,716,991,726,648,488,233,29,579,1206,958,906,1214,569,542,552,143,75,178,803,859,171,0,2,4,1,0,0,0,0,,
WWD,WWD1102,MERI,west_wind,Wind,Wind,2026-03-22,0,0,0,0,0,0,0,0,0,0,0,0,49,602,927,934,1480,1585,1852,1159,627,103,18,12,819,440,97,97,36,0,0,0,0,0,0,0,0,0,0,0,0,0,0,0,0,0,3,36,,
WWD,WWD1102,MERI,west_wind,Wind,Wind,2026-03-23,9,0,1,2,5,7,7,0,0,0,0,1,209,952,965,890,590,345,183,4,0,0,0,0,0,0,0,0,0,0,0,0,0,0,0,0,0,0,0,0,0,0,0,0,0,0,0,0,,
WWD,WWD1102,MERI,west_wind,Wind,Wind,2026-03-24,293,822,1447,2771,2693,2444,636,703,1082,1310,2464,3353,6969,11605,13455,11925,11951,10970,9260,10085,9833,10384,12275,14303,11347,10467,10300,11330,14153,15828,16487,16070,15115,11982,11731,13057,13979,12237,13732,13393,11877,11220,9276,8167,9616,8581,10177,10879,,
WWD,WWD1102,MERI,west_wind,Wind,Wind,2026-03-25,12736,12774,11787,11939,10632,8798,7979,6920,7453,6743,6002,5994,4751,3818,2164,532,13,0,0,0,0,28,3188,5114,4765,5525,7484,12029,15901,17063,17926,17007,18718,22601,25416,27408,28431,28676,26222,21665,21075,15310,19684,10960,10180,10499,9419,7411,,
WWD,WWD1102,MERI,west_wind,Wind,Wind,2026-03-26,5889,4776,4292,3055,2347,1880,2120,3580,4386,5365,6664,4336,5025,6567,6046,8952,10779,9437,10831,10062,10294,11514,11851,11253,11223,12981,8534,8518,7456,4404,4334,4881,5765,4983,4877,6744,6946,7718,6147,7912,8624,7764,2975,2550,1601,1601,5575,6500,,
WWD,WWD1102,MERI,west_wind,Wind,Wind,2026-03-27,7230,6551,5021,3354,2262,2547,3901,3701,3689,3399,2490,1896,1561,3306,1132,2176,1378,4024,7354,12684,21891,21434,24182,23779,27430,25058,25372,22385,24813,25841,25098,25535,23520,23102,16183,20985,29368,30832,29837,28409,27536,24916,30401,26845,25806,29568,29953,30384,,
WWD,WWD1102,MERI,west_wind,Wind,Wind,2026-03-28,29532,28513,29988,29404,29300,29508,29878,29590,29215,29328,28359,29405,28245,27779,27216,27670,29807,29623,28174,28508,28571,29397,28287,25414,21710,18243,22094,21156,16707,19818,20547,24015,21628,20728,21431,20768,20468,17541,14898,13103,11952,10513,9150,8500,9383,9225,9666,10456,,
WWD,WWD1102,MERI,west_wind,Wind,Wind,2026-03-29,10812,10092,12144,11594,11620,10648,10622,11718,12748,12158,12516,11014,11564,10148,11473,10848,12984,12224,13086,15212,17987,18570,18155,17721,18510,17212,21571,19358,19813,20626,23700,19763,21850,20982,18636,16373,11916,16910,19977,17838,13423,19627,23596,25932,23434,22937,20607,23066,,
WWD,WWD1102,MERI,west_wind,Wind,Wind,2026-03-30,23062,22310,18295,12939,22342,23127,14175,12170,15227,14382,21599,14677,11717,12949,14818,18439,15893,13097,15542,17486,12849,11820,9932,10940,8315,8339,9694,4148,3815,4161,4199,3939,2664,402,0,3,507,250,784,1040,2259,2864,5659,8096,8452,4584,8978,10399,,
WWD,WWD1102,MERI,west_wind,Wind,Wind,2026-03-31,9946,7063,3349,260,11,6,28,15,0,2,101,592,493,41,695,9954,8228,4110,9615,9563,16379,18522,20604,20779,18631,22148,21105,20597,20794,20124,24417,28205,25306,24345,24830,26762,24568,19925,13792,12770,14785,13049,9507,7573,5558,6192,7644,3304,,
WWD,WWD1103,MERI,west_wind,Wind,Wind,2026-03-01,300,564,946,1884,3139,4339,6954,8253,8935,8534,10161,11751,11336,11291,13750,15295,15518,16825,19045,22078,19918,17979,16664,13826,9837,9503,8907,6112,5176,5529,5057,4479,2108,1427,917,461,257,9760,22969,23595,25143,24747,24425,24537,23936,22343,17172,17336,,
WWD,WWD1103,MERI,west_wind,Wind,Wind,2026-03-02,11211,10251,15206,14122,19570,21351,23383,24011,24846,24720,25208,24511,23538,21801,22685,22925,20937,19854,18725,20635,24045,24380,23887,24461,24144,23112,23686,24042,24117,24392,24279,24500,24973,24354,24371,24344,23998,23598,24306,24066,23308,23444,24147,23013,22922,23368,24441,24608,,
WWD,WWD1103,MERI,west_wind,Wind,Wind,2026-03-03,23537,23343,24306,24532,25075,24967,23983,24344,23555,24919,24712,24093,24560,24970,23391,23429,22760,21034,21734,19731,19907,21859,22418,23750,23329,25684,25015,25511,22290,23931,22568,25335,25648,25422,24470,25711,25271,24384,23822,24396,23439,22550,21409,22518,22291,20673,18328,16658,,
WWD,WWD1103,MERI,west_wind,Wind,Wind,2026-03-04,13474,15439,16265,16171,15281,12970,13060,10197,8386,6410,7235,6536,5945,7315,6717,4383,3540,2886,1838,1212,1190,1125,1310,808,274,64,127,3,0,0,0,41,163,93,327,1192,1934,2302,3646,4079,4435,5490,5109,5533,6316,7346,8102,7818,,
WWD,WWD1103,MERI,west_wind,Wind,Wind,2026-03-05,7582,7979,9328,10388,11277,11521,11572,11224,12021,13555,15151,17161,19581,19894,19708,19433,19291,17037,17416,18171,19043,15573,15639,16840,17143,19131,21075,23487,24520,24962,26033,27351,28094,27982,27840,28094,28230,28211,28393,28348,27858,27934,28011,26946,26640,26787,26121,25739,,
WWD,WWD1103,MERI,west_wind,Wind,Wind,2026-03-06,25741,26284,27926,29079,28487,27839,28295,28142,27563,27096,27301,27447,27316,26456,26438,25928,24086,24236,24969,25908,25692,25125,25485,25418,26015,24951,24539,24389,24232,25635,25563,25536,25193,25466,24942,25382,25471,25418,24992,25839,26379,27854,28142,27515,27881,27487,26444,25928,,
WWD,WWD1103,MERI,west_wind,Wind,Wind,2026-03-07,25104,24831,24417,23294,23119,21353,20228,20486,19078,17023,16449,17460,18001,16497,15011,15930,13779,14408,14119,13790,12296,10849,10337,9814,9308,9464,9615,10312,10585,9758,11071,13237,18450,19949,20611,19796,19243,19866,20415,21539,21730,22878,22975,22921,23247,24734,26455,26968,,
WWD,WWD1103,MERI,west_wind,Wind,Wind,2026-03-08,27054,26604,26521,26243,26041,25716,25956,25777,25828,24904,25225,26105,26821,27031,27084,27199,27444,27245,26781,26692,25585,25816,25602,25961,27019,27007,27144,26856,27042,27302,26951,27242,27171,27279,27123,27100,27316,26970,26918,26829,27099,26576,26507,25975,25045,23358,21393,22909,,
WWD,WWD1103,MERI,west_wind,Wind,Wind,2026-03-09,23270,24166,23973,20180,13610,6752,2066,893,149,24,1104,2933,2337,1514,1387,1681,1502,2267,2271,2304,3885,5817,7531,13452,15916,18631,19823,21319,22170,22447,21662,21822,23095,23768,23535,24519,24686,24371,22687,23318,22311,22606,22148,21844,18193,16330,17769,19083,,
WWD,WWD1103,MERI,west_wind,Wind,Wind,2026-03-10,16687,17165,15648,15436,16669,13734,13473,12437,12998,13035,12517,12039,11678,11338,10493,9843,9617,9999,9546,9547,10124,9737,9500,9391,7649,6914,6768,7274,8226,7861,8290,8358,8751,7596,6495,7667,9473,8393,6054,4970,4718,2931,1935,792,533,957,1043,1391,,
WWD,WWD1103,MERI,west_wind,Wind,Wind,2026-03-11,1189,1014,1363,1152,1427,1398,884,173,485,1561,2374,1865,1617,1513,1613,1096,769,429,8,2,0,0,0,0,0,0,0,0,1,36,464,727,1133,1318,483,23,144,184,0,118,56,0,0,0,0,0,131,778,,
WWD,WWD1103,MERI,west_wind,Wind,Wind,2026-03-12,573,50,0,0,0,0,0,0,0,15,846,725,417,1514,3458,4847,6393,4605,4419,8599,10416,13630,17979,20586,18475,17057,18087,16461,16462,17774,16438,15077,16870,14962,10701,9880,11882,10213,13773,17544,18186,18337,15282,14061,13400,12867,12882,14969,,
WWD,WWD1103,MERI,west_wind,Wind,Wind,2026-03-13,15982,14885,12135,12636,16833,19820,21615,23150,19485,15191,13370,16957,17696,18278,19310,19902,17646,18201,21768,21950,24825,22930,20137,17763,12458,16233,15317,13691,15692,19704,18328,15516,19752,23105,25528,28095,28245,28881,28148,25750,19727,17499,14066,10953,9812,7369,3388,2220,,
WWD,WWD1103,MERI,west_wind,Wind,Wind,2026-03-14,869,155,233,1006,4479,8690,13257,15633,15982,18060,19443,19769,20885,22046,22171,20639,21872,23475,20179,18490,16997,15654,15046,13918,12227,10598,7923,7199,6742,5505,3490,2271,1459,564,128,0,0,0,0,0,0,0,0,0,22,245,635,365,,
WWD,WWD1103,MERI,west_wind,Wind,Wind,2026-03-15,555,580,1017,1263,2588,3106,4022,6582,11701,14612,16347,17481,18123,17287,17974,17423,13732,10272,9600,6774,4154,3425,2658,1902,956,324,182,13,23,60,0,0,1,12,6,69,83,37,66,6,0,0,0,0,0,99,22,256,,
WWD,WWD1103,MERI,west_wind,Wind,Wind,2026-03-16,648,1102,2591,3837,4863,6210,7496,11822,16776,18489,21145,23740,25388,25412,26327,26831,27772,26227,20640,16840,16415,17312,17160,15976,14923,11247,11305,11772,11080,10380,8992,8935,9398,8032,8029,9738,8612,8801,9516,9622,14064,14698,13690,14525,15385,15192,14833,15456,,
WWD,WWD1103,MERI,west_wind,Wind,Wind,2026-03-17,15663,16022,15159,12767,13595,12889,12393,9862,8026,8561,8512,7480,5811,4362,3638,2524,2470,3088,2051,1639,1462,732,305,286,110,148,92,30,6,3,0,0,0,0,1,15,310,617,2100,3659,4132,5147,4633,4246,5117,7225,9453,12634,,
WWD,WWD1103,MERI,west_wind,Wind,Wind,2026-03-18,18733,21200,20096,21507,23956,25210,25728,25883,27084,27452,28464,27943,27057,27786,27694,27268,24748,24989,25521,24214,24847,24226,25177,24602,24836,25076,25822,25368,25420,24842,25640,25289,23505,23120,23175,17224,12148,7837,2653,205,4650,10219,15154,19768,21391,23286,24052,24098,,
WWD,WWD1103,MERI,west_wind,Wind,Wind,2026-03-19,24268,23759,24408,25113,25302,25389,24782,22408,22746,19922,21754,22058,22426,19628,15815,14519,15267,14658,13959,13070,12201,10285,10933,11953,13029,12804,14108,15166,14715,12615,11644,10835,11146,9250,7695,6739,4921,2427,1149,864,893,1064,850,992,1337,1701,2452,3091,,
WWD,WWD1103,MERI,west_wind,Wind,Wind,2026-03-20,2963,3544,3050,4035,5725,5804,4995,4608,3512,6239,8390,11520,12998,15080,15889,17082,15732,16192,16207,15109,16964,15193,13360,12983,13267,14077,13731,13139,10836,10955,12929,13048,11543,13414,14447,14707,15916,14187,12949,12473,12955,12001,12163,11909,11777,11200,8951,6837,,
WWD,WWD1103,MERI,west_wind,Wind,Wind,2026-03-21,5901,6266,4232,3479,3845,4236,4961,5889,5811,5002,3402,4110,3082,2456,1868,1535,1810,1362,901,794,747,745,739,169,247,393,793,1064,984,918,873,514,325,321,86,1,0,0,0,0,0,0,0,0,0,0,0,0,,
WWD,WWD1103,MERI,west_wind,Wind,Wind,2026-03-22,0,0,0,0,0,0,0,0,0,0,0,0,48,517,1239,2094,2546,2437,2874,1974,1190,585,100,647,1227,535,297,138,28,1,0,0,0,0,0,0,0,0,0,0,0,0,0,0,0,0,0,0,,
WWD,WWD1103,MERI,west_wind,Wind,Wind,2026-03-23,3,1,0,0,0,18,10,0,0,0,6,17,122,270,427,292,307,193,25,1,0,0,0,0,0,0,0,0,0,0,3,1,0,0,0,0,0,0,0,0,0,0,15,0,16,21,214,532,,
WWD,WWD1103,MERI,west_wind,Wind,Wind,2026-03-24,1344,1905,4057,6178,7632,8188,4963,5690,7875,9991,11715,11385,11949,13372,16151,16870,15293,14586,16315,16011,15731,18557,19574,19764,18978,18466,18553,17502,16104,18301,21273,20349,22185,20546,18061,17772,19935,17175,17211,16508,15109,13674,12989,13628,14923,14779,16045,17693,,
WWD,WWD1103,MERI,west_wind,Wind,Wind,2026-03-25,18849,18474,17279,17960,16192,14692,14379,12012,11501,11565,9211,6764,6176,4639,3226,1695,445,2,0,0,88,476,1839,2789,2312,2707,4233,5717,8279,10270,10338,10893,11759,14785,16059,17581,17845,16972,13231,11368,11424,10256,10609,9577,7165,6225,4917,4234,,
WWD,WWD1103,MERI,west_wind,Wind,Wind,2026-03-26,3996,2654,3794,3112,2628,1985,2305,3007,3346,3326,4961,5846,4863,5484,6193,8713,7652,7199,7879,11778,12627,12104,12274,11321,11465,11573,8408,8414,8896,6446,5824,4155,4923,5540,7456,8430,8574,8099,4999,7370,8787,8856,5808,4053,2981,3184,6685,6368,,
WWD,WWD1103,MERI,west_wind,Wind,Wind,2026-03-27,5201,5453,5026,5587,5108,4181,4668,5149,3719,3068,3803,3603,3091,4259,2583,4658,6324,7833,9189,13198,19932,19606,21544,21890,21709,22836,21419,20149,21263,22536,26157,26209,24861,27336,26187,28877,28477,26574,26756,26015,26808,26906,26890,25781,25509,26712,27025,27224,,
WWD,WWD1103,MERI,west_wind,Wind,Wind,2026-03-28,26487,26706,27227,27004,27234,26591,26430,26902,26185,25341,24661,24240,24014,24129,24601,25061,24066,23431,24728,26013,25930,25533,23695,22265,21366,18636,17678,21425,20944,19659,18669,18442,18519,16962,16556,16810,15900,14807,13754,12746,11483,12526,10634,10810,11084,11033,11303,12132,,
WWD,WWD1103,MERI,west_wind,Wind,Wind,2026-03-29,12592,11980,12753,12677,12837,12877,13211,13327,14103,15490,15231,15021,15181,13245,12360,12897,12603,13698,14049,16818,15351,15595,19237,19023,19514,20526,22549,22996,21569,22317,22524,21407,20981,21059,20819,17612,14517,16313,18109,17986,16629,18144,19204,20862,22095,23106,21244,22794,,
WWD,WWD1103,MERI,west_wind,Wind,Wind,2026-03-30,22777,22684,19250,19462,20838,20452,16929,14548,18997,19205,21573,18128,17735,19220,19497,17128,18042,19566,17054,16102,12084,9880,10947,13058,10387,11404,9477,4689,3055,3109,2968,2976,1734,182,1,66,805,429,545,869,2289,2797,6309,7705,8370,9251,9669,10662,,
WWD,WWD1103,MERI,west_wind,Wind,Wind,2026-03-31,7663,3760,1936,430,964,1371,428,6,0,0,0,7,182,44,1483,11045,8888,7951,11845,12627,16681,15344,18387,17893,17809,18389,19245,16407,15879,16422,18171,17923,17099,15724,15778,15266,14917,10486,7779,8059,8846,7507,6688,5808,4473,5281,5637,2174,,
