Site_Code,POC_Code,Nwk_Code,Gen_Code,Fuel_Code,Tech_Code,Trading_Date,TP1,TP2,TP3,TP4,TP5,TP6,TP7,TP8,TP9,TP10,TP11,TP12,TP13,TP14,TP15,TP16,TP17,TP18,TP19,TP20,TP21,TP22,TP23,TP24,TP25,TP26,TP27,TP28,TP29,TP30,TP31,TP32,TP33,TP34,TP35,TP36,TP37,TP38,TP39,TP40,TP41,TP42,TP43,TP44,TP45,TP46,TP47,TP48,TP49,TP50
ARA,ARA2201,MRPL,aratiatia,Hydro,Hydro,2026-07-01,39230,39230,39170,39110,39060,39010,38960,38890,38850,38790,37290,36090,36330,36220,37930,38110,38050,38180,31520,26570,25930,25160,23460,25400,24850,23500,22970,24510,26630,25480,25080,34110,33320,35300,35010,34780,34970,37330,39040,39100,38510,37360,37350,37240,37350,37310,37360,37330,,
ARA,ARA2201,MRPL,aratiatia,Hydro,Hydro,2026-07-02,38050,38190,38160,38150,38100,38080,38030,38030,38040,37940,37280,37140,37370,37200,37280,37140,37150,37170,37370,37210,34190,33920,33980,34000,33050,34980,37220,37870,37850,37980,37890,37970,37930,37880,37970,37750,38000,37950,37940,37920,37880,37940,37880,37820,37990,37970,37820,36130,,
ARA,ARA2201,MRPL,aratiatia,Hydro,Hydro,2026-07-03,35540,35440,35500,35420,35490,35480,35470,35470,34070,33960,33850,33830,34020,34040,33970,37420,38580,36420,36350,36380,36310,36340,36380,36380,36240,36200,35640,23770,23560,23700,23640,23610,24340,34380,34460,34320,35920,37410,37630,38360,38290,38340,38410,38220,38340,38240,37850,36960,,
ARA,ARA2201,MRPL,aratiatia,Hydro,Hydro,2026-07-04,37520,37410,37250,34340,33980,33990,32480,31530,31520,31420,31800,31390,31390,33690,33920,34330,34850,35000,34700,35010,34740,34400,34300,33930,33920,23880,21630,22130,22080,22140,22100,22100,22220,33760,33930,34240,34510,34330,34430,34530,34440,25530,29230,29520,29480,29480,29650,28340,,
ARA,ARA2201,MRPL,aratiatia,Hydro,Hydro,2026-07-05,22740,24520,24070,23650,23630,23640,23630,23610,23740,23650,23610,23560,17080,11870,12000,22330,22070,22120,22070,22110,22080,22120,22150,22050,22150,18590,12280,12340,14280,12300,12370,17750,20590,20750,18560,29450,30940,30000,29890,23590,23620,23660,23690,23590,23550,23650,18280,12330,,
ARA,ARA2201,MRPL,aratiatia,Hydro,Hydro,2026-07-06,12310,12300,11350,11310,11220,10820,10820,10820,8930,7850,7820,7810,7810,7750,12980,23540,24130,25110,25120,25170,25040,25040,25140,24970,25010,25160,25090,25040,25390,25970,26060,26000,26110,26010,34820,36350,36150,35460,35590,35300,35430,35340,35150,34900,35110,33530,32960,20850,,
ARA,ARA2201,MRPL,aratiatia,Hydro,Hydro,2026-07-07,20960,21660,22670,22800,22990,22670,21080,20750,21670,21570,21720,23250,30840,35940,35870,35650,35340,35480,35380,35430,35400,35410,35390,35440,34970,34040,33860,33960,34160,35140,35380,35520,35830,35440,35640,36700,38250,36340,36330,36360,36460,36340,36460,35910,35840,35970,35910,36030,,
ARA,ARA2201,MRPL,aratiatia,Hydro,Hydro,2026-07-08,36000,33530,26010,21170,12430,12310,12750,12970,12960,12960,13290,12970,25640,34710,35040,35000,34480,35010,35450,34910,34880,35040,34900,34980,33370,32010,30560,24140,23220,23110,23100,23150,20850,20220,29710,36560,35070,32540,32470,32750,32920,31830,26040,24160,12120,11330,11300,11350,,
ARA,ARA2201,MRPL,aratiatia,Hydro,Hydro,2026-07-09,11280,11330,11290,11310,11300,11320,11290,11310,11300,18720,24280,25100,28200,34520,35410,35530,35260,35610,35670,35550,35390,33580,31540,29480,19590,19620,20330,22590,22690,22670,22640,22580,22750,22810,30830,31310,33630,34390,34470,33720,32900,32980,33140,27180,15270,12840,12720,12850,,
ARA,ARA2201,MRPL,aratiatia,Hydro,Hydro,2026-07-10,12830,12790,12290,12300,12300,12300,12300,12310,12290,21110,25100,25120,25140,25060,25110,25070,25200,25110,25010,25110,25100,25100,25130,25110,25130,25080,25090,25020,25150,25160,25130,25230,26230,36170,36890,36930,36890,36910,36930,36920,36940,36890,36950,36980,36900,32630,32500,28360,,
ARA,ARA2201,MRPL,aratiatia,Hydro,Hydro,2026-07-11,24470,25730,25740,25750,30500,26240,23650,23670,23620,24550,24610,24650,24610,24610,24800,25320,27000,32330,33520,26260,23640,35670,36530,36410,36420,36320,35480,35530,35500,35600,35420,35450,35420,35490,37480,37930,37570,37410,36070,38960,39110,39010,35510,35220,35360,36500,37410,37180,,
ARA,ARA2201,MRPL,aratiatia,Hydro,Hydro,2026-07-12,33740,34490,34500,34450,34490,34480,32890,31760,31490,30270,29010,32040,32080,31900,32000,32000,35040,38350,39030,39110,38840,34860,33520,33440,33390,33510,35360,37440,35040,35900,37210,37930,37930,37790,37750,37690,37780,37970,37830,37790,37820,37710,37880,37670,37620,37590,37660,36740,,
ARA,ARA2201,MRPL,aratiatia,Hydro,Hydro,2026-07-13,35990,36030,35900,35880,36000,35970,35870,35920,35970,36060,35880,35850,36100,35870,36060,35860,35970,35710,35800,35880,35900,33260,26020,25090,25020,24720,24600,23540,9840,9800,9840,9790,16630,22720,28110,33810,33930,33920,33930,33960,34010,33910,28780,28500,24370,8380,8320,8330,,
ARA,ARA2201,MRPL,aratiatia,Hydro,Hydro,2026-07-14,8330,8590,10720,10840,10780,10840,10870,10800,10810,10820,10820,10810,10830,10760,10830,10810,10760,21020,21700,21570,15210,11050,13820,21500,12990,12270,12230,12340,12290,10350,7870,7800,7790,7850,7790,7750,7780,10780,10740,10770,10750,10740,10030,7800,7790,7790,7850,7830,,
ARA,ARA2201,MRPL,aratiatia,Hydro,Hydro,2026-07-15,7840,7870,7780,7770,7850,7840,7840,7800,7880,7830,7800,7800,7820,7740,7820,7740,7760,7780,7820,11140,11760,9290,7770,7800,7780,7790,7790,7800,7790,7750,7830,7780,7730,7800,8280,10680,10760,10790,10790,10780,10770,10810,10820,10770,10820,9520,8470,7850,,
ARA,ARA2201,MRPL,aratiatia,Hydro,Hydro,2026-07-16,7820,7810,7800,7810,7830,7800,7840,7810,7830,7790,7830,7820,7830,7760,7790,7800,7740,8040,8350,8450,8280,8270,8340,8300,8310,8240,8270,8310,8330,8280,8190,8330,8310,8320,8260,8870,8790,8800,8810,8810,8810,8800,8800,11250,11120,11340,11380,11360,,
ARA,ARA2201,MRPL,aratiatia,Hydro,Hydro,2026-07-17,11350,11280,11290,9070,8650,8370,8330,8350,8380,8310,10310,9810,7770,7850,7800,7710,7830,7790,7800,7800,7780,7810,7810,7770,7770,7790,7790,7800,7800,7790,7790,7780,9820,11790,11730,11760,11750,11730,11780,11760,11750,11770,10690,7810,7850,7840,7860,7850,,
ARA,ARA2201,MRPL,aratiatia,Hydro,Hydro,2026-07-18,7850,7830,7810,7870,7860,7860,7830,7850,7870,7870,7850,7840,7830,7810,7870,7820,7820,7840,7840,7790,7850,7850,7810,7900,7780,7870,7850,7850,7820,7840,7810,8210,8990,8770,8690,8710,8720,8780,8780,8790,8790,8790,8830,8840,8830,8770,8870,8730,,
ARA,ARA2201,MRPL,aratiatia,Hydro,Hydro,2026-07-19,8740,8660,8670,8570,8360,8340,8340,8290,8390,8360,8350,8530,8390,8310,8350,8660,9920,11630,12300,12280,12400,12790,12770,12770,12370,12280,12310,12260,12270,12310,12290,12300,12280,22230,26070,26000,24960,25000,25050,25070,25050,25090,25120,26620,25250,23560,22260,10400,,
ARA,ARA2201,MRPL,aratiatia,Hydro,Hydro,2026-07-20,9140,8850,8840,8840,8840,8840,8840,8850,8830,9180,9320,11130,20310,31900,34840,34880,34960,34920,34790,33910,31810,31560,31520,31600,31420,28030,31560,31480,31520,31430,31650,31660,34380,34950,33320,37990,38170,38150,33090,32900,27410,26090,26110,26080,26020,25970,26150,26100,,
ARA,ARA2201,MRPL,aratiatia,Hydro,Hydro,2026-07-21,26100,26090,26130,26100,26100,26120,33530,35430,35530,35530,36070,35860,36220,35720,35920,35720,35370,36290,36540,37460,37320,37310,37370,37290,37190,33460,32490,32560,32370,32580,35360,36770,36960,36240,32490,32450,32460,32420,33850,33870,34040,33530,33450,33490,33480,27120,26580,26870,,
ARA,ARA2201,MRPL,aratiatia,Hydro,Hydro,2026-07-22,27070,27020,26770,26490,26540,12920,12780,12850,12740,12790,23800,25970,30190,35460,35460,35250,35690,35440,35350,35490,35440,35380,35480,35450,35530,35430,35470,35520,35410,35400,35710,35320,35400,35460,35560,37340,37280,37380,37400,37350,36540,36430,36500,35380,34500,34340,34540,31560,,
ARA,ARA2201,MRPL,aratiatia,Hydro,Hydro,2026-07-23,30640,25310,25600,26100,26590,26330,26110,26060,26100,26080,25500,25090,24830,25090,29720,36090,36280,36360,36490,36690,34460,24790,15790,15610,11850,11820,11810,12860,13220,13090,13270,13070,13100,12560,11830,11730,13540,23050,23160,23060,22580,22770,23780,23630,23530,24500,22430,21400,,
ARA,ARA2201,MRPL,aratiatia,Hydro,Hydro,2026-07-24,11850,10940,11860,12280,12250,12320,12310,11970,10840,8360,8380,8290,10530,11770,11660,11690,11750,11770,11830,11800,11800,11780,11820,11780,11740,11770,11770,11950,19810,18910,27930,33660,33690,34010,33910,34150,34090,33980,26080,30990,28070,23490,11850,13340,19850,12770,12800,12810,,
ARA,ARA2201,MRPL,aratiatia,Hydro,Hydro,2026-07-25,12800,12800,12760,12800,12330,11770,11780,11850,10790,9860,9840,10140,11950,11630,11890,11680,11880,11810,11810,12880,12840,12860,11800,27540,24080,24250,24160,24120,24110,24180,24120,24260,24160,24120,30770,27400,23960,24040,24190,24290,35710,36440,35450,34670,34850,34950,34900,35000,,
ARA,ARA2201,MRPL,aratiatia,Hydro,Hydro,2026-07-26,34950,34990,34870,23320,23480,23580,23990,25600,25620,25600,25660,25600,25010,23560,23660,23680,25680,26090,26050,26040,24350,24930,26110,26080,25980,26080,26120,26030,25980,26090,26070,28750,34700,35650,35470,35640,36270,36420,36450,36350,37380,37260,37410,37440,37390,37280,37470,37400,,
ARA,ARA2201,MRPL,aratiatia,Hydro,Hydro,2026-07-27,37350,37370,37320,35650,34960,35000,34980,34960,34940,34880,34920,34980,35130,35610,38710,38820,37460,37320,35660,37600,35900,34360,34300,34420,34430,34410,34770,36450,36430,36260,34630,34530,34380,34560,35100,38310,38670,38950,38840,38710,37700,35000,34420,30480,27070,34880,34880,35280,,
ARA,ARA2201,MRPL,aratiatia,Hydro,Hydro,2026-07-28,35070,35040,36690,37430,37420,37410,37490,37400,37360,37270,37280,37320,37430,37320,37130,37070,37130,37250,37200,37160,36900,37030,36840,34890,34050,32970,32810,32910,33890,33950,33960,33860,33880,33840,37040,37350,37150,37210,36960,36350,36250,36260,34920,34860,35090,34550,33490,22140,,
ARA,ARA2201,MRPL,aratiatia,Hydro,Hydro,2026-07-29,21470,21710,21690,21660,21700,21690,21650,21650,21710,21570,21680,23210,34400,34110,34420,37480,37770,37870,37690,37880,37160,36320,35370,33780,24730,25050,25110,25090,25050,25160,25330,24780,25120,25070,27030,31950,31910,31810,31980,31880,31910,31870,31610,20310,20140,17850,12290,12320,,
ARA,ARA2201,MRPL,aratiatia,Hydro,Hydro,2026-07-30,15710,12350,12350,12270,12340,12290,12310,12300,12290,12270,12330,12320,12410,12110,22070,23930,23940,20380,12820,12730,12780,12820,12750,12790,12830,12780,12810,12780,12760,12740,12780,12800,12770,12790,12770,12300,12250,12270,12250,12250,12260,12230,12280,12240,12260,11690,8340,8360,,
ARA,ARA2201,MRPL,aratiatia,Hydro,Hydro,2026-07-31,8310,8340,8430,8310,8330,8290,8360,8310,8330,8350,8270,8330,8030,8560,8830,8610,10600,11240,11270,11270,11220,11280,11250,11240,11240,11340,11260,11330,11190,11360,12330,12220,12660,12780,12760,12690,12760,22560,24060,24140,24080,24140,24120,24380,24700,24570,24520,23980,,
ARG,ARG1101,CNIR,argyle_wairau,Hydro,Hydro,2026-07-01,0,0,0,0,0,0,0,0,0,0,0,0,0,3961,4990,4975,4945,4919,4894,4869,4852,168,0,0,0,0,0,0,0,0,0,0,0,3413,5042,5026,4995,4933,4873,4855,4854,4871,4865,4873,139,0,0,0,,
ARG,ARG1101,CNIR,argyle_wairau,Hydro,Hydro,2026-07-02,0,0,0,0,0,0,0,0,0,0,0,0,0,4057,4943,4982,4981,4952,4925,4054,263,0,0,0,0,0,0,0,0,0,0,0,0,0,3571,4921,4550,4449,3665,4952,410,0,0,0,0,0,0,0,,
ARG,ARG1101,CNIR,argyle_wairau,Hydro,Hydro,2026-07-03,0,0,0,0,0,0,0,0,0,0,0,0,28,4448,5022,4962,4883,4850,4849,4850,4861,339,0,0,0,0,0,0,0,0,2714,3135,3441,3554,4124,4410,4387,4981,3908,4902,3307,3215,3195,3193,59,0,0,0,,
ARG,ARG1101,CNIR,argyle_wairau,Hydro,Hydro,2026-07-04,0,0,0,0,0,0,0,0,0,0,0,0,0,0,2319,3234,3223,3241,3230,3242,3238,3244,3251,3252,3257,3267,3280,35,0,0,0,0,3138,5017,5021,4978,4940,4886,4878,4881,4885,4884,4883,4880,4876,4928,4972,4967,,
ARG,ARG1101,CNIR,argyle_wairau,Hydro,Hydro,2026-07-05,113,0,0,0,0,0,0,0,0,0,0,0,0,0,0,0,0,0,0,0,3023,3334,3278,3229,3232,3243,32,0,0,0,0,4119,5002,5011,4978,4943,4902,4885,4877,4884,4882,4882,4876,4873,4880,4929,4955,4953,,
ARG,ARG1101,CNIR,argyle_wairau,Hydro,Hydro,2026-07-06,3262,67,0,0,0,0,0,0,0,0,0,0,0,3461,4376,4704,4991,4983,4954,4921,4876,4852,4853,4847,4856,4864,4866,4875,4928,4951,4942,4918,4891,4854,4860,4851,4865,4872,4868,4870,4911,4948,4950,4956,4947,4927,4902,4876,,
ARG,ARG1101,CNIR,argyle_wairau,Hydro,Hydro,2026-07-07,4888,4898,4892,4888,4891,4902,4933,4952,4941,4908,4898,4618,392,0,0,0,2837,3652,4119,4261,5046,5067,3366,3280,96,0,0,0,0,0,0,0,0,0,0,0,0,0,0,0,0,0,0,0,0,0,0,0,,
ARG,ARG1101,CNIR,argyle_wairau,Hydro,Hydro,2026-07-08,0,0,0,0,0,0,0,0,0,0,0,0,0,0,0,0,0,0,0,0,0,0,0,0,0,0,0,0,0,0,0,0,0,0,0,0,0,0,0,0,0,0,0,0,0,0,0,0,,
ARG,ARG1101,CNIR,argyle_wairau,Hydro,Hydro,2026-07-09,0,0,0,0,0,0,0,0,0,0,0,0,0,0,0,0,0,0,0,0,0,0,0,0,2907,5122,5024,4938,4891,4924,4975,4997,5025,5036,5044,5047,5055,5068,5069,5078,5071,5077,5075,5073,5044,5072,5053,5076,,
ARG,ARG1101,CNIR,argyle_wairau,Hydro,Hydro,2026-07-10,5075,5078,5077,5072,5076,5078,5078,5089,5082,5081,5080,5082,5075,5074,5081,5077,5075,5074,5061,5058,5050,5044,5048,5040,5050,5048,3825,0,2,96,4812,5107,5092,5083,5066,5061,5052,5048,5056,5052,5047,5044,5032,5032,5018,5022,5025,5021,,
ARG,ARG1101,CNIR,argyle_wairau,Hydro,Hydro,2026-07-11,5024,5017,5011,5009,4999,4994,4995,4992,4987,4992,4985,4979,4973,4972,4981,4959,4938,4941,4946,4935,4952,4955,4968,4972,4984,4999,5016,5031,5042,5058,5061,5065,5067,5065,5069,5050,5063,5309,5074,5344,5068,5060,5070,5055,5062,5067,5071,5075,,
ARG,ARG1101,CNIR,argyle_wairau,Hydro,Hydro,2026-07-12,5074,5081,5088,5089,5086,5092,5092,5089,5095,5090,5066,5082,5079,5074,5073,5074,5060,5060,5035,5037,5047,5037,5029,5025,5033,5037,5034,5050,5056,5064,5071,5068,5080,5061,5055,5046,5053,5056,5050,5047,5044,5034,5041,5032,5027,5025,5035,5037,,
ARG,ARG1101,CNIR,argyle_wairau,Hydro,Hydro,2026-07-13,5026,5031,5030,5027,5021,5011,5001,5008,5017,5017,4991,4989,4996,4987,4991,4983,4980,4962,4966,4974,4983,5001,5004,5013,5010,5020,5027,5025,5036,5030,5040,5027,5027,5022,5018,5011,5014,5015,5009,5010,5019,5016,5020,5020,5015,5030,5026,5034,,
ARG,ARG1101,CNIR,argyle_wairau,Hydro,Hydro,2026-07-14,5035,5038,5046,5056,5038,5052,5056,5049,5056,5061,5048,5044,5027,5013,5007,5011,4997,634,0,0,0,0,0,0,0,0,0,0,0,0,0,0,3841,5077,5004,4910,4873,4862,4874,4893,4893,4889,4882,4885,4948,4979,5005,4996,,
ARG,ARG1101,CNIR,argyle_wairau,Hydro,Hydro,2026-07-15,4980,4978,352,0,0,0,0,0,0,0,0,2889,4960,4956,4944,4881,4862,4867,4883,4880,4875,4880,4884,4939,4980,4989,4964,4937,4902,4881,4897,4890,4893,4905,4891,4879,4925,4963,4961,4941,4908,4892,4887,4879,4891,4881,2951,2907,,
ARG,ARG1101,CNIR,argyle_wairau,Hydro,Hydro,2026-07-16,62,0,0,0,0,0,0,0,0,0,0,0,0,4021,4930,4984,4993,4942,4941,3287,96,0,0,0,0,0,0,0,0,0,0,0,4312,5205,5235,5218,5162,5130,5127,5127,5141,5147,5134,5139,5106,5146,5153,3260,,
ARG,ARG1101,CNIR,argyle_wairau,Hydro,Hydro,2026-07-17,3223,253,0,0,0,0,0,0,0,0,0,0,0,3324,3882,4152,3255,3811,3200,3178,57,0,0,0,0,0,0,0,0,0,0,0,0,0,0,0,2832,4196,3238,3222,3190,8,0,0,0,0,0,0,,
ARG,ARG1101,CNIR,argyle_wairau,Hydro,Hydro,2026-07-18,0,0,0,0,0,0,0,0,0,0,0,0,0,0,0,0,0,0,0,0,0,0,0,0,0,0,0,0,0,0,0,0,0,0,3468,4917,4896,3659,3615,3269,3250,3542,5121,5121,5129,5146,91,0,,
ARG,ARG1101,CNIR,argyle_wairau,Hydro,Hydro,2026-07-19,0,0,0,0,0,0,0,0,0,0,0,0,181,3314,5224,5155,5127,5199,3169,455,0,0,0,0,0,0,0,0,0,0,0,4102,5305,5226,5159,5127,5117,5154,5135,5136,5135,5151,5202,5248,5292,5314,5332,5375,,
ARG,ARG1101,CNIR,argyle_wairau,Hydro,Hydro,2026-07-20,3506,4065,4966,4044,4268,3324,3277,3251,4532,5151,4892,5198,4591,5227,5242,5175,5211,5156,5145,5155,5172,5177,5150,5237,5290,5301,3393,3306,3261,3259,3274,3267,5203,5289,5306,5307,5249,5211,5194,5185,5179,5189,5188,5186,5184,5187,5207,5248,,
ARG,ARG1101,CNIR,argyle_wairau,Hydro,Hydro,2026-07-21,5275,5267,5235,5198,5157,5143,5136,5150,5172,5182,5160,5129,3527,3495,4578,5194,4628,3317,37,0,0,0,0,0,0,0,0,0,116,3229,3529,4045,4039,4307,5141,5116,5118,5181,5126,5120,5131,5159,5184,5197,5178,5163,5136,5130,,
ARG,ARG1101,CNIR,argyle_wairau,Hydro,Hydro,2026-07-22,3225,3127,3129,3116,39,0,0,0,0,0,0,2514,5132,5223,5261,5255,5244,5193,5134,5109,5115,5119,5129,5131,3223,43,0,0,0,0,150,3444,4518,4859,4924,5243,5291,5263,5218,5171,5149,5134,5152,5173,5196,5192,5183,5155,,
ARG,ARG1101,CNIR,argyle_wairau,Hydro,Hydro,2026-07-23,3273,3248,3250,3252,3247,3250,3243,3245,3245,3235,3215,3217,3171,3201,5105,5191,5241,5251,5240,5208,3269,3176,3149,3145,35,0,0,0,2740,3227,3239,3212,5118,5247,5273,5256,5221,5187,5139,5156,5128,5146,5144,5140,5128,5134,5177,5186,,
ARG,ARG1101,CNIR,argyle_wairau,Hydro,Hydro,2026-07-24,3381,3216,3208,3187,3175,100,0,0,0,0,0,0,0,2805,5117,5222,5272,5261,5233,5171,5146,3214,3133,3135,3135,3146,3163,3197,5154,5232,5278,5253,5220,5180,5132,5125,5135,5149,5152,5170,5132,5144,5150,5193,5218,5197,5169,5141,,
ARG,ARG1101,CNIR,argyle_wairau,Hydro,Hydro,2026-07-25,3326,3121,3116,3845,3165,3570,3815,3230,3247,3256,3394,3965,3907,5182,4293,5217,5247,5225,5189,5188,5194,5155,5133,5139,3178,3143,3135,3140,3151,3178,3192,3218,5085,5223,5285,5281,5249,5196,5162,5134,5132,5134,5136,5114,5121,5127,5155,5200,,
ARG,ARG1101,CNIR,argyle_wairau,Hydro,Hydro,2026-07-26,3305,3254,3233,3251,3249,3237,3245,3245,3250,3247,3250,3241,3238,3216,5165,5227,5245,5245,5198,5147,5117,5099,5119,5123,3154,3128,3149,3166,3191,3199,3230,3249,5173,5266,5291,5274,5229,5180,5134,5125,5128,5120,5130,5129,5120,5114,5160,5207,,
ARG,ARG1101,CNIR,argyle_wairau,Hydro,Hydro,2026-07-27,3325,3269,3256,3241,3231,3225,3222,3219,3229,3218,3210,3192,3869,5155,5369,5392,5364,5166,5224,5161,3390,4068,3113,3507,3184,3205,3199,3242,3261,3274,3290,3294,3295,3298,5126,5271,5279,5235,5188,5140,5115,5102,5120,5135,5124,5120,5120,5142,,
ARG,ARG1101,CNIR,argyle_wairau,Hydro,Hydro,2026-07-28,3299,859,0,0,0,0,0,0,0,0,0,0,2887,5124,5143,5173,5178,5169,5133,5115,5086,5110,5117,5117,3225,3200,3210,3226,3240,59,0,0,0,2801,3274,3268,3267,3273,3268,3268,3600,3296,3615,3288,3278,3612,3308,3309,,
ARG,ARG1101,CNIR,argyle_wairau,Hydro,Hydro,2026-07-29,3281,3304,3303,3295,3297,3303,3297,3299,3299,3280,3282,3281,3283,5168,5260,5258,5239,5201,5151,5118,5102,5123,5128,5125,3197,3136,129,0,0,0,0,2651,5003,5205,5268,5280,5249,5197,5154,5120,5120,5158,5132,5139,5131,5130,5140,3278,,
ARG,ARG1101,CNIR,argyle_wairau,Hydro,Hydro,2026-07-30,94,0,0,0,0,0,0,0,0,0,0,0,2903,5038,5254,5268,5253,5234,5182,5114,5115,5105,5109,5119,3157,3122,3138,3144,56,0,0,35,4148,5214,5272,5272,5253,5205,5154,5132,5129,5125,5142,5145,5143,5145,5149,5176,,
ARG,ARG1101,CNIR,argyle_wairau,Hydro,Hydro,2026-07-31,3313,76,0,0,0,0,0,0,0,0,0,0,1941,5224,5285,5268,5267,5210,5162,5110,5111,3208,3115,3111,3118,3146,3155,3181,3158,3189,3187,3167,5117,5206,5268,5269,5263,5229,5178,5136,5106,5116,5107,5117,5124,5121,5133,5180,,
ARI,ARI1101,MRPL,arapuni,Hydro,Hydro,2026-07-01,36735,36773,36748,36713,36800,36734,36725,36727,36699,36748,36254,36110,36266,36053,39353,39574,39527,39705,39934,39988,39648,39694,39431,39556,38252,33797,34741,35868,35120,36938,35115,35382,35571,35348,36880,36560,37446,36993,37436,37575,37165,38033,36892,36338,37372,37113,36651,35935,,
ARI,ARI1101,MRPL,arapuni,Hydro,Hydro,2026-07-02,36699,36406,35385,35503,35426,35844,35803,35904,36436,35264,35229,35307,35575,35692,36606,38391,39578,39564,39703,39600,39681,38822,35949,35334,35295,35680,35141,34275,34697,35335,35326,35582,35523,35205,35245,37444,38265,38216,38247,38183,38174,38207,38229,38148,37011,35350,35166,35712,,
ARI,ARI1101,MRPL,arapuni,Hydro,Hydro,2026-07-03,33849,33778,34910,33759,23441,23517,22601,22543,22542,23503,31200,37875,37260,36281,39443,39477,39475,39435,39436,37570,35808,35359,35308,35271,35222,35147,35374,35370,35179,35370,35332,35221,35274,35181,35292,38987,39671,39684,39666,39690,39632,39766,39795,39147,35334,35174,35321,34874,,
ARI,ARI1101,MRPL,arapuni,Hydro,Hydro,2026-07-04,35613,35451,35314,33913,23052,23452,23364,24257,23654,22894,24143,23966,30479,35706,39189,39659,39514,39702,39401,36726,34811,33797,33812,33833,33817,35026,35011,33818,33776,33823,33766,33774,33930,33756,33811,33626,35318,35207,35249,35356,35272,35261,35285,35305,35217,35257,35366,35173,,
ARI,ARI1101,MRPL,arapuni,Hydro,Hydro,2026-07-05,35250,35422,34813,23972,23960,23863,23738,23304,23860,24063,23944,23143,30531,35533,35812,35898,35815,35560,35332,35432,35880,35677,35585,35051,34636,34523,35369,35610,35735,35326,36197,35291,35388,36015,35122,36287,36698,36772,36737,36711,36736,36784,36840,36708,35260,35509,36373,32134,,
ARI,ARI1101,MRPL,arapuni,Hydro,Hydro,2026-07-06,23059,16205,20051,13224,10724,10666,2473,0,7738,13642,23521,34934,35366,35279,34773,34849,35014,35203,35036,35102,34962,34892,35074,34824,34871,35079,34978,35663,35310,35434,35869,35190,36016,35364,35485,36335,34255,34275,34381,34107,34210,34146,34889,35187,35419,35188,35198,35264,,
ARI,ARI1101,MRPL,arapuni,Hydro,Hydro,2026-07-07,35423,35261,35290,35188,35293,35136,34085,32768,33886,33673,33830,33464,33439,34481,36711,35145,34893,35001,34934,34956,34967,35019,34926,34958,34975,35038,34862,34988,35063,34958,34917,35024,35004,35046,35281,34868,34905,35008,34925,35389,34005,33744,33915,33806,33728,33816,33759,33874,,
ARI,ARI1101,MRPL,arapuni,Hydro,Hydro,2026-07-08,33851,33817,33775,33427,33817,33777,33714,33738,33800,33822,33784,33731,33922,33581,29844,28951,30448,34968,34785,34957,35219,35816,34964,35340,35202,35488,35314,35801,35853,34919,35278,35286,35403,34875,33928,33499,33892,33881,34827,34938,35053,35452,35384,35470,35609,35147,35549,36086,,
ARI,ARI1101,MRPL,arapuni,Hydro,Hydro,2026-07-09,35269,35062,31422,23332,23306,23328,23288,23320,23300,31161,34995,34999,34471,34476,35195,35720,35380,36937,37245,37575,36886,36712,36335,36651,35786,35592,36396,36198,36996,36352,35803,36012,36789,36051,35739,35858,36183,36585,35176,34967,34916,34986,35122,34987,34698,35576,35107,36369,,
ARI,ARI1101,MRPL,arapuni,Hydro,Hydro,2026-07-10,35698,35492,24144,23808,23681,23817,23882,24036,23951,24047,23737,34081,35430,35439,35793,35717,35541,35677,34916,35512,35730,35577,35679,35891,35841,34942,35203,35371,36603,35511,35834,36005,31471,31481,35032,35794,35393,35549,35394,35370,35373,35346,35444,35421,35319,35366,35435,35385,,
ARI,ARI1101,MRPL,arapuni,Hydro,Hydro,2026-07-11,35431,35360,35373,35499,35381,35463,35803,35811,35894,35943,35869,36259,35766,35776,35915,35249,34972,35344,36050,35718,35601,36149,35960,35616,35954,35758,35819,36097,36223,35946,35548,35701,35771,35730,35946,35595,36111,36337,36890,37575,39004,39660,38508,38035,36584,36733,35930,33819,,
ARI,ARI1101,MRPL,arapuni,Hydro,Hydro,2026-07-12,33801,33808,33765,33783,33823,33794,33801,33893,34863,35942,35769,36377,36662,36321,36765,35398,36018,36384,37217,38150,38427,35702,35363,35249,35223,35287,35070,37149,36970,35961,36841,36233,36485,36654,36846,38840,39569,39863,39724,39706,39756,39048,35509,35330,35181,35188,35300,35332,,
ARI,ARI1101,MRPL,arapuni,Hydro,Hydro,2026-07-13,35288,35364,31366,31283,24012,23152,23107,23129,23158,23217,23121,23101,23262,23130,26363,35204,35287,35082,35135,35276,35377,35476,33374,24370,23448,34522,35332,35222,35254,34134,33900,33724,33746,33920,33777,35872,36710,36726,36711,36751,36769,36778,36832,36723,36024,36038,36152,33915,,
ARI,ARI1101,MRPL,arapuni,Hydro,Hydro,2026-07-14,36386,36593,36115,29968,23579,23652,23723,23574,32918,34861,35763,29234,35094,35477,35654,36010,35039,35912,35672,35528,35919,35068,35350,35219,35360,35381,35184,35520,36064,35541,36157,34930,34231,35694,35300,34745,35158,34720,34979,35281,35240,35685,36192,35571,35516,35321,36395,35884,,
ARI,ARI1101,MRPL,arapuni,Hydro,Hydro,2026-07-15,15912,19871,17163,17060,994,0,0,0,0,1117,16488,24131,23837,23941,23616,23365,23461,23500,23558,23531,23547,23489,23548,23533,18290,20187,23066,23908,21410,16309,15395,18581,32174,35521,35716,34926,35226,35437,35338,35355,34489,34253,34237,23806,24192,23387,24687,12912,,
ARI,ARI1101,MRPL,arapuni,Hydro,Hydro,2026-07-16,5058,5542,16454,0,0,0,0,0,0,0,3314,8993,24281,30202,35623,35493,34856,34714,35202,35484,35148,35145,35705,35719,36260,35305,35511,36201,31384,35204,34829,28076,27471,35512,34782,35109,34909,34972,35006,34987,34969,35014,34980,34994,34508,35416,36668,36320,,
ARI,ARI1101,MRPL,arapuni,Hydro,Hydro,2026-07-17,36117,25213,14558,624,0,0,0,0,0,0,8499,14923,20519,23768,23765,23394,23912,23791,23898,23827,23741,23827,23810,23721,23766,23791,23761,23788,23829,23766,23768,23734,23701,23976,23966,24044,23799,23802,23204,22592,22532,22530,23618,24065,22555,17792,21975,14568,,
ARI,ARI1101,MRPL,arapuni,Hydro,Hydro,2026-07-18,6584,6974,235,19518,2668,0,0,0,0,0,0,20221,10023,169,23258,23775,23875,29404,35931,33128,23374,24098,23777,24021,22515,23988,24191,20135,19832,23607,23191,21357,22946,22294,22966,23333,23328,23950,23277,23894,23992,23935,23849,24000,23415,22742,22637,23208,,
ARI,ARI1101,MRPL,arapuni,Hydro,Hydro,2026-07-19,11339,12654,5086,23706,12627,4747,0,0,0,0,0,1803,11004,1713,23932,24277,19710,21178,23699,24118,23776,23994,23870,23766,24166,23638,23917,23773,23979,24337,23869,24144,23690,24212,24575,23423,23238,23262,23304,23325,23338,23336,23369,23300,23368,24010,23056,24659,,
ARI,ARI1101,MRPL,arapuni,Hydro,Hydro,2026-07-20,21428,2286,0,0,0,0,0,0,0,0,8877,2294,18161,23366,23390,32486,38019,38014,36597,36810,35532,35322,35009,33942,33772,33724,33886,33787,33848,33741,33966,33811,35200,35518,37705,38244,38135,38238,37837,35002,34919,35006,35088,35029,34825,34714,36251,36061,,
ARI,ARI1101,MRPL,arapuni,Hydro,Hydro,2026-07-21,33780,35800,31750,23706,23922,23894,17789,22554,24188,24009,23115,19273,22354,23528,24047,23894,31342,36094,35821,35786,35800,35745,35971,35831,35470,35280,34990,35866,35390,35288,35095,35896,35878,35807,36363,36703,36731,36694,35157,35552,36028,35897,35685,35775,30029,23811,23901,24229,,
ARI,ARI1101,MRPL,arapuni,Hydro,Hydro,2026-07-22,23903,23771,22776,22183,23656,23306,23968,24210,23405,23803,23677,23458,30956,35318,35900,36358,37695,37138,36999,37183,37261,36898,36052,35998,36348,35949,36241,36565,36049,35857,36990,35822,36117,36389,36376,37749,39535,39633,39674,39140,35286,35043,35048,35580,35929,35080,35768,35540,,
ARI,ARI1101,MRPL,arapuni,Hydro,Hydro,2026-07-23,35252,35600,35772,24160,23529,23406,20781,23567,23903,23447,30884,36234,33301,36650,36364,35840,36224,36619,36849,38052,36637,37221,36381,35707,36316,36772,36503,36189,36621,35955,35377,35241,34894,32312,34302,35128,36281,35351,35865,35111,35297,35185,35357,35326,35207,23961,24053,23925,,
ARI,ARI1101,MRPL,arapuni,Hydro,Hydro,2026-07-24,23761,15834,7571,15759,5161,0,0,0,0,0,662,11448,31671,36318,35157,35640,36330,36209,36730,36231,35509,34770,35311,35580,35584,36217,35994,36532,36287,36341,36872,34675,34664,36295,36113,36656,36577,36576,35996,36072,35777,36017,36016,36367,36524,35775,35009,32633,,
ARI,ARI1101,MRPL,arapuni,Hydro,Hydro,2026-07-25,23807,10063,11403,0,3124,12724,18281,7568,10324,10115,19629,21943,18729,24107,24635,34788,32171,35185,35295,35228,35311,35178,35137,35313,35474,35409,35294,37852,36942,35333,36077,38337,37050,37380,38269,38216,37978,38050,38301,38410,38272,38229,38389,37946,38098,36228,36334,36928,,
ARI,ARI1101,MRPL,arapuni,Hydro,Hydro,2026-07-26,36674,36786,36674,37486,36932,30831,23651,23803,23676,23611,23642,23618,23719,23087,33508,34991,34922,35025,34942,34894,34986,34867,35072,34963,34949,34981,35002,34956,34957,35053,34990,34992,34905,35145,35005,35031,34860,34966,35004,34985,34979,34837,34984,35013,34975,34824,35108,35086,,
ARI,ARI1101,MRPL,arapuni,Hydro,Hydro,2026-07-27,35058,35045,35031,24666,23304,23250,23237,23167,33987,35170,35246,35270,35931,37230,39718,39266,39455,39705,39580,39721,35676,36346,34491,34564,34575,34505,34222,34614,34759,34587,34596,34960,38004,39187,39888,39633,39204,39671,39662,39656,39668,37300,35556,35688,35812,36119,35659,34958,,
ARI,ARI1101,MRPL,arapuni,Hydro,Hydro,2026-07-28,36436,36953,36956,36555,36475,36105,36635,34624,23568,23330,23048,23887,30786,35787,35651,36454,36802,37831,39662,39498,39332,39004,36835,35752,35358,35405,34899,35539,35675,35767,35767,35545,35392,36002,35149,36103,35993,36768,37187,36348,35783,34906,35352,34586,34012,35809,35455,35757,,
ARI,ARI1101,MRPL,arapuni,Hydro,Hydro,2026-07-29,34969,35883,33717,33047,32976,33140,32908,32763,33019,32403,33887,35570,36728,35623,36755,36464,36247,36486,36050,35664,35603,36172,35646,35855,35719,35703,35758,34020,34999,35457,36988,35977,35265,35824,35762,37638,37189,37186,37808,37170,37314,36330,36302,35862,36111,36402,36268,36367,,
ARI,ARI1101,MRPL,arapuni,Hydro,Hydro,2026-07-30,35825,36410,36407,36159,36354,36227,36262,36238,32158,23544,23669,25976,35341,35035,35060,34794,34829,35111,35063,34838,35132,34924,35218,36528,33728,35477,36272,36336,36073,32044,35656,32224,35003,32965,36213,35695,34739,35078,35671,38006,38215,38143,38043,35475,37183,34107,22527,24299,,
ARI,ARI1101,MRPL,arapuni,Hydro,Hydro,2026-07-31,23905,10137,232,0,0,0,0,0,0,0,0,0,17721,22891,28520,34471,35502,35296,35491,35684,31439,23049,34429,27066,22991,23082,22959,23041,19352,19910,21285,22264,27321,34859,36998,35623,33793,35077,35568,35871,35748,34434,36319,34991,35559,34472,34712,34811,,
ARI,ARI1102,MRPL,arapuni,Hydro,Hydro,2026-07-01,55767,55782,52439,47562,45007,42488,43130,43491,42708,33622,30422,29003,28626,39742,55206,55724,55716,55771,54600,54398,54280,54299,54217,54265,53589,48720,45261,42170,47613,45924,45390,46635,51130,47744,53413,56415,56767,56747,57368,57543,57543,57547,57573,57542,57535,41054,34626,31056,,
ARI,ARI1102,MRPL,arapuni,Hydro,Hydro,2026-07-02,27803,26398,26321,24464,18863,18881,18878,18888,18897,18875,25679,29933,37833,46922,54571,56616,56659,56666,56771,56781,56777,55952,52364,42417,36742,50699,48378,45311,34405,30914,30128,28230,35283,36870,41887,54654,56225,56205,56240,56202,55346,55254,54625,51286,43563,28989,20419,14004,,
ARI,ARI1102,MRPL,arapuni,Hydro,Hydro,2026-07-03,10923,10903,11291,11163,11387,11425,10970,10939,10929,11413,11418,18800,30701,41087,55881,56625,56639,56624,56649,53813,51433,43909,36671,36661,36808,36892,29361,21149,20049,20112,13237,19896,24614,42366,45385,55372,56704,56688,55832,55701,55365,53677,51334,45778,37045,36999,44987,45250,,
ARI,ARI1102,MRPL,arapuni,Hydro,Hydro,2026-07-04,41727,28942,18759,10945,10940,11245,10925,10932,10913,10889,10988,10896,11952,35066,52458,52053,56374,56683,56031,48675,45867,40937,40940,38432,33253,33639,33661,33254,33241,33255,33237,33242,33297,33233,33275,44663,45404,45393,45420,43777,37039,31654,32536,28337,28300,28096,19900,19832,,
ARI,ARI1102,MRPL,arapuni,Hydro,Hydro,2026-07-05,19865,14787,11628,11177,11335,11649,11646,11639,1183,5526,11637,11612,11669,9229,12192,16459,19110,19635,20799,21587,21602,19937,18658,19798,20288,20988,22088,22525,20125,23987,23691,25557,29373,30919,44587,53759,53779,53801,53432,53771,53786,46988,39592,27744,21840,15280,11419,11426,,
ARI,ARI1102,MRPL,arapuni,Hydro,Hydro,2026-07-06,11067,3898,0,0,0,0,0,0,0,3265,6993,1607,15020,29497,26932,30359,32411,29717,29472,29492,29449,31055,29492,29397,29410,29486,29452,29432,29441,29441,30115,29418,29489,31763,32326,26470,26640,26254,26280,26190,26228,26214,27818,28538,28618,29401,31944,31549,,
ARI,ARI1102,MRPL,arapuni,Hydro,Hydro,2026-07-07,31602,30124,28892,28794,28691,29226,29160,27453,28300,27050,27257,27114,28585,29156,23978,22061,21972,22008,21983,21993,21949,28823,29436,29449,29453,29476,29410,29465,29484,29449,29435,29468,29470,29591,30206,29421,29418,29449,29428,27449,26061,26062,26116,26084,26062,26091,26075,26114,,
ARI,ARI1102,MRPL,arapuni,Hydro,Hydro,2026-07-08,26114,26107,26099,28227,27680,28335,26162,29248,29712,29523,28240,26927,29605,27993,24962,25099,26488,27911,28194,28042,28035,28079,28040,28073,28040,28065,28065,28058,28113,28040,28048,28069,28090,27074,26129,26904,27111,27104,23491,22006,22000,22025,21596,20544,21118,22003,22020,29648,,
ARI,ARI1102,MRPL,arapuni,Hydro,Hydro,2026-07-09,29454,25259,20824,20364,20797,20514,18853,19516,19883,20790,19024,13657,23267,18894,16701,14865,21544,21782,21776,20565,19784,19792,19795,19800,19798,19799,19797,19804,21689,21779,21775,21779,21774,21787,29009,48610,52255,53615,53424,53169,43063,42834,42881,42834,42746,42859,42759,42814,,
ARI,ARI1102,MRPL,arapuni,Hydro,Hydro,2026-07-10,31685,21041,20346,16007,15499,16011,16298,16963,16810,17025,20796,20797,19012,31169,31202,31216,27258,31018,31213,29482,25279,25280,25280,25281,25281,25282,22486,22316,22321,17625,16445,15966,14821,14956,29468,40978,42897,42909,42912,42909,42921,42913,41685,41463,49244,51318,47364,35841,,
ARI,ARI1102,MRPL,arapuni,Hydro,Hydro,2026-07-11,25891,21339,21814,12068,11649,14158,20130,20135,20130,20136,20121,20143,27283,28569,31927,32928,39895,42691,50056,53277,53277,45173,45176,50312,50331,49829,38058,36710,36708,36733,36672,36025,33727,45305,53339,55383,55285,56542,56830,57315,57168,57291,52856,52243,51730,42934,41355,44834,,
ARI,ARI1102,MRPL,arapuni,Hydro,Hydro,2026-07-12,34612,33817,30031,30057,27544,21127,21131,21117,19933,11055,11871,11906,21248,27857,33988,45056,46124,50308,55777,56196,53525,45935,33224,20840,19840,19858,20112,20158,20038,28174,31072,33594,47797,46776,48042,56044,56663,56733,56257,56224,56240,56088,55318,49151,42104,42932,39046,35938,,
ARI,ARI1102,MRPL,arapuni,Hydro,Hydro,2026-07-13,36061,29881,24696,17041,16825,16825,16818,16817,16819,16813,16818,16825,16825,16487,16819,19750,26934,29139,28230,20883,20775,26813,28812,38452,39065,31562,35421,36964,36965,36572,36230,41661,41588,43598,44891,48900,49793,49805,49802,49827,49853,39266,30799,29672,21277,16329,11716,9900,,
ARI,ARI1102,MRPL,arapuni,Hydro,Hydro,2026-07-14,4267,0,0,0,0,0,0,0,0,0,0,0,0,0,6604,18460,19784,18294,19789,19780,19782,18698,9573,9579,9582,5106,0,0,0,0,0,0,9052,11731,21571,27500,31542,31522,24618,19745,11404,165,0,1780,15710,865,0,1189,,
ARI,ARI1102,MRPL,arapuni,Hydro,Hydro,2026-07-15,0,4692,1214,3673,0,0,0,0,0,0,7281,12719,19957,14053,16683,36782,41435,41434,41465,41442,41450,32779,29239,20211,14648,15895,18570,12877,11655,12957,11676,13526,10649,14026,18818,38874,44234,42268,41517,30666,15685,8508,1304,10560,9022,1750,0,47,,
ARI,ARI1102,MRPL,arapuni,Hydro,Hydro,2026-07-16,0,0,0,0,0,0,0,0,0,0,0,82,7155,11696,18870,16169,16215,14256,9130,10304,2064,5574,12110,10167,8345,276,2637,1613,4988,8186,109,4979,9707,10143,32235,32474,32415,32443,32460,32456,32445,31518,28398,21247,21101,18470,13975,10818,,
ARI,ARI1102,MRPL,arapuni,Hydro,Hydro,2026-07-17,7046,5888,0,0,0,0,0,0,0,0,0,0,10482,24019,20126,29756,30765,27819,28402,28185,27553,20258,20114,20075,20094,12202,11640,11646,263,0,0,9388,17311,22249,15916,26969,27067,27069,28861,22462,18367,18368,20333,11367,16336,7471,1767,0,,
ARI,ARI1102,MRPL,arapuni,Hydro,Hydro,2026-07-18,0,0,0,0,0,0,0,0,0,0,0,0,0,0,0,0,7406,10381,9834,9286,16173,12875,7964,8576,8369,8327,8894,8600,8455,3382,11873,10741,17184,18008,29175,32325,34659,32406,29339,26539,26092,18621,9438,8047,13597,7130,5041,6653,,
ARI,ARI1102,MRPL,arapuni,Hydro,Hydro,2026-07-19,7102,2679,2224,6329,7828,2572,0,0,0,0,0,0,0,7348,9367,19800,8861,13578,12142,16762,15796,9615,20020,10340,14267,17022,11880,11419,8121,8668,11214,14006,17804,20959,19308,47493,53157,53177,53198,53210,51356,50286,46744,34258,31850,11140,12464,8392,,
ARI,ARI1102,MRPL,arapuni,Hydro,Hydro,2026-07-20,8750,17181,16785,16615,16684,15463,16942,17374,17115,16773,15306,15116,16389,16736,21542,37614,39982,45440,45360,44951,45455,45418,45313,40970,36666,35618,33472,32859,36523,36490,36559,43384,46056,46219,55765,56809,56888,56982,56489,53262,53188,53209,43300,37271,31218,31199,30834,19866,,
ARI,ARI1102,MRPL,arapuni,Hydro,Hydro,2026-07-21,19364,15537,8505,8498,9170,8883,7788,8434,8596,8342,9128,10121,17842,32307,34999,50639,42319,36603,36806,39282,37770,38368,40665,37953,29624,24069,15768,10911,10867,19530,19611,19615,28563,42340,55570,56637,56999,57007,53412,46391,31288,27626,20788,19413,10671,10380,10380,7298,,
ARI,ARI1102,MRPL,arapuni,Hydro,Hydro,2026-07-22,2571,8050,7975,6796,7645,7154,8467,8404,7304,7951,15562,18745,17684,30398,41933,54484,44806,44331,44273,44290,44320,44305,36995,37412,35183,34415,34452,34457,34442,34429,34502,34722,34176,38716,41950,47843,54687,54723,54747,54258,47618,38378,38130,26655,27146,19492,12797,9741,,
ARI,ARI1102,MRPL,arapuni,Hydro,Hydro,2026-07-23,0,0,0,0,91,0,0,0,0,0,0,1758,18283,32568,34407,43216,45350,45340,45397,45440,34910,34550,34540,34938,26157,20543,20633,20478,11867,7262,7572,26991,28463,14449,15251,37374,41595,40114,39494,33998,34307,17918,10915,10914,12247,11855,10932,1788,,
ARI,ARI1102,MRPL,arapuni,Hydro,Hydro,2026-07-24,0,0,53,0,0,0,0,0,0,0,0,3337,17666,24121,33045,45586,45893,45885,45925,43452,37630,32126,25853,35432,36955,36598,23212,20337,20355,13583,20587,20046,20024,32206,43919,45920,45949,45912,45918,45892,34455,20337,20336,17856,21524,16099,10622,3864,,
ARI,ARI1102,MRPL,arapuni,Hydro,Hydro,2026-07-25,0,0,0,0,0,0,0,0,0,0,0,0,1649,8791,7623,21303,19916,37606,45406,47270,45414,45367,45352,45411,45460,45444,45406,49930,49927,47041,46745,49383,46327,47981,50333,50319,51374,52230,52321,52353,52312,52303,52365,52211,51597,47396,46233,23688,,
ARI,ARI1102,MRPL,arapuni,Hydro,Hydro,2026-07-26,12376,128,0,0,0,0,0,0,0,0,0,0,0,0,9536,17847,20864,32422,32397,32375,32403,32388,32427,36506,42787,42804,43709,43105,42788,21699,19828,23994,28137,31131,38001,51637,53535,53165,53179,51123,49130,49205,45515,45314,45311,48359,49298,38032,,
ARI,ARI1102,MRPL,arapuni,Hydro,Hydro,2026-07-27,30197,19758,15859,11492,11447,11418,11409,17447,19528,28548,28580,35920,46578,52097,56837,57287,57318,57379,57357,57346,55565,54787,46169,39330,39241,39219,39127,32424,21125,19343,24763,33721,45937,46298,46524,46435,54691,57308,57318,57302,57316,42536,36977,33421,29576,28274,20475,19923,,
ARI,ARI1102,MRPL,arapuni,Hydro,Hydro,2026-07-28,13758,11436,11425,11418,11398,11405,11444,11422,7201,0,0,6876,15438,33782,47616,57078,57456,57257,57372,46177,45635,43693,37432,36749,36448,33759,33625,32528,32006,25269,36244,26600,31228,37012,34944,43305,52161,56854,57289,56490,56431,54837,53088,54660,48204,37595,26598,17884,,
ARI,ARI1102,MRPL,arapuni,Hydro,Hydro,2026-07-29,12207,10922,10920,10905,8638,8467,8454,8458,8486,8754,9234,10929,21354,43180,49988,57200,57052,55268,51128,38748,35983,41588,35052,26228,26293,26260,26272,18943,18863,19559,21473,24671,27634,39102,41852,51654,54975,57120,50309,45500,45728,37379,37172,37162,31160,21743,19347,17113,,
ARI,ARI1102,MRPL,arapuni,Hydro,Hydro,2026-07-30,9600,0,0,0,0,0,0,0,0,0,0,0,7557,35040,42766,46861,44570,42766,37309,30431,29443,21245,10112,10131,6686,5385,7751,0,0,0,0,8489,3580,9108,10503,29011,32466,34874,32560,34309,34421,34403,34069,28999,30304,17740,10910,11799,,
ARI,ARI1102,MRPL,arapuni,Hydro,Hydro,2026-07-31,13937,6144,308,0,0,0,0,0,0,0,0,2620,1377,11328,16540,32145,21016,20757,20843,20912,10541,7190,9752,10370,1972,0,0,11,4536,8560,8937,3662,9486,8790,9880,23143,30886,32420,32409,32434,30547,26894,28071,27379,26135,22390,14002,4338,,
ARI,ARI1102,POCO,arapuni,Hydro,Hydro,2026-07-01,0,0,0,0,0,0,0,0,0,0,0,0,0,0,0,0,0,0,0,0,0,0,0,0,0,0,0,0,0,0,0,0,0,0,0,0,0,0,0,0,0,0,0,0,0,0,0,0,,
ARI,ARI1102,POCO,arapuni,Hydro,Hydro,2026-07-02,0,0,0,0,0,0,0,0,0,0,0,0,0,0,0,0,0,0,0,0,0,0,0,0,0,0,0,0,0,0,0,0,0,0,0,0,0,0,0,0,0,0,0,0,0,0,0,0,,
ARI,ARI1102,POCO,arapuni,Hydro,Hydro,2026-07-03,0,0,0,0,0,0,0,0,0,0,0,0,0,0,0,0,0,0,0,0,0,0,0,0,0,0,0,0,0,0,0,0,0,0,0,0,0,0,0,0,0,0,0,0,0,0,0,0,,
ARI,ARI1102,POCO,arapuni,Hydro,Hydro,2026-07-04,0,0,0,0,0,0,0,0,0,0,0,0,0,0,0,0,0,0,0,0,0,0,0,0,0,0,0,0,0,0,0,0,0,0,0,0,0,0,0,0,0,0,0,0,0,0,0,0,,
ARI,ARI1102,POCO,arapuni,Hydro,Hydro,2026-07-05,0,0,0,0,0,0,0,0,0,0,0,0,0,0,0,0,0,0,0,0,0,0,0,0,0,0,0,0,0,0,0,0,0,0,0,0,0,0,0,0,0,0,0,0,0,0,0,0,,
ARI,ARI1102,POCO,arapuni,Hydro,Hydro,2026-07-06,0,0,0,0,0,0,0,0,0,0,0,0,0,0,0,0,0,0,0,0,0,0,0,0,0,0,0,0,0,0,0,0,0,0,0,0,0,0,0,0,0,0,0,0,0,0,0,0,,
ARI,ARI1102,POCO,arapuni,Hydro,Hydro,2026-07-07,0,0,0,0,0,0,0,0,0,0,0,0,0,0,0,0,0,0,0,0,0,0,0,0,0,0,0,0,0,0,0,0,0,0,0,0,0,0,0,0,0,0,0,0,0,0,0,0,,
ARI,ARI1102,POCO,arapuni,Hydro,Hydro,2026-07-08,0,0,0,0,0,0,0,0,0,0,0,0,0,0,0,0,0,0,0,0,0,0,0,0,0,0,0,0,0,0,0,0,0,0,0,0,0,0,0,0,0,0,0,0,0,0,0,0,,
ARI,ARI1102,POCO,arapuni,Hydro,Hydro,2026-07-09,0,0,0,0,0,0,0,0,0,0,0,0,0,0,0,0,0,0,0,0,0,0,0,0,0,0,0,0,0,0,0,0,0,0,0,0,0,0,0,0,0,0,0,0,0,0,0,0,,
ARI,ARI1102,POCO,arapuni,Hydro,Hydro,2026-07-10,0,0,0,0,0,0,0,0,0,0,0,0,0,0,0,0,0,0,0,0,0,0,0,0,0,0,0,0,0,0,0,0,0,0,0,0,0,0,0,0,0,0,0,0,0,0,0,0,,
ARI,ARI1102,POCO,arapuni,Hydro,Hydro,2026-07-11,0,0,0,0,0,0,0,0,0,0,0,0,0,0,0,0,0,0,0,0,0,0,0,0,0,0,0,0,0,0,0,0,0,0,0,0,0,0,0,0,0,0,0,0,0,0,0,0,,
ARI,ARI1102,POCO,arapuni,Hydro,Hydro,2026-07-12,0,0,0,0,0,0,0,0,0,0,0,0,0,0,0,0,0,0,0,0,0,0,0,0,0,0,0,0,0,0,0,0,0,0,0,0,0,0,0,0,0,0,0,0,0,0,0,0,,
ARI,ARI1102,POCO,arapuni,Hydro,Hydro,2026-07-13,0,0,0,0,0,0,0,0,0,0,0,0,0,0,0,0,0,0,0,0,0,0,0,0,0,0,0,0,0,0,0,0,0,0,0,0,0,0,0,0,0,0,0,0,0,0,0,0,,
ARI,ARI1102,POCO,arapuni,Hydro,Hydro,2026-07-14,0,0,0,0,0,0,0,0,0,0,0,0,0,0,0,0,0,0,0,0,0,0,0,0,0,0,0,0,0,0,0,0,0,0,0,0,0,0,0,0,0,0,0,0,0,0,0,0,,
ARI,ARI1102,POCO,arapuni,Hydro,Hydro,2026-07-15,0,0,0,0,0,0,0,0,0,0,0,0,0,0,0,0,0,0,0,0,0,0,0,0,0,0,0,0,0,0,0,0,0,0,0,0,0,0,0,0,0,0,0,0,0,0,0,0,,
ARI,ARI1102,POCO,arapuni,Hydro,Hydro,2026-07-16,0,0,0,0,0,0,0,0,0,0,0,0,0,0,0,0,0,0,0,0,0,0,0,0,0,0,0,0,0,0,0,0,0,0,0,0,0,0,0,0,0,0,0,0,0,0,0,0,,
ARI,ARI1102,POCO,arapuni,Hydro,Hydro,2026-07-17,0,0,0,0,0,0,0,0,0,0,0,0,0,0,0,0,0,0,0,0,0,0,0,0,0,0,0,0,0,0,0,0,0,0,0,0,0,0,0,0,0,0,0,0,0,0,0,0,,
ARI,ARI1102,POCO,arapuni,Hydro,Hydro,2026-07-18,0,0,0,0,0,0,0,0,0,0,0,0,0,0,0,0,0,0,0,0,0,0,0,0,0,0,0,0,0,0,0,0,0,0,0,0,0,0,0,0,0,0,0,0,0,0,0,0,,
ARI,ARI1102,POCO,arapuni,Hydro,Hydro,2026-07-19,0,0,0,0,0,0,0,0,0,0,0,0,0,0,0,0,0,0,0,0,0,0,0,0,0,0,0,0,0,0,0,0,0,0,0,0,0,0,0,0,0,0,0,0,0,0,0,0,,
ARI,ARI1102,POCO,arapuni,Hydro,Hydro,2026-07-20,0,0,0,0,0,0,0,0,0,0,0,0,0,0,0,0,0,0,0,0,0,0,0,0,0,0,0,0,0,0,0,0,0,0,0,0,0,0,0,0,0,0,0,0,0,0,0,0,,
ARI,ARI1102,POCO,arapuni,Hydro,Hydro,2026-07-21,0,0,0,0,0,0,0,0,0,0,0,0,0,0,0,0,0,0,0,0,0,0,0,0,0,0,0,0,0,0,0,0,0,0,0,0,0,0,0,0,0,0,0,0,0,0,0,0,,
ARI,ARI1102,POCO,arapuni,Hydro,Hydro,2026-07-22,0,0,0,0,0,0,0,0,0,0,0,0,0,0,0,0,0,0,0,0,0,0,0,0,0,0,0,0,0,0,0,0,0,0,0,0,0,0,0,0,0,0,0,0,0,0,0,0,,
ARI,ARI1102,POCO,arapuni,Hydro,Hydro,2026-07-23,0,0,0,0,0,0,0,0,0,0,0,0,0,0,0,0,0,0,0,0,0,0,0,0,0,0,0,0,0,0,0,0,0,0,0,0,0,0,0,0,0,0,0,0,0,0,0,0,,
ARI,ARI1102,POCO,arapuni,Hydro,Hydro,2026-07-24,0,0,0,0,0,0,0,0,0,0,0,0,0,0,0,0,0,0,0,0,0,0,0,0,0,0,0,0,0,0,0,0,0,0,0,0,0,0,0,0,0,0,0,0,0,0,0,0,,
ARI,ARI1102,POCO,arapuni,Hydro,Hydro,2026-07-25,0,0,0,0,0,0,0,0,0,0,0,0,0,0,0,0,0,0,0,0,0,0,0,0,0,0,0,0,0,0,0,0,0,0,0,0,0,0,0,0,0,0,0,0,0,0,0,0,,
ARI,ARI1102,POCO,arapuni,Hydro,Hydro,2026-07-26,0,0,0,0,0,0,0,0,0,0,0,0,0,0,0,0,0,0,0,0,0,0,0,0,0,0,0,0,0,0,0,0,0,0,0,0,0,0,0,0,0,0,0,0,0,0,0,0,,
ARI,ARI1102,POCO,arapuni,Hydro,Hydro,2026-07-27,0,0,0,0,0,0,0,0,0,0,0,0,0,0,0,0,0,0,0,0,0,0,0,0,0,0,0,0,0,0,0,0,0,0,0,0,0,0,0,0,0,0,0,0,0,0,0,0,,
ARI,ARI1102,POCO,arapuni,Hydro,Hydro,2026-07-28,0,0,0,0,0,0,0,0,0,0,0,0,0,0,0,0,0,0,0,0,0,0,0,0,0,0,0,0,0,0,0,0,0,0,0,0,0,0,0,0,0,0,0,0,0,0,0,0,,
ARI,ARI1102,POCO,arapuni,Hydro,Hydro,2026-07-29,0,0,0,0,0,0,0,0,0,0,0,0,0,0,0,0,0,0,0,0,0,0,0,0,0,0,0,0,0,0,0,0,0,0,0,0,0,0,0,0,0,0,0,0,0,0,0,0,,
ARI,ARI1102,POCO,arapuni,Hydro,Hydro,2026-07-30,0,0,0,0,0,0,0,0,0,0,0,0,0,0,0,0,0,0,0,0,0,0,0,0,0,0,0,0,0,0,0,0,0,0,0,0,0,0,0,0,0,0,0,0,0,0,0,0,,
ARI,ARI1102,POCO,arapuni,Hydro,Hydro,2026-07-31,0,0,0,0,0,0,0,0,0,0,0,0,0,0,0,0,0,0,0,0,0,0,0,0,0,0,0,0,0,0,0,0,0,0,0,0,0,0,0,0,0,0,0,0,0,0,0,0,,
ASB,ASB0661,EASH,Lauriston,Solar,Solar,2026-07-01,0,0,0,0,0,0,0,0,0,0,0,0,0,0,0,1,188,1491,4923,9025,12686,12730,11701,10643,9896,9663,10086,10888,11830,12429,10393,6637,2843,495,16,0,0,0,0,0,0,0,0,0,0,0,0,0,,
ASB,ASB0661,EASH,Lauriston,Solar,Solar,2026-07-02,0,0,0,0,0,0,0,0,0,0,0,0,0,0,0,1,203,1629,5119,9262,13070,13059,11946,10860,10085,9831,10199,10994,11945,12564,10566,6804,3007,526,7,0,0,0,0,0,0,0,0,0,0,0,0,0,,
ASB,ASB0661,EASH,Lauriston,Solar,Solar,2026-07-03,0,0,0,0,0,0,0,0,0,0,0,0,0,0,0,27,327,1605,4841,8813,13095,12892,11659,9244,7270,6188,7769,5008,3919,6043,5069,2855,2595,559,91,0,0,0,0,0,0,0,0,0,0,0,0,0,,
ASB,ASB0661,EASH,Lauriston,Solar,Solar,2026-07-04,0,0,0,0,0,0,0,0,0,0,0,0,0,0,0,28,472,1795,1633,1375,942,937,951,910,865,964,1117,508,0,0,0,0,0,0,0,0,0,0,0,0,0,0,0,0,0,0,0,0,,
ASB,ASB0661,EASH,Lauriston,Solar,Solar,2026-07-05,0,0,0,0,0,0,0,0,0,0,0,0,0,0,0,0,0,0,0,0,0,0,0,0,0,0,0,0,0,0,0,0,0,0,0,0,0,0,0,0,0,0,0,0,0,0,0,0,,
ASB,ASB0661,EASH,Lauriston,Solar,Solar,2026-07-06,0,0,0,0,0,0,0,0,0,0,0,0,0,0,0,0,101,231,567,1020,858,979,1650,2702,2289,1545,1429,1282,1399,882,961,760,320,18,0,0,0,0,0,0,0,0,0,0,0,0,0,0,,
ASB,ASB0661,EASH,Lauriston,Solar,Solar,2026-07-07,0,0,0,0,0,0,0,0,0,0,0,0,0,0,0,0,47,323,459,736,1325,1428,1447,2129,2333,2877,3619,4736,4722,1834,1144,1377,805,187,2,0,0,0,0,0,0,0,0,0,0,0,0,0,,
ASB,ASB0661,EASH,Lauriston,Solar,Solar,2026-07-08,0,0,0,0,0,0,0,0,0,0,0,0,0,0,0,0,0,74,560,831,310,1629,2756,3040,3001,4063,2644,1914,1196,2092,2126,1648,672,221,0,0,0,0,0,0,0,0,0,0,0,0,0,0,,
ASB,ASB0661,EASH,Lauriston,Solar,Solar,2026-07-09,0,0,0,0,0,0,0,0,0,0,0,0,0,0,0,0,129,640,1766,2304,2473,4478,4991,5664,4148,3752,6625,5066,9675,7259,7672,2226,994,549,14,0,0,0,0,0,0,0,0,0,0,0,0,0,,
ASB,ASB0661,EASH,Lauriston,Solar,Solar,2026-07-10,0,0,0,0,0,0,0,0,0,0,0,0,0,0,0,1,0,0,3370,9806,13324,13209,12231,11228,10465,10214,10609,11425,12425,13164,11737,7895,3810,815,43,0,0,0,0,0,0,0,0,0,0,0,0,0,,
ASB,ASB0661,EASH,Lauriston,Solar,Solar,2026-07-11,0,0,0,0,0,0,0,0,0,0,0,0,0,0,0,3,229,1711,5254,10001,13660,13527,12451,11402,10614,10346,10755,11587,12584,13343,11959,8087,3940,872,48,0,0,0,0,0,0,0,0,0,0,0,0,0,,
ASB,ASB0661,EASH,Lauriston,Solar,Solar,2026-07-12,0,0,0,0,0,0,0,0,0,0,0,0,0,0,0,4,264,1996,5797,10227,10827,0,0,0,0,0,0,0,12046,13564,12257,8343,4107,932,52,0,0,0,0,0,0,0,0,0,0,0,0,0,,
ASB,ASB0661,EASH,Lauriston,Solar,Solar,2026-07-13,0,0,0,0,0,0,0,0,0,0,0,0,0,0,0,16,425,2583,3186,2419,2728,3528,3468,2897,3399,4697,4389,3427,5139,5976,4582,5700,1660,793,61,0,0,0,0,0,0,0,0,0,0,0,0,0,,
ASB,ASB0661,EASH,Lauriston,Solar,Solar,2026-07-14,0,0,0,0,0,0,0,0,0,0,0,0,0,0,0,0,160,578,5040,9774,6505,5095,4187,8473,10985,10295,10591,11488,12595,12967,12256,7881,1685,1313,220,0,0,0,0,0,0,0,0,0,0,0,0,0,,
ASB,ASB0661,EASH,Lauriston,Solar,Solar,2026-07-15,0,0,0,0,0,0,0,0,0,0,0,0,0,0,0,0,165,871,2474,6609,9886,12152,6618,9509,8797,7633,7116,3820,2919,3091,2066,3290,1744,462,12,0,0,0,0,0,0,0,0,0,0,0,0,0,,
ASB,ASB0661,EASH,Lauriston,Solar,Solar,2026-07-16,0,0,0,0,0,0,0,0,0,0,0,0,0,0,0,7,311,1873,5396,9583,12829,12988,12238,11398,10756,10559,10899,11667,12667,13390,12271,8519,4442,1522,159,0,0,0,0,0,0,0,0,0,0,0,0,0,,
ASB,ASB0661,EASH,Lauriston,Solar,Solar,2026-07-17,0,0,0,0,0,0,0,0,0,0,0,0,0,0,0,12,298,2184,6546,11187,14530,14161,13047,12037,11232,10930,11268,11993,12901,13658,12646,8834,4639,1282,85,0,0,0,0,0,0,0,0,0,0,0,0,0,,
ASB,ASB0661,EASH,Lauriston,Solar,Solar,2026-07-18,0,0,0,0,0,0,0,0,0,0,0,0,0,0,0,20,248,1123,4253,6703,13975,14275,8497,5145,4172,3656,4288,4828,3523,3082,12652,3613,2731,1606,168,0,0,0,0,0,0,0,0,0,0,0,0,0,,
ASB,ASB0661,EASH,Lauriston,Solar,Solar,2026-07-19,0,0,0,0,0,0,0,0,0,0,0,0,0,0,0,0,108,725,1162,2526,2702,3283,3656,3061,4886,7421,11576,11680,6754,4871,8378,8750,1658,708,147,0,0,0,0,0,0,0,0,0,0,0,0,0,,
ASB,ASB0661,EASH,Lauriston,Solar,Solar,2026-07-20,0,0,0,0,0,0,0,0,0,0,0,0,0,0,0,20,469,2655,6531,11196,14218,13867,12954,12023,11335,11117,11509,12277,13255,13978,13171,9158,0,37,114,0,0,0,0,0,0,0,0,0,0,0,0,0,,
ASB,ASB0661,EASH,Lauriston,Solar,Solar,2026-07-21,0,0,0,0,0,0,0,0,0,0,0,0,0,0,0,242,600,1089,2072,2965,3324,7687,7374,5757,4633,6005,6432,5197,5126,4658,8644,3068,1306,511,135,0,0,0,0,0,0,0,0,0,0,0,0,0,,
ASB,ASB0661,EASH,Lauriston,Solar,Solar,2026-07-22,0,0,0,0,0,0,0,0,0,0,0,0,0,0,0,18,325,759,1355,2841,6286,13617,10794,9614,11193,10980,11332,11984,12820,13512,12907,9385,5291,1474,171,0,0,0,0,0,0,0,0,0,0,0,0,0,,
ASB,ASB0661,EASH,Lauriston,Solar,Solar,2026-07-23,0,0,0,0,0,0,0,0,0,0,0,0,0,0,0,12,153,454,766,1229,1507,1313,1495,1804,2354,3193,2833,1918,1663,1496,1212,1250,4816,2467,344,0,0,0,0,0,0,0,0,0,0,0,0,0,,
ASB,ASB0661,EASH,Lauriston,Solar,Solar,2026-07-24,0,0,0,0,0,0,0,0,0,0,0,0,0,0,0,2,366,1253,2557,7339,10983,12499,12813,13776,12025,6719,5055,3306,2138,743,591,723,891,1204,341,0,0,0,0,0,0,0,0,0,0,0,0,0,,
ASB,ASB0661,EASH,Lauriston,Solar,Solar,2026-07-25,0,0,0,0,0,0,0,0,0,0,0,0,0,0,0,0,106,414,731,1288,2164,2985,6529,8635,7236,7841,6718,7844,8092,8538,14119,10581,6278,2103,197,0,0,0,0,0,0,0,0,0,0,0,0,0,,
ASB,ASB0661,EASH,Lauriston,Solar,Solar,2026-07-26,0,0,0,0,0,0,0,0,0,0,0,0,0,0,0,43,684,3638,8141,13013,15654,14981,13957,12977,12268,11998,12292,13023,13962,14813,14542,11033,6572,2304,238,0,0,0,0,0,0,0,0,0,0,0,0,0,,
ASB,ASB0661,EASH,Lauriston,Solar,Solar,2026-07-27,0,0,0,0,0,0,0,0,0,0,0,0,0,0,0,58,751,3653,8011,12664,15089,14719,13827,12939,12186,11846,12055,12692,13590,14845,14464,10849,6459,2251,239,0,0,0,0,0,0,0,0,0,0,0,0,0,,
ASB,ASB0661,EASH,Lauriston,Solar,Solar,2026-07-28,0,0,0,0,0,0,0,0,0,0,0,0,0,0,0,44,600,2657,8211,12869,15200,14666,13698,12710,11939,11494,11536,12102,13414,14642,14492,9838,6117,1924,326,4,0,0,0,0,0,0,0,0,0,0,0,0,,
ASB,ASB0661,EASH,Lauriston,Solar,Solar,2026-07-29,0,0,0,0,0,0,0,0,0,0,0,0,0,0,0,64,812,3753,8278,13182,15444,14822,13769,12572,11321,10518,11896,12553,13289,11455,13652,10300,6036,974,225,0,0,0,0,0,0,0,0,0,0,0,0,0,,
ASB,ASB0661,EASH,Lauriston,Solar,Solar,2026-07-30,0,0,0,0,0,0,0,0,0,0,0,0,0,0,0,90,378,862,944,1108,1353,1520,2097,2670,4927,7724,8476,5771,7377,9695,12465,11716,7360,1032,153,0,0,0,0,0,0,0,0,0,0,0,0,0,,
ASB,ASB0661,EASH,Lauriston,Solar,Solar,2026-07-31,0,0,0,0,0,0,0,0,0,0,0,0,0,0,0,45,565,4329,6576,5655,13945,17640,7202,6520,11182,9507,10338,8797,7836,5973,2086,2800,3384,2794,4,0,0,0,0,0,0,0,0,0,0,0,0,0,,
ASB,ASB0661,EASH,highbank,Hydro,Hydro,2026-07-02,0,0,0,0,0,0,0,0,0,0,0,0,0,0,0,0,0,0,0,0,0,0,0,0,0,0,0,0,0,0,0,0,0,0,0,0,0,0,0,0,0,0,0,0,0,0,0,0,,
ASB,ASB0661,EASH,highbank,Hydro,Hydro,2026-07-03,0,0,0,0,0,0,0,0,0,0,0,0,0,0,0,0,0,0,0,0,0,0,0,0,0,0,0,0,0,0,0,0,0,0,0,0,0,0,0,0,0,0,0,0,0,0,0,0,,
ASB,ASB0661,EASH,highbank,Hydro,Hydro,2026-07-04,0,0,0,0,0,0,0,0,0,0,0,0,0,0,0,0,0,0,0,0,0,0,0,0,0,0,0,0,0,0,0,0,0,0,0,0,0,0,0,0,0,0,0,0,0,0,0,0,,
ASB,ASB0661,EASH,highbank,Hydro,Hydro,2026-07-05,0,0,0,0,0,0,0,0,0,0,0,0,0,0,0,0,0,0,0,0,0,0,0,0,0,0,0,0,0,0,0,0,0,0,0,0,0,0,0,0,0,0,0,0,0,0,0,0,,
ASB,ASB0661,EASH,highbank,Hydro,Hydro,2026-07-06,0,0,0,0,0,0,0,0,0,0,0,0,0,0,0,0,0,0,0,0,0,0,0,0,0,0,0,0,0,0,0,0,0,0,0,0,0,0,0,0,0,0,0,0,0,0,0,0,,
ASB,ASB0661,EASH,highbank,Hydro,Hydro,2026-07-07,0,0,0,0,0,0,0,0,0,0,0,0,0,0,0,0,0,0,0,0,0,0,0,0,0,0,0,0,0,0,0,0,0,0,0,0,0,0,0,0,0,0,0,0,0,0,0,0,,
ASB,ASB0661,EASH,highbank,Hydro,Hydro,2026-07-08,0,0,0,0,0,0,0,0,0,0,0,0,0,0,0,0,0,0,0,0,0,0,0,0,0,0,0,0,0,0,0,0,0,0,0,0,0,0,0,0,0,0,0,0,0,0,0,0,,
ASB,ASB0661,EASH,highbank,Hydro,Hydro,2026-07-09,0,0,0,0,0,0,0,0,0,0,0,0,0,0,0,0,0,0,0,0,0,0,0,0,0,0,0,0,0,0,0,0,0,0,0,0,0,0,0,0,0,0,0,0,0,0,0,0,,
ASB,ASB0661,EASH,highbank,Hydro,Hydro,2026-07-10,0,0,0,0,0,0,0,0,0,0,0,0,0,0,0,0,0,0,0,0,0,0,0,0,0,0,0,0,0,0,0,0,0,0,0,0,0,0,0,0,0,0,0,0,0,0,0,0,,
ASB,ASB0661,EASH,highbank,Hydro,Hydro,2026-07-11,0,0,0,0,0,0,0,0,0,0,0,0,0,0,0,0,0,0,0,0,0,0,0,0,0,0,0,0,0,0,0,0,0,0,0,0,0,0,0,0,0,0,0,0,0,0,0,0,,
ASB,ASB0661,EASH,highbank,Hydro,Hydro,2026-07-12,0,0,0,0,0,0,0,0,0,0,0,0,0,0,0,0,0,0,0,0,0,0,0,0,0,0,0,0,0,0,0,0,0,0,0,0,0,0,0,0,0,0,0,0,0,0,0,0,,
ASB,ASB0661,EASH,highbank,Hydro,Hydro,2026-07-13,0,0,0,0,0,0,0,0,0,0,0,0,0,0,0,0,0,0,0,0,0,0,0,0,0,0,0,0,0,0,0,0,0,0,0,0,0,0,0,0,0,0,0,0,0,0,0,0,,
ASB,ASB0661,EASH,highbank,Hydro,Hydro,2026-07-14,0,0,0,0,0,0,0,0,0,0,0,0,0,0,0,0,0,0,0,0,0,0,0,0,0,0,0,0,0,0,0,0,0,0,0,0,0,0,0,0,0,0,0,0,0,0,0,0,,
ASB,ASB0661,EASH,highbank,Hydro,Hydro,2026-07-15,0,0,0,0,0,0,0,0,0,0,0,0,0,0,0,0,0,0,0,0,0,0,0,0,0,0,0,0,0,0,0,0,0,0,0,0,0,0,0,0,0,0,0,0,0,0,0,0,,
ASB,ASB0661,EASH,highbank,Hydro,Hydro,2026-07-16,0,0,0,0,0,0,0,0,0,0,0,0,0,0,0,0,0,0,0,0,0,0,0,0,0,0,0,0,0,0,0,0,0,0,0,0,0,0,0,0,0,0,0,0,0,0,0,0,,
ASB,ASB0661,EASH,highbank,Hydro,Hydro,2026-07-17,0,0,0,0,0,0,0,0,0,0,0,0,0,0,0,0,0,0,0,0,0,0,0,0,0,0,0,0,0,0,0,0,0,0,0,0,0,0,0,0,0,0,0,0,0,0,0,0,,
ASB,ASB0661,EASH,highbank,Hydro,Hydro,2026-07-18,0,0,0,0,0,0,0,0,0,0,0,0,0,0,0,0,0,0,0,0,0,0,0,0,0,0,0,0,0,0,0,0,0,0,0,0,0,0,0,0,0,0,0,0,0,0,0,0,,
ASB,ASB0661,EASH,highbank,Hydro,Hydro,2026-07-19,0,0,0,0,0,0,0,0,0,0,0,0,0,0,0,0,0,0,0,0,0,0,0,0,0,0,0,0,0,0,0,0,0,0,0,0,0,0,0,0,0,0,0,0,0,0,0,0,,
ASB,ASB0661,EASH,highbank,Hydro,Hydro,2026-07-20,0,0,0,0,0,0,0,0,0,0,0,0,0,0,0,0,0,0,0,0,0,0,0,0,0,0,0,0,0,0,0,0,0,0,0,0,0,0,0,0,0,0,0,0,0,0,0,0,,
ASB,ASB0661,EASH,highbank,Hydro,Hydro,2026-07-21,0,0,0,0,0,0,0,0,0,0,0,0,0,0,0,0,0,0,0,0,0,0,0,0,0,0,0,0,0,0,0,0,0,0,0,0,0,0,0,0,0,0,0,0,0,0,0,0,,
ASB,ASB0661,EASH,highbank,Hydro,Hydro,2026-07-22,0,0,0,0,0,0,0,0,0,0,0,0,0,0,0,0,0,0,0,0,0,0,0,0,0,0,0,0,0,0,0,0,0,0,0,0,0,0,0,0,0,0,0,0,0,0,0,0,,
ASB,ASB0661,EASH,highbank,Hydro,Hydro,2026-07-23,0,0,0,0,0,0,0,0,0,0,0,0,0,0,0,0,0,0,0,0,0,0,0,0,0,0,0,0,0,0,0,0,0,0,0,0,0,0,0,0,0,0,0,0,0,0,0,0,,
ASB,ASB0661,EASH,highbank,Hydro,Hydro,2026-07-24,0,0,0,0,0,0,0,0,0,0,0,0,0,0,0,0,0,0,0,0,0,0,0,0,0,0,0,0,0,0,0,0,0,0,0,0,0,0,0,0,0,0,0,0,0,0,0,0,,
ASB,ASB0661,EASH,highbank,Hydro,Hydro,2026-07-25,0,0,0,0,0,0,0,0,0,0,0,0,0,0,0,0,0,0,0,0,0,0,0,0,0,0,0,0,0,0,0,0,0,0,0,0,0,0,0,0,0,0,0,0,0,0,0,0,,
ASB,ASB0661,EASH,highbank,Hydro,Hydro,2026-07-26,0,0,0,0,0,0,0,0,0,0,0,0,0,0,0,0,0,0,0,0,0,0,0,0,0,0,0,0,0,0,0,0,0,0,0,0,0,0,0,0,0,0,0,0,0,0,0,0,,
ASB,ASB0661,EASH,highbank,Hydro,Hydro,2026-07-27,0,0,0,0,0,0,0,0,0,0,0,0,0,0,0,0,0,0,0,0,0,0,0,0,0,0,0,0,0,0,0,0,0,0,0,0,0,0,0,0,0,0,0,0,0,0,0,0,,
ASB,ASB0661,EASH,highbank,Hydro,Hydro,2026-07-28,0,0,0,0,0,0,0,0,0,0,0,0,0,0,0,0,0,0,0,0,0,0,0,0,0,0,0,0,0,0,0,0,0,0,0,0,0,0,0,0,0,0,0,0,0,0,0,0,,
ASB,ASB0661,EASH,highbank,Hydro,Hydro,2026-07-29,0,0,0,0,0,0,0,0,0,0,0,0,0,0,0,0,0,0,0,0,0,0,0,0,0,0,0,0,0,0,0,0,0,0,0,0,0,0,0,0,0,0,0,0,0,0,0,0,,
ASB,ASB0661,EASH,highbank,Hydro,Hydro,2026-07-30,0,0,0,0,0,0,0,0,0,0,0,0,0,0,0,0,0,0,0,0,0,0,0,0,0,0,0,0,0,0,0,0,0,0,0,0,0,0,0,0,0,0,0,0,0,0,0,0,,
ASB,ASB0661,EASH,highbank,Hydro,Hydro,2026-07-31,0,0,0,0,0,0,0,0,0,0,0,0,0,0,0,0,0,0,0,0,0,0,0,0,0,0,0,0,0,0,0,0,0,0,0,0,0,0,0,0,0,0,0,0,0,0,0,0,,
ATI,ATI2201,MRPL,atiamuri,Hydro,Hydro,2026-07-01,9190,9250,9260,9240,9260,9250,9570,9970,18850,18780,24730,26760,35020,35220,35240,36320,38690,38610,38600,38530,38480,38430,38310,38000,35220,34570,34590,29250,27490,19480,19760,31910,37020,36560,36930,38040,37980,37870,37840,37790,37730,34920,34900,30260,21000,18400,18600,18670,,
ATI,ATI2201,MRPL,atiamuri,Hydro,Hydro,2026-07-02,12380,10090,10090,10130,10110,10140,10150,10160,10160,19000,20780,26440,30710,35920,36660,36410,36430,36430,36660,36480,36500,35300,31230,26300,24780,19230,23090,18880,17630,19250,20350,26100,27700,33020,34180,35110,38390,38260,38190,38140,35520,35500,33250,28990,28600,27300,25880,18570,,
ATI,ATI2201,MRPL,atiamuri,Hydro,Hydro,2026-07-03,19160,18890,18520,17140,10120,16690,14820,11570,17360,17930,19450,18340,25820,36660,36370,36250,36210,36260,36240,36270,36300,35660,34390,28670,26470,26520,27500,35280,34690,34840,33810,35630,35640,35400,35410,36670,37670,37630,35750,34650,34570,34700,27530,26680,26980,26660,9890,9340,,
ATI,ATI2201,MRPL,atiamuri,Hydro,Hydro,2026-07-04,9760,9670,12060,19060,23310,20130,10080,9870,18530,11350,23950,29320,38350,38390,37850,36750,26850,34880,34180,30550,26830,26750,19960,19730,18600,26900,26650,26610,26300,26020,25960,27290,32550,34400,34410,34080,34510,34280,31940,29310,29910,30120,35110,26860,21510,24050,18470,13180,,
ATI,ATI2201,MRPL,atiamuri,Hydro,Hydro,2026-07-05,9950,6760,6950,9340,9330,1360,9700,9690,8470,1660,9370,10110,16830,15320,17180,21690,22780,20920,26540,24460,25130,16280,15910,10100,9520,16120,16700,16930,18360,25090,18710,25090,29950,29850,29860,29950,30080,30160,30200,30250,30220,30200,28870,20390,23590,15730,18200,12310,,
ATI,ATI2201,MRPL,atiamuri,Hydro,Hydro,2026-07-06,14170,5420,50,0,0,0,0,0,0,240,13800,16050,23960,25230,27630,27660,27760,27780,27800,27830,27700,27650,27880,26920,27200,27340,27270,27200,27220,27160,27310,27070,27280,27030,36350,38490,38210,37940,38240,38210,34920,34940,28610,27700,27950,27650,19270,10310,,
ATI,ATI2201,MRPL,atiamuri,Hydro,Hydro,2026-07-07,8870,8510,8370,8460,8390,8590,120,10,10230,8800,9610,15780,18560,17610,24860,26720,26370,34370,34370,34280,33950,26010,26290,27220,27610,27720,31400,29890,29780,28340,26570,34590,34770,34690,38430,38350,38280,38190,38150,37710,35250,34720,29590,27690,29900,17160,17280,14610,,
ATI,ATI2201,MRPL,atiamuri,Hydro,Hydro,2026-07-08,9100,9130,9190,9120,9130,9110,9080,9110,9060,9030,9690,10690,20600,23790,23890,33280,37720,35460,30840,26860,27510,32870,34940,27730,23360,19700,19640,10470,17720,19800,21120,24770,26990,28030,29990,38060,38250,38240,38180,37940,35530,28630,28770,28840,28810,16380,9090,9000,,
ATI,ATI2201,MRPL,atiamuri,Hydro,Hydro,2026-07-09,8820,8850,8510,9080,4570,0,0,0,0,0,5570,9000,13820,21900,26120,32480,33750,34150,34260,34110,34280,34820,34860,34900,34620,34640,34890,30740,24460,24350,24310,24200,24540,29270,26650,31090,32610,32620,36180,36440,28040,28460,28080,19310,21600,18000,9930,10170,,
ATI,ATI2201,MRPL,atiamuri,Hydro,Hydro,2026-07-10,10160,10100,10100,9240,10080,9100,9090,9130,9070,8110,9170,9160,15460,17510,17520,17430,17530,17420,17290,17460,17460,17460,17560,17520,17580,17470,9290,9070,9150,9140,15530,17270,24660,34250,34430,34390,34410,34430,34520,29070,33430,27330,33050,25530,29060,27180,27690,27670,,
ATI,ATI2201,MRPL,atiamuri,Hydro,Hydro,2026-07-11,19000,18780,9880,9740,9680,9600,60,0,0,8790,8810,8880,18640,27840,28340,35660,35790,35840,36010,35970,36000,32020,28480,28480,28600,27070,19540,19690,19710,19720,19540,19460,20770,30040,35830,35090,35610,37130,36230,37470,38220,35780,34850,33080,32540,32700,26690,25690,,
ATI,ATI2201,MRPL,atiamuri,Hydro,Hydro,2026-07-12,25740,23310,17840,17940,17990,17940,17950,17930,17910,17970,17860,17890,17940,24560,29420,36970,38380,38170,38330,38300,38240,38140,30010,26870,26970,27080,26860,23580,19170,19390,24370,27110,27030,27470,34150,37590,37490,37490,37380,37290,37250,37120,27540,24460,19100,15350,9280,8850,,
ATI,ATI2201,MRPL,atiamuri,Hydro,Hydro,2026-07-13,8830,8860,8820,2390,2150,2130,60,0,0,400,8000,7910,15080,21510,25110,30920,36540,35830,34010,34050,34220,34440,34260,34140,34050,32120,32840,34250,28080,22870,18360,23220,26650,28310,36250,35800,38160,38110,37990,37940,37290,34190,34530,26960,26750,5270,0,5200,,
ATI,ATI2201,MRPL,atiamuri,Hydro,Hydro,2026-07-14,9790,9800,9760,7630,8550,8660,7040,8540,8550,8550,10160,14800,22390,25850,24940,26340,34190,30240,20320,23690,22950,24960,25920,21320,18590,10440,12380,8880,8780,14450,12950,14080,16540,20620,25820,30870,35560,29180,27680,19500,19760,18600,18130,16660,19420,16430,15780,13950,,
ATI,ATI2201,MRPL,atiamuri,Hydro,Hydro,2026-07-15,8910,0,0,0,0,0,0,0,0,0,0,2610,13390,16410,28470,31560,36030,36220,36040,22290,25440,19360,8820,17420,8620,8310,7190,12380,12100,11270,9800,18020,18390,20280,32490,34800,35090,31630,26170,26750,25590,18690,18600,12550,14550,8410,200,0,,
ATI,ATI2201,MRPL,atiamuri,Hydro,Hydro,2026-07-16,0,0,0,0,0,0,0,0,0,0,0,0,4900,3380,7850,9450,10440,9030,9380,9530,9300,9230,9540,9490,13750,17530,16300,9060,8820,8730,8590,8850,8810,9050,16850,17890,17730,17830,17890,19870,24700,25840,25820,26010,24700,9570,1890,6610,,
ATI,ATI2201,MRPL,atiamuri,Hydro,Hydro,2026-07-17,1430,440,0,0,0,0,0,0,0,0,0,0,6020,10210,12770,23390,28390,28130,28240,22350,10010,9890,9870,9830,9880,9900,9900,2100,1930,1850,1830,1790,1730,4800,8350,16060,16290,16240,16450,14140,8480,8520,4060,3520,0,4540,0,30,,
ATI,ATI2201,MRPL,atiamuri,Hydro,Hydro,2026-07-18,0,0,0,0,0,0,0,0,0,0,0,0,0,0,2180,9150,9580,9560,14980,16280,9290,9370,8970,9100,9240,9000,10510,8920,1420,0,0,0,0,2680,12940,18220,18210,18400,9420,7780,9330,8420,8430,10030,8480,8490,2980,2830,,
ATI,ATI2201,MRPL,atiamuri,Hydro,Hydro,2026-07-19,50,0,0,0,0,0,0,0,0,0,0,0,0,0,0,8650,9470,1270,9280,9250,16180,17810,17770,17820,17480,17390,18080,17820,9600,9710,9880,16270,17930,23210,26470,26340,26160,26290,22990,19390,25920,19240,18220,16750,11950,9880,8900,1570,,
ATI,ATI2201,MRPL,atiamuri,Hydro,Hydro,2026-07-20,0,0,4610,0,0,0,0,0,3280,6220,15490,21090,30200,34110,37400,37970,37880,33470,27630,26970,18770,18770,18870,13980,17850,19720,12840,14720,10140,10130,16970,16870,18090,33810,36930,38360,38170,38170,38130,37290,30360,29250,29370,29410,29370,29350,20010,18350,,
ATI,ATI2201,MRPL,atiamuri,Hydro,Hydro,2026-07-21,18390,13970,17280,13850,13890,10830,8810,9560,14480,17690,15250,24880,27000,26980,34300,37730,37830,37810,29380,29360,28670,26040,22990,15040,8330,7970,9170,9710,8340,8410,8370,9460,8320,8280,27370,33150,32980,37510,37030,28690,29110,29200,37010,29160,29290,29460,29490,19940,,
ATI,ATI2201,MRPL,atiamuri,Hydro,Hydro,2026-07-22,13230,9230,9170,2810,0,0,2480,7790,8900,15640,17140,18230,25080,29460,35340,38340,38260,38160,38150,38100,38090,38030,32160,29150,20540,20350,10700,10460,10440,10440,10500,19080,19220,19260,28940,37530,38640,38470,38340,36650,33960,32380,32460,31130,25180,25260,26670,23640,,
ATI,ATI2201,MRPL,atiamuri,Hydro,Hydro,2026-07-23,17480,13420,14250,9640,8410,1480,6720,0,0,0,7290,13070,16830,23920,24920,31980,32350,32330,26140,25480,25170,25470,25390,25180,32910,28920,25390,16760,11170,9670,16580,16260,16380,17750,29080,34400,34570,34400,34610,34380,34500,32660,32430,32480,28960,19030,15150,10080,,
ATI,ATI2201,MRPL,atiamuri,Hydro,Hydro,2026-07-24,10200,8240,1470,0,0,870,0,0,0,0,0,110,7950,21190,30820,35580,34490,32380,27240,27320,32790,32220,32500,29580,27810,27860,25450,17290,9800,9930,9970,9890,9930,17390,18210,26140,27290,27190,27700,28060,27200,19310,17910,10090,10130,2390,0,0,,
ATI,ATI2201,MRPL,atiamuri,Hydro,Hydro,2026-07-25,0,0,0,0,0,0,0,0,0,0,0,0,340,14790,15010,18710,18450,19010,26070,27850,27880,27660,27560,27630,27040,27210,27060,21400,18860,27360,19050,21100,27270,33730,38230,37970,37770,37580,29890,17760,19450,10020,16460,18890,19020,19120,19130,19210,,
ATI,ATI2201,MRPL,atiamuri,Hydro,Hydro,2026-07-26,19140,19210,12800,9720,9730,9850,9700,9690,9690,9650,9680,11560,12370,18850,23200,26510,26310,26490,26350,26300,26480,26300,26660,26480,26540,26570,26680,26500,26500,26500,26460,26480,26280,29010,34820,35200,36080,36150,36150,36030,36110,35790,28490,24260,19230,19210,10510,12600,,
ATI,ATI2201,MRPL,atiamuri,Hydro,Hydro,2026-07-27,860,0,0,0,0,0,0,0,0,2770,14860,17530,33220,35980,37950,37590,37590,37580,37460,37530,36580,34060,29980,27590,24670,24520,24240,19180,19170,18630,18980,25350,29000,29410,36170,38140,37530,36620,36480,36580,38210,36920,34870,27440,29770,27390,19580,19290,,
ATI,ATI2201,MRPL,atiamuri,Hydro,Hydro,2026-07-28,19120,19040,13090,9840,1020,0,0,1480,15500,26570,30060,33240,34230,34460,38150,37800,37600,37830,37750,36040,31390,26600,26920,26890,25440,17720,17450,16460,17070,16820,25090,22480,25360,33170,33090,35310,36090,36140,36250,37790,37590,34960,35510,35130,34690,31850,31970,24840,,
ATI,ATI2201,MRPL,atiamuri,Hydro,Hydro,2026-07-29,24550,25010,18050,17180,17260,17200,17160,17150,17190,16140,15920,23550,28790,33800,35340,38190,38130,38130,38110,38090,30780,27170,24320,19610,17020,16890,17000,16990,16950,16990,17140,23380,19890,25610,29380,35310,36050,35910,36130,36010,36070,30300,28280,25560,19620,10140,9980,10030,,
ATI,ATI2201,MRPL,atiamuri,Hydro,Hydro,2026-07-30,9950,10080,10080,1900,0,0,0,0,0,0,5460,15090,21680,25950,27340,34310,34560,29700,27260,27180,24750,18660,18730,18890,8940,9040,8680,9780,9850,8830,9410,10630,20840,26200,26040,29490,33830,33820,33990,34110,28680,19590,22360,18300,21050,13720,9350,1940,,
ATI,ATI2201,MRPL,atiamuri,Hydro,Hydro,2026-07-31,0,0,0,0,0,0,0,0,0,0,0,20,6570,13080,18010,24280,23880,17880,18090,18070,17990,15070,9350,9370,9530,9450,9830,8420,5460,4560,9370,9430,11590,18500,26540,26060,26490,26460,26420,25820,23940,23020,17830,16670,19770,15370,12710,8070,,
AVI,AVI2201,MERI,aviemore,Hydro,Hydro,2026-07-01,50612,25742,46208,24587,23121,22800,50229,51590,25710,50148,50987,45804,50360,61769,79881,108216,107993,109276,109205,105519,97514,96571,65616,47516,48441,47106,71624,53353,46793,45326,44254,46885,73977,67380,91202,102105,105985,102552,97067,74360,64137,58811,50022,70439,66391,47641,48480,24040,,
AVI,AVI2201,MERI,aviemore,Hydro,Hydro,2026-07-02,48030,48503,46408,48093,46339,28056,23717,22039,39066,49873,49573,49828,57277,83012,99950,104282,105319,103265,99732,98930,99714,76382,70518,73195,51962,71574,72761,75417,75803,74940,74267,74306,74788,75829,78791,98218,97282,98560,99828,96393,96826,99869,97121,66788,47874,40338,39418,46065,,
AVI,AVI2201,MERI,aviemore,Hydro,Hydro,2026-07-03,23929,47061,42725,23680,21545,20939,20998,21740,22989,46372,48618,48018,74661,75419,75524,98196,107208,76942,74565,74630,74503,74585,72900,53828,48111,48442,47258,46572,48366,48913,49974,50404,66866,76180,75616,73015,72639,74508,74521,71285,73633,72682,74727,72522,74368,49955,47470,26799,,
AVI,AVI2201,MERI,aviemore,Hydro,Hydro,2026-07-04,20896,21529,20876,19462,22327,22348,21830,20466,21086,21669,16793,44736,42578,22523,39386,45733,49923,44407,45133,36681,45941,25054,42626,43982,24937,22585,21173,17944,26686,26548,23245,25053,31095,51310,51119,50177,49999,47282,48593,46518,24889,22114,21531,24244,22704,24732,41951,25397,,
AVI,AVI2201,MERI,aviemore,Hydro,Hydro,2026-07-05,23056,24338,21149,19424,19714,19766,19740,19764,19874,20156,17597,17216,19346,42841,44318,51923,26319,22852,24087,24008,23691,25104,26609,24864,25404,26397,50614,47799,50919,24864,25596,24428,37907,51894,51256,50740,50510,50947,51677,51188,51808,51847,51358,70066,76808,78353,76910,74227,,
AVI,AVI2201,MERI,aviemore,Hydro,Hydro,2026-07-06,48493,28545,20520,17407,23475,21956,21120,19893,18153,22476,47810,27313,24037,72676,54312,53897,77709,78148,77517,76404,76940,76420,77022,75636,73674,50378,75994,77387,49948,50477,26130,49208,50233,57594,83654,101587,90307,78407,79510,73677,51812,62705,49925,50493,50879,50143,29435,31925,,
AVI,AVI2201,MERI,aviemore,Hydro,Hydro,2026-07-07,27361,46553,25064,21832,18624,43502,44577,45014,28641,32015,33240,47010,49035,49066,77504,101833,104040,107282,107333,106387,103401,102180,76565,75415,74215,74428,74430,75721,75164,75781,75764,75105,75558,76374,80995,102386,107594,89951,85887,71024,48046,61354,47474,51766,44185,51735,55745,53611,,
AVI,AVI2201,MERI,aviemore,Hydro,Hydro,2026-07-08,65837,45664,24716,45687,22081,21586,21241,23777,24414,22530,23382,53137,50095,72865,99701,102846,102136,101998,102003,96811,99778,104130,97131,101740,99346,79615,74685,74215,71099,75494,76018,76978,76035,78200,97115,102721,99484,98733,102031,82439,73133,73707,49018,48319,57669,44557,42710,45369,,
AVI,AVI2201,MERI,aviemore,Hydro,Hydro,2026-07-09,48866,44833,21479,270,0,0,0,0,0,22203,22472,23010,48030,75255,76989,77545,75379,77021,78024,76470,75646,75045,74976,77465,49472,49018,25066,36399,65619,63338,68710,70410,72067,68163,62091,75573,75661,67854,34251,36278,48461,47827,43605,27871,7726,2949,48012,54156,,
AVI,AVI2201,MERI,aviemore,Hydro,Hydro,2026-07-10,25784,21921,565,21878,23375,22242,45427,45848,47539,25576,1040,22295,20515,30732,22275,15800,41067,58968,74098,63474,47049,49560,40573,38450,33712,30946,31145,45418,47991,47037,49054,49839,48980,54929,67026,102578,102824,99622,80412,76707,48965,48187,48419,48956,52117,49262,64384,50174,,
AVI,AVI2201,MERI,aviemore,Hydro,Hydro,2026-07-11,47903,24161,700,13008,42199,38707,37640,21061,21014,20089,30123,17922,35138,98499,104109,106712,107401,108879,109709,107537,107043,108952,108203,104316,104395,91572,99923,96103,89360,89655,98800,106883,107152,106658,110860,107452,108125,105899,108155,108604,105792,107846,108773,94605,76443,69902,76771,62275,,
AVI,AVI2201,MERI,aviemore,Hydro,Hydro,2026-07-12,57420,30698,17827,16425,19496,19388,28526,16158,15671,16472,36718,76642,102233,103420,109873,109896,109366,108935,107318,108682,111173,109711,108333,109840,109981,105490,101427,103394,98477,97570,102298,103412,107414,107558,108391,101529,95101,102477,102438,101976,99246,96564,94215,73537,64898,75039,84066,53871,,
AVI,AVI2201,MERI,aviemore,Hydro,Hydro,2026-07-13,23977,24029,23922,23899,23999,24188,22330,20180,20948,19746,18704,40930,47292,59841,100769,102412,104733,102544,86460,75450,75262,63472,49573,50462,32574,23650,50139,50830,25630,50513,25564,49668,50802,30733,50812,50280,50723,49560,48926,50565,50097,49698,48788,49620,49296,26585,24823,24531,,
AVI,AVI2201,MERI,aviemore,Hydro,Hydro,2026-07-14,22493,24454,24188,22951,20823,21750,24660,23794,42093,48053,24502,23755,22677,24532,47057,73580,75270,77302,76226,74661,73519,49333,50075,24888,47662,49060,26186,26051,49230,49836,50037,49258,47815,50328,71767,75284,75699,51026,49311,48757,49351,48926,50395,49750,48226,48146,37677,26578,,
AVI,AVI2201,MERI,aviemore,Hydro,Hydro,2026-07-15,46719,24042,22628,21374,21775,19420,21825,21144,44254,48970,39215,59678,51007,47733,70815,98784,101562,100985,100324,98088,101762,98978,98975,99212,76258,74620,74820,74652,73833,72992,74272,73858,73866,73889,74091,96117,98878,99168,100436,98914,97907,71724,74058,73523,51387,48849,26278,46826,,
AVI,AVI2201,MERI,aviemore,Hydro,Hydro,2026-07-16,48705,24143,45351,42774,23726,21230,20437,446,19304,33910,18888,47915,50756,50629,89908,98684,100130,102726,99852,99067,99098,98395,75000,73295,73581,74242,73333,76802,75057,74891,72525,75891,97057,99783,99234,99631,98622,98777,98976,98631,99529,99781,98953,99367,74025,75445,75950,54271,,
AVI,AVI2201,MERI,aviemore,Hydro,Hydro,2026-07-17,49772,23816,21328,46013,23083,22202,22504,22361,17893,22671,47041,48856,48723,75146,100474,99826,105971,104393,101853,100990,100180,100417,97997,97266,99379,99876,101113,88314,80285,75467,75924,75395,75520,75017,100092,102333,102178,100340,100904,97383,100523,76039,75966,75452,75025,74096,73835,48477,,
AVI,AVI2201,MERI,aviemore,Hydro,Hydro,2026-07-18,46102,46071,45621,47883,46449,21893,18582,17399,19199,21148,32419,24019,23631,41672,49725,70779,76424,76281,75634,74245,75286,73230,74910,75973,74997,56539,50260,50082,49922,49660,49562,51061,52331,73944,71729,75974,76085,74592,74689,77012,74409,51339,74894,74396,52294,32505,15587,1989,,
AVI,AVI2201,MERI,aviemore,Hydro,Hydro,2026-07-19,22411,20969,24321,23076,23667,18979,23082,21941,22154,24220,46589,51025,51276,29771,73455,97815,92754,80414,74851,75295,76220,75191,73889,73321,72503,49324,48500,49180,48083,73829,75165,76317,75416,98042,102628,104207,101328,101267,102300,100484,78560,75033,76388,73365,71917,72051,48077,48600,,
AVI,AVI2201,MERI,aviemore,Hydro,Hydro,2026-07-20,48521,48094,47847,47809,46989,45469,29735,45453,74570,48273,30657,48938,61222,84435,109050,110080,103702,102816,101409,101616,101355,102269,101388,102189,100090,93481,75450,74991,74653,74293,75835,74641,99951,103964,102445,102378,102283,101953,101698,101597,101713,94962,83651,82954,51579,62594,74576,57702,,
AVI,AVI2201,MERI,aviemore,Hydro,Hydro,2026-07-21,44444,40768,40596,48930,49227,48219,49248,49886,42455,49474,49453,55750,101912,100359,102588,102216,102234,103164,102818,102751,102043,101141,101208,100574,101019,99761,99145,97258,82541,73957,48165,70144,78288,100447,100736,100755,100520,92269,89897,89502,83671,75925,90487,85851,73837,73231,60805,49923,,
AVI,AVI2201,MERI,aviemore,Hydro,Hydro,2026-07-22,40325,38558,38998,38255,39023,38872,38994,39292,38859,39069,44069,43974,77579,95808,96735,96102,98611,98580,100244,101598,101170,99796,99145,99199,100469,102418,102780,102133,102285,102227,77587,99258,93792,104578,105614,105395,105450,105428,105869,105808,110191,109989,109765,97337,94878,77235,69751,56997,,
AVI,AVI2201,MERI,aviemore,Hydro,Hydro,2026-07-23,46371,45838,49745,50266,49653,50486,50126,49776,42408,37198,46746,47697,74115,76741,98650,108181,107588,104761,107916,109569,110466,110953,102939,78714,76597,77950,76336,72526,70547,74840,74570,75886,77191,78513,78827,101498,105031,99374,64871,59289,72804,60830,52115,53309,52114,52372,53082,25150,,
AVI,AVI2201,MERI,aviemore,Hydro,Hydro,2026-07-24,19568,23908,24816,23063,20639,16031,19065,16122,8052,0,17628,47877,49593,55771,84558,75764,74754,75195,76414,75001,73791,74047,74822,74749,73322,74075,72972,71214,73351,73734,73681,49796,47998,60685,73513,73524,74050,74277,49066,47666,48222,47611,48711,50000,46072,46107,44871,48943,,
AVI,AVI2201,MERI,aviemore,Hydro,Hydro,2026-07-25,24532,48404,68186,62406,47419,45936,43740,45406,48969,70458,75112,77392,61781,38377,73077,69161,97837,102830,101616,99915,99358,97697,99038,101024,92954,99916,93620,72989,67985,49913,49448,72935,75639,75419,74570,76337,75624,74741,75720,76357,75557,74845,75102,73863,72097,73856,72569,75067,,
AVI,AVI2201,MERI,aviemore,Hydro,Hydro,2026-07-26,73177,50702,24621,24154,23855,23024,48256,51245,50341,50144,51897,49943,48886,61238,76745,76166,76831,97721,102249,99167,98616,101722,92693,74684,74907,72267,73547,70192,67883,74856,75514,100202,101009,101331,101399,103633,103129,103755,104089,104897,101663,99826,101874,85505,60202,46371,48897,41806,,
AVI,AVI2201,MERI,aviemore,Hydro,Hydro,2026-07-27,21072,33763,20321,20695,16387,2677,14833,14924,19343,22424,40737,58384,97438,102820,104969,101273,102470,106583,103298,103833,102946,101662,103604,104393,103160,102708,100723,97700,101716,102859,97864,89682,96884,99474,101588,100617,103527,108105,102584,101195,101325,83337,98822,76553,71566,49604,73676,61201,,
AVI,AVI2201,MERI,aviemore,Hydro,Hydro,2026-07-28,48460,49548,49223,24465,56261,76535,72271,49347,44863,38243,47907,59990,66708,76604,99132,100920,101205,101707,103089,103592,103058,103610,104065,103839,103474,104849,107160,96904,102656,106301,106563,105838,105789,106673,106860,106993,106362,106742,107040,106705,102106,98814,77296,74704,65945,64205,76667,64888,,
AVI,AVI2201,MERI,aviemore,Hydro,Hydro,2026-07-29,51166,50091,49894,51159,48509,48342,48816,49794,49044,48496,49230,73715,76093,73530,98551,104949,105027,105599,80334,78915,80450,81144,80319,79091,78736,79467,79041,78446,78098,78998,80876,77505,78102,78639,78308,80001,103101,104449,80467,98195,103631,77817,77757,77001,50817,49973,49449,48821,,
AVI,AVI2201,MERI,aviemore,Hydro,Hydro,2026-07-30,28655,23361,47461,66973,48567,45581,45375,44375,22472,46135,33432,49967,70025,76923,91025,101956,102611,104568,103100,102964,104598,79665,77903,79381,80220,79602,78062,72389,68094,75450,75984,76334,78043,78498,78692,77344,100759,104785,101613,77580,76596,76024,76351,52880,50223,43458,47626,49086,,
AVI,AVI2201,MERI,aviemore,Hydro,Hydro,2026-07-31,23572,1303,13241,995,0,0,0,0,21477,24957,24500,49563,76144,77214,79469,98646,104098,102011,101709,104047,80940,73764,76322,76121,52255,76408,74633,74624,75454,77949,52900,51395,77267,78578,78943,78212,75792,75456,77831,76354,70191,72956,51212,48843,49386,50035,49426,50709,,
BEN,BEN2202,MERI,benmore,Hydro,Hydro,2026-07-01,82498,117654,78698,81695,77181,76069,38620,40279,77347,78996,82897,85110,136774,207807,258216,272174,271916,273851,274954,268409,224705,210021,222212,201562,207382,199473,167964,121298,116289,112431,109276,113524,136884,193973,217203,265114,270922,267217,228908,210873,183268,158886,214825,144708,110652,89493,59664,32509,,
BEN,BEN2202,MERI,benmore,Hydro,Hydro,2026-07-02,69651,58678,66683,39327,37166,39864,38496,35616,31407,40538,74192,105858,158876,207056,218019,265094,269491,259526,228656,236328,186871,157402,156783,116823,123121,156271,193669,173462,167774,166202,165879,166520,202326,204572,230210,232674,236429,205011,171566,172479,148345,130409,158172,137349,118126,123583,123446,123302,,
BEN,BEN2202,MERI,benmore,Hydro,Hydro,2026-07-03,99424,84276,75909,83933,79350,76143,76256,76722,79248,80320,43759,44255,107864,200387,240732,265574,270681,248372,245012,221247,207194,173404,201361,182650,178685,130328,122583,93075,81546,77242,122771,141848,171559,177071,209825,201950,197736,209302,211016,192994,177550,161144,160339,163829,129045,117235,125231,117041,,
BEN,BEN2202,MERI,benmore,Hydro,Hydro,2026-07-04,116846,97604,75347,60474,84424,84197,78670,71720,74808,78373,39326,42250,75802,77175,49413,75338,117867,79496,73828,62755,111349,119260,82754,75889,83110,72846,64286,54898,43751,60583,76684,110032,117171,135209,154399,167278,125843,98120,46658,37274,39288,36663,33909,38388,42497,40379,34528,33050,,
BEN,BEN2202,MERI,benmore,Hydro,Hydro,2026-07-05,37107,38412,33404,29402,28970,29024,28980,28995,33935,36467,26915,26372,36500,36553,36211,42119,37104,75882,77307,77146,78473,83452,88250,116347,127805,128683,167548,156301,167245,157745,131982,135509,169976,208466,211627,200131,202163,198632,215126,198224,216748,216167,205952,158856,137546,105996,85064,52037,,
BEN,BEN2202,MERI,benmore,Hydro,Hydro,2026-07-06,37175,75697,73786,66187,41364,36893,34874,34455,34650,37862,40777,38560,41633,80630,110162,164239,171692,173118,169467,159560,169916,169059,205095,204584,201146,200811,204613,175834,199920,211449,167117,165876,179244,135129,171577,170004,163382,136510,146243,143148,137868,162746,139232,76475,40418,69929,61331,57630,,
BEN,BEN2202,MERI,benmore,Hydro,Hydro,2026-07-07,57664,81176,69093,66485,35576,35144,37955,38425,70603,68249,63126,79281,80280,85786,180740,216151,262558,272168,272064,272383,264723,253865,256418,251359,247192,239565,240987,209835,200414,214384,214500,204674,243736,256178,267053,270597,272777,272351,268626,271513,270849,226445,204443,146632,55182,26771,19620,38858,,
BEN,BEN2202,MERI,benmore,Hydro,Hydro,2026-07-08,60414,37870,40398,39217,44815,37934,37195,39864,43068,73985,77982,85766,105492,136144,167532,206230,253327,250029,252267,239658,204682,173735,197255,209415,200846,201996,196378,196290,194859,168470,210018,220132,250212,253310,224552,255983,242449,230345,182305,193144,168186,120737,132223,89606,55890,8736,18965,38267,,
BEN,BEN2202,MERI,benmore,Hydro,Hydro,2026-07-09,41857,3592,0,0,39354,38656,37670,78905,50705,38478,37853,25651,53266,111066,131901,203823,246510,249709,255815,245964,241726,241101,212927,177682,192040,159724,169715,149933,148197,126165,123545,146081,134635,149905,190051,259769,244859,241571,243546,200128,141344,99767,106154,61933,630,0,8310,40696,,
BEN,BEN2202,MERI,benmore,Hydro,Hydro,2026-07-10,16058,0,0,0,37144,39386,39190,39459,40029,3629,0,0,0,29158,143301,185318,224724,209884,163635,114846,112110,119250,120970,113883,107886,102005,92217,45775,35648,34954,35021,75609,141088,199653,213930,255705,254973,252250,263107,253283,205558,197450,201681,136780,71365,74671,80264,85556,,
BEN,BEN2202,MERI,benmore,Hydro,Hydro,2026-07-11,59449,53284,17208,5297,29620,30241,35443,53463,80727,85306,113748,145363,161856,157353,202922,261447,266860,267169,269671,271267,270558,271569,269631,257287,231176,218948,195717,190966,197140,200852,240890,268415,268466,268338,271978,266457,271835,269458,271203,271509,267608,268963,269579,224968,122180,77275,42524,41778,,
BEN,BEN2202,MERI,benmore,Hydro,Hydro,2026-07-12,32162,25248,25515,25493,25136,25671,24319,24576,24183,25204,56285,119826,238343,235583,271612,269468,268464,267933,266677,268174,271858,269459,268299,269475,269647,261016,224084,201698,194482,189938,198735,212492,252859,263691,266365,253224,234822,190904,203070,161163,164611,156298,155653,130919,95732,46198,24706,25768,,
BEN,BEN2202,MERI,benmore,Hydro,Hydro,2026-07-13,35809,39493,34179,37435,39660,37493,36226,31529,32932,28912,29974,49537,41995,69686,157217,248967,266644,264556,214359,209084,189873,169659,163559,126551,122307,87622,42022,54433,80586,63843,50900,58712,138365,140345,183891,202039,218874,186311,176489,152824,152644,134356,135128,88583,107714,126321,84396,38935,,
BEN,BEN2202,MERI,benmore,Hydro,Hydro,2026-07-14,75116,83189,39706,36440,37311,40144,39797,37898,33482,38906,37304,84893,112726,135576,163297,208542,218667,224345,221577,207488,199448,196180,171732,172860,130984,120734,127684,119596,126911,125948,126940,80934,113468,131113,162297,168847,208833,221198,209354,197883,164586,145345,89005,124326,63395,77878,64105,102714,,
BEN,BEN2202,MERI,benmore,Hydro,Hydro,2026-07-15,124331,130786,118026,79427,77805,66309,67445,74385,49241,48874,75226,105505,126407,116140,148298,168660,206452,209935,210398,198623,171610,161282,157832,197530,211764,204408,168937,160117,159519,156587,158279,159788,164908,158078,199514,207847,209860,198384,212173,198167,197566,197962,160540,161487,159277,132674,118905,117061,,
BEN,BEN2202,MERI,benmore,Hydro,Hydro,2026-07-16,119034,118635,78344,74209,81058,56713,41275,51871,45386,42368,55939,113933,124365,160298,192078,199023,216527,227056,244828,238346,207230,184115,188309,158318,158435,166766,164265,168826,165463,167573,150645,167277,166286,229365,219119,235249,243835,237544,208231,197005,240617,208916,201384,200634,165149,165154,168404,129712,,
BEN,BEN2202,MERI,benmore,Hydro,Hydro,2026-07-17,127153,127186,118008,123520,74384,70823,64188,43683,54968,66447,110950,152225,171674,171336,251828,249303,271103,268060,254215,245484,246022,190382,154548,193654,162138,164110,167252,163361,178800,170381,172338,197862,213799,232683,250744,261027,256223,252250,250770,240510,211114,172797,171836,162709,122354,83329,121404,119149,,
BEN,BEN2202,MERI,benmore,Hydro,Hydro,2026-07-18,138336,97580,75105,37128,34836,31850,27298,34588,69454,48987,59860,67183,90203,118339,121798,164819,167141,174930,207791,198538,199921,198235,207117,210807,211810,180385,170524,163517,165712,160196,164987,175193,198493,208599,198878,212624,211522,201762,168476,127869,121238,167290,167764,121813,83479,69674,73931,108653,,
BEN,BEN2202,MERI,benmore,Hydro,Hydro,2026-07-19,110621,96940,118618,116410,94748,103483,77604,72453,46892,38103,38533,82580,117004,113526,148551,132307,196153,185484,200985,198559,178498,159248,157672,158597,154438,157317,157953,130954,141418,119897,121399,127511,159193,173666,187553,257890,239764,182524,140358,148530,154518,145973,176933,149003,121230,83896,76470,79056,,
BEN,BEN2202,MERI,benmore,Hydro,Hydro,2026-07-20,118536,82823,82793,78325,78666,75299,131035,118897,131695,119376,92181,133437,192325,233170,271032,273027,269646,268305,267110,268782,268112,269147,267767,268758,256662,242905,252485,247664,245540,245149,249013,252212,255992,263373,262589,267923,266997,267089,266674,266490,266882,270195,272450,270848,216514,134351,108936,85109,,
BEN,BEN2202,MERI,benmore,Hydro,Hydro,2026-07-21,84162,113286,99831,82269,77866,78207,60559,40708,65231,86884,147543,165223,201054,244907,260759,260704,261427,262828,262249,262332,260694,255882,256567,254738,255872,255066,248591,236335,253477,256842,250830,238492,259773,255063,255485,263085,264697,268674,264605,261925,263703,267350,267110,262450,226209,166174,119219,91335,,
BEN,BEN2202,MERI,benmore,Hydro,Hydro,2026-07-22,49772,30297,32747,25308,25708,25012,30375,31300,30163,30708,50551,75126,187250,240476,259168,261907,269419,269622,267324,268151,268238,267049,266709,265333,262396,264035,262391,255168,257211,256479,257126,245331,252151,257120,267485,271103,270689,270958,271610,271076,273090,270172,270693,251242,241369,194766,152332,120570,,
BEN,BEN2202,MERI,benmore,Hydro,Hydro,2026-07-23,80548,56374,42251,78179,50382,28069,28169,28401,45780,67359,43986,94234,163008,222863,271316,269293,270500,271147,271725,272772,271793,270118,263823,262803,247866,233684,228379,224125,205575,200985,201249,200879,211945,256995,261291,265163,268672,266989,265503,220928,172279,154710,131766,108718,90473,83554,40827,45636,,
BEN,BEN2202,MERI,benmore,Hydro,Hydro,2026-07-24,38151,877,39392,38133,33950,32998,33603,32773,40180,64690,69552,40366,115130,130156,160173,133537,158821,168386,173371,160297,159009,166648,168493,165907,161671,126979,120860,118731,80417,76805,90545,114799,156032,171909,165923,160918,159970,164613,127420,118525,124268,118612,84220,124701,79483,38889,76551,121369,,
BEN,BEN2202,MERI,benmore,Hydro,Hydro,2026-07-25,119959,83901,119643,113196,116981,117570,113231,114332,123143,119395,119807,146036,156956,126088,175137,154800,162258,178852,208738,218265,218902,197937,220913,210893,228424,204362,208177,199126,120594,124146,127638,118204,134876,184610,246546,255516,261646,242128,206649,175150,168397,157327,185000,149455,119460,107539,125607,131327,,
BEN,BEN2202,MERI,benmore,Hydro,Hydro,2026-07-26,143131,132262,82119,78869,79304,75974,120040,128656,118010,88584,86903,123805,156697,127708,166493,170146,173851,212142,255849,233387,220962,206062,237345,225368,208685,205284,205951,196488,195981,201893,208102,203627,232937,252702,249184,266293,266647,267712,266366,265513,265974,240448,257322,242029,180021,134875,109744,84540,,
BEN,BEN2202,MERI,benmore,Hydro,Hydro,2026-07-27,82205,74131,60050,82164,67298,55801,52324,60547,52768,54118,70305,118063,212935,254820,266077,260479,260708,269631,259311,253398,252229,249996,260080,260656,244244,225699,201321,198723,204029,178947,201325,227235,233881,264579,271262,269190,268770,271369,266759,265800,265937,265581,265498,266035,245976,178007,122330,86430,,
BEN,BEN2202,MERI,benmore,Hydro,Hydro,2026-07-28,76196,84150,85510,83312,83372,88699,87168,87896,85507,114223,119577,158976,212028,239939,265218,266534,267268,268643,267330,267244,259391,268658,262073,259266,268124,269701,266746,256695,252710,260047,258567,260011,254443,265878,267659,268686,266616,267347,267459,263790,264563,268303,271729,264529,257296,233194,171055,153909,,
BEN,BEN2202,MERI,benmore,Hydro,Hydro,2026-07-29,140235,129600,102841,98609,114850,89463,82059,83126,78418,85833,75315,127885,207484,241819,260761,269430,266539,268151,265492,267638,271602,273593,272475,262110,248018,257321,254555,211516,197397,207144,214062,195622,199222,212339,249794,267507,261813,258161,261101,260127,249012,243287,242891,196845,92698,44618,41437,42462,,
BEN,BEN2202,MERI,benmore,Hydro,Hydro,2026-07-30,44757,39646,39286,37680,38988,37907,38531,37701,77199,64953,70435,95100,136084,174437,225331,256848,242302,218346,204634,218996,213543,198155,199701,168946,160019,169082,190757,163470,168962,164506,193772,208634,219971,213454,253438,221727,204956,177366,161174,167072,207439,201866,210678,210915,166976,120660,80376,48009,,
BEN,BEN2202,MERI,benmore,Hydro,Hydro,2026-07-31,40173,40199,3036,0,0,0,0,0,0,0,40480,76120,123857,125644,210590,237572,257765,242154,238728,211976,228746,197891,207503,160847,162824,125516,116956,117638,146717,127085,157867,166718,178003,129827,176984,228970,245578,239462,215520,199443,196430,163776,194416,201336,141029,82285,96345,82909,,
BPE,BPE0331,POCO,twf_12,Wind,Wind,2026-07-01,0,0,0,0,0,0,0,0,0,0,0,0,0,0,0,0,0,0,0,0,0,0,0,0,0,0,0,0,0,0,0,0,0,0,0,0,0,0,0,0,3,209,738,478,258,64,30,14,,
BPE,BPE0331,POCO,twf_12,Wind,Wind,2026-07-02,33,0,0,0,0,0,0,574,1849,1601,1307,922,694,1003,922,897,986,1063,1125,1136,878,280,333,1004,1229,661,353,828,941,1428,2386,3214,2430,2945,3562,4106,5257,5522,5887,5317,6749,6344,6804,6262,6212,5300,4028,4296,,
BPE,BPE0331,POCO,twf_12,Wind,Wind,2026-07-03,4150,3935,4655,5599,4242,5629,5859,4052,4073,3430,3959,3261,3286,3559,3418,3448,3311,3503,2597,1553,2054,1352,1221,1827,2895,1530,1557,2310,1222,1383,811,465,219,0,0,0,0,0,0,0,20,110,391,931,1399,1167,1541,2024,,
BPE,BPE0331,POCO,twf_12,Wind,Wind,2026-07-04,2140,2138,2575,2504,2823,3275,3252,2990,1978,1695,1818,1603,1754,2827,3395,3482,5269,7204,7921,8235,7953,6979,7946,5649,7691,4819,1966,3561,2728,3374,3994,5217,4914,2300,1575,2497,3057,3630,3308,2732,3740,3455,2683,1940,1058,440,1279,567,,
BPE,BPE0331,POCO,twf_12,Wind,Wind,2026-07-05,140,649,149,0,10,248,63,0,0,0,0,0,0,26,2,100,60,0,16,1,50,1940,4232,7248,8830,8858,8472,7488,5187,4285,4791,3277,2557,735,109,7,0,0,0,0,0,0,0,0,0,0,1,255,,
BPE,BPE0331,POCO,twf_12,Wind,Wind,2026-07-06,1621,3404,3856,4333,6943,6756,8789,10581,10721,12493,13110,14187,13836,13908,14121,11824,10842,10997,11381,9460,6881,8004,7944,8941,12331,12900,10952,10013,8378,8585,7389,8267,8510,8864,8641,9071,8997,9045,4712,1509,2088,1261,2719,4833,3718,1642,982,1112,,
BPE,BPE0331,POCO,twf_12,Wind,Wind,2026-07-07,1351,575,71,693,2855,5042,4686,2501,1440,1646,4379,6202,5298,6354,5410,2583,1093,473,292,239,139,68,442,1262,3576,2495,450,1098,1876,1409,867,922,1087,1358,1211,2851,2267,2183,1491,1612,641,11,0,0,0,0,43,75,,
BPE,BPE0331,POCO,twf_12,Wind,Wind,2026-07-08,67,186,623,1581,1402,754,2669,5172,3518,1553,9,0,5,588,997,2024,1946,2184,1929,1821,1435,1558,326,378,1053,1577,2668,6318,6084,4633,4516,5386,4623,5570,5097,5798,8784,8206,8091,8531,10317,11181,12451,12622,11389,14022,13158,13976,,
BPE,BPE0331,POCO,twf_12,Wind,Wind,2026-07-09,12697,11401,12948,14809,14728,14761,14896,14495,14479,14984,14802,14668,14972,14927,14539,14088,14373,14198,13799,13490,13180,13209,12909,12372,11318,12449,12053,12708,12881,12811,13749,13843,14443,15005,14731,13928,13387,13606,13232,12531,13223,11770,11329,11813,12671,12607,9354,9832,,
BPE,BPE0331,POCO,twf_12,Wind,Wind,2026-07-10,9497,7169,6746,8694,8496,6937,7422,8252,7427,8789,9529,8339,9433,9294,7538,5527,7211,7620,7538,5963,5020,5052,5458,4004,4963,2725,3216,3963,5647,6376,4067,3601,1251,547,432,34,0,60,19,0,0,357,415,65,0,0,0,0,,
BPE,BPE0331,POCO,twf_12,Wind,Wind,2026-07-11,77,382,169,123,112,39,44,1,4,141,1,0,0,0,0,0,4,0,0,0,7,1,0,1,1,95,90,0,0,0,168,0,0,0,0,36,27,156,17,49,46,139,148,213,258,244,156,145,,
BPE,BPE0331,POCO,twf_12,Wind,Wind,2026-07-12,577,461,328,6,0,0,0,0,0,0,0,0,0,0,4,89,68,80,20,19,23,10,0,0,0,0,0,0,0,0,0,0,0,0,0,0,0,0,0,0,0,0,0,4,222,626,627,430,,
BPE,BPE0331,POCO,twf_12,Wind,Wind,2026-07-13,539,1407,2067,2130,1757,2503,3612,3848,3636,4230,5942,6809,7198,5831,5701,4613,3909,4454,5177,5483,4680,3198,2988,1885,3480,5623,5429,3965,5331,6300,8482,5534,6246,5074,5783,5194,4420,5714,5467,4085,4872,3549,6110,6121,7718,8972,7714,6615,,
BPE,BPE0331,POCO,twf_12,Wind,Wind,2026-07-14,4721,3191,2818,3402,3711,5156,4711,3169,1726,1636,3285,5451,9220,10672,11531,10274,12500,14309,14474,14394,14335,14775,14645,14047,12976,12773,10114,10099,11395,11053,8788,9392,10401,7705,9402,7336,6648,6617,10451,15135,15275,15382,15392,15340,15044,14367,11622,11771,,
BPE,BPE0331,POCO,twf_12,Wind,Wind,2026-07-15,13380,7580,8800,8860,11233,13832,12000,14766,14891,15358,15354,15320,15182,14833,15161,14347,11975,13168,12698,11727,11559,11502,12205,11887,12668,12191,12696,12225,10979,10205,10826,8182,9926,8381,5377,5468,6989,8583,11106,7282,4521,3967,4537,7661,12374,14952,14358,13560,,
BPE,BPE0331,POCO,twf_12,Wind,Wind,2026-07-16,12046,10994,9732,8662,8251,10924,12554,13012,14170,14376,13755,14334,14438,12044,11859,14901,15517,15490,15434,15217,15346,15016,14485,14887,14946,15204,15226,15034,14680,13293,12062,13504,12915,10106,6658,3165,2008,1175,713,548,798,438,2,0,0,90,656,1268,,
BPE,BPE0331,POCO,twf_12,Wind,Wind,2026-07-17,1413,1953,4060,7441,11277,12178,12043,11996,11464,11828,13179,13978,14008,14668,14946,14792,14994,15222,14581,14929,15214,15247,15186,15173,15087,15034,15109,14482,11632,9733,8398,7913,9251,13314,13725,12405,12918,13369,13158,12074,13530,13655,13251,13068,10959,10396,10713,11596,,
BPE,BPE0331,POCO,twf_12,Wind,Wind,2026-07-18,11780,12082,13094,14921,15186,15521,15247,15376,15367,15383,15443,15377,15376,15370,15367,15367,15368,15362,15317,15346,15337,15277,15278,14924,14919,15377,15366,15231,15238,15190,15224,15167,15210,15228,15254,15183,15174,15173,15235,15378,15335,15460,15308,15300,15255,15137,15373,15343,,
BPE,BPE0331,POCO,twf_12,Wind,Wind,2026-07-19,15354,15346,15364,15365,15300,15499,15395,15383,15324,15500,15345,13469,12212,11383,10931,10444,10289,9843,8539,7173,6156,4446,3837,2812,1589,611,77,0,0,0,0,2,794,1722,2580,3187,3847,6453,6354,6567,6836,6506,6964,8414,9763,9419,9163,9504,,
BPE,BPE0331,POCO,twf_12,Wind,Wind,2026-07-20,9704,8699,8165,8270,8308,8142,8144,9256,10084,9988,9828,7713,6392,3604,3133,3311,3186,3354,3808,5977,6393,7101,6386,5098,4903,3065,1994,2015,2255,2279,1499,1993,5603,2761,1357,332,1,2,88,57,5,0,4,0,0,0,0,0,,
BPE,BPE0331,POCO,twf_12,Wind,Wind,2026-07-21,101,110,240,7,0,0,0,0,0,0,0,0,0,0,0,0,0,0,0,5,356,384,918,2212,2474,3898,3999,4106,2623,2417,2846,2984,2635,2909,3353,2616,3001,4395,6539,8321,8842,9440,10298,11293,13240,14055,13445,12704,,
BPE,BPE0331,POCO,twf_12,Wind,Wind,2026-07-22,11810,12120,11960,11280,11804,11707,10943,8029,8113,7699,6382,5493,4226,3943,3356,3330,3424,2892,1973,1884,1618,1535,970,313,206,31,38,1,0,0,0,0,0,0,0,0,0,0,0,0,0,0,0,0,0,0,0,0,,
BPE,BPE0331,POCO,twf_12,Wind,Wind,2026-07-23,0,0,0,0,0,0,159,536,826,1186,1249,2564,5220,6580,6316,6527,7309,7326,8093,8485,9466,11731,10502,9920,10938,10970,10672,10555,9946,8067,6828,7244,8607,12103,10175,8699,5616,5774,6955,7796,8773,9029,9669,9890,11088,10967,11443,11956,,
BPE,BPE0331,POCO,twf_12,Wind,Wind,2026-07-24,11615,9745,10132,10333,9099,9920,6545,9117,10812,10019,10210,9027,9040,6470,5516,4507,3516,4022,4380,4012,2666,3098,2162,2601,5974,8880,10642,13020,14594,14892,11624,10919,11200,12614,11129,13117,13766,14220,13485,9969,5556,3865,4182,8165,9980,10108,9715,6744,,
BPE,BPE0331,POCO,twf_12,Wind,Wind,2026-07-25,4755,8384,11170,7845,4320,3639,5203,8086,7248,5768,4637,1395,331,1,82,0,270,1421,2383,2582,2742,2726,3728,1331,804,639,77,0,82,3267,4463,5660,7843,7108,5130,2760,385,151,603,60,85,0,1,0,0,0,1,115,,
BPE,BPE0331,POCO,twf_12,Wind,Wind,2026-07-26,189,1132,2218,1432,1416,698,1925,1769,895,722,870,616,396,505,708,538,262,580,395,344,434,299,250,87,399,955,989,793,1847,3695,5264,3097,4253,3928,3960,4692,2735,2354,1703,1250,1586,1384,617,1130,847,81,223,380,,
BPE,BPE0331,POCO,twf_12,Wind,Wind,2026-07-27,485,229,6,0,0,0,0,0,0,0,21,132,191,90,542,382,387,300,292,261,78,5,0,0,0,0,0,0,0,0,0,0,0,0,0,0,0,0,0,0,0,0,0,0,0,0,0,0,,
BPE,BPE0331,POCO,twf_12,Wind,Wind,2026-07-28,0,0,0,0,0,0,0,0,0,0,0,0,0,0,0,0,0,0,0,0,0,0,0,0,0,0,0,26,3,13,62,958,1980,2783,2706,1818,1347,2191,2483,3319,2131,1605,1170,1198,872,511,541,352,,
BPE,BPE0331,POCO,twf_12,Wind,Wind,2026-07-29,502,631,370,48,0,0,0,0,0,414,2178,2241,3177,4167,5062,5997,4919,4963,5141,4295,4357,4505,5240,7390,10453,9383,7461,7612,7301,6391,5454,4602,5799,4613,3425,1112,761,1067,752,947,1088,2169,3145,4528,6292,8191,7326,6322,,
BPE,BPE0331,POCO,twf_12,Wind,Wind,2026-07-30,6743,7285,9634,12001,13889,14348,14448,15005,14906,15180,15438,15605,15153,13490,10950,10155,9368,9315,9909,8996,8387,11454,13403,13427,15244,15056,14615,13990,13737,14359,15032,14685,12521,13064,10559,8243,6832,9524,10945,12001,12896,10392,9690,10152,12547,14104,15319,15360,,
BPE,BPE0331,POCO,twf_12,Wind,Wind,2026-07-31,15212,15559,15527,15714,15691,15252,14682,14287,14211,14358,14837,14835,14611,14612,12438,9481,9711,10112,13125,12719,10415,13456,15791,14977,15324,15058,14248,15084,15566,15584,15200,15494,15370,14949,14108,13596,14285,14596,13143,12024,9366,8867,6502,5961,6622,5296,5394,11712,,
BRB,BRB0331,MERI,ruakākā_energy_park,ELE,BAT,2026-07-01,82,19859,445,163,3,0,0,168,7,47,48,5642,9938,613,104,25471,18656,79,356,312,154,143,1,168,0,0,0,0,0,0,0,7,2939,11206,7094,26472,20763,17000,663,156,118,0,1287,188,0,0,0,0,,
BRB,BRB0331,MERI,ruakākā_energy_park,ELE,BAT,2026-07-02,0,0,0,0,0,0,0,0,0,9,24,28,59,96,4744,26852,15895,289,190,130,165,848,50,0,0,0,0,0,0,0,21,10149,825,8635,8700,8744,1808,4108,80,168,2873,9442,15958,12552,100,102,11867,5831,,
BRB,BRB0331,MERI,ruakākā_energy_park,ELE,BAT,2026-07-03,68,206,212,14,219,2,0,0,97,161,193,175,170,175,2502,34124,24297,32373,3534,129,1157,193,202,164,18,0,0,0,166,53,190,0,30,24,7282,8593,4334,7820,4098,260,70,1197,2,13424,0,5485,184,104,,
BRB,BRB0331,MERI,ruakākā_energy_park,ELE,BAT,2026-07-04,75,14140,436,170,122,0,0,102,0,196,2,3187,16562,431,201,235,9017,546,235,233,191,231,67,29,0,0,165,190,197,213,217,78,4541,14734,16295,489,3638,87,136,0,0,0,97,8438,7725,0,0,19040,,
BRB,BRB0331,MERI,ruakākā_energy_park,ELE,BAT,2026-07-05,594,0,659,0,25,27214,352,0,0,0,0,0,0,0,0,4,18821,636,0,0,0,0,0,0,0,0,115,108,21092,1051,5,44,0,10117,6569,12535,16354,8385,21,7311,9545,615,0,1161,0,0,0,0,,
BRB,BRB0331,MERI,ruakākā_energy_park,ELE,BAT,2026-07-06,0,0,0,0,0,0,0,0,23,0,150,66,10523,12697,724,0,0,0,0,0,0,0,0,0,1,2,6,61,19688,444,6099,304,50,4,1481,16628,16140,13912,14117,19955,19862,4472,46,0,0,0,4,15835,,
BRB,BRB0331,MERI,ruakākā_energy_park,ELE,BAT,2026-07-07,475,16,23,24,40,0,0,7,0,0,28,18,40,4,1,1,20,22,1608,324,19598,19121,13072,1315,10645,19251,5106,1,4657,10917,1804,46,0,0,0,0,0,0,0,0,1,0,502,0,0,0,0,0,,
BRB,BRB0331,MERI,ruakākā_energy_park,ELE,BAT,2026-07-08,0,10,0,0,15,0,0,0,0,0,7392,425,3071,446,3,11,16968,353,17,8,3098,3064,12754,272,28,8,9,20,0,0,21,17,18,2885,8053,18108,19206,19944,14243,312,0,0,0,8,1114,22,49,10,,
BRB,BRB0331,MERI,ruakākā_energy_park,ELE,BAT,2026-07-09,26,0,29,0,0,0,0,5,0,0,0,10,6300,7151,5151,568,19420,406,49,82,94,123,83,89,95,73,76,69,0,89,135,127,1871,362,1647,38430,38468,18201,507,77,145,55,30,172,171,1663,139,131,,
BRB,BRB0331,MERI,ruakākā_energy_park,ELE,BAT,2026-07-10,146,171,173,179,3,0,0,0,0,0,0,0,69,91,7269,30184,19857,19918,460,169,37,169,140,301,52,0,0,0,0,0,0,86,16237,3906,3638,14805,34739,16057,28865,12468,5794,67,0,9,28,37,28,14,,
BRB,BRB0331,MERI,ruakākā_energy_park,ELE,BAT,2026-07-11,24,32,35,38,0,0,0,0,0,0,24,21,1,0,0,8672,34603,23725,1045,4,0,0,0,0,0,0,0,0,0,0,0,0,0,15249,7287,28984,24483,21222,833,6353,270,0,0,81,0,0,0,0,,
BRB,BRB0331,MERI,ruakākā_energy_park,ELE,BAT,2026-07-12,0,12234,3639,12,8801,3071,2435,8,9,9,2,0,1192,99,1126,6223,17214,279,0,0,0,0,1,1958,0,0,0,0,0,0,0,0,1931,6339,26220,33935,21008,9338,148,0,0,4073,0,6634,0,0,0,0,,
BRB,BRB0331,MERI,ruakākā_energy_park,ELE,BAT,2026-07-13,1141,0,0,0,0,0,0,0,0,0,115,23,2985,7084,7651,25832,18402,536,17947,61,0,0,0,0,0,0,0,0,0,0,0,0,0,6,0,25030,26377,20863,519,3676,19325,4881,15864,0,0,458,4428,6857,,
BRB,BRB0331,MERI,ruakākā_energy_park,ELE,BAT,2026-07-14,0,0,0,0,0,0,0,0,0,6284,6842,4287,17591,14632,3963,464,16631,2904,22,0,0,7208,0,18384,7668,0,0,0,0,0,0,0,0,2924,6350,15584,16080,14891,3626,0,0,0,10364,11554,13969,7417,5331,4128,,
BRB,BRB0331,MERI,ruakākā_energy_park,ELE,BAT,2026-07-15,0,0,0,0,0,0,0,0,0,0,0,0,9380,3410,10363,18765,19940,15651,13349,2323,0,0,0,0,0,0,0,0,0,0,0,0,0,5395,7435,34657,30973,22314,231,6471,4695,3817,12636,3632,0,0,0,0,,
BRB,BRB0331,MERI,ruakākā_energy_park,ELE,BAT,2026-07-16,0,0,0,0,19,17,0,0,0,0,2470,3717,400,0,0,2731,561,0,0,0,8,0,24,17,0,8640,0,0,0,15,10319,6786,4703,998,10627,17877,16665,17426,19360,19940,1214,3193,8080,6464,0,1,0,43,,
BRB,BRB0331,MERI,ruakākā_energy_park,ELE,BAT,2026-07-17,42,33,9,0,0,0,0,0,0,48,57,3,68,53,191,91,110,1437,0,3,0,0,0,0,0,0,0,0,6,6,14,15,5115,7950,3647,12889,16794,16260,195,16,8,2,1196,10,6,0,0,0,,
BRB,BRB0331,MERI,ruakākā_energy_park,ELE,BAT,2026-07-18,0,45,67,92,94,114,126,132,133,162,138,134,144,21,0,0,78,30,154,25,45,20,0,0,0,10,19,23,96,159,149,154,4836,6296,5128,982,822,33,25,84,0,197,218,224,280,260,273,267,,
BRB,BRB0331,MERI,ruakākā_energy_park,ELE,BAT,2026-07-19,272,280,284,290,303,286,1,0,0,0,0,0,51,20,0,0,0,0,0,0,159,245,300,305,250,303,47,256,0,205,307,261,259,7293,12532,28608,24579,35606,19927,393,65,29,9,0,1,0,0,0,,
BRB,BRB0331,MERI,ruakākā_energy_park,ELE,BAT,2026-07-20,0,21,0,0,0,0,0,0,91,121,65,93,55,83,5188,3589,15753,1706,18,0,0,91,14,104,3605,942,0,132,18936,21351,19130,835,3786,7891,18072,24586,39478,3410,237,39,0,0,9216,38,1,0,0,0,,
BRB,BRB0331,MERI,ruakākā_energy_park,ELE,BAT,2026-07-21,0,0,0,0,0,0,4,80,0,0,7,11,2115,117,1099,14778,10611,0,0,17573,6254,1166,15775,32901,991,0,19760,430,0,0,4249,17791,7421,765,0,1039,21767,7502,0,0,0,0,0,0,14093,0,21501,623,,
BRB,BRB0331,MERI,ruakākā_energy_park,ELE,BAT,2026-07-22,0,0,0,0,0,0,0,0,0,0,83,0,6953,4292,16051,32311,1648,3034,14259,1868,0,0,0,0,0,0,1,1,1,4,1,790,12768,3311,29563,2892,13956,325,0,2,0,0,0,0,9692,11173,0,0,,
BRB,BRB0331,MERI,ruakākā_energy_park,ELE,BAT,2026-07-23,0,0,0,0,0,0,0,0,0,0,0,0,11543,8572,26326,33888,21610,18840,2681,0,4419,0,0,692,0,1,0,0,0,0,0,0,0,2390,2990,25567,23949,12337,0,11,2,1,2,69,0,1,23,0,,
BRB,BRB0331,MERI,ruakākā_energy_park,ELE,BAT,2026-07-24,11,0,0,0,0,0,0,0,0,4,0,0,11038,2475,23673,25218,26757,3123,1108,2861,72,911,0,19921,22173,0,0,0,0,0,11616,21270,875,23,0,0,0,0,21616,5621,10330,5,0,0,0,0,6287,71,,
BRB,BRB0331,MERI,ruakākā_energy_park,ELE,BAT,2026-07-25,28,54,0,0,0,4,0,0,0,2,28,8,87,22511,20185,34684,17482,2163,83,90,93,24170,892,81,80,82,83,82,100,72,0,68,100,9,11102,24928,5007,12,0,0,1,0,0,0,0,0,0,0,,
BRB,BRB0331,MERI,ruakākā_energy_park,ELE,BAT,2026-07-26,0,0,0,0,20,0,0,0,0,0,0,0,0,0,0,0,32412,23888,9096,1155,0,0,0,0,0,0,0,0,0,0,0,0,0,0,10588,20600,24929,24925,3686,14169,11232,107,0,0,1348,0,0,0,,
BRB,BRB0331,MERI,ruakākā_energy_park,ELE,BAT,2026-07-27,0,0,0,0,0,17,0,0,0,0,0,11,1037,6027,17004,32336,21267,0,0,0,0,0,0,0,0,0,0,0,0,0,0,0,0,10308,7418,20289,1061,0,0,6,3,8,0,10,1335,1521,0,0,,
BRB,BRB0331,MERI,ruakākā_energy_park,ELE,BAT,2026-07-28,0,0,0,0,0,0,1,11,0,0,1,1,2219,4826,15443,19090,27147,1192,20071,7948,21784,467,2148,0,0,0,0,0,0,0,0,0,8689,14057,1031,2627,1106,24301,26880,22977,6803,2710,60,20473,894,43,21,0,,
BRB,BRB0331,MERI,ruakākā_energy_park,ELE,BAT,2026-07-29,0,0,5,15,99,91,69,0,0,0,0,0,3602,1272,14399,13136,16232,0,1838,0,0,3778,746,34,0,0,0,2,43,56,97,108,106,2433,3899,19116,20504,27410,27423,27425,1061,731,5851,84,113,137,148,153,,
BRB,BRB0331,MERI,ruakākā_energy_park,ELE,BAT,2026-07-30,77,47,0,0,0,0,0,0,0,0,9,34,1042,11506,18390,33750,30957,685,60,108,8594,74,17,0,0,0,0,0,0,0,10232,21882,1237,3675,12455,24574,27207,27517,27532,1074,1613,0,0,7675,0,293,0,71,,
BRB,BRB0331,MERI,ruakākā_energy_park,ELE,BAT,2026-07-31,45,17,71,0,0,0,0,0,0,56,120,25,566,7390,14446,27533,22885,500,0,0,0,0,56,61,0,7,0,114,24,41,8,34,69,3801,17761,27549,27547,19900,2207,13,16,4,25722,12660,1,7,0,7,,
BRB,BRB0331,NPOW,ruakākā_energy_park,ELE,BAT,2026-07-01,0,0,0,0,0,0,0,0,0,0,0,0,0,0,0,0,0,0,0,0,0,0,0,0,0,0,0,0,0,0,0,0,0,0,0,0,0,0,0,0,0,0,0,0,0,0,0,0,,
BRB,BRB0331,NPOW,ruakākā_energy_park,ELE,BAT,2026-07-02,0,0,0,0,0,0,0,0,0,0,0,0,0,0,0,0,0,0,0,0,0,0,0,0,0,0,0,0,0,0,0,0,0,0,0,0,0,0,0,0,0,0,0,0,0,0,0,0,,
BRB,BRB0331,NPOW,ruakākā_energy_park,ELE,BAT,2026-07-03,0,0,0,0,0,0,0,0,0,0,0,0,0,0,0,0,0,0,0,0,0,0,0,0,0,0,0,0,0,0,0,0,0,0,0,0,0,0,0,0,0,0,0,0,0,0,0,0,,
BRB,BRB0331,NPOW,ruakākā_energy_park,ELE,BAT,2026-07-04,0,0,0,0,0,0,0,0,0,0,0,0,0,0,0,0,0,0,0,0,0,0,0,0,0,0,0,0,0,0,0,0,0,0,0,0,0,0,0,0,0,0,0,0,0,0,0,0,,
BRB,BRB0331,NPOW,ruakākā_energy_park,ELE,BAT,2026-07-05,0,0,0,0,0,0,0,0,0,0,0,0,0,0,0,0,0,0,0,0,0,0,0,0,0,0,0,0,0,0,0,0,0,0,0,0,0,0,0,0,0,0,0,0,0,0,0,0,,
BRB,BRB0331,NPOW,ruakākā_energy_park,ELE,BAT,2026-07-06,0,0,0,0,0,0,0,0,0,0,0,0,0,0,0,0,0,0,0,0,0,0,0,0,0,0,0,0,0,0,0,0,0,0,0,0,0,0,0,0,0,0,0,0,0,0,0,0,,
BRB,BRB0331,NPOW,ruakākā_energy_park,ELE,BAT,2026-07-07,0,0,0,0,0,0,0,0,0,0,0,0,0,0,0,0,0,0,0,0,0,0,0,0,0,0,0,0,0,0,0,0,0,0,0,0,0,0,0,0,0,0,0,0,0,0,0,0,,
BRB,BRB0331,NPOW,ruakākā_energy_park,ELE,BAT,2026-07-08,0,0,0,0,0,0,0,0,0,0,0,0,0,0,0,0,0,0,0,0,0,0,0,0,0,0,0,0,0,0,0,0,0,0,0,0,0,0,0,0,0,0,0,0,0,0,0,0,,
BRB,BRB0331,NPOW,ruakākā_energy_park,ELE,BAT,2026-07-09,0,0,0,0,0,0,0,0,0,0,0,0,0,0,0,0,0,0,0,0,0,0,0,0,0,0,0,0,0,0,0,0,0,0,0,0,0,0,0,0,0,0,0,0,0,0,0,0,,
BRB,BRB0331,NPOW,ruakākā_energy_park,ELE,BAT,2026-07-10,0,0,0,0,0,0,0,0,0,0,0,0,0,0,0,0,0,0,0,0,0,0,0,0,0,0,0,0,0,0,0,0,0,0,0,0,0,0,0,0,0,0,0,0,0,0,0,0,,
BRB,BRB0331,NPOW,ruakākā_energy_park,ELE,BAT,2026-07-11,0,0,0,0,0,0,0,0,0,0,0,0,0,0,0,0,0,0,0,0,0,0,0,0,0,0,0,0,0,0,0,0,0,0,0,0,0,0,0,0,0,0,0,0,0,0,0,0,,
BRB,BRB0331,NPOW,ruakākā_energy_park,ELE,BAT,2026-07-12,0,0,0,0,0,0,0,0,0,0,0,0,0,0,0,0,0,0,0,0,0,0,0,0,0,0,0,0,0,0,0,0,0,0,0,0,0,0,0,0,0,0,0,0,0,0,0,0,,
BRB,BRB0331,NPOW,ruakākā_energy_park,ELE,BAT,2026-07-13,0,0,0,0,0,0,0,0,0,0,0,0,0,0,0,0,0,0,0,0,0,0,0,0,0,0,0,0,0,0,0,0,0,0,0,0,0,0,0,0,0,0,0,0,0,0,0,0,,
BRB,BRB0331,NPOW,ruakākā_energy_park,ELE,BAT,2026-07-14,0,0,0,0,0,0,0,0,0,0,0,0,0,0,0,0,0,0,0,0,0,0,0,0,0,0,0,0,0,0,0,0,0,0,0,0,0,0,0,0,0,0,0,0,0,0,0,0,,
BRB,BRB0331,NPOW,ruakākā_energy_park,ELE,BAT,2026-07-15,0,0,0,0,0,0,0,0,0,0,0,0,0,0,0,0,0,0,0,0,0,0,0,0,0,0,0,0,0,0,0,0,0,0,0,0,0,0,0,0,0,0,0,0,0,0,0,0,,
BRB,BRB0331,NPOW,ruakākā_energy_park,ELE,BAT,2026-07-16,0,0,0,0,0,0,0,0,0,0,0,0,0,0,0,0,0,0,0,0,0,0,0,0,0,0,0,0,0,0,0,0,0,0,0,0,0,0,0,0,0,0,0,0,0,0,0,0,,
BRB,BRB0331,NPOW,ruakākā_energy_park,ELE,BAT,2026-07-17,0,0,0,0,0,0,0,0,0,0,0,0,0,0,0,0,0,0,0,0,0,0,0,0,0,0,0,0,0,0,0,0,0,0,0,0,0,0,0,0,0,0,0,0,0,0,0,0,,
BRB,BRB0331,NPOW,ruakākā_energy_park,ELE,BAT,2026-07-18,0,0,0,0,0,0,0,0,0,0,0,0,0,0,0,0,0,0,0,0,0,0,0,0,0,0,0,0,0,0,0,0,0,0,0,0,0,0,0,0,0,0,0,0,0,0,0,0,,
BRB,BRB0331,NPOW,ruakākā_energy_park,ELE,BAT,2026-07-19,0,0,0,0,0,0,0,0,0,0,0,0,0,0,0,0,0,0,0,0,0,0,0,0,0,0,0,0,0,0,0,0,0,0,0,0,0,0,0,0,0,0,0,0,0,0,0,0,,
BRB,BRB0331,NPOW,ruakākā_energy_park,ELE,BAT,2026-07-20,0,0,0,0,0,0,0,0,0,0,0,0,0,0,0,0,0,0,0,0,0,0,0,0,0,0,0,0,0,0,0,0,0,0,0,0,0,0,0,0,0,0,0,0,0,0,0,0,,
BRB,BRB0331,NPOW,ruakākā_energy_park,ELE,BAT,2026-07-21,0,0,0,0,0,0,0,0,0,0,0,0,0,0,0,0,0,0,0,0,0,0,0,0,0,0,0,0,0,0,0,0,0,0,0,0,0,0,0,0,0,0,0,0,0,0,0,0,,
BRB,BRB0331,NPOW,ruakākā_energy_park,ELE,BAT,2026-07-22,0,0,0,0,0,0,0,0,0,0,0,0,0,0,0,0,0,0,0,0,0,0,0,0,0,0,0,0,0,0,0,0,0,0,0,0,0,0,0,0,0,0,0,0,0,0,0,0,,
BRB,BRB0331,NPOW,ruakākā_energy_park,ELE,BAT,2026-07-23,0,0,0,0,0,0,0,0,0,0,0,0,0,0,0,0,0,0,0,0,0,0,0,0,0,0,0,0,0,0,0,0,0,0,0,0,0,0,0,0,0,0,0,0,0,0,0,0,,
BRB,BRB0331,NPOW,ruakākā_energy_park,ELE,BAT,2026-07-24,0,0,0,0,0,0,0,0,0,0,0,0,0,0,0,0,0,0,0,0,0,0,0,0,0,0,0,0,0,0,0,0,0,0,0,0,0,0,0,0,0,0,0,0,0,0,0,0,,
BRB,BRB0331,NPOW,ruakākā_energy_park,ELE,BAT,2026-07-25,0,0,0,0,0,0,0,0,0,0,0,0,0,0,0,0,0,0,0,0,0,0,0,0,0,0,0,0,0,0,0,0,0,0,0,0,0,0,0,0,0,0,0,0,0,0,0,0,,
BRB,BRB0331,NPOW,ruakākā_energy_park,ELE,BAT,2026-07-26,0,0,0,0,0,0,0,0,0,0,0,0,0,0,0,0,0,0,0,0,0,0,0,0,0,0,0,0,0,0,0,0,0,0,0,0,0,0,0,0,0,0,0,0,0,0,0,0,,
BRB,BRB0331,NPOW,ruakākā_energy_park,ELE,BAT,2026-07-27,0,0,0,0,0,0,0,0,0,0,0,0,0,0,0,0,0,0,0,0,0,0,0,0,0,0,0,0,0,0,0,0,0,0,0,0,0,0,0,0,0,0,0,0,0,0,0,0,,
BRB,BRB0331,NPOW,ruakākā_energy_park,ELE,BAT,2026-07-28,0,0,0,0,0,0,0,0,0,0,0,0,0,0,0,0,0,0,0,0,0,0,0,0,0,0,0,0,0,0,0,0,0,0,0,0,0,0,0,0,0,0,0,0,0,0,0,0,,
BRB,BRB0331,NPOW,ruakākā_energy_park,ELE,BAT,2026-07-29,0,0,0,0,0,0,0,0,0,0,0,0,0,0,0,0,0,0,0,0,0,0,0,0,0,0,0,0,0,0,0,0,0,0,0,0,0,0,0,0,0,0,0,0,0,0,0,0,,
BRB,BRB0331,NPOW,ruakākā_energy_park,ELE,BAT,2026-07-30,0,0,0,0,0,0,0,0,0,0,0,0,0,0,0,0,0,0,0,0,0,0,0,0,0,0,0,0,0,0,0,0,0,0,0,0,0,0,0,0,0,0,0,0,0,0,0,0,,
BRB,BRB0331,NPOW,ruakākā_energy_park,ELE,BAT,2026-07-31,0,0,0,0,0,0,0,0,0,0,0,0,0,0,0,0,0,0,0,0,0,0,0,0,0,0,0,0,0,0,0,0,0,0,0,0,0,0,0,0,0,0,0,0,0,0,0,0,,
BWK,BWK1101,CNIR,waipori,Hydro,Hydro,2026-07-01,24,25,30,31,31,31,31,31,30,30,30,30,30,43,8253,10815,11339,11106,11150,1537,31,31,29,27,22,22,22,22,24,24,23,24,24,5274,11299,11141,11057,10976,10941,2030,25,23,23,23,23,23,23,24,,
BWK,BWK1101,CNIR,waipori,Hydro,Hydro,2026-07-02,19,18,18,18,18,17,17,17,17,18,18,18,18,16,10069,11148,11132,11139,11158,1679,18,17,17,16,17,17,18,18,18,18,18,18,18,5091,11073,11046,11022,11018,11290,1331,18,18,18,17,17,17,17,18,,
BWK,BWK1101,CNIR,waipori,Hydro,Hydro,2026-07-03,19,19,19,19,19,18,18,18,18,17,18,18,18,22,9952,10796,11006,11354,11367,1766,31,29,30,30,30,30,31,31,31,25,25,23,24,22,18,18,18,18,19,19,19,18,19,19,19,18,18,18,,
BWK,BWK1101,CNIR,waipori,Hydro,Hydro,2026-07-04,19,19,19,19,19,19,19,18,18,24,24,25,25,25,25,25,25,25,24,25,24,25,25,26,26,31,31,32,31,31,30,31,996,13794,20287,19732,22413,22704,13645,11108,10892,10975,13168,11198,2114,27,29,29,,
BWK,BWK1101,CNIR,waipori,Hydro,Hydro,2026-07-05,28,28,29,29,30,30,30,30,27,24,23,22,23,24,23,24,24,24,23,23,21,17,15,15,15,15,15,15,15,15,16,15,15,11635,23015,23379,18397,11256,13108,11343,11052,10880,10997,11060,2024,26,26,26,,
BWK,BWK1101,CNIR,waipori,Hydro,Hydro,2026-07-06,26,26,27,27,27,27,28,211,392,4492,11019,10924,5441,4574,4493,10930,11654,11672,10846,12580,12840,12736,12578,12619,20068,23236,23136,23125,23116,23107,23097,12207,11025,11390,3194,10160,11325,11085,11035,11390,11381,11381,11357,11334,2457,30,29,29,,
BWK,BWK1101,CNIR,waipori,Hydro,Hydro,2026-07-07,29,29,29,30,30,30,30,30,30,30,30,29,29,29,29,30,30,29,15352,24334,24383,24429,24467,24502,24526,24556,24581,24595,24626,24616,24618,24621,24610,24609,24609,25230,23994,24016,24024,24367,24417,24424,24427,24427,5308,97,30,29,,
BWK,BWK1101,CNIR,waipori,Hydro,Hydro,2026-07-08,30,29,29,29,29,29,29,29,28,28,28,29,28,108,19920,24429,24379,24410,24432,24433,24436,24429,12094,1263,31,30,30,30,29,30,28,31,30,29,28,29,30,30,29,29,30,30,31,32,32,32,32,32,,
BWK,BWK1101,CNIR,waipori,Hydro,Hydro,2026-07-09,28,25,25,25,25,25,26,26,26,26,26,26,24,20,20,20,20,21,21,21,156,252,611,685,699,750,971,928,907,913,911,913,914,914,909,911,912,912,914,914,913,1872,2469,2469,2462,2469,2464,2186,,
BWK,BWK1101,CNIR,waipori,Hydro,Hydro,2026-07-10,186,30,29,29,29,29,29,30,30,30,30,30,30,30,24,24,24,24,25,25,25,25,24,19,19,17,18,18,18,19,19,19,19,19,19,18,18,18,18,18,19,19,19,19,19,19,19,18,,
BWK,BWK1101,CNIR,waipori,Hydro,Hydro,2026-07-11,19,25,24,24,25,25,25,30,31,30,30,159,10239,11029,11109,13877,24404,24434,24851,20654,16248,16661,15760,9032,2608,67,32,31,32,31,31,31,32,32,32,31,30,31,27,24,24,24,24,25,25,25,25,25,,
BWK,BWK1101,CNIR,waipori,Hydro,Hydro,2026-07-12,25,24,24,23,24,24,24,21,19,19,19,19,19,18,18,17,18,18,20,25,26,25,25,26,25,25,25,25,26,26,26,26,26,26,25,25,25,25,24,25,26,25,26,25,26,25,25,31,,
BWK,BWK1101,CNIR,waipori,Hydro,Hydro,2026-07-13,30,30,30,31,30,31,31,31,30,30,24,24,24,25,25,25,25,25,25,25,24,24,24,25,25,25,25,26,26,25,25,25,25,25,14128,20677,20297,20555,20490,20431,20387,20338,20303,20287,12188,10950,10839,10713,,
BWK,BWK1101,CNIR,waipori,Hydro,Hydro,2026-07-14,1059,31,30,30,30,30,30,31,31,31,31,32,31,31,30,31,31,31,32,32,32,32,32,32,32,31,31,32,32,28,21,21,20,20,20,20,19,19,19,19,19,20,20,20,20,20,20,19,,
BWK,BWK1101,CNIR,waipori,Hydro,Hydro,2026-07-15,19,19,19,20,20,20,25,26,26,25,25,25,25,25,26,26,26,27,26,27,28,31,31,31,31,32,32,28,31,30,32,32,32,32,31,32,32,32,32,32,32,32,31,32,31,32,31,32,,
BWK,BWK1101,CNIR,waipori,Hydro,Hydro,2026-07-16,28,26,25,22,18,23,24,25,25,24,26,26,26,26,25,26,25,25,25,24,20,188,507,458,20,23,27,26,26,26,26,25,26,6941,10068,9951,9938,9718,9459,9418,8649,8738,9203,9233,1478,32,31,32,,
BWK,BWK1101,CNIR,waipori,Hydro,Hydro,2026-07-17,31,26,26,26,26,26,26,26,26,26,25,25,25,5864,9874,8822,1246,26,26,26,19,19,19,19,19,20,19,19,19,20,20,19,19,18,19,18,19,18,18,18,18,18,18,18,18,20,24,25,,
BWK,BWK1101,CNIR,waipori,Hydro,Hydro,2026-07-18,25,25,25,25,25,27,30,30,30,31,31,31,31,31,31,32,31,31,31,31,31,32,32,32,31,32,32,31,31,31,31,31,32,31,32,31,32,31,30,27,24,24,25,25,22,22,23,24,,
BWK,BWK1101,CNIR,waipori,Hydro,Hydro,2026-07-19,23,23,23,23,21,18,19,19,18,19,19,19,19,18,18,19,25,26,26,26,26,26,26,25,25,25,25,26,26,27,26,27,26,26,25,25,25,25,25,30,31,32,31,31,31,30,30,30,,
BWK,BWK1101,CNIR,waipori,Hydro,Hydro,2026-07-20,30,31,31,31,30,31,31,31,31,30,30,29,21,9931,18811,20909,21000,21041,14206,10027,2766,47,25,25,24,25,24,25,25,25,25,25,25,7649,15928,19103,20853,20942,14078,10382,9473,9621,17239,12641,1975,1026,1030,1051,,
BWK,BWK1101,CNIR,waipori,Hydro,Hydro,2026-07-21,1048,1051,1064,804,562,561,540,504,507,482,28,21,7580,20070,20661,21597,23150,23460,23380,23358,23262,22859,23194,23267,23305,22359,18944,18654,18577,21712,23261,21206,6060,134,25,24,25,25,24,25,25,25,24,24,24,24,24,24,,
BWK,BWK1101,CNIR,waipori,Hydro,Hydro,2026-07-22,24,24,24,25,25,24,26,31,31,30,30,29,30,6642,18807,21049,20908,20891,20881,5102,40,31,31,31,31,30,31,31,31,32,31,31,32,6782,9544,19855,20432,20407,20099,12787,1002,31,32,31,31,31,30,31,,
BWK,BWK1101,CNIR,waipori,Hydro,Hydro,2026-07-23,31,29,26,26,26,26,21,19,19,19,19,19,6892,10016,1386,20,20,20,20,20,20,20,20,20,21,21,23,27,27,27,155,468,475,290,26,27,6375,9625,9399,9563,9569,9553,9566,9553,1766,32,31,31,,
BWK,BWK1101,CNIR,waipori,Hydro,Hydro,2026-07-24,31,31,31,31,32,32,32,32,32,32,32,31,31,31,31,31,29,26,26,26,26,26,25,20,19,19,19,20,20,7763,13307,19943,20324,15602,16916,17724,12919,19886,14969,13438,13501,9823,9819,9824,9807,9778,9744,9760,,
BWK,BWK1101,CNIR,waipori,Hydro,Hydro,2026-07-25,1865,30,30,29,30,30,29,30,32,32,32,32,30,26,25,25,23,8328,16689,20848,20979,20932,20875,20955,20719,20760,20816,20871,20443,13417,10381,12329,17602,19057,17438,20969,20878,20877,20881,20882,20876,20872,20898,20944,21003,21055,21055,13657,,
BWK,BWK1101,CNIR,waipori,Hydro,Hydro,2026-07-26,1178,26,25,26,25,26,26,27,26,27,26,27,27,25,26,25,25,11449,21026,20911,20927,20946,20969,20999,21017,21050,21071,21084,21091,16136,10965,18721,20997,15667,19413,22559,23108,23084,20937,22983,21812,20868,21159,21360,21349,21020,20832,20795,,
BWK,BWK1101,CNIR,waipori,Hydro,Hydro,2026-07-27,20770,20754,20752,20726,20716,20713,20706,20703,21064,20688,22101,20784,22055,21838,21592,21104,20769,19141,20935,19296,11139,20733,18058,19184,9895,10139,17011,9866,10251,10313,9834,15740,19121,13617,15948,19963,20437,21733,20431,17395,20425,11886,16123,15481,15185,19833,20432,20630,,
BWK,BWK1101,CNIR,waipori,Hydro,Hydro,2026-07-28,20788,20812,21798,20874,20788,20769,20756,20743,20727,20702,19751,21092,19070,15636,14722,21278,21150,22855,23123,19573,21484,21367,15969,11072,2499,68,32,32,32,31,27,26,26,26,26,9825,21141,12867,10363,17926,21583,11156,20536,20738,20737,21431,21401,20638,,
BWK,BWK1101,CNIR,waipori,Hydro,Hydro,2026-07-29,21139,20693,20677,20665,20664,20714,20777,20833,20873,20892,18980,20834,19958,17900,15661,22771,15053,15446,9664,2316,36,32,32,31,32,32,33,33,31,33,32,33,31,32,30,11983,18475,18425,20107,20301,20354,20279,20384,20570,21064,20654,18468,16464,,
BWK,BWK1101,CNIR,waipori,Hydro,Hydro,2026-07-30,2704,75,26,25,26,26,25,25,26,26,26,26,26,26,61,17509,20333,18044,16509,18967,2874,105,26,26,27,26,31,32,32,32,33,33,33,33,8060,16677,16771,14880,11739,11763,9997,9989,15595,13577,15333,9614,11066,9855,,
BWK,BWK1101,CNIR,waipori,Hydro,Hydro,2026-07-31,1443,32,31,31,31,31,31,32,32,32,32,31,32,31,31,31,32,31,32,32,31,29,28,26,25,19,16,16,16,17,17,17,17,16,9715,20593,20725,20850,20793,20296,16353,17142,20719,20846,20898,20333,17008,13510,,
CML,CML0331,DUNE,roaring_meg,HYD,HYD,2026-07-01,0,0,0,0,0,0,0,0,0,0,0,0,0,0,0,0,0,0,0,0,0,0,0,0,0,0,0,0,0,0,0,0,0,0,0,0,0,0,0,0,0,0,0,0,0,0,0,0,,
CML,CML0331,DUNE,roaring_meg,HYD,HYD,2026-07-02,0,0,0,0,0,0,0,0,0,0,0,0,0,0,0,0,0,0,0,0,0,0,0,0,0,0,0,0,0,0,0,0,0,0,0,0,0,0,0,0,0,0,0,0,0,0,0,0,,
CML,CML0331,DUNE,roaring_meg,HYD,HYD,2026-07-03,0,0,0,0,0,0,0,0,0,0,0,0,0,0,0,0,0,0,0,0,0,0,0,0,0,0,0,0,0,0,0,0,0,0,0,0,0,0,0,0,0,0,0,0,0,0,0,0,,
CML,CML0331,DUNE,roaring_meg,HYD,HYD,2026-07-04,0,0,0,0,0,0,0,0,0,0,0,0,0,0,0,0,0,0,0,0,0,0,0,0,0,0,0,0,0,0,0,0,0,0,0,0,0,0,0,0,0,0,0,0,0,0,0,0,,
CML,CML0331,DUNE,roaring_meg,HYD,HYD,2026-07-05,0,0,0,0,0,0,0,0,0,0,0,0,0,0,0,0,0,0,0,0,0,0,0,0,0,0,0,0,0,0,0,0,0,0,0,0,0,0,0,0,0,0,0,0,0,0,0,0,,
CML,CML0331,DUNE,roaring_meg,HYD,HYD,2026-07-06,0,0,0,0,0,0,0,0,0,0,0,0,0,0,0,0,0,0,0,0,0,0,0,0,0,0,0,0,0,0,0,0,0,0,0,0,0,0,0,0,0,0,0,0,0,0,0,0,,
CML,CML0331,DUNE,roaring_meg,HYD,HYD,2026-07-07,0,0,0,0,0,0,0,0,0,0,0,0,0,0,0,0,0,0,0,0,0,0,0,0,0,0,0,0,0,0,0,0,0,0,0,0,0,0,0,0,0,0,0,0,0,0,0,0,,
CML,CML0331,DUNE,roaring_meg,HYD,HYD,2026-07-08,0,0,0,0,0,0,0,0,0,0,0,0,0,0,0,0,0,0,0,0,0,0,0,0,0,0,0,0,0,0,0,0,0,0,0,0,0,0,0,0,0,0,0,0,0,0,0,0,,
CML,CML0331,DUNE,roaring_meg,HYD,HYD,2026-07-09,0,0,0,0,0,0,0,0,0,0,0,0,0,0,0,0,0,0,0,0,0,0,0,0,0,0,0,0,0,0,0,0,0,0,0,0,0,0,0,0,0,0,0,0,0,0,0,0,,
CML,CML0331,DUNE,roaring_meg,HYD,HYD,2026-07-10,0,0,0,0,0,0,0,0,0,0,0,0,0,0,0,0,0,0,0,0,0,0,0,0,0,0,0,0,0,0,0,0,0,0,0,0,0,0,0,0,0,0,0,0,0,0,0,0,,
CML,CML0331,DUNE,roaring_meg,HYD,HYD,2026-07-11,0,0,0,0,0,0,0,0,0,0,0,0,0,0,0,0,0,0,0,0,0,0,0,0,0,0,0,0,0,0,0,0,0,0,0,0,0,0,0,0,0,0,0,0,0,0,0,0,,
CML,CML0331,DUNE,roaring_meg,HYD,HYD,2026-07-12,0,0,0,0,0,0,0,0,0,0,0,0,0,0,0,0,0,0,0,0,0,0,0,0,0,0,0,0,0,0,0,0,0,0,0,0,0,0,0,0,0,0,0,0,0,0,0,0,,
CML,CML0331,DUNE,roaring_meg,HYD,HYD,2026-07-13,0,0,0,0,0,0,0,0,0,0,0,0,0,0,0,0,0,0,0,0,0,0,0,0,0,0,0,0,0,0,0,0,0,0,0,0,0,0,0,0,0,0,0,0,0,0,0,0,,
CML,CML0331,DUNE,roaring_meg,HYD,HYD,2026-07-14,0,0,0,0,0,0,0,0,0,0,0,0,0,0,0,0,0,0,0,0,0,0,0,0,0,0,0,0,0,0,0,0,0,0,0,0,0,0,0,0,0,0,0,0,0,0,0,0,,
CML,CML0331,DUNE,roaring_meg,HYD,HYD,2026-07-15,0,0,0,0,0,0,0,0,0,0,0,0,0,0,0,0,0,0,0,0,0,0,0,0,0,0,0,0,0,0,0,0,0,0,0,0,0,0,0,0,0,0,0,0,0,0,0,0,,
CML,CML0331,DUNE,roaring_meg,HYD,HYD,2026-07-16,0,0,0,0,0,0,0,0,0,0,0,0,0,0,0,0,0,0,0,0,0,0,0,0,0,0,0,0,0,0,0,0,0,0,0,0,0,0,0,0,0,0,0,0,0,0,0,0,,
CML,CML0331,DUNE,roaring_meg,HYD,HYD,2026-07-17,0,0,0,0,0,0,0,0,0,0,0,0,0,0,0,0,0,0,0,0,0,0,0,0,0,0,0,0,0,0,0,0,0,0,0,0,0,0,0,0,0,0,0,0,0,0,0,0,,
CML,CML0331,DUNE,roaring_meg,HYD,HYD,2026-07-18,0,0,0,0,0,0,0,0,0,0,0,0,0,0,0,0,0,0,0,0,0,0,0,0,0,0,0,0,0,0,0,0,0,0,0,0,0,0,0,0,0,0,0,0,0,0,0,0,,
CML,CML0331,DUNE,roaring_meg,HYD,HYD,2026-07-19,0,0,0,0,0,0,0,0,0,0,0,0,0,0,0,0,0,0,0,0,0,0,0,0,0,0,0,0,0,0,0,0,0,0,0,0,0,0,0,0,0,0,0,0,0,0,0,0,,
CML,CML0331,DUNE,roaring_meg,HYD,HYD,2026-07-20,0,0,0,0,0,0,0,0,0,0,0,0,0,0,0,0,0,0,0,0,0,0,0,0,0,0,0,0,0,0,0,0,0,0,0,0,0,0,0,0,0,0,0,0,0,0,0,0,,
CML,CML0331,DUNE,roaring_meg,HYD,HYD,2026-07-21,0,0,0,0,0,0,0,0,0,0,0,0,0,0,0,0,0,0,0,0,0,0,0,0,0,0,0,0,0,0,0,0,0,0,0,0,0,0,0,0,0,0,0,0,0,0,0,0,,
CML,CML0331,DUNE,roaring_meg,HYD,HYD,2026-07-22,0,0,0,0,0,0,0,0,0,0,0,0,0,0,0,0,0,0,0,0,0,0,0,0,0,0,0,0,0,0,0,0,0,0,0,0,0,0,0,0,0,0,0,0,0,0,0,0,,
CML,CML0331,DUNE,roaring_meg,HYD,HYD,2026-07-23,0,0,0,0,0,0,0,0,0,0,0,0,0,0,0,0,0,0,0,0,0,0,0,0,0,0,0,0,0,0,0,0,0,0,0,0,0,0,0,0,0,0,0,0,0,0,0,0,,
CML,CML0331,DUNE,roaring_meg,HYD,HYD,2026-07-24,0,0,0,0,0,0,0,0,0,0,0,0,0,0,0,0,0,0,0,0,0,0,0,0,0,0,0,0,0,0,0,0,0,0,0,0,0,0,0,0,0,0,0,0,0,0,0,0,,
CML,CML0331,DUNE,roaring_meg,HYD,HYD,2026-07-25,0,0,0,0,0,0,0,0,0,0,0,0,0,0,0,0,0,0,0,0,0,0,0,0,0,0,0,0,0,0,0,0,0,0,0,0,0,0,0,0,0,0,0,0,0,0,0,0,,
CML,CML0331,DUNE,roaring_meg,HYD,HYD,2026-07-26,0,0,0,0,0,0,0,0,0,0,0,0,0,0,0,0,0,0,0,0,0,0,0,0,0,0,0,0,0,0,0,0,0,0,0,0,0,0,0,0,0,0,0,0,0,0,0,0,,
CML,CML0331,DUNE,roaring_meg,HYD,HYD,2026-07-27,0,0,0,0,0,0,0,0,0,0,0,0,0,0,0,0,0,0,0,0,0,0,0,0,0,0,0,0,0,0,0,0,0,0,0,0,0,0,0,0,0,0,0,0,0,0,0,0,,
CML,CML0331,DUNE,roaring_meg,HYD,HYD,2026-07-28,0,0,0,0,0,0,0,0,0,0,0,0,0,0,0,0,0,0,0,0,0,0,0,0,0,0,0,0,0,0,0,0,0,0,0,0,0,0,0,0,0,0,0,0,0,0,0,0,,
CML,CML0331,DUNE,roaring_meg,HYD,HYD,2026-07-29,0,0,0,0,0,0,0,0,0,0,0,0,0,0,0,0,0,0,0,0,0,0,0,0,0,0,0,0,0,0,0,0,0,0,0,0,0,0,0,0,0,0,0,0,0,0,0,0,,
CML,CML0331,DUNE,roaring_meg,HYD,HYD,2026-07-30,0,0,0,0,0,0,0,0,0,0,0,0,0,0,0,0,0,0,0,0,0,0,0,0,0,0,0,0,0,0,0,0,0,0,0,0,0,0,0,0,0,0,0,0,0,0,0,0,,
CML,CML0331,DUNE,roaring_meg,HYD,HYD,2026-07-31,0,0,0,0,0,0,0,0,0,0,0,0,0,0,0,0,0,0,0,0,0,0,0,0,0,0,0,0,0,0,0,0,0,0,0,0,0,0,0,0,0,0,0,0,0,0,0,0,,
COL,COL0661,CNIR,coleridge,Hydro,Hydro,2026-07-01,16156,15614,15612,15607,15611,15602,15609,15603,15590,15590,15610,16115,16564,16554,16565,16571,16567,16580,16629,16616,16577,16576,16555,16572,16503,16549,16557,16653,16650,16654,16559,16536,16583,16557,16584,16561,16574,16574,16578,16579,16567,16587,16588,16576,16581,16580,16582,16581,,
COL,COL0661,CNIR,coleridge,Hydro,Hydro,2026-07-02,16160,15613,15602,15607,15602,15608,15602,15607,15612,15593,15588,16124,16617,16561,16579,16565,16569,16574,16593,16566,16566,16568,16568,16569,16570,16579,16562,16573,16571,16572,16562,16579,16570,16565,16589,16563,16592,16577,16583,16577,16575,16577,16577,16570,16576,16583,16535,16589,,
COL,COL0661,CNIR,coleridge,Hydro,Hydro,2026-07-03,16155,15610,15619,15604,15613,15608,15608,15609,15606,15598,15578,16133,16577,16588,16571,16576,16576,16575,16573,16568,16590,16581,16587,16578,16159,16139,16160,16156,15940,16127,16116,16108,16117,16615,16662,16652,16662,16654,16582,16586,16586,16576,16603,16574,16161,16141,16171,16077,,
COL,COL0661,CNIR,coleridge,Hydro,Hydro,2026-07-04,16191,15634,15603,15616,15619,15608,15597,12704,13007,12503,12532,12503,12506,12518,12507,12505,12008,12014,12012,12515,14100,14223,14035,12015,12020,12023,13016,14962,14997,15002,14995,14994,15015,14362,16558,16561,16589,16578,16584,16586,16584,16573,16586,16592,16578,16581,16599,16573,,
COL,COL0661,CNIR,coleridge,Hydro,Hydro,2026-07-05,16157,15648,15611,15628,15600,15606,15602,15606,15632,15609,15592,16123,16591,16600,16559,15195,15178,15197,16570,16580,16577,16579,16581,16558,16596,16583,16566,16599,16579,16582,16607,16583,16572,16585,16559,16579,16583,16591,16585,16583,16576,16578,16597,16584,16563,16581,16584,16582,,
COL,COL0661,CNIR,coleridge,Hydro,Hydro,2026-07-06,16156,15139,15598,15587,15599,15587,15586,15581,15589,15576,15576,16093,16554,16525,16527,16542,16562,16560,16558,16565,16547,16548,16569,16539,16539,16556,16548,16547,16549,16550,16566,16535,16566,16531,16538,16546,16551,16561,16561,16539,16547,16553,16553,16551,16125,16117,16121,16112,,
COL,COL0661,CNIR,coleridge,Hydro,Hydro,2026-07-07,16147,15579,15576,16119,16130,16118,16124,16130,16121,16109,16134,16557,16559,16517,16600,16571,16537,16548,16539,16545,16548,16546,16553,16548,16546,16551,16548,16550,16362,16623,16565,16575,16566,16568,16590,16438,16550,16559,16561,16554,16562,16561,16583,16567,16556,16562,16568,16573,,
COL,COL0661,CNIR,coleridge,Hydro,Hydro,2026-07-08,16155,15601,15588,15593,15596,15582,15573,15585,15584,15575,15584,16533,16572,16516,16567,16568,16505,16563,16606,16554,16553,16564,16545,16553,16555,16555,16549,16452,16559,16593,16536,16540,16549,16555,16564,16500,16556,16583,16563,16557,16557,16563,16564,16565,16554,16569,16560,16573,,
COL,COL0661,CNIR,coleridge,Hydro,Hydro,2026-07-09,16540,16086,15583,15594,15595,15581,15583,15584,15586,15585,15577,16536,16549,16494,16552,16557,16532,16577,16585,16569,16563,16556,16556,16559,16544,16544,16558,16495,16557,16550,16553,16551,16576,16550,16571,16541,16556,16551,16571,16564,16553,16562,16598,16573,16527,16575,16539,16585,,
COL,COL0661,CNIR,coleridge,Hydro,Hydro,2026-07-10,16169,15052,15055,15044,15049,15048,15042,15051,15042,15040,15042,15055,15067,15041,16547,16545,16578,16556,16553,16555,16561,16554,16553,16555,16570,16552,16543,16537,16557,16559,16549,16558,16560,16559,16557,16559,16559,16565,16562,16569,16560,16564,16158,16138,16131,16129,16138,16140,,
COL,COL0661,CNIR,coleridge,Hydro,Hydro,2026-07-11,16136,15597,15596,15595,15593,15588,15592,15593,15586,15587,15583,16532,16555,16556,16587,16541,16539,16554,16566,16563,16563,16566,16574,16555,16559,16558,16557,16558,16573,16572,16553,16842,17044,17157,16743,17036,17179,17150,17153,17147,17133,17139,17161,16981,17129,16159,16132,16132,,
COL,COL0661,CNIR,coleridge,Hydro,Hydro,2026-07-12,15600,15597,15066,15054,14630,14628,14625,14627,14627,14617,14633,14612,14629,14615,16523,16556,16556,16560,16552,16561,16571,16558,16565,16550,16553,16554,16535,16547,16546,16547,16559,16561,16558,16549,16873,17616,17633,16616,16567,16557,16568,16550,16586,16551,16547,16140,16132,16137,,
COL,COL0661,CNIR,coleridge,Hydro,Hydro,2026-07-13,15590,15599,15593,15586,15615,15593,15584,15580,15574,15595,15579,16518,16573,16548,16561,16549,16554,16530,16535,16548,16562,16561,16560,16547,16546,16557,16562,16559,16559,16548,16566,16540,16555,16582,16540,16541,16568,16561,16561,16564,16568,16557,17170,17156,17141,16592,16553,16566,,
COL,COL0661,CNIR,coleridge,Hydro,Hydro,2026-07-14,15626,15596,15595,15599,15576,15592,15606,15583,15583,15579,15595,16508,16579,16536,16582,16559,16535,16559,16575,16547,16568,16537,16574,16547,16575,16549,1704,0,9588,16540,16579,16542,16542,16569,16553,16548,16557,16557,16556,16567,16560,16558,16593,16562,16556,16137,16140,16138,,
COL,COL0661,CNIR,coleridge,Hydro,Hydro,2026-07-15,15621,15618,15586,15587,15598,15596,15585,15579,15603,15603,15571,16537,16583,16539,16578,16533,16550,16560,16568,16562,16564,16561,16560,16570,16561,16564,16581,16567,16573,16531,19138,20328,20288,20310,20327,20286,20318,20333,20324,20331,20327,20327,20319,20316,20338,20300,20351,20348,,
COL,COL0661,CNIR,coleridge,Hydro,Hydro,2026-07-16,20331,20324,20337,20319,20346,20318,20340,20322,20319,20301,20352,20306,20324,20296,20329,20330,15316,14960,15020,15038,15002,14993,15025,15006,15003,14991,14997,14997,15014,14988,14974,15010,15016,15005,14988,14999,14996,14998,15002,14999,15081,19285,19290,19294,19227,19175,19321,19494,,
COL,COL0661,CNIR,coleridge,Hydro,Hydro,2026-07-17,19293,10165,8689,7038,7552,5828,11910,15019,15024,14994,15026,15001,15003,15038,15024,14989,15024,15006,15003,15007,15003,15011,15006,14999,15005,15002,14999,15008,15010,15001,15005,14997,15087,13109,19473,19915,19896,19907,19915,19919,20162,19885,19885,19890,19890,19888,19898,19900,,
COL,COL0661,CNIR,coleridge,Hydro,Hydro,2026-07-18,19887,19893,19876,19894,19655,19898,19891,19906,19909,19918,19928,19905,19905,19906,19911,19897,19900,19912,19898,19885,19910,19902,19882,19929,19879,19912,19905,19896,19893,19900,19891,19944,20051,19919,19875,19879,19874,19900,19904,19917,19914,19898,19914,19905,19918,19894,19928,19845,,
COL,COL0661,CNIR,coleridge,Hydro,Hydro,2026-07-19,19914,19935,19932,19898,19909,19898,19900,19875,19912,19899,19897,19904,19930,19885,19888,19906,19905,19884,19912,19900,19912,19899,19899,19901,19912,19902,19922,19894,19894,19904,19909,19919,19908,20248,20334,20336,20325,20333,20343,20342,20339,20340,20345,20333,20341,20322,20323,20348,,
COL,COL0661,CNIR,coleridge,Hydro,Hydro,2026-07-20,20363,20339,20337,20332,20331,20332,20337,20338,20336,20339,20334,20332,20364,20316,20583,20357,20323,20323,20598,20669,20647,20663,20651,20661,20642,20641,20654,20652,20657,20639,20662,20635,20636,20684,20633,20663,20644,20656,20655,20651,20654,20666,20669,20662,20639,20632,20692,20672,,
COL,COL0661,CNIR,coleridge,Hydro,Hydro,2026-07-21,20661,20654,20671,20661,20650,20662,20647,20654,20656,20652,20670,20642,20701,20620,20652,20639,20653,20652,20655,20654,20655,20647,20653,20643,20650,20652,15891,15313,18715,20057,20090,20486,20653,20642,20651,20654,20653,20648,20652,20648,20659,20671,20663,20664,20667,20664,20657,20656,,
COL,COL0661,CNIR,coleridge,Hydro,Hydro,2026-07-22,20665,20650,20700,20637,20660,20635,20636,20673,20636,20654,20692,20632,20660,20630,20670,20626,20681,20648,20634,20647,20647,20638,20645,20645,20657,20636,20653,20645,20646,20638,20667,20628,20640,20642,20654,20650,20628,20651,18499,15004,15003,15005,15007,15008,15011,15003,15018,15009,,
COL,COL0661,CNIR,coleridge,Hydro,Hydro,2026-07-23,15004,15016,15017,15011,15008,15010,15003,15007,15004,15002,15014,15008,15009,14994,14988,14982,14993,14992,14998,15030,15004,15011,15008,14986,14990,15003,14998,14995,14999,14987,15013,14991,14988,15017,15004,14982,15010,15000,15007,15002,15013,15002,15011,15025,15006,15007,15019,15008,,
COL,COL0661,CNIR,coleridge,Hydro,Hydro,2026-07-24,15017,15006,15009,14994,14998,15013,15003,14997,15004,14998,15012,15001,15010,15016,14969,14989,15003,14995,15010,15006,14998,14997,15003,14997,14994,14998,14993,15001,15004,15017,15017,14979,14977,15013,14999,15024,15018,15008,15023,15012,14996,15009,15021,15028,15020,15001,15017,15033,,
COL,COL0661,CNIR,coleridge,Hydro,Hydro,2026-07-25,15013,15029,15005,15019,15012,15005,15020,15019,15012,15019,15012,15010,15070,14960,15052,14991,15032,15008,15013,15008,15016,15007,15004,15015,15006,15022,15012,15008,15013,15012,15003,15024,15006,15001,15010,14995,14988,15002,15017,15029,15015,15016,15027,14988,15007,15012,15011,15018,,
COL,COL0661,CNIR,coleridge,Hydro,Hydro,2026-07-26,15012,15015,15011,15020,15023,15011,15020,15019,15017,15015,15014,15014,15028,15004,15011,15024,15001,15019,15010,15014,15020,15009,15027,15017,15012,15019,15015,15015,15012,15014,15012,15013,15005,15029,15006,15020,15007,15013,15017,15014,15017,15003,15014,15015,15018,15010,15030,15030,,
COL,COL0661,CNIR,coleridge,Hydro,Hydro,2026-07-27,15021,15022,15019,15012,15022,15025,15018,15017,15017,15013,15013,15029,15037,15014,15071,14988,15000,15024,15003,15023,15027,15009,15003,15015,15013,15005,14991,15007,15010,15007,15013,15001,14993,15011,15012,14992,14981,15009,15007,15008,15006,14999,15018,15003,15015,15007,15008,15037,,
COL,COL0661,CNIR,coleridge,Hydro,Hydro,2026-07-28,15026,15015,15019,15014,15010,15012,15014,15013,15010,15001,15015,15012,15036,15020,14996,14996,15004,15018,15009,15012,14996,15007,15014,15005,15013,15016,15001,15001,15004,15004,15003,14999,15001,14996,14994,15015,14995,15002,15004,15013,14999,15002,15025,14999,14999,15011,15022,15018,,
COL,COL0661,CNIR,coleridge,Hydro,Hydro,2026-07-29,14992,15013,15011,15008,15016,15007,15006,15009,15016,14997,15001,15018,15037,14994,15011,14994,14999,15017,14995,15013,14995,15005,15001,15002,15005,14993,15003,15002,14997,15010,15033,14963,14998,14992,14994,15000,14996,14993,15014,15003,15006,15007,15008,15005,15005,15007,15001,15012,,
COL,COL0661,CNIR,coleridge,Hydro,Hydro,2026-07-30,14976,15024,15022,14998,15016,15008,15006,15010,15002,14999,15011,15027,15071,14964,15010,14988,14984,15009,15009,14983,15013,15004,14989,14999,15015,14999,15006,14993,15002,14991,14994,15007,14994,15007,14996,14996,14999,15007,15001,15006,15003,15000,15016,15004,15008,15010,15011,15012,,
COL,COL0661,CNIR,coleridge,Hydro,Hydro,2026-07-31,14998,15006,15016,15008,15004,15003,15025,15011,15004,15004,14986,15000,15017,15023,15020,14960,15014,15000,15005,15006,14995,15006,14998,14987,14998,15008,14989,15017,14985,15028,15012,14988,14999,15013,15003,14980,15007,15011,15010,15012,15003,15018,15016,14991,15015,15002,15000,15015,,
CYD,CYD0331,DUNE,teviot,Hydro,Hydro,2026-07-01,39,60,218,304,320,332,402,322,175,39,0,0,0,0,0,0,0,0,0,0,0,0,0,0,0,0,353,91,258,455,121,11,0,0,0,0,0,0,0,0,0,0,0,0,0,1,0,6,,
CYD,CYD0331,DUNE,teviot,Hydro,Hydro,2026-07-02,0,0,1,45,13,115,788,548,171,34,0,0,0,0,0,0,0,0,0,0,0,0,0,0,0,11,749,1407,1538,1019,829,225,0,0,0,0,0,0,0,0,0,0,0,0,0,0,0,0,,
CYD,CYD0331,DUNE,teviot,Hydro,Hydro,2026-07-03,38,141,104,313,373,514,435,400,265,141,0,0,90,0,0,0,0,0,0,0,0,0,0,0,0,0,28,205,421,689,465,311,80,49,0,0,0,0,0,95,294,610,620,920,1186,1617,1587,1793,,
CYD,CYD0331,DUNE,teviot,Hydro,Hydro,2026-07-04,2113,2343,2636,2860,2850,2982,3189,3337,3612,3767,3567,3218,2888,2766,2546,2285,1965,1690,1326,1230,1223,1369,1372,1486,1914,2615,3752,3923,3776,3999,3962,3710,3397,3117,2855,2420,2521,2859,3302,3569,3578,3798,3726,3972,4203,4558,4494,4552,,
CYD,CYD0331,DUNE,teviot,Hydro,Hydro,2026-07-05,4908,4990,5039,4976,5020,4895,5077,5038,5044,4897,4665,4607,5165,4712,3127,2963,2299,1718,1148,777,393,929,2078,1395,182,257,240,41,419,934,886,339,16,56,656,0,0,0,0,0,0,0,0,0,0,292,1028,1696,,
CYD,CYD0331,DUNE,teviot,Hydro,Hydro,2026-07-06,1869,2660,2520,3362,3249,3382,3088,2854,2934,2888,2526,2076,1417,704,183,0,0,0,0,0,7,197,0,0,0,97,653,799,1240,2182,2521,2500,1920,1500,617,213,200,413,684,923,1169,1322,1314,1589,1967,2310,2390,2503,,
CYD,CYD0331,DUNE,teviot,Hydro,Hydro,2026-07-07,2749,2920,3070,3075,3043,3034,3165,2943,2901,2817,2410,1998,1228,595,146,5,0,0,0,0,147,266,903,1317,1724,1970,2109,1893,1923,1970,2079,1860,1485,475,0,0,533,346,6,252,193,352,390,720,1038,1381,1517,1507,,
CYD,CYD0331,DUNE,teviot,Hydro,Hydro,2026-07-08,1981,2134,2231,2360,2184,2408,2157,1786,1881,1613,1261,884,247,0,0,0,0,0,0,0,0,0,0,0,0,0,0,0,2,18,19,19,17,123,0,0,0,0,3,328,1101,1624,1610,1935,2331,2862,2726,2848,,
CYD,CYD0331,DUNE,teviot,Hydro,Hydro,2026-07-09,3274,3404,3535,3529,3497,3507,3316,3193,3092,2978,2514,1900,803,25,0,0,0,0,0,0,0,0,46,362,620,1366,1969,2304,2558,2422,2185,1940,1380,748,263,0,0,0,0,0,0,0,0,67,231,488,366,344,,
CYD,CYD0331,DUNE,teviot,Hydro,Hydro,2026-07-10,567,557,420,376,360,533,1,0,0,0,455,14,0,0,0,0,0,0,0,0,0,0,0,0,0,771,1230,1274,1560,1778,1759,2498,2044,334,0,0,0,0,0,0,0,0,0,0,0,0,0,0,,
CYD,CYD0331,DUNE,teviot,Hydro,Hydro,2026-07-11,96,11,44,8,2,0,8,68,181,195,108,0,0,0,0,0,0,0,0,0,0,0,0,0,0,0,0,1,0,0,0,156,361,706,703,589,556,762,1489,1778,2080,1957,68,0,0,0,0,0,,
CYD,CYD0331,DUNE,teviot,Hydro,Hydro,2026-07-12,0,55,316,385,499,608,572,408,159,686,676,465,135,1,0,0,0,54,0,0,0,0,0,0,0,0,0,0,0,0,0,0,0,0,0,0,17,0,0,0,0,0,0,0,0,0,0,48,,
CYD,CYD0331,DUNE,teviot,Hydro,Hydro,2026-07-13,361,516,930,1089,1151,985,920,923,703,451,431,36,0,0,0,0,0,0,0,0,0,0,0,0,0,0,0,0,215,735,2856,1184,438,251,80,0,20,1070,1065,1224,1470,986,5,407,1943,3012,2256,3262,,
CYD,CYD0331,DUNE,teviot,Hydro,Hydro,2026-07-14,3721,3434,3850,4123,3917,3971,3907,3902,3804,3499,3240,2820,2339,2048,1905,1478,1042,1213,1204,1517,1949,2502,1749,3523,3347,3442,3440,3477,4530,4894,4256,3730,3553,4086,2492,917,3462,3674,5608,6373,6369,6365,6125,5908,5992,6078,5946,5824,,
CYD,CYD0331,DUNE,teviot,Hydro,Hydro,2026-07-15,6014,6188,6118,6375,6107,5921,5849,5969,5859,5560,5107,4694,4017,3350,2608,2043,1612,1520,1153,1441,1320,1804,1748,2231,1983,2076,2315,2138,2154,2676,2780,3158,3207,2430,1175,730,451,433,550,912,975,1136,1115,1311,1555,1827,1844,2032,,
CYD,CYD0331,DUNE,teviot,Hydro,Hydro,2026-07-16,3067,3458,3788,3575,2302,2451,3860,3447,3096,2421,1660,1296,2000,1075,180,0,0,0,0,0,187,1151,1555,2241,2697,2601,2915,2834,3220,4661,4596,2986,2368,2690,2327,459,64,398,1373,2268,1785,2405,2280,2577,2940,3281,3209,3169,,
CYD,CYD0331,DUNE,teviot,Hydro,Hydro,2026-07-17,3538,3658,3747,3774,3739,3694,3500,3585,3412,3094,2722,2234,1551,959,503,167,0,0,0,0,454,1347,1643,109,1303,2500,2003,1311,1410,1994,2107,1858,1732,1273,760,338,121,80,236,336,391,242,93,441,829,968,659,596,,
CYD,CYD0331,DUNE,teviot,Hydro,Hydro,2026-07-18,1078,1261,1398,1481,1618,1650,1718,1757,1784,1748,1450,1331,1101,749,523,177,0,0,0,0,3,3,0,68,965,1620,1719,1762,2130,2181,1973,1739,1861,2149,2624,871,376,743,904,1055,1157,1387,1590,2819,3580,3300,2091,2411,,
CYD,CYD0331,DUNE,teviot,Hydro,Hydro,2026-07-19,2844,3724,4993,4249,4235,4111,4331,4604,4816,4848,4613,4409,4242,4196,4191,4038,3243,3068,2949,3212,3600,4020,4373,4582,4833,5097,5269,5346,5445,5453,5242,5008,4502,3852,3253,2637,2488,2517,2643,2586,2780,2982,2573,2176,2756,2999,2813,2646,,
CYD,CYD0331,DUNE,teviot,Hydro,Hydro,2026-07-20,2777,2700,2639,2650,2568,2573,2450,2173,1994,1680,1182,624,52,0,0,0,0,0,0,0,0,0,0,0,0,17,138,1699,2701,2892,2427,1053,1030,3643,2924,2042,1726,1409,1264,1085,823,1005,1,0,0,49,29,52,,
CYD,CYD0331,DUNE,teviot,Hydro,Hydro,2026-07-21,369,539,738,848,875,858,943,907,725,640,179,584,1627,1390,1014,455,195,281,415,0,0,0,0,0,0,0,0,0,0,0,0,0,958,934,1791,1195,1043,1114,1481,1934,2348,2829,2938,3269,3798,1072,1015,1360,,
CYD,CYD0331,DUNE,teviot,Hydro,Hydro,2026-07-22,1400,1563,1737,1850,1948,2080,2083,2038,2017,1786,2871,3177,2695,2190,1485,1168,899,1056,1140,13,274,1854,2164,1849,2148,2483,2733,2785,3154,3971,3836,3841,3364,2958,4233,3823,3488,3510,3658,3719,3697,4014,3570,747,1116,1983,1626,1698,,
CYD,CYD0331,DUNE,teviot,Hydro,Hydro,2026-07-23,2064,2243,2351,2537,2539,3108,3534,3571,3373,3202,2755,2335,2878,2494,1959,1604,1236,1404,1428,33,3,315,710,1252,0,0,1726,2289,2609,2572,2859,3045,2887,2829,3305,2932,2933,3052,3227,3428,2482,2473,2770,3531,4217,5013,5024,5020,,
CYD,CYD0331,DUNE,teviot,Hydro,Hydro,2026-07-24,5347,5404,5435,5503,5458,5155,4939,4926,4892,4687,4282,3844,3236,2523,1926,1407,1049,996,1016,1129,1047,1046,1080,1126,1029,1086,1283,1235,1542,1768,1899,2093,1742,1432,2363,1830,1685,1632,1738,1923,438,530,499,711,1087,1383,1515,2424,,
CYD,CYD0331,DUNE,teviot,Hydro,Hydro,2026-07-25,2962,3108,3197,3319,3346,3385,3347,3406,3285,3240,3106,2832,2343,1993,1661,1119,620,211,26,285,692,1251,1834,2292,2529,2844,2951,2785,2848,3014,3028,2959,2564,1892,1506,765,329,269,284,353,256,351,305,185,0,0,0,0,,
CYD,CYD0331,DUNE,teviot,Hydro,Hydro,2026-07-26,1,1,7,6,156,77,16,28,0,48,64,15,0,0,0,0,0,0,0,0,0,0,0,0,0,1,4,0,17,5,0,8,0,35,787,89,0,8,91,130,214,323,355,777,1193,458,148,130,,
CYD,CYD0331,DUNE,teviot,Hydro,Hydro,2026-07-27,501,644,762,786,715,757,783,869,881,799,329,8,243,33,0,0,0,0,0,0,0,0,2,230,1279,2318,3146,3078,2082,1430,1522,1063,573,220,2337,1756,1925,2242,2496,2643,2936,2847,186,0,198,190,674,1363,,
CYD,CYD0331,DUNE,teviot,Hydro,Hydro,2026-07-28,2681,2988,2891,2165,1361,1439,1352,1243,1152,1040,685,236,1118,1537,1268,917,691,618,8,0,0,0,0,61,645,2753,2708,2950,3224,2448,1690,1354,623,214,9,0,0,0,480,323,0,0,0,1,344,1657,2350,1941,,
CYD,CYD0331,DUNE,teviot,Hydro,Hydro,2026-07-29,1434,983,1238,1198,1288,1310,1346,1255,1139,963,802,341,445,749,559,129,69,0,0,0,207,2184,1888,547,3,4,26,7,0,20,215,92,2,0,0,0,0,0,1,860,722,911,541,1,164,647,730,863,,
CYD,CYD0331,DUNE,teviot,Hydro,Hydro,2026-07-30,1027,1201,1295,1981,2134,1658,1828,1860,1642,1605,1163,760,127,0,0,0,0,0,0,6,15,177,446,949,767,861,1245,1002,802,274,200,369,863,845,111,0,0,0,7,619,1517,1616,932,328,398,755,819,1636,,
CYD,CYD0331,DUNE,teviot,Hydro,Hydro,2026-07-31,2626,3123,1407,1617,1536,1717,1936,1674,2548,3384,1273,23,1,0,0,0,0,0,0,0,0,0,0,0,0,0,0,0,0,580,809,252,0,0,0,0,0,0,0,17,3,0,0,0,0,0,0,0,,
CYD,CYD2201,CTCT,clyde,Hydro,Hydro,2026-07-01,154606,104150,103071,102990,103097,94919,94448,93222,102383,101755,133097,147420,158391,193354,222166,224122,223590,216291,215622,163699,162049,161828,161660,161812,161288,162053,156189,153945,150582,157832,157552,161644,160968,198470,208368,206814,210515,213290,212193,206316,215877,216328,215939,216062,216398,215988,163970,162078,,
CYD,CYD2201,CTCT,clyde,Hydro,Hydro,2026-07-02,154906,154418,107097,53917,52071,51850,51966,51556,52913,53934,104701,157636,159892,159860,211707,215961,216063,209763,206099,205408,201742,202121,202192,204808,205972,206325,205834,142912,148499,154202,152860,149426,159355,159193,207886,215783,210754,212054,207789,214124,215964,206305,206132,205770,209656,207615,162573,158375,,
CYD,CYD2201,CTCT,clyde,Hydro,Hydro,2026-07-03,156023,104021,103003,52356,51562,51514,51563,51528,51562,51610,103544,157693,160544,162559,213896,216122,215995,216196,216002,214434,215917,212818,206124,206070,157559,154239,155010,154469,154438,154690,200481,205863,207722,211456,213263,215676,216150,216171,215080,216032,215947,216066,222061,221680,212246,210915,163322,160158,,
CYD,CYD2201,CTCT,clyde,Hydro,Hydro,2026-07-04,155854,105317,102924,53465,51522,51586,51545,51476,51566,51514,97759,102680,103032,150633,154622,155165,206730,206592,215306,216528,214350,206040,206295,206239,205908,206207,206035,204625,204063,204120,204184,206023,207818,207395,205202,216148,214508,213812,204710,204220,185598,185401,205278,206278,162274,154344,154695,105083,,
CYD,CYD2201,CTCT,clyde,Hydro,Hydro,2026-07-05,102887,103309,102956,61010,52940,52569,52120,51136,97745,104454,103642,102540,103073,147447,150585,154712,154806,200458,206164,216070,216071,216095,216157,215833,216058,216241,215674,216524,214634,214031,214778,213672,214112,213952,214214,229831,230136,230068,213882,214198,213999,214286,230259,228785,212274,212177,212056,202221,,
CYD,CYD2201,CTCT,clyde,Hydro,Hydro,2026-07-06,152635,150470,149237,92631,85767,82589,82539,82577,91933,102617,101191,144519,151842,190630,202853,206309,206549,216039,216000,216227,215887,215888,216195,215745,216295,216097,216596,215864,216185,216036,209915,206063,215089,215765,216318,231905,231920,231719,216330,215772,216155,215941,228417,212579,212550,211539,212165,163510,,
CYD,CYD2201,CTCT,clyde,Hydro,Hydro,2026-07-07,162327,109229,103262,104403,103130,103055,107046,108133,108006,109492,103968,148450,162636,202908,215123,231725,231730,232342,216213,216188,216068,216005,216085,216134,216209,216215,215837,216152,216223,216513,215119,216293,215629,214746,210847,216373,216046,210991,205819,206438,209258,208128,210728,209138,208938,210112,212157,159277,,
CYD,CYD2201,CTCT,clyde,Hydro,Hydro,2026-07-08,157545,154552,138987,97776,97698,97701,92543,92715,92537,94052,101709,149470,151752,187215,206655,227372,230468,232735,211412,205273,206276,206087,205967,206034,206195,206270,189608,186114,185819,201872,205782,206151,206193,207722,216636,214983,216570,216115,216015,215151,214347,211105,215788,231956,209638,206271,155363,154882,,
CYD,CYD2201,CTCT,clyde,Hydro,Hydro,2026-07-09,154312,154593,103721,92696,92505,92411,80027,80061,92389,92515,92591,131758,151427,199230,206902,231549,231537,232588,216555,205807,199007,205777,204329,205180,205604,201201,189621,185915,161062,159997,162033,161905,203994,225526,232374,231304,231924,231871,232018,231946,225859,226070,231632,231921,221904,216375,163083,154967,,
CYD,CYD2201,CTCT,clyde,Hydro,Hydro,2026-07-10,104869,102895,103056,103015,103106,103046,103007,103158,103024,103059,103057,150262,154543,154706,154778,210797,216365,215849,211719,212356,208422,151411,150781,150366,150622,150407,150838,150285,150637,200351,201963,204617,208696,211685,228401,228985,229146,229023,229036,226184,226132,225948,231344,231926,164454,162055,162128,162185,,
CYD,CYD2201,CTCT,clyde,Hydro,Hydro,2026-07-11,155821,154522,154585,154552,154616,154535,154613,154608,154505,154667,154506,154610,154423,154722,155068,155435,217683,216454,222084,216123,205545,154417,150645,150416,150637,150674,150541,150547,150628,150751,149217,151671,205241,207109,215058,222529,226700,227329,228334,225504,220903,219961,212324,212056,158234,151757,152589,108346,,
CYD,CYD2201,CTCT,clyde,Hydro,Hydro,2026-07-12,108075,107834,106921,103013,55265,53994,54035,53998,51523,52399,97216,106719,108110,107390,106390,163976,206979,216512,215763,216354,216551,164395,161953,162088,162022,162160,154393,154699,154544,154558,154638,154603,157069,208279,187702,206676,209628,216299,216156,215922,216167,212779,214510,210417,161319,161712,157370,154692,,
CYD,CYD2201,CTCT,clyde,Hydro,Hydro,2026-07-13,104740,104794,102984,102913,53011,51577,51422,51588,51561,51643,98079,102888,155039,158198,208216,206594,211164,210047,206318,205739,206519,203487,203276,202828,202769,203522,202315,153432,151291,150900,151564,150466,151127,198659,202590,202335,202702,202494,202776,202607,202603,202191,205355,204264,153468,152783,102767,101082,,
CYD,CYD2201,CTCT,clyde,Hydro,Hydro,2026-07-14,51496,51549,51474,51575,51488,51600,51564,51534,51554,51502,52473,101193,103082,149340,197459,206661,205440,206167,204587,202605,202582,202427,202781,160126,161508,157675,156168,151692,151039,153408,157283,194186,192660,207665,210221,229553,232060,231768,229035,208815,215030,207610,231732,231734,164692,160647,162487,108609,,
CYD,CYD2201,CTCT,clyde,Hydro,Hydro,2026-07-15,102972,53356,47928,46517,46526,46594,46530,46440,46636,47950,100486,104352,151329,204487,214937,218532,228922,216268,216099,216261,216154,212809,210785,187164,198978,203998,203512,198627,207607,202119,205747,205531,206054,208016,212612,222541,219769,213620,214084,209566,208987,206813,214111,211057,208273,205268,206825,206176,,
CYD,CYD2201,CTCT,clyde,Hydro,Hydro,2026-07-16,155549,105294,53849,51390,2088,0,0,0,0,0,42191,96119,151476,201602,206996,206172,215017,203447,199893,146980,146155,140887,148643,105563,53637,51866,51534,51011,49549,51360,51412,51653,96494,147007,181861,212732,220923,225033,225831,226240,231741,231144,231742,231382,229204,228329,228557,226130,,
CYD,CYD2201,CTCT,clyde,Hydro,Hydro,2026-07-17,226167,225608,225882,214388,198550,146270,139080,139716,140032,139375,139766,214645,221511,222748,222928,225546,226440,225730,226142,206155,201459,201076,205297,149350,139429,103162,97584,93284,92822,92864,101235,103077,102874,147763,211624,223614,223317,224532,224954,219508,213652,215554,225889,219596,225959,213650,156143,151383,,
CYD,CYD2201,CTCT,clyde,Hydro,Hydro,2026-07-18,103412,48494,46709,1254,0,0,0,0,0,0,0,42437,46737,91903,92925,92819,99624,148112,154606,154479,154321,103407,100489,101469,92213,92784,48673,47354,49795,50110,50714,94368,102658,149254,156529,202264,207251,205992,205916,206188,206147,205596,206457,206132,162755,151085,154019,104097,,
CYD,CYD2201,CTCT,clyde,Hydro,Hydro,2026-07-19,102196,53747,51558,1890,0,0,0,0,0,0,0,0,41944,89332,95061,135485,147552,153305,153725,154637,154544,154646,161997,162044,110358,107959,107311,106997,105483,108065,108199,159685,210798,222386,222814,225926,225762,225968,226050,226043,226038,226125,226023,226030,222484,212429,161871,106891,,
CYD,CYD2201,CTCT,clyde,Hydro,Hydro,2026-07-20,103481,103178,103339,103316,103303,103049,103003,103078,102994,103142,98925,102927,151327,204598,210927,214446,217729,215954,207608,206499,205878,202557,191382,139913,138975,150236,151064,139020,108686,107873,108232,149127,154624,158575,214526,216332,215901,215832,216050,215903,215966,216263,217360,216116,215593,205568,156740,154620,,
CYD,CYD2201,CTCT,clyde,Hydro,Hydro,2026-07-21,104885,102963,103035,103035,103106,103114,103049,102954,103110,103044,102945,102814,102849,152631,205208,206199,205981,206390,205893,206208,205878,206157,206305,206867,196272,165425,105912,103024,100820,82691,85486,98036,143260,195947,203745,231195,230376,228426,228358,218400,211947,214115,215995,216209,206378,206274,156613,154382,,
CYD,CYD2201,CTCT,clyde,Hydro,Hydro,2026-07-22,105193,103005,103181,102839,103134,102894,103051,103300,102815,103126,103555,153133,154163,154793,205253,206247,206925,209077,207848,210508,205857,205792,204260,156180,145022,104037,101800,97612,101909,100878,98154,102730,111165,144212,193528,212080,216039,212541,204866,202694,206304,206022,206202,206012,206285,205859,206201,206125,,
CYD,CYD2201,CTCT,clyde,Hydro,Hydro,2026-07-23,156042,104735,103077,103047,103034,103127,102932,103067,103070,102898,102949,105457,151911,154798,201187,205721,205796,206371,206206,207192,205492,191580,195107,156058,154484,154692,154678,154349,154849,153930,155370,197321,206575,206549,206196,205343,206394,205788,206534,214244,214685,220383,230813,229574,220800,213239,208149,155799,,
CYD,CYD2201,CTCT,clyde,Hydro,Hydro,2026-07-24,104719,102949,103078,52923,51299,47717,49640,46996,46496,48425,97106,150756,154060,209824,221656,229393,216228,214877,211252,205825,206234,206768,206224,206070,161922,155692,154605,154830,154520,154882,154911,199165,203738,219713,220921,222144,217353,221350,218199,217124,214871,208924,214066,209876,208997,205683,206383,155981,,
CYD,CYD2201,CTCT,clyde,Hydro,Hydro,2026-07-25,104706,103148,52689,51487,50767,51352,51321,47202,51186,49098,51496,94766,148370,155817,174524,182861,204465,214261,229169,232051,232332,231508,216084,216427,165134,174294,173975,173773,210072,215976,210296,210652,214536,214480,214846,225199,225314,225888,216275,216716,215838,216013,216274,225348,216062,163469,109074,104848,,
CYD,CYD2201,CTCT,clyde,Hydro,Hydro,2026-07-26,106501,103102,102932,103170,103081,102336,103163,103074,103054,103018,103128,103046,103014,107841,105715,154379,212086,216127,215978,216035,220572,220541,194422,196912,197138,188265,182392,181911,182130,180078,177345,182241,181706,228624,231963,229722,209788,210104,210276,210768,211709,211164,211642,211727,211411,161764,154777,105017,,
CYD,CYD2201,CTCT,clyde,Hydro,Hydro,2026-07-27,103055,102980,103069,52986,51456,51573,51536,51536,51501,51513,51528,104026,160479,213984,221813,217358,226232,216439,216277,216481,214447,215678,210887,163391,154652,155881,159722,155220,154749,154361,154562,161153,161977,203575,213680,219503,214306,216788,216042,216048,216035,209869,215673,216069,216064,215876,215977,165245,,
CYD,CYD2201,CTCT,clyde,Hydro,Hydro,2026-07-28,110304,107941,55712,53960,54050,54007,54030,54049,54028,53925,97594,108176,159182,229398,231567,231876,231957,232574,216025,216440,213298,211901,158000,152820,152784,149422,146005,104862,103205,102917,102134,149912,149726,155533,151679,206575,216003,216040,213418,216190,215730,212926,216217,215715,215394,166067,162139,162094,,
CYD,CYD2201,CTCT,clyde,Hydro,Hydro,2026-07-29,109188,108174,108002,55513,54018,44268,44012,44035,99450,107764,107749,108154,153959,199610,198267,205991,196812,200251,206318,203685,204522,159289,154533,106149,101843,102759,102926,102984,102927,143247,155660,156036,157743,160602,199791,214855,216258,215751,216133,215950,216073,215973,216122,215660,216134,216443,214069,162126,,
CYD,CYD2201,CTCT,clyde,Hydro,Hydro,2026-07-30,108364,104762,103076,102722,103132,102954,103025,103275,102569,102983,104048,106223,147389,211959,217082,215318,215678,216575,216273,213504,211752,156932,154382,154663,154602,154316,154728,154401,154670,154282,153886,154972,154423,200573,207791,213964,216354,215893,215803,213869,206434,205770,213248,210407,211091,207707,159350,105342,,
CYD,CYD2201,CTCT,clyde,Hydro,Hydro,2026-07-31,102871,103038,103005,53184,51219,49749,49846,47394,48235,49164,51197,101070,150191,155316,200633,212939,207072,204190,195396,154443,149984,154737,140836,108548,102399,93236,92330,93006,91736,92390,95630,147690,156777,208300,215763,215329,216417,215874,215902,216311,216048,216155,215855,215835,216707,215490,163948,159417,,
DVK,DVK0111,DSFL,dannevirke_solar_farm,SOL,PV,2026-07-01,0,0,0,0,0,0,0,0,0,0,0,0,0,0,0,18,382,1618,2837,3613,3640,3473,3286,3147,3115,3185,3681,4642,4872,3294,1801,2679,1304,84,0,0,0,0,0,0,0,0,0,0,0,0,0,0,,
DVK,DVK0111,DSFL,dannevirke_solar_farm,SOL,PV,2026-07-02,0,0,0,0,0,0,0,0,0,0,0,0,0,0,0,21,361,1590,3435,5045,3625,0,362,1710,0,1057,2744,2316,2490,3050,4238,2266,852,80,0,0,0,0,0,0,0,0,0,0,0,0,0,0,,
DVK,DVK0111,DSFL,dannevirke_solar_farm,SOL,PV,2026-07-03,0,0,0,0,0,0,0,0,0,0,0,0,0,0,0,40,540,1778,2627,1377,1652,2681,614,3024,2149,3606,4892,4879,5131,5677,4374,1660,699,77,0,0,0,0,0,0,0,0,0,0,0,0,0,0,,
DVK,DVK0111,DSFL,dannevirke_solar_farm,SOL,PV,2026-07-04,0,0,0,0,0,0,0,0,0,0,0,0,0,0,0,48,641,2276,4164,5430,4969,4020,4747,4661,4693,4812,4732,5205,4929,5828,4501,2400,918,58,0,0,0,0,0,0,0,0,0,0,0,0,0,0,,
DVK,DVK0111,DSFL,dannevirke_solar_farm,SOL,PV,2026-07-05,0,0,0,0,0,0,0,0,0,0,0,0,0,0,0,0,164,873,1587,1563,1649,3183,3133,2546,2295,2065,2740,1341,1491,1002,638,509,191,0,0,0,0,0,0,0,0,0,0,0,0,0,0,0,,
DVK,DVK0111,DSFL,dannevirke_solar_farm,SOL,PV,2026-07-06,0,0,0,0,0,0,0,0,0,0,0,0,0,0,0,8,174,356,1148,797,566,1193,1474,1230,2308,1574,621,446,368,279,447,374,400,145,0,0,0,0,0,0,0,0,0,0,0,0,0,0,,
DVK,DVK0111,DSFL,dannevirke_solar_farm,SOL,PV,2026-07-07,0,0,0,0,0,0,0,0,0,0,0,0,0,0,0,46,300,648,1223,1994,1956,3328,3115,1272,1458,5516,1996,576,877,1156,1567,1239,696,250,0,0,0,0,0,0,0,0,0,0,0,0,0,0,,
DVK,DVK0111,DSFL,dannevirke_solar_farm,SOL,PV,2026-07-08,0,0,0,0,0,0,0,0,0,0,0,0,0,0,0,4,152,302,669,1227,1737,1376,2049,1658,1187,604,659,972,326,424,347,191,72,22,0,0,0,0,0,0,0,0,0,0,0,0,0,0,,
DVK,DVK0111,DSFL,dannevirke_solar_farm,SOL,PV,2026-07-09,0,0,0,0,0,0,0,0,0,0,0,0,0,0,0,1,120,272,466,451,774,730,647,570,1159,1175,876,479,324,274,202,86,138,36,0,0,0,0,0,0,0,0,0,0,0,0,0,0,,
DVK,DVK0111,DSFL,dannevirke_solar_farm,SOL,PV,2026-07-10,0,0,0,0,0,0,0,0,0,0,0,0,0,0,0,4,136,272,467,759,1103,1151,1538,1370,1824,2013,1332,1081,1919,733,734,489,286,107,0,0,0,0,0,0,0,0,0,0,0,0,0,0,,
DVK,DVK0111,DSFL,dannevirke_solar_farm,SOL,PV,2026-07-11,0,0,0,0,0,0,0,0,0,0,0,0,0,0,0,34,234,1734,2947,2207,1929,2277,2077,2097,2108,1750,2107,1365,2441,4368,704,735,214,43,0,0,0,0,0,0,0,0,0,0,0,0,0,0,,
DVK,DVK0111,DSFL,dannevirke_solar_farm,SOL,PV,2026-07-12,0,0,0,0,0,0,0,0,0,0,0,0,0,0,0,43,539,1776,3200,4202,4217,4027,3811,3712,3664,3775,4008,4162,2106,1957,2511,2104,943,85,0,0,0,0,0,0,0,0,0,0,0,0,0,0,,
DVK,DVK0111,DSFL,dannevirke_solar_farm,SOL,PV,2026-07-13,0,0,0,0,0,0,0,0,0,0,0,0,0,0,0,28,360,1396,934,2482,3248,2652,823,848,985,837,1778,3547,2074,3624,1462,722,465,49,0,0,0,0,0,0,0,0,0,0,0,0,0,0,,
DVK,DVK0111,DSFL,dannevirke_solar_farm,SOL,PV,2026-07-14,0,0,0,0,0,0,0,0,0,0,0,0,0,0,0,0,153,750,590,829,1498,1664,946,1203,1072,1451,1551,1981,3744,3814,3267,727,153,63,0,0,0,0,0,0,0,0,0,0,0,0,0,0,,
DVK,DVK0111,DSFL,dannevirke_solar_farm,SOL,PV,2026-07-15,0,0,0,0,0,0,0,0,0,0,0,0,0,0,0,105,501,524,2496,4627,5043,4722,3919,2926,2701,2220,1157,1433,848,3438,2661,721,332,89,0,0,0,0,0,0,0,0,0,0,0,0,0,0,,
DVK,DVK0111,DSFL,dannevirke_solar_farm,SOL,PV,2026-07-16,0,0,0,0,0,0,0,0,0,0,0,0,0,0,0,0,232,926,588,910,1215,1025,1229,1789,1486,1641,3524,1947,1316,1127,834,842,154,77,0,0,0,0,0,0,0,0,0,0,0,0,0,0,,
DVK,DVK0111,DSFL,dannevirke_solar_farm,SOL,PV,2026-07-17,0,0,0,0,0,0,0,0,0,0,0,0,0,0,0,51,218,376,523,605,945,1754,2540,2864,3196,3587,3991,4349,4633,4801,2526,1192,1022,143,0,0,0,0,0,0,0,0,0,0,0,0,0,0,,
DVK,DVK0111,DSFL,dannevirke_solar_farm,SOL,PV,2026-07-18,0,0,0,0,0,0,0,0,0,0,0,0,0,0,0,159,760,1877,2758,2754,3109,3020,3271,3417,3533,3711,4164,4459,4657,4750,4339,2367,730,148,52,0,0,0,0,0,0,0,0,0,0,0,0,0,,
DVK,DVK0111,DSFL,dannevirke_solar_farm,SOL,PV,2026-07-19,0,0,0,0,0,0,0,0,0,0,0,0,0,0,0,59,354,599,670,695,823,1640,2685,2852,3189,3811,4197,4082,4898,3116,5084,823,649,231,0,0,0,0,0,0,0,0,0,0,0,0,0,0,,
DVK,DVK0111,DSFL,dannevirke_solar_farm,SOL,PV,2026-07-20,0,0,0,0,0,0,0,0,0,0,0,0,0,0,0,64,289,752,2022,1694,2449,4364,1983,4132,2580,3063,2204,1500,1329,1468,1337,357,259,192,0,0,0,0,0,0,0,0,0,0,0,0,0,0,,
DVK,DVK0111,DSFL,dannevirke_solar_farm,SOL,PV,2026-07-21,0,0,0,0,0,0,0,0,0,0,0,0,0,0,0,77,738,2241,3781,4643,4646,5465,5229,5088,5056,5178,5474,5426,3069,5562,3119,3318,1365,251,14,0,0,0,0,0,0,0,0,0,0,0,0,0,,
DVK,DVK0111,DSFL,dannevirke_solar_farm,SOL,PV,2026-07-22,0,0,0,0,0,0,0,0,0,0,0,0,0,0,0,115,961,2636,4441,5418,5401,5251,5060,4917,4879,4996,5231,5490,5733,5792,5256,1974,756,185,1,0,0,0,0,0,0,0,0,0,0,0,0,0,,
DVK,DVK0111,DSFL,dannevirke_solar_farm,SOL,PV,2026-07-23,0,0,0,0,0,0,0,0,0,0,0,0,0,0,0,170,938,2728,3537,3922,3598,3889,4297,5883,5883,3308,1588,1568,2271,2226,680,896,799,210,0,0,0,0,0,0,0,0,0,0,0,0,0,0,,
DVK,DVK0111,DSFL,dannevirke_solar_farm,SOL,PV,2026-07-24,0,0,0,0,0,0,0,0,0,0,0,0,0,0,0,163,414,554,713,767,883,1043,1848,5963,6024,4098,1629,1172,503,938,685,402,164,1,0,0,0,0,0,0,0,0,0,0,0,0,0,0,,
DVK,DVK0111,DSFL,dannevirke_solar_farm,SOL,PV,2026-07-25,0,0,0,0,0,0,0,0,0,0,0,0,0,0,0,45,309,553,510,306,365,628,1407,1937,2034,2947,2533,1488,560,579,820,494,210,51,2,0,0,0,0,0,0,0,0,0,0,0,0,0,,
DVK,DVK0111,DSFL,dannevirke_solar_farm,SOL,PV,2026-07-26,0,0,0,0,0,0,0,0,0,0,0,0,0,0,0,306,738,1176,2178,2504,2838,4072,3369,3244,3506,3033,3889,5249,3578,1203,1204,1203,300,149,0,0,0,0,0,0,0,0,0,0,0,0,0,0,,
DVK,DVK0111,DSFL,dannevirke_solar_farm,SOL,PV,2026-07-27,0,0,0,0,0,0,0,0,0,0,0,0,0,0,0,165,1187,3235,5266,6197,6108,5883,5707,5604,5376,5579,5976,6480,2142,1006,1645,1207,448,235,0,0,0,0,0,0,0,0,0,0,0,0,0,0,,
DVK,DVK0111,DSFL,dannevirke_solar_farm,SOL,PV,2026-07-28,0,0,0,0,0,0,0,0,0,0,0,0,0,0,0,133,520,1386,2289,3112,3971,3639,3669,4301,3371,5098,5016,4576,3854,6336,5835,3944,2053,534,33,0,0,0,0,0,0,0,0,0,0,0,0,0,,
DVK,DVK0111,DSFL,dannevirke_solar_farm,SOL,PV,2026-07-29,0,0,0,0,0,0,0,0,0,0,0,0,0,0,0,178,1197,3357,5322,6128,6075,5850,5656,5512,5485,5642,5849,6140,6391,6603,6341,4008,2106,609,34,0,0,0,0,0,0,0,0,0,0,0,0,0,,
DVK,DVK0111,DSFL,dannevirke_solar_farm,SOL,PV,2026-07-30,0,0,0,0,0,0,0,0,0,0,0,0,0,0,0,197,664,788,1059,3996,5887,2803,3926,3594,5175,6253,7799,5466,3809,1361,1667,1218,493,248,26,0,0,0,0,0,0,0,0,0,0,0,0,0,,
DVK,DVK0111,DSFL,dannevirke_solar_farm,SOL,PV,2026-07-31,0,0,0,0,0,0,0,0,0,0,0,0,0,0,0,139,585,856,1507,1645,2330,2237,2770,1985,2687,1372,2015,1000,2628,1291,1140,740,499,164,6,0,0,0,0,0,0,0,0,0,0,0,0,0,,
DVK,DVK0111,SCAN,dannevirke_solar_farm,SOL,PV,2026-07-01,0,0,0,0,0,0,0,0,0,0,0,0,0,0,0,0,0,0,0,0,0,0,0,0,0,0,0,0,0,0,0,0,0,0,0,0,0,0,0,0,0,0,0,0,0,0,0,0,,
DVK,DVK0111,SCAN,dannevirke_solar_farm,SOL,PV,2026-07-02,0,0,0,0,0,0,0,0,0,0,0,0,0,0,0,0,0,0,0,0,0,0,0,0,0,0,0,0,0,0,0,0,0,0,0,0,0,0,0,0,0,0,0,0,0,0,0,0,,
DVK,DVK0111,SCAN,dannevirke_solar_farm,SOL,PV,2026-07-03,0,0,0,0,0,0,0,0,0,0,0,0,0,0,0,0,0,0,0,0,0,0,0,0,0,0,0,0,0,0,0,0,0,0,0,0,0,0,0,0,0,0,0,0,0,0,0,0,,
DVK,DVK0111,SCAN,dannevirke_solar_farm,SOL,PV,2026-07-04,0,0,0,0,0,0,0,0,0,0,0,0,0,0,0,0,0,0,0,0,0,0,0,0,0,0,0,0,0,0,0,0,0,0,0,0,0,0,0,0,0,0,0,0,0,0,0,0,,
DVK,DVK0111,SCAN,dannevirke_solar_farm,SOL,PV,2026-07-05,0,0,0,0,0,0,0,0,0,0,0,0,0,0,0,0,0,0,0,0,0,0,0,0,0,0,0,0,0,0,0,0,0,0,0,0,0,0,0,0,0,0,0,0,0,0,0,0,,
DVK,DVK0111,SCAN,dannevirke_solar_farm,SOL,PV,2026-07-06,0,0,0,0,0,0,0,0,0,0,0,0,0,0,0,0,0,0,0,0,0,0,0,0,0,0,0,0,0,0,0,0,0,0,0,0,0,0,0,0,0,0,0,0,0,0,0,0,,
DVK,DVK0111,SCAN,dannevirke_solar_farm,SOL,PV,2026-07-07,0,0,0,0,0,0,0,0,0,0,0,0,0,0,0,0,0,0,0,0,0,0,0,0,0,0,0,0,0,0,0,0,0,0,0,0,0,0,0,0,0,0,0,0,0,0,0,0,,
DVK,DVK0111,SCAN,dannevirke_solar_farm,SOL,PV,2026-07-08,0,0,0,0,0,0,0,0,0,0,0,0,0,0,0,0,0,0,0,0,0,0,0,0,0,0,0,0,0,0,0,0,0,0,0,0,0,0,0,0,0,0,0,0,0,0,0,0,,
DVK,DVK0111,SCAN,dannevirke_solar_farm,SOL,PV,2026-07-09,0,0,0,0,0,0,0,0,0,0,0,0,0,0,0,0,0,0,0,0,0,0,0,0,0,0,0,0,0,0,0,0,0,0,0,0,0,0,0,0,0,0,0,0,0,0,0,0,,
DVK,DVK0111,SCAN,dannevirke_solar_farm,SOL,PV,2026-07-10,0,0,0,0,0,0,0,0,0,0,0,0,0,0,0,0,0,0,0,0,0,0,0,0,0,0,0,0,0,0,0,0,0,0,0,0,0,0,0,0,0,0,0,0,0,0,0,0,,
DVK,DVK0111,SCAN,dannevirke_solar_farm,SOL,PV,2026-07-11,0,0,0,0,0,0,0,0,0,0,0,0,0,0,0,0,0,0,0,0,0,0,0,0,0,0,0,0,0,0,0,0,0,0,0,0,0,0,0,0,0,0,0,0,0,0,0,0,,
DVK,DVK0111,SCAN,dannevirke_solar_farm,SOL,PV,2026-07-12,0,0,0,0,0,0,0,0,0,0,0,0,0,0,0,0,0,0,0,0,0,0,0,0,0,0,0,0,0,0,0,0,0,0,0,0,0,0,0,0,0,0,0,0,0,0,0,0,,
DVK,DVK0111,SCAN,dannevirke_solar_farm,SOL,PV,2026-07-13,0,0,0,0,0,0,0,0,0,0,0,0,0,0,0,0,0,0,0,0,0,0,0,0,0,0,0,0,0,0,0,0,0,0,0,0,0,0,0,0,0,0,0,0,0,0,0,0,,
DVK,DVK0111,SCAN,dannevirke_solar_farm,SOL,PV,2026-07-14,0,0,0,0,0,0,0,0,0,0,0,0,0,0,0,0,0,0,0,0,0,0,0,0,0,0,0,0,0,0,0,0,0,0,0,0,0,0,0,0,0,0,0,0,0,0,0,0,,
DVK,DVK0111,SCAN,dannevirke_solar_farm,SOL,PV,2026-07-15,0,0,0,0,0,0,0,0,0,0,0,0,0,0,0,0,0,0,0,0,0,0,0,0,0,0,0,0,0,0,0,0,0,0,0,0,0,0,0,0,0,0,0,0,0,0,0,0,,
DVK,DVK0111,SCAN,dannevirke_solar_farm,SOL,PV,2026-07-16,0,0,0,0,0,0,0,0,0,0,0,0,0,0,0,0,0,0,0,0,0,0,0,0,0,0,0,0,0,0,0,0,0,0,0,0,0,0,0,0,0,0,0,0,0,0,0,0,,
DVK,DVK0111,SCAN,dannevirke_solar_farm,SOL,PV,2026-07-17,0,0,0,0,0,0,0,0,0,0,0,0,0,0,0,0,0,0,0,0,0,0,0,0,0,0,0,0,0,0,0,0,0,0,0,0,0,0,0,0,0,0,0,0,0,0,0,0,,
DVK,DVK0111,SCAN,dannevirke_solar_farm,SOL,PV,2026-07-18,0,0,0,0,0,0,0,0,0,0,0,0,0,0,0,0,0,0,0,0,0,0,0,0,0,0,0,0,0,0,0,0,0,0,0,0,0,0,0,0,0,0,0,0,0,0,0,0,,
DVK,DVK0111,SCAN,dannevirke_solar_farm,SOL,PV,2026-07-19,0,0,0,0,0,0,0,0,0,0,0,0,0,0,0,0,0,0,0,0,0,0,0,0,0,0,0,0,0,0,0,0,0,0,0,0,0,0,0,0,0,0,0,0,0,0,0,0,,
DVK,DVK0111,SCAN,dannevirke_solar_farm,SOL,PV,2026-07-20,0,0,0,0,0,0,0,0,0,0,0,0,0,0,0,0,0,0,0,0,0,0,0,0,0,0,0,0,0,0,0,0,0,0,0,0,0,0,0,0,0,0,0,0,0,0,0,0,,
DVK,DVK0111,SCAN,dannevirke_solar_farm,SOL,PV,2026-07-21,0,0,0,0,0,0,0,0,0,0,0,0,0,0,0,0,0,0,0,0,0,0,0,0,0,0,0,0,0,0,0,0,0,0,0,0,0,0,0,0,0,0,0,0,0,0,0,0,,
DVK,DVK0111,SCAN,dannevirke_solar_farm,SOL,PV,2026-07-22,0,0,0,0,0,0,0,0,0,0,0,0,0,0,0,0,0,0,0,0,0,0,0,0,0,0,0,0,0,0,0,0,0,0,0,0,0,0,0,0,0,0,0,0,0,0,0,0,,
DVK,DVK0111,SCAN,dannevirke_solar_farm,SOL,PV,2026-07-23,0,0,0,0,0,0,0,0,0,0,0,0,0,0,0,0,0,0,0,0,0,0,0,0,0,0,0,0,0,0,0,0,0,0,0,0,0,0,0,0,0,0,0,0,0,0,0,0,,
DVK,DVK0111,SCAN,dannevirke_solar_farm,SOL,PV,2026-07-24,0,0,0,0,0,0,0,0,0,0,0,0,0,0,0,0,0,0,0,0,0,0,0,0,0,0,0,0,0,0,0,0,0,0,0,0,0,0,0,0,0,0,0,0,0,0,0,0,,
DVK,DVK0111,SCAN,dannevirke_solar_farm,SOL,PV,2026-07-25,0,0,0,0,0,0,0,0,0,0,0,0,0,0,0,0,0,0,0,0,0,0,0,0,0,0,0,0,0,0,0,0,0,0,0,0,0,0,0,0,0,0,0,0,0,0,0,0,,
DVK,DVK0111,SCAN,dannevirke_solar_farm,SOL,PV,2026-07-26,0,0,0,0,0,0,0,0,0,0,0,0,0,0,0,0,0,0,0,0,0,0,0,0,0,0,0,0,0,0,0,0,0,0,0,0,0,0,0,0,0,0,0,0,0,0,0,0,,
DVK,DVK0111,SCAN,dannevirke_solar_farm,SOL,PV,2026-07-27,0,0,0,0,0,0,0,0,0,0,0,0,0,0,0,0,0,0,0,0,0,0,0,0,0,0,0,0,0,0,0,0,0,0,0,0,0,0,0,0,0,0,0,0,0,0,0,0,,
DVK,DVK0111,SCAN,dannevirke_solar_farm,SOL,PV,2026-07-28,0,0,0,0,0,0,0,0,0,0,0,0,0,0,0,0,0,0,0,0,0,0,0,0,0,0,0,0,0,0,0,0,0,0,0,0,0,0,0,0,0,0,0,0,0,0,0,0,,
DVK,DVK0111,SCAN,dannevirke_solar_farm,SOL,PV,2026-07-29,0,0,0,0,0,0,0,0,0,0,0,0,0,0,0,0,0,0,0,0,0,0,0,0,0,0,0,0,0,0,0,0,0,0,0,0,0,0,0,0,0,0,0,0,0,0,0,0,,
DVK,DVK0111,SCAN,dannevirke_solar_farm,SOL,PV,2026-07-30,0,0,0,0,0,0,0,0,0,0,0,0,0,0,0,0,0,0,0,0,0,0,0,0,0,0,0,0,0,0,0,0,0,0,0,0,0,0,0,0,0,0,0,0,0,0,0,0,,
DVK,DVK0111,SCAN,dannevirke_solar_farm,SOL,PV,2026-07-31,0,0,0,0,0,0,0,0,0,0,0,0,0,0,0,0,0,0,0,0,0,0,0,0,0,0,0,0,0,0,0,0,0,0,0,0,0,0,0,0,0,0,0,0,0,0,0,0,,
EDG,EDG0331,HEDL,Rangitaiki,Solar,Solar,2026-07-01,0,0,0,0,0,0,0,0,0,0,0,0,0,0,0,239,1644,3988,6369,8160,8139,7772,7388,7101,6950,6999,7212,7527,7843,7813,6340,4012,1774,308,5,0,0,0,0,0,0,0,0,0,0,0,0,0,,
EDG,EDG0331,HEDL,Rangitaiki,Solar,Solar,2026-07-02,0,0,0,0,0,0,0,0,0,0,0,0,0,0,0,241,1659,4026,6381,8204,8202,7859,7481,7189,7039,7116,7339,7612,7874,7867,6450,4182,1835,316,6,0,0,0,0,0,0,0,0,0,0,0,0,0,,
EDG,EDG0331,HEDL,Rangitaiki,Solar,Solar,2026-07-03,0,0,0,0,0,0,0,0,0,0,0,0,0,0,0,167,1218,3976,6381,8124,8116,7798,7454,7166,6995,7035,7461,8236,3932,2110,3999,2362,806,263,1,0,0,0,0,0,0,0,0,0,0,0,0,0,,
EDG,EDG0331,HEDL,Rangitaiki,Solar,Solar,2026-07-04,0,0,0,0,0,0,0,0,0,0,0,0,0,0,0,211,1583,4009,6344,8136,8064,7701,7196,7033,3092,3035,4379,5512,5894,2784,1550,1860,1197,297,0,0,0,0,0,0,0,0,0,0,0,0,0,0,,
EDG,EDG0331,HEDL,Rangitaiki,Solar,Solar,2026-07-05,0,0,0,0,0,0,0,0,0,0,0,0,0,0,0,2,9,13,231,457,719,2406,3150,7156,6930,7011,5257,7576,8051,8085,6304,4101,1807,316,4,0,0,0,0,0,0,0,0,0,0,0,0,0,,
EDG,EDG0331,HEDL,Rangitaiki,Solar,Solar,2026-07-06,0,0,0,0,0,0,0,0,0,0,0,0,0,0,0,0,130,104,751,1055,872,1468,1944,1883,3019,2031,2189,4367,7301,2830,1683,566,546,146,0,0,0,0,0,0,0,0,0,0,0,0,0,0,,
EDG,EDG0331,HEDL,Rangitaiki,Solar,Solar,2026-07-07,0,0,0,0,0,0,0,0,0,0,0,0,0,0,0,191,722,895,1389,2675,2227,1932,2555,2783,2062,2427,1286,1558,563,127,31,185,94,105,1,0,0,0,0,0,0,0,0,0,0,0,0,0,,
EDG,EDG0331,HEDL,Rangitaiki,Solar,Solar,2026-07-08,0,0,0,0,0,0,0,0,0,0,0,0,0,0,0,149,754,1396,2500,2306,2126,2510,5593,6599,6360,6352,5480,4921,3509,2447,6132,3454,2152,422,15,0,0,0,0,0,0,0,0,0,0,0,0,0,,
EDG,EDG0331,HEDL,Rangitaiki,Solar,Solar,2026-07-09,0,0,0,0,0,0,0,0,0,0,0,0,0,0,3,287,719,1062,1272,2019,3374,5197,4020,4896,5061,4712,4760,4194,3919,4022,1945,1576,1031,179,2,0,0,0,0,0,0,0,0,0,0,0,0,0,,
EDG,EDG0331,HEDL,Rangitaiki,Solar,Solar,2026-07-10,0,0,0,0,0,0,0,0,0,0,0,0,0,0,0,207,1156,3736,6438,8191,8229,7906,7554,7029,4745,5199,6529,7167,7942,8212,6874,3048,817,194,10,0,0,0,0,0,0,0,0,0,0,0,0,0,,
EDG,EDG0331,HEDL,Rangitaiki,Solar,Solar,2026-07-11,0,0,0,0,0,0,0,0,0,0,0,0,0,0,0,328,1922,4409,6862,8565,8505,8126,7722,7433,7314,7390,7587,7871,8172,8247,7078,4864,2637,580,20,0,0,0,0,0,0,0,0,0,0,0,0,0,,
EDG,EDG0331,HEDL,Rangitaiki,Solar,Solar,2026-07-12,0,0,0,0,0,0,0,0,0,0,0,0,0,0,0,313,1901,4351,6784,8532,8486,8131,7742,7446,7268,7286,7474,7781,8078,8159,7050,4785,2344,496,20,0,0,0,0,0,0,0,0,0,0,0,0,0,,
EDG,EDG0331,HEDL,Rangitaiki,Solar,Solar,2026-07-13,0,0,0,0,0,0,0,0,0,0,0,0,0,0,0,359,2317,3958,5966,4535,7955,8032,7626,7356,7199,7277,7508,7423,7644,7256,5160,1547,615,379,3,0,0,0,0,0,0,0,0,0,0,0,0,0,,
EDG,EDG0331,HEDL,Rangitaiki,Solar,Solar,2026-07-14,0,0,0,0,0,0,0,0,0,0,0,0,0,0,0,147,872,1463,4470,8000,4101,3198,2551,3028,3491,4879,3884,4940,8167,7953,4918,2428,1734,370,33,0,0,0,0,0,0,0,0,0,0,0,0,0,,
EDG,EDG0331,HEDL,Rangitaiki,Solar,Solar,2026-07-15,0,0,0,0,0,0,0,0,0,0,0,0,0,0,0,310,1847,4257,6592,8132,8100,7736,6847,6984,6134,5498,3455,3225,2564,4464,3720,4995,2476,533,25,0,0,0,0,0,0,0,0,0,0,0,0,0,,
EDG,EDG0331,HEDL,Rangitaiki,Solar,Solar,2026-07-16,0,0,0,0,0,0,0,0,0,0,0,0,0,0,0,217,682,4078,5310,5130,8620,6774,4087,7183,7174,7635,7657,8004,9019,4609,1899,2626,2819,878,32,0,0,0,0,0,0,0,0,0,0,0,0,0,,
EDG,EDG0331,HEDL,Rangitaiki,Solar,Solar,2026-07-17,0,0,0,0,0,0,0,0,0,0,0,0,0,0,1,380,2030,4459,6859,8466,8350,7895,7692,7392,7313,7413,7554,7845,8079,8124,7102,4828,2393,594,39,0,0,0,0,0,0,0,0,0,0,0,0,0,,
EDG,EDG0331,HEDL,Rangitaiki,Solar,Solar,2026-07-18,0,0,0,0,0,0,0,0,0,0,0,0,0,0,5,478,2165,4620,6984,8534,8489,8156,7823,7561,7458,7516,7755,8095,8435,8471,7534,5154,2650,673,31,0,0,0,0,0,0,0,0,0,0,0,0,0,,
EDG,EDG0331,HEDL,Rangitaiki,Solar,Solar,2026-07-19,0,0,0,0,0,0,0,0,0,0,0,0,0,0,12,449,2198,4696,7084,8617,8526,8173,7866,7648,7495,7527,7755,8054,8352,8455,7503,5175,2699,696,37,0,0,0,0,0,0,0,0,0,0,0,0,0,,
EDG,EDG0331,HEDL,Rangitaiki,Solar,Solar,2026-07-20,0,0,0,0,0,0,0,0,0,0,0,0,0,0,33,590,784,1122,2577,6022,4444,4369,4840,5396,6209,8329,6707,4071,2721,3535,3469,2696,1093,622,20,0,0,0,0,0,0,0,0,0,0,0,0,0,,
EDG,EDG0331,HEDL,Rangitaiki,Solar,Solar,2026-07-21,0,0,0,0,0,0,0,0,0,0,0,0,0,0,1,594,2235,4590,6995,8652,8599,8290,7937,7629,7505,7539,7782,6806,8430,8655,6441,3625,1690,839,226,0,0,0,0,0,0,0,0,0,0,0,0,0,,
EDG,EDG0331,HEDL,Rangitaiki,Solar,Solar,2026-07-22,0,0,0,0,0,0,0,0,0,0,0,0,0,0,5,199,549,4337,7174,8694,8638,8325,7998,7739,7550,7578,7751,8011,8308,8384,7440,5188,2839,828,65,0,0,0,0,0,0,0,0,0,0,0,0,0,,
EDG,EDG0331,HEDL,Rangitaiki,Solar,Solar,2026-07-23,0,0,0,0,0,0,0,0,0,0,0,0,0,0,13,559,2406,4930,7311,8769,8698,8495,8138,7847,7629,7250,7575,8192,7895,8464,6578,1402,874,794,78,0,0,0,0,0,0,0,0,0,0,0,0,0,,
EDG,EDG0331,HEDL,Rangitaiki,Solar,Solar,2026-07-24,0,0,0,0,0,0,0,0,0,0,0,0,0,0,2,222,1092,4728,6228,2777,2909,2984,3991,3396,3536,4052,3651,4086,4478,4054,3394,5180,2395,298,1,0,0,0,0,0,0,0,0,0,0,0,0,0,,
EDG,EDG0331,HEDL,Rangitaiki,Solar,Solar,2026-07-25,0,0,0,0,0,0,0,0,0,0,0,0,0,0,1,188,404,1007,1858,3600,8959,6491,8729,5838,6542,7620,4272,7563,8563,8924,7526,4085,1013,527,179,0,0,0,0,0,0,0,0,0,0,0,0,0,,
EDG,EDG0331,HEDL,Rangitaiki,Solar,Solar,2026-07-26,0,0,0,0,0,0,0,0,0,0,0,0,0,0,52,783,1024,1229,1604,2112,3538,3132,3212,5557,4053,3730,3847,5209,3289,2158,1708,1352,735,263,46,0,0,0,0,0,0,0,0,0,0,0,0,0,,
EDG,EDG0331,HEDL,Rangitaiki,Solar,Solar,2026-07-27,0,0,0,0,0,0,0,0,0,0,0,0,0,0,27,738,2814,5467,8029,9441,9326,8910,8562,8337,8135,8125,8197,8535,8867,8951,8296,5994,3413,1102,94,0,0,0,0,0,0,0,0,0,0,0,0,0,,
EDG,EDG0331,HEDL,Rangitaiki,Solar,Solar,2026-07-28,0,0,0,0,0,0,0,0,0,0,0,0,0,0,31,876,2898,5540,8099,9396,9276,8918,8562,8288,8112,8116,8284,8538,8805,8912,8256,6299,3618,1125,135,0,0,0,0,0,0,0,0,0,0,0,0,0,,
EDG,EDG0331,HEDL,Rangitaiki,Solar,Solar,2026-07-29,0,0,0,0,0,0,0,0,0,0,0,0,0,0,33,758,2871,5478,7965,9111,9074,8754,8396,6762,6057,7326,7756,6529,6644,9613,7876,4716,3547,1069,125,0,0,0,0,0,0,0,0,0,0,0,0,0,,
EDG,EDG0331,HEDL,Rangitaiki,Solar,Solar,2026-07-30,0,0,0,0,0,0,0,0,0,0,0,0,0,0,2,252,923,1704,2158,2837,4774,8528,8374,8078,8030,8172,8281,8785,8704,8962,8180,5960,3424,1095,83,0,0,0,0,0,0,0,0,0,0,0,0,0,,
EDG,EDG0331,HEDL,Rangitaiki,Solar,Solar,2026-07-31,0,0,0,0,0,0,0,0,0,0,0,0,0,0,11,756,3260,5529,8010,9110,9012,6206,3225,2154,4568,6899,4721,3703,8424,7916,8231,5562,3796,1212,132,0,0,0,0,0,0,0,0,0,0,0,0,0,,
GLN,GLN0332,NZST,glenbrook_kilns,Gas,Cogen,2026-07-01,30974,30369,30402,30336,30102,30185,30291,30214,30312,30294,30403,30458,30506,29883,30383,30659,30724,30730,31282,30235,31531,31177,31517,31839,31896,32013,31854,31845,31341,31178,31736,31870,31675,31696,31625,31595,31904,31989,31931,32120,31874,31791,31864,31747,31699,31746,31470,31393,,
GLN,GLN0332,NZST,glenbrook_kilns,Gas,Cogen,2026-07-02,31603,31817,31792,31722,31581,31710,31869,31753,31864,31871,32067,31610,31640,31594,31549,30940,31701,31654,31493,32397,32142,31812,31952,31262,31213,31393,31604,31651,31704,31247,30570,31959,31838,31452,31228,32199,32820,32390,32505,31350,31275,31101,30924,30786,30636,30790,30756,30641,,
GLN,GLN0332,NZST,glenbrook_kilns,Gas,Cogen,2026-07-03,31454,31353,31334,31504,31361,31264,31306,31232,31054,31181,30821,30765,30785,30828,30874,31048,33011,34499,34380,33591,31653,31468,31664,31484,31375,31415,31532,31561,31632,31581,31603,31584,31774,31867,31924,32042,31713,32690,32501,32530,32431,32321,32140,32035,32293,32156,32092,32348,,
GLN,GLN0332,NZST,glenbrook_kilns,Gas,Cogen,2026-07-04,32509,32620,32530,32416,32553,32505,32466,32372,32478,32381,32407,32373,32176,31994,31875,31840,31880,30549,31040,30869,31305,30762,30655,31175,31362,31251,31253,31337,31534,31309,31216,31638,31586,31666,31669,31829,31806,31959,32002,32148,31860,31491,31810,31883,31682,31928,31980,31786,,
GLN,GLN0332,NZST,glenbrook_kilns,Gas,Cogen,2026-07-05,32061,31951,31944,31814,31509,31535,31488,31396,31839,31641,31512,31795,31865,31921,31665,31675,31506,30727,30296,30014,30195,30172,29881,29942,30638,30525,31283,30759,31894,32200,32093,31969,31827,32137,32129,32344,32216,32381,32087,31950,32326,32150,32532,31770,31889,32263,32136,32321,,
GLN,GLN0332,NZST,glenbrook_kilns,Gas,Cogen,2026-07-06,32473,32577,28615,25429,17043,11746,11605,11587,11645,11696,11353,10856,11768,11738,11811,11782,11862,11327,11517,11305,11130,10787,11818,11563,11603,11857,12037,11846,11816,11733,11899,12097,12268,12037,11905,11511,11282,14273,16029,16309,16307,16637,16552,16492,16438,16320,16040,19563,,
GLN,GLN0332,NZST,glenbrook_kilns,Gas,Cogen,2026-07-07,22184,22323,22395,22653,22714,22840,22449,22253,22661,22583,22858,22640,22846,22931,22438,22173,22095,21534,21603,22154,21845,22262,22432,22063,21171,21759,21093,21144,21260,21217,21109,20863,20398,20628,20447,20503,20469,20686,20340,20063,20326,19374,19133,19552,19981,21313,22642,23394,,
GLN,GLN0332,NZST,glenbrook_kilns,Gas,Cogen,2026-07-08,23968,23872,20067,19072,18814,19025,19049,19529,19943,20350,16864,10827,10658,10601,10790,10095,11073,10970,10820,10706,10848,9901,11188,11590,11433,11108,10874,11042,11219,11512,11020,12464,12078,11651,11413,11254,11212,10725,11182,10979,11146,11232,11224,11292,11289,11231,11141,11238,,
GLN,GLN0332,NZST,glenbrook_kilns,Gas,Cogen,2026-07-09,11460,11390,11365,11308,11186,10980,11406,11740,11865,10837,12918,13149,13468,13436,13857,14666,18530,20596,20572,20454,20723,19810,19825,19422,19595,20239,20455,20398,20160,19980,20166,21182,16372,0,0,0,0,0,0,0,598,4829,5553,5907,10066,10415,12036,12429,,
GLN,GLN0332,NZST,glenbrook_kilns,Gas,Cogen,2026-07-10,13985,19036,18570,18777,18595,17643,18451,18030,17659,18362,18067,18438,18470,17873,18194,17670,18541,17641,17633,17016,17979,17472,17689,17948,18167,17735,17568,17648,19027,21847,24392,26671,26596,26953,26429,26900,27530,27711,28722,29521,28689,28593,29072,29536,29907,29115,29441,29267,,
GLN,GLN0332,NZST,glenbrook_kilns,Gas,Cogen,2026-07-11,28832,28371,28226,28125,28585,28396,28198,27929,27795,27753,27981,28934,28606,28776,28445,27865,28185,28078,28234,28521,28071,28126,28468,28677,29306,28789,29178,29133,29085,29479,29176,28912,29119,28880,28877,28823,29038,29412,27689,26433,27598,29750,29539,29387,29255,29129,29167,29037,,
GLN,GLN0332,NZST,glenbrook_kilns,Gas,Cogen,2026-07-12,29140,29217,29262,29007,29130,28813,28815,28684,28553,28014,28019,28107,28235,28383,28687,28380,28830,28495,27925,28305,28311,28488,28603,28625,29147,28971,28538,28871,28836,28258,28642,28706,28598,28326,28202,28370,28142,28354,28243,28228,27810,28169,27870,28144,28476,28072,28026,28030,,
GLN,GLN0332,NZST,glenbrook_kilns,Gas,Cogen,2026-07-13,27949,28228,28187,27805,27585,27515,28041,27980,27484,27406,27602,28085,28185,28141,28127,28099,27704,28257,28692,29225,26525,22570,21211,20845,21173,20026,21528,22386,22200,21870,21813,22418,22085,21986,22174,22657,21976,21843,22001,22255,22253,22364,22243,22344,22198,22029,22126,22079,,
GLN,GLN0332,NZST,glenbrook_kilns,Gas,Cogen,2026-07-14,22179,22130,22172,22054,22010,21913,22034,21930,21830,21633,21712,20539,17859,17644,17566,17345,17295,16760,16958,17652,17457,17503,18382,18583,17933,17900,17918,17726,17896,17821,17831,19931,20932,21000,20846,21149,21072,20967,20624,20546,20292,20271,20364,20478,20585,20585,17947,17493,,
GLN,GLN0332,NZST,glenbrook_kilns,Gas,Cogen,2026-07-15,18081,18984,19760,19975,20056,20144,20221,20262,20110,20262,15721,11779,11699,11565,11717,12097,12146,11641,11484,10691,11433,11705,11785,11606,12154,11616,12361,12278,12443,12523,12741,12740,12546,12636,12513,12144,12106,12117,12109,12083,12163,12166,12050,11766,11291,11661,13151,14041,,
GLN,GLN0332,NZST,glenbrook_kilns,Gas,Cogen,2026-07-16,14796,14929,14963,14887,14980,14899,15086,14809,14383,16352,19549,19508,19855,21259,21572,21789,21816,21408,22324,21685,22387,21697,22057,22494,22503,22647,22478,22303,22178,22309,22769,22506,22413,22409,22248,22248,22149,22202,22156,22130,22089,22278,22064,21691,21624,21380,21310,21410,,
GLN,GLN0332,NZST,glenbrook_kilns,Gas,Cogen,2026-07-17,21288,20851,20494,20404,20836,21375,22271,22980,23332,23240,23110,23387,23228,23163,21874,19563,19422,18936,19115,18206,18878,19033,19094,19203,19486,19352,19409,20258,21831,21527,21300,22019,22242,21892,22247,22111,22159,21944,21817,21885,22218,22006,22100,22117,22041,22126,22104,22394,,
GLN,GLN0332,NZST,glenbrook_kilns,Gas,Cogen,2026-07-18,22421,22366,22438,22222,22177,21967,22221,22261,22157,22042,22006,21879,22379,22486,22660,22837,22841,22910,22816,22660,23013,23094,23046,22957,22215,22795,23158,23068,22971,22739,23168,23311,23313,23404,23369,23290,23628,23357,23634,23742,23914,23997,24054,23719,23209,23202,23264,23264,,
GLN,GLN0332,NZST,glenbrook_kilns,Gas,Cogen,2026-07-19,23199,23297,23104,23078,23073,22962,23044,22979,22941,22986,22818,22862,22952,22672,22587,22775,22581,22615,23259,21785,22656,22557,22531,21908,21946,22627,22570,22544,22657,22696,23002,23104,23128,23104,22862,22959,22919,23746,23359,22617,21016,13995,13919,15507,22134,23596,23925,23814,,
GLN,GLN0332,NZST,glenbrook_kilns,Gas,Cogen,2026-07-20,23825,23805,23918,23833,23790,23701,23695,23653,23495,23534,23533,23674,23670,23651,23545,23447,23649,23649,24410,24356,24085,23652,23407,23374,23953,23872,23786,23694,23646,23731,23906,23706,23635,23601,23531,23353,23241,23140,23193,23375,23103,21916,21812,21788,22122,21912,21754,22635,,
GLN,GLN0332,NZST,glenbrook_kilns,Gas,Cogen,2026-07-21,23598,23021,20447,19907,19901,19992,20060,19962,20078,20175,19752,18216,18351,18191,18312,18252,18437,18399,18309,18606,18568,18388,18635,18968,18378,19208,18823,18616,18589,18497,18706,18625,18697,18751,18495,18725,18856,18821,19159,18956,18927,18874,18892,18818,19527,20008,19619,19807,,
GLN,GLN0332,NZST,glenbrook_kilns,Gas,Cogen,2026-07-22,20005,19761,19721,19928,20225,22010,21839,21780,21806,21899,22282,21932,21709,22417,22541,22703,22884,21491,22672,21562,21796,21988,26051,26557,26532,27243,27871,28054,28704,27112,23317,20322,17726,17422,17136,17187,17228,17164,16972,19143,20010,20354,19863,23215,24090,20681,20332,23368,,
GLN,GLN0332,NZST,glenbrook_kilns,Gas,Cogen,2026-07-23,28123,28018,25772,25752,25631,25553,25459,25540,25356,25504,25632,24930,18271,17697,17657,18027,18087,18064,18065,17423,18039,18365,18646,18355,18780,18895,19281,19234,18602,18261,18106,17986,17831,17324,17142,17194,17108,17286,17263,17179,16405,16451,16864,17159,16997,17325,17169,17475,,
GLN,GLN0332,NZST,glenbrook_kilns,Gas,Cogen,2026-07-24,17505,17184,20224,21505,21778,22066,21962,21968,21907,22041,22194,22264,22219,22318,22280,22229,22266,22149,22441,22168,24026,23555,23416,22161,22105,22668,22722,23206,16841,14735,14844,14892,14852,14504,14445,14180,18986,20738,20473,20745,21090,21369,21810,22131,21890,22316,22019,22234,,
GLN,GLN0332,NZST,glenbrook_kilns,Gas,Cogen,2026-07-25,22350,22316,22296,22072,22289,22291,22387,22591,22393,22115,22279,22288,22414,22046,21956,22023,21730,21718,20922,20526,22682,22115,21991,22060,22148,21836,21933,21619,21529,21995,22119,21870,21958,21912,21802,21968,21892,21780,21665,21577,21462,21506,21383,21234,21183,21066,21092,21214,,
GLN,GLN0332,NZST,glenbrook_kilns,Gas,Cogen,2026-07-26,21287,21503,21342,21315,21112,20689,20168,20063,20260,21235,22282,22746,19656,19365,18653,18137,17743,17580,17619,18466,18157,17355,17476,17764,18269,18111,18345,21149,21564,20762,20920,21049,21131,21429,21523,21604,21667,21603,21452,21693,21578,23163,22304,21657,21823,22255,22493,22523,,
GLN,GLN0332,NZST,glenbrook_kilns,Gas,Cogen,2026-07-27,22555,22306,22115,22073,22152,22486,22559,22589,22465,22419,22225,22280,22237,22282,22214,23414,24623,23672,21936,22127,22584,22105,22115,21872,22395,22469,22410,22430,22229,22192,22365,22345,22154,22253,21868,22199,24259,24485,24470,24386,24549,23881,22441,22717,22475,22295,21377,20856,,
GLN,GLN0332,NZST,glenbrook_kilns,Gas,Cogen,2026-07-28,20655,23707,26900,27428,27360,27297,27426,27674,28094,28911,28755,28569,28218,28346,31592,32400,32326,31449,31502,31141,28802,29302,29395,28477,28149,27349,27418,27546,27457,28477,27557,28393,28631,28569,28531,28616,31072,32942,32901,33040,32054,29309,29451,29171,29303,29350,29246,29202,,
GLN,GLN0332,NZST,glenbrook_kilns,Gas,Cogen,2026-07-29,29457,29517,29565,29416,29471,29557,29777,29805,30030,29892,28903,29378,29686,29529,29661,29610,28522,28176,28408,27859,27607,28817,29001,28685,28541,28731,29417,30183,30024,30157,29703,29369,30205,30448,30255,30353,30261,29771,29860,29539,29339,29609,29747,29680,29520,29957,30271,30208,,
GLN,GLN0332,NZST,glenbrook_kilns,Gas,Cogen,2026-07-30,27568,20405,20383,20319,20067,20259,20008,20058,20010,19927,19875,22485,22760,22484,22507,22376,22046,23163,19948,18832,19694,19342,19677,19097,19975,20126,20278,19951,19489,19197,19622,19474,19528,19410,19416,19562,19613,19352,19343,19632,19503,19359,19716,22443,22282,21653,21411,22194,,
GLN,GLN0332,NZST,glenbrook_kilns,Gas,Cogen,2026-07-31,22653,22761,22799,23149,23261,28036,29268,29068,29067,29217,29608,29971,29592,29231,29207,28864,29716,29459,28973,27763,28716,28673,29373,30005,29988,28592,29364,28938,30246,29451,29483,29324,29263,29277,29286,29479,29860,30056,30250,30219,29694,29868,29766,29765,29468,29097,29017,29154,,
GOR,GOR0331,TPCO,KaiweraDowns,Wind,Wind,2026-07-01,0,0,0,41,28,134,391,142,154,281,882,1106,646,313,1363,3146,4344,5123,7027,8003,7714,7181,6606,3091,1030,537,696,712,411,252,229,751,318,16,64,763,1311,1817,2081,2740,2107,2131,2947,1961,3190,4041,4048,3873,,
GOR,GOR0331,TPCO,KaiweraDowns,Wind,Wind,2026-07-02,4914,4878,9947,11129,11698,10099,5796,2090,1338,1688,2110,3200,3182,3621,4208,3616,6159,4673,4821,7858,7447,3844,5492,5505,3773,2687,4481,3409,2031,1524,1170,1588,2081,2859,3965,7211,5991,8678,9784,8700,9026,9821,5334,2772,938,1718,2343,3749,,
GOR,GOR0331,TPCO,KaiweraDowns,Wind,Wind,2026-07-03,5977,6812,6755,6742,6247,5849,4731,3658,3100,5352,3521,4399,5680,6838,7766,11559,15942,14266,11762,11709,12401,11660,8855,8143,7495,6394,5051,5726,9930,14868,11663,13135,13808,16014,13529,13615,13521,14676,15347,19443,19512,20091,20107,20000,19950,20092,20206,20003,,
GOR,GOR0331,TPCO,KaiweraDowns,Wind,Wind,2026-07-04,19934,16156,14170,13306,10876,7302,6456,9923,13745,12652,14711,18764,11170,5271,9273,12978,8708,1137,3530,1616,37,2076,15624,5968,4326,1647,2355,3651,3590,5682,6257,5378,3871,2129,791,780,419,266,5137,15791,8998,7214,9090,3543,1879,1549,1669,844,,
GOR,GOR0331,TPCO,KaiweraDowns,Wind,Wind,2026-07-05,268,515,361,98,269,503,7939,17971,19088,18901,18234,17485,19361,14341,8083,7462,6818,5080,3578,4915,6207,4359,5744,5308,3191,2485,17010,15560,13722,15455,12914,18678,18204,14185,12824,4082,6921,8165,16623,13619,10554,14941,14220,15328,13428,7276,3929,3131,,
GOR,GOR0331,TPCO,KaiweraDowns,Wind,Wind,2026-07-06,9189,2676,2480,2481,2481,2480,1748,2434,2482,2907,4471,2682,4035,5583,3215,1793,898,2996,1758,3512,3387,3434,2941,5304,5249,2037,3337,3505,2176,869,970,713,1896,2289,2988,3997,4512,3772,2557,3052,5083,5061,3819,4358,3523,3691,3581,6141,,
GOR,GOR0331,TPCO,KaiweraDowns,Wind,Wind,2026-07-07,6592,5325,4013,5085,5975,5663,6151,6370,6291,5091,6276,6666,8340,10643,9368,8532,8344,9357,11624,16251,16114,16301,17088,18637,19596,18343,16709,13973,15185,18436,17783,18881,17456,17170,18155,17241,18380,19229,19661,19260,16717,9319,5311,33,85,181,524,65,,
GOR,GOR0331,TPCO,KaiweraDowns,Wind,Wind,2026-07-08,958,428,0,0,0,0,336,2219,3010,5976,12020,13931,13912,16343,7295,4898,1227,851,289,227,1111,912,1895,1020,2281,1862,720,797,3251,7677,8549,8505,12077,15566,13861,12668,7768,6990,4139,3181,2101,1105,734,1354,1110,733,1273,373,,
GOR,GOR0331,TPCO,KaiweraDowns,Wind,Wind,2026-07-09,197,287,1,0,0,0,0,0,0,0,0,0,0,0,0,0,0,0,0,0,0,0,0,0,0,0,0,0,0,0,0,0,0,0,0,0,0,0,0,0,0,0,0,0,0,0,112,237,,
GOR,GOR0331,TPCO,KaiweraDowns,Wind,Wind,2026-07-10,388,175,530,179,0,0,0,0,0,0,0,0,0,0,10,0,0,0,0,0,0,0,0,0,0,0,0,0,0,0,0,0,0,0,468,576,375,1032,1301,1877,2075,1497,1414,1398,1525,1422,2005,1882,,
GOR,GOR0331,TPCO,KaiweraDowns,Wind,Wind,2026-07-11,2186,1510,810,1144,721,307,204,156,106,271,226,339,680,73,17,39,12,12,44,37,0,0,0,0,0,0,0,0,0,0,0,0,0,1,74,310,269,3,54,87,318,1020,2247,3075,3982,5376,5629,4079,,
GOR,GOR0331,TPCO,KaiweraDowns,Wind,Wind,2026-07-12,1432,18,0,0,0,24,4,217,904,684,297,26,0,3,304,25,114,164,130,224,321,1239,1944,1329,1716,1925,1653,2212,2746,2367,2222,3792,4500,4298,5841,7766,9807,8804,8398,8730,8838,8635,8312,8122,6308,7696,7924,7547,,
GOR,GOR0331,TPCO,KaiweraDowns,Wind,Wind,2026-07-13,8574,10707,10765,11932,12866,14129,14334,18687,19769,19876,20041,19911,20251,20239,20224,20305,20315,20314,20301,20140,18225,13328,7193,3957,3686,2202,651,1081,349,44,2086,3255,1605,3094,4464,2632,3034,2589,3352,3692,1610,2340,2771,2938,3094,2576,2462,4837,,
GOR,GOR0331,TPCO,KaiweraDowns,Wind,Wind,2026-07-14,4172,2735,4089,3886,4256,5502,4101,5415,7247,9331,12039,11880,13395,11282,8742,12719,16684,16035,18446,15002,10058,9856,8426,4330,6168,14817,17196,11499,7005,7425,16365,17468,10371,11512,12656,12416,10639,17864,16507,15672,13298,6577,11812,13432,11908,14214,12061,15742,,
GOR,GOR0331,TPCO,KaiweraDowns,Wind,Wind,2026-07-15,11067,16853,17157,14908,7983,2479,2479,2479,3949,2515,2479,4541,5593,7922,4311,3114,2770,3283,4167,1015,1774,3671,2956,2479,2479,4139,3812,2471,1977,2436,2116,2525,1542,1649,3089,2481,2099,3512,5902,7256,9855,11938,11018,13925,9157,7863,15165,5992,,
GOR,GOR0331,TPCO,KaiweraDowns,Wind,Wind,2026-07-16,10216,17028,17477,13317,13353,2543,2484,2490,2483,2485,6199,9394,12145,12445,12158,3973,2578,2950,2484,2485,2486,2486,2487,2489,17898,20325,20317,5618,5068,13879,20100,19666,10212,9087,2894,7437,2867,2479,2480,2479,2479,2479,2479,2479,2478,2478,2478,2480,,
GOR,GOR0331,TPCO,KaiweraDowns,Wind,Wind,2026-07-17,2481,14317,11699,2535,2481,2482,2480,2480,2480,2478,7886,7524,2565,9050,8323,10550,10497,9476,9399,5006,2479,2478,2479,2479,2479,2479,2479,2479,2479,2479,11118,6497,8635,12064,4064,12078,6557,10990,5450,4677,3678,3712,12671,7124,4900,2480,8041,2480,,
GOR,GOR0331,TPCO,KaiweraDowns,Wind,Wind,2026-07-18,2479,2479,2479,2482,2479,2480,2480,2480,2480,2479,2480,2479,2485,2481,2479,2479,5175,2973,4521,2754,5434,3646,2479,2479,2479,2479,4718,5655,8288,6170,2693,1831,3942,8916,9069,12004,11615,4941,3662,7179,4242,3664,6435,8545,15766,7544,2480,6976,,
GOR,GOR0331,TPCO,KaiweraDowns,Wind,Wind,2026-07-19,3249,6101,9226,9676,9243,7181,2594,2479,2479,2479,2479,6797,5152,2667,2479,2479,2479,2479,2479,2479,8678,15153,18172,16759,17898,17512,12245,13559,3890,12820,16884,13626,11894,13560,13025,11438,10757,7805,9592,7979,7708,7698,6464,6631,7690,6453,5189,3507,,
GOR,GOR0331,TPCO,KaiweraDowns,Wind,Wind,2026-07-20,3310,5685,5712,4031,6035,2478,2478,2478,4330,3211,3311,2648,1742,1472,980,755,806,679,416,319,56,0,0,0,0,0,0,0,0,0,0,550,71,992,3337,4324,2161,929,563,257,1217,1475,2237,3184,3353,3116,2708,4048,,
GOR,GOR0331,TPCO,KaiweraDowns,Wind,Wind,2026-07-21,4897,4446,5610,8573,9091,9850,12039,15064,15934,16382,13715,14281,14254,13417,13703,13331,15540,17047,16498,14540,12750,12586,6953,9606,17870,6184,16174,14579,13308,8429,2479,6148,6765,8878,11652,10530,10710,8297,8451,12518,9628,6795,8444,5709,4018,4065,4726,8219,,
GOR,GOR0331,TPCO,KaiweraDowns,Wind,Wind,2026-07-22,12842,16813,15190,15883,15057,14726,17063,13675,10508,15829,10039,10444,12280,8626,9731,11403,12043,7487,6994,4349,3073,1925,1493,1062,1211,405,356,11,0,0,0,0,0,258,706,847,2010,1810,3365,4002,5161,6568,6785,6288,6826,6115,5818,6129,,
GOR,GOR0331,TPCO,KaiweraDowns,Wind,Wind,2026-07-23,6649,6016,7514,9509,9998,10281,9064,7738,4660,4180,3367,4415,6659,9286,4857,5050,4005,3383,2660,5917,5425,4344,4518,3570,2338,1824,2374,1192,1640,970,729,1484,1027,407,464,453,1455,2307,1636,3349,4888,3272,4644,5670,4413,6475,3215,3456,,
GOR,GOR0331,TPCO,KaiweraDowns,Wind,Wind,2026-07-24,3603,2739,2291,2804,7521,2484,2479,2481,2480,2481,2479,4183,6861,4895,1969,3794,4803,5056,1985,3283,2486,771,909,373,211,21,246,1024,447,583,390,57,184,114,95,47,443,1299,1949,338,11310,16377,18313,19223,20109,17058,16927,19546,,
GOR,GOR0331,TPCO,KaiweraDowns,Wind,Wind,2026-07-25,13473,6871,8079,15276,11710,8497,13430,2575,9542,6320,14871,13584,8702,15242,6810,9914,6527,3432,1298,2027,2123,837,489,657,577,2347,1746,1608,2992,1470,466,150,478,95,188,459,543,762,560,632,1584,2092,3159,2844,2697,4065,5045,4805,,
GOR,GOR0331,TPCO,KaiweraDowns,Wind,Wind,2026-07-26,4013,5020,2555,2947,1654,1868,4537,3945,2307,3354,6898,9928,10351,9043,10512,8123,10793,9742,9799,9582,10217,5599,3267,6423,4769,5110,6633,8547,9565,11997,10983,9483,10215,11722,8545,8551,8628,6479,8905,4687,3569,2642,1903,2673,3531,3099,3246,3997,,
GOR,GOR0331,TPCO,KaiweraDowns,Wind,Wind,2026-07-27,4752,4786,6511,8841,7535,9290,9424,6498,5990,5572,5251,5012,4729,6157,6706,5153,4534,6974,8497,6908,5690,5826,6617,4749,4097,2839,2380,987,986,1541,2188,1468,1965,2316,5512,2196,2765,2235,2836,2475,5665,12753,13996,11998,14022,12929,14666,14571,,
GOR,GOR0331,TPCO,KaiweraDowns,Wind,Wind,2026-07-28,13459,12363,9838,4722,2993,1811,2901,3520,1984,2669,7948,16512,13511,10365,6391,5450,3608,3869,4443,2834,1406,528,180,315,550,289,1014,1251,793,383,651,824,195,311,127,211,618,1978,4518,6404,5761,4366,3008,3237,2967,3020,2570,2670,,
GOR,GOR0331,TPCO,KaiweraDowns,Wind,Wind,2026-07-29,1979,2400,2419,2845,3702,5810,5235,7384,6761,6712,5801,6365,4037,3927,3592,3723,4441,3978,2818,1431,1929,2106,1363,1234,1192,934,663,597,404,68,479,1729,2602,2673,1317,1505,474,837,675,643,982,1350,624,47,0,0,112,1092,,
GOR,GOR0331,TPCO,KaiweraDowns,Wind,Wind,2026-07-30,2450,2585,3462,3990,3910,4213,5645,8844,10249,9699,11064,10531,8384,7345,9379,11590,14888,13772,18092,18341,18968,19147,18241,15720,2480,2479,3676,8243,2519,2479,8754,8925,4624,3665,2046,604,288,721,861,995,1163,1561,2861,3819,5437,4811,5209,4251,,
GOR,GOR0331,TPCO,KaiweraDowns,Wind,Wind,2026-07-31,2757,2209,3711,8090,8007,2937,6232,2481,2574,3535,12039,6589,12193,12499,2836,2493,20014,12544,2496,3750,3706,2499,14884,17847,14594,8087,17950,4621,2485,4940,8148,14046,13996,18884,18697,18691,17173,14218,15329,14762,15829,17902,17618,13879,13359,8827,8641,5687,,
HLY,HLY0331,WAIK,rotohiko,ELE,BAT,2026-07-01,0,0,0,0,0,0,0,0,0,0,0,0,0,0,0,0,0,0,0,0,0,3201,1121,1977,2780,2807,2439,1792,494,0,0,0,0,0,0,0,0,0,0,0,0,0,0,0,0,0,0,0,,
HLY,HLY0331,WAIK,rotohiko,ELE,BAT,2026-07-02,0,0,0,0,0,0,0,0,0,0,0,0,0,0,0,0,0,0,0,0,203,3481,1951,1920,2325,2704,3179,2271,517,0,0,0,0,0,0,0,0,0,0,0,0,0,0,0,0,0,0,0,,
HLY,HLY0331,WAIK,rotohiko,ELE,BAT,2026-07-03,0,0,0,0,0,0,0,0,0,0,0,0,0,0,0,0,0,0,0,0,0,0,0,1024,2174,3389,3738,2723,2297,571,0,0,0,0,0,0,0,0,0,0,0,0,0,0,0,0,0,0,,
HLY,HLY0331,WAIK,rotohiko,ELE,BAT,2026-07-04,0,0,0,0,0,0,0,0,0,0,0,0,0,0,0,0,0,0,0,0,0,2469,2995,3302,4182,2316,3687,4063,1969,1659,290,0,0,0,0,0,0,0,0,0,0,0,0,0,0,0,0,0,,
HLY,HLY0331,WAIK,rotohiko,ELE,BAT,2026-07-05,0,0,0,0,0,0,0,0,0,0,0,0,0,0,0,0,0,0,0,94,1462,3071,2951,2493,5322,4860,2303,1633,629,1304,418,0,0,0,0,0,0,0,0,0,0,0,0,0,0,0,0,0,,
HLY,HLY0331,WAIK,rotohiko,ELE,BAT,2026-07-06,0,0,0,0,0,0,0,0,0,0,0,0,0,0,0,0,0,0,0,0,1261,4055,4459,4840,1896,4093,3003,294,2715,1256,0,0,0,0,0,0,0,0,0,0,0,0,0,0,0,0,0,0,,
HLY,HLY0331,WAIK,rotohiko,ELE,BAT,2026-07-07,0,0,0,0,0,0,0,0,0,0,0,0,0,0,0,0,0,0,0,0,0,0,0,0,0,61,62,56,0,0,0,0,0,0,0,0,0,0,0,0,0,0,0,0,0,0,0,0,,
HLY,HLY0331,WAIK,rotohiko,ELE,BAT,2026-07-08,0,0,0,0,0,0,0,0,0,0,0,0,0,0,0,0,0,0,0,0,0,3466,1775,3286,3852,3779,3677,3664,2867,1491,85,0,0,0,0,0,0,0,0,0,0,0,0,0,0,0,0,0,,
HLY,HLY0331,WAIK,rotohiko,ELE,BAT,2026-07-09,0,0,0,0,0,0,0,0,0,0,0,0,0,0,0,0,0,0,0,0,0,0,0,1,1198,1106,5142,2277,249,0,0,0,0,0,0,0,0,0,0,0,0,0,0,0,0,0,0,0,,
HLY,HLY0331,WAIK,rotohiko,ELE,BAT,2026-07-10,0,0,0,0,0,0,0,0,0,0,0,0,0,0,0,0,0,0,0,169,1431,5463,4480,4666,5439,5087,4912,3904,2561,938,230,0,0,0,0,0,0,0,0,0,0,0,0,0,0,0,0,0,,
HLY,HLY0331,WAIK,rotohiko,ELE,BAT,2026-07-11,0,0,0,0,0,0,0,0,0,0,0,0,0,0,0,0,0,0,0,129,1740,5404,4606,5537,6022,6185,5483,4535,3861,2603,791,0,0,0,0,0,0,0,0,0,0,0,0,0,0,0,0,0,,
HLY,HLY0331,WAIK,rotohiko,ELE,BAT,2026-07-12,0,0,0,0,0,0,0,0,0,0,0,0,0,0,0,0,0,0,0,0,486,2501,4059,4958,5509,5775,5573,4921,3888,2351,419,0,0,0,0,0,0,0,0,0,0,0,0,0,0,0,0,0,,
HLY,HLY0331,WAIK,rotohiko,ELE,BAT,2026-07-13,0,0,0,0,0,0,0,0,0,0,0,0,0,0,0,0,0,0,0,0,0,25,960,3033,3711,3764,1773,239,778,1076,0,0,0,0,0,0,0,0,0,0,0,0,0,0,0,0,0,0,,
HLY,HLY0331,WAIK,rotohiko,ELE,BAT,2026-07-14,0,0,0,0,0,0,0,0,0,0,0,0,0,0,0,0,0,0,0,0,0,100,30,294,942,2575,1363,2029,2010,943,117,0,0,0,0,0,0,0,0,0,0,0,0,0,0,0,0,0,,
HLY,HLY0331,WAIK,rotohiko,ELE,BAT,2026-07-15,0,0,0,0,0,0,0,0,0,0,0,0,0,0,0,0,0,0,0,0,74,416,1021,71,0,0,0,0,0,0,0,0,0,0,0,0,0,0,0,0,0,0,0,0,0,0,0,0,,
HLY,HLY0331,WAIK,rotohiko,ELE,BAT,2026-07-16,0,0,0,0,0,0,0,0,0,0,0,0,0,0,0,0,0,0,0,0,0,822,1400,1269,1176,515,1557,196,476,446,0,0,0,0,0,0,0,0,0,0,0,0,0,0,0,0,0,0,,
HLY,HLY0331,WAIK,rotohiko,ELE,BAT,2026-07-17,0,0,0,0,0,0,0,0,0,0,0,0,0,0,0,0,0,0,0,0,0,0,0,0,0,0,0,0,0,0,0,0,0,0,0,0,0,0,0,0,0,0,0,0,0,0,0,0,,
HLY,HLY0331,WAIK,rotohiko,ELE,BAT,2026-07-18,0,0,0,0,0,0,0,0,0,0,0,0,0,0,0,0,0,0,0,0,0,0,0,0,610,984,614,1359,19,0,0,0,0,0,0,0,0,0,0,0,0,0,0,0,0,0,0,0,,
HLY,HLY0331,WAIK,rotohiko,ELE,BAT,2026-07-19,0,0,0,0,0,0,0,0,0,0,0,0,0,0,0,0,0,0,43,90,77,0,939,140,4199,6384,5410,5398,1224,92,0,0,0,0,0,0,0,0,0,0,0,0,0,0,0,0,0,0,,
HLY,HLY0331,WAIK,rotohiko,ELE,BAT,2026-07-20,0,0,0,0,0,0,0,0,0,0,0,0,0,0,0,0,0,0,0,0,0,1071,1575,0,0,0,0,0,0,0,0,0,0,0,0,0,0,0,0,0,0,0,0,0,0,0,0,0,,
HLY,HLY0331,WAIK,rotohiko,ELE,BAT,2026-07-21,0,0,0,0,0,0,0,0,0,0,0,0,0,0,0,0,0,0,0,0,402,3267,3922,6768,6940,5720,5016,2682,3640,2821,908,523,0,0,0,0,0,0,0,0,0,0,0,0,0,0,0,0,,
HLY,HLY0331,WAIK,rotohiko,ELE,BAT,2026-07-22,0,0,0,0,0,0,0,0,0,0,0,0,0,0,0,0,0,0,0,0,0,0,357,81,148,390,59,659,2122,85,0,0,0,0,0,0,0,0,0,0,0,0,0,0,0,0,0,0,,
HLY,HLY0331,WAIK,rotohiko,ELE,BAT,2026-07-23,0,0,0,0,0,0,0,0,0,0,0,0,0,0,0,0,0,0,0,0,0,0,0,0,0,0,0,0,0,0,0,0,0,0,0,0,0,0,0,0,0,0,0,0,0,0,0,0,,
HLY,HLY0331,WAIK,rotohiko,ELE,BAT,2026-07-24,0,0,0,0,0,0,0,0,0,0,0,0,0,0,0,0,0,0,0,0,116,183,1256,2021,617,0,0,0,0,0,0,0,0,0,0,0,0,0,0,0,0,0,0,0,0,0,0,0,,
HLY,HLY0331,WAIK,rotohiko,ELE,BAT,2026-07-25,0,0,0,0,0,0,0,0,0,0,0,0,0,0,0,0,0,0,0,0,398,1309,1554,1144,378,48,607,1386,912,297,76,0,0,0,0,0,0,0,0,0,0,0,0,0,0,0,0,0,,
HLY,HLY0331,WAIK,rotohiko,ELE,BAT,2026-07-26,0,0,0,0,0,0,0,0,0,0,0,0,0,0,0,0,0,0,0,0,0,693,12,0,0,0,0,0,0,0,0,0,0,0,0,0,0,0,0,0,0,0,0,0,0,0,0,0,,
HLY,HLY0331,WAIK,rotohiko,ELE,BAT,2026-07-27,0,0,0,0,0,0,0,0,0,0,0,0,0,0,0,0,0,0,0,0,760,4763,5203,6714,6365,6696,6708,4155,4062,487,0,0,0,0,0,0,0,0,0,0,0,0,0,0,0,0,0,0,,
HLY,HLY0331,WAIK,rotohiko,ELE,BAT,2026-07-28,0,0,0,0,0,0,0,0,0,0,0,0,0,0,0,0,0,0,0,0,0,3289,4656,5394,6523,6613,6895,5564,3477,2223,302,0,0,0,0,0,0,0,0,0,0,0,0,0,0,0,0,0,,
HLY,HLY0331,WAIK,rotohiko,ELE,BAT,2026-07-29,0,0,0,0,0,0,0,0,0,0,0,0,0,0,0,0,0,0,0,0,450,4697,5079,6472,5865,7363,7299,5383,2643,921,87,0,0,0,0,0,0,0,0,0,0,0,0,0,0,0,0,0,,
HLY,HLY0331,WAIK,rotohiko,ELE,BAT,2026-07-30,0,0,0,0,0,0,0,0,0,0,0,0,0,0,0,0,0,0,0,0,0,2769,4598,5700,4903,1859,3921,5235,2265,491,521,0,0,0,0,0,0,0,0,0,0,0,0,0,0,0,0,0,,
HLY,HLY0331,WAIK,rotohiko,ELE,BAT,2026-07-31,0,0,0,0,0,0,0,0,0,0,0,0,0,0,0,0,0,0,6,4,1414,4652,744,4086,2186,3117,1634,3898,3416,1022,0,0,0,0,0,0,0,0,0,0,0,0,0,0,0,0,0,0,,
HLY,HLY2201,GENE,huntly_1_4,Coal,Thrml,2026-07-01,42433,26620,25788,25958,25897,26023,26239,26136,27295,28154,41365,56339,96720,113869,137948,163784,167552,147628,105966,91633,89932,90028,90090,81059,68785,65041,65181,65414,65566,65256,65366,65578,76837,79947,97481,115134,120103,128816,120645,119799,119498,105705,101557,102268,86204,56303,42646,27447,,
HLY,HLY2201,GENE,huntly_1_4,Coal,Thrml,2026-07-02,26529,26724,26632,26629,26695,26811,26936,26928,27500,28940,42428,60242,93075,119175,122672,121703,135988,127905,121812,105118,91317,79715,76588,77258,75667,76686,77299,75942,75939,76417,76251,75178,75907,87183,100104,111348,143859,152334,152240,152021,133135,107896,84682,70155,46828,30394,4164,0,,
HLY,HLY2201,GENE,huntly_1_4,Coal,Thrml,2026-07-03,0,0,0,0,0,0,0,0,0,0,0,20683,47394,68431,71944,87405,111752,80218,70791,50209,26717,25444,25755,25856,25938,25980,26061,26089,26031,26034,26434,26001,26036,38015,50432,67874,71210,71006,70793,55077,50209,50473,50518,51146,51223,51122,42398,29711,,
HLY,HLY2201,GENE,huntly_1_4,Coal,Thrml,2026-07-04,4113,0,0,0,0,0,0,0,0,0,0,0,0,0,20688,48443,61603,62343,61482,61288,61328,61167,61182,52446,50530,42008,40189,40416,40709,49652,60238,65465,78083,85881,89527,97274,97892,97772,97798,90295,86178,80973,68411,60694,51594,50469,33430,3627,,
HLY,HLY2201,GENE,huntly_1_4,Coal,Thrml,2026-07-05,0,0,0,0,0,0,0,0,0,0,0,0,0,0,0,0,21866,47949,51639,51890,50861,50594,50497,50391,50113,50521,50508,50479,50379,50379,59274,60239,68987,73511,76618,83815,87817,87930,84551,75745,75173,70561,70151,70139,54784,49819,33321,3494,,
HLY,HLY2201,GENE,huntly_1_4,Coal,Thrml,2026-07-06,0,0,0,0,0,0,0,0,0,0,0,21879,47260,51992,51316,50951,50705,50398,50614,50730,50555,50665,50731,50751,50538,50711,50892,59103,54021,58231,45294,48765,51338,68457,68904,70329,70307,70234,70396,70366,70290,70490,71374,70702,52787,50050,32655,3216,,
HLY,HLY2201,GENE,huntly_1_4,Coal,Thrml,2026-07-07,0,0,0,0,0,0,0,0,0,0,0,20424,46076,51064,50705,50357,55445,55107,60933,54768,67848,71117,70996,61918,50195,56333,70459,62090,60404,60436,60374,69065,68881,81254,80842,104422,99232,83082,65165,68585,72752,67957,61064,53435,52615,50890,32795,3245,,
HLY,HLY2201,GENE,huntly_1_4,Coal,Thrml,2026-07-08,0,0,0,0,0,0,0,0,0,0,0,21940,47263,52002,67383,71114,70817,70714,70669,70511,55252,49835,37795,35060,35394,35378,35564,26518,25745,25966,25858,34422,35956,48564,51936,67749,70834,70771,70616,70630,70622,70608,70607,70648,54784,49876,32089,3162,,
HLY,HLY2201,GENE,huntly_1_4,Coal,Thrml,2026-07-09,0,0,0,0,0,0,0,0,0,0,0,20162,46675,52198,68053,71820,71462,71345,71261,71263,71652,55167,49930,51198,51512,50607,51091,42896,40355,40699,49865,51853,68009,80782,81691,81675,81356,81600,81489,81374,81433,81401,81367,72226,54631,50108,32895,3051,,
HLY,HLY2201,GENE,huntly_1_4,Coal,Thrml,2026-07-10,0,0,0,0,0,0,0,0,0,0,0,0,0,0,0,0,18720,48027,61140,61877,61415,61267,52099,41001,39792,40208,40289,40532,40620,40490,40787,40735,40570,49100,67472,85713,88341,88221,88083,87899,88096,88020,87937,87745,75490,58382,34439,3807,,
HLY,HLY2201,GENE,huntly_1_4,Coal,Thrml,2026-07-11,0,0,0,0,0,0,4526,8255,12099,16954,23152,31662,40000,49978,51518,51506,51390,51364,44263,41320,30104,26106,26257,26199,26246,26240,25967,26035,26124,26156,34420,48271,61068,84056,89884,100720,107499,111739,114836,114781,103318,88264,82790,64143,64552,56113,52428,38665,,
HLY,HLY2201,GENE,huntly_1_4,Coal,Thrml,2026-07-12,5743,0,0,0,0,0,0,0,0,0,0,0,16420,48974,54105,70500,86892,88210,87935,85320,73067,67639,66120,53996,41976,28983,28753,28865,28942,28926,35231,55253,74354,96000,119245,162309,184139,149058,101638,100442,117106,107443,113502,85842,69247,35155,3636,0,,
HLY,HLY2201,GENE,huntly_1_4,Coal,Thrml,2026-07-13,0,0,0,0,0,0,0,0,0,0,0,17800,48334,52478,52954,50756,65882,71235,71616,58246,52487,43652,31195,26872,26613,26359,26345,26333,26353,26352,26328,26344,37093,50385,66767,71843,71869,71862,71858,71823,56978,51767,51804,51857,51989,38388,5352,0,,
HLY,HLY2201,GENE,huntly_1_4,Coal,Thrml,2026-07-14,0,0,0,0,0,0,0,0,0,0,0,0,13222,39881,41485,41475,41436,41392,41344,41391,30290,26321,26464,26374,26406,26422,26375,26403,26381,26345,26300,26299,37472,49558,51291,66473,71449,71405,71419,56096,50988,51089,51202,51226,51404,37342,4756,0,,
HLY,HLY2201,GENE,huntly_1_4,Coal,Thrml,2026-07-15,0,0,0,0,0,0,0,0,0,0,0,0,12410,45425,51438,51266,51334,51213,51186,42446,29919,26554,26431,26273,26280,26292,26320,26281,26291,26197,26191,26153,36590,49425,65536,79658,80847,80828,80815,80873,80872,72074,62316,61358,52559,36989,4670,0,,
HLY,HLY2201,GENE,huntly_1_4,Coal,Thrml,2026-07-16,0,0,0,0,0,0,0,0,0,0,0,0,19626,40519,40708,49625,51066,51057,42327,41035,29966,26056,26091,26075,26944,26926,26890,26881,26897,26853,26330,25999,26038,37709,49813,51210,51222,51207,51168,51158,51165,51191,51852,37518,4808,0,0,0,,
HLY,HLY2201,GENE,huntly_1_4,Coal,Thrml,2026-07-17,0,0,0,0,0,0,0,0,0,0,0,0,18412,40741,42427,42726,42124,41844,41733,30101,26226,26268,26310,26300,26253,26380,27025,27152,27346,26871,26746,26720,26673,26664,26718,26666,26716,26731,26695,26761,27718,4832,0,0,0,0,0,0,,
HLY,HLY2201,GENE,huntly_1_4,Coal,Thrml,2026-07-18,0,0,0,0,0,0,0,0,0,0,0,0,0,0,0,10861,38975,40942,41249,42160,42175,42148,42107,42077,42067,30951,27067,26501,26296,26308,26309,26303,26386,26374,26379,26464,26736,26739,26740,26718,26733,26688,26871,27479,27448,28257,5578,0,,
HLY,HLY2201,GENE,huntly_1_4,Coal,Thrml,2026-07-19,0,0,0,0,0,0,0,0,0,0,0,0,3718,7536,10501,16905,22201,31876,39481,49881,45867,40683,28044,25201,25655,25993,25989,26232,26284,26569,27040,26405,38869,41997,41713,41181,41572,41666,41001,41114,41020,40983,29954,25970,27210,3889,0,0,,
HLY,HLY2201,GENE,huntly_1_4,Coal,Thrml,2026-07-20,0,0,0,0,0,0,0,0,0,0,0,21696,48639,52480,56222,60918,61316,61311,61006,60380,57150,47195,41724,41466,42402,41488,41989,42245,41609,41181,41019,41098,40956,49679,56320,85354,102358,102240,101955,101827,74917,50615,50371,42473,40445,29273,3586,0,,
HLY,HLY2201,GENE,huntly_1_4,Coal,Thrml,2026-07-21,0,0,0,0,0,0,0,0,0,0,0,16181,46639,76807,100894,115418,115267,97712,73232,70494,70450,55639,40970,39702,27852,25451,25523,25596,25615,25645,25959,27040,39313,50204,76744,100390,101659,103411,101262,101442,101123,79647,78969,56686,50532,51880,34370,3531,,
HLY,HLY2201,GENE,huntly_1_4,Coal,Thrml,2026-07-22,0,0,0,0,0,0,0,0,0,0,0,20824,48260,58417,76025,78206,79762,76634,75609,75130,73338,58233,51841,52694,52638,52496,52340,52396,52425,52548,52834,69147,73829,80381,80707,92289,92566,92233,92103,91998,91964,91575,78566,66580,59510,66991,54004,33153,,
HLY,HLY2201,GENE,huntly_1_4,Coal,Thrml,2026-07-23,3790,0,0,0,0,0,0,0,0,0,0,23094,48809,52835,80385,97841,96763,71325,66696,64358,61654,52969,62938,60730,42913,41900,40483,40886,40171,40499,40860,40894,49537,51312,51208,61393,66285,66635,65857,65785,64826,65122,53573,50530,42869,27732,3072,0,,
HLY,HLY2201,GENE,huntly_1_4,Coal,Thrml,2026-07-24,0,0,0,0,0,0,0,0,0,0,0,0,19102,48307,60653,70326,71385,55966,49965,42310,28278,26135,26688,26875,26824,26193,25565,25680,25795,25577,25506,25553,38264,49846,51439,59785,61039,60872,60799,60764,60601,51527,49919,50100,50986,32337,3178,0,,
HLY,HLY2201,GENE,huntly_1_4,Coal,Thrml,2026-07-25,0,0,0,0,0,0,0,0,0,0,0,0,0,0,0,19678,47887,51710,51072,50784,50716,50790,42124,40058,40556,27474,25836,26034,26003,26037,26068,26077,38495,50243,60838,74480,88602,90662,78589,63511,51882,50863,52423,53135,44325,42610,43720,29987,,
HLY,HLY2201,GENE,huntly_1_4,Coal,Thrml,2026-07-26,3523,0,0,0,0,0,0,0,0,0,0,0,0,0,0,17136,48817,52667,51496,51224,42553,40551,28194,25583,26340,26266,29323,40784,41889,50127,51795,51237,51670,67341,70916,85518,101823,104057,104068,91129,76768,70928,72301,57469,52026,45569,42644,31376,,
HLY,HLY2201,GENE,huntly_1_4,Coal,Thrml,2026-07-27,3848,0,0,0,0,1183,5286,9267,16277,19841,35289,69717,99720,130235,152059,170551,162276,139631,135176,114456,92221,77009,74682,76121,75092,76528,76022,76463,76437,76004,75879,75973,77921,103211,127960,147758,176586,168053,160622,162817,140674,128976,128722,112051,93333,78202,60745,56920,,
HLY,HLY2201,GENE,huntly_1_4,Coal,Thrml,2026-07-28,47029,44272,44236,44893,49573,52164,53665,57181,61128,63680,75852,96397,134085,171642,216552,233062,232967,191043,135819,124180,110604,101330,103190,102856,102103,101938,102480,103340,102960,103286,102714,102725,103694,133960,166973,197175,203822,203297,202837,168047,165763,148798,127587,90318,59744,48840,52506,51654,,
HLY,HLY2201,GENE,huntly_1_4,Coal,Thrml,2026-07-29,51759,47890,46973,47155,47503,47533,47172,47851,48879,49043,49718,64988,115046,153859,181798,187226,187597,158130,131610,121670,104890,79114,75842,69387,54303,51453,33374,27686,27666,28018,27862,27699,39127,40701,48318,50854,51083,50612,51221,51577,50974,51302,50816,50539,53404,34441,3610,0,,
HLY,HLY2201,GENE,huntly_1_4,Coal,Thrml,2026-07-30,0,0,0,0,0,0,0,0,0,0,0,21746,48898,61624,75400,78194,77625,72866,57234,41849,41255,41844,42085,29957,26335,26703,26912,27043,27092,27070,27094,27090,27132,27138,27133,27520,27282,27252,28495,28192,28060,27987,27948,27776,3887,0,0,0,,
HLY,HLY2201,GENE,huntly_1_4,Coal,Thrml,2026-07-31,0,0,0,0,0,0,0,0,0,0,0,14404,46732,52707,52525,52364,52251,52150,43557,28612,26267,26678,26803,26947,27050,27000,26489,26478,26467,26343,26209,26255,26289,26261,26244,38769,50575,51970,51546,51435,51400,51284,43699,28172,3519,0,0,0,,
HLY,HLY2201,GENE,huntly_p40,Gas,Thrml,2026-07-01,0,0,0,0,0,0,0,0,0,0,0,0,0,0,0,0,0,0,0,0,0,0,0,0,0,0,0,0,0,0,0,0,0,0,0,19403,23148,23221,23329,22618,22848,1458,0,0,0,0,0,0,,
HLY,HLY2201,GENE,huntly_p40,Gas,Thrml,2026-07-02,0,0,0,0,0,0,0,0,0,0,0,0,19389,22543,22504,22563,22561,22462,22331,23027,22905,1282,0,0,0,0,0,0,0,0,0,0,0,0,0,0,0,0,0,0,0,0,0,0,0,0,0,0,,
HLY,HLY2201,GENE,huntly_p40,Gas,Thrml,2026-07-03,0,0,0,0,0,0,0,0,0,0,0,0,18776,22742,22661,22686,22738,22755,22727,22580,1623,0,0,0,0,0,0,0,0,0,0,0,0,0,0,18605,23161,23264,23295,23352,22576,22707,22767,1153,0,0,0,0,,
HLY,HLY2201,GENE,huntly_p40,Gas,Thrml,2026-07-05,0,0,0,0,0,0,0,0,0,0,0,0,0,0,0,0,0,0,0,0,0,0,0,0,0,0,0,0,0,0,0,18122,22014,22059,22191,22248,22303,22239,22303,22253,1461,0,0,0,0,0,0,0,,
HLY,HLY2201,GENE,huntly_p40,Gas,Thrml,2026-07-06,0,0,0,0,0,0,0,0,0,0,0,0,0,0,0,0,0,0,0,0,0,0,0,0,0,0,0,0,0,0,0,0,0,19812,22070,22078,22117,22153,22160,22208,22258,22304,1880,0,0,0,0,0,,
HLY,HLY2201,GENE,huntly_p40,Gas,Thrml,2026-07-07,0,0,0,0,0,0,0,0,0,0,0,0,17725,22557,22539,22480,22463,22398,22359,22380,2432,0,0,0,0,0,0,0,0,0,0,0,0,17705,22028,22108,22138,22107,22102,22135,22155,22109,1062,0,0,0,0,0,,
HLY,HLY2201,GENE,huntly_p40,Gas,Thrml,2026-07-11,0,0,0,0,0,0,0,0,0,0,0,0,0,0,0,0,0,0,0,0,0,0,0,0,0,0,0,0,0,0,0,0,0,0,20593,23048,22293,22406,22538,22630,22747,1457,0,0,0,0,0,0,,
HLY,HLY2201,GENE,huntly_p40,Gas,Thrml,2026-07-13,0,0,0,0,0,0,0,0,0,0,0,0,20041,22170,22184,22324,22537,21975,22136,1228,0,0,0,0,0,0,0,0,0,0,0,0,0,0,0,0,0,0,0,0,0,0,0,0,0,0,0,0,,
HLY,HLY2201,GENE,huntly_p40,Gas,Thrml,2026-07-21,0,0,0,0,0,0,0,0,0,0,0,0,19645,22529,22571,22606,22602,22533,22415,1554,0,0,0,0,0,0,0,0,0,0,0,0,0,0,0,0,0,0,0,0,0,0,0,0,0,0,0,0,,
HLY,HLY2201,GENE,huntly_p40,Gas,Thrml,2026-07-22,0,0,0,0,0,0,0,0,0,0,0,0,20201,22674,22723,22874,22801,22748,22682,2687,0,0,0,0,0,0,0,0,0,0,0,0,0,0,0,18967,22725,22782,22808,22868,22890,22980,23041,2462,0,0,0,0,,
HLY,HLY2201,GENE,huntly_p40,Gas,Thrml,2026-07-26,0,0,0,0,0,0,0,0,0,0,0,0,0,0,0,0,0,0,0,0,0,0,0,0,0,0,0,0,0,0,0,0,0,0,20039,22652,22696,22731,22827,22922,22764,22196,1414,0,0,0,0,0,,
HLY,HLY2201,GENE,huntly_p40,Gas,Thrml,2026-07-27,0,0,0,0,0,0,0,0,0,0,0,0,0,0,18798,22383,22306,22164,2017,0,0,0,0,0,0,0,0,0,0,0,0,0,0,0,20224,22946,23013,23055,23078,2356,0,0,0,0,0,0,0,0,,
HLY,HLY2201,GENE,huntly_p40,Gas,Thrml,2026-07-28,0,0,0,0,0,0,0,0,0,0,0,0,0,0,15816,22746,22771,22719,1779,0,0,0,0,0,0,0,0,0,0,0,0,0,0,0,19748,23068,22416,22489,22639,1287,0,0,0,0,0,0,0,0,,
HLY,HLY2201,GENE,huntly_p40,Gas,Thrml,2026-07-29,0,0,0,0,0,0,0,0,0,0,0,0,0,20119,22474,22491,22457,22297,1791,0,0,0,0,0,0,0,0,0,0,0,0,0,0,0,19467,22887,22967,23032,23090,23199,23107,22435,22614,22617,1306,0,0,0,,
HRP,HRP2201,MERI,Harapaki,Wind,Wind,2026-07-01,512,1833,3319,4322,2621,1436,1483,2143,1659,1113,355,644,543,864,2338,3154,2382,3359,3882,2599,1496,1040,184,134,557,883,971,1408,1462,736,429,1588,3210,4134,3030,2228,1379,625,222,699,1097,2828,3404,3238,2763,2230,2581,3828,,
HRP,HRP2201,MERI,Harapaki,Wind,Wind,2026-07-02,4295,4879,7594,8414,10432,10008,9771,14815,21207,22841,22077,21019,16738,13980,12055,9797,8156,6088,4019,4025,4870,2982,2778,2192,2490,3441,5850,8624,8261,8068,8469,9437,9048,9320,13290,12480,13650,16891,14618,12302,11547,12729,15416,18509,19337,19293,27563,18954,,
HRP,HRP2201,MERI,Harapaki,Wind,Wind,2026-07-03,16402,15932,17772,21399,24680,24365,29269,28383,23393,23963,19700,13571,11069,10422,7898,2863,2094,2216,1233,216,14,0,305,4002,8837,7501,6423,3424,1933,2138,2111,2737,4146,6342,4342,2183,4210,1826,1308,1039,1396,2716,4630,6155,12885,17959,22227,28496,,
HRP,HRP2201,MERI,Harapaki,Wind,Wind,2026-07-04,28664,24864,25574,48140,55414,57505,59597,60166,60378,62183,59798,54835,67513,69915,60449,57738,61424,65921,72010,70121,64305,65971,69330,78434,84234,83514,77343,69464,67397,70482,81890,78364,80792,82589,82971,81278,81852,80031,82358,84933,85570,85941,85270,86568,86715,86741,86556,86173,,
HRP,HRP2201,MERI,Harapaki,Wind,Wind,2026-07-05,86683,86582,86768,85967,83894,84387,80702,73815,65189,67073,41940,51232,59511,54811,62953,74887,74484,83760,85684,72431,67197,73418,70774,60210,50746,40580,33664,25350,22590,27063,27601,20712,25868,30002,36151,41122,41992,37217,34350,31083,22646,19380,12141,11994,11910,14307,15926,11478,,
HRP,HRP2201,MERI,Harapaki,Wind,Wind,2026-07-06,8210,7082,7335,2486,1791,803,467,115,3102,9386,3083,4978,6245,4713,5609,5774,10672,9230,9920,10382,2143,18611,19407,13010,14732,18193,15153,4545,5047,12525,2482,413,1759,11598,11765,10156,4474,2597,2104,235,4,8,1,0,0,34,496,1388,,
HRP,HRP2201,MERI,Harapaki,Wind,Wind,2026-07-07,1771,2660,7257,9942,13357,3266,8190,7839,11077,6618,7872,5646,2510,2786,3809,10110,11205,15072,8487,11268,8765,6800,6543,3440,4481,3238,4622,6868,5307,2172,3657,4245,2490,3248,8612,4918,7808,8228,8686,6250,3305,4563,5924,5406,6012,2658,2968,6953,,
HRP,HRP2201,MERI,Harapaki,Wind,Wind,2026-07-08,7985,7735,8001,11828,12721,15001,15043,14029,11221,13345,15569,14980,15123,16838,12207,10661,12597,15848,20098,15552,10675,19107,28012,24647,23901,17994,13855,17854,13999,20028,21433,40473,38153,58594,57058,60755,58682,58942,70407,69924,67135,72427,64962,60154,53951,43651,48970,58467,,
HRP,HRP2201,MERI,Harapaki,Wind,Wind,2026-07-09,58971,63053,61645,63006,66662,73123,58545,55763,69665,81723,83893,84296,84721,82871,84974,83615,83703,82928,83819,84225,81851,79358,80049,80137,77749,74615,74610,75477,77769,78605,75938,76730,74710,75516,72901,70998,69822,70951,71975,74877,78378,76602,78189,77721,76621,75841,78514,81033,,
HRP,HRP2201,MERI,Harapaki,Wind,Wind,2026-07-10,78827,76217,74258,71283,68720,69981,71119,74465,68660,66884,69808,78762,76948,73763,73600,72188,63544,63617,66474,64845,65155,59328,62486,60703,58286,61449,58035,68563,52801,48657,52249,44961,45463,56507,65544,67156,61407,51983,40122,39265,36705,31830,31483,23323,20226,18967,15561,12897,,
HRP,HRP2201,MERI,Harapaki,Wind,Wind,2026-07-11,8893,8390,5913,5190,5878,7080,10059,10599,11134,12246,13804,15097,16056,14237,12757,10682,11297,14170,10860,11428,9475,8836,8053,7418,8782,6287,6382,8935,9825,9280,3662,9564,11135,17372,16747,18833,22709,21820,20685,19298,22663,25361,23388,17083,9592,9255,5708,5031,,
HRP,HRP2201,MERI,Harapaki,Wind,Wind,2026-07-12,4914,1976,463,38,0,0,0,0,0,0,0,0,0,3,143,27,0,0,0,0,0,0,1,353,760,1388,2947,2358,873,1505,1171,1423,2316,3278,4370,5979,8414,11394,12149,15599,18406,19448,22603,24351,27730,29347,36461,48210,,
HRP,HRP2201,MERI,Harapaki,Wind,Wind,2026-07-13,47188,51784,53353,59612,60415,52548,41312,46715,43356,49557,53147,50679,51037,53973,51193,46565,42542,42495,49612,51923,55005,60086,62636,53192,53896,69643,76107,76877,75589,71383,86041,85372,85842,86344,86941,86902,86778,86463,86239,85524,84775,86519,86896,86581,86393,84461,83469,84762,,
HRP,HRP2201,MERI,Harapaki,Wind,Wind,2026-07-14,85468,84980,85546,83098,84926,85401,84758,84991,85543,85629,84887,83472,83754,83109,85856,86185,84281,85671,85140,76782,83962,84006,83621,82686,83224,80937,82539,82913,79827,74168,59171,58803,63096,54444,30188,30622,32645,28300,43863,54982,50418,43986,47941,44828,48904,55048,59618,56448,,
HRP,HRP2201,MERI,Harapaki,Wind,Wind,2026-07-15,54525,63347,61462,59262,64840,61817,60804,43672,51234,50290,48435,51845,42672,36150,30853,26639,19128,15872,15638,14971,18926,19508,15168,12855,18505,12353,10883,6271,4549,2050,1707,4909,5038,3446,6154,4476,5941,7982,10020,10737,12731,15935,27450,29141,28585,27458,22856,23604,,
HRP,HRP2201,MERI,Harapaki,Wind,Wind,2026-07-16,24853,23066,16935,15676,27326,36473,46391,53607,59257,62437,55538,53907,50502,57411,61391,64817,67867,74405,67168,59461,72618,75832,70016,52713,50131,33504,36368,30341,24498,24370,19920,9719,5064,2209,1801,165,7562,28676,26536,18597,14451,4947,889,8185,26596,30281,32151,26842,,
HRP,HRP2201,MERI,Harapaki,Wind,Wind,2026-07-17,29783,8714,1902,1165,5643,4918,2875,3718,5994,7076,6877,6692,3743,2875,2594,2799,553,533,191,220,36,1,1465,5118,3724,5802,7087,6086,6333,8750,8929,4429,2385,518,1,0,303,1799,3098,3575,4230,1796,642,769,1148,778,2510,1750,,
HRP,HRP2201,MERI,Harapaki,Wind,Wind,2026-07-18,1763,2163,4716,7284,12377,17609,16689,17135,24556,19103,17347,15605,12075,19484,22759,30377,28963,13786,5378,6371,6758,8356,5639,2824,1594,2967,5156,5964,6582,9707,8111,4204,3506,5111,8823,18408,15950,13647,15885,13382,26672,32209,34926,38778,32612,24504,44125,56414,,
HRP,HRP2201,MERI,Harapaki,Wind,Wind,2026-07-19,56417,42337,35008,24005,21707,21123,45173,41810,34146,24578,25581,20877,7737,7081,22666,23184,19440,33235,23549,13336,5686,1416,548,106,275,2358,7357,7093,3995,4260,7759,12301,16219,14278,8398,5477,6456,7483,8671,4386,2568,2231,5311,6529,8468,7553,8589,11832,,
HRP,HRP2201,MERI,Harapaki,Wind,Wind,2026-07-20,11595,8837,9687,14123,10261,8350,9367,7960,6534,5261,4775,6308,4985,1987,2746,2509,1530,4038,4600,2864,2339,2610,2238,870,316,105,501,506,327,2539,1480,684,656,2245,4090,4366,3799,3223,4258,6620,9969,11154,10065,6842,5343,2367,1735,1527,,
HRP,HRP2201,MERI,Harapaki,Wind,Wind,2026-07-21,545,212,1,0,0,0,0,24,451,825,493,32,120,1,1,0,0,0,1,0,0,0,0,0,0,0,0,0,0,0,0,0,168,491,709,897,2528,2175,2369,3282,3488,3466,1972,1014,287,280,2320,7078,,
HRP,HRP2201,MERI,Harapaki,Wind,Wind,2026-07-22,8732,6184,12650,20972,15848,11510,12463,8621,1165,3547,7058,11050,11182,11225,8761,6999,8542,7240,4678,2144,1301,352,426,36,1,49,26,39,554,1500,1839,1354,768,89,68,810,1272,444,1929,1632,746,697,976,601,0,0,0,0,,
HRP,HRP2201,MERI,Harapaki,Wind,Wind,2026-07-23,0,0,13,167,4,64,603,682,1016,2312,1908,4004,6230,4869,3994,6692,7230,7161,4043,6337,11018,11543,11129,11543,8125,7843,7653,7529,9465,11365,7861,9289,12137,24808,25475,27297,39991,46363,50383,47313,51554,61402,56986,52790,56893,61280,74406,75842,,
HRP,HRP2201,MERI,Harapaki,Wind,Wind,2026-07-24,78603,82823,82807,82743,83574,84461,84245,84207,80988,79372,78857,79362,81589,83353,84101,84841,85179,83667,85962,85458,80705,81959,85848,85023,82915,80125,83060,82082,81745,81615,74692,74286,73123,75391,83309,84251,85427,86231,86539,86580,85896,85520,85016,82219,80810,79995,86138,84731,,
HRP,HRP2201,MERI,Harapaki,Wind,Wind,2026-07-25,84766,82072,81724,70567,75070,77343,70018,82049,81484,82816,67197,57309,61920,62226,56698,59938,62317,43828,31936,25148,13104,5179,9141,15841,14913,12771,5721,4346,2283,2505,3050,3839,4594,21979,27695,15104,11914,26351,22472,33124,39190,39677,25627,35744,41590,37778,27631,18061,,
HRP,HRP2201,MERI,Harapaki,Wind,Wind,2026-07-26,7099,6940,8895,14446,10558,10134,8043,10923,8306,5768,7226,7197,6364,6828,5330,2405,4885,3492,1363,311,192,1172,3979,2333,2321,490,2559,5352,3571,2195,2343,15432,18963,14982,8601,14493,17905,20076,18032,9916,12006,10417,9362,8655,7839,7901,9253,11262,,
HRP,HRP2201,MERI,Harapaki,Wind,Wind,2026-07-27,12454,13799,17941,16467,12578,9858,10191,8317,7459,8267,10703,11492,12058,18233,20605,29044,43775,46281,48245,50707,49658,50290,48920,42338,31432,18840,17655,11992,11039,9626,9385,7500,7505,7399,9541,19587,29443,30055,37503,43367,34566,39790,38356,29112,27475,22826,23089,21913,,
HRP,HRP2201,MERI,Harapaki,Wind,Wind,2026-07-28,17436,11876,11369,11416,10915,12050,12039,12738,11964,13674,15049,11424,10065,10692,6225,8403,13049,8446,5522,4486,3821,3940,1539,3438,4340,6464,6067,4056,5386,5335,3566,2311,2461,2663,4391,5731,4198,2897,732,72,98,38,13,2055,7769,5968,3930,3099,,
HRP,HRP2201,MERI,Harapaki,Wind,Wind,2026-07-29,4602,3847,4168,3569,6902,7843,4511,3090,3236,3792,5917,13479,21939,25453,32555,33904,29383,28535,30777,27949,29680,23245,16894,16100,22754,32336,31587,30947,26593,23983,21421,27581,27857,33457,42199,44003,37212,35305,33382,33692,38369,43179,51648,48128,56004,55901,52477,55460,,
HRP,HRP2201,MERI,Harapaki,Wind,Wind,2026-07-30,66452,76777,76646,71802,65900,68379,72816,75724,71328,72139,73760,57301,64573,62419,66355,59810,66695,62199,68018,59327,56402,59762,67832,76927,75744,77389,76012,70210,67738,76885,70899,78798,83899,84719,85127,84935,84512,85528,84243,82074,78071,77680,76567,72563,68047,60102,61717,59870,,
HRP,HRP2201,MERI,Harapaki,Wind,Wind,2026-07-31,59417,62265,61688,64851,66401,75664,78131,79444,82036,81318,80959,78659,72932,65775,74763,74370,66083,67385,79579,80049,81895,81802,83696,84581,83668,84269,82346,80127,80614,82675,79766,81132,80041,68354,51919,57892,52065,47308,52128,60016,66737,61117,56448,73247,69354,50075,52428,65941,,
HWA,HWA1101,CNIR,patea,Hydro,Hydro,2026-07-01,0,0,0,0,0,0,0,0,0,0,0,0,0,0,0,0,0,0,0,0,0,0,0,0,0,0,0,0,0,0,0,0,0,0,0,0,0,0,0,0,0,0,0,0,0,0,0,0,,
HWA,HWA1101,CNIR,patea,Hydro,Hydro,2026-07-02,0,0,0,0,0,0,0,0,0,0,0,0,0,0,0,0,0,0,0,0,0,0,0,0,0,0,0,0,0,0,0,0,0,0,0,0,0,0,0,0,0,0,0,0,0,0,0,0,,
HWA,HWA1101,CNIR,patea,Hydro,Hydro,2026-07-03,0,0,0,0,0,0,0,0,0,0,0,0,0,0,0,0,0,0,0,0,0,0,0,0,0,0,0,0,0,0,0,0,0,0,0,0,0,0,0,0,0,0,0,0,0,0,0,0,,
HWA,HWA1101,CNIR,patea,Hydro,Hydro,2026-07-04,0,0,0,0,0,0,0,0,0,0,0,0,0,0,0,0,0,0,0,0,0,0,0,0,0,0,0,0,0,0,0,0,0,0,0,0,0,0,0,0,0,0,0,0,0,0,0,0,,
HWA,HWA1101,CNIR,patea,Hydro,Hydro,2026-07-05,0,0,0,0,0,0,0,0,0,0,0,0,0,0,0,0,0,0,0,0,0,0,0,0,0,0,0,0,0,0,0,0,0,0,0,0,0,0,0,0,0,0,0,0,0,0,0,0,,
HWA,HWA1101,CNIR,patea,Hydro,Hydro,2026-07-06,0,0,0,0,0,0,0,0,0,0,0,0,0,0,0,0,0,0,0,0,0,0,0,0,0,0,0,0,0,0,0,0,0,0,0,0,0,0,0,0,0,0,0,0,0,0,0,0,,
HWA,HWA1101,CNIR,patea,Hydro,Hydro,2026-07-07,0,0,0,0,0,0,0,0,0,0,0,0,0,0,0,0,0,0,0,0,0,0,0,0,0,0,0,0,0,0,0,0,0,0,0,0,0,0,0,0,0,0,0,0,0,0,0,0,,
HWA,HWA1101,CNIR,patea,Hydro,Hydro,2026-07-08,0,0,0,0,0,0,0,0,0,0,0,0,0,0,0,0,0,0,0,0,0,0,0,0,0,0,0,0,0,0,0,0,0,0,0,0,0,0,0,0,0,0,0,0,0,0,0,0,,
HWA,HWA1101,CNIR,patea,Hydro,Hydro,2026-07-09,0,0,0,0,0,0,0,0,0,0,0,0,0,0,0,0,0,0,0,0,0,0,0,0,0,0,0,0,0,0,0,0,0,0,0,0,0,0,0,0,0,0,0,0,0,0,0,0,,
HWA,HWA1101,CNIR,patea,Hydro,Hydro,2026-07-10,0,0,0,0,0,0,0,0,0,0,0,0,0,0,0,0,0,0,0,0,0,0,0,0,0,0,0,0,0,0,0,0,0,0,0,0,0,0,0,0,0,0,0,0,0,0,0,0,,
HWA,HWA1101,CNIR,patea,Hydro,Hydro,2026-07-11,0,0,0,0,0,0,0,0,0,0,0,0,0,0,0,0,0,0,0,0,0,0,0,0,0,0,0,0,0,0,0,0,0,0,0,0,0,0,0,0,0,0,0,0,0,0,0,0,,
HWA,HWA1101,CNIR,patea,Hydro,Hydro,2026-07-12,0,0,0,0,0,0,0,0,0,0,0,0,0,0,0,0,0,0,0,0,0,0,0,0,0,0,0,0,0,0,0,0,0,0,0,0,0,0,0,0,0,0,0,0,0,0,0,0,,
HWA,HWA1101,CNIR,patea,Hydro,Hydro,2026-07-13,0,0,0,0,0,0,0,0,0,0,0,0,0,0,0,0,0,0,0,0,0,0,0,0,0,0,0,0,0,0,0,0,0,0,0,0,0,0,0,0,0,0,0,0,0,0,0,0,,
HWA,HWA1101,CNIR,patea,Hydro,Hydro,2026-07-14,0,0,0,0,0,0,0,0,0,0,0,0,0,0,0,0,0,0,0,0,0,0,0,0,0,0,0,0,0,0,0,0,0,0,0,0,0,0,0,0,0,0,0,0,0,0,0,0,,
HWA,HWA1101,CNIR,patea,Hydro,Hydro,2026-07-15,0,0,0,0,0,0,0,0,0,0,0,0,0,0,0,0,0,0,0,0,0,0,0,0,0,0,0,0,0,0,0,0,0,0,0,0,0,0,0,0,0,0,0,0,0,0,0,0,,
HWA,HWA1101,CNIR,patea,Hydro,Hydro,2026-07-16,0,0,0,0,0,0,0,0,0,0,0,0,0,0,0,0,0,0,0,0,0,0,0,0,0,0,0,0,0,0,0,0,0,0,0,0,0,0,0,0,0,0,0,0,0,0,0,0,,
HWA,HWA1101,CNIR,patea,Hydro,Hydro,2026-07-17,0,0,0,0,0,0,0,0,0,0,0,0,0,0,0,0,0,0,0,0,0,0,0,0,0,0,0,0,0,0,0,0,0,0,0,0,0,0,0,0,0,0,0,0,0,0,0,0,,
HWA,HWA1101,CNIR,patea,Hydro,Hydro,2026-07-18,0,0,0,0,0,0,0,0,0,0,0,0,0,0,0,0,0,0,0,0,0,0,0,0,0,0,0,0,0,0,0,0,0,0,0,0,0,0,0,0,0,0,0,0,0,0,0,0,,
HWA,HWA1101,CNIR,patea,Hydro,Hydro,2026-07-19,0,0,0,0,0,0,0,0,0,0,0,0,0,0,0,0,0,0,0,0,0,0,0,0,0,0,0,0,0,0,0,0,0,0,0,0,0,0,0,0,0,0,0,0,0,0,0,0,,
HWA,HWA1101,CNIR,patea,Hydro,Hydro,2026-07-20,0,0,0,0,0,0,0,0,0,0,0,0,0,0,0,0,0,0,0,0,0,0,0,0,0,0,0,0,0,0,0,0,0,0,0,0,0,0,0,0,0,0,0,0,0,0,0,0,,
HWA,HWA1101,CNIR,patea,Hydro,Hydro,2026-07-21,0,0,0,0,0,0,0,0,0,0,0,0,0,0,0,0,0,0,0,0,0,0,0,0,0,0,0,0,0,0,0,0,0,0,0,0,0,0,0,0,0,0,0,0,0,0,0,0,,
HWA,HWA1101,CNIR,patea,Hydro,Hydro,2026-07-22,0,0,0,0,0,0,0,0,0,0,0,0,0,0,0,0,0,0,0,0,0,0,0,0,0,0,0,0,0,0,0,0,0,0,0,0,0,0,0,0,0,0,0,0,0,0,0,0,,
HWA,HWA1101,CNIR,patea,Hydro,Hydro,2026-07-23,0,0,0,0,0,0,0,0,0,0,0,0,0,0,0,0,0,0,0,0,0,0,0,0,0,0,0,0,0,0,0,0,0,0,0,0,0,0,0,0,0,0,0,0,0,0,0,0,,
HWA,HWA1101,CNIR,patea,Hydro,Hydro,2026-07-24,0,0,0,0,0,0,0,0,0,0,0,0,0,0,0,0,0,0,0,0,0,0,0,0,0,0,0,0,0,0,0,0,0,0,0,0,0,0,0,0,0,0,0,0,0,0,0,0,,
HWA,HWA1101,CNIR,patea,Hydro,Hydro,2026-07-25,0,0,0,0,0,0,0,0,0,0,0,0,0,0,0,0,0,0,0,0,0,0,0,0,0,0,0,0,0,0,0,0,0,0,0,0,0,0,0,0,0,0,0,0,0,0,0,0,,
HWA,HWA1101,CNIR,patea,Hydro,Hydro,2026-07-26,0,0,0,0,0,0,0,0,0,0,0,0,0,0,0,0,0,0,0,0,0,0,0,0,0,0,0,0,0,0,0,0,0,0,0,0,0,0,0,0,0,0,0,0,0,0,0,0,,
HWA,HWA1101,CNIR,patea,Hydro,Hydro,2026-07-27,0,0,0,0,0,0,0,0,0,0,0,0,0,0,0,0,0,0,0,0,0,0,0,0,0,0,0,0,0,0,0,0,0,0,0,0,0,0,0,0,0,0,0,0,0,0,0,0,,
HWA,HWA1101,CNIR,patea,Hydro,Hydro,2026-07-28,0,0,0,0,0,0,0,0,0,0,0,0,0,0,0,0,0,0,0,0,0,0,0,0,0,0,0,0,0,0,0,0,0,0,0,0,0,0,0,0,0,0,0,0,0,0,0,0,,
HWA,HWA1101,CNIR,patea,Hydro,Hydro,2026-07-29,0,0,0,0,0,0,0,0,0,0,0,0,0,0,0,0,0,0,0,0,0,0,0,0,0,0,0,0,0,0,0,0,0,0,0,0,0,0,0,0,0,0,0,0,0,0,0,0,,
HWA,HWA1101,CNIR,patea,Hydro,Hydro,2026-07-30,0,0,0,0,0,0,0,0,0,0,0,0,0,0,0,0,0,0,0,0,0,0,0,0,0,0,0,0,0,0,0,0,0,0,0,0,0,0,0,0,0,0,0,0,0,0,0,0,,
HWA,HWA1101,CNIR,patea,Hydro,Hydro,2026-07-31,0,0,0,0,0,0,0,0,0,0,0,0,0,0,0,0,0,0,0,0,0,0,0,0,0,0,0,0,0,0,0,0,0,0,0,0,0,0,0,0,0,0,0,0,0,0,0,0,,
HWA,HWA1101,KIWI,whareroa,Gas,Cogen,2026-07-01,10088,11018,11291,11241,11344,11282,11376,11295,11340,11306,11319,11145,11188,11869,12206,12174,11158,9442,9336,9941,9959,8006,8611,9092,8097,8376,8516,8548,8243,8914,8813,9943,9964,10150,11142,11037,11181,10820,10435,10353,10331,10418,10335,10294,10358,10365,10255,10356,,
HWA,HWA1101,KIWI,whareroa,Gas,Cogen,2026-07-02,10369,10357,10303,10304,10330,10247,10241,10337,10365,10206,10156,10113,10159,10004,9999,10017,8853,7358,7859,8308,7413,7532,8075,8173,7851,8199,7742,7149,7485,7406,7584,8103,8806,8676,10112,10062,10404,10892,11062,11075,11110,11184,10292,10157,10313,10275,10135,10306,,
HWA,HWA1101,KIWI,whareroa,Gas,Cogen,2026-07-03,10256,10194,10203,9600,9562,9533,9518,9583,9538,9499,9372,9327,9371,10443,10759,10827,9499,7856,8251,7895,8468,8450,8364,8555,8710,8635,8290,8520,8315,9213,11341,11411,10975,10223,10197,10118,10235,10228,10169,10165,10113,10090,10153,10073,10158,10116,10128,9828,,
HWA,HWA1101,KIWI,whareroa,Gas,Cogen,2026-07-04,10304,10196,10141,10071,10102,10118,10116,10082,10078,10045,10282,9968,9953,9991,9915,10089,9922,10034,9808,10049,9980,9852,9880,9963,9929,8994,8935,9007,8874,8961,8814,8915,9037,8992,9074,9016,9135,9028,9074,9124,9076,9085,9078,9141,9041,9078,9102,9009,,
HWA,HWA1101,KIWI,whareroa,Gas,Cogen,2026-07-05,9100,9118,9077,9036,8985,8994,8968,9079,9134,9033,9054,8901,8993,9007,8818,9296,9612,7615,7181,7007,7134,7179,7142,7118,7063,7404,7176,7147,7168,7185,7214,7225,7278,7391,10015,10078,10050,10123,10067,10152,10099,10177,10104,10076,10075,10158,10188,10090,,
HWA,HWA1101,KIWI,whareroa,Gas,Cogen,2026-07-06,10089,10142,10089,10099,10157,10068,10073,9626,9700,9635,9527,9544,9297,9196,9227,9307,8326,7577,8611,8588,7362,7098,7048,7142,7263,7347,5866,3329,1588,1472,1416,1511,4050,6530,11361,11802,11892,11938,11957,12010,12056,12094,12050,12118,12163,12214,12130,12155,,
HWA,HWA1101,KIWI,whareroa,Gas,Cogen,2026-07-07,12101,12197,12238,12195,12151,12164,12240,12164,12207,12097,12077,12094,11773,11858,11993,11943,9420,8525,5588,3017,5279,4235,4068,2849,3891,3122,2373,1698,2265,3037,6699,7047,11220,10767,11759,10412,10436,10447,9862,9876,9866,9863,9846,9834,9790,9811,9846,9820,,
HWA,HWA1101,KIWI,whareroa,Gas,Cogen,2026-07-08,9886,9888,9814,9756,9534,9641,9493,9905,9822,9819,9698,9513,9698,9873,9949,9855,9825,10007,9974,9232,7962,7313,4576,3473,4825,3882,4742,4710,1828,0,0,0,0,0,0,0,0,0,51,507,1681,3567,5627,6222,6927,6971,6969,6957,,
HWA,HWA1101,KIWI,whareroa,Gas,Cogen,2026-07-09,6921,7025,6918,6994,6826,6704,6375,6464,6430,6455,6411,6380,6332,6136,6271,6439,6703,6807,9627,9991,9986,10140,10309,10471,10388,10225,10069,9880,10065,9920,10011,9941,10006,9944,9964,9830,9895,9799,9890,9805,9809,9848,9868,9927,9640,9999,9789,9975,,
HWA,HWA1101,KIWI,whareroa,Gas,Cogen,2026-07-10,9859,9579,9595,9632,9600,9643,9607,9702,9583,9598,9595,9626,9460,9415,9444,9400,9539,9543,9393,9610,9530,9452,9491,9544,9563,9514,9590,9491,9641,9619,9575,9701,9754,9720,9684,9704,9732,9686,9699,9705,9783,9698,9747,9707,9710,9762,9733,9796,,
HWA,HWA1101,KIWI,whareroa,Gas,Cogen,2026-07-11,9778,9685,9792,9666,9749,9650,9767,9744,9766,9694,9651,9666,9569,9637,9705,9599,9567,9585,9595,9585,9579,9582,9561,9553,9566,9593,9629,9626,9642,9671,9634,9614,9658,9638,9804,9737,10133,9849,10021,9898,9926,9916,9990,10005,9899,9954,9895,9959,,
HWA,HWA1101,KIWI,whareroa,Gas,Cogen,2026-07-12,9903,9939,9962,9953,9965,9877,9917,9941,9927,9981,9922,9937,9848,9745,9705,9868,9843,9860,9635,9875,9865,9797,9783,9818,9844,9906,9743,9764,9819,9813,9870,9914,9906,9862,9839,9751,9902,10057,10053,10082,10026,9995,10060,10011,9939,9897,10027,10020,,
HWA,HWA1101,KIWI,whareroa,Gas,Cogen,2026-07-13,9956,10059,9924,9896,10015,10044,9828,10006,9939,10064,9789,9765,9875,9708,9871,9729,9813,9467,9473,9515,9689,9732,9683,9547,7420,6654,6601,5069,3612,2366,2543,2741,5687,5275,9162,9333,9389,9437,9471,9433,9336,9398,9402,8830,8491,8529,8414,8409,,
HWA,HWA1101,KIWI,whareroa,Gas,Cogen,2026-07-14,8352,8367,8368,8415,8300,8388,8489,8416,8353,8368,8268,8269,8285,8016,8088,8210,9433,9265,8432,8483,8410,8393,8298,8600,8786,8782,8804,10073,9915,9820,10058,9834,9966,10084,10137,10039,10209,10256,10221,10339,10332,10332,10362,10319,10226,10293,10400,10330,,
HWA,HWA1101,KIWI,whareroa,Gas,Cogen,2026-07-15,10344,10269,10333,10251,10359,10420,10343,10416,10352,10373,10178,10246,10123,9926,9960,9775,8638,7915,7182,7927,5704,3744,5909,4648,3083,2303,1255,291,2137,4419,6989,8137,8863,9103,8427,7297,7541,6096,5786,5771,5659,5677,5647,5666,5709,5716,5834,5739,,
HWA,HWA1101,KIWI,whareroa,Gas,Cogen,2026-07-16,5719,5579,5650,5655,5761,5612,5726,5688,5727,5636,5744,5518,5327,5054,5106,5108,4785,4987,4396,6799,5396,5014,4804,4702,4230,4260,3827,3951,5698,4796,3603,3466,8932,9913,8394,8498,8459,8549,8419,8130,7730,7731,7774,7811,7541,7858,7819,7736,,
HWA,HWA1101,KIWI,whareroa,Gas,Cogen,2026-07-17,7702,7591,7677,7699,7760,7798,7778,7825,7876,7731,7817,7678,7467,7410,7182,7070,8246,7617,5535,5182,3739,572,637,661,871,794,888,918,816,619,4080,5250,8004,7466,7264,7237,7424,7468,7487,7468,7448,7458,7543,7484,7588,7486,7580,7602,,
HWA,HWA1101,KIWI,whareroa,Gas,Cogen,2026-07-18,7590,7536,7690,7757,7599,7538,7439,7626,7583,7756,8106,8350,8280,8286,8134,8656,7905,5296,3833,1564,428,395,374,838,629,452,436,244,420,336,516,3274,4933,5762,8297,8052,8106,8072,8096,8100,8013,8005,7833,7863,7962,8073,7981,7591,,
HWA,HWA1101,KIWI,whareroa,Gas,Cogen,2026-07-19,7810,7895,8093,8024,7765,7788,7708,7667,7730,7643,7500,7487,7409,7767,10512,15471,14091,12508,10862,10504,7247,3201,2752,4358,8896,10724,10693,10630,11589,7970,8144,5647,2256,2134,2284,2398,2214,2361,2408,2318,2401,2386,2359,2163,2331,2300,2002,1950,,
HWA,HWA1101,KIWI,whareroa,Gas,Cogen,2026-07-20,1815,1896,1797,1804,1731,2047,1925,2027,1946,1873,1872,1968,1872,1934,1845,1786,1853,1685,1680,1919,1822,1673,1632,1904,1875,2110,1961,1954,1970,2041,2012,2020,1955,2138,2093,2181,2200,2348,2165,1993,2012,2060,2040,2386,2624,2587,2332,2161,,
HWA,HWA1101,KIWI,whareroa,Gas,Cogen,2026-07-21,2090,1994,2023,1979,1958,2080,2061,2081,2021,1839,1870,1624,1765,1603,1937,1986,1933,1767,1812,1844,2068,2242,2190,2156,2171,2130,2189,2131,2115,2111,1956,1921,1573,1346,1413,1499,1527,1510,1653,1725,1551,1782,1720,1597,1501,1679,1769,1678,,
HWA,HWA1101,KIWI,whareroa,Gas,Cogen,2026-07-22,1835,1993,2369,2208,2084,2115,2053,2058,2072,2106,2025,2034,1785,5905,6657,6491,6747,6527,6632,6333,6367,6408,6392,6168,5611,5754,5978,6599,6804,7380,6132,5756,5866,5990,5926,5789,5854,5887,6195,6118,6208,6395,6355,6374,6196,6229,6453,5341,,
HWA,HWA1101,KIWI,whareroa,Gas,Cogen,2026-07-23,1878,1873,1749,1771,1731,1981,1962,2037,2027,2014,1986,2042,1762,1634,1588,1668,1546,1528,1480,1352,1534,1707,1609,1643,1527,1921,1531,1470,1412,1413,1417,1346,1564,1470,1657,862,891,965,931,990,928,1007,1009,1065,1015,1068,1039,864,,
HWA,HWA1101,KIWI,whareroa,Gas,Cogen,2026-07-24,960,906,917,821,887,993,863,827,847,855,802,780,729,777,874,908,921,877,852,985,968,798,731,682,595,645,601,580,556,599,606,588,669,653,595,783,836,681,622,784,756,829,870,917,852,831,876,775,,
HWA,HWA1101,KIWI,whareroa,Gas,Cogen,2026-07-25,662,652,677,708,795,665,621,632,619,644,692,666,660,525,720,745,756,781,738,731,639,659,644,771,878,964,940,977,1002,1022,998,984,993,1088,1077,1098,1092,1095,1080,1044,958,902,877,763,602,536,453,487,,
HWA,HWA1101,KIWI,whareroa,Gas,Cogen,2026-07-26,529,480,483,476,485,519,525,556,507,605,564,504,513,472,446,427,489,568,638,646,599,680,774,801,750,837,885,837,757,806,766,688,583,527,370,282,210,214,277,298,266,274,262,290,305,365,365,349,,
HWA,HWA1101,KIWI,whareroa,Gas,Cogen,2026-07-27,384,388,348,280,342,397,396,385,437,323,368,376,248,339,774,3246,3364,3329,3261,731,756,785,951,706,500,7,0,0,209,441,334,325,235,283,338,2466,2573,2628,587,510,523,530,433,525,609,585,598,571,,
HWA,HWA1101,KIWI,whareroa,Gas,Cogen,2026-07-28,614,617,552,567,544,528,463,386,425,492,461,428,430,2855,2962,3065,3046,3022,2718,280,240,421,407,403,445,532,648,731,733,836,603,499,421,434,394,434,368,353,439,450,513,509,539,653,679,673,732,676,,
HWA,HWA1101,KIWI,whareroa,Gas,Cogen,2026-07-29,580,661,557,654,626,603,617,617,608,528,587,424,286,116,156,139,175,224,346,367,193,154,270,488,460,686,602,623,623,712,738,729,670,733,692,703,759,717,615,504,394,268,245,218,234,292,252,254,,
HWA,HWA1101,KIWI,whareroa,Gas,Cogen,2026-07-30,280,235,225,106,190,147,233,289,316,293,321,630,1750,1593,2026,2466,2439,2432,2435,2531,2597,2611,2794,2965,2996,2876,2840,2816,2505,1954,863,632,652,817,885,917,974,1206,1170,1231,1170,1081,1049,921,822,860,803,867,,
HWA,HWA1101,KIWI,whareroa,Gas,Cogen,2026-07-31,830,688,686,570,656,632,536,567,614,556,510,608,537,661,593,550,622,625,544,565,586,603,703,813,857,805,792,772,690,873,973,1029,1008,996,1040,1000,993,865,901,900,872,855,799,844,748,742,640,1451,,
HWA,HWA1102,KIWI,whareroa,Gas,Cogen,2026-07-01,0,0,0,0,0,0,0,0,0,0,0,0,0,0,0,0,0,0,0,0,0,0,0,0,0,0,0,0,0,0,0,0,0,0,0,0,0,0,0,0,0,0,0,0,0,0,0,0,,
HWA,HWA1102,KIWI,whareroa,Gas,Cogen,2026-07-02,0,0,0,0,0,0,0,0,0,0,0,0,0,0,0,0,0,0,0,0,0,0,0,0,0,0,0,0,0,0,0,0,0,0,0,0,0,0,0,0,0,0,0,0,0,0,0,0,,
HWA,HWA1102,KIWI,whareroa,Gas,Cogen,2026-07-03,0,0,0,0,0,0,0,0,0,0,0,0,0,0,0,0,0,0,0,0,0,0,0,0,0,0,0,0,0,0,0,0,0,0,0,0,0,0,0,0,0,0,0,0,0,0,0,0,,
HWA,HWA1102,KIWI,whareroa,Gas,Cogen,2026-07-04,0,0,0,0,0,0,0,0,0,0,0,0,0,0,0,0,0,0,0,0,0,0,0,0,0,0,0,0,0,0,0,0,0,0,0,0,0,0,0,0,0,0,0,0,0,0,0,0,,
HWA,HWA1102,KIWI,whareroa,Gas,Cogen,2026-07-05,0,0,0,0,0,0,0,0,0,0,0,0,0,0,0,0,0,0,0,0,0,0,0,0,0,0,0,0,0,0,0,0,0,0,0,0,0,0,0,0,0,0,0,0,0,0,0,0,,
HWA,HWA1102,KIWI,whareroa,Gas,Cogen,2026-07-06,0,0,0,0,0,0,0,0,0,0,0,0,0,0,0,0,0,0,0,0,0,0,0,0,0,0,0,0,0,0,0,0,0,0,0,0,0,0,0,0,0,0,0,0,0,0,0,0,,
HWA,HWA1102,KIWI,whareroa,Gas,Cogen,2026-07-07,0,0,0,0,0,0,0,0,0,0,0,0,0,0,0,0,0,0,0,0,0,0,0,0,0,0,0,0,0,0,0,0,0,0,0,0,0,0,0,0,0,0,0,0,0,0,0,0,,
HWA,HWA1102,KIWI,whareroa,Gas,Cogen,2026-07-08,0,0,0,0,0,0,0,0,0,0,0,0,0,0,0,0,0,0,0,0,0,0,0,0,0,0,0,0,0,0,0,0,0,0,0,0,0,0,0,0,0,0,0,0,0,0,0,0,,
HWA,HWA1102,KIWI,whareroa,Gas,Cogen,2026-07-09,0,0,0,0,0,0,0,0,0,0,0,0,0,0,0,0,0,0,0,0,0,0,0,0,0,0,0,0,0,0,0,0,0,0,0,0,0,0,0,0,0,0,0,0,0,0,0,0,,
HWA,HWA1102,KIWI,whareroa,Gas,Cogen,2026-07-10,0,0,0,0,0,0,0,0,0,0,0,0,0,0,0,0,0,0,0,0,0,0,0,0,0,0,0,0,0,0,0,0,0,0,0,0,0,0,0,0,0,0,0,0,0,0,0,0,,
HWA,HWA1102,KIWI,whareroa,Gas,Cogen,2026-07-11,0,0,0,0,0,0,0,0,0,0,0,0,0,0,0,0,0,0,0,0,0,0,0,0,0,0,0,0,0,0,0,0,0,0,0,0,0,0,0,0,0,0,0,0,0,0,0,0,,
HWA,HWA1102,KIWI,whareroa,Gas,Cogen,2026-07-12,0,0,0,0,0,0,0,0,0,0,0,0,0,0,0,0,0,0,0,0,0,0,0,0,0,0,0,0,0,0,0,0,0,0,0,0,0,0,0,0,0,0,0,0,0,0,0,0,,
HWA,HWA1102,KIWI,whareroa,Gas,Cogen,2026-07-13,0,0,0,0,0,0,0,0,0,0,0,0,0,0,0,0,0,0,0,0,0,0,0,0,0,0,0,0,0,0,0,0,0,0,0,0,0,0,0,0,0,0,0,0,0,0,0,0,,
HWA,HWA1102,KIWI,whareroa,Gas,Cogen,2026-07-14,0,0,0,0,0,0,0,0,0,0,0,0,0,0,0,0,0,0,0,0,0,0,0,0,0,0,0,0,0,0,0,0,0,0,0,0,0,0,0,0,0,0,0,0,0,0,0,0,,
HWA,HWA1102,KIWI,whareroa,Gas,Cogen,2026-07-15,0,0,0,0,0,0,0,0,0,0,0,0,0,0,0,0,0,0,0,0,0,0,0,0,0,0,0,0,0,0,0,0,0,0,0,0,0,0,0,0,0,0,0,0,0,0,0,0,,
HWA,HWA1102,KIWI,whareroa,Gas,Cogen,2026-07-16,0,0,0,0,0,0,0,0,0,0,0,0,0,0,0,0,0,0,0,0,0,0,0,0,0,0,0,0,0,0,0,0,0,0,0,0,0,0,0,0,0,0,0,0,0,0,0,0,,
HWA,HWA1102,KIWI,whareroa,Gas,Cogen,2026-07-17,0,0,0,0,0,0,0,0,0,0,0,0,0,0,0,0,0,0,0,0,0,0,0,0,0,0,0,0,0,0,0,0,0,0,0,0,0,0,0,0,0,0,0,0,0,0,0,0,,
HWA,HWA1102,KIWI,whareroa,Gas,Cogen,2026-07-18,0,0,0,0,0,0,0,0,0,0,0,0,0,0,0,0,0,0,0,0,0,0,0,0,0,0,0,0,0,0,0,0,0,0,0,0,0,0,0,0,0,0,0,0,0,0,0,0,,
HWA,HWA1102,KIWI,whareroa,Gas,Cogen,2026-07-19,0,0,0,0,0,0,0,0,0,0,0,0,0,0,0,0,0,0,0,0,0,0,0,0,0,0,0,0,0,0,0,0,0,0,0,0,0,0,0,0,0,0,0,0,0,0,0,0,,
HWA,HWA1102,KIWI,whareroa,Gas,Cogen,2026-07-20,0,0,0,0,0,0,0,0,0,0,0,0,0,0,0,0,0,0,0,0,0,0,0,0,0,0,0,0,0,0,0,0,0,0,0,0,0,0,0,0,0,0,0,0,0,0,0,0,,
HWA,HWA1102,KIWI,whareroa,Gas,Cogen,2026-07-21,0,0,0,0,0,0,0,0,0,0,0,0,0,0,0,0,0,0,0,0,0,0,0,0,0,0,0,0,0,0,0,0,0,0,0,0,0,0,0,0,0,0,0,0,0,0,0,0,,
HWA,HWA1102,KIWI,whareroa,Gas,Cogen,2026-07-22,0,0,0,0,0,0,0,0,0,0,0,0,0,0,0,0,0,0,0,0,0,0,0,0,0,0,0,0,0,0,0,0,0,0,0,0,0,0,0,0,0,0,0,0,0,0,0,0,,
HWA,HWA1102,KIWI,whareroa,Gas,Cogen,2026-07-23,0,0,0,0,0,0,0,0,0,0,0,0,0,0,0,0,0,0,0,0,0,0,0,0,0,0,0,0,0,0,0,0,0,0,130,929,940,1013,892,904,857,869,896,913,899,983,940,779,,
HWA,HWA1102,KIWI,whareroa,Gas,Cogen,2026-07-24,876,763,729,659,713,658,664,632,653,628,548,497,454,365,444,501,517,457,413,527,492,324,269,213,214,211,134,202,202,245,378,295,312,259,214,365,424,734,704,654,577,634,656,743,768,738,637,549,,
HWA,HWA1102,KIWI,whareroa,Gas,Cogen,2026-07-25,555,519,576,676,616,699,680,759,729,756,804,665,714,661,715,630,714,689,736,792,780,838,744,829,744,767,668,619,584,598,575,563,562,641,628,634,615,618,610,700,704,749,758,668,518,511,496,512,,
HWA,HWA1102,KIWI,whareroa,Gas,Cogen,2026-07-26,559,562,571,587,630,666,670,698,655,742,701,642,644,617,587,569,621,700,744,754,697,755,861,894,827,806,784,697,581,581,524,538,483,539,471,455,409,414,400,353,351,394,375,358,407,470,503,501,,
HWA,HWA1102,KIWI,whareroa,Gas,Cogen,2026-07-27,534,533,491,430,490,551,545,537,591,481,528,534,393,504,1038,3574,3696,3633,3521,1017,1034,973,1083,833,629,1036,975,997,872,576,478,388,228,322,414,2665,2791,2831,807,718,721,717,613,680,574,507,536,537,,
HWA,HWA1102,KIWI,whareroa,Gas,Cogen,2026-07-28,606,607,555,577,554,541,473,402,429,496,508,513,628,3038,3138,3297,3291,3262,2946,519,408,492,455,396,428,532,657,747,762,834,620,487,457,470,548,659,590,569,642,633,641,583,602,590,583,565,644,606,,
HWA,HWA1102,KIWI,whareroa,Gas,Cogen,2026-07-29,558,648,550,650,606,595,610,604,590,512,547,417,370,260,316,298,343,383,505,520,236,89,191,419,404,622,539,565,566,651,674,651,584,668,702,730,783,724,619,496,328,201,125,95,103,182,76,2,,
HWA,HWA1102,KIWI,whareroa,Gas,Cogen,2026-07-30,26,18,12,0,0,0,0,8,24,11,18,328,1424,1289,1710,2186,2129,2080,2086,2165,2209,2214,2328,2461,2520,2407,2374,2385,2106,1592,451,230,305,417,446,432,458,690,669,703,611,565,543,445,403,332,345,397,,
HWA,HWA1102,KIWI,whareroa,Gas,Cogen,2026-07-31,446,354,448,351,347,352,299,271,363,344,224,282,196,194,140,114,158,247,219,210,177,228,266,326,409,375,336,328,221,410,497,534,500,470,495,448,452,328,345,344,327,347,342,342,235,269,186,1002,,
HWB,HWB0331,DUNE,Waipori,Hydro,Hydro,2026-07-01,0,0,0,0,0,0,0,0,0,0,0,0,0,0,0,0,0,0,0,0,0,0,0,0,0,0,0,0,0,0,0,0,0,0,0,0,0,0,0,0,0,0,0,0,0,0,0,0,,
HWB,HWB0331,DUNE,Waipori,Hydro,Hydro,2026-07-02,0,0,0,0,0,0,0,0,0,0,0,0,0,0,0,0,0,0,0,0,0,0,0,0,0,0,0,0,0,0,0,0,0,0,0,0,0,0,0,0,0,0,0,0,0,0,0,0,,
HWB,HWB0331,DUNE,Waipori,Hydro,Hydro,2026-07-03,0,0,0,0,0,0,0,0,0,0,0,0,0,0,0,0,0,0,0,0,0,0,0,0,0,0,0,0,0,0,0,0,0,0,0,0,0,0,0,0,0,0,0,0,0,0,0,0,,
HWB,HWB0331,DUNE,Waipori,Hydro,Hydro,2026-07-04,0,0,0,0,0,0,0,0,0,0,0,0,0,0,0,0,0,0,0,0,0,0,0,0,0,0,0,0,0,0,0,0,0,0,0,0,0,0,0,0,0,0,0,0,0,0,0,0,,
HWB,HWB0331,DUNE,Waipori,Hydro,Hydro,2026-07-05,0,0,0,0,0,0,0,0,0,0,0,0,0,0,0,0,0,0,0,0,0,0,0,0,0,0,0,0,0,0,0,0,0,0,0,0,0,0,0,0,0,0,0,0,0,0,0,0,,
HWB,HWB0331,DUNE,Waipori,Hydro,Hydro,2026-07-06,0,0,0,0,0,0,0,0,0,0,0,0,0,0,0,0,0,0,0,0,0,0,0,0,0,0,0,0,0,0,0,0,0,0,0,0,0,0,0,0,0,0,0,0,0,0,0,0,,
HWB,HWB0331,DUNE,Waipori,Hydro,Hydro,2026-07-07,0,0,0,0,0,0,0,0,0,0,0,0,0,0,0,0,0,0,0,0,0,0,0,0,0,0,0,0,0,0,0,0,0,0,0,0,0,0,0,0,0,0,0,0,0,0,0,0,,
HWB,HWB0331,DUNE,Waipori,Hydro,Hydro,2026-07-08,0,0,0,0,0,0,0,0,0,0,0,0,0,0,0,0,0,0,0,0,0,0,0,0,0,0,0,0,0,0,0,0,0,0,0,0,0,0,0,0,0,0,0,0,0,0,0,0,,
HWB,HWB0331,DUNE,Waipori,Hydro,Hydro,2026-07-09,0,0,0,0,0,0,0,0,0,0,0,0,0,0,0,0,0,0,0,0,0,0,0,0,0,0,0,0,0,0,0,0,0,0,0,0,0,0,0,0,0,0,0,0,0,0,0,0,,
HWB,HWB0331,DUNE,Waipori,Hydro,Hydro,2026-07-10,0,0,0,0,0,0,0,0,0,0,0,0,0,0,0,0,0,0,0,0,0,0,0,0,0,0,0,0,0,0,0,0,0,0,0,0,0,0,0,0,0,0,0,0,0,0,0,0,,
HWB,HWB0331,DUNE,Waipori,Hydro,Hydro,2026-07-11,0,0,0,0,0,0,0,0,0,0,0,0,0,0,0,0,0,0,0,0,0,0,0,0,0,0,0,0,0,0,0,0,0,0,0,0,0,0,0,0,0,0,0,0,0,0,0,0,,
HWB,HWB0331,DUNE,Waipori,Hydro,Hydro,2026-07-12,0,0,0,0,0,0,0,0,0,0,0,0,0,0,0,0,0,0,0,0,0,0,0,0,0,0,0,0,0,0,0,0,0,0,0,0,0,0,0,0,0,0,0,0,0,0,0,0,,
HWB,HWB0331,DUNE,Waipori,Hydro,Hydro,2026-07-13,0,0,0,0,0,0,0,0,0,0,0,0,0,0,0,0,0,0,0,0,0,0,0,0,0,0,0,0,0,0,0,0,0,0,0,0,0,0,0,0,0,0,0,0,0,0,0,0,,
HWB,HWB0331,DUNE,Waipori,Hydro,Hydro,2026-07-14,0,0,0,0,0,0,0,0,0,0,0,0,0,0,0,0,0,0,0,0,0,0,0,0,0,0,0,0,0,0,0,0,0,0,0,0,0,0,0,0,0,0,0,0,0,0,0,0,,
HWB,HWB0331,DUNE,Waipori,Hydro,Hydro,2026-07-15,0,0,0,0,0,0,0,0,0,0,0,0,0,0,0,0,0,0,0,0,0,0,0,0,0,0,0,0,0,0,0,0,0,0,0,0,0,0,0,0,0,0,0,0,0,0,0,0,,
HWB,HWB0331,DUNE,Waipori,Hydro,Hydro,2026-07-16,0,0,0,0,0,0,0,0,0,0,0,0,0,0,0,0,0,0,0,0,0,0,0,0,0,0,0,0,0,0,0,0,0,0,0,0,0,0,0,0,0,0,0,0,0,0,0,0,,
HWB,HWB0331,DUNE,Waipori,Hydro,Hydro,2026-07-17,0,0,0,0,0,0,0,0,0,0,0,0,0,0,0,0,0,0,0,0,0,0,0,0,0,0,0,0,0,0,0,0,0,0,0,0,0,0,0,0,0,0,0,0,0,0,0,0,,
HWB,HWB0331,DUNE,Waipori,Hydro,Hydro,2026-07-18,0,0,0,0,0,0,0,0,0,0,0,0,0,0,0,0,0,0,0,0,0,0,0,0,0,0,0,0,0,0,0,0,0,0,0,0,0,0,0,0,0,0,0,0,0,0,0,0,,
HWB,HWB0331,DUNE,Waipori,Hydro,Hydro,2026-07-19,0,0,0,0,0,0,0,0,0,0,0,0,0,0,0,0,0,0,0,0,0,0,0,0,0,0,0,0,0,0,0,0,0,0,0,0,0,0,0,0,0,0,0,0,0,0,0,0,,
HWB,HWB0331,DUNE,Waipori,Hydro,Hydro,2026-07-20,0,0,0,0,0,0,0,0,0,0,0,0,0,0,0,0,0,0,0,0,0,0,0,0,0,0,0,0,0,0,0,0,0,0,0,0,0,0,0,0,0,0,0,0,0,0,0,0,,
HWB,HWB0331,DUNE,Waipori,Hydro,Hydro,2026-07-21,0,0,0,0,0,0,0,0,0,0,0,0,0,0,0,0,0,0,0,0,0,0,0,0,0,0,0,0,0,0,0,0,0,0,0,0,0,0,0,0,0,0,0,0,0,0,0,0,,
HWB,HWB0331,DUNE,Waipori,Hydro,Hydro,2026-07-22,0,0,0,0,0,0,0,0,0,0,0,0,0,0,0,0,0,0,0,0,0,0,0,0,0,0,0,0,0,0,0,0,0,0,0,0,0,0,0,0,0,0,0,0,0,0,0,0,,
HWB,HWB0331,DUNE,Waipori,Hydro,Hydro,2026-07-23,0,0,0,0,0,0,0,0,0,0,0,0,0,0,0,0,0,0,0,0,0,0,0,0,0,0,0,0,0,0,0,0,0,0,0,0,0,0,0,0,0,0,0,0,0,0,0,0,,
HWB,HWB0331,DUNE,Waipori,Hydro,Hydro,2026-07-24,0,0,0,0,0,0,0,0,0,0,0,0,0,0,0,0,0,0,0,0,0,0,0,0,0,0,0,0,0,0,0,0,0,0,0,0,0,0,0,0,0,0,0,0,0,0,0,0,,
HWB,HWB0331,DUNE,Waipori,Hydro,Hydro,2026-07-25,0,0,0,0,0,0,0,0,0,0,0,0,0,0,0,0,0,0,0,0,0,0,0,0,0,0,0,0,0,0,0,0,0,0,0,0,0,0,0,0,0,0,0,0,0,0,0,0,,
HWB,HWB0331,DUNE,Waipori,Hydro,Hydro,2026-07-26,0,0,0,0,0,0,0,0,0,0,0,0,0,0,0,0,0,0,0,0,0,0,0,0,0,0,0,0,0,0,0,0,0,0,0,0,0,0,0,0,0,0,0,0,0,0,0,0,,
HWB,HWB0331,DUNE,Waipori,Hydro,Hydro,2026-07-27,0,0,0,0,0,0,0,0,0,0,0,0,0,0,0,0,0,0,0,0,0,0,0,0,0,0,0,0,0,0,0,0,0,0,0,0,0,0,0,0,0,0,0,0,0,0,0,0,,
HWB,HWB0331,DUNE,Waipori,Hydro,Hydro,2026-07-28,0,0,0,0,0,0,0,0,0,0,0,0,0,0,0,0,0,0,0,0,0,0,0,0,0,0,0,0,0,0,0,0,0,0,0,0,0,0,0,0,0,0,0,0,0,0,0,0,,
HWB,HWB0331,DUNE,Waipori,Hydro,Hydro,2026-07-29,0,0,0,0,0,0,0,0,0,0,0,0,0,0,0,0,0,0,0,0,0,0,0,0,0,0,0,0,0,0,0,0,0,0,0,0,0,0,0,0,0,0,0,0,0,0,0,0,,
HWB,HWB0331,DUNE,Waipori,Hydro,Hydro,2026-07-30,0,0,0,0,0,0,0,0,0,0,0,0,0,0,0,0,0,0,0,0,0,0,0,0,0,0,0,0,0,0,0,0,0,0,0,0,0,0,0,0,0,0,0,0,0,0,0,0,,
HWB,HWB0331,DUNE,Waipori,Hydro,Hydro,2026-07-31,0,0,0,0,0,0,0,0,0,0,0,0,0,0,0,0,0,0,0,0,0,0,0,0,0,0,0,0,0,0,0,0,0,0,0,0,0,0,0,0,0,0,0,0,0,0,0,0,,
JRD,JRD1101,TODD,junctionroad,Gas,Thrml,2026-07-01,14323,24008,24008,24007,24005,24006,24007,23997,23982,23983,23970,46487,48071,48077,48068,48071,48070,48067,48067,48078,48078,47603,47459,47260,25396,22992,23025,23018,23013,23008,23011,23011,23010,23221,44843,47810,47830,47832,47833,47829,47821,47822,47822,47818,47816,47818,47818,47816,,
JRD,JRD1101,TODD,junctionroad,Gas,Thrml,2026-07-02,47814,47810,47809,47810,47809,47810,47810,47816,47813,47897,48063,48070,47995,47968,47965,47973,47975,47976,47976,47978,26466,23723,23617,23588,23371,23369,22992,22608,22860,22836,22870,23242,23298,23485,23547,22861,22902,22907,22918,23648,23650,23635,23631,23629,23623,23625,23617,23628,,
JRD,JRD1101,TODD,junctionroad,Gas,Thrml,2026-07-03,23625,23630,23649,23647,23649,23647,23651,23649,23646,23631,23721,23722,23734,23730,23737,23624,23667,23716,23751,23743,44981,48188,48326,48298,48144,48011,47999,47997,47996,47988,47993,47988,47999,47985,48080,48082,48075,48075,48073,48076,48072,48076,48077,48074,48069,48044,48058,48066,,
JRD,JRD1101,TODD,junctionroad,Gas,Thrml,2026-07-04,25880,23679,23710,23718,23720,23720,23719,23719,23719,23720,23721,23720,23723,23708,45407,48064,48091,48076,48118,47839,47503,27746,23719,23744,23748,23756,23751,23744,23737,23754,23739,23746,23770,23754,43648,47121,47108,47130,47096,47094,47094,47093,47086,47093,47083,47086,47086,47086,,
JRD,JRD1101,TODD,junctionroad,Gas,Thrml,2026-07-05,25640,23710,23726,23733,23734,23305,23734,23732,23741,23735,23729,23738,23740,23741,23760,23755,23765,23772,23767,23768,23766,23768,23746,23747,23753,23742,23746,23750,23745,23742,23746,23759,23767,23744,44607,47868,47829,47822,47825,47891,47971,47950,47899,47914,47904,47848,47843,47773,,
JRD,JRD1101,TODD,junctionroad,Gas,Thrml,2026-07-06,25700,23698,23731,23738,23740,23743,23750,23741,23740,23734,23747,23729,41906,47766,47777,47756,47789,47731,47696,47733,47661,26575,23736,23754,23757,23761,23767,23767,23773,23760,45082,47528,47561,47606,47652,47675,47653,47718,47769,47800,47828,27461,23717,23743,23742,23738,23740,23744,,
JRD,JRD1101,TODD,junctionroad,Gas,Thrml,2026-07-07,1797,0,0,0,0,0,0,0,0,0,0,0,20916,23762,23775,23778,23773,23775,23773,23763,23749,23753,23757,23736,44659,47203,47204,47159,47106,47109,46686,46767,46850,47187,47484,47492,47505,47563,47587,47617,47619,47646,47674,47675,47622,25491,23703,23733,,
JRD,JRD1101,TODD,junctionroad,Gas,Thrml,2026-07-08,1728,0,0,0,0,0,0,0,0,0,0,21695,23763,23764,23769,23778,23775,23762,23754,23756,23754,2294,0,0,0,0,0,0,0,0,0,20413,23780,23781,23793,23774,23776,23778,23777,23762,23750,23757,23760,23757,2201,0,0,0,,
JRD,JRD1101,TODD,junctionroad,Gas,Thrml,2026-07-09,0,0,0,0,0,0,0,0,0,0,0,21857,23777,23777,23774,23775,23774,23779,23762,23752,23752,1983,0,0,0,0,0,0,21551,23773,23772,23771,23774,23770,23748,23747,23749,23744,23744,23743,23745,23749,23773,23767,23760,23757,23756,23760,,
JRD,JRD1101,TODD,junctionroad,Gas,Thrml,2026-07-10,1873,0,0,0,0,0,0,0,0,0,0,0,0,0,0,0,0,0,0,0,0,0,0,0,0,0,0,0,0,0,0,0,0,0,0,0,0,0,0,0,0,0,21518,23744,23734,23733,23735,23737,,
JRD,JRD1101,TODD,junctionroad,Gas,Thrml,2026-07-11,1973,0,0,0,0,0,0,0,0,0,0,0,21482,23767,23772,23773,23768,23765,23767,23758,23752,23753,23756,23756,2012,0,0,0,0,0,0,0,0,21120,44772,48175,48146,48105,48140,48136,48131,47985,47968,47917,25993,23702,23720,23725,,
JRD,JRD1101,TODD,junctionroad,Gas,Thrml,2026-07-12,2713,0,0,0,0,0,0,0,0,0,0,0,0,20804,44060,48096,48092,48081,48083,48085,48090,26029,1975,0,0,0,0,0,0,0,0,0,0,20110,44903,48093,48183,48289,48293,48298,25641,23697,23731,23736,1935,0,0,0,,
JRD,JRD1101,TODD,junctionroad,Gas,Thrml,2026-07-13,0,0,0,0,0,0,0,0,0,0,0,17731,24053,24063,24072,24070,24057,24053,24038,1933,0,0,0,0,0,0,0,0,0,0,0,0,0,21330,23028,23027,23037,23029,23031,23033,1634,0,0,0,0,0,0,0,,
JRD,JRD1101,TODD,junctionroad,Gas,Thrml,2026-07-14,0,0,0,0,0,0,0,0,0,0,0,0,0,0,0,0,0,0,0,0,0,0,0,0,0,0,0,0,0,0,0,0,0,0,0,0,0,0,0,0,0,0,0,0,0,0,0,0,,
JRD,JRD1101,TODD,junctionroad,Gas,Thrml,2026-07-15,0,0,0,0,0,0,0,0,0,0,0,0,0,0,0,0,0,0,0,0,0,0,0,0,0,0,0,0,0,0,0,0,0,0,0,21343,22989,22987,22987,22988,22989,1622,0,0,0,0,0,0,,
JRD,JRD1101,TODD,junctionroad,Gas,Thrml,2026-07-16,0,0,0,0,0,0,0,0,0,0,0,0,0,0,0,0,0,0,0,0,0,0,0,0,0,0,0,0,0,0,0,0,0,0,20884,23187,23182,23180,23183,23160,23582,23605,23604,2002,0,0,0,0,,
JRD,JRD1101,TODD,junctionroad,Gas,Thrml,2026-07-17,0,0,0,0,0,0,0,0,0,0,0,0,0,0,0,0,0,0,0,0,0,0,0,0,0,0,0,0,0,0,0,0,0,0,0,0,0,0,0,0,0,0,0,0,0,0,0,0,,
JRD,JRD1101,TODD,junctionroad,Gas,Thrml,2026-07-18,0,0,0,0,0,0,0,0,0,0,0,0,18777,23628,23624,23625,23201,23130,23036,22898,2089,0,0,0,0,0,0,0,0,0,0,0,0,19914,22794,22783,22934,23036,23134,1606,0,0,0,0,0,0,0,0,,
JRD,JRD1101,TODD,junctionroad,Gas,Thrml,2026-07-19,0,0,0,0,0,0,0,0,0,0,0,0,12964,23221,23288,23252,23263,23393,23353,23106,23032,2155,0,0,0,0,0,0,0,0,0,0,0,0,21599,23777,23776,23775,23774,23753,1758,0,0,0,0,0,0,0,,
JRD,JRD1101,TODD,junctionroad,Gas,Thrml,2026-07-20,0,0,0,0,0,0,0,0,0,0,0,0,21109,23772,23777,23778,23774,23777,23789,23782,23766,23775,5209,0,0,0,0,0,17619,23791,23782,23777,23778,23760,46252,48326,48284,47330,47786,48044,48157,48221,9293,0,0,0,0,0,,
JRD,JRD1101,TODD,junctionroad,Gas,Thrml,2026-07-21,0,0,0,0,0,0,0,0,0,0,0,0,20616,45174,47602,47928,47835,47830,47832,9177,0,0,0,0,0,0,0,0,0,0,0,0,20590,23038,23442,23485,23482,23481,23480,23459,23950,23955,23947,23942,2068,0,0,0,,
JRD,JRD1101,TODD,junctionroad,Gas,Thrml,2026-07-22,0,0,0,0,0,0,0,0,0,0,0,0,0,21289,44983,47608,47623,47606,47189,47106,26271,22993,23018,23021,22786,22764,22762,22766,22776,22773,22779,22766,22766,22771,22753,22770,23237,23529,23765,23775,24258,24261,24257,24243,2191,0,0,0,,
JRD,JRD1101,TODD,junctionroad,Gas,Thrml,2026-07-23,0,0,0,0,0,0,0,0,0,0,0,0,17354,23996,24002,24006,24006,24009,2080,0,0,0,0,0,0,0,0,0,0,0,0,20046,23022,23001,23214,23209,23246,23495,1692,0,0,0,0,0,0,0,0,0,,
JRD,JRD1101,TODD,junctionroad,Gas,Thrml,2026-07-24,0,0,0,0,0,0,0,0,0,0,0,0,0,0,0,0,0,0,0,0,0,0,0,0,0,0,0,0,0,0,0,0,0,0,0,0,0,0,0,0,0,0,0,0,0,0,0,0,,
JRD,JRD1101,TODD,junctionroad,Gas,Thrml,2026-07-25,0,0,0,0,0,0,0,0,0,0,0,0,0,0,0,0,0,0,0,0,0,0,0,0,0,0,0,0,0,0,0,0,0,0,0,0,0,0,0,0,0,0,0,0,0,0,0,0,,
JRD,JRD1101,TODD,junctionroad,Gas,Thrml,2026-07-26,0,0,0,0,0,0,0,0,0,0,0,0,0,0,0,0,0,0,0,0,0,0,0,0,0,0,0,0,0,21795,23537,23533,23510,45773,48084,48097,48078,48086,48084,25828,23949,23990,23996,1880,0,0,0,0,,
JRD,JRD1101,TODD,junctionroad,Gas,Thrml,2026-07-27,0,0,0,0,0,0,0,0,0,0,0,0,0,0,19690,45819,48101,48098,48083,47973,48045,26047,2106,0,0,0,0,0,0,0,0,0,19048,23778,23760,45166,48303,48273,48128,47930,47956,47719,47640,47515,8832,0,0,0,,
JRD,JRD1101,TODD,junctionroad,Gas,Thrml,2026-07-28,0,0,0,0,0,0,0,0,0,0,19987,23731,45390,47851,47849,47831,47825,47830,47833,47993,26117,23718,23752,2459,0,0,0,0,0,0,0,0,19852,23755,45643,48280,48248,48250,48191,48069,25736,23711,23775,2196,0,0,0,0,,
JRD,JRD1101,TODD,junctionroad,Gas,Thrml,2026-07-29,0,0,0,0,0,0,0,0,0,0,0,20601,45853,48220,48226,48219,48204,48225,48229,48209,28321,2752,0,0,0,0,0,0,0,0,0,0,0,18164,45325,47511,47848,47840,47828,47827,25614,23699,1789,0,0,0,0,0,,
JRD,JRD1101,TODD,junctionroad,Gas,Thrml,2026-07-30,0,0,0,0,0,0,0,0,0,0,0,0,0,0,0,0,0,0,0,0,0,0,0,0,0,0,0,0,0,0,0,0,0,0,0,0,0,0,0,0,0,0,0,0,0,0,0,0,,
JRD,JRD1101,TODD,junctionroad,Gas,Thrml,2026-07-31,0,0,0,0,0,0,0,0,0,0,0,0,0,0,0,0,0,0,0,0,0,0,0,0,0,0,0,0,0,0,0,0,0,0,0,0,0,0,0,0,0,0,0,0,0,0,0,0,,
KAW,KAW0111,HEDL,kawerau,Geo,Geo,2026-07-01,0,0,0,0,0,0,0,0,0,0,0,0,0,0,0,0,0,0,0,0,0,0,0,0,0,0,0,0,0,0,0,0,0,0,0,0,0,0,0,0,0,0,0,0,0,0,0,0,,
KAW,KAW0111,HEDL,kawerau,Geo,Geo,2026-07-02,0,0,0,0,0,0,0,0,0,0,0,0,0,0,0,0,0,0,0,0,0,0,0,0,0,0,0,0,0,0,0,0,0,0,0,0,0,0,0,0,0,0,0,0,0,0,0,0,,
KAW,KAW0111,HEDL,kawerau,Geo,Geo,2026-07-03,0,0,0,0,0,0,0,0,0,0,0,0,0,0,0,0,0,0,0,0,0,0,0,0,0,0,0,0,0,0,0,0,0,0,0,0,0,0,0,0,0,0,0,0,0,0,0,0,,
KAW,KAW0111,HEDL,kawerau,Geo,Geo,2026-07-04,0,0,0,0,0,0,0,0,0,0,0,0,0,0,0,0,0,0,0,0,0,0,0,0,0,0,0,0,0,0,0,0,0,0,0,0,0,0,0,0,0,0,0,0,0,0,0,0,,
KAW,KAW0111,HEDL,kawerau,Geo,Geo,2026-07-05,0,0,0,0,0,0,0,0,0,0,0,0,0,0,0,0,0,0,0,0,0,0,0,0,0,0,0,0,0,0,0,0,0,0,0,0,0,0,0,0,0,0,0,0,0,0,0,0,,
KAW,KAW0111,HEDL,kawerau,Geo,Geo,2026-07-06,0,0,0,0,0,0,0,0,0,0,0,0,0,0,0,0,0,0,0,0,0,0,0,0,0,0,0,0,0,0,0,0,0,0,0,0,0,0,0,0,0,0,0,0,0,0,0,0,,
KAW,KAW0111,HEDL,kawerau,Geo,Geo,2026-07-07,0,0,0,0,0,0,0,0,0,0,0,0,0,0,0,0,0,0,0,0,0,0,0,0,0,0,0,0,0,0,0,0,0,0,0,0,0,0,0,0,0,0,0,0,0,0,0,0,,
KAW,KAW0111,HEDL,kawerau,Geo,Geo,2026-07-08,0,0,0,0,0,0,0,0,0,0,0,0,0,0,0,0,0,0,0,0,0,0,0,0,0,0,0,0,0,0,0,0,0,0,0,0,0,0,0,0,0,0,0,0,0,0,0,0,,
KAW,KAW0111,HEDL,kawerau,Geo,Geo,2026-07-09,0,0,0,0,0,0,0,0,0,0,0,0,0,0,0,0,0,0,0,0,0,0,0,0,0,0,0,0,0,0,0,0,0,0,0,0,0,0,0,0,0,0,0,0,0,0,0,0,,
KAW,KAW0111,HEDL,kawerau,Geo,Geo,2026-07-10,0,0,0,0,0,0,0,0,0,0,0,0,0,0,0,0,0,0,0,0,0,0,0,0,0,0,0,0,0,0,0,0,0,0,0,0,0,0,0,0,0,0,0,0,0,0,0,0,,
KAW,KAW0111,HEDL,kawerau,Geo,Geo,2026-07-11,0,0,0,0,0,0,0,0,0,0,0,0,0,0,0,0,0,0,0,0,0,0,0,0,0,0,0,0,0,0,0,0,0,0,0,0,0,0,0,0,0,0,0,0,0,0,0,0,,
KAW,KAW0111,HEDL,kawerau,Geo,Geo,2026-07-12,0,0,0,0,0,0,0,0,0,0,0,0,0,0,0,0,0,0,0,0,0,0,0,0,0,0,0,0,0,0,0,0,0,0,0,0,0,0,0,0,0,0,0,0,0,0,0,0,,
KAW,KAW0111,HEDL,kawerau,Geo,Geo,2026-07-13,0,0,0,0,0,0,0,0,0,0,0,0,0,0,0,0,0,0,0,0,0,0,0,0,0,0,0,0,0,0,0,0,0,0,0,0,0,0,0,0,0,0,0,0,0,0,0,0,,
KAW,KAW0111,HEDL,kawerau,Geo,Geo,2026-07-14,0,0,0,0,0,0,0,0,0,0,0,0,0,0,0,0,0,0,0,0,0,0,0,0,0,0,0,0,0,0,0,0,0,0,0,0,0,0,0,0,0,0,0,0,0,0,0,0,,
KAW,KAW0111,HEDL,kawerau,Geo,Geo,2026-07-15,0,0,0,0,0,0,0,0,0,0,0,0,0,0,0,0,0,0,0,0,0,0,0,0,0,0,0,0,0,0,0,0,0,0,0,0,0,0,0,0,0,0,0,0,0,0,0,0,,
KAW,KAW0111,HEDL,kawerau,Geo,Geo,2026-07-16,0,0,0,0,0,0,0,0,0,0,0,0,0,0,0,0,0,0,0,0,0,0,0,0,0,0,0,0,0,0,0,0,0,0,0,0,0,0,0,0,0,0,0,0,0,0,0,0,,
KAW,KAW0111,HEDL,kawerau,Geo,Geo,2026-07-17,0,0,0,0,0,0,0,0,0,0,0,0,0,0,0,0,0,0,0,0,0,0,0,0,0,0,0,0,0,0,0,0,0,0,0,0,0,0,0,0,0,0,0,0,0,0,0,0,,
KAW,KAW0111,HEDL,kawerau,Geo,Geo,2026-07-18,0,0,0,0,0,0,0,0,0,0,0,0,0,0,0,0,0,0,0,0,0,0,0,0,0,0,0,0,0,0,0,0,0,0,0,0,0,0,0,0,0,0,0,0,0,0,0,0,,
KAW,KAW0111,HEDL,kawerau,Geo,Geo,2026-07-19,0,0,0,0,0,0,0,0,0,0,0,0,0,0,0,0,0,0,0,0,0,0,0,0,0,0,0,0,0,0,0,0,0,0,0,0,0,0,0,0,0,0,0,0,0,0,0,0,,
KAW,KAW0111,HEDL,kawerau,Geo,Geo,2026-07-20,0,0,0,0,0,0,0,0,0,0,0,0,0,0,0,0,0,0,0,0,0,0,0,0,0,0,0,0,0,0,0,0,0,0,0,0,0,0,0,0,0,0,0,0,0,0,0,0,,
KAW,KAW0111,HEDL,kawerau,Geo,Geo,2026-07-21,0,0,0,0,0,0,0,0,0,0,0,0,0,0,0,0,0,0,0,0,0,0,0,0,0,0,0,0,0,0,0,0,0,0,0,0,0,0,0,0,0,0,0,0,0,0,0,0,,
KAW,KAW0111,HEDL,kawerau,Geo,Geo,2026-07-22,0,0,0,0,0,0,0,0,0,0,0,0,0,0,0,0,0,0,0,0,0,0,0,0,0,0,0,0,0,0,0,0,0,0,0,0,0,0,0,0,0,0,0,0,0,0,0,0,,
KAW,KAW0111,HEDL,kawerau,Geo,Geo,2026-07-23,0,0,0,0,0,0,0,0,0,0,0,0,0,0,0,0,0,0,0,0,0,0,0,0,0,0,0,0,0,0,0,0,0,0,0,0,0,0,0,0,0,0,0,0,0,0,0,0,,
KAW,KAW0111,HEDL,kawerau,Geo,Geo,2026-07-24,0,0,0,0,0,0,0,0,0,0,0,0,0,0,0,0,0,0,0,0,0,0,0,0,0,0,0,0,0,0,0,0,0,0,0,0,0,0,0,0,0,0,0,0,0,0,0,0,,
KAW,KAW0111,HEDL,kawerau,Geo,Geo,2026-07-25,0,0,0,0,0,0,0,0,0,0,0,0,0,0,0,0,0,0,0,0,0,0,0,0,0,0,0,0,0,0,0,0,0,0,0,0,0,0,0,0,0,0,0,0,0,0,0,0,,
KAW,KAW0111,HEDL,kawerau,Geo,Geo,2026-07-26,0,0,0,0,0,0,0,0,0,0,0,0,0,0,0,0,0,0,0,0,0,0,0,0,0,0,0,0,0,0,0,0,0,0,0,0,0,0,0,0,0,0,0,0,0,0,0,0,,
KAW,KAW0111,HEDL,kawerau,Geo,Geo,2026-07-27,0,0,0,0,0,0,0,0,0,0,0,0,0,0,0,0,0,0,0,0,0,0,0,0,0,0,0,0,0,0,0,0,0,0,0,0,0,0,0,0,0,0,0,0,0,0,0,0,,
KAW,KAW0111,HEDL,kawerau,Geo,Geo,2026-07-28,0,0,0,0,0,0,0,0,0,0,0,0,0,0,0,0,0,0,0,0,0,0,0,0,0,0,0,0,0,0,0,0,0,0,0,0,0,0,0,0,0,0,0,0,0,0,0,0,,
KAW,KAW0111,HEDL,kawerau,Geo,Geo,2026-07-29,0,0,0,0,0,0,0,0,0,0,0,0,0,0,0,0,0,0,0,0,0,0,0,0,0,0,0,0,0,0,0,0,0,0,0,0,0,0,0,0,0,0,0,0,0,0,0,0,,
KAW,KAW0111,HEDL,kawerau,Geo,Geo,2026-07-30,0,0,0,0,0,0,0,0,0,0,0,0,0,0,0,0,0,0,0,0,0,0,0,0,0,0,0,0,0,0,0,0,0,0,0,0,0,0,0,0,0,0,0,0,0,0,0,0,,
KAW,KAW0111,HEDL,kawerau,Geo,Geo,2026-07-31,0,0,0,0,0,0,0,0,0,0,0,0,0,0,0,0,0,0,0,0,0,0,0,0,0,0,0,0,0,0,0,0,0,0,0,0,0,0,0,0,0,0,0,0,0,0,0,0,,
KAW,KAW0112,CHHE,norskeskog,Geo,Geo,2026-07-01,12991,12932,12959,12963,12945,12951,12926,12962,12899,12962,13012,13140,13063,13005,12970,12655,12841,12975,12989,12965,12947,12965,12988,12976,12926,12919,12942,12935,12888,12827,12873,13007,12897,13000,13039,13057,13013,12966,12922,12934,12956,12933,12936,12925,13024,12923,12939,12925,,
KAW,KAW0112,CHHE,norskeskog,Geo,Geo,2026-07-02,12932,12919,12873,12980,13042,13126,13085,13090,13067,13059,13098,13099,13070,13027,12778,12769,12864,12934,12905,12807,12682,13009,12987,13001,12960,12777,12763,12809,12733,12628,12617,12739,12920,13024,13069,13138,13082,12983,12975,12956,12971,12980,13044,12983,13037,13044,12843,12971,,
KAW,KAW0112,CHHE,norskeskog,Geo,Geo,2026-07-03,12975,12944,12796,12450,9750,9639,9656,9638,9575,9647,9675,9669,9657,9618,9628,8788,8611,8663,8724,8714,8695,8655,8570,8602,8593,8622,8712,8641,8370,8428,8199,9489,11359,12008,12692,12828,12867,12622,12313,12474,12500,12549,12498,12482,12899,12842,12714,12755,,
KAW,KAW0112,CHHE,norskeskog,Geo,Geo,2026-07-04,12862,12907,12804,12818,12760,12816,12910,12856,12761,12996,12970,13037,12883,12844,12989,12937,12972,12813,12930,12882,12795,12538,12509,12409,12242,12341,12462,12438,12434,12279,12321,12320,12566,12770,12937,13078,13139,13140,13131,13136,13141,13161,13115,13099,13176,13120,13095,13152,,
KAW,KAW0112,CHHE,norskeskog,Geo,Geo,2026-07-05,13161,13159,13054,13083,13019,13059,13111,13142,13094,13161,13138,13160,13130,13120,13093,13150,13111,12979,13069,13121,13158,13026,13016,12917,12948,12951,12868,12911,12822,12733,12753,12761,12881,13032,13122,13132,13047,12935,12948,12953,13021,13000,12913,12974,13117,13018,13020,13019,,
KAW,KAW0112,CHHE,norskeskog,Geo,Geo,2026-07-06,13019,12999,13128,13004,12924,12969,13142,13165,13145,13141,12973,13025,12953,12943,13118,13048,13053,13046,12950,12850,12918,12966,13081,13079,13045,12883,13020,12874,12739,12761,12791,12759,12977,13055,12976,13007,12981,12876,12830,12928,12936,12943,12941,12979,13093,12995,13021,13020,,
KAW,KAW0112,CHHE,norskeskog,Geo,Geo,2026-07-07,13064,13021,13057,13163,13247,13217,13253,13231,13198,13146,13156,13147,13097,13134,13097,13132,13154,13146,13167,13173,13170,13023,13140,13137,13041,12938,12963,13061,12904,12883,13064,13143,13236,13249,13226,13219,13246,13298,13348,13943,14014,14022,13976,13952,13836,14218,14196,14268,,
KAW,KAW0112,CHHE,norskeskog,Geo,Geo,2026-07-08,14154,14212,14272,14311,14294,13962,14227,14224,14275,14268,13961,13954,13940,13753,13725,13693,13814,13941,14033,13749,13998,13409,13321,13215,13045,13032,13061,12935,12864,12883,12906,13062,13025,13091,13205,13158,13095,12759,13123,13152,13158,13115,13099,13117,13103,13050,13093,13097,,
KAW,KAW0112,CHHE,norskeskog,Geo,Geo,2026-07-09,13019,13078,13093,13086,13096,13102,13109,13105,13116,13063,13066,13049,13002,13130,13180,13197,12841,13106,13162,13155,12982,12473,12137,12183,12622,12820,12836,12722,12575,12694,12769,12924,13005,13122,13050,13069,13090,12965,12963,12991,12975,12979,12988,13026,13013,13076,12761,12950,,
KAW,KAW0112,CHHE,norskeskog,Geo,Geo,2026-07-10,13009,13024,12963,13067,12994,12997,12995,13000,13033,12992,13064,13077,13099,13018,12967,12900,12994,12706,12941,12896,12990,12945,12920,12908,13001,12978,13031,12922,12700,12839,12996,12984,12966,13117,12937,13108,13131,12953,13068,13022,13012,13006,12917,13027,13082,12842,12800,13020,,
KAW,KAW0112,CHHE,norskeskog,Geo,Geo,2026-07-11,13009,13009,12959,13056,12961,13017,12941,12999,12965,13117,12987,13114,13132,13045,13008,12983,12976,12968,13078,13065,13066,13033,13076,13088,13086,13054,13013,13029,12902,12189,12339,12366,12586,12745,12788,12755,12789,12792,12695,12611,12605,12618,12631,12661,12684,12626,12586,12616,,
KAW,KAW0112,CHHE,norskeskog,Geo,Geo,2026-07-12,12712,12754,12743,12773,12829,12840,12798,12804,12778,12835,12832,12817,12795,12805,12877,12897,12748,12741,12693,12726,12806,12629,12579,12523,12246,11876,11492,11527,11769,11707,11231,11186,11289,11394,11896,12183,12197,12180,12177,12168,12140,12124,12113,12090,12118,12094,12423,12834,,
KAW,KAW0112,CHHE,norskeskog,Geo,Geo,2026-07-13,13042,13054,13085,13157,13037,12948,13021,13053,12970,13090,13059,13066,13066,13024,13056,13075,13045,13111,13100,13107,13172,13122,13010,12997,12954,12814,12964,12955,12951,13042,13135,12943,12941,13129,12960,13119,13055,12879,13060,12946,12996,13051,13030,13043,13166,13058,13065,13120,,
KAW,KAW0112,CHHE,norskeskog,Geo,Geo,2026-07-14,13215,13225,13141,12300,12249,12297,12316,12319,12344,12460,12451,12449,12468,12468,12460,12458,12474,12467,12477,12457,12470,12445,12434,12455,12450,12468,12460,12460,12482,12473,12466,12490,12465,12479,12467,12469,12434,12334,12331,12334,12341,12308,12237,12215,12346,12322,12277,12211,,
KAW,KAW0112,CHHE,norskeskog,Geo,Geo,2026-07-15,12281,12220,12240,12117,12068,12107,12046,12037,12003,11942,12143,12099,12138,12031,12022,12073,12063,12055,12059,12115,12085,12089,11971,12076,12033,12016,11898,12011,11991,12097,12125,12127,12150,12107,12091,12089,12020,12017,12071,11964,11945,11964,12455,12674,12838,12898,12860,12835,,
KAW,KAW0112,CHHE,norskeskog,Geo,Geo,2026-07-16,12845,12946,13113,13112,13278,13347,13366,13441,13277,13238,13215,13237,13295,13283,13415,13464,13381,13419,13350,13256,13265,13308,13236,13252,13310,13260,13064,13136,13108,13203,13138,13066,13087,13090,13196,13223,13242,13235,13284,13295,13294,13302,13308,13284,13262,13285,13273,13247,,
KAW,KAW0112,CHHE,norskeskog,Geo,Geo,2026-07-17,13240,13246,13207,13233,13207,13258,13361,13330,13293,13278,13255,13246,13218,13184,13126,13098,13100,13081,13117,13133,13250,13166,13128,13166,13344,13611,13613,13772,13496,13290,13180,13293,13444,13787,14014,13891,13958,13604,13836,13833,13644,13376,13300,13356,13303,13354,13356,13356,,
KAW,KAW0112,CHHE,norskeskog,Geo,Geo,2026-07-18,13344,13330,13355,13354,13345,13296,13348,13312,13350,13305,13314,13345,13300,13192,13186,13210,13198,13256,13247,13245,13339,13317,13224,13222,13214,13185,13247,13120,13178,13204,13230,13286,13314,13265,13314,13254,13261,14225,13636,13796,13657,13704,14460,15042,15120,15162,15171,15212,,
KAW,KAW0112,CHHE,norskeskog,Geo,Geo,2026-07-19,15248,15246,15179,15231,15125,14316,14365,14362,14226,14113,14035,14335,13988,13650,13372,13527,13288,13283,13222,13205,12996,13044,13153,13164,13147,13249,13158,13012,13083,12979,13186,13223,13180,13128,13219,13744,13579,13429,13450,13419,13403,12927,13166,13185,13244,13226,13177,13141,,
KAW,KAW0112,CHHE,norskeskog,Geo,Geo,2026-07-20,13046,13223,13352,13340,13319,13274,13314,13298,13241,13219,13195,13168,13034,13215,13333,14002,13577,13307,13209,13215,13236,12536,13215,13276,13266,13232,13224,13212,13175,13119,13217,13279,13291,13237,13308,13301,13283,13113,13057,12918,12938,13086,13112,13172,13290,13206,13199,13242,,
KAW,KAW0112,CHHE,norskeskog,Geo,Geo,2026-07-21,13142,13210,13219,13212,13237,13169,13258,13272,13304,13309,13284,13226,13269,13233,13257,13200,13219,13233,13239,13230,13242,13233,13248,13239,13217,13215,13572,13406,14092,13829,13512,13364,13359,13329,13314,13153,13211,13261,13235,13226,13229,13234,13244,13224,13178,13210,13203,13199,,
KAW,KAW0112,CHHE,norskeskog,Geo,Geo,2026-07-22,13249,13272,13263,13138,13188,13218,13184,13181,13171,13190,13197,13188,13170,13206,13155,15022,15220,15214,15222,15243,15243,15252,15266,15236,15224,15201,15178,14988,13567,12975,13148,13201,13364,13423,13288,13299,13163,13019,12996,13026,13042,13023,12974,13025,13048,12971,12967,12989,,
KAW,KAW0112,CHHE,norskeskog,Geo,Geo,2026-07-23,12922,13165,13240,13264,13260,13231,13002,13121,13149,13123,13087,13169,13011,13113,13069,13108,13099,13183,13247,13308,13292,13298,13274,13175,13274,13290,13264,13265,13283,13248,13257,13302,13301,13305,13268,13255,13260,13255,13277,13262,13267,13266,13251,13260,13277,13279,13245,13277,,
KAW,KAW0112,CHHE,norskeskog,Geo,Geo,2026-07-24,13290,13266,13285,13298,13280,13269,13266,13263,13265,13253,13265,13250,13195,13237,13197,13250,13257,13209,13226,13259,13278,13263,13251,13204,13224,13194,13150,12960,13099,13209,13213,13211,13148,13181,13169,13159,13176,13106,13079,13133,13088,13090,13080,13111,13077,13129,13075,13073,,
KAW,KAW0112,CHHE,norskeskog,Geo,Geo,2026-07-25,13064,13035,13077,13051,13110,13155,13174,13178,13184,13192,13167,13214,13188,13192,13208,13189,13203,13162,13129,13172,13206,13258,13257,13311,13274,13186,13226,13174,13143,13138,13161,13127,13147,13210,13251,13239,13226,13217,13216,13219,13168,13217,13231,13234,13209,13220,13235,13221,,
KAW,KAW0112,CHHE,norskeskog,Geo,Geo,2026-07-26,13225,13217,13233,13236,13215,13219,13241,13243,13232,13275,13299,13251,13241,13204,13143,13131,13116,13159,13121,13157,13229,13151,13096,13108,13124,13096,13092,13178,13242,13233,13215,13244,13264,13205,13223,13208,13227,13224,13223,13225,13227,13222,13193,13213,13204,13185,13257,13253,,
KAW,KAW0112,CHHE,norskeskog,Geo,Geo,2026-07-27,13235,13194,13257,13248,13205,13231,13210,13232,13228,13219,13216,13235,13251,13190,14544,15197,15213,15204,15178,15200,15206,15203,15198,15187,15195,15185,15164,15197,15155,15197,15109,15164,15147,15195,15228,15209,15219,15204,15201,15218,15211,15213,15224,15226,15224,15207,15224,15215,,
KAW,KAW0112,CHHE,norskeskog,Geo,Geo,2026-07-28,15215,15210,15213,15213,15211,15168,15214,15212,15221,15198,15181,15202,15205,15188,15174,15192,15195,15181,15147,15204,15192,15190,15195,15178,15109,15162,15198,15176,15202,15180,15183,15152,15192,15213,15253,15237,15236,15228,15236,15228,15239,15247,15237,15238,15237,15253,15165,15208,,
KAW,KAW0112,CHHE,norskeskog,Geo,Geo,2026-07-29,15215,15208,15225,15211,15209,15222,15218,15216,15204,15215,15209,15206,15200,15187,15175,15185,15192,15177,15178,15198,15214,15208,15183,15200,15195,15185,15197,15151,15074,15158,15029,15094,15127,15166,15197,15206,15224,15221,15232,15236,15229,15221,15224,15215,15216,15223,15166,15221,,
KAW,KAW0112,CHHE,norskeskog,Geo,Geo,2026-07-30,15229,15227,15225,15238,15239,15234,15238,15225,15242,15225,15225,15192,15200,15191,15200,15214,15186,15168,15186,15168,15129,14645,14977,15193,15191,15192,15149,15175,15141,15203,15166,15191,15241,15233,15235,15233,15225,15229,15246,15235,15242,15237,15236,15235,15242,15241,15240,15230,,
KAW,KAW0112,CHHE,norskeskog,Geo,Geo,2026-07-31,15232,15225,15228,15225,15231,15226,15229,15242,15219,15239,15228,15238,15223,13600,13201,13207,13228,13201,13213,13139,13197,13172,13199,13231,12845,12913,13171,13169,13169,13168,13185,13142,13165,13228,13183,13164,13154,13143,13115,13026,13054,13047,13031,13027,13116,13079,13051,13053,,
KAW,KAW1101,KRGL,kawerau_new,Geo,Geo,2026-07-01,51082,51170,51061,51103,51026,51126,51162,51196,51194,51237,51202,51168,51207,51171,51159,51214,51229,51216,51147,51126,51051,50862,50607,50623,50594,50545,50542,50551,50518,50508,50522,50549,50583,50606,50658,50656,50638,50621,50661,50703,50744,50776,50806,50790,50792,50779,50732,50745,,
KAW,KAW1101,KRGL,kawerau_new,Geo,Geo,2026-07-02,50770,50809,50859,50874,50858,50872,50883,50888,50873,50899,50902,50878,50879,50870,50846,50882,50872,50869,50808,50805,50793,50740,50710,50683,50651,50614,50545,50538,50556,50596,50630,50627,50624,50616,50652,50663,50681,50647,50657,50671,50652,50661,50695,50753,50759,50738,50847,50832,,
KAW,KAW1101,KRGL,kawerau_new,Geo,Geo,2026-07-03,50861,50860,50856,50865,50871,50871,50863,50874,50877,50869,50869,50854,50838,50849,50853,50804,50755,50839,50939,51300,51447,51096,50782,50767,50619,50515,50527,50533,50512,50488,50533,50867,50585,50632,50704,50741,50755,50776,50767,50789,50816,50827,50847,50898,50883,50962,50962,50975,,
KAW,KAW1101,KRGL,kawerau_new,Geo,Geo,2026-07-04,51009,51044,51071,51098,51114,51128,51143,51157,51150,51200,51206,51198,51211,51217,51241,51248,51257,51245,51233,51220,51179,51146,51122,51101,51044,51054,51030,51031,51018,50994,50954,50948,50943,50943,50938,50930,50911,50890,50860,50853,50869,50777,50816,50795,50816,50815,50786,50757,,
KAW,KAW1101,KRGL,kawerau_new,Geo,Geo,2026-07-05,50714,50695,50665,50644,50634,50627,50558,50593,50566,50526,50540,50435,50479,50338,50493,50484,50488,50498,50490,50709,50708,50514,50345,50256,50269,50289,50363,50400,50461,50429,50385,50380,50419,50424,50496,50529,50586,50624,50615,50643,50659,50665,50705,50708,50731,50770,50792,50788,,
KAW,KAW1101,KRGL,kawerau_new,Geo,Geo,2026-07-06,50771,50744,50672,50642,50607,50585,50596,50620,50615,50608,50612,50614,50529,50461,50442,50468,50519,50565,50503,50381,50321,50326,50345,50360,50499,50475,50412,50599,50517,50464,50405,50409,50441,50508,50553,50590,50594,50594,50630,50583,50617,50635,50626,50644,50662,50693,50713,50712,,
KAW,KAW1101,KRGL,kawerau_new,Geo,Geo,2026-07-07,50714,50705,50744,50651,50665,50683,50701,50714,50744,50735,50768,50743,50718,50725,50743,50724,50705,50711,50709,50664,50666,50647,50584,50386,50448,50575,50402,50273,50433,50501,50490,50449,50948,50807,50409,50322,50341,50326,50366,50353,50375,50382,50399,50386,50352,50344,50296,50335,,
KAW,KAW1101,KRGL,kawerau_new,Geo,Geo,2026-07-08,50285,50383,50365,50373,50438,50445,50474,50352,50384,50341,50307,50350,50357,50418,50412,50367,50336,50344,50384,50264,44845,38656,38877,38800,44704,50331,50072,49987,50023,50034,50022,50004,49977,50036,50043,50014,50040,50077,50038,50169,50193,50270,50348,50384,50433,50401,50376,50564,,
KAW,KAW1101,KRGL,kawerau_new,Geo,Geo,2026-07-09,50756,50792,50813,50760,50724,50741,50648,50601,50613,50593,50624,50726,50724,50613,50503,50479,50481,50516,50543,50557,50564,50570,50550,50523,50518,50522,50508,50538,50554,50569,50576,50548,50604,50642,50691,50693,50701,50692,50672,50669,50648,50641,50639,50681,50624,50592,50591,50608,,
KAW,KAW1101,KRGL,kawerau_new,Geo,Geo,2026-07-10,50594,50630,50653,50649,50674,50702,50709,50718,50720,50754,50769,50801,50843,50838,50825,50852,50845,50828,50790,50748,50704,50661,50649,50630,50575,50631,50628,50700,50620,50646,50613,50639,50679,50692,50699,50731,50762,50746,50743,50775,50796,50794,50813,50863,50858,50810,50852,50909,,
KAW,KAW1101,KRGL,kawerau_new,Geo,Geo,2026-07-11,50937,50963,50943,50933,50933,50942,50946,50930,50901,50913,50935,50970,50949,50941,51015,51027,50994,50902,50829,50755,50657,50628,50575,50535,50520,50591,50710,50720,50698,50675,50727,50700,50661,50697,50714,50700,50702,50744,50761,50774,50764,50734,50758,50783,50823,50836,50849,50842,,
KAW,KAW1101,KRGL,kawerau_new,Geo,Geo,2026-07-12,50872,50890,50888,50875,50885,50808,50781,50760,50736,50765,50813,50870,50872,50852,50901,50933,50945,50934,50907,50879,50863,50810,50770,50761,51046,51037,50720,50657,50680,50689,50634,50683,50697,50669,50715,50722,50735,50740,50739,50720,50726,50744,50757,50752,50769,50786,50788,50786,,
KAW,KAW1101,KRGL,kawerau_new,Geo,Geo,2026-07-13,50844,50863,50862,50848,50846,50851,50850,50849,50903,50905,50864,50911,50816,50898,50918,50918,50810,50786,50754,50803,50818,50800,50723,50662,50664,50551,50406,50326,50279,50522,50677,50686,50632,50666,50663,50661,50717,50771,50818,50821,50808,50830,50835,50843,50842,50855,50837,50833,,
KAW,KAW1101,KRGL,kawerau_new,Geo,Geo,2026-07-14,50859,50884,50892,50882,50858,50870,50867,50843,50852,50851,50841,50823,50733,50810,50778,50753,50738,50694,50672,50619,50541,50504,50486,50515,50524,50482,50460,50438,50447,50435,50457,50438,50439,50461,50489,50516,50556,50588,50590,50607,50680,50711,50707,50723,50702,50704,50681,50699,,
KAW,KAW1101,KRGL,kawerau_new,Geo,Geo,2026-07-15,50700,50729,50730,50754,50780,50884,50916,50906,50884,50886,50806,50747,50847,50983,51011,50999,51042,50902,50751,50670,50546,50469,50396,50296,50253,50245,50214,50386,50346,50146,50233,50390,50405,50378,50425,50475,50515,50569,50609,50659,50669,50684,50720,50759,50727,50755,50811,50808,,
KAW,KAW1101,KRGL,kawerau_new,Geo,Geo,2026-07-16,50764,50730,50717,50766,50797,50843,50796,50830,50857,50838,50790,50829,50813,50757,50786,50754,50778,50768,50743,50710,50603,50464,50435,50419,50390,50399,50434,50368,50339,50353,50339,50346,50373,50411,50502,50562,50560,50550,50562,50662,50697,50762,50797,50813,50822,50838,50803,50786,,
KAW,KAW1101,KRGL,kawerau_new,Geo,Geo,2026-07-17,50770,50788,50825,50863,50866,50840,50830,50870,50880,50849,50875,50861,50909,50911,50900,50960,51137,51091,50841,50750,50725,50694,50654,50733,50780,50704,50698,50710,50652,50666,50674,50652,50696,50746,50762,50826,50821,50815,50828,50883,50900,50895,50897,50884,50855,50841,50829,50871,,
KAW,KAW1101,KRGL,kawerau_new,Geo,Geo,2026-07-18,50916,50935,50920,50895,50869,50844,50834,50862,50886,50910,50913,50940,50938,50905,50907,50911,50924,50908,50908,50896,50874,50857,50803,50729,50640,50622,50480,50393,50405,50393,50392,50410,50481,50502,50540,50606,50630,50615,50695,50725,50727,50738,50779,50811,50844,50845,50881,50935,,
KAW,KAW1101,KRGL,kawerau_new,Geo,Geo,2026-07-19,50959,50944,50941,50965,51053,51075,51087,51115,51151,51134,51124,51153,51184,51144,51153,51146,51129,51123,51063,50985,50878,50839,50849,50959,50768,50575,50562,50562,50514,50528,50526,50546,50535,50521,50541,50571,50585,50599,50611,50611,50673,50747,50790,50797,50811,50842,50857,50868,,
KAW,KAW1101,KRGL,kawerau_new,Geo,Geo,2026-07-20,50902,50921,50922,50907,50883,50888,50890,50886,50909,50904,50912,50893,50907,50879,50875,50880,50854,50801,50827,50835,50830,50799,50792,50739,50722,50766,50771,50756,50770,50796,50780,50822,50817,50789,50760,50734,50736,50772,50816,50841,50822,50823,50786,50797,50803,50867,50869,50849,,
KAW,KAW1101,KRGL,kawerau_new,Geo,Geo,2026-07-21,50814,50805,50829,50874,50829,50811,50795,50781,50804,50786,50805,50790,50781,50727,50821,50898,50896,50896,50828,50830,50816,50835,50776,50739,50748,50751,50753,50749,50704,50648,50697,50727,50769,50770,50775,50836,50885,50913,50808,50835,50860,50889,50907,50945,50954,50963,50959,50918,,
KAW,KAW1101,KRGL,kawerau_new,Geo,Geo,2026-07-22,50977,50988,51026,51012,51012,50928,50984,51059,51080,51090,51067,51080,51086,51080,51086,51072,51066,51037,51026,50722,45440,38336,38348,38053,44037,49761,49856,50132,50100,50064,50208,50212,50229,50270,50270,50279,50328,50377,50377,50400,50415,50438,50423,50410,50399,50373,50381,50397,,
KAW,KAW1101,KRGL,kawerau_new,Geo,Geo,2026-07-23,50463,50463,50561,50473,50492,50495,50502,50520,50516,50524,50551,50560,50543,50548,50558,50516,50526,50411,50340,50288,50246,50194,50108,50157,50201,50216,50196,50183,50162,50160,50155,50121,50175,50188,50167,50201,50236,50272,50285,50279,50311,50327,50306,50324,50329,50313,50304,50311,,
KAW,KAW1101,KRGL,kawerau_new,Geo,Geo,2026-07-24,50323,50323,50331,50332,50312,50316,50310,50315,50310,50315,50338,50332,50365,50353,50331,50340,50335,50282,50249,50224,50171,50145,50098,50112,50099,50090,50102,50099,50072,50081,50028,49970,49998,50003,49997,49969,50005,50003,50028,49995,49980,49955,49940,49970,49954,49997,50002,49981,,
KAW,KAW1101,KRGL,kawerau_new,Geo,Geo,2026-07-25,49983,49998,50023,50028,50042,50089,50103,50110,50159,50182,50188,50173,50085,50136,50194,50191,50198,50225,50250,50249,50262,50190,50158,50151,50139,50152,50092,50111,50195,50204,50169,50141,50087,50126,50152,50197,50176,50128,50141,50128,50078,50028,50081,50120,50184,50227,50285,50281,,
KAW,KAW1101,KRGL,kawerau_new,Geo,Geo,2026-07-26,50276,50295,50315,50315,50321,50356,50354,50372,50359,50388,50411,50397,50377,50337,50396,50408,50360,50381,50399,50406,50391,50364,50333,50307,50295,50309,50495,50605,50415,50255,50261,50270,50251,50241,50262,50291,50298,50325,50306,50287,50268,50284,50302,50344,50331,50370,50392,50400,,
KAW,KAW1101,KRGL,kawerau_new,Geo,Geo,2026-07-27,50428,50364,50370,50342,50350,50421,50433,50436,50462,50460,50479,50441,50441,50440,50430,50359,50326,50360,50333,50325,50324,50330,50346,50333,50314,50289,50295,50301,50242,50229,50176,50164,50210,50263,50291,50314,50315,50312,50324,50293,50288,50303,50352,50435,50474,50483,50469,50441,,
KAW,KAW1101,KRGL,kawerau_new,Geo,Geo,2026-07-28,50448,50442,50451,50418,50402,50418,50448,50430,50409,50382,50369,50355,50392,50425,50443,50483,50502,50485,50299,50325,50317,50303,50290,50249,50234,50197,50203,50193,50153,50144,50128,50114,50097,50114,50071,50097,50097,50155,50176,50156,50170,50208,50254,50257,50273,50272,50251,50284,,
KAW,KAW1101,KRGL,kawerau_new,Geo,Geo,2026-07-29,50309,50340,50331,50333,50339,50312,50328,50332,50310,50298,50323,50358,50378,50437,50509,50516,50504,50496,50480,50449,50396,50383,50337,50352,50335,50287,50268,50298,50257,50258,50269,50260,50256,50202,50163,50248,50299,50325,50347,50362,50378,50365,50367,50329,50341,50341,50364,50359,,
KAW,KAW1101,KRGL,kawerau_new,Geo,Geo,2026-07-30,50387,50422,50463,50452,50430,50447,50451,50472,50449,50441,50449,50470,50473,50405,50461,50451,50441,50443,50421,50398,50360,50282,50199,50147,50112,50080,50098,50083,50074,50070,50061,50063,50040,50020,50102,50137,50136,50149,50167,50137,50126,50153,50183,50245,50264,50248,50228,50273,,
KAW,KAW1101,KRGL,kawerau_new,Geo,Geo,2026-07-31,50292,50219,50155,50162,50104,50065,50037,50028,49991,49982,50046,50055,50071,50065,50082,50156,50171,50149,50071,50008,49982,50073,50123,49963,50028,50105,50125,50092,49994,50037,50163,50214,50206,50236,50280,50281,50283,50278,50260,50377,50412,50393,50436,50434,50454,50472,50515,50542,,
KAW,KAW2201,TAOM,kawerau_(topp2),GEO,GEO,2026-07-01,38639,38396,38486,38364,38317,38421,38384,38431,38502,38436,38548,38527,38597,38548,38728,38490,38483,38309,38189,37989,37835,37544,37047,24181,12472,12568,12526,11531,18385,26345,32079,35312,36970,38366,38437,37749,37548,37764,38378,38536,38522,38602,38730,38419,38515,38487,38485,38632,,
KAW,KAW2201,TAOM,kawerau_(topp2),GEO,GEO,2026-07-02,38384,37858,37726,37934,38046,38162,38175,38339,35313,24739,24898,24957,25131,25593,24763,24597,24885,24593,24920,24666,24375,23684,23938,24717,24369,24264,23914,24306,24160,24262,24280,24258,24138,25010,28387,34914,37517,38358,37923,37890,38141,38333,38324,38117,38154,38162,38122,38089,,
KAW,KAW2201,TAOM,kawerau_(topp2),GEO,GEO,2026-07-03,38188,38335,38252,38305,38316,38425,38414,38445,38229,38014,37964,38140,38316,38223,38411,38466,38463,38265,37996,37862,37647,37371,37526,29922,28393,31315,12964,11758,11878,12243,12361,12405,12535,12709,12894,12940,12965,12943,12928,12983,13028,13042,13070,13138,13159,13200,13196,13191,,
KAW,KAW2201,TAOM,kawerau_(topp2),GEO,GEO,2026-07-04,13157,13188,13194,13250,13231,13255,13241,13254,13254,13256,13259,13248,13248,13208,13218,13268,13242,13176,13073,13001,12870,12750,12668,12563,12438,12519,12542,11654,11582,11418,11407,21246,34733,37776,35849,33104,32084,32233,32368,32134,30757,32389,31745,32075,32205,32355,32117,31996,,
KAW,KAW2201,TAOM,kawerau_(topp2),GEO,GEO,2026-07-05,32352,31783,32432,31993,32019,32194,31913,30989,31694,31368,32348,32647,31702,32145,30785,31089,31500,31369,31638,31898,31709,31254,30792,30218,29052,30809,31062,31329,31005,30935,30828,30970,31411,32154,32308,31524,31844,31671,31744,32006,31938,31618,31928,31946,32087,32167,32043,32098,,
KAW,KAW2201,TAOM,kawerau_(topp2),GEO,GEO,2026-07-06,32034,31787,31557,31357,31301,31247,30994,31088,31052,31402,31685,31404,31144,31267,31637,31162,30249,30425,30558,30618,30658,30055,30089,31378,31166,30743,31203,31102,31113,30878,31223,31135,31635,31422,31810,31677,31171,31184,31543,31397,31607,31854,31593,31699,31693,31887,31877,31976,,
KAW,KAW2201,TAOM,kawerau_(topp2),GEO,GEO,2026-07-07,31845,31878,32037,31844,31711,31846,31944,31959,32026,32052,31808,31913,31959,31885,31759,31830,31734,29760,29389,29097,28814,28599,28554,28489,28340,28386,28163,28480,28289,28461,28759,28688,28859,30142,34009,34705,33882,33870,34138,34282,34441,34444,34504,34662,34655,34783,34714,34759,,
KAW,KAW2201,TAOM,kawerau_(topp2),GEO,GEO,2026-07-08,34922,34804,34844,35170,35206,35233,34891,35009,35029,34977,34985,34949,34961,35115,35270,35391,35359,35196,34967,34637,34520,34163,33564,33740,33713,33698,33657,33841,33954,33942,33903,34076,34618,35023,35306,35108,34840,35186,35001,34709,35478,35616,35808,35826,35376,35537,35390,35760,,
KAW,KAW2201,TAOM,kawerau_(topp2),GEO,GEO,2026-07-09,35907,35475,35157,35062,35277,35363,35062,34919,34967,34714,34098,33810,34653,35255,35276,35412,35105,35623,35439,35222,35864,35816,35473,35863,36127,36125,36382,36202,36423,36279,36393,36408,36316,36652,37092,36446,36197,36923,36673,36975,37075,37096,37057,37009,36774,36395,36570,36857,,
KAW,KAW2201,TAOM,kawerau_(topp2),GEO,GEO,2026-07-10,36882,36621,36882,36841,37114,37135,37022,37108,37408,37647,37475,37298,37400,37478,37520,37644,37492,37458,37431,37064,37078,36644,36338,36498,36192,36513,35929,36493,36586,36562,36767,36903,36980,37304,37537,37891,37894,38091,37697,37791,38076,38338,38244,38193,38266,38407,38578,38253,,
KAW,KAW2201,TAOM,kawerau_(topp2),GEO,GEO,2026-07-11,38291,38160,38104,37908,38101,38110,38236,37726,37629,37558,37984,37994,37952,37946,38023,37619,37279,36706,35938,35760,35711,35565,35585,35693,35546,35532,35985,36158,36200,36304,36580,36724,36930,37350,37514,36834,36660,36652,37536,37369,37048,36880,36885,36788,37014,36855,36679,36919,,
KAW,KAW2201,TAOM,kawerau_(topp2),GEO,GEO,2026-07-12,36656,36816,36899,36820,36889,36927,36735,36957,36867,36589,36720,36699,36719,36661,36661,36698,36548,36631,36358,36556,36423,36390,36200,36147,36253,36585,37002,36821,36891,37050,36916,37100,37328,37817,37926,37962,37783,37383,36705,36409,36482,36396,36469,36457,35961,35731,35560,35317,,
KAW,KAW2201,TAOM,kawerau_(topp2),GEO,GEO,2026-07-13,35177,34886,34830,34428,34641,34389,34484,34221,34100,34132,34256,33912,34206,34067,34190,33771,33896,33683,34415,34486,35790,36608,36975,36268,36712,36798,36265,36655,36373,36288,36520,36774,36488,36987,37397,37667,37829,37873,37745,37743,37703,36961,36146,35837,35693,35596,35578,35759,,
KAW,KAW2201,TAOM,kawerau_(topp2),GEO,GEO,2026-07-14,35664,35650,35665,35597,35517,35322,35310,35536,35906,35834,35555,35580,35599,35686,36081,36706,36857,36617,36654,36515,36629,36888,36681,36759,36637,36398,36640,36323,36296,36168,36190,36230,36487,36836,37452,37588,37898,37800,37812,37934,38002,37949,37715,37351,37570,37591,37328,37399,,
KAW,KAW2201,TAOM,kawerau_(topp2),GEO,GEO,2026-07-15,37568,37599,37644,37594,37556,37616,37657,37502,37696,37628,37426,36874,37137,37256,37735,37399,37203,36743,36404,35753,35941,36636,37075,36807,36859,36694,36733,36050,36537,35716,36674,36552,36383,36798,37220,37194,37301,37438,37344,37491,37389,36781,36288,36247,35998,36210,36418,36483,,
KAW,KAW2201,TAOM,kawerau_(topp2),GEO,GEO,2026-07-16,36405,36390,36312,35920,36139,36267,36293,36068,35960,35902,35904,35978,36049,36060,36014,35877,36145,36483,36535,36804,36291,36444,36640,36499,35775,35859,35892,35707,35943,36152,36316,36388,36572,36579,37336,36584,36686,36610,36616,36720,36632,36538,36584,36715,36430,35756,35771,35103,,
KAW,KAW2201,TAOM,kawerau_(topp2),GEO,GEO,2026-07-17,12317,12655,13000,13070,13070,13070,13023,13022,13061,13079,13058,13056,13062,13057,12996,12982,12512,12013,17946,24974,31638,35971,36856,37295,36217,36042,35693,35638,35308,36204,36197,36294,36404,36539,36466,35414,36276,36680,36624,36779,36579,36414,36175,36261,36188,36211,36477,36913,,
KAW,KAW2201,TAOM,kawerau_(topp2),GEO,GEO,2026-07-18,36825,36550,36581,36717,36435,36719,36776,36777,36801,36786,36576,36728,36795,36752,36784,36675,36565,36256,35912,36048,36462,36292,36275,35666,35826,35771,35945,35897,35864,36020,35867,36020,36145,36061,36202,36638,36116,36627,36798,36600,36369,36814,36676,36632,36073,36058,35898,35763,,
KAW,KAW2201,TAOM,kawerau_(topp2),GEO,GEO,2026-07-19,35747,35934,35489,36097,36042,36182,36129,36113,36014,36027,36171,35977,36135,36247,35955,36140,35735,35346,35652,36002,36214,36146,35714,35369,35423,35908,36225,36416,36378,36255,36432,36464,36507,37080,37149,37119,37335,36849,36433,36642,36906,36867,36642,36378,36385,36815,36745,36358,,
KAW,KAW2201,TAOM,kawerau_(topp2),GEO,GEO,2026-07-20,36486,36504,36684,36740,36691,36700,36561,36451,36441,36383,36402,36444,36132,36265,36612,36527,36545,36842,36757,36248,35977,36018,36100,36482,36202,36517,36788,37256,37279,37138,37111,37314,37567,37768,37868,37889,38004,38076,37852,37624,37876,37883,37872,37855,37750,37730,37486,37382,,
KAW,KAW2201,TAOM,kawerau_(topp2),GEO,GEO,2026-07-21,37633,37712,37199,37046,37005,37140,36813,37073,37107,36774,36893,36861,36802,36527,36665,36580,36623,36437,36638,36594,36251,36013,35720,35946,35464,35396,35655,36015,36341,36774,37588,37487,37810,37896,38280,38306,37668,37224,37595,37686,37772,37934,37771,37674,37511,37249,36561,36427,,
KAW,KAW2201,TAOM,kawerau_(topp2),GEO,GEO,2026-07-22,36535,36841,37034,36958,36718,36978,36964,37506,36789,36454,37028,36740,36289,36456,36619,36919,37393,37373,38049,37634,37135,37168,37569,37314,37030,37086,36875,37025,37004,37466,37339,37636,37542,37939,38168,38036,38267,38380,38358,38010,38003,38206,38444,36652,38025,38395,38176,38071,,
KAW,KAW2201,TAOM,kawerau_(topp2),GEO,GEO,2026-07-23,38449,38023,37618,37494,37603,37272,37310,37463,37405,37597,37254,36707,36405,36246,37353,38316,38213,37639,37632,38368,38908,38694,38318,38162,38269,36308,37175,38022,38061,38143,38227,38237,38030,38427,38608,38639,37964,38056,38222,38177,38189,38147,38402,38435,38408,38532,38580,38577,,
KAW,KAW2201,TAOM,kawerau_(topp2),GEO,GEO,2026-07-24,38612,38672,38718,38599,38792,38783,38784,38791,38806,38859,38633,38702,38562,38701,38670,38915,38261,32000,35894,37980,37389,36970,36808,37310,37619,37234,36933,36667,36586,37196,37589,37407,37776,37918,37800,38110,38066,38083,37402,36999,37794,37631,38049,37688,37798,37676,37776,37782,,
KAW,KAW2201,TAOM,kawerau_(topp2),GEO,GEO,2026-07-25,37901,38280,38200,38136,38556,38410,38535,38698,38453,38752,38213,38253,38315,37995,38026,38034,38209,38501,38234,38420,37647,37573,37622,37225,37650,37593,37469,37869,37841,37597,37498,37352,37969,38148,38018,38013,38197,37163,37286,38063,37871,37732,38080,38386,38369,38463,38601,38222,,
KAW,KAW2201,TAOM,kawerau_(topp2),GEO,GEO,2026-07-26,38712,38739,38568,38696,38620,38570,38779,37397,37545,38705,38227,37864,37872,37779,37922,38397,38387,38230,38365,38474,38110,37554,37307,37719,37732,37955,37923,38455,38197,37775,37862,38165,38400,38477,38242,38349,38528,38666,38410,38221,38499,38772,38682,38821,38732,38871,38642,38393,,
KAW,KAW2201,TAOM,kawerau_(topp2),GEO,GEO,2026-07-27,38224,38463,38813,38522,38213,37998,38181,38024,38273,38404,38037,38125,37957,37873,37997,37955,37208,38044,37357,36418,37296,38051,38592,38212,37856,37384,36903,36899,37352,37540,37577,37808,38304,38333,38561,38513,38360,38350,37953,37859,37988,38341,38202,38333,37731,38163,38218,37969,,
KAW,KAW2201,TAOM,kawerau_(topp2),GEO,GEO,2026-07-28,37707,37908,37459,37615,37687,37730,37551,37816,37752,37766,37978,38047,37729,37349,37509,37484,37465,37053,37122,37068,37001,37500,37540,37678,37990,37992,37506,37669,37456,37870,37586,38002,38525,38284,37937,38588,38399,38686,38478,38321,38730,38771,38568,38650,38517,38383,37977,37768,,
KAW,KAW2201,TAOM,kawerau_(topp2),GEO,GEO,2026-07-29,37498,37641,37701,37747,37466,37613,38148,38277,38181,38189,37970,37646,37490,37637,37887,37593,37515,37246,36813,36616,36441,36522,36088,36200,35830,35818,36477,37515,37773,37860,38052,38022,38353,38312,38321,38631,38395,38640,38684,38888,38513,38650,38714,38608,38519,38451,38642,38232,,
KAW,KAW2201,TAOM,kawerau_(topp2),GEO,GEO,2026-07-30,38245,38435,38253,37940,37938,37823,37607,37543,37506,37247,37193,38318,38427,38470,38484,38484,38402,38097,37855,37964,37844,38380,37998,37846,37896,37976,37903,37999,37565,37979,38054,37963,38181,37641,37744,38355,38640,38588,38438,38618,38215,38478,38763,38425,38482,38426,38539,38490,,
KAW,KAW2201,TAOM,kawerau_(topp2),GEO,GEO,2026-07-31,38470,38123,37827,37181,36556,36947,36327,36355,36545,36627,37351,38425,37877,38279,38385,38698,38129,37874,37245,37377,37360,37503,37530,38031,37699,37612,37636,37881,37698,38000,38021,38160,37685,37505,38376,37420,37484,38217,38587,38610,38181,38489,38741,38152,37772,37924,37913,38309,,
KIN,KIN0112,POCO,kinleith,Wood,Cogen,2026-07-01,5352,5133,4941,4970,4939,6597,5215,4941,7118,5666,4947,8553,12013,12181,11772,11893,12166,12089,12427,12446,12022,11947,12257,11883,11657,11840,12122,11839,11751,11395,12053,10492,11927,11501,10607,10748,10842,10888,10934,11816,12208,12363,12290,12298,12362,12335,12234,12257,,
KIN,KIN0112,POCO,kinleith,Wood,Cogen,2026-07-02,12408,12398,12666,12646,12533,12392,12343,12367,12527,12409,12551,12468,12535,12585,12479,12664,12454,12354,12371,12254,12096,12105,11971,11865,12010,12016,12003,12065,11934,12388,12212,12245,12338,12140,10608,12357,12390,12340,12205,12280,12484,12256,12375,10575,12345,12285,12446,12308,,
KIN,KIN0112,POCO,kinleith,Wood,Cogen,2026-07-03,12207,12067,12166,11995,12293,12169,11976,12185,12467,12403,12134,12256,12014,12572,11973,10179,12952,12973,12784,12744,12770,12555,10405,11665,12245,12620,12402,11583,11751,11427,11712,11183,11483,10694,8707,11969,11990,12094,12173,11970,12400,12037,12058,12272,12799,12920,12749,12675,,
KIN,KIN0112,POCO,kinleith,Wood,Cogen,2026-07-04,12573,11168,9017,11474,12607,11900,12917,9350,11199,11952,10163,9971,11111,10921,11355,11977,11555,11543,11756,11924,11995,12127,12373,12311,12311,12062,11869,12163,12294,12463,12456,12491,12649,12441,12823,12603,12487,12759,12620,12542,12000,12297,9055,7495,10329,11765,12043,12436,,
KIN,KIN0112,POCO,kinleith,Wood,Cogen,2026-07-05,12028,12114,12709,12451,12601,12505,12686,12113,12093,12258,12111,12071,12610,12565,12738,12256,7783,11803,12492,12158,12221,12263,11743,12285,12041,12403,11819,12035,11981,12393,12137,11899,11451,11806,11813,12116,11897,12436,11590,11462,12145,11047,12455,11921,12170,12271,12080,12068,,
KIN,KIN0112,POCO,kinleith,Wood,Cogen,2026-07-06,12000,12132,11709,12014,12035,11646,8800,8421,10386,11216,11727,11740,11637,10175,10834,10603,11024,11189,11773,11114,11845,11775,6461,10501,12104,12109,12520,11854,11817,11812,11574,10687,11832,11738,11482,11572,10051,8667,11743,11820,11846,11550,11880,11883,12128,11868,11688,11187,,
KIN,KIN0112,POCO,kinleith,Wood,Cogen,2026-07-07,11590,11710,11673,11760,11590,11878,12140,11725,11605,11641,11758,11714,11753,11464,11374,11398,11410,11350,11332,11302,11077,10507,11921,11496,11151,11482,11508,12066,11467,9980,9336,11574,11665,11762,7901,11619,11676,10856,11791,11858,11857,11686,10521,11875,12157,11498,11926,11799,,
KIN,KIN0112,POCO,kinleith,Wood,Cogen,2026-07-08,11607,11596,11546,12002,12372,11933,10464,11946,11908,11886,11869,11739,11906,11709,11785,11392,11942,12239,12208,12177,12369,12347,12309,12159,12218,12363,9840,9942,11551,10912,10775,10531,11765,10201,8530,10924,11615,10853,11571,11844,11659,11218,11192,11506,11789,11767,11822,11925,,
KIN,KIN0112,POCO,kinleith,Wood,Cogen,2026-07-09,12151,12078,11864,11703,11878,11764,11779,12005,11830,12068,12163,12035,12099,11916,11436,10682,10227,10209,8756,8574,9763,10715,10199,10707,11229,9518,10611,11248,11892,10891,10794,10024,10435,7464,11259,11237,10688,11017,11098,10870,11274,11566,12104,11816,12016,11888,11953,11740,,
KIN,KIN0112,POCO,kinleith,Wood,Cogen,2026-07-10,11838,11810,11882,11853,12188,11950,11879,11747,11808,11843,11840,11668,11719,11783,11786,11785,11565,11875,11620,11382,11620,11400,12464,11431,11720,11688,11464,11492,11369,11590,11577,11372,11526,11273,11611,11890,11415,11443,11606,11722,11718,11498,11860,11984,11645,11477,11899,11836,,
KIN,KIN0112,POCO,kinleith,Wood,Cogen,2026-07-11,11464,11632,11729,11325,11163,11756,11824,11751,11797,11529,11888,12123,11831,11719,11610,11912,12175,11948,12031,11896,12165,12058,11897,11763,11956,11640,11512,11927,11633,11435,11381,11580,11573,11540,11713,11526,11823,12027,11773,11572,11579,11550,11389,11248,11471,11659,11903,11543,,
KIN,KIN0112,POCO,kinleith,Wood,Cogen,2026-07-12,11228,11159,11341,11317,11008,11602,11345,11293,11745,11735,11708,11693,11959,11668,11852,11904,11892,11780,11972,12100,11725,11594,11486,11510,11751,11421,11735,11526,11084,11179,11275,11263,11277,11201,11027,11189,11314,11214,10999,11181,11230,10830,10310,10521,10752,11090,11349,11225,,
KIN,KIN0112,POCO,kinleith,Wood,Cogen,2026-07-13,10996,11034,11114,11162,10772,10982,11023,10936,10731,10965,11596,11613,11089,11084,11420,11391,11260,11347,11532,11279,11207,11423,11377,11313,8171,9233,10652,10983,11472,10623,10525,10771,11044,10961,10855,11578,11962,11626,11485,11576,11450,11458,11251,10907,11167,11207,11305,11438,,
KIN,KIN0112,POCO,kinleith,Wood,Cogen,2026-07-14,11387,11649,11624,11604,11879,11821,11778,11711,11741,11726,11678,11985,11782,11731,11660,11646,11729,11549,11431,11462,11849,11803,11901,12035,11825,11808,11651,11468,11347,11147,11191,10900,10865,11202,11114,10919,11255,11475,10938,11276,10993,11031,11224,11276,11234,10910,11166,11641,,
KIN,KIN0112,POCO,kinleith,Wood,Cogen,2026-07-15,11540,11553,11427,11179,11533,11456,11436,11419,11513,11547,11564,11629,11465,11544,11335,11423,11373,11097,10263,10159,10449,10702,10884,10977,11593,11640,10941,10052,9141,9426,9543,10807,11576,11314,11309,11638,11699,11336,11246,10769,10920,11033,10994,11041,11635,11560,11353,11425,,
KIN,KIN0112,POCO,kinleith,Wood,Cogen,2026-07-16,11395,11403,11535,11584,11809,11517,11234,11510,11428,11462,10117,8090,9387,8740,8925,8025,6975,8261,8228,6420,5101,8234,8593,8013,7813,7769,7722,7808,7573,7557,7647,7246,7226,7496,7778,8137,7571,7773,7970,8191,8024,7608,7459,7195,7281,8506,7260,6704,,
KIN,KIN0112,POCO,kinleith,Wood,Cogen,2026-07-17,6757,6581,6220,5834,6175,5863,5677,4950,4942,4943,4937,4945,5015,5244,5135,4246,1,0,0,0,0,0,0,0,0,0,0,0,0,0,0,0,0,0,0,0,0,0,0,0,0,0,0,0,0,0,0,0,,
KIN,KIN0112,POCO,kinleith,Wood,Cogen,2026-07-18,0,0,0,0,0,0,0,0,0,0,0,0,0,0,0,0,0,0,0,0,0,0,0,0,0,0,0,0,0,0,0,0,0,0,0,0,0,0,0,0,0,0,0,0,0,0,0,0,,
KIN,KIN0112,POCO,kinleith,Wood,Cogen,2026-07-19,0,0,0,0,0,0,0,0,0,0,0,0,0,0,0,0,0,0,0,0,0,0,0,0,0,0,0,0,0,0,0,0,0,0,0,0,0,0,0,0,0,0,0,0,0,0,0,0,,
KIN,KIN0112,POCO,kinleith,Wood,Cogen,2026-07-20,0,0,0,0,0,0,0,0,0,0,0,0,0,0,0,0,0,0,0,0,0,0,0,0,0,0,0,0,0,0,0,0,0,0,0,0,0,0,0,0,0,0,0,0,0,0,0,0,,
KIN,KIN0112,POCO,kinleith,Wood,Cogen,2026-07-21,0,0,0,0,0,0,0,0,0,0,0,0,0,0,0,0,0,0,0,0,0,0,0,0,0,0,0,0,0,0,0,0,0,0,0,0,0,0,0,0,0,0,0,0,0,0,0,0,,
KIN,KIN0112,POCO,kinleith,Wood,Cogen,2026-07-22,0,0,0,0,0,0,0,0,0,0,0,0,0,0,0,0,0,0,0,0,0,0,0,0,0,0,0,0,0,0,3021,6359,6526,6667,6484,6563,6263,6764,7065,5073,5202,5584,5497,6186,8921,8676,7623,6867,,
KIN,KIN0112,POCO,kinleith,Wood,Cogen,2026-07-23,7281,7574,7181,7568,7123,7968,9036,7828,7841,8910,8706,8452,9526,10254,10068,10003,9901,9726,9789,9252,9728,11012,11077,11874,11209,11585,9762,10508,9482,8448,11042,9743,11476,12029,11802,11766,10830,10587,10496,10530,10681,10175,10141,10242,11085,10953,11354,11709,,
KIN,KIN0112,POCO,kinleith,Wood,Cogen,2026-07-24,11677,11726,11903,11976,11953,11765,11837,11877,11949,11933,11929,11936,12042,11607,11564,11499,11022,11053,11509,11281,11430,11577,9093,8539,11356,10400,11039,9949,11137,10984,11948,11898,11977,11977,11892,11948,12032,12011,11862,12107,11899,11749,11600,11656,11408,10890,10451,10981,,
KIN,KIN0112,POCO,kinleith,Wood,Cogen,2026-07-25,11392,11156,10887,10470,10445,10313,9485,9732,9491,8764,9209,9061,8666,8773,7346,7521,5801,142,1,0,0,0,0,0,0,0,0,0,0,0,0,0,0,0,0,0,0,0,0,0,0,0,0,0,0,0,0,0,,
KIN,KIN0112,POCO,kinleith,Wood,Cogen,2026-07-26,0,0,0,0,0,0,0,0,0,0,0,0,0,0,0,0,0,0,0,0,0,0,0,0,0,0,0,0,0,0,0,0,0,0,0,0,0,0,0,0,0,0,0,0,0,0,0,0,,
KIN,KIN0112,POCO,kinleith,Wood,Cogen,2026-07-27,0,0,0,0,0,0,0,0,0,0,0,0,0,0,0,0,0,0,0,0,0,0,0,0,149,2771,7613,12049,11912,12408,12616,12484,12063,11977,11718,11648,11404,11600,11391,8495,10919,10985,11059,10953,10963,11078,10952,11076,,
KIN,KIN0112,POCO,kinleith,Wood,Cogen,2026-07-28,11271,7663,8530,10523,11854,11737,10336,11816,10819,8993,7867,7754,8513,7384,7272,7802,11590,11678,11546,12024,11919,12008,9031,11693,11582,11876,11992,12298,12447,12453,12347,12174,11929,12013,11717,11716,12126,12147,12206,12113,11888,12038,8381,11675,11865,11717,11682,11596,,
KIN,KIN0112,POCO,kinleith,Wood,Cogen,2026-07-29,11855,11855,11810,11855,11815,11841,11783,11750,11780,11330,11591,8240,11650,10618,9399,12163,12178,12007,12110,12192,11912,11697,11726,11589,11498,11647,11604,11644,11774,11473,11268,11296,11653,11525,11621,11745,12123,11992,11854,12001,11773,12300,12039,12013,12091,11847,11698,11923,,
KIN,KIN0112,POCO,kinleith,Wood,Cogen,2026-07-30,11738,11684,11750,11772,12328,11922,11728,11735,11731,11850,11830,11866,11855,11850,11671,11765,11807,11482,11710,11810,11609,11167,11895,11681,11895,11794,11978,11574,11715,11891,11898,11764,11833,10026,10347,11975,12180,11914,12106,11971,11847,11764,11792,11929,12000,12204,11596,12173,,
KIN,KIN0112,POCO,kinleith,Wood,Cogen,2026-07-31,11931,11931,11865,11986,11936,11852,11979,12078,12008,11950,11858,11743,11838,11955,12061,11859,11770,11759,11818,11798,11847,11983,11917,11906,12007,12043,12225,12081,12040,11973,12052,11969,12148,12154,11312,11082,12346,10969,11767,12115,12072,12128,12150,12143,12170,12087,11556,12006,,
KIW,KIW2201,MRPL,kaiwera_downs_(stage_2),WIN,ONW,2026-07-01,0,0,0,0,0,0,0,0,0,0,0,0,0,0,0,0,0,0,0,0,0,0,0,0,0,0,0,0,0,0,0,0,0,0,0,0,0,0,0,0,0,0,0,0,0,0,0,0,,
KIW,KIW2201,MRPL,kaiwera_downs_(stage_2),WIN,ONW,2026-07-02,0,0,0,0,0,0,0,0,0,0,0,0,0,0,0,0,0,0,0,0,0,0,0,0,0,0,0,0,0,0,0,0,0,0,0,0,0,0,0,0,0,0,0,0,0,0,0,0,,
KIW,KIW2201,MRPL,kaiwera_downs_(stage_2),WIN,ONW,2026-07-03,0,0,0,0,0,0,0,0,0,0,0,0,0,0,0,0,0,0,0,0,0,0,0,0,0,0,0,0,0,0,0,0,0,0,0,0,0,0,0,0,0,0,0,0,0,0,0,0,,
KIW,KIW2201,MRPL,kaiwera_downs_(stage_2),WIN,ONW,2026-07-04,0,0,0,0,0,0,0,0,0,0,0,0,0,0,0,0,0,0,0,0,0,0,0,0,0,0,0,0,0,0,0,0,0,0,0,0,0,0,0,0,0,0,0,0,0,0,0,0,,
KIW,KIW2201,MRPL,kaiwera_downs_(stage_2),WIN,ONW,2026-07-05,0,0,0,0,0,0,0,0,0,0,0,0,0,0,0,0,0,0,0,0,0,0,0,0,0,0,0,0,0,0,0,0,0,0,0,0,0,0,0,0,0,0,0,0,0,0,0,0,,
KIW,KIW2201,MRPL,kaiwera_downs_(stage_2),WIN,ONW,2026-07-06,0,0,0,0,0,0,0,0,0,0,0,0,0,0,0,0,0,0,0,0,0,0,0,0,0,0,0,0,0,0,0,0,0,0,0,0,0,0,0,0,0,0,0,0,0,0,0,0,,
KIW,KIW2201,MRPL,kaiwera_downs_(stage_2),WIN,ONW,2026-07-07,0,0,0,0,0,0,0,0,0,0,0,0,0,0,0,0,0,0,0,0,0,0,0,0,0,0,0,0,0,0,0,0,0,0,0,0,0,0,0,0,0,0,0,0,0,0,0,0,,
KIW,KIW2201,MRPL,kaiwera_downs_(stage_2),WIN,ONW,2026-07-08,0,0,0,0,0,0,0,0,0,0,0,0,0,0,0,0,0,0,0,0,0,0,0,0,0,0,0,0,0,0,0,0,0,0,0,0,0,0,0,0,0,0,0,0,0,0,0,0,,
KIW,KIW2201,MRPL,kaiwera_downs_(stage_2),WIN,ONW,2026-07-09,0,0,0,0,0,0,0,0,0,0,0,0,0,0,0,0,0,0,0,0,0,0,0,0,0,0,0,0,0,0,0,0,0,0,0,0,0,0,0,0,0,0,0,0,0,0,0,0,,
KIW,KIW2201,MRPL,kaiwera_downs_(stage_2),WIN,ONW,2026-07-10,0,0,0,0,0,0,0,0,0,0,0,0,0,0,0,0,0,0,0,0,0,0,0,0,0,0,0,0,0,0,0,0,7,586,2451,2330,2250,2282,2845,2219,1990,1635,2911,3406,3372,2578,4516,5019,,
KIW,KIW2201,MRPL,kaiwera_downs_(stage_2),WIN,ONW,2026-07-11,4241,3402,2655,2783,2440,1962,1909,1922,2174,2060,2727,3659,3208,2828,1738,1132,827,363,304,950,500,0,0,0,0,0,0,0,0,0,0,0,0,0,0,266,763,450,297,608,1736,3384,8832,10927,12847,13630,16598,15993,,
KIW,KIW2201,MRPL,kaiwera_downs_(stage_2),WIN,ONW,2026-07-12,12860,6724,2267,83,0,70,149,232,1749,1833,823,557,528,181,193,146,102,131,93,455,886,1359,1746,1475,2011,1846,1217,3104,4461,4990,4801,8015,11758,13590,14113,16495,18380,18526,22156,21757,22438,24439,19960,21147,17932,17190,19114,19341,,
KIW,KIW2201,MRPL,kaiwera_downs_(stage_2),WIN,ONW,2026-07-13,22584,27327,28779,32447,31271,33205,36323,46265,47420,49126,48224,46526,47240,48237,46983,46494,48510,50556,52195,50019,43690,33787,29367,20754,14709,14314,8545,4382,448,830,10669,8694,12524,21823,19679,12989,11426,12376,12158,19875,19158,12636,12403,11495,11261,10690,10128,13343,,
KIW,KIW2201,MRPL,kaiwera_downs_(stage_2),WIN,ONW,2026-07-14,12348,13445,16694,16555,19726,16785,14478,18422,22073,26994,28401,36940,34934,37219,37959,38921,42397,48442,48522,43539,36877,27163,26898,22427,22526,47104,46826,50168,45040,31380,51218,59095,54266,45204,53434,59942,57519,48233,48690,55813,39012,46190,40742,41159,32487,39287,40437,48440,,
KIW,KIW2201,MRPL,kaiwera_downs_(stage_2),WIN,ONW,2026-07-15,49971,58502,59591,60055,60003,59711,60083,54429,48804,38183,40869,36733,25790,34098,21908,13052,13315,18028,17437,8520,10915,24556,23877,27175,24608,25685,22801,13662,12139,11010,9498,8509,7399,7649,15100,18218,15440,20032,22717,25959,34689,41444,46373,52786,60070,60125,60181,60172,,
KIW,KIW2201,MRPL,kaiwera_downs_(stage_2),WIN,ONW,2026-07-16,57435,60177,58213,56310,56507,60188,60174,60168,60135,60123,60372,60138,60179,60159,60181,60142,60137,60130,60189,60205,60178,60165,60220,60190,60164,60165,60161,60150,60183,60151,60141,60203,60303,60214,60157,60159,60172,60128,59974,60150,60158,60164,60168,60171,60165,60144,59136,54737,,
KIW,KIW2201,MRPL,kaiwera_downs_(stage_2),WIN,ONW,2026-07-17,57997,60111,60164,60205,60191,59926,60104,59132,59268,50592,55814,58846,55851,50246,45475,47545,39471,34275,30496,35691,40452,41062,36149,38963,47111,47065,22828,23002,20754,24038,38670,59965,60118,60061,60126,60147,60138,60194,60191,60181,60161,60155,60138,60173,60171,60182,60192,60191,,
KIW,KIW2201,MRPL,kaiwera_downs_(stage_2),WIN,ONW,2026-07-18,60161,60168,60167,60219,60200,60166,60170,60181,60179,60170,48123,34340,31006,45169,55119,60106,60165,58963,34131,31375,54840,60065,60057,60145,58080,56391,48708,44978,26932,17753,11242,9999,15092,30933,45446,55360,49427,59649,55955,47546,47731,38669,53354,57626,56779,59258,28766,23219,,
KIW,KIW2201,MRPL,kaiwera_downs_(stage_2),WIN,ONW,2026-07-19,20792,25322,33153,31381,25896,22677,29278,22471,28611,34651,38478,42785,54442,59748,54288,57026,60125,60109,59951,56675,54628,56697,58810,56574,59535,59357,59219,57194,59502,55559,57200,43269,39442,37740,38992,33534,30145,24332,22868,23461,25216,23783,20089,17841,16948,20628,15219,18268,,
KIW,KIW2201,MRPL,kaiwera_downs_(stage_2),WIN,ONW,2026-07-20,24757,19250,19668,19840,24345,22854,15749,13995,14206,10894,9296,8733,6459,6159,3323,2603,3530,3032,2616,1921,651,94,1,0,0,0,0,0,0,0,6,2242,713,2727,9220,14257,9159,5213,4189,2353,4775,5144,6430,10985,11951,11714,12137,18083,,
KIW,KIW2201,MRPL,kaiwera_downs_(stage_2),WIN,ONW,2026-07-21,27205,28192,29467,40729,48178,51440,56180,60053,59999,60157,60141,60144,58780,58198,56750,56216,58492,59506,58006,57559,58279,51795,28591,24329,47686,60089,57549,52082,48914,48658,51755,55646,49511,43112,36148,26080,21222,29675,31485,37124,37140,27391,26763,15549,13757,14708,19725,24068,,
KIW,KIW2201,MRPL,kaiwera_downs_(stage_2),WIN,ONW,2026-07-22,39870,55195,56782,60100,56914,49596,49975,48971,40824,51448,36953,33142,37854,29437,29183,29855,40779,30402,22909,18232,15479,10912,8122,6784,4903,3211,1870,148,0,0,0,0,0,516,1410,2485,5163,6733,11893,16421,22586,26158,26513,27802,27888,24043,23215,23138,,
KIW,KIW2201,MRPL,kaiwera_downs_(stage_2),WIN,ONW,2026-07-23,26477,28589,31470,41522,44336,40556,36347,37329,31051,31274,29263,31631,32977,37241,29144,31305,29572,25892,26126,23015,19498,25498,28531,21968,11464,15414,12839,9849,9284,5921,5520,8473,5751,2926,7500,5600,4313,7359,9606,15282,18055,18075,24604,27639,7833,16363,17249,13380,,
KIW,KIW2201,MRPL,kaiwera_downs_(stage_2),WIN,ONW,2026-07-24,16443,16119,13860,13362,40769,60097,60154,60174,59660,59879,56164,54075,50326,32995,17332,21113,11325,8322,15308,14582,10620,3852,5341,3444,1266,1584,3322,5862,4447,5017,4638,2992,3043,2451,1499,562,787,2025,5005,1338,25094,50936,51079,57580,58033,58891,45576,50753,,
KIW,KIW2201,MRPL,kaiwera_downs_(stage_2),WIN,ONW,2026-07-25,46026,31296,23145,41513,58490,40950,46789,44293,36704,51658,50720,50004,43923,38205,27326,29476,19442,6487,1950,2407,2788,1376,205,772,1581,3846,4703,3927,6794,3760,2252,1510,2575,1848,2470,2834,4149,5383,4260,5359,8496,8839,12991,18286,18408,21061,23428,23518,,
KIW,KIW2201,MRPL,kaiwera_downs_(stage_2),WIN,ONW,2026-07-26,19783,20478,13143,13612,11331,9507,16976,14813,12821,19022,21342,30360,27300,25123,30800,22938,27188,27939,23456,19693,22736,14940,8288,19610,16583,18039,20687,27163,31725,40506,39135,37486,29388,35601,28883,21419,28009,25529,32271,21559,15287,12854,11103,10251,11358,17548,13371,13582,,
KIW,KIW2201,MRPL,kaiwera_downs_(stage_2),WIN,ONW,2026-07-27,13956,18091,24949,29071,28998,35989,35887,28288,21241,21816,21422,21485,23406,26454,30978,26168,28240,37098,36231,38700,36632,33111,32948,27362,22851,18104,14297,9427,8126,8167,9807,10502,12150,15364,16856,12389,9645,11601,7257,8018,13256,29266,38156,38404,43798,48856,53180,58350,,
KIW,KIW2201,MRPL,kaiwera_downs_(stage_2),WIN,ONW,2026-07-28,48565,45688,37814,23812,8965,5413,8053,12412,12883,13318,19656,32093,41357,30337,27175,20721,13345,10058,10526,8765,4190,2426,2385,2632,3244,2060,1797,4491,2908,2688,2134,3902,3602,3778,4839,5856,7926,9527,17078,24574,21657,20298,17897,20029,21069,18234,12860,12365,,
KIW,KIW2201,MRPL,kaiwera_downs_(stage_2),WIN,ONW,2026-07-29,12274,13047,14490,15140,19529,23975,25506,29831,32458,37018,36641,34441,28621,29119,26386,15197,18476,21186,19577,17959,9856,11571,10087,7260,10006,8480,7527,6057,6522,3977,2908,7647,11037,18940,18045,13343,6393,5274,5001,5240,8168,10451,7396,3823,373,0,1620,5970,,
KIW,KIW2201,MRPL,kaiwera_downs_(stage_2),WIN,ONW,2026-07-30,14382,14996,17732,21159,19551,17582,22960,29329,35094,36995,40802,38573,33018,28731,31364,39983,47254,48146,56193,57810,59589,59103,54316,51129,53789,53449,46074,38497,48397,42325,39658,37375,30741,21227,13422,9447,7053,6173,5988,7773,8212,9368,14927,22365,27671,27145,30725,26478,,
KIW,KIW2201,MRPL,kaiwera_downs_(stage_2),WIN,ONW,2026-07-31,15899,12634,14804,45493,33878,49401,58347,59886,59671,59459,60162,60167,60276,60234,59927,59778,59465,58822,60124,59385,59810,57334,57254,59734,60083,58258,58789,58013,57328,56181,56134,55341,53629,55738,57033,56010,54301,53441,54258,47374,51379,55870,51357,50160,47488,37338,29930,21401,,
KOE,KOE1101,TOPE,Kohira,Solar,Solar,2026-07-01,0,0,0,0,0,0,0,0,0,0,0,0,0,0,0,156,1333,3682,6227,8255,8823,8104,7739,7402,7455,7125,6683,7857,7578,3027,2679,1284,1798,984,75,0,0,0,0,0,0,0,0,0,0,0,0,0,,
KOE,KOE1101,TOPE,Kohira,Solar,Solar,2026-07-02,0,0,0,0,0,0,0,0,0,0,0,0,0,0,0,124,1306,3705,6344,8267,8512,8290,8012,7818,7745,7818,7966,8192,8506,8639,8282,6270,3807,1617,199,0,0,0,0,0,0,0,0,0,0,0,0,0,,
KOE,KOE1101,TOPE,Kohira,Solar,Solar,2026-07-03,0,0,0,0,0,0,0,0,0,0,0,0,0,0,0,151,1398,3683,6376,7037,6541,4703,7245,4209,5015,7025,5428,4952,5070,8235,8518,6167,3392,1506,180,0,0,0,0,0,0,0,0,0,0,0,0,0,,
KOE,KOE1101,TOPE,Kohira,Solar,Solar,2026-07-04,0,0,0,0,0,0,0,0,0,0,0,0,0,0,0,53,533,2601,2406,4409,7965,6994,7984,7883,8150,6095,5604,4201,2624,2131,722,648,677,279,9,0,0,0,0,0,0,0,0,0,0,0,0,0,,
KOE,KOE1101,TOPE,Kohira,Solar,Solar,2026-07-05,0,0,0,0,0,0,0,0,0,0,0,0,0,0,0,183,1190,3464,3273,7947,8216,7961,8124,7805,7794,7890,3330,6654,8200,8023,8205,6191,3713,1302,71,0,0,0,0,0,0,0,0,0,0,0,0,0,,
KOE,KOE1101,TOPE,Kohira,Solar,Solar,2026-07-06,0,0,0,0,0,0,0,0,0,0,0,0,0,0,0,222,188,674,3373,5479,2808,6038,3065,3654,2425,3117,2497,3025,4717,6832,2473,601,1747,836,71,0,0,0,0,0,0,0,0,0,0,0,0,0,,
KOE,KOE1101,TOPE,Kohira,Solar,Solar,2026-07-07,0,0,0,0,0,0,0,0,0,0,0,0,0,0,0,12,530,767,1082,1681,1429,1520,1427,2193,4667,6501,7162,5540,9846,8410,7056,5096,1856,1062,111,0,0,0,0,0,0,0,0,0,0,0,0,0,,
KOE,KOE1101,TOPE,Kohira,Solar,Solar,2026-07-08,0,0,0,0,0,0,0,0,0,0,0,0,0,0,0,263,776,2588,4962,8249,8399,6822,6707,6325,5358,6936,7226,7245,5304,5650,7354,4838,1866,1280,431,0,0,0,0,0,0,0,0,0,0,0,0,0,,
KOE,KOE1101,TOPE,Kohira,Solar,Solar,2026-07-09,0,0,0,0,0,0,0,0,0,0,0,0,0,0,0,9,111,822,3042,4835,8804,5369,8628,5425,5806,9230,5049,5160,4609,4711,985,852,673,478,114,0,0,0,0,0,0,0,0,0,0,0,0,0,,
KOE,KOE1101,TOPE,Kohira,Solar,Solar,2026-07-10,0,0,0,0,0,0,0,0,0,0,0,0,0,0,0,158,1441,3881,5969,8074,8321,6905,7378,6409,7901,7892,7435,8273,8761,8744,8549,6656,4116,1765,280,1,0,0,0,0,0,0,0,0,0,0,0,0,,
KOE,KOE1101,TOPE,Kohira,Solar,Solar,2026-07-11,0,0,0,0,0,0,0,0,0,0,0,0,0,0,0,168,1459,3964,6849,7941,8764,8563,8289,8108,8124,8315,7871,7777,7866,9392,8589,2845,2056,553,304,1,0,0,0,0,0,0,0,0,0,0,0,0,,
KOE,KOE1101,TOPE,Kohira,Solar,Solar,2026-07-12,0,0,0,0,0,0,0,0,0,0,0,0,0,0,0,45,1109,3967,6618,8460,8639,8469,8205,7990,5977,5756,5975,8774,7796,5740,2560,3606,4607,2003,230,0,0,0,0,0,0,0,0,0,0,0,0,0,,
KOE,KOE1101,TOPE,Kohira,Solar,Solar,2026-07-13,0,0,0,0,0,0,0,0,0,0,0,0,0,0,0,94,1394,3990,5759,8106,8819,8128,7513,7537,6256,6453,6221,6578,5391,6600,4805,5839,1399,1358,253,0,0,0,0,0,0,0,0,0,0,0,0,0,,
KOE,KOE1101,TOPE,Kohira,Solar,Solar,2026-07-14,0,0,0,0,0,0,0,0,0,0,0,0,0,0,0,242,1393,2246,1576,2004,2788,6469,8777,7847,7160,7015,7170,7762,6946,8055,8116,6580,4264,1498,343,5,0,0,0,0,0,0,0,0,0,0,0,0,,
KOE,KOE1101,TOPE,Kohira,Solar,Solar,2026-07-15,0,0,0,0,0,0,0,0,0,0,0,0,0,0,0,138,1427,4052,6743,8631,8818,8650,8414,8224,8121,7668,8053,8394,8744,8937,8694,6801,4445,1970,319,1,0,0,0,0,0,0,0,0,0,0,0,0,,
KOE,KOE1101,TOPE,Kohira,Solar,Solar,2026-07-16,0,0,0,0,0,0,0,0,0,0,0,0,0,0,0,62,1002,1494,2499,1816,1745,3556,8295,7872,8187,8140,8359,8175,8118,8591,8645,6735,4425,1318,284,0,0,0,0,0,0,0,0,0,0,0,0,0,,
KOE,KOE1101,TOPE,Kohira,Solar,Solar,2026-07-17,0,0,0,0,0,0,0,0,0,0,0,0,0,0,0,193,1399,3848,6595,8393,8857,8762,6910,8184,7108,7863,8349,8688,7517,8682,9016,7147,4673,2117,384,4,0,0,0,0,0,0,0,0,0,0,0,0,,
KOE,KOE1101,TOPE,Kohira,Solar,Solar,2026-07-18,0,0,0,0,0,0,0,0,0,0,0,0,0,0,0,95,489,1237,3254,9026,4143,4903,5738,4174,7125,5804,4380,6479,5743,3425,4709,1966,2234,740,222,0,0,0,0,0,0,0,0,0,0,0,0,0,,
KOE,KOE1101,TOPE,Kohira,Solar,Solar,2026-07-19,0,0,0,0,0,0,0,0,0,0,0,0,0,0,0,31,301,1045,3540,7042,7199,6560,4417,5935,7613,8437,6160,4535,3250,2871,2395,1980,1687,1624,487,15,0,0,0,0,0,0,0,0,0,0,0,0,,
KOE,KOE1101,TOPE,Kohira,Solar,Solar,2026-07-20,0,0,0,0,0,0,0,0,0,0,0,0,0,0,0,217,1796,4590,7873,7139,4752,5922,8666,8043,7537,6869,4136,3802,6505,4633,6135,8474,4788,2387,466,18,0,0,0,0,0,0,0,0,0,0,0,0,,
KOE,KOE1101,TOPE,Kohira,Solar,Solar,2026-07-21,0,0,0,0,0,0,0,0,0,0,0,0,0,0,0,280,1350,2457,5886,4959,3461,4962,5749,7156,4846,8957,8771,4847,9565,7904,3835,2836,5034,2957,772,27,0,0,0,0,0,0,0,0,0,0,0,0,,
KOE,KOE1101,TOPE,Kohira,Solar,Solar,2026-07-22,0,0,0,0,0,0,0,0,0,0,0,0,0,0,0,318,2112,3932,7210,8952,4043,7369,4022,4167,6801,4752,6682,4053,3859,4457,3588,2337,2734,970,324,5,0,0,0,0,0,0,0,0,0,0,0,0,,
KOE,KOE1101,TOPE,Kohira,Solar,Solar,2026-07-23,0,0,0,0,0,0,0,0,0,0,0,0,0,0,0,164,253,788,1452,1688,2828,4307,4288,4365,5329,6795,8935,7167,7283,6956,8110,7231,3128,1691,507,18,0,0,0,0,0,0,0,0,0,0,0,0,,
KOE,KOE1101,TOPE,Kohira,Solar,Solar,2026-07-24,0,0,0,0,0,0,0,0,0,0,0,0,0,0,0,112,795,3774,7105,8028,4865,5192,3108,7010,3899,2205,4565,2654,2019,1578,1487,2065,897,212,11,0,0,0,0,0,0,0,0,0,0,0,0,0,,
KOE,KOE1101,TOPE,Kohira,Solar,Solar,2026-07-25,0,0,0,0,0,0,0,0,0,0,0,0,0,0,1,280,1062,2272,2994,4326,5850,5885,6602,8017,6466,7733,6688,8297,6385,5395,4546,4090,2873,1079,203,12,0,0,0,0,0,0,0,0,0,0,0,0,,
KOE,KOE1101,TOPE,Kohira,Solar,Solar,2026-07-26,0,0,0,0,0,0,0,0,0,0,0,0,0,0,0,81,517,783,1270,6189,7648,6333,8442,8176,7433,7195,8795,9050,6272,4334,7397,5992,3099,1037,370,19,0,0,0,0,0,0,0,0,0,0,0,0,,
KOE,KOE1101,TOPE,Kohira,Solar,Solar,2026-07-27,0,0,0,0,0,0,0,0,0,0,0,0,0,0,0,515,2499,2504,2608,3750,3245,2429,5961,4795,4663,6090,6381,6765,6112,7442,9621,7360,4006,2853,334,25,0,0,0,0,0,0,0,0,0,0,0,0,,
KOE,KOE1101,TOPE,Kohira,Solar,Solar,2026-07-28,0,0,0,0,0,0,0,0,0,0,0,0,0,0,1,386,1010,4978,2971,7799,9413,8665,5787,8539,7770,5649,6117,7637,9009,3063,6734,6033,1628,1765,757,35,0,0,0,0,0,0,0,0,0,0,0,0,,
KOE,KOE1101,TOPE,Kohira,Solar,Solar,2026-07-29,0,0,0,0,0,0,0,0,0,0,0,0,0,0,1,424,2390,5251,8114,9467,9449,9266,9085,8961,8833,8737,8323,9179,9829,9985,9751,8331,4813,3013,441,25,0,0,0,0,0,0,0,0,0,0,0,0,,
KOE,KOE1101,TOPE,Kohira,Solar,Solar,2026-07-30,0,0,0,0,0,0,0,0,0,0,0,0,0,0,0,282,2184,5278,8003,9399,7452,7255,7131,6314,7884,7081,6951,3803,4315,4311,5752,5052,3716,2819,403,15,0,0,0,0,0,0,0,0,0,0,0,0,,
KOE,KOE1101,TOPE,Kohira,Solar,Solar,2026-07-31,0,0,0,0,0,0,0,0,0,0,0,0,0,0,7,555,725,3923,6098,9339,7296,5763,8723,6584,6888,8154,7991,7549,9315,8911,6392,8252,4784,1940,450,14,0,0,0,0,0,0,0,0,0,0,0,0,,
KOE,KOE1101,TOPE,Pukenui,Solar,Solar,2026-07-01,0,0,0,0,0,0,0,0,0,0,0,0,0,0,0,49,516,1175,1875,2591,3136,3823,4082,4354,4481,4496,4358,4070,3357,2755,2357,1078,819,443,100,0,0,0,0,0,0,0,0,0,0,0,0,0,,
KOE,KOE1101,TOPE,Pukenui,Solar,Solar,2026-07-02,0,0,0,0,0,0,0,0,0,0,0,0,0,0,0,67,520,1156,1851,2578,3174,3691,3624,4307,4532,4529,4377,4081,3618,2702,2578,1679,991,438,87,0,0,0,0,0,0,0,0,0,0,0,0,0,,
KOE,KOE1101,TOPE,Pukenui,Solar,Solar,2026-07-03,0,0,0,0,0,0,0,0,0,0,0,0,0,0,0,63,560,1329,1931,2009,2617,2935,1523,2042,1164,2035,2484,2922,2047,2548,2328,1478,744,381,61,0,0,0,0,0,0,0,0,0,0,0,0,0,,
KOE,KOE1101,TOPE,Pukenui,Solar,Solar,2026-07-04,0,0,0,0,0,0,0,0,0,0,0,0,0,0,0,57,332,901,1111,2164,2306,3762,3952,4062,3238,3347,2740,3271,1734,738,662,773,432,85,7,0,0,0,0,0,0,0,0,0,0,0,0,0,,
KOE,KOE1101,TOPE,Pukenui,Solar,Solar,2026-07-05,0,0,0,0,0,0,0,0,0,0,0,0,0,0,0,85,582,1037,948,2615,3092,2507,2849,3787,3657,2978,3264,3998,3340,3124,2474,1707,1073,351,61,0,0,0,0,0,0,0,0,0,0,0,0,0,,
KOE,KOE1101,TOPE,Pukenui,Solar,Solar,2026-07-06,0,0,0,0,0,0,0,0,0,0,0,0,0,0,0,42,112,233,920,1329,834,1398,1202,906,4161,4838,977,2653,3634,2208,1822,945,1067,484,56,0,0,0,0,0,0,0,0,0,0,0,0,0,,
KOE,KOE1101,TOPE,Pukenui,Solar,Solar,2026-07-07,0,0,0,0,0,0,0,0,0,0,0,0,0,0,0,35,98,229,402,189,395,1627,3235,4888,3486,4241,1573,2055,2669,1803,791,323,300,116,29,0,0,0,0,0,0,0,0,0,0,0,0,0,,
KOE,KOE1101,TOPE,Pukenui,Solar,Solar,2026-07-08,0,0,0,0,0,0,0,0,0,0,0,0,0,0,0,75,366,1078,1882,2725,3270,3584,3732,3878,2980,4227,4401,4162,3099,2856,2532,1417,988,379,63,0,0,0,0,0,0,0,0,0,0,0,0,0,,
KOE,KOE1101,TOPE,Pukenui,Solar,Solar,2026-07-09,0,0,0,0,0,0,0,0,0,0,0,0,0,0,0,211,559,1272,377,1377,3121,3749,3656,3754,4118,3655,4446,3853,3536,3264,2583,1541,1035,486,84,0,0,0,0,0,0,0,0,0,0,0,0,0,,
KOE,KOE1101,TOPE,Pukenui,Solar,Solar,2026-07-10,0,0,0,0,0,0,0,0,0,0,0,0,0,0,0,97,541,1198,1898,2644,2920,3697,4033,4501,4647,4692,4555,4250,3797,3265,2571,1827,1095,525,119,2,0,0,0,0,0,0,0,0,0,0,0,0,,
KOE,KOE1101,TOPE,Pukenui,Solar,Solar,2026-07-11,0,0,0,0,0,0,0,0,0,0,0,0,0,0,0,128,440,1257,1992,2700,3288,3808,3344,4220,3063,4329,4357,4318,1427,731,2377,1952,1103,510,119,1,0,0,0,0,0,0,0,0,0,0,0,0,,
KOE,KOE1101,TOPE,Pukenui,Solar,Solar,2026-07-12,0,0,0,0,0,0,0,0,0,0,0,0,0,0,0,42,315,771,1979,2670,3261,3765,4175,4446,4612,2934,3269,2755,3173,3137,2610,1836,1105,622,176,2,0,0,0,0,0,0,0,0,0,0,0,0,,
KOE,KOE1101,TOPE,Pukenui,Solar,Solar,2026-07-13,0,0,0,0,0,0,0,0,0,0,0,0,0,0,0,138,351,597,1956,2778,2952,3814,3611,4220,4570,4764,4709,4350,3907,2414,3046,1154,895,507,87,2,0,0,0,0,0,0,0,0,0,0,0,0,,
KOE,KOE1101,TOPE,Pukenui,Solar,Solar,2026-07-14,0,0,0,0,0,0,0,0,0,0,0,0,0,0,0,89,563,1215,1906,2560,3306,2947,4038,4170,3820,4593,4560,4258,3837,3311,2661,1883,1149,551,141,3,0,0,0,0,0,0,0,0,0,0,0,0,,
KOE,KOE1101,TOPE,Pukenui,Solar,Solar,2026-07-15,0,0,0,0,0,0,0,0,0,0,0,0,0,0,0,99,565,1305,2039,2761,3343,3844,4234,4733,4612,4640,4267,4105,4227,3428,3290,1771,1276,502,142,1,0,0,0,0,0,0,0,0,0,0,0,0,,
KOE,KOE1101,TOPE,Pukenui,Solar,Solar,2026-07-16,0,0,0,0,0,0,0,0,0,0,0,0,0,0,0,79,504,1252,2261,780,762,2447,4330,4464,4600,4624,4201,3099,2850,2509,2333,1666,1039,303,92,2,0,0,0,0,0,0,0,0,0,0,0,0,,
KOE,KOE1101,TOPE,Pukenui,Solar,Solar,2026-07-17,0,0,0,0,0,0,0,0,0,0,0,0,0,0,0,100,503,1201,1949,2671,3067,3064,3710,4435,4597,4226,4581,4328,3911,3332,2643,1943,1188,422,104,2,0,0,0,0,0,0,0,0,0,0,0,0,,
KOE,KOE1101,TOPE,Pukenui,Solar,Solar,2026-07-18,0,0,0,0,0,0,0,0,0,0,0,0,0,0,0,57,281,669,1155,1553,1617,4113,4230,3886,3466,3736,3897,3320,3169,2503,1657,1165,908,510,125,0,0,0,0,0,0,0,0,0,0,0,0,0,,
KOE,KOE1101,TOPE,Pukenui,Solar,Solar,2026-07-19,0,0,0,0,0,0,0,0,0,0,0,0,0,0,0,14,240,615,1137,1603,2132,2256,2896,1965,2178,2321,1785,1991,1755,1688,1895,1293,1164,509,189,6,0,0,0,0,0,0,0,0,0,0,0,0,,
KOE,KOE1101,TOPE,Pukenui,Solar,Solar,2026-07-20,0,0,0,0,0,0,0,0,0,0,0,0,0,0,0,137,892,1425,1187,2201,3473,3383,5116,4204,5451,5920,3532,3351,4374,2254,2695,2053,1290,644,182,8,0,0,0,0,0,0,0,0,0,0,0,0,,
KOE,KOE1101,TOPE,Pukenui,Solar,Solar,2026-07-21,0,0,0,0,0,0,0,0,0,0,0,0,0,0,0,101,648,1322,2074,2770,3372,3893,4369,4284,4861,5728,3063,3718,814,725,847,535,481,261,226,15,0,0,0,0,0,0,0,0,0,0,0,0,,
KOE,KOE1101,TOPE,Pukenui,Solar,Solar,2026-07-22,0,0,0,0,0,0,0,0,0,0,0,0,0,0,1,166,720,1402,2222,2218,3497,4029,2804,3469,3989,3692,4076,3922,2966,2519,2293,1386,829,360,133,0,0,0,0,0,0,0,0,0,0,0,0,0,,
KOE,KOE1101,TOPE,Pukenui,Solar,Solar,2026-07-23,0,0,0,0,0,0,0,0,0,0,0,0,0,0,0,67,225,519,937,1418,1624,2414,2429,2976,3130,3541,2894,2656,2094,3138,2339,1602,798,624,240,11,0,0,0,0,0,0,0,0,0,0,0,0,,
KOE,KOE1101,TOPE,Pukenui,Solar,Solar,2026-07-24,0,0,0,0,0,0,0,0,0,0,0,0,0,0,1,124,324,607,1372,2903,3242,2955,1567,3172,1881,3308,1782,1696,1336,885,962,1070,367,233,20,0,0,0,0,0,0,0,0,0,0,0,0,0,,
KOE,KOE1101,TOPE,Pukenui,Solar,Solar,2026-07-25,0,0,0,0,0,0,0,0,0,0,0,0,0,0,1,151,684,827,2083,2043,2638,1481,4051,2801,4584,5074,5160,3895,3651,3201,3528,1661,1286,687,247,12,0,0,0,0,0,0,0,0,0,0,0,0,,
KOE,KOE1101,TOPE,Pukenui,Solar,Solar,2026-07-26,0,0,0,0,0,0,0,0,0,0,0,0,0,0,0,7,132,426,853,1069,2422,2541,2489,800,2476,1596,3612,3660,3055,2087,1799,1884,1298,639,235,6,0,0,0,0,0,0,0,0,0,0,0,0,,
KOE,KOE1101,TOPE,Pukenui,Solar,Solar,2026-07-27,0,0,0,0,0,0,0,0,0,0,0,0,0,0,1,126,561,824,1643,1266,1743,1688,1395,2256,2726,2446,3914,3748,2892,2366,1505,1799,533,531,154,9,0,0,0,0,0,0,0,0,0,0,0,0,,
KOE,KOE1101,TOPE,Pukenui,Solar,Solar,2026-07-28,0,0,0,0,0,0,0,0,0,0,0,0,0,0,5,176,616,880,1197,2296,1102,3015,3418,3267,3164,3893,3793,3416,2756,2879,2744,1109,1298,731,143,11,0,0,0,0,0,0,0,0,0,0,0,0,,
KOE,KOE1101,TOPE,Pukenui,Solar,Solar,2026-07-29,0,0,0,0,0,0,0,0,0,0,0,0,0,0,3,251,754,1063,2152,2168,2622,3072,3507,3780,3384,2382,2987,3004,3470,2942,2578,1939,1127,561,221,15,0,0,0,0,0,0,0,0,0,0,0,0,,
KOE,KOE1101,TOPE,Pukenui,Solar,Solar,2026-07-30,0,0,0,0,0,0,0,0,0,0,0,0,0,0,2,123,492,690,1518,1829,2010,2326,2473,3702,3395,3381,2854,2916,2903,2695,2558,1765,1050,982,217,8,0,0,0,0,0,0,0,0,0,0,0,0,,
KOE,KOE1101,TOPE,Pukenui,Solar,Solar,2026-07-31,0,0,0,0,0,0,0,0,0,0,0,0,0,0,3,132,510,1204,1323,2108,2664,2960,2020,3064,3548,4027,3954,2701,3108,3103,2368,1954,1131,423,159,20,0,0,0,0,0,0,0,0,0,0,0,0,,
KOE,KOE1101,TOPE,ngawha,Geo,Geo,2026-07-01,28406,28418,28469,28462,28516,28470,28508,28485,28545,28561,28656,28653,28630,28676,28642,28539,28511,28432,28326,28145,28124,27893,27861,27807,27801,24250,27949,27935,28008,27981,28009,27961,27965,27979,28114,28033,28068,28114,28110,28134,28124,28170,28139,28122,28079,28169,28166,28238,,
KOE,KOE1101,TOPE,ngawha,Geo,Geo,2026-07-02,28383,28327,28360,28374,28389,28394,28407,28467,28375,28438,28409,28432,28489,28511,28498,28521,28385,28295,28162,27996,27944,27779,27690,27606,27573,27505,27414,27383,27513,27575,27493,27543,27686,27823,28003,28143,28205,28313,28395,28469,28426,28446,28453,28340,28361,28341,28426,28409,,
KOE,KOE1101,TOPE,ngawha,Geo,Geo,2026-07-03,28369,28387,28482,28577,28800,28747,28805,28818,28749,28823,28951,28851,28906,28897,28784,28863,28824,28823,28694,28310,28273,28100,28064,28030,27960,27996,27908,27898,27793,27858,27745,27839,27930,27997,28253,28381,28552,28578,28590,28522,28536,28668,28678,28690,28745,28816,28702,28618,,
KOE,KOE1101,TOPE,ngawha,Geo,Geo,2026-07-04,28672,28702,28851,28729,28867,28824,28702,28826,28894,28797,28689,28871,28880,28918,28841,28882,28898,28781,28681,28505,28329,28304,28160,27924,27713,27636,27731,27913,27858,27845,27754,27761,27956,28107,27808,27827,27965,27877,27922,27875,27672,27730,27714,27808,27757,27753,27881,27925,,
KOE,KOE1101,TOPE,ngawha,Geo,Geo,2026-07-05,27874,27790,27716,27903,27968,28024,28026,28068,28092,28179,28157,28282,28251,28231,28245,28244,28227,28193,28058,27790,27724,27663,27577,27420,27307,27248,27082,27186,27235,27126,27203,27457,27407,27630,27884,27941,27911,27872,27895,28128,28250,28240,27979,27782,27565,27704,28153,27930,,
KOE,KOE1101,TOPE,ngawha,Geo,Geo,2026-07-06,27934,28062,28182,28447,28593,28396,28334,28301,28438,28375,28102,28044,28169,28324,28614,28631,28455,28173,28175,28190,27957,27718,27693,27753,27526,27570,27570,27470,28099,28149,27844,28012,28277,28270,28173,28276,28508,28509,28702,28652,28603,28546,28384,28493,28557,28605,28700,28631,,
KOE,KOE1101,TOPE,ngawha,Geo,Geo,2026-07-07,28657,28518,28746,28688,28777,28907,28890,28879,28998,28880,28858,28749,28789,28819,28815,28671,28463,28517,28331,28400,28254,28126,28090,27975,28009,27966,28083,28135,28057,28016,28107,28115,28044,28018,28060,28000,28062,28068,28102,28057,28146,28181,28252,28231,28355,28342,28170,28129,,
KOE,KOE1101,TOPE,ngawha,Geo,Geo,2026-07-08,28130,28177,28156,28204,28101,28188,28144,27984,27987,27903,27789,27718,27709,27862,28004,28049,27949,28005,27882,27787,27594,27461,27485,27280,27305,27243,27287,27206,27451,27466,27443,27602,27607,27857,28041,28063,28120,28176,28178,28144,28211,28266,28044,28189,28155,28279,28385,28285,,
KOE,KOE1101,TOPE,ngawha,Geo,Geo,2026-07-09,28267,28369,28325,28351,28313,28316,28278,28207,28295,28359,28436,28627,28649,28553,28559,28518,28436,28477,28505,28482,28418,28156,27942,28009,27700,27592,27525,27672,27632,27917,28098,28095,28041,28043,27895,27956,27995,28020,28110,28197,28245,28379,28103,28030,28158,28317,28141,28317,,
KOE,KOE1101,TOPE,ngawha,Geo,Geo,2026-07-10,28364,28217,28263,28203,28227,28299,28440,28485,28552,28600,28472,28200,28265,28491,28411,28556,28559,28237,28050,27918,27789,27672,27674,27656,27717,27647,27612,27599,27799,27967,27991,27986,28057,28072,28144,28491,28616,28637,28693,28699,28488,27763,28093,28669,28692,28613,28576,28761,,
KOE,KOE1101,TOPE,ngawha,Geo,Geo,2026-07-11,28785,28761,28710,28759,28732,28704,28871,28861,28814,28929,28925,28894,28829,28878,28794,28899,28716,28567,28440,28404,28087,27945,27903,27748,27776,27727,27706,27829,27650,27763,27748,27822,27975,27990,28235,28297,28390,28434,28559,28485,28577,28641,28696,28720,28754,28678,28693,28763,,
KOE,KOE1101,TOPE,ngawha,Geo,Geo,2026-07-12,28793,28720,28659,28626,28672,28718,28750,28718,28700,28672,28656,28690,28640,28684,28746,28643,28592,28425,28320,28173,27905,27837,27803,27729,27735,27644,27740,27767,27812,27889,27854,27897,27849,27889,28110,28230,28330,28407,28411,28489,28491,28508,28497,28557,28703,28687,28638,28678,,
KOE,KOE1101,TOPE,ngawha,Geo,Geo,2026-07-13,28746,28624,28545,28577,28629,28651,28555,28598,28630,28757,28788,28708,28639,28750,28747,28748,28627,28527,28394,28166,28011,27747,27704,27734,27680,27695,27648,27388,27308,27326,27292,27413,27376,27657,27851,27921,27819,27862,27892,27849,27977,27945,27964,27870,27816,27857,27876,27942,,
KOE,KOE1101,TOPE,ngawha,Geo,Geo,2026-07-14,28006,27866,27757,27735,27792,27815,27876,27876,27876,27870,28018,28104,27965,27948,27892,27829,28009,28043,27929,27395,27244,27144,27007,26827,26950,26912,26745,26648,26671,26592,26751,26920,27083,27142,27383,27527,27604,27599,27665,27754,27741,27704,27725,27721,27804,27824,27891,28072,,
KOE,KOE1101,TOPE,ngawha,Geo,Geo,2026-07-15,28088,28223,28413,28464,28539,28501,28416,28338,28441,28577,28426,28470,28443,28438,28596,28787,28580,28475,28139,28056,27920,27795,27701,27635,27394,27410,27377,27335,27149,27138,27188,27137,27289,27465,27654,27894,28110,28081,28191,28237,28300,28348,28380,28347,28335,28377,28330,28322,,
KOE,KOE1101,TOPE,ngawha,Geo,Geo,2026-07-16,28231,28185,28066,28117,28181,28234,28136,28121,28010,28082,28138,27987,28016,28056,28044,27924,27807,27461,27375,27160,27064,27106,27042,26875,26880,26826,26690,26868,26903,26985,27042,27253,27448,27320,27556,27677,27711,27780,27840,27853,27720,27753,27897,27897,27897,27910,27928,27937,,
KOE,KOE1101,TOPE,ngawha,Geo,Geo,2026-07-17,27924,27873,27893,27931,27945,27900,27927,27983,28044,28092,28130,28095,28151,28231,28208,28231,28210,28003,27921,27794,27594,27310,27454,27316,27295,27182,27127,27101,26992,27278,27260,27336,27472,27710,27867,28028,28024,27993,28219,28289,28306,28242,28156,28185,28190,28196,28176,28172,,
KOE,KOE1101,TOPE,ngawha,Geo,Geo,2026-07-18,28141,28108,28127,28082,28101,28067,28119,28121,28177,28223,28258,28254,28290,28310,28397,28462,28459,28338,28275,28209,28032,27919,27789,27780,27680,27520,27565,27839,27590,27500,27634,27665,27678,27924,28006,28069,28041,27940,28037,28032,28056,28171,28130,28130,28080,28144,28221,28153,,
KOE,KOE1101,TOPE,ngawha,Geo,Geo,2026-07-19,28207,28144,28121,28176,28219,28270,28295,28189,28282,28372,28302,28278,28259,28318,28281,28274,28193,28206,28057,27820,27686,27590,27557,27423,27469,27441,27486,27495,27514,27603,27593,27511,27652,27721,27761,28003,28005,28130,28254,28218,28205,28187,28297,28314,28408,28483,28443,28487,,
KOE,KOE1101,TOPE,ngawha,Geo,Geo,2026-07-20,28549,28681,28623,28709,28594,28579,28614,28673,28759,28771,28706,28630,28814,28737,28531,28560,28533,28488,28300,28043,27999,27772,27686,27674,27725,27611,27592,27643,27500,27494,27539,27429,27528,27598,27749,27923,27932,28018,28038,28116,28149,28130,28031,28099,28043,28037,28080,28076,,
KOE,KOE1101,TOPE,ngawha,Geo,Geo,2026-07-21,28087,28051,28241,28255,28136,28083,28263,28290,28328,28304,28323,28298,28232,28201,28272,28186,28219,28086,27911,27690,27682,27632,27587,27604,27518,27614,27707,27907,27775,27642,27913,27600,27700,27724,27818,27841,27889,27974,28024,28209,28352,28401,28504,28631,28638,28643,28546,28444,,
KOE,KOE1101,TOPE,ngawha,Geo,Geo,2026-07-22,28553,28554,28486,28550,28523,28600,28553,28494,28555,28496,28587,28537,28459,28604,28494,28497,28390,28231,28051,27969,28019,27982,27913,27937,27771,27783,27649,27594,27580,27536,27655,27658,27846,27831,27861,28022,28026,28039,28077,28126,28182,28172,28104,28135,28170,28211,28274,28527,,
KOE,KOE1101,TOPE,ngawha,Geo,Geo,2026-07-23,28318,28304,28275,28198,28206,28188,28225,28235,28260,28465,28427,28409,28307,28246,28186,28199,28140,28105,27995,27788,27705,27583,27464,27388,27367,27276,27370,27349,27488,27467,27460,27495,27568,27721,27816,27768,27730,27744,27827,27852,27817,27939,28100,28136,28163,28240,28220,28324,,
KOE,KOE1101,TOPE,ngawha,Geo,Geo,2026-07-24,28290,28294,28233,28226,28195,28136,28166,28232,28244,28240,28294,28332,28348,28405,28327,28208,28051,27880,27500,27525,27238,26987,26899,27038,26917,26529,26763,26867,26832,27114,27057,27182,27577,27568,27556,27591,27521,27286,27560,27538,27432,27481,27478,27860,28040,28115,27972,27847,,
KOE,KOE1101,TOPE,ngawha,Geo,Geo,2026-07-25,27907,27951,27827,27921,27876,27971,27892,27897,28253,28296,28212,28324,28314,28293,28123,28125,28191,28021,27861,27900,27838,27809,27779,27581,27735,27585,27471,27950,27942,27840,27708,27812,27745,27805,28010,28104,28013,28068,28171,28377,28268,28298,28356,28397,28312,28294,28245,28249,,
KOE,KOE1101,TOPE,ngawha,Geo,Geo,2026-07-26,28314,28377,28354,28338,28425,28449,28413,28483,28600,28479,28586,28632,28686,28665,28691,28717,28710,28650,28363,28015,27494,27309,27168,26947,26822,26943,27005,26842,26445,27560,27038,24733,20420,26341,26101,26890,26902,26943,27141,27390,27462,27598,27495,27368,27478,27460,27606,27594,,
KOE,KOE1101,TOPE,ngawha,Geo,Geo,2026-07-27,27688,27625,27445,27450,27491,27638,27711,27552,27748,27685,27634,27616,27514,27534,27484,27543,27526,27637,27369,27295,27070,27094,27165,27023,26943,26964,26573,26422,26488,26704,26659,26592,26613,26816,27092,26928,27111,27173,27262,27280,27358,27352,27261,27229,27253,27362,27329,27321,,
KOE,KOE1101,TOPE,ngawha,Geo,Geo,2026-07-28,27378,27409,27460,27445,27479,27364,27525,27538,27443,27428,27473,27392,27495,27408,27384,27408,27289,26750,11946,11177,11108,11169,11071,10938,10899,10759,10733,10271,10528,22023,26904,26487,26674,26717,26577,26713,26980,27004,26832,26943,26914,27102,27138,27107,27180,27250,27472,27573,,
KOE,KOE1101,TOPE,ngawha,Geo,Geo,2026-07-29,27545,27642,27637,27672,27677,27666,27682,27660,27729,27756,27719,27782,27740,27753,27741,27640,27632,27416,27140,26939,26807,26655,26543,26468,26442,26395,26180,26168,26135,26125,26204,26191,26297,26425,26685,26855,26979,26906,26948,27029,27007,27098,27219,27287,27314,27351,27374,27393,,
KOE,KOE1101,TOPE,ngawha,Geo,Geo,2026-07-30,27311,27272,27360,27295,27356,27058,26817,26821,26655,26649,26698,26676,26694,26817,26784,26935,27046,26757,26681,26689,26409,26263,25954,25854,25593,25516,25495,25469,25425,25534,25521,25633,25641,25719,25830,26153,26196,26294,26390,26391,26285,26162,26176,26240,26070,26058,25984,25943,,
KOE,KOE1101,TOPE,ngawha,Geo,Geo,2026-07-31,25844,26041,26292,26123,26073,26099,26184,26277,26484,26465,26443,26460,26517,26517,25475,25555,26267,26218,26058,25958,25783,25746,25984,25711,25792,26045,25939,26408,25928,25845,25812,25921,25907,26064,26431,26564,26728,26791,26878,27016,26946,27161,27133,27261,27265,27153,27156,27182,,
KPA,KPA1101,KAPE,kapuni,Gas,Cogen,2026-07-01,2903,2845,2850,2830,2862,2887,2903,2951,2986,2966,2966,2823,2822,2921,3023,3061,2973,2917,2947,2942,3012,3039,3055,3096,3155,3173,3120,3124,3038,2983,2910,2903,2949,2983,3014,2969,2996,2987,2984,2916,2876,2866,2837,2839,2851,2865,2809,2815,,
KPA,KPA1101,KAPE,kapuni,Gas,Cogen,2026-07-02,2787,2749,2753,2785,2829,2815,2798,2832,2839,2804,2779,2832,2838,2834,2809,2758,2794,2774,2669,2696,2719,2802,2923,2953,2955,3010,3108,3015,2984,2940,2961,2952,2932,2920,2923,2904,2891,2821,2777,2812,2829,2828,2833,2827,2840,2809,2829,2825,,
KPA,KPA1101,KAPE,kapuni,Gas,Cogen,2026-07-03,2779,2851,2907,2914,2916,2938,2897,2864,2819,2840,2854,2851,2865,2881,2846,2835,2814,2829,2839,2904,2900,2847,2848,2803,2858,2814,2928,2914,2920,2912,2948,3024,2998,3008,3012,3014,2988,2969,2959,2931,2857,2861,2800,2778,2845,2829,2863,2871,,
KPA,KPA1101,KAPE,kapuni,Gas,Cogen,2026-07-04,3009,2807,2866,2903,2915,2954,2918,2928,2908,2858,2892,2858,2933,2959,2995,3008,3021,3042,3011,3067,3089,2968,3021,3041,3014,3027,2984,2990,3025,3057,3066,3039,3069,3042,3038,3011,3031,3032,3055,3016,3017,2977,2968,2976,2797,2770,2874,2891,,
KPA,KPA1101,KAPE,kapuni,Gas,Cogen,2026-07-05,2884,2942,2880,2861,2906,2711,2474,2696,2699,2707,2691,2709,2711,2757,2765,2758,2825,2886,2843,2820,2857,2862,2862,2868,2878,2921,2892,2900,2892,2909,2939,2888,2881,2852,2854,2812,2801,2810,2824,2855,2857,2863,2863,2821,2796,2809,2848,2839,,
KPA,KPA1101,KAPE,kapuni,Gas,Cogen,2026-07-06,2877,2870,2884,2876,2876,2903,2916,2925,2918,2889,2875,2870,2822,2886,2920,2941,3026,3006,2967,2954,2913,2882,2888,2858,2867,2836,2809,2830,2850,2891,2903,2891,2908,2932,2921,2879,2799,2697,2545,2529,2533,2495,2439,2443,2416,2372,2436,2432,,
KPA,KPA1101,KAPE,kapuni,Gas,Cogen,2026-07-07,2459,2401,2402,2396,2381,2368,2386,2428,2409,2395,2440,2458,2410,2502,2484,2476,2500,2556,2527,2500,2503,2517,2527,2520,2522,2510,2509,2530,2520,2487,2497,2502,2458,2458,2495,2355,2446,2359,2303,2318,2384,2279,2262,2276,2342,2327,2291,2325,,
KPA,KPA1101,KAPE,kapuni,Gas,Cogen,2026-07-08,2336,2259,2278,2272,2298,2295,2277,2262,2299,2367,2373,2371,2299,2278,2226,2228,2230,2276,2294,2269,2342,2351,2385,2431,2479,2445,2386,2398,2405,2367,2345,2277,2317,2308,2288,2208,2256,2272,2330,2338,2303,2243,2238,2232,2217,2274,2200,2214,,
KPA,KPA1101,KAPE,kapuni,Gas,Cogen,2026-07-09,2195,2159,2222,2274,2267,2269,2292,2319,2330,2377,2419,2369,2335,2324,2285,2238,2285,2366,2380,2304,2401,2317,2283,2192,2212,2234,2242,2290,2301,2307,2362,2340,2364,2342,2231,2143,2135,2134,2117,2103,2077,2134,2154,2159,2112,2115,2137,2164,,
KPA,KPA1101,KAPE,kapuni,Gas,Cogen,2026-07-10,2185,2192,2253,2257,2188,2175,2257,2291,2315,2277,2348,2380,2365,2397,2398,2398,2423,2371,2384,2497,2515,2496,2484,2441,2436,2469,2483,2451,2513,2533,2536,2625,2636,2627,2687,2629,2538,2504,2486,2492,2465,2454,2513,2507,2490,2463,2486,2514,,
KPA,KPA1101,KAPE,kapuni,Gas,Cogen,2026-07-11,2548,2566,2604,2677,2677,2676,2700,2744,2751,2765,2728,2693,2652,2719,2740,2783,2876,2728,2719,2742,2799,2804,2763,2739,2718,2733,2729,2742,2763,2771,2780,2741,2743,2756,2786,2774,2802,2763,2797,2765,2799,2786,2788,2771,2783,2778,2807,2760,,
KPA,KPA1101,KAPE,kapuni,Gas,Cogen,2026-07-12,2771,2796,2820,2820,2828,2812,2786,2793,2809,2833,2870,2861,2856,2821,2827,2853,3117,3114,3076,3049,3031,2995,2976,2993,3020,3230,3253,3224,3220,3227,3257,3268,3268,3265,3237,3177,3197,3206,3248,3253,3255,3228,3209,3202,3178,3164,3201,3193,,
KPA,KPA1101,KAPE,kapuni,Gas,Cogen,2026-07-13,3202,3180,3180,3033,3021,3010,2946,2982,2925,2924,2928,2955,2949,2937,2910,2849,2877,2882,2894,2837,2860,2766,2816,2795,2862,2817,2621,2631,2738,2725,2761,2711,2751,2663,2752,2684,2660,2573,2591,2524,2512,2501,2504,2479,2392,2400,2320,2304,,
KPA,KPA1101,KAPE,kapuni,Gas,Cogen,2026-07-14,2299,2319,2291,2324,2237,2227,2230,2229,2208,2173,2189,2174,2147,2253,2390,2420,2369,2455,2515,2516,2500,2520,2467,2457,2488,2610,2548,2641,2045,1849,2623,2578,2624,2658,2625,2615,2674,2624,2594,2604,2548,2534,2529,2540,2538,2478,2568,2498,,
KPA,KPA1101,KAPE,kapuni,Gas,Cogen,2026-07-15,2456,2465,2755,2163,2147,2171,2150,2132,2179,2174,2150,2130,2041,2035,2109,2097,2076,2085,2143,2121,2106,2135,2172,2155,2163,2193,2192,2261,2258,2315,2382,2304,2296,2330,2367,2327,2365,2245,2243,2212,2223,2260,2161,2131,2109,2112,2128,2068,,
KPA,KPA1101,KAPE,kapuni,Gas,Cogen,2026-07-16,2023,2051,2073,1993,2103,2034,2022,2014,1985,1964,1980,2013,2003,2023,2039,2114,2097,2028,2045,2037,2052,2106,2070,2148,2142,2187,2179,2160,2268,2184,2193,2248,2219,2281,2283,2241,2241,2254,2224,2178,2216,2164,2166,2133,2058,2038,2069,2048,,
KPA,KPA1101,KAPE,kapuni,Gas,Cogen,2026-07-17,2061,2063,2072,2095,2105,2135,2119,2171,2144,2205,2236,2250,2195,2230,2268,2243,2193,2130,2182,2195,2267,2291,2317,2253,2281,2353,2335,2352,2345,2327,2320,2431,2438,2425,2366,2369,2376,2296,2272,2284,2288,2319,2313,2316,2322,2278,2236,2254,,
KPA,KPA1101,KAPE,kapuni,Gas,Cogen,2026-07-18,2266,2257,2253,2267,2317,2323,2374,2497,2459,2470,2444,2420,2419,2399,2369,2373,2352,2282,2290,2289,2331,2298,2312,2311,2274,2316,2362,2529,2130,2091,2169,2133,2284,2241,2306,2349,2276,2284,2247,2283,2269,2269,2282,2188,2161,2179,2220,2215,,
KPA,KPA1101,KAPE,kapuni,Gas,Cogen,2026-07-19,2259,2290,2269,2225,2300,2282,2347,2349,2408,2459,2457,2404,2311,2356,2408,2413,2282,1884,1898,1902,1921,1887,1873,1896,2093,2161,2176,2116,2048,2087,2116,2078,2067,2093,2152,2150,2151,2154,2114,2131,2178,2227,2226,2242,2219,2151,2170,2204,,
KPA,KPA1101,KAPE,kapuni,Gas,Cogen,2026-07-20,2237,2210,2214,2247,2236,2243,2267,2301,2303,2314,2266,2213,2189,2107,2122,2121,2133,2110,2096,2125,2222,2259,2284,2244,2242,2252,2275,2298,2283,2283,2285,2269,2330,2341,2366,2186,2121,2084,2126,2123,2134,2107,2104,2079,1975,1988,2011,2007,,
KPA,KPA1101,KAPE,kapuni,Gas,Cogen,2026-07-21,1984,1989,2031,2033,2101,2174,2141,2095,2108,2040,2015,2040,2042,1986,1990,2052,2000,1986,2042,2084,2093,2056,1904,1701,1720,1744,1885,1914,1905,1938,1929,1870,1859,1894,1804,1748,1696,1644,1649,1680,1739,1694,1665,1637,1597,1616,1651,1637,,
KPA,KPA1101,KAPE,kapuni,Gas,Cogen,2026-07-22,1677,1653,1658,1633,1635,1721,1726,1749,1797,1794,1759,1661,1591,1672,1636,1674,1698,1619,1618,1632,1643,1682,1756,1774,1758,1663,1743,1752,1744,1733,1784,1854,1839,1823,1748,1677,1688,1677,1651,1643,1637,1623,1616,1629,1646,1618,1566,1562,,
KPA,KPA1101,KAPE,kapuni,Gas,Cogen,2026-07-23,1553,1521,1549,1601,1659,1672,1642,1599,1556,1529,1506,1533,1526,1577,1611,1602,1563,1525,1419,1464,1439,1519,1342,1332,1400,1259,1137,1094,1128,1036,1079,1179,1115,1058,1004,985,985,998,983,944,940,853,792,798,842,852,889,894,,
KPA,KPA1101,KAPE,kapuni,Gas,Cogen,2026-07-24,903,823,803,787,820,907,933,1022,1058,1036,1008,984,948,1048,1892,2030,1997,1908,1823,1805,1848,1888,1859,1794,1805,1772,1839,1794,1749,1803,1841,1889,2017,2057,2096,2107,2055,2076,1965,1848,1864,1879,1862,1907,1890,1883,1883,1834,,
KPA,KPA1101,KAPE,kapuni,Gas,Cogen,2026-07-25,1864,1875,1851,1853,1907,1869,1880,1902,1846,1871,1848,1813,1850,1779,1884,1852,1878,1933,1884,1930,1993,1995,2043,2067,2141,2174,2190,2179,2205,2156,2178,2162,2179,2233,2209,2202,2178,2208,2230,2450,2439,2282,2097,2099,2023,1967,1934,1926,,
KPA,KPA1101,KAPE,kapuni,Gas,Cogen,2026-07-26,1869,1882,1947,1999,2023,2023,2039,1997,1973,1971,2042,2064,2049,2089,2154,2178,2187,2233,2320,2354,2360,2323,2359,2369,2343,2398,2429,2404,2406,2391,2373,2320,2261,2328,2318,2292,2299,2309,2298,2276,2281,2248,2244,2277,2271,2277,2236,2233,,
KPA,KPA1101,KAPE,kapuni,Gas,Cogen,2026-07-27,2263,2284,2317,2298,2311,2290,2311,2295,2340,2342,2347,2300,2252,2228,2271,2205,2267,2271,2361,2403,2409,2440,2108,1946,1997,2394,2459,2511,2372,2312,2336,2354,2382,2329,2139,2041,2050,1981,2001,2009,1960,3953,7055,7007,7058,7089,7045,7087,,
KPA,KPA1101,KAPE,kapuni,Gas,Cogen,2026-07-28,7105,7078,7128,6930,6900,6895,7045,7139,7104,7120,7133,7239,7304,7442,7537,7585,7655,7834,7824,7896,7679,7535,7568,7612,7570,7546,7723,7752,7806,7595,7692,7694,7448,7174,7101,7000,7014,6936,6859,6824,6779,6789,6755,2231,1919,1874,1863,1849,,
KPA,KPA1101,KAPE,kapuni,Gas,Cogen,2026-07-29,1916,1932,1957,1910,1892,1926,1972,2053,2051,1935,1899,1882,1912,1993,1972,2009,2019,2094,2119,2046,1915,1951,2002,2046,2148,2125,2183,2118,2101,2106,2122,1994,2102,2097,2032,1991,1945,1847,1899,1823,1804,1789,1802,1798,1852,1762,1779,1826,,
KPA,KPA1101,KAPE,kapuni,Gas,Cogen,2026-07-30,1893,1976,1971,1991,1921,1903,1952,2104,2152,2179,2153,2068,1987,1959,2082,2110,2171,2135,2188,2119,2175,2122,2198,2231,2200,2216,2161,2045,2030,2105,1938,1964,1985,2020,2004,1929,1980,1907,1934,1944,1916,1914,1945,1956,1959,1999,1962,2006,,
KPA,KPA1101,KAPE,kapuni,Gas,Cogen,2026-07-31,2071,2033,2002,1915,1900,1912,1965,1996,2003,2000,2018,2066,1982,2157,2051,2028,2031,2031,2011,2117,2144,2113,2036,2036,2053,2078,2076,2082,2088,2033,1988,1954,1968,2053,2018,1962,2013,2018,2044,1988,1928,1950,2103,2088,2044,2075,2153,2201,,
KPO,KPO1101,MRPL,karapiro,Hydro,Hydro,2026-07-01,49150,49050,49070,49080,51050,50960,50970,50960,50950,50980,51030,50960,51070,50990,50950,51080,51020,51010,51030,51080,51140,52230,53540,53530,53420,53470,53440,53530,52180,50740,50620,50530,53030,53430,53510,53450,52710,51070,50940,49620,49050,45930,43190,43090,43140,43130,43050,43090,,
KPO,KPO1101,MRPL,karapiro,Hydro,Hydro,2026-07-02,42110,42090,42070,42110,40840,39820,40580,45780,45570,46100,46190,46160,46300,46010,46760,47540,47620,47550,47580,47600,52210,53470,51850,47720,45970,47640,49670,47470,45040,46950,46980,47130,46080,46070,48660,53280,53450,53480,53620,53510,53470,53490,53500,53500,53500,47660,42360,32140,,
KPO,KPO1101,MRPL,karapiro,Hydro,Hydro,2026-07-03,31630,30250,29810,29800,29800,29740,30060,30810,32310,35130,37320,41160,40910,42970,52270,54340,54560,54620,54690,53670,47800,39720,35900,35740,37580,31650,31240,31280,31170,31230,31250,33810,34310,34260,35710,52610,54400,54490,53980,50660,50570,50560,50550,49860,44700,45110,51720,41980,,
KPO,KPO1101,MRPL,karapiro,Hydro,Hydro,2026-07-04,37470,34380,34200,29950,26030,25220,21840,21820,21810,24060,25340,25590,31710,24900,24740,33200,38510,40090,41030,44480,45350,43760,43130,43130,43090,41840,41660,41660,41610,41630,41640,40600,38770,38680,38650,47340,47510,47580,47560,38360,27790,25990,27810,28190,33060,32580,31080,29780,,
KPO,KPO1101,MRPL,karapiro,Hydro,Hydro,2026-07-05,31850,26790,21870,32620,30880,25880,25780,21770,24280,28580,25360,27490,21960,24440,27110,28710,29740,26980,26070,24820,24840,24450,22810,23700,25550,24950,29880,36500,35690,35620,37150,37260,40120,41530,44470,47100,47480,47560,47580,47570,47560,45940,40110,41110,40230,34120,30940,25000,,
KPO,KPO1101,MRPL,karapiro,Hydro,Hydro,2026-07-06,25470,22770,21350,21590,22500,22170,22150,22290,22280,21380,20820,21650,21880,26430,34600,40140,41510,41580,41630,41650,41690,39880,41680,41650,41600,41600,41590,41610,40550,39700,40630,39480,40960,41570,41630,43600,45820,47290,45330,45320,44160,41470,40250,39460,34720,34230,34230,34220,,
KPO,KPO1101,MRPL,karapiro,Hydro,Hydro,2026-07-07,25110,22850,23920,24800,24830,24810,24810,23880,26700,26790,27650,30920,34320,34620,40110,45670,46000,46060,46070,46060,49080,49040,49050,50350,51090,49030,49080,49080,49510,48230,49040,49030,49050,49070,49070,53320,54390,52210,52030,52040,52020,51460,49640,45010,50350,50570,50040,45930,,
KPO,KPO1101,MRPL,karapiro,Hydro,Hydro,2026-07-08,37460,35680,34740,34260,34280,34240,34210,34190,34180,34150,34240,34220,34980,37070,35470,47970,52010,51840,51200,50540,49640,48180,47570,47650,47590,47530,47530,45810,44700,42680,38780,35050,29660,26870,29380,48190,50410,50470,43920,43670,34290,28880,22950,22850,22830,23650,27070,25790,,
KPO,KPO1101,MRPL,karapiro,Hydro,Hydro,2026-07-09,26540,26500,27420,24850,24480,26630,23270,24370,24010,22850,24930,21900,28380,33030,33450,37110,46460,47170,46120,46240,42420,40940,33370,31010,37050,37160,37190,37170,30220,29740,29770,29710,33220,37120,46650,40940,37220,37170,34730,38570,38670,38680,37500,34300,36940,39240,41590,38660,,
KPO,KPO1101,MRPL,karapiro,Hydro,Hydro,2026-07-10,38820,38590,38630,26240,29440,27850,24240,22840,25770,22510,22780,25850,30560,38700,43540,44490,48060,48470,48490,48520,45530,42720,42360,40700,40680,36660,32850,32730,32750,32730,32700,32720,32710,32720,39810,44960,41810,40280,38710,38730,38720,38680,38710,38700,42640,45000,44130,45480,,
KPO,KPO1101,MRPL,karapiro,Hydro,Hydro,2026-07-11,45460,39690,38740,34760,32290,33700,34180,34190,34220,31310,41060,41600,41570,41570,41670,41630,41600,41600,42430,41620,41670,41660,41660,41640,41630,39010,38710,38650,38670,38700,38620,38610,38650,38710,40570,51710,51930,54560,54510,54520,54510,54550,54610,52680,44780,42650,41760,41640,,
KPO,KPO1101,MRPL,karapiro,Hydro,Hydro,2026-07-12,41540,41650,41630,41610,41550,41570,41590,45720,47420,47500,43560,42960,40670,37300,42390,43080,46650,53380,54550,54040,52120,52000,51980,52000,44710,37440,36400,30150,24890,25250,31630,29100,33020,43170,44210,49600,49000,49180,49070,49030,49090,49050,49160,49030,49040,49070,49050,44840,,
KPO,KPO1101,MRPL,karapiro,Hydro,Hydro,2026-07-13,44610,34400,32850,32750,32790,32670,32690,32720,32690,32680,32690,32700,32770,32660,28030,28260,29270,28120,25220,25330,24980,23790,23810,22780,22800,22800,22830,22820,22820,22810,22810,22770,24390,39180,47450,51440,51960,51990,52030,51970,52040,33690,32880,32760,32730,32730,32660,32750,,
KPO,KPO1101,MRPL,karapiro,Hydro,Hydro,2026-07-14,32750,32720,32730,32730,31060,28130,29640,29690,28630,21920,21850,21780,23540,24780,24640,29380,31670,28140,23230,32980,32550,27460,26800,24760,27690,28700,23850,23810,29460,23380,20850,20810,20840,20860,21290,21350,21350,21330,21550,21590,21570,21590,22570,30590,32360,32100,23040,24260,,
KPO,KPO1101,MRPL,karapiro,Hydro,Hydro,2026-07-15,24940,24650,24370,21900,22560,21320,21270,21300,25570,27520,24480,23000,23600,22270,21580,21040,21040,21080,21040,21070,21030,21080,21070,21070,20910,20410,20640,21400,20860,20780,20830,20820,20800,20800,20820,20820,20840,24940,25870,24830,26290,29060,24480,21820,21840,21820,21850,21820,,
KPO,KPO1101,MRPL,karapiro,Hydro,Hydro,2026-07-16,21540,22570,24330,21400,21350,21300,21330,21330,21300,21280,22050,21570,21530,22680,35410,36470,32520,31450,29790,29810,25980,22560,29150,27200,23990,22560,21480,21470,21710,22920,21770,22120,25990,27710,32580,33410,31240,31230,31250,22140,20830,20810,20820,20840,20730,20870,20850,20820,,
KPO,KPO1101,MRPL,karapiro,Hydro,Hydro,2026-07-17,20810,20820,20820,20830,20820,20830,20800,20830,20820,20750,20860,20780,19910,20370,20330,20720,20820,20820,20810,20820,20830,20840,20800,20810,20830,20830,24080,24780,24800,24790,24790,24770,24760,24810,21900,21790,21780,21840,20550,20360,20320,20320,20320,20330,20350,20340,20340,20320,,
KPO,KPO1101,MRPL,karapiro,Hydro,Hydro,2026-07-18,20260,20320,20300,20330,20320,20330,20260,20330,20300,20330,20270,20310,20360,20710,20780,20810,20850,20810,20820,20830,20820,20810,20820,20860,20810,20800,20810,20810,20810,20810,20800,20900,21010,20900,20770,20760,20770,20810,20850,20990,21360,21330,21320,21320,21300,21280,21300,21220,,
KPO,KPO1101,MRPL,karapiro,Hydro,Hydro,2026-07-19,21270,21350,21740,21990,21280,21700,21390,21240,21240,21260,21240,21350,21310,21200,20730,20770,20840,20960,20820,20810,20830,20810,20790,20810,20830,20810,20830,20830,20810,20800,20800,20820,20820,20820,20790,20790,20830,20850,20820,20820,20820,20840,20830,20830,20810,20770,20840,20810,,
KPO,KPO1101,MRPL,karapiro,Hydro,Hydro,2026-07-20,20830,20810,20820,20800,20800,20830,20800,20830,21390,23830,21880,21790,21830,21770,21790,23930,35610,37190,37170,40830,44420,44600,42140,41860,37290,37020,32830,32690,32710,32710,38660,49810,48100,50100,52370,53440,53400,53470,53450,50510,49090,49040,44730,43660,38800,39030,41570,41650,,
KPO,KPO1101,MRPL,karapiro,Hydro,Hydro,2026-07-21,33620,31680,31410,32630,31210,31180,22240,22430,24700,23630,21930,22680,30840,31090,33390,45740,46080,42700,39990,42100,43030,43080,43070,42340,38720,36430,29600,26840,25380,23840,23770,25070,31030,32670,32700,48650,53360,53390,53460,48600,38850,35830,34370,34220,32210,31280,26120,23500,,
KPO,KPO1101,MRPL,karapiro,Hydro,Hydro,2026-07-22,22210,22820,21890,24500,22780,22790,23820,25560,23200,25590,21960,30290,31730,38040,38760,51190,51960,51990,51950,51990,51980,46620,45650,45600,44460,41390,40710,40690,40630,40660,38230,32820,32710,32740,32720,44180,47390,47530,47570,47560,47600,44830,38320,36720,35780,35760,34900,30150,,
KPO,KPO1101,MRPL,karapiro,Hydro,Hydro,2026-07-23,29470,22880,21830,21820,21790,21440,21300,21290,21280,22190,28280,29640,31300,42580,44470,49770,47570,47540,47580,47640,42760,41700,41660,35270,32840,35790,39540,39650,33170,32710,32650,32780,32640,32810,32730,40260,44550,44600,44540,37450,35770,23190,21900,21820,21830,21820,21860,21840,,
KPO,KPO1101,MRPL,karapiro,Hydro,Hydro,2026-07-24,21810,21560,21340,21320,21330,21320,21270,21320,21300,20790,20810,20780,20860,21280,21260,21240,25460,22660,21830,21840,21800,21810,21820,25920,29630,30210,31630,31720,33420,32490,33670,34710,34620,34720,37690,43770,42670,44550,44280,44600,44590,37000,32880,32790,32760,31020,21910,21870,,
KPO,KPO1101,MRPL,karapiro,Hydro,Hydro,2026-07-25,21820,23400,24430,29030,26380,26230,28730,21940,21780,21810,21810,26920,29780,29740,25410,24430,22130,23210,25370,26770,29090,25800,24790,28770,32750,36470,37760,42290,44480,44620,48130,49200,50100,51940,51950,52050,51980,51950,52050,52030,52040,52000,52050,51970,52010,51960,52060,52030,,
KPO,KPO1101,MRPL,karapiro,Hydro,Hydro,2026-07-26,51770,40990,31860,31730,21740,21880,21810,21820,21820,21810,21810,21810,22710,21810,25600,34230,33100,31870,31200,31230,34040,34200,34260,39700,39350,41540,41570,43730,41670,38930,39240,42960,44470,44600,46110,47080,46300,44690,44660,45400,44750,43200,43490,39550,44480,45800,43960,41770,,
KPO,KPO1101,MRPL,karapiro,Hydro,Hydro,2026-07-27,38200,37220,34990,36960,34830,29900,30410,29810,29730,27480,31280,31210,37610,46000,54060,54420,54450,54360,54410,50920,50490,50410,48710,48600,48550,48540,48540,44990,44960,44150,45710,50430,50200,51770,51490,51680,51310,51820,51780,51790,51820,51560,48050,36250,37510,37260,23940,21880,,
KPO,KPO1101,MRPL,karapiro,Hydro,Hydro,2026-07-28,21840,21970,27450,29650,29720,29720,29720,29740,27970,25290,24860,22860,24160,27190,47820,51620,49870,52100,52170,51990,51100,48390,44750,39020,38800,37770,37230,32920,32810,32400,31240,31270,31290,32620,36310,46620,53310,53440,53160,50610,50520,50520,50800,50480,50510,47630,39150,35800,,
KPO,KPO1101,MRPL,karapiro,Hydro,Hydro,2026-07-29,35610,35720,32700,32770,29830,29770,29730,29730,29750,29690,30510,32690,42050,50220,53360,54560,54540,54510,51930,38670,36430,36420,36440,36460,36440,36400,36390,36410,31880,31740,31730,34110,51890,48170,38940,35390,38650,50010,50490,50530,50530,50520,49800,33150,32820,32740,31870,21960,,
KPO,KPO1101,MRPL,karapiro,Hydro,Hydro,2026-07-30,21710,21870,21840,21790,21820,21820,21820,21820,21810,21800,21790,21860,22020,22620,36350,38680,38590,41920,43760,45100,39140,37410,39070,31040,25530,28630,25890,25750,25720,24730,25290,25700,32290,32980,32500,39480,40200,44510,35310,22000,21840,21810,21800,21850,21820,21840,21820,21810,,
KPO,KPO1101,MRPL,karapiro,Hydro,Hydro,2026-07-31,21770,21830,21830,21780,21790,21820,21830,21800,21770,21770,21780,21840,21870,21940,22850,27210,27730,29700,28180,29810,27390,22560,22800,23410,22990,22860,24620,23970,21360,21390,21310,21820,22070,21810,22500,25260,25370,25840,25800,25790,25790,25800,25860,25770,25770,25810,25710,24900,,
KPU,KPU0661,POCO,pāmu_rā_ki_whitianga_solar_farm,SOL,PV,2026-07-01,0,0,0,0,0,0,0,0,0,0,0,0,0,0,0,0,0,0,0,0,0,0,0,0,0,0,0,0,0,0,0,0,0,0,0,0,0,0,0,0,0,0,0,0,0,0,0,0,,
KPU,KPU0661,POCO,pāmu_rā_ki_whitianga_solar_farm,SOL,PV,2026-07-02,0,0,0,0,0,0,0,0,0,0,0,0,0,0,0,0,0,0,0,0,0,0,0,0,0,0,0,0,0,0,0,0,0,0,0,0,0,0,0,0,0,0,0,0,0,0,0,0,,
KPU,KPU0661,POCO,pāmu_rā_ki_whitianga_solar_farm,SOL,PV,2026-07-03,0,0,0,0,0,0,0,0,0,0,0,0,0,0,0,0,0,0,0,0,0,0,0,0,0,0,0,0,0,0,0,0,0,0,0,0,0,0,0,0,0,0,0,0,0,0,0,0,,
KPU,KPU0661,POCO,pāmu_rā_ki_whitianga_solar_farm,SOL,PV,2026-07-04,0,0,0,0,0,0,0,0,0,0,0,0,0,0,0,0,0,0,0,0,0,0,0,0,0,0,0,0,0,0,0,0,0,0,0,0,0,0,0,0,0,0,0,0,0,0,0,0,,
KPU,KPU0661,POCO,pāmu_rā_ki_whitianga_solar_farm,SOL,PV,2026-07-05,0,0,0,0,0,0,0,0,0,0,0,0,0,0,0,0,0,0,0,0,0,0,0,0,0,0,0,0,0,0,0,0,0,0,0,0,0,0,0,0,0,0,0,0,0,0,0,0,,
KPU,KPU0661,POCO,pāmu_rā_ki_whitianga_solar_farm,SOL,PV,2026-07-06,0,0,0,0,0,0,0,0,0,0,0,0,0,0,0,0,0,0,0,0,0,0,0,0,0,0,0,0,0,0,0,0,0,0,0,0,0,0,0,0,0,0,0,0,0,0,0,0,,
KPU,KPU0661,POCO,pāmu_rā_ki_whitianga_solar_farm,SOL,PV,2026-07-07,0,0,0,0,0,0,0,0,0,0,0,0,0,0,0,0,0,0,0,0,0,0,0,0,0,0,0,0,0,0,0,0,0,0,0,0,0,0,0,0,0,0,0,0,0,0,0,0,,
KPU,KPU0661,POCO,pāmu_rā_ki_whitianga_solar_farm,SOL,PV,2026-07-08,0,0,0,0,0,0,0,0,0,0,0,0,0,0,0,0,0,0,0,0,0,0,0,0,0,0,0,0,0,0,0,0,0,0,0,0,0,0,0,0,0,0,0,0,0,0,0,0,,
KPU,KPU0661,POCO,pāmu_rā_ki_whitianga_solar_farm,SOL,PV,2026-07-09,0,0,0,0,0,0,0,0,0,0,0,0,0,0,0,0,0,0,0,0,0,0,0,0,0,0,0,0,0,0,0,0,0,0,0,0,0,0,0,0,0,0,0,0,0,0,0,0,,
KPU,KPU0661,POCO,pāmu_rā_ki_whitianga_solar_farm,SOL,PV,2026-07-10,0,0,0,0,0,0,0,0,0,0,0,0,0,0,0,0,0,0,0,0,0,0,0,0,0,0,0,0,0,0,0,0,0,0,0,0,0,0,0,0,0,0,0,0,0,0,0,0,,
KPU,KPU0661,POCO,pāmu_rā_ki_whitianga_solar_farm,SOL,PV,2026-07-11,0,0,0,0,0,0,0,0,0,0,0,0,0,0,0,0,0,0,0,0,0,0,0,0,0,0,0,0,0,0,0,0,0,0,0,0,0,0,0,0,0,0,0,0,0,0,0,0,,
KPU,KPU0661,POCO,pāmu_rā_ki_whitianga_solar_farm,SOL,PV,2026-07-12,0,0,0,0,0,0,0,0,0,0,0,0,0,0,0,0,0,0,0,0,0,0,0,0,0,0,0,0,0,0,0,0,0,0,0,0,0,0,0,0,0,0,0,0,0,0,0,0,,
KPU,KPU0661,POCO,pāmu_rā_ki_whitianga_solar_farm,SOL,PV,2026-07-13,0,0,0,0,0,0,0,0,0,0,0,0,0,0,0,0,0,0,0,0,0,0,0,0,0,0,0,0,0,0,0,0,0,0,0,0,0,0,0,0,0,0,0,0,0,0,0,0,,
KPU,KPU0661,POCO,pāmu_rā_ki_whitianga_solar_farm,SOL,PV,2026-07-14,0,0,0,0,0,0,0,0,0,0,0,0,0,0,0,0,0,0,0,0,0,0,0,0,0,0,0,0,0,0,0,0,0,0,0,0,0,0,0,0,0,0,0,0,0,0,0,0,,
KPU,KPU0661,POCO,pāmu_rā_ki_whitianga_solar_farm,SOL,PV,2026-07-15,0,0,0,0,0,0,0,0,0,0,0,0,0,0,0,0,0,0,0,0,0,0,0,0,0,0,0,0,0,0,0,0,0,0,0,0,0,0,0,0,0,0,0,0,0,0,0,0,,
KPU,KPU0661,POCO,pāmu_rā_ki_whitianga_solar_farm,SOL,PV,2026-07-16,0,0,0,0,0,0,0,0,0,0,0,0,0,0,0,0,0,0,0,0,0,0,0,0,0,0,0,0,0,0,0,0,0,0,0,0,0,0,0,0,0,0,0,0,0,0,0,0,,
KPU,KPU0661,POCO,pāmu_rā_ki_whitianga_solar_farm,SOL,PV,2026-07-17,0,0,0,0,0,0,0,0,0,0,0,0,0,0,0,0,0,0,0,0,0,0,0,0,0,0,0,0,0,0,0,0,0,0,0,0,0,0,0,0,0,0,0,0,0,0,0,0,,
KPU,KPU0661,POCO,pāmu_rā_ki_whitianga_solar_farm,SOL,PV,2026-07-18,0,0,0,0,0,0,0,0,0,0,0,0,0,0,0,0,0,0,0,0,0,0,0,0,0,0,0,0,0,0,0,0,0,0,0,0,0,0,0,0,0,0,0,0,0,0,0,0,,
KPU,KPU0661,POCO,pāmu_rā_ki_whitianga_solar_farm,SOL,PV,2026-07-19,0,0,0,0,0,0,0,0,0,0,0,0,0,0,0,0,0,0,0,0,0,0,0,0,0,0,0,0,0,0,0,0,0,0,0,0,0,0,0,0,0,0,0,0,0,0,0,0,,
KPU,KPU0661,POCO,pāmu_rā_ki_whitianga_solar_farm,SOL,PV,2026-07-20,0,0,0,0,0,0,0,0,0,0,0,0,0,0,0,0,0,0,0,0,0,0,0,0,0,0,0,0,0,0,0,0,0,0,0,0,0,0,0,0,0,0,0,0,0,0,0,0,,
KPU,KPU0661,POCO,pāmu_rā_ki_whitianga_solar_farm,SOL,PV,2026-07-21,0,0,0,0,0,0,0,0,0,0,0,0,0,0,0,0,0,0,0,0,0,0,0,0,0,0,0,0,0,0,0,0,0,0,0,0,0,0,0,0,0,0,0,0,0,0,0,0,,
KPU,KPU0661,POCO,pāmu_rā_ki_whitianga_solar_farm,SOL,PV,2026-07-22,0,0,0,0,0,0,0,0,0,0,0,0,0,0,0,0,0,0,0,0,0,0,0,0,0,0,0,0,0,0,0,0,0,0,0,0,0,0,0,0,0,0,0,0,0,0,0,0,,
KPU,KPU0661,POCO,pāmu_rā_ki_whitianga_solar_farm,SOL,PV,2026-07-23,0,0,0,0,0,0,0,0,0,0,0,0,0,0,0,0,0,0,0,0,0,0,0,0,0,0,0,0,0,0,0,0,0,0,0,0,0,0,0,0,0,0,0,0,0,0,0,0,,
KPU,KPU0661,POCO,pāmu_rā_ki_whitianga_solar_farm,SOL,PV,2026-07-24,0,0,0,0,0,0,0,0,0,0,0,0,0,0,0,0,0,0,0,0,0,0,0,0,0,0,0,0,0,0,0,0,0,0,0,0,0,0,0,0,0,0,0,0,0,0,0,0,,
KPU,KPU0661,POCO,pāmu_rā_ki_whitianga_solar_farm,SOL,PV,2026-07-25,0,0,0,0,0,0,0,0,0,0,0,0,0,0,0,0,0,0,0,0,0,0,0,0,0,0,0,0,0,0,0,0,0,0,0,0,0,0,0,0,0,0,0,0,0,0,0,0,,
KPU,KPU0661,POCO,pāmu_rā_ki_whitianga_solar_farm,SOL,PV,2026-07-26,0,0,0,0,0,0,0,0,0,0,0,0,0,0,0,0,0,0,0,0,0,0,0,0,0,0,0,0,0,0,0,0,0,0,0,0,0,0,0,0,0,0,0,0,0,0,0,0,,
KPU,KPU0661,POCO,pāmu_rā_ki_whitianga_solar_farm,SOL,PV,2026-07-27,0,0,0,0,0,0,0,0,0,0,0,0,0,0,0,0,0,0,0,0,0,0,0,0,0,0,0,0,0,0,0,0,0,0,0,0,0,0,0,0,0,0,0,0,0,0,0,0,,
KPU,KPU0661,POCO,pāmu_rā_ki_whitianga_solar_farm,SOL,PV,2026-07-28,0,0,0,0,0,0,0,0,0,0,0,0,0,0,0,0,0,0,0,0,0,0,0,0,0,0,0,0,0,0,0,0,0,0,0,0,0,0,0,0,0,0,0,0,0,0,0,0,,
KPU,KPU0661,POCO,pāmu_rā_ki_whitianga_solar_farm,SOL,PV,2026-07-29,0,0,0,0,0,0,0,0,0,0,0,0,0,0,0,0,0,0,0,0,0,0,0,0,0,0,0,0,0,0,0,0,0,0,0,0,0,0,0,0,0,0,0,0,0,0,0,0,,
KPU,KPU0661,POCO,pāmu_rā_ki_whitianga_solar_farm,SOL,PV,2026-07-30,0,0,0,0,0,0,0,0,0,0,0,0,0,0,0,0,0,0,0,0,0,0,0,0,0,0,0,0,0,0,0,0,0,0,0,0,0,0,0,0,0,0,0,0,0,0,0,0,,
KPU,KPU0661,POCO,pāmu_rā_ki_whitianga_solar_farm,SOL,PV,2026-07-31,0,0,0,0,0,0,0,0,0,0,0,0,0,0,0,0,0,0,0,0,0,0,0,0,0,0,0,0,0,0,0,0,0,0,0,0,0,0,0,0,0,0,0,0,0,0,0,0,,
LTN,LTN0331,POCO,twf_12,Wind,Wind,2026-07-01,0,0,0,0,0,0,0,0,0,0,0,0,0,0,0,0,0,0,0,0,0,0,0,0,0,0,0,0,0,0,0,0,0,0,0,0,0,0,0,0,111,704,1429,1085,916,602,360,119,,
LTN,LTN0331,POCO,twf_12,Wind,Wind,2026-07-02,116,55,12,0,0,0,65,1375,2545,2151,1594,1305,952,963,852,1124,1005,975,1284,1212,909,827,1062,1272,1306,814,894,1381,1437,2094,2675,3882,3505,4171,4806,5456,6329,7033,8214,7851,8162,7724,7817,7042,7392,6081,4569,4729,,
LTN,LTN0331,POCO,twf_12,Wind,Wind,2026-07-03,4479,5097,6017,6865,6085,7689,7596,6165,4724,4349,5326,4800,5206,5319,4614,4314,3951,4299,3408,2182,2433,2144,2223,2748,2791,1969,2479,2815,1872,2163,1238,862,391,94,135,109,125,101,77,0,88,231,772,1306,1979,1782,2218,2653,,
LTN,LTN0331,POCO,twf_12,Wind,Wind,2026-07-04,2588,2637,2977,3307,3899,3815,3834,3649,2290,2182,2279,2128,2177,3372,4145,4901,6638,8126,9126,9765,9929,9261,9345,7629,9087,6243,3191,4103,3564,4562,5353,6960,6770,4055,3556,3823,4360,5064,4452,4181,4486,3888,3550,2736,1417,928,2112,1380,,
LTN,LTN0331,POCO,twf_12,Wind,Wind,2026-07-05,776,1643,657,399,466,824,492,48,9,0,7,16,11,280,379,1084,469,98,171,12,238,2781,5857,8420,10430,10970,9352,8810,6486,5723,6136,4965,3824,1198,108,0,0,0,0,0,0,0,0,0,0,0,0,732,,
LTN,LTN0331,POCO,twf_12,Wind,Wind,2026-07-06,2996,5114,5939,7202,9831,9883,11279,12129,13067,13873,14686,15569,14494,14641,14974,12777,12230,11494,11503,9655,7256,8346,8728,9087,11308,12251,10242,10105,9591,10325,8785,10428,9603,10500,11191,11652,11787,12444,7037,3367,3839,2933,4481,7046,5143,2599,2472,2432,,
LTN,LTN0331,POCO,twf_12,Wind,Wind,2026-07-07,2208,1342,499,1932,4182,7283,6968,4949,2542,3189,6873,9450,7965,8260,6795,3379,1742,1072,953,753,652,857,1682,2934,5754,3353,1079,2137,3210,2381,1807,2105,2224,2013,2293,3627,3765,4191,3082,2259,963,26,7,22,13,128,288,524,,
LTN,LTN0331,POCO,twf_12,Wind,Wind,2026-07-08,638,1124,1342,1909,1649,1128,3472,5870,4257,2248,280,8,95,1140,1850,2434,2519,2895,2672,2040,1720,1862,751,685,1642,2036,3272,6285,6071,4662,4839,5602,5048,5705,5227,6061,8925,8676,8417,8770,10624,11282,14031,13237,11506,13706,12811,13797,,
LTN,LTN0331,POCO,twf_12,Wind,Wind,2026-07-09,12151,11001,12439,15307,14926,15136,15066,14811,14790,15405,15649,14979,15318,15506,14595,13656,14286,14188,13208,13296,12680,12281,12343,11980,12197,12651,12395,12462,12785,12928,13829,14297,14453,15486,14662,13661,13145,13339,12795,12178,13000,11233,11145,11953,13342,11890,9619,9692,,
LTN,LTN0331,POCO,twf_12,Wind,Wind,2026-07-10,9126,7462,7200,8682,8345,6920,7641,8586,8422,9547,9718,8632,9324,9211,7619,6406,7688,7380,6964,6022,5194,4869,5511,4209,4670,3439,3074,3539,7028,7058,5078,3260,1997,1274,663,506,92,251,166,1,20,849,318,86,16,0,0,34,,
LTN,LTN0331,POCO,twf_12,Wind,Wind,2026-07-11,512,966,384,490,143,232,160,153,54,167,18,0,0,0,28,175,74,7,0,48,219,16,50,124,92,102,122,1,0,0,214,0,7,56,286,359,334,493,533,592,829,732,1055,963,890,1057,729,616,,
LTN,LTN0331,POCO,twf_12,Wind,Wind,2026-07-12,1075,932,651,114,115,35,0,0,0,0,0,0,0,0,13,115,115,60,21,0,0,0,0,0,0,0,0,0,0,0,0,0,0,0,0,0,0,0,0,0,0,0,0,65,603,1752,1519,1293,,
LTN,LTN0331,POCO,twf_12,Wind,Wind,2026-07-13,1279,1956,2420,2580,2761,3729,5140,5522,5198,5671,6976,7819,7760,6308,6246,6197,5697,5843,6230,7201,6095,4487,4737,3721,4723,7353,6694,5625,6953,8363,10178,8316,8318,7187,8276,7786,6917,8227,8083,6475,6469,5214,7445,7436,9057,9862,8907,7879,,
LTN,LTN0331,POCO,twf_12,Wind,Wind,2026-07-14,6633,5738,5002,5993,6507,7988,7234,5386,3341,3611,5368,7773,11580,12422,13643,12921,13857,14350,14298,14298,13982,14460,14362,13987,13588,13537,11243,10662,12108,12291,10115,11452,12061,10053,11131,10079,8977,8964,12530,16271,16447,16488,16473,16440,16435,16006,13893,13521,,
LTN,LTN0331,POCO,twf_12,Wind,Wind,2026-07-15,14652,10750,11529,10736,12846,15165,14036,15806,15989,16369,16389,16381,16337,15925,16112,15497,13086,13494,13053,12155,11861,12057,12262,12362,12897,12472,13056,12457,12244,11805,12714,10890,11788,9456,6632,7038,8337,10131,12811,10088,7125,6532,7239,9829,13901,16079,15774,15239,,
LTN,LTN0331,POCO,twf_12,Wind,Wind,2026-07-16,13918,12911,11836,11437,11061,13200,14654,15120,15753,15721,15483,15818,15914,14508,13975,15621,15863,15841,15863,15545,16040,15801,14301,15921,16066,16046,16052,15823,15527,14445,13472,15005,13918,11354,7916,4313,2365,1804,1161,917,1112,625,38,2,73,464,1621,2536,,
LTN,LTN0331,POCO,twf_12,Wind,Wind,2026-07-17,2538,3369,5553,9609,12720,13425,13396,13153,12773,13148,14450,14712,14913,15429,15431,15548,15013,14199,13927,13995,14309,14553,14531,15205,15202,15267,16201,15803,13174,11435,10289,9838,11600,14528,15055,14190,14065,13894,14525,13085,14177,14531,14307,13914,12421,12095,12431,13464,,
LTN,LTN0331,POCO,twf_12,Wind,Wind,2026-07-18,13224,13849,14356,15749,16015,16245,16098,16235,16155,16305,16417,16273,16408,16265,16075,16347,16354,16379,16201,16380,16240,16297,16315,15986,15878,16074,16122,16287,16380,16362,16324,16339,16358,16288,16281,16148,16304,16246,16331,16088,16259,16192,15834,16204,16151,15832,15679,16346,,
LTN,LTN0331,POCO,twf_12,Wind,Wind,2026-07-19,16402,16248,16324,16233,16059,16084,16291,16415,16180,16245,16026,14866,13655,13090,12566,11690,11174,10333,9013,8052,6512,5067,3998,3479,2029,654,74,0,0,0,4,57,1409,2566,3709,4293,5173,7814,8153,7926,8972,8837,9607,10751,11939,12378,12159,11872,,
LTN,LTN0331,POCO,twf_12,Wind,Wind,2026-07-20,11632,10611,9720,9847,10214,9991,10193,10882,11640,11785,11487,9284,8160,5491,5002,4827,4698,4705,4955,7182,7794,8676,7181,6541,5735,3812,2833,2516,2509,2593,2057,3152,6917,3846,2036,823,381,626,891,669,825,520,284,92,118,143,61,86,,
LTN,LTN0331,POCO,twf_12,Wind,Wind,2026-07-21,637,924,855,250,67,47,3,0,0,0,0,0,0,0,0,0,0,0,0,12,555,456,1183,2708,2986,4264,4305,4575,3055,3146,3783,3960,3230,3898,4949,4412,5142,6037,8752,10431,10982,11556,12723,13646,15007,15199,14714,14019,,
LTN,LTN0331,POCO,twf_12,Wind,Wind,2026-07-22,13434,13455,13346,12273,12852,13052,12194,9256,8715,8570,6934,6074,5218,5019,3716,3448,3173,2633,2115,1954,1657,1595,909,391,122,179,121,25,0,0,0,0,0,0,0,0,0,0,0,0,0,0,0,0,0,0,0,0,,
LTN,LTN0331,POCO,twf_12,Wind,Wind,2026-07-23,0,0,0,0,16,0,257,892,1017,1452,1726,3482,6247,7374,6207,6231,7538,8627,9732,10549,11948,13498,11988,12020,12668,12721,12388,11320,11183,9664,8337,8848,10033,13026,11250,9614,7391,7527,9181,10002,10759,11180,11630,11962,12903,12829,13117,13598,,
LTN,LTN0331,POCO,twf_12,Wind,Wind,2026-07-24,13047,11606,12463,12340,11003,11693,9051,11219,12907,11835,11982,10985,11508,9343,8162,7582,5953,6014,6529,6063,4253,5974,4312,4186,8377,10987,12685,14947,15674,15672,13147,12814,12799,14087,13141,13993,14216,14537,14017,10830,6299,4969,6150,10527,11779,11684,11800,9052,,
LTN,LTN0331,POCO,twf_12,Wind,Wind,2026-07-25,6346,10354,13408,9595,6322,4533,6004,9675,8926,7853,6540,3066,1105,89,176,106,908,2528,3138,3108,2904,2562,2294,1434,507,460,12,0,285,3757,5377,6534,8319,7912,5540,3021,469,278,1011,268,247,38,118,15,2,0,7,620,,
LTN,LTN0331,POCO,twf_12,Wind,Wind,2026-07-26,1007,2187,3870,2729,3028,2162,3624,3185,2597,2229,1860,1604,1174,1013,1658,1606,915,1290,1124,871,765,606,595,338,995,1706,1610,1777,2179,4313,6252,4339,5644,5367,5612,5824,3948,3623,2509,2292,2905,2824,1862,2597,2176,697,1563,1608,,
LTN,LTN0331,POCO,twf_12,Wind,Wind,2026-07-27,1777,1063,252,73,0,0,0,0,0,0,60,127,202,62,97,244,239,136,180,60,13,0,0,0,0,0,0,0,0,0,0,0,0,0,0,0,0,0,0,0,0,0,0,0,0,0,0,0,,
LTN,LTN0331,POCO,twf_12,Wind,Wind,2026-07-28,0,0,0,0,0,0,0,0,0,0,0,0,0,0,0,0,0,0,0,0,0,0,0,0,0,3,44,316,258,236,387,1702,3127,3744,4010,2711,2610,3734,3764,4708,3460,3190,2673,2044,1395,1249,1405,1036,,
LTN,LTN0331,POCO,twf_12,Wind,Wind,2026-07-29,1329,1407,853,200,0,0,0,0,1,631,2495,2600,4002,5472,6582,7412,6303,6201,6295,6034,5927,5755,6145,9127,11933,10831,8976,8783,8764,7736,6428,5558,6669,5561,5085,2625,2328,3100,2227,2147,2528,3545,4158,5720,7962,9964,9786,9035,,
LTN,LTN0331,POCO,twf_12,Wind,Wind,2026-07-30,9113,10670,11920,13521,14808,15322,15432,15708,15667,15771,15956,16085,15837,14908,12086,10858,10742,11367,11131,9716,10250,13187,14525,15104,15307,14979,15040,14367,14241,14744,15242,15408,13716,14067,12120,10199,9492,12000,13335,13958,14256,12470,12416,12420,13768,14948,15740,15833,,
LTN,LTN0331,POCO,twf_12,Wind,Wind,2026-07-31,15782,16007,16001,16072,16048,15814,15408,15164,15132,15160,15411,15209,15293,15319,13945,10813,11154,11701,13553,13551,11522,13586,15326,15380,15513,15744,14951,15658,15130,14066,15625,15926,15939,15696,15022,14719,14938,15532,14172,13416,11223,10294,8703,7840,8836,6398,6075,11986,,
LTN,LTN2201,MRPL,turitea,Wind,Wind,2026-07-01,0,359,503,101,39,355,501,36,6,70,14,9,41,144,610,637,152,854,808,960,1515,1893,1431,1437,1823,3032,4131,4029,3333,3478,4133,3256,2480,1437,1596,2740,6762,9978,9641,9177,12936,13593,13084,11396,9563,6603,3648,2898,,
LTN,LTN2201,MRPL,turitea,Wind,Wind,2026-07-02,4325,5079,6448,11541,13287,14305,16323,21625,24584,17940,12494,10683,8827,11511,12195,12720,12063,11771,14545,11801,11774,12652,13722,12650,12917,13365,17374,19606,18145,21528,26018,27589,24743,32741,35169,39835,47717,52909,53912,51023,50170,44256,38536,41821,38266,32299,26384,32713,,
LTN,LTN2201,MRPL,turitea,Wind,Wind,2026-07-03,33487,30000,33244,28689,30973,32670,28333,29069,32072,30611,26951,26507,25878,26495,24221,22518,21966,23108,24474,25141,23561,20797,19891,20901,21744,17739,13214,10454,10208,13021,12132,9589,6662,6070,6928,7683,8314,9110,9465,8926,10409,10858,11081,13914,17673,16581,16355,19805,,
LTN,LTN2201,MRPL,turitea,Wind,Wind,2026-07-04,22436,22079,19363,19681,22204,22400,19912,18543,15777,16392,13739,14552,18325,19614,26736,32067,39218,40744,47765,51529,55778,58611,60565,64643,51524,46682,38585,35094,27729,23065,26511,29569,43802,47425,57829,43235,31374,30868,38825,50779,54138,49692,52928,52363,48509,45270,40328,41438,,
LTN,LTN2201,MRPL,turitea,Wind,Wind,2026-07-05,30129,29338,23488,15538,11932,17403,21335,13772,6957,5643,5685,12301,20386,13980,8010,5691,7277,4389,5867,9354,22884,36828,45137,51105,57581,64601,57573,55859,51230,44294,69588,53048,24434,9280,3861,713,1379,1652,118,0,0,0,0,0,0,0,0,3065,,
LTN,LTN2201,MRPL,turitea,Wind,Wind,2026-07-06,24557,55024,66636,69764,67331,66604,65438,61956,60755,58522,74144,73660,58459,73037,78188,87641,92980,93057,93985,92522,80900,81456,85172,88980,88345,90684,86921,75738,72634,75206,73870,72437,75807,76073,70333,65481,69739,73648,54922,36571,33226,23050,24238,45392,71653,55007,44624,41432,,
LTN,LTN2201,MRPL,turitea,Wind,Wind,2026-07-07,27305,30209,36659,39173,40441,39125,38975,43723,34099,33662,46262,61629,64639,70402,63936,51553,34182,34446,42363,42219,37377,32154,32561,53239,60059,43195,39555,53496,47152,29915,27067,33161,38189,41935,36835,49903,46487,45413,37632,26356,18968,18395,23367,14422,9395,13743,17224,17409,,
LTN,LTN2201,MRPL,turitea,Wind,Wind,2026-07-08,20354,23334,31154,26789,21400,25369,28791,32177,31106,20160,6057,11010,35342,49637,53362,42101,36679,41406,40795,41195,47089,32079,21005,28786,30171,41587,56448,59513,68353,70429,71018,73881,75256,70940,73608,79282,80979,71665,71007,73764,78701,81890,84719,87171,87414,89560,92663,95027,,
LTN,LTN2201,MRPL,turitea,Wind,Wind,2026-07-09,92898,84781,86234,89130,92771,94740,97415,95766,96150,92383,91319,86122,64368,61898,64746,69036,74040,79694,86114,91300,94495,96131,95815,97862,97395,93499,91911,90622,91986,91746,88998,92688,96080,98042,99678,97251,95195,94828,96977,95796,96840,96799,93131,93612,94105,93759,94582,89217,,
LTN,LTN2201,MRPL,turitea,Wind,Wind,2026-07-10,87265,86852,85978,85470,81302,79506,79350,82615,86623,89366,90245,88585,85446,83553,84639,83650,83941,79224,80354,77943,75546,78014,78668,58427,40162,30930,29230,36453,42237,41279,43651,28386,20645,20180,19525,20278,16709,15739,15536,13857,16251,11665,9411,9762,9934,10932,9158,8909,,
LTN,LTN2201,MRPL,turitea,Wind,Wind,2026-07-11,10661,11448,5726,5371,3746,3402,4931,4470,1813,1215,917,3378,4990,3430,1446,2842,129,187,579,172,925,3796,6405,10299,15361,12710,10301,9001,5443,10181,10081,8974,11378,10491,14177,11503,11176,8979,7867,12495,26894,41823,32419,23746,18052,14942,14713,13472,,
LTN,LTN2201,MRPL,turitea,Wind,Wind,2026-07-12,12341,11710,12225,8997,8895,5973,2046,12,20,13,17,11,0,287,774,1611,3007,4491,4525,3083,1564,1082,103,0,0,4,0,0,0,0,0,0,0,0,0,0,0,0,24,757,1977,3416,5985,8643,11716,16440,15467,12936,,
LTN,LTN2201,MRPL,turitea,Wind,Wind,2026-07-13,11108,13787,13689,12938,12926,18075,28136,36468,40905,38426,37726,40919,43814,38681,40531,35648,32751,33481,44904,51286,56974,43406,46407,48433,47350,52673,54938,35571,26135,29698,28863,25785,31905,45299,51549,52295,48933,52556,58756,64129,60627,53857,50181,46944,46781,51365,53838,51837,,
LTN,LTN2201,MRPL,turitea,Wind,Wind,2026-07-14,48165,38258,46160,47883,50291,60711,56029,55063,39612,28576,43714,49477,80818,78887,86270,82360,89402,96315,96380,93447,93023,94456,91651,87305,85176,84292,78912,80904,78280,87789,88365,91217,87827,84877,87299,82761,79128,75780,70408,78567,92369,100874,102651,94055,93228,85124,83357,75658,,
LTN,LTN2201,MRPL,turitea,Wind,Wind,2026-07-15,75285,51621,45704,38079,47158,68939,72408,90431,97454,95763,92972,96412,95729,82203,78011,71272,61448,65897,63609,65935,56179,46045,65085,79037,83847,80190,85111,91816,89755,87696,82428,71427,76151,74702,67771,76124,72760,81005,84673,74564,68785,69521,55391,57850,65102,63430,68405,62431,,
LTN,LTN2201,MRPL,turitea,Wind,Wind,2026-07-16,59089,58601,60586,66499,70987,61698,56975,56456,54162,58622,68549,59925,65646,74397,92575,96124,100053,99357,97741,93221,90477,91098,79090,92721,89856,90118,85913,67001,65604,72226,72849,69974,45838,24967,17087,11894,8286,2279,952,2835,3728,3038,2216,1082,2926,6679,9309,7475,,
LTN,LTN2201,MRPL,turitea,Wind,Wind,2026-07-17,6361,9023,16041,35609,50469,56238,58468,59687,60974,60373,62965,62285,63104,68523,79831,81465,78019,82911,80450,82791,81836,79531,81843,84789,82400,73012,60536,56405,70773,81566,85662,91711,89796,86992,87023,81883,79165,77369,79514,81041,83428,79684,79733,81412,73699,63594,69253,59906,,
LTN,LTN2201,MRPL,turitea,Wind,Wind,2026-07-18,60152,58169,56912,53900,53295,52812,53449,53281,53453,51390,57409,66794,54944,52937,53291,52662,59826,54631,60451,61596,57427,54817,52765,53336,53615,53059,61194,59170,69893,83095,79620,70944,75537,71463,73787,75020,90920,77007,64610,62755,59296,54588,60506,65105,74709,68722,54807,65155,,
LTN,LTN2201,MRPL,turitea,Wind,Wind,2026-07-19,57356,64013,80866,88866,91099,92880,70897,52816,52815,52589,64652,60552,59805,59669,60602,57984,56871,53759,43680,36290,27238,23076,15421,12895,8609,4241,699,0,682,2768,8505,10842,21626,32050,40123,47890,59359,69440,73555,77265,78388,75545,77582,85537,85087,79698,76432,70204,,
LTN,LTN2201,MRPL,turitea,Wind,Wind,2026-07-20,66963,74052,77533,73553,73020,65726,65712,66878,69295,74493,73412,76245,67190,63007,62036,62643,62570,54728,57655,55833,51278,50196,49342,38672,32684,28884,29398,24394,24764,21467,29376,31261,16723,8392,6939,11152,12735,15778,18438,19948,20595,14898,13007,10735,10903,11183,17350,17765,,
LTN,LTN2201,MRPL,turitea,Wind,Wind,2026-07-21,22565,17427,11837,8300,4643,2732,505,26,0,0,0,0,0,0,470,1962,2657,2252,2877,3685,4585,6163,13243,14941,19072,23369,21623,24483,23936,27327,28023,28436,26233,28632,22257,23844,28098,32964,31659,38112,44959,66248,60744,67860,76415,73622,75137,71996,,
LTN,LTN2201,MRPL,turitea,Wind,Wind,2026-07-22,67343,67569,69381,66768,67255,64672,55012,43435,39060,40746,32821,29128,28728,29515,22217,17991,14817,12936,10012,5737,4592,3944,3039,2858,2566,2077,1259,392,0,0,0,0,0,0,0,0,0,0,0,26,1566,1631,400,18,0,0,0,0,,
LTN,LTN2201,MRPL,turitea,Wind,Wind,2026-07-23,0,0,321,1278,1620,2764,5616,7989,8938,13770,20926,24730,26129,29404,29582,29836,37375,43906,53290,56971,60176,61585,61220,60891,63845,70072,64869,69995,73735,68289,78101,80667,83330,85170,77653,77024,75841,74112,74398,78705,80840,82257,79229,80717,84048,87631,89894,88685,,
LTN,LTN2201,MRPL,turitea,Wind,Wind,2026-07-24,85330,81000,81863,82181,76260,59402,63833,57435,47644,61788,62974,67585,72339,62205,49175,44500,41670,44329,45922,35051,30997,27789,28460,28865,39585,57802,67424,69060,73275,77397,76699,74015,78418,88193,82355,76812,70106,62995,50629,44181,38556,48628,71310,74608,73341,72723,72200,66128,,
LTN,LTN2201,MRPL,turitea,Wind,Wind,2026-07-25,52616,67797,64697,53968,46987,50431,57446,66839,55891,42274,35001,19849,13962,4006,4120,5360,12383,17358,19191,14137,12860,9213,1369,0,514,1063,189,0,24378,25700,23650,27284,33658,41731,19269,22797,23487,17167,12410,8613,3198,7723,3049,630,0,0,8,705,,
LTN,LTN2201,MRPL,turitea,Wind,Wind,2026-07-26,4971,9262,13355,14163,12715,14857,17907,20061,13604,14616,19652,13584,14691,21494,21063,17517,20426,21234,21930,16540,14625,12308,7602,10967,19883,21850,18099,23254,29474,35223,35606,28138,38945,39897,39811,44884,55570,46263,33153,30277,34425,26016,27559,31396,25630,19078,12993,13501,,
LTN,LTN2201,MRPL,turitea,Wind,Wind,2026-07-27,13359,8170,4749,1237,0,0,0,0,378,1574,2326,457,722,588,2590,3137,2866,2181,2246,1987,1398,690,522,401,0,2,70,0,0,0,0,0,0,0,0,0,0,0,0,0,0,0,75,944,356,428,0,0,,
LTN,LTN2201,MRPL,turitea,Wind,Wind,2026-07-28,0,0,0,0,0,128,95,0,0,0,0,0,0,0,0,0,0,0,0,0,0,0,0,0,524,2232,3027,3758,4651,3503,6869,12451,14220,13065,14569,15389,15485,17231,25265,20090,25551,32638,25851,22402,19448,16137,12652,10560,,
LTN,LTN2201,MRPL,turitea,Wind,Wind,2026-07-29,10686,9248,5823,3274,1272,0,199,2024,3958,6777,14066,19484,27769,31009,33872,36115,33956,34798,35641,36806,34815,37676,42995,49250,50419,47503,47160,49408,45934,41079,42549,49162,48305,39227,35771,26438,34064,38419,35920,32647,31394,33276,33957,33958,52304,48842,45156,42771,,
LTN,LTN2201,MRPL,turitea,Wind,Wind,2026-07-30,52424,71274,72359,76104,79865,83368,81214,82961,85816,88481,87726,89030,62078,68535,69115,51080,50056,46027,34736,36215,60918,64886,59490,60559,63720,54097,55482,67894,72116,56829,66518,72022,78829,80836,88161,80371,76649,74821,77128,82159,87160,91310,93527,96242,97789,95521,95744,95306,,
LTN,LTN2201,MRPL,turitea,Wind,Wind,2026-07-31,90746,88599,86088,78305,72635,57740,50928,48493,41681,51184,66763,71633,72650,83124,78207,77213,87812,84742,68720,59019,64643,63425,58223,70165,75008,74385,84092,74116,53964,58184,62585,71348,91642,90339,83855,86128,86996,80746,82342,86389,89588,82415,64812,71246,74384,68011,79152,84330,,
MAN,MAN2201,MERI,manapouri,Hydro,Hydro,2026-07-01,319271,326304,328869,322261,309877,309179,309425,309226,310198,323857,316524,367870,371836,370165,370768,370823,370628,372101,375395,374395,371080,371817,368784,369111,366865,370451,369905,377653,378346,350318,346881,368626,372951,370680,372051,370299,371629,371317,371767,371597,371077,372490,372334,371568,313502,309210,312012,309274,,
MAN,MAN2201,MERI,manapouri,Hydro,Hydro,2026-07-02,310481,309770,308618,309187,308882,309459,309226,309365,310091,321277,319222,369010,373817,371131,372469,370828,371184,371250,373688,371414,371874,371209,371429,371488,371062,371979,369870,371997,369740,371970,371428,372069,371681,370915,372181,370428,372392,371749,371965,371474,371309,371817,371311,370614,316443,309777,311374,310153,,
MAN,MAN2201,MERI,manapouri,Hydro,Hydro,2026-07-03,309959,339838,322385,355899,337914,329333,331350,332300,346509,350921,346040,370573,372314,372595,372094,371049,371469,371362,371328,370886,371642,371127,371221,370919,375404,377184,378562,378135,376548,373626,373049,371869,345569,370241,370941,369729,370689,371106,370866,371169,371198,371626,372605,370441,334785,312977,332536,310708,,
MAN,MAN2201,MERI,manapouri,Hydro,Hydro,2026-07-04,276516,290930,299199,305037,229797,211761,211970,211813,211683,211185,261286,262209,282115,323443,350103,370893,371340,372327,369317,373908,350946,345916,348483,351068,351890,349727,350704,350121,348950,349198,348674,348447,351043,349407,349855,348388,350487,349166,349584,350409,349617,349337,350085,311211,263520,261861,262664,261457,,
MAN,MAN2201,MERI,manapouri,Hydro,Hydro,2026-07-05,212298,210007,209054,209409,209052,209136,208985,208942,210175,209285,258395,261082,262476,307101,369140,371941,371046,371619,371671,371728,370707,348614,323858,298330,275131,249992,222796,208916,257425,307017,348816,371301,370278,372626,369214,369723,369896,370668,369945,370076,370203,370756,371195,369756,312088,308372,308411,263690,,
MAN,MAN2201,MERI,manapouri,Hydro,Hydro,2026-07-06,260854,261456,261736,260828,261449,261030,261045,260998,261496,260923,260406,260581,322395,326686,366257,369945,372265,373211,372546,372799,310547,308019,308489,309548,310070,308187,309202,308788,309074,317459,371684,370578,371521,369283,370961,370201,370331,370797,371759,369090,369722,369517,369999,369554,371675,369903,370121,369990,,
MAN,MAN2201,MERI,manapouri,Hydro,Hydro,2026-07-07,371923,369776,370460,348291,348624,309927,307816,308728,308355,346470,348806,369990,368257,368641,374357,372046,369592,370556,370379,371260,371045,371218,371115,371385,371614,372240,370559,371768,372341,371667,370885,348809,371981,371774,373187,370221,370820,371965,371129,371344,371956,371296,372692,371638,370938,371724,371216,372320,,
MAN,MAN2201,MERI,manapouri,Hydro,Hydro,2026-07-08,372127,371681,331452,366786,371385,371452,358244,322402,331396,357420,371354,370961,342927,368798,372492,372183,367524,371598,376506,370795,370674,372304,371043,371945,370958,371748,349347,371327,372383,370283,370659,371071,371785,394938,397422,393209,397193,397105,396475,395876,395790,396451,396239,396329,396341,396306,396174,397878,,
MAN,MAN2201,MERI,manapouri,Hydro,Hydro,2026-07-09,364887,312796,321991,311359,265403,264488,264263,264516,264324,264698,311265,355693,394375,392027,396050,397355,394400,398325,398883,397748,369088,368884,371325,371699,393023,395295,397135,395854,397377,396741,373399,395797,397755,396314,397407,394730,395830,396010,396631,396334,395827,396367,398120,396625,393110,397891,386258,353485,,
MAN,MAN2201,MERI,manapouri,Hydro,Hydro,2026-07-10,393979,357346,321442,297433,254716,237022,239902,229171,233202,226041,296466,283323,335452,375393,396214,395864,397704,396367,394712,396196,396492,395984,396487,396221,396934,395587,367596,394723,397187,396719,396524,397330,396517,396292,395827,396333,395960,396016,396439,396133,396314,395780,396478,396811,395873,396015,396696,396448,,
MAN,MAN2201,MERI,manapouri,Hydro,Hydro,2026-07-11,396713,396189,396198,391429,395192,375438,360027,338573,344902,337400,344645,388412,393910,401138,404112,399580,399283,400291,401793,401170,401125,401350,401906,400725,401218,401051,401200,401548,401853,402411,400519,400917,400521,401334,378924,399532,402897,396484,396568,396273,394989,395666,397267,396983,394904,395929,395757,396347,,
MAN,MAN2201,MERI,manapouri,Hydro,Hydro,2026-07-12,396066,396265,396475,396163,396376,396343,396254,395986,396119,396755,395661,396539,402044,400336,401274,401109,401079,401082,399642,400960,402799,401401,400799,400140,400029,401065,377061,400739,400836,399649,400993,400837,401282,399177,398520,397768,399585,399053,397041,396558,397357,395683,398886,395891,395274,395056,396395,397107,,
MAN,MAN2201,MERI,manapouri,Hydro,Hydro,2026-07-13,396495,397242,395354,386627,394667,384371,392380,358571,356612,396004,395604,395255,398101,395763,371789,370055,371086,368863,369151,330769,370700,372081,370964,370887,370231,371251,371212,370252,370578,370427,348379,370212,370287,371840,370311,369611,370375,370422,370450,370784,370866,370166,371688,352814,309562,262178,294472,272153,,
MAN,MAN2201,MERI,manapouri,Hydro,Hydro,2026-07-14,265411,262315,261457,261834,260532,262026,262799,260928,261343,261352,267624,265186,319585,367372,371506,370965,369407,370865,371597,370165,370978,368931,371875,369957,371086,370165,369755,372669,371540,369532,372303,369712,369904,371858,370718,369724,370608,370244,370117,371078,370630,370050,372348,371007,369454,369451,371113,318063,,
MAN,MAN2201,MERI,manapouri,Hydro,Hydro,2026-07-15,265038,262761,260424,260722,261917,261912,261844,261034,262632,262002,261188,261973,314332,366068,371634,369115,369745,370460,371297,370777,370960,370392,370065,370966,370763,370550,350873,370918,371436,369172,372191,370560,368815,370834,354787,368719,370491,371171,371247,370758,370199,370503,371073,369649,371108,369070,372081,317245,,
MAN,MAN2201,MERI,manapouri,Hydro,Hydro,2026-07-16,263274,261626,261639,261257,262584,261391,262528,261792,262303,261285,262245,261095,314661,365364,371051,370773,369247,366355,372333,375672,370684,370000,372121,370872,371646,368914,369902,371071,372077,370202,363514,371798,371109,371449,369638,371332,370013,370534,370772,370676,370367,370471,370436,371003,365785,371932,373139,319293,,
MAN,MAN2201,MERI,manapouri,Hydro,Hydro,2026-07-17,263500,260676,261147,261433,261462,262161,261314,261531,262672,260523,262709,260953,312608,368904,370911,368621,371893,370984,371019,371114,370826,371324,371161,370070,370462,370645,370415,370955,371564,370650,370666,370269,369686,371486,369814,371115,369930,370102,371033,370894,370349,370603,371131,370521,370911,370620,320429,316294,,
MAN,MAN2201,MERI,manapouri,Hydro,Hydro,2026-07-18,265337,261300,260612,262746,262127,261913,261367,262001,262252,262568,261849,261853,306608,308713,310147,308954,309048,309317,309219,308233,309813,309322,308504,310669,307334,368048,371222,370783,370483,370424,345212,372857,355312,370386,367932,368404,368558,370448,370679,370725,370968,370239,370897,370920,370808,369383,372063,311978,,
MAN,MAN2201,MERI,manapouri,Hydro,Hydro,2026-07-19,264206,263387,263809,260782,261318,261353,261258,260236,262590,261815,261851,261960,313450,363590,370767,370978,370567,369140,370902,370635,370398,370453,370549,370465,370891,370456,371260,369785,370375,371148,370636,371272,370366,370842,371243,371097,369438,369719,370443,370754,370518,370616,371163,369966,370895,369676,368386,320076,,
MAN,MAN2201,MERI,manapouri,Hydro,Hydro,2026-07-20,269494,262036,261757,261991,261848,261819,261662,262234,261613,262103,261819,261738,331845,369299,369654,370214,370809,370507,369364,371375,370088,370604,370005,371971,395255,395506,396791,396072,396772,395745,370455,394729,395602,398317,394662,396848,395515,396121,396013,395645,395356,396493,397406,396435,394243,393929,398706,396812,,
MAN,MAN2201,MERI,manapouri,Hydro,Hydro,2026-07-21,396566,395980,396800,396086,396097,396474,395908,395798,396497,396072,397324,395280,399080,393567,396145,395092,395605,396887,396131,396822,370284,370291,371119,369925,369002,374420,369719,371535,369592,371571,399508,400800,401755,400980,400253,400018,399889,399704,400253,399461,401072,400547,400640,400439,400384,400367,400492,396148,,
MAN,MAN2201,MERI,manapouri,Hydro,Hydro,2026-07-22,396922,381865,366350,361236,363164,351955,365435,372760,369334,370564,396693,394727,396144,399124,400573,398125,402551,401128,400304,401521,401541,400655,401589,401038,402188,400631,401295,401602,369715,368952,383284,400051,400695,401127,402159,401323,399828,381535,401149,400475,401822,401528,401856,400778,401557,399971,401889,395803,,
MAN,MAN2201,MERI,manapouri,Hydro,Hydro,2026-07-23,395151,396617,396383,394493,393201,393492,395599,374870,384394,381463,384728,385318,379073,401256,400504,397931,399890,401066,402215,405407,372904,373471,372190,369490,369832,371315,371296,370255,397703,399883,402634,399263,399934,403293,402511,398776,402080,400280,401868,400485,401398,400849,401583,402757,400256,400621,402431,357394,,
MAN,MAN2201,MERI,manapouri,Hydro,Hydro,2026-07-24,349850,321810,316263,321262,314810,316860,316221,315231,311819,315931,317019,316318,365981,402383,398475,399270,401381,401081,402809,402889,402874,401754,403532,402006,400535,401718,382276,402678,402999,403944,404469,399509,398651,403011,401499,403980,403241,402259,402374,402048,400402,401786,402388,403270,402831,400501,402529,345471,,
MAN,MAN2201,MERI,manapouri,Hydro,Hydro,2026-07-25,345366,317788,317953,316292,315849,315101,315252,317181,315857,316667,316402,323451,326792,389766,404742,397468,403797,401882,402414,401769,402578,400756,400566,402719,401065,403729,402384,401563,401860,402562,401544,403860,402126,401865,403219,401778,399536,377354,403289,404556,402671,402341,403997,399035,400710,401884,401539,402512,,
MAN,MAN2201,MERI,manapouri,Hydro,Hydro,2026-07-26,401815,397905,391647,345859,384239,392518,361163,357954,371110,360932,372432,371292,393858,400684,402529,402720,401666,403011,401699,401091,402421,400814,402978,402004,401749,401984,402882,401314,401686,401250,402305,402272,401128,404444,402393,402551,400779,401905,402559,401465,401988,395122,401870,402396,401950,400494,403596,402855,,
MAN,MAN2201,MERI,manapouri,Hydro,Hydro,2026-07-27,402298,402938,402137,402053,401990,402499,402237,402132,401831,401157,401692,402421,373368,369996,374244,366883,368599,371301,369988,371517,371951,370363,369605,370874,371110,370441,343144,371346,372165,371180,372279,371175,370069,371633,372312,370023,366605,370651,370555,370515,370565,368454,370350,369508,370359,370300,370113,373650,,
MAN,MAN2201,MERI,manapouri,Hydro,Hydro,2026-07-28,371521,371630,371724,371115,370687,370690,371950,371038,370893,369631,370078,370859,372736,371262,369143,369050,369883,372008,371379,371377,369533,370442,371363,370609,370859,371423,369692,370745,370935,371400,371211,370634,370405,370322,370457,371907,369438,370337,370768,371497,370184,370265,371234,369062,368288,371443,371567,371293,,
MAN,MAN2201,MERI,manapouri,Hydro,Hydro,2026-07-29,368595,371261,371091,370593,371389,370953,370489,370583,371431,369422,371141,371340,373288,368769,372136,369629,370479,372215,369771,372391,370252,371183,370102,370776,371240,370060,370685,370732,370398,371503,333680,366591,371107,370424,370267,371094,370707,369905,371461,370686,370709,370371,370802,370153,370466,371366,370270,371511,,
MAN,MAN2201,MERI,manapouri,Hydro,Hydro,2026-07-30,368168,372168,372232,366788,358928,364355,362453,338471,360446,359767,366185,371675,372292,365890,371868,369355,369203,372073,371477,369118,372124,370370,369522,371018,372515,370243,371304,370801,371439,369284,370188,371207,370359,371317,371146,369935,370233,371227,370500,370551,370875,370008,371671,370525,371216,371177,370793,327843,,
MAN,MAN2201,MERI,manapouri,Hydro,Hydro,2026-07-31,332031,343679,333346,324861,316913,315080,317177,315863,316296,316851,322011,321245,343576,371347,372371,366135,372402,370438,371342,371365,370290,371210,370394,369572,370220,371964,370001,371897,368692,373210,371290,369492,370729,371468,370979,369155,371202,370703,370429,371355,370553,371631,370490,368985,371651,370160,370479,320204,,
MAT,MAT1101,BOPD,aniwhenua,Hydro,Hydro,2026-07-01,5677,5447,5682,6023,6238,5681,5148,7716,10783,10149,8935,7551,10387,10715,10521,10477,12002,9937,9194,9160,8973,7155,7310,7325,7286,7316,7321,7351,7350,7466,7482,5794,5656,6231,6248,7103,8255,7995,10109,9763,9772,9542,10041,9411,8440,8387,6000,4739,,
MAT,MAT1101,BOPD,aniwhenua,Hydro,Hydro,2026-07-02,6125,6139,6239,6239,6221,9435,7013,6092,6526,7081,7870,6938,6937,6912,8291,10854,11340,10520,8488,7163,8693,11583,11615,10884,7668,5669,5839,5609,5595,6223,6185,6891,10256,8716,10049,9781,9745,9709,9721,8080,5691,6075,6111,6120,6200,6174,6173,10007,,
MAT,MAT1101,BOPD,aniwhenua,Hydro,Hydro,2026-07-03,11936,11616,9521,9774,9494,7971,8334,4912,5227,6219,6229,6238,6237,6924,11516,11327,11433,11376,8783,9257,9839,7959,8082,7527,8862,5792,5881,5941,6224,6223,5968,6239,6258,7373,8670,10700,9975,9963,7510,9889,9533,9482,9325,9315,9340,7481,9607,8539,,
MAT,MAT1101,BOPD,aniwhenua,Hydro,Hydro,2026-07-04,7217,8355,7066,8695,7277,8181,4983,5568,6160,6218,5315,6233,6204,10025,9761,9913,9666,9590,9456,9511,9437,9735,7045,9776,8751,6054,5917,5954,6036,6223,5706,6230,9119,9940,9915,9959,9773,9801,9801,6522,6053,6239,6242,6244,6245,6243,9378,11858,,
MAT,MAT1101,BOPD,aniwhenua,Hydro,Hydro,2026-07-05,9673,11860,10117,7514,8679,5349,4861,6175,6101,6240,6241,6243,9480,11250,8689,11782,11421,8525,7040,7067,7214,9725,7364,7852,7861,7822,7730,7755,8216,7323,9073,8098,10439,8720,8344,10466,10084,10044,7059,9456,9522,9957,10653,9173,9379,7009,7049,6938,,
MAT,MAT1101,BOPD,aniwhenua,Hydro,Hydro,2026-07-06,9780,11638,8791,6978,6930,6918,6913,6915,6911,6919,6912,7050,7047,6910,7744,9306,8728,10665,7721,7527,10375,7462,10528,7938,10485,10337,10421,7791,10186,9993,10118,10600,7752,7083,10060,9937,10042,11812,11523,9414,9701,9844,11734,11498,11256,11137,11136,11242,,
MAT,MAT1101,BOPD,aniwhenua,Hydro,Hydro,2026-07-07,10746,11110,10611,10826,10770,10556,11168,9336,10290,8080,7083,9627,9187,7066,10078,10930,11287,11279,11318,9799,10465,9931,10275,10090,10486,10515,10285,10545,10379,10370,10355,10415,10319,10277,10086,9971,11485,11536,9285,11393,9692,9163,10315,8846,9980,9742,9723,9486,,
MAT,MAT1101,BOPD,aniwhenua,Hydro,Hydro,2026-07-08,9392,9670,6965,9465,9167,9314,9265,9354,9362,9362,9381,6977,9790,9413,6982,9383,11577,9526,11767,8444,10623,8183,9455,7587,9460,6212,6235,6238,6245,6249,6253,7079,11416,11582,10179,11892,9158,11829,11360,9132,9341,9200,10982,7827,10697,8309,8860,9468,,
MAT,MAT1101,BOPD,aniwhenua,Hydro,Hydro,2026-07-09,10588,8005,10135,7996,8351,9186,8549,5232,3507,6143,6208,6906,11434,10954,8325,7650,11271,11392,10128,10661,10865,9654,10687,7276,10136,10242,10366,10133,11494,10175,10460,11965,9513,9843,11854,9701,11897,10621,9532,9309,9312,11791,11049,11304,11497,8177,11006,11318,,
MAT,MAT1101,BOPD,aniwhenua,Hydro,Hydro,2026-07-10,10930,11700,9250,10632,10895,9766,11577,7818,7087,9241,6988,9555,11580,11356,11292,11296,11331,11269,11311,11280,11270,11401,11406,11586,11762,11730,9899,10631,10328,7597,10344,10821,11363,11883,10965,11995,11824,11942,11790,11692,11670,11699,11524,11567,11607,11483,11542,11423,,
MAT,MAT1101,BOPD,aniwhenua,Hydro,Hydro,2026-07-11,11420,11439,11363,11209,11173,11072,7562,9834,9859,7075,10186,10048,10190,10707,10214,10979,11747,11692,11733,11789,11753,11745,11802,11836,10569,11094,10126,7088,7072,7313,8120,11051,10453,10963,10732,11776,11653,10412,11648,11698,12028,10057,10164,11752,11584,9502,9733,10649,,
MAT,MAT1101,BOPD,aniwhenua,Hydro,Hydro,2026-07-12,11594,11242,10794,9160,9460,9610,9757,9812,9801,9839,9827,9892,9853,9934,9900,10028,11636,11583,11677,11622,11728,9740,9939,10141,10134,10002,10002,7078,7047,7109,7226,10503,10260,10314,11753,11991,11823,10083,9907,9900,11744,11467,11209,9353,11097,10403,9083,9661,,
MAT,MAT1101,BOPD,aniwhenua,Hydro,Hydro,2026-07-13,9460,9603,9620,9666,9757,9677,9721,9749,9715,9706,9743,9819,9788,9776,10515,10612,9874,10125,10062,10064,10178,10021,9968,9906,9881,7028,6939,9763,7096,7421,10079,11295,10264,9983,10059,11230,11261,11971,11407,9955,9824,10193,11471,9214,9931,8304,10932,10529,,
MAT,MAT1101,BOPD,aniwhenua,Hydro,Hydro,2026-07-14,9633,6993,7063,7063,7040,7210,8316,8895,11598,11318,11370,11331,8778,7105,7351,10235,11602,11563,11661,11683,8828,11587,8319,7140,6935,6908,6917,6915,6910,6923,6928,7411,10184,11842,11559,11616,8723,6986,7237,7633,10962,11952,11448,11196,11456,8901,9079,11828,,
MAT,MAT1101,BOPD,aniwhenua,Hydro,Hydro,2026-07-15,11262,10273,7260,6927,6921,7020,7258,7718,9242,9114,9226,9473,8984,11740,11411,11434,11548,11349,8390,7051,9235,11697,11646,10753,7274,7086,7092,7045,6929,7101,7691,7870,8266,8457,8806,11148,11562,11744,11699,11592,8368,7277,10056,11226,8071,7034,7059,7037,,
MAT,MAT1101,BOPD,aniwhenua,Hydro,Hydro,2026-07-16,7117,8946,11738,11516,11637,10992,7357,7075,7060,7049,7059,6982,7055,7027,7022,11321,11254,11248,6753,6540,11219,11382,11434,11529,8523,7007,7061,7044,7197,7450,7622,8196,8311,8288,8780,11696,8975,7034,7359,7545,7751,11042,11308,11337,11279,11301,11443,10602,,
MAT,MAT1101,BOPD,aniwhenua,Hydro,Hydro,2026-07-17,7468,10081,7064,7084,7069,7083,7053,7142,7353,8849,11196,11425,11864,9042,11801,9269,6262,6190,6102,6186,7320,9282,11780,11432,11522,11673,9891,7109,7063,7058,7058,6967,7035,8819,7020,7364,9028,9302,9561,9546,9372,9048,9070,8837,8689,8683,8555,8541,,
MAT,MAT1101,BOPD,aniwhenua,Hydro,Hydro,2026-07-18,8326,8370,8377,8310,8522,8754,8861,9016,9236,9354,9380,9360,9232,9116,9006,8769,8663,8619,8613,8563,8555,8402,8416,8412,8328,8450,8528,8574,8511,8553,8463,8335,8480,8403,8596,8753,8945,8986,9014,9042,9004,8799,8679,8540,8405,8380,8398,8308,,
MAT,MAT1101,BOPD,aniwhenua,Hydro,Hydro,2026-07-19,8267,8247,8286,8058,8234,8351,8569,8689,8838,8956,9003,9060,8926,8718,8514,8001,7658,7584,7728,7641,7727,7954,8057,8192,8341,8344,8184,8269,8270,8207,7943,7870,7720,7735,7664,10593,10252,10226,10065,9891,11249,9364,9543,9910,7052,7038,6965,7019,,
MAT,MAT1101,BOPD,aniwhenua,Hydro,Hydro,2026-07-20,6987,7362,7351,7616,7751,7898,7842,7862,7850,7286,7174,8036,7651,9036,8357,10251,11533,9892,9956,7724,7209,10341,11298,11549,9173,5914,5046,5280,6212,6233,9391,10086,10424,10139,10035,9887,9740,9674,9562,9202,9395,7342,10244,9242,11081,7875,7683,7645,,
MAT,MAT1101,BOPD,aniwhenua,Hydro,Hydro,2026-07-21,8011,8297,8914,5217,4907,5778,6204,6232,5564,8969,7272,7517,7099,7481,10398,11319,9769,9852,9790,9612,9241,8568,8043,9228,8653,8499,7816,5425,5608,5678,5669,6287,6300,6297,7450,10082,10281,9792,9821,9704,9633,8670,9620,9523,9237,7599,8144,7589,,
MAT,MAT1101,BOPD,aniwhenua,Hydro,Hydro,2026-07-22,7658,3947,6058,6115,6264,6266,6021,5027,8086,7597,7979,7291,7693,10306,10181,10329,9792,9758,9716,8086,9926,7077,9590,9434,8382,9670,8242,5888,5862,5737,5506,5926,6278,9531,10691,10064,10047,9887,9641,9601,6982,6920,9379,7399,10249,10264,7032,8118,,
MAT,MAT1101,BOPD,aniwhenua,Hydro,Hydro,2026-07-23,7988,7304,8970,7916,7502,3946,5999,6195,6269,5524,5995,6901,9581,10774,11961,11729,10580,7485,6083,6008,6109,8677,5216,4919,4918,5005,5427,7731,7211,6937,7007,7485,9770,8906,7274,10741,9861,11638,10379,9348,9672,9365,9458,7979,8500,7545,7732,8072,,
MAT,MAT1101,BOPD,aniwhenua,Hydro,Hydro,2026-07-24,7947,8121,6986,7020,6964,6949,6910,6936,6927,6921,6931,6921,6930,9224,11367,11351,11706,11364,11265,7245,6911,4986,4924,4928,4925,4925,4923,4928,4924,7979,8256,8135,7584,10233,9896,10102,9818,9521,8800,8763,9907,7064,9638,9136,9171,8436,7705,7254,,
MAT,MAT1101,BOPD,aniwhenua,Hydro,Hydro,2026-07-25,7464,7784,7878,8051,7334,7574,7849,8049,7764,8267,8155,8294,7949,8080,9887,9244,9616,8427,8362,5548,5879,6113,6156,6287,6291,6294,6297,10295,10186,8210,7159,7205,7490,10624,9874,10215,10177,9869,9882,9798,9753,9715,9579,9769,9731,9897,9419,6758,,
MAT,MAT1101,BOPD,aniwhenua,Hydro,Hydro,2026-07-26,5734,5855,5522,7842,8017,8149,8146,8141,8392,8397,8394,8391,8401,8393,8390,8402,8719,8742,8736,8743,6347,6143,6184,8719,11352,11385,8981,9341,7007,7152,7273,8322,10596,10171,10179,9945,9819,9822,9431,9568,9460,6186,6123,6116,6263,6240,6138,6106,,
MAT,MAT1101,BOPD,aniwhenua,Hydro,Hydro,2026-07-27,9284,10890,11122,10529,9332,9403,7994,4875,4808,6220,6191,5155,8878,10497,11460,11298,11383,11463,8802,9009,6982,9656,9085,9068,7704,5546,5856,5605,6832,6964,7064,7064,7101,7141,7056,9425,9870,9796,11029,9625,9546,7159,7347,10132,9248,8959,8550,6974,,
MAT,MAT1101,BOPD,aniwhenua,Hydro,Hydro,2026-07-28,6919,8067,9874,8861,5481,5206,5017,5279,6208,6254,6282,8386,7085,7276,10380,11466,11435,11274,9961,7077,5723,5956,6209,6292,6294,6206,5568,6269,7771,7355,7566,7587,7660,7639,7380,10231,10043,9976,9903,9660,9878,7021,9508,9511,9480,9417,5976,4909,,
MAT,MAT1101,BOPD,aniwhenua,Hydro,Hydro,2026-07-29,5139,5440,5916,5997,5824,6421,8085,8659,8228,8598,8878,7329,9875,10013,9846,11845,11410,9465,8109,6226,6023,6199,6218,6289,6271,5639,5873,5978,6280,7578,7796,7651,7292,7947,7140,10447,9937,11951,9604,9684,9471,9264,9546,8406,7697,8338,7615,5762,,
MAT,MAT1101,BOPD,aniwhenua,Hydro,Hydro,2026-07-30,5845,6075,6272,6279,6274,3687,3998,6735,8035,7436,7792,10403,10184,10029,10024,11504,10791,9000,9287,7307,8088,7865,8926,7385,7063,5385,5776,5818,5755,5785,5749,5779,5712,5729,7403,10297,11932,10412,10244,9193,8751,6989,9702,9047,10078,7632,6982,5706,,
MAT,MAT1101,BOPD,aniwhenua,Hydro,Hydro,2026-07-31,3514,3429,3644,6208,6202,7836,7729,7962,8537,8945,9196,9261,8126,8279,8206,7995,11206,7883,6987,8973,8615,7323,7624,7750,8295,9428,8989,7835,6946,5364,5762,5805,5557,5641,6267,6926,10142,10362,11947,9569,9427,7664,9821,9196,9741,5964,5858,4296,,
MHO,MHO0331,ELEC,mangahao,Hydro,Hydro,2026-07-01,125,482,787,999,1162,1254,1169,1135,762,374,10,0,0,0,0,0,0,0,0,0,0,0,0,0,40,523,880,6,0,0,0,0,0,0,0,0,0,0,0,0,0,0,0,0,18,551,1397,2120,,
MHO,MHO0331,ELEC,mangahao,Hydro,Hydro,2026-07-02,47,0,0,0,0,0,0,0,0,0,0,0,0,0,0,0,0,0,0,0,0,0,0,0,0,0,0,0,0,0,0,0,0,0,0,0,0,0,0,0,0,0,0,68,744,1609,2233,1986,,
MHO,MHO0331,ELEC,mangahao,Hydro,Hydro,2026-07-03,0,0,0,0,0,0,0,0,0,0,0,0,0,99,0,0,0,0,0,0,0,0,0,0,102,444,1038,1527,3,0,0,0,0,0,0,0,0,0,0,0,0,0,0,243,1166,2032,2590,3277,,
MHO,MHO0331,ELEC,mangahao,Hydro,Hydro,2026-07-04,1110,54,0,0,0,0,0,0,0,0,0,0,0,0,0,0,0,0,0,0,0,0,0,0,0,0,0,0,0,0,0,0,0,0,0,0,0,0,0,0,0,0,0,0,0,0,0,0,,
MHO,MHO0331,ELEC,mangahao,Hydro,Hydro,2026-07-05,0,0,0,0,0,0,0,0,0,0,0,0,0,0,0,0,0,0,0,0,0,0,0,0,0,0,0,0,0,0,0,0,0,0,0,0,0,0,0,0,0,0,0,0,0,0,0,0,,
MHO,MHO0331,ELEC,mangahao,Hydro,Hydro,2026-07-06,0,0,0,0,0,0,0,0,0,0,0,0,0,0,0,0,0,0,0,0,0,0,0,0,0,0,0,0,0,0,0,0,0,0,0,0,0,0,0,0,0,0,0,67,957,1935,2648,3220,,
MHO,MHO0331,ELEC,mangahao,Hydro,Hydro,2026-07-07,1086,1409,1665,1879,1958,2002,2095,2116,1869,1709,1240,493,26,935,64,0,0,0,0,0,0,0,0,0,0,0,0,0,0,0,0,0,0,0,0,0,0,0,0,0,0,0,0,0,0,0,78,564,,
MHO,MHO0331,ELEC,mangahao,Hydro,Hydro,2026-07-08,1176,1532,1903,2099,2173,2251,2311,2344,2167,1969,1460,629,1604,456,0,0,0,0,0,0,0,0,0,0,0,0,0,0,0,0,0,0,0,0,0,0,0,0,0,0,0,0,0,0,0,0,0,0,,
MHO,MHO0331,ELEC,mangahao,Hydro,Hydro,2026-07-09,0,0,0,0,0,0,0,0,0,0,0,0,0,0,0,0,0,0,0,0,0,0,0,0,0,0,0,0,0,0,0,0,0,0,0,0,0,0,0,0,0,0,0,0,0,511,15,0,,
MHO,MHO0331,ELEC,mangahao,Hydro,Hydro,2026-07-10,0,0,0,0,0,0,0,0,0,0,0,0,0,1,788,0,0,0,0,0,0,0,0,0,0,0,0,0,0,0,0,0,0,0,0,0,0,0,0,0,0,0,0,0,0,0,0,0,,
MHO,MHO0331,ELEC,mangahao,Hydro,Hydro,2026-07-11,59,419,765,1062,1154,1188,1258,1226,1145,1013,629,156,0,0,0,0,0,0,0,0,0,0,0,0,0,0,0,0,0,0,0,0,0,0,0,0,0,0,0,0,0,0,0,0,0,0,0,0,,
MHO,MHO0331,ELEC,mangahao,Hydro,Hydro,2026-07-12,0,0,0,0,0,0,0,0,0,0,0,0,0,0,0,0,0,0,0,0,0,0,0,0,0,0,0,0,0,0,0,0,0,0,0,0,0,0,0,0,0,0,0,0,0,0,0,0,,
MHO,MHO0331,ELEC,mangahao,Hydro,Hydro,2026-07-13,0,0,0,0,0,0,0,0,0,0,0,0,0,0,0,0,0,0,0,0,0,0,0,0,0,0,0,0,0,0,0,0,0,0,0,0,0,0,0,0,0,0,0,0,0,0,0,0,,
MHO,MHO0331,ELEC,mangahao,Hydro,Hydro,2026-07-14,0,0,0,0,0,0,0,0,0,0,0,0,0,0,0,0,0,0,0,0,0,0,0,0,0,0,0,0,0,0,0,0,0,0,0,0,0,0,0,0,0,0,0,145,1021,1965,2507,213,,
MHO,MHO0331,ELEC,mangahao,Hydro,Hydro,2026-07-15,21,0,0,0,0,0,0,0,0,0,0,0,0,0,81,0,0,0,0,0,0,0,0,0,0,0,0,0,0,0,0,0,0,0,0,0,0,0,0,0,0,0,16,420,2,0,0,0,,
MHO,MHO0331,ELEC,mangahao,Hydro,Hydro,2026-07-16,0,0,0,0,0,0,0,0,0,0,0,0,0,0,0,0,0,0,0,0,0,0,0,0,0,0,0,0,0,0,0,0,0,71,0,0,0,0,0,0,0,0,0,163,838,787,921,531,,
MHO,MHO0331,ELEC,mangahao,Hydro,Hydro,2026-07-17,6,0,0,0,0,0,0,0,0,0,0,0,0,0,0,0,0,0,0,0,0,0,0,0,0,0,0,0,0,0,0,0,0,0,0,0,0,0,0,0,0,0,0,141,951,1804,2366,209,,
MHO,MHO0331,ELEC,mangahao,Hydro,Hydro,2026-07-18,14,0,0,0,0,0,0,0,0,0,0,0,0,0,0,714,595,56,0,0,8,100,464,1082,1663,2169,2568,2901,3027,2917,2461,1918,1444,545,9,0,0,0,0,165,478,897,1150,1521,2053,2852,3210,1005,,
MHO,MHO0331,ELEC,mangahao,Hydro,Hydro,2026-07-19,119,0,0,0,0,0,0,0,0,0,0,0,0,0,0,0,0,0,0,0,0,0,0,0,0,0,0,0,0,0,0,0,0,0,0,0,0,0,0,0,0,0,0,0,0,0,0,0,,
MHO,MHO0331,ELEC,mangahao,Hydro,Hydro,2026-07-20,0,0,0,0,0,0,0,0,0,0,0,0,0,0,0,0,0,0,0,0,0,0,0,0,0,0,0,0,0,387,120,581,259,45,0,0,0,0,0,0,0,0,0,0,1,403,1080,0,,
MHO,MHO0331,ELEC,mangahao,Hydro,Hydro,2026-07-21,0,0,0,0,0,0,0,0,0,0,0,0,0,0,0,0,0,0,0,0,0,0,0,0,0,0,0,0,0,0,0,0,0,0,0,0,0,0,0,0,0,0,0,0,53,633,892,0,,
MHO,MHO0331,ELEC,mangahao,Hydro,Hydro,2026-07-22,0,0,0,0,0,0,0,0,0,0,0,0,0,0,0,0,0,0,0,0,0,0,0,0,88,319,876,1099,1192,1306,868,582,287,18,0,0,0,0,0,0,0,0,0,0,0,76,0,0,,
MHO,MHO0331,ELEC,mangahao,Hydro,Hydro,2026-07-23,0,0,0,0,0,0,0,0,0,0,0,0,0,0,0,0,0,0,0,0,0,0,0,0,0,0,0,0,0,0,0,0,0,0,0,0,0,0,0,0,0,0,0,0,0,0,0,0,,
MHO,MHO0331,ELEC,mangahao,Hydro,Hydro,2026-07-24,0,0,0,0,0,0,0,0,0,0,0,0,0,0,0,0,0,0,0,0,0,0,0,0,0,0,0,0,0,0,0,0,0,0,0,0,0,0,0,0,0,0,0,0,0,0,0,0,,
MHO,MHO0331,ELEC,mangahao,Hydro,Hydro,2026-07-25,0,0,0,0,0,0,0,0,0,0,0,0,0,0,0,0,0,0,0,0,0,0,0,0,0,0,0,0,0,0,0,0,0,0,0,0,0,0,0,0,0,0,0,0,165,1046,1583,2407,,
MHO,MHO0331,ELEC,mangahao,Hydro,Hydro,2026-07-26,2924,3319,3638,1508,1522,1609,1611,1714,1671,1483,1126,617,1106,1509,657,23,0,0,0,0,0,0,0,0,0,0,17,249,510,701,370,133,0,0,0,0,0,0,0,0,0,0,0,0,0,0,0,0,,
MHO,MHO0331,ELEC,mangahao,Hydro,Hydro,2026-07-27,0,0,0,0,0,0,0,0,0,0,0,0,0,0,0,0,0,0,0,0,0,0,0,0,0,0,0,0,0,0,0,0,0,0,0,0,0,0,0,0,0,0,0,0,0,0,4,444,,
MHO,MHO0331,ELEC,mangahao,Hydro,Hydro,2026-07-28,19,0,0,0,0,0,0,0,0,0,0,0,0,0,0,0,0,0,0,0,0,0,0,0,0,0,0,0,0,0,0,0,0,0,0,0,0,0,0,0,0,0,0,0,0,0,139,710,,
MHO,MHO0331,ELEC,mangahao,Hydro,Hydro,2026-07-29,36,0,0,0,0,0,0,0,0,0,0,0,0,0,0,0,0,0,0,0,0,0,0,0,0,0,0,0,0,0,0,0,0,0,0,0,0,0,0,0,0,0,0,0,0,0,0,0,,
MHO,MHO0331,ELEC,mangahao,Hydro,Hydro,2026-07-30,0,0,0,0,0,0,0,0,0,0,0,0,0,0,0,0,0,0,0,0,0,0,0,0,0,0,0,0,0,0,0,0,0,0,0,0,0,0,0,0,0,0,0,0,36,0,0,10,,
MHO,MHO0331,ELEC,mangahao,Hydro,Hydro,2026-07-31,1,0,0,0,0,0,0,0,0,0,0,0,0,0,0,0,0,0,0,0,0,0,0,0,0,0,0,0,0,0,0,0,0,0,0,0,0,0,0,0,0,0,0,0,72,713,851,0,,
MKE,MKE1101,TODD,McKee,Gas,Thrml,2026-07-01,0,0,0,0,0,0,0,0,0,0,5,19902,42747,44913,44904,44834,44822,44692,44791,44728,44824,44793,8424,0,0,0,0,0,0,0,0,0,0,0,18909,41887,44602,44601,44643,44647,44670,44694,44669,44676,44655,44683,44691,44683,,
MKE,MKE1101,TODD,McKee,Gas,Thrml,2026-07-02,8122,0,0,0,0,0,0,0,0,0,0,0,19683,42553,44664,44640,44681,44712,44726,44768,8599,0,0,0,0,0,0,0,0,0,0,0,0,0,19288,41581,44686,44669,44639,44474,44598,44822,44814,44815,44777,44718,44737,44777,,
MKE,MKE1101,TODD,McKee,Gas,Thrml,2026-07-03,8255,0,0,0,0,0,0,0,0,0,0,0,0,19566,41430,44345,44392,44524,44588,44519,8541,0,0,0,0,0,0,0,0,0,0,0,19717,41822,44282,44331,44359,44440,44487,8616,0,0,0,0,0,0,0,0,,
MKE,MKE1101,TODD,McKee,Gas,Thrml,2026-07-04,0,0,0,0,0,0,0,0,0,0,0,0,0,0,19231,21601,21601,21601,21608,21609,21595,3169,0,0,0,0,0,0,0,0,0,0,0,0,19429,21586,21576,21573,21572,21571,21557,21555,2325,0,0,0,0,0,,
MKE,MKE1101,TODD,McKee,Gas,Thrml,2026-07-05,0,0,0,0,0,0,0,0,0,0,0,0,0,0,0,0,0,0,0,0,0,0,0,0,0,0,0,0,0,0,0,0,0,0,19667,42142,44325,44370,44406,44440,44458,44461,44451,44440,44443,44440,44438,44452,,
MKE,MKE1101,TODD,McKee,Gas,Thrml,2026-07-06,8116,0,0,0,0,0,0,0,0,0,0,0,0,0,0,0,0,0,0,0,0,0,0,0,0,0,0,0,0,0,0,0,0,0,0,0,0,0,0,0,0,0,0,0,0,0,0,0,,
MKE,MKE1101,TODD,McKee,Gas,Thrml,2026-07-07,0,0,0,0,0,0,0,0,0,0,0,0,0,0,0,0,0,0,0,0,0,0,0,0,0,0,0,0,0,0,0,17915,21577,21577,21562,21569,21568,21571,21571,4916,0,0,0,0,0,0,0,0,,
MKE,MKE1101,TODD,McKee,Gas,Thrml,2026-07-08,0,0,0,0,0,0,0,0,0,0,0,0,0,0,0,0,0,0,0,0,0,0,0,0,0,0,0,0,0,0,0,0,0,0,0,0,0,0,0,0,0,0,0,0,0,0,0,0,,
MKE,MKE1101,TODD,McKee,Gas,Thrml,2026-07-09,0,0,0,0,0,0,0,0,0,0,0,0,0,0,0,0,0,0,0,0,0,0,0,0,0,0,0,0,0,0,0,0,0,0,0,0,0,0,0,0,0,0,0,0,0,0,0,0,,
MKE,MKE1101,TODD,McKee,Gas,Thrml,2026-07-10,0,0,0,0,0,0,0,0,0,0,0,0,0,0,0,0,0,0,0,0,0,0,0,0,0,0,0,0,0,0,0,0,0,0,0,0,0,0,0,0,0,0,0,0,0,0,0,0,,
MKE,MKE1101,TODD,McKee,Gas,Thrml,2026-07-11,0,0,0,0,0,0,0,0,0,0,0,0,0,0,0,0,0,0,0,0,0,0,0,0,0,0,0,0,0,0,0,0,0,19055,21590,21569,21583,21577,21580,2769,0,0,19516,21571,21567,21562,21547,21548,,
MKE,MKE1101,TODD,McKee,Gas,Thrml,2026-07-12,2163,0,0,0,0,0,0,0,0,0,0,0,0,0,0,0,0,19620,21605,21610,21612,21615,21608,1898,0,0,0,0,0,0,0,0,0,18378,41174,44335,44370,44361,44398,44436,8897,0,0,0,0,0,0,0,,
MKE,MKE1101,TODD,McKee,Gas,Thrml,2026-07-13,0,0,0,0,0,0,0,0,0,0,0,0,0,0,0,0,0,0,0,0,0,0,0,0,0,0,0,0,0,0,0,0,0,0,0,0,0,0,0,0,0,0,0,0,0,0,0,0,,
MKE,MKE1101,TODD,McKee,Gas,Thrml,2026-07-14,0,0,0,0,0,0,0,0,0,0,0,0,0,0,0,0,0,0,0,0,0,0,0,0,0,0,0,0,0,0,0,0,0,0,0,0,0,0,0,0,0,0,0,0,0,0,0,0,,
MKE,MKE1101,TODD,McKee,Gas,Thrml,2026-07-15,0,0,0,0,0,0,0,0,0,0,0,0,0,0,0,0,0,0,0,0,0,0,0,0,0,0,0,0,0,0,0,0,0,0,0,0,0,0,0,0,0,0,0,0,0,0,0,0,,
MKE,MKE1101,TODD,McKee,Gas,Thrml,2026-07-16,0,0,0,0,0,0,0,0,0,0,0,0,0,0,0,0,0,0,0,0,0,0,0,0,0,0,0,0,0,0,0,0,0,0,0,19586,21565,21566,21563,21564,21565,1957,0,0,0,0,0,0,,
MKE,MKE1101,TODD,McKee,Gas,Thrml,2026-07-17,0,0,0,0,0,0,0,0,0,0,0,19694,21564,21566,21568,21575,21581,21563,21562,21574,21584,21578,2127,0,0,0,0,0,0,0,0,0,1,19739,21582,21559,21552,21569,21577,21562,21546,21547,21556,21559,21554,21548,21561,21574,,
MKE,MKE1101,TODD,McKee,Gas,Thrml,2026-07-18,1759,0,0,0,0,0,0,0,0,0,0,0,0,0,0,0,0,0,0,0,0,0,0,0,0,0,0,0,0,0,0,0,0,0,0,0,0,0,0,0,0,0,0,0,0,0,0,0,,
MKE,MKE1101,TODD,McKee,Gas,Thrml,2026-07-19,0,0,0,0,0,0,0,0,0,0,0,0,0,0,0,0,0,0,0,0,0,0,0,0,0,0,0,0,0,0,0,0,0,0,0,0,0,0,0,0,0,0,0,0,0,0,0,0,,
MKE,MKE1101,TODD,McKee,Gas,Thrml,2026-07-20,0,0,0,0,0,0,0,0,0,0,0,0,19819,41469,44058,44061,44089,44112,44131,44067,11153,0,0,0,0,0,0,0,0,0,0,19687,42335,44158,44113,44090,44059,44089,44087,44141,44182,44207,10338,0,0,0,0,0,,
MKE,MKE1101,TODD,McKee,Gas,Thrml,2026-07-21,0,0,0,0,0,0,0,0,0,0,0,0,18992,41616,43906,43959,44008,44078,44124,9772,0,0,0,0,0,0,0,0,0,0,0,0,19091,41695,44253,44268,44235,44154,44061,43932,43802,43652,8663,0,0,0,0,0,,
MKE,MKE1101,TODD,McKee,Gas,Thrml,2026-07-22,0,0,0,0,0,0,0,0,0,0,0,0,0,19007,41118,44033,44114,44125,44153,44195,12661,0,0,0,0,0,0,0,0,0,0,0,0,0,18584,41411,44184,44156,44129,44032,43958,43862,26678,21456,2082,0,0,0,,
MKE,MKE1101,TODD,McKee,Gas,Thrml,2026-07-23,0,0,0,0,0,0,0,0,0,0,0,0,19389,21578,21592,21584,21595,21602,1996,0,0,0,0,0,0,0,0,0,0,0,0,19858,41786,44307,44335,44358,44292,44146,7539,0,0,0,0,0,0,0,0,0,,
MKE,MKE1101,TODD,McKee,Gas,Thrml,2026-07-24,0,0,0,0,0,0,0,0,0,0,0,0,0,0,0,0,0,0,0,0,0,0,0,0,0,0,0,0,0,0,0,0,0,0,0,0,0,0,0,0,0,0,0,0,0,0,0,0,,
MKE,MKE1101,TODD,McKee,Gas,Thrml,2026-07-25,0,0,0,0,0,0,0,0,0,0,0,0,0,0,0,0,0,0,0,0,0,0,0,0,0,0,0,0,0,0,0,0,0,0,0,0,0,0,0,0,0,0,0,0,0,0,0,0,,
MKE,MKE1101,TODD,McKee,Gas,Thrml,2026-07-26,0,0,0,0,0,0,0,0,0,0,0,0,0,0,0,0,0,0,0,0,0,0,0,0,0,0,0,0,0,19839,21601,21594,21535,41832,44046,44108,44163,43834,43818,23379,21485,21550,21544,2024,0,0,0,0,,
MKE,MKE1101,TODD,McKee,Gas,Thrml,2026-07-27,0,0,0,0,0,0,0,0,0,0,0,0,0,0,17847,41754,43982,44037,44046,44179,44321,7807,0,0,0,0,0,0,0,0,0,0,0,19358,21514,41877,44075,44038,43950,43844,43739,43532,43404,43263,7813,0,0,0,,
MKE,MKE1101,TODD,McKee,Gas,Thrml,2026-07-28,0,0,0,0,0,0,0,0,0,0,0,16778,41491,32423,21199,37640,43748,43605,43475,43339,43259,9877,0,0,0,0,0,0,0,0,0,0,0,0,19320,41336,43867,43714,43508,43298,43182,23710,21486,1867,0,0,0,0,,
MKE,MKE1101,TODD,McKee,Gas,Thrml,2026-07-29,0,0,0,0,0,0,0,0,0,0,0,0,19157,41339,43713,43820,43838,43882,43823,43808,13011,0,0,0,0,0,0,0,0,0,0,0,0,0,0,0,0,0,0,0,0,0,0,0,0,0,0,0,,
MKE,MKE1101,TODD,McKee,Gas,Thrml,2026-07-30,0,0,0,0,0,0,0,0,0,0,0,0,19516,41607,43687,43657,43722,43740,25137,2539,0,0,0,0,0,0,0,0,0,0,0,0,0,0,0,0,0,0,0,0,0,0,0,0,0,0,0,0,,
MKE,MKE1101,TODD,McKee,Gas,Thrml,2026-07-31,0,0,0,0,0,0,0,0,0,0,0,0,0,0,0,0,0,0,0,0,0,0,0,0,0,0,0,0,0,0,0,0,0,0,0,0,0,0,0,0,0,0,0,0,0,0,0,0,,
MPE,MPE1101,NPOW,kaiwaikawe_wind_farm,WIN,ONW,2026-07-01,0,0,0,0,0,0,0,0,0,0,0,0,0,0,0,0,0,0,0,0,0,0,0,0,0,0,0,0,0,0,0,0,0,0,0,0,0,0,0,0,0,0,0,0,0,0,0,0,,
MPE,MPE1101,NPOW,kaiwaikawe_wind_farm,WIN,ONW,2026-07-02,0,0,0,0,0,0,0,0,0,0,0,0,0,0,0,0,0,0,0,0,0,0,0,0,0,0,0,0,0,0,0,0,0,0,0,0,0,0,0,0,0,0,0,0,0,0,0,0,,
MPE,MPE1101,NPOW,kaiwaikawe_wind_farm,WIN,ONW,2026-07-03,0,0,0,0,0,0,0,0,0,0,0,0,0,0,0,0,0,0,0,0,0,0,0,0,0,0,0,0,0,0,0,0,0,0,0,0,0,0,0,0,0,0,0,0,0,0,0,0,,
MPE,MPE1101,NPOW,kaiwaikawe_wind_farm,WIN,ONW,2026-07-04,0,0,0,0,0,0,0,0,0,0,0,0,0,0,0,0,0,0,0,0,0,0,0,0,0,0,0,0,0,0,0,0,0,0,0,0,0,0,0,0,0,0,0,0,0,0,0,0,,
MPE,MPE1101,NPOW,kaiwaikawe_wind_farm,WIN,ONW,2026-07-05,0,0,0,0,0,0,0,0,0,0,0,0,0,0,0,0,0,0,0,0,0,0,0,0,0,0,0,0,0,0,0,0,0,0,0,0,0,0,0,0,0,0,0,0,0,0,0,0,,
MPE,MPE1101,NPOW,kaiwaikawe_wind_farm,WIN,ONW,2026-07-06,0,0,0,0,0,0,0,0,0,0,0,0,0,0,0,0,0,0,0,0,0,0,0,0,0,0,0,0,0,0,0,0,0,0,0,0,0,0,0,0,0,0,0,0,0,0,0,0,,
MPE,MPE1101,NPOW,kaiwaikawe_wind_farm,WIN,ONW,2026-07-07,0,0,0,0,0,0,0,0,0,0,0,0,0,0,0,0,0,0,0,0,0,0,0,0,0,0,0,0,0,0,0,0,0,0,0,0,0,0,0,0,0,0,0,0,0,0,0,0,,
MPE,MPE1101,NPOW,kaiwaikawe_wind_farm,WIN,ONW,2026-07-08,0,0,0,0,0,0,0,0,0,0,0,0,0,0,0,0,0,0,0,0,0,0,0,0,0,0,0,0,0,0,0,0,0,0,0,0,0,0,0,0,0,0,0,0,0,0,0,0,,
MPE,MPE1101,NPOW,kaiwaikawe_wind_farm,WIN,ONW,2026-07-09,0,0,0,0,0,0,0,0,0,0,0,0,0,0,0,0,0,0,0,0,0,0,0,0,0,0,0,0,0,0,0,0,0,0,0,0,0,0,0,0,0,0,0,0,0,0,0,0,,
MPE,MPE1101,NPOW,kaiwaikawe_wind_farm,WIN,ONW,2026-07-10,0,0,0,0,0,0,0,0,0,0,0,0,0,0,0,0,0,0,0,0,0,0,0,0,0,0,0,0,0,0,0,0,0,0,0,0,0,0,0,0,0,0,0,0,0,0,0,0,,
MPE,MPE1101,NPOW,kaiwaikawe_wind_farm,WIN,ONW,2026-07-11,0,0,0,0,0,0,0,0,0,0,0,0,0,0,0,0,0,0,0,0,0,0,0,0,0,0,0,0,0,0,0,0,0,0,0,0,0,0,0,0,0,0,0,0,0,0,0,0,,
MPE,MPE1101,NPOW,kaiwaikawe_wind_farm,WIN,ONW,2026-07-12,0,0,0,0,0,0,0,0,0,0,0,0,0,0,0,0,0,0,0,0,0,0,0,0,0,0,0,0,0,0,0,0,0,0,0,0,0,0,0,0,0,0,0,0,0,0,0,0,,
MPE,MPE1101,NPOW,kaiwaikawe_wind_farm,WIN,ONW,2026-07-13,0,0,0,0,0,0,0,0,0,0,0,0,0,0,0,0,0,0,0,0,0,0,0,0,0,0,0,0,0,0,0,0,0,0,0,0,0,0,0,0,0,0,0,0,0,0,0,0,,
MPE,MPE1101,NPOW,kaiwaikawe_wind_farm,WIN,ONW,2026-07-14,0,0,0,0,0,0,0,0,0,0,0,0,0,0,0,0,0,0,0,0,0,0,0,0,0,0,0,0,0,0,0,0,0,0,0,0,0,0,0,0,0,0,0,0,0,0,0,0,,
MPE,MPE1101,NPOW,kaiwaikawe_wind_farm,WIN,ONW,2026-07-15,0,0,0,0,0,0,0,0,0,0,0,0,0,0,0,0,0,0,0,0,0,0,0,0,0,0,0,0,0,0,0,0,0,0,0,0,0,0,0,0,0,0,0,0,0,0,0,0,,
MPE,MPE1101,NPOW,kaiwaikawe_wind_farm,WIN,ONW,2026-07-16,0,0,0,0,0,0,0,0,0,0,0,0,0,0,0,0,0,0,0,0,0,0,0,0,0,0,0,0,0,0,0,0,0,0,0,0,0,0,0,0,0,0,0,0,0,0,0,0,,
MPE,MPE1101,NPOW,kaiwaikawe_wind_farm,WIN,ONW,2026-07-17,0,0,0,0,0,0,0,0,0,0,0,0,0,0,0,0,0,0,0,0,0,0,0,0,0,0,0,0,0,0,0,0,0,0,0,0,0,0,0,0,0,0,0,0,0,0,0,0,,
MPE,MPE1101,NPOW,kaiwaikawe_wind_farm,WIN,ONW,2026-07-18,0,0,0,0,0,0,0,0,0,0,0,0,0,0,0,0,0,0,0,0,0,0,0,0,0,0,0,0,0,0,0,0,0,0,0,0,0,0,0,0,0,0,0,0,0,0,0,0,,
MPE,MPE1101,NPOW,kaiwaikawe_wind_farm,WIN,ONW,2026-07-19,0,0,0,0,0,0,0,0,0,0,0,0,0,0,0,0,0,0,0,0,0,0,0,0,0,0,0,0,0,0,0,0,0,0,0,0,0,0,0,0,0,0,0,0,0,0,0,0,,
MPE,MPE1101,NPOW,kaiwaikawe_wind_farm,WIN,ONW,2026-07-20,0,0,0,0,0,0,0,0,0,0,0,0,0,0,0,0,0,0,0,0,0,0,0,0,0,0,0,0,0,0,0,0,0,0,0,0,0,0,0,0,0,0,0,0,0,0,0,0,,
MPE,MPE1101,NPOW,kaiwaikawe_wind_farm,WIN,ONW,2026-07-21,0,0,0,0,0,0,0,0,0,0,0,0,0,0,0,0,0,0,0,0,0,0,0,0,0,0,0,0,0,0,0,0,0,0,0,0,0,0,0,0,0,0,0,0,0,0,0,0,,
MPE,MPE1101,NPOW,kaiwaikawe_wind_farm,WIN,ONW,2026-07-22,0,0,0,0,0,0,0,0,0,0,0,0,0,0,0,0,0,0,0,0,0,0,0,0,0,0,0,0,0,0,0,0,0,0,0,0,0,0,0,0,0,0,0,0,0,0,0,0,,
MPE,MPE1101,NPOW,kaiwaikawe_wind_farm,WIN,ONW,2026-07-23,0,0,0,0,0,0,0,0,0,0,0,0,0,0,0,0,0,0,0,0,0,0,0,0,0,0,0,0,0,0,0,0,0,0,0,0,0,0,0,0,0,0,0,0,0,0,0,0,,
MPE,MPE1101,NPOW,kaiwaikawe_wind_farm,WIN,ONW,2026-07-24,0,0,0,0,0,0,0,0,0,0,0,0,0,0,0,0,0,0,0,0,0,0,0,0,0,0,0,0,0,0,0,0,0,0,0,0,0,0,0,0,0,0,0,0,0,0,0,0,,
MPE,MPE1101,NPOW,kaiwaikawe_wind_farm,WIN,ONW,2026-07-25,0,0,0,0,0,0,0,0,0,0,0,0,0,0,0,0,0,0,0,0,0,0,0,0,0,0,0,0,0,0,0,0,0,0,0,0,0,0,0,0,0,0,0,0,0,0,0,0,,
MPE,MPE1101,NPOW,kaiwaikawe_wind_farm,WIN,ONW,2026-07-26,0,0,0,0,0,0,0,0,0,0,0,0,0,0,0,0,0,0,0,0,0,0,0,0,0,0,0,0,0,0,0,0,0,0,0,0,0,0,0,0,0,0,0,0,0,0,0,0,,
MPE,MPE1101,NPOW,kaiwaikawe_wind_farm,WIN,ONW,2026-07-27,0,0,0,0,0,0,0,0,0,0,0,0,0,0,0,0,0,0,0,0,0,0,0,0,0,0,0,0,0,0,0,0,0,0,0,0,0,0,0,0,0,0,0,0,0,0,0,0,,
MPE,MPE1101,NPOW,kaiwaikawe_wind_farm,WIN,ONW,2026-07-28,0,0,0,0,0,0,0,0,0,0,0,0,0,0,0,0,0,0,0,0,0,0,0,0,0,0,0,0,0,0,0,0,0,0,0,0,0,0,0,0,0,0,0,0,0,0,0,0,,
MPE,MPE1101,NPOW,kaiwaikawe_wind_farm,WIN,ONW,2026-07-29,0,0,0,0,0,0,0,0,0,0,0,0,0,0,0,0,0,0,0,0,0,0,0,0,0,0,0,0,0,0,0,0,0,0,0,0,0,0,0,0,0,0,0,0,0,0,0,0,,
MPE,MPE1101,NPOW,kaiwaikawe_wind_farm,WIN,ONW,2026-07-30,0,0,0,0,0,0,0,0,0,0,0,0,0,0,0,0,0,0,0,0,0,0,0,0,0,0,0,0,0,0,0,0,0,0,0,0,0,0,0,0,0,0,0,0,0,0,0,0,,
MPE,MPE1101,NPOW,kaiwaikawe_wind_farm,WIN,ONW,2026-07-31,0,0,0,0,0,0,0,0,0,0,0,0,0,0,0,0,0,0,0,0,0,0,0,0,0,0,0,0,0,0,0,0,0,0,0,0,0,0,0,0,0,0,0,0,0,0,0,0,,
MTI,MTI2201,MRPL,maraetai,Hydro,Hydro,2026-07-01,57310,51550,57000,46310,57060,58610,51510,35420,43180,45260,37760,49250,75890,128780,132110,132390,129400,133790,126120,131400,125520,111910,109020,86320,81280,68420,59820,47490,25980,31190,28370,37690,46410,83850,130250,134690,137420,135680,137560,138310,136630,135650,111980,92530,99760,90990,72440,62290,,
MTI,MTI2201,MRPL,maraetai,Hydro,Hydro,2026-07-02,62950,55670,49550,45440,44340,46250,56880,61570,63080,59930,56370,57620,93750,118730,134760,131580,128300,126280,130530,118330,98570,67910,56300,49620,40020,41770,27740,31220,31680,45800,34610,54040,60860,77460,95710,128110,128030,128800,126020,124050,105780,90410,77030,69360,71500,72080,70550,69600,,
MTI,MTI2201,MRPL,maraetai,Hydro,Hydro,2026-07-03,59960,59530,49410,43410,45420,45200,45350,46800,45630,46010,44120,50420,84510,101220,109790,128030,129950,124770,127870,113240,114120,88250,76140,72900,59720,56960,69300,71870,68770,75420,65600,76490,81870,82770,112440,129840,126600,127980,117680,112480,99100,85750,89370,69770,77590,67020,68960,58270,,
MTI,MTI2201,MRPL,maraetai,Hydro,Hydro,2026-07-04,54290,59030,51930,39580,40670,39560,42540,45920,43580,42020,30720,29970,29990,29980,55770,73050,71400,69740,82830,85710,75050,75010,70080,59850,58200,57160,57690,57940,69140,73640,67790,62600,62660,81520,120160,129160,131270,119040,103960,82060,84710,77500,79560,70890,82750,58740,59150,65490,,
MTI,MTI2201,MRPL,maraetai,Hydro,Hydro,2026-07-05,53270,46060,40910,43590,45120,44250,43860,42250,29430,30460,37220,41460,35660,37230,45920,59820,62280,58020,71740,69970,72000,55930,45510,31860,32630,34560,38690,32170,43420,53560,47260,45930,66760,78160,103370,131260,128720,122600,109140,106630,93020,86760,82390,70950,67720,47590,32300,35010,,
MTI,MTI2201,MRPL,maraetai,Hydro,Hydro,2026-07-06,34560,3000,210,25560,690,0,0,0,0,0,1890,5620,23630,37060,50450,64720,94100,118940,117640,106290,106630,95660,108440,104850,94770,95040,93520,90800,87430,87580,76340,80390,100690,103530,119120,133630,131390,131730,133970,116820,101920,88040,73670,54990,58250,45380,44790,44320,,
MTI,MTI2201,MRPL,maraetai,Hydro,Hydro,2026-07-07,46370,40040,29160,19390,8310,4650,0,7510,15060,29840,32370,19850,32910,39670,67970,98170,118660,123620,123660,123740,123920,120120,120460,95340,73960,76590,83680,92030,91670,98270,91880,89830,88320,99840,132960,129930,135340,132910,131650,128650,110970,107960,97840,70150,76400,71330,51260,53070,,
MTI,MTI2201,MRPL,maraetai,Hydro,Hydro,2026-07-08,42460,27940,22680,15060,14750,15090,14000,15610,29810,31700,46420,46300,58090,62080,66120,81910,103340,97990,87000,98030,84900,75680,73460,73960,61940,63830,62950,56130,61970,58360,47330,55470,85380,93840,93650,105020,109290,109100,108430,104820,104840,104690,103210,83570,76370,69720,52980,45340,,
MTI,MTI2201,MRPL,maraetai,Hydro,Hydro,2026-07-09,32030,32020,29950,26530,16010,5590,15660,13240,13340,5210,6130,10820,34810,42610,55090,77390,89230,102830,97730,93560,87350,76100,79520,86100,83540,82240,78940,86680,73600,71390,70310,75630,79380,76130,99270,101930,102610,104150,103960,103620,105750,92070,88530,88600,86190,71700,59220,44550,,
MTI,MTI2201,MRPL,maraetai,Hydro,Hydro,2026-07-10,29220,29030,29250,30480,30240,30470,30620,30940,30890,29860,28650,29680,28730,29060,33890,63370,84380,91060,90830,91990,88740,80120,67110,63210,54760,56730,70660,58730,60350,42330,61210,62990,73860,64830,80940,101590,115970,111330,108270,104810,105410,102330,86570,88560,83470,60580,45650,45610,,
MTI,MTI2201,MRPL,maraetai,Hydro,Hydro,2026-07-11,47630,47550,45960,57670,44120,34590,30090,30620,46360,46290,45990,49500,47860,45230,84270,101510,95280,117550,129200,117360,90460,66910,65320,52350,50200,60070,60830,61420,51730,49710,57230,74620,86680,103900,118480,150740,154520,150870,149170,154160,134200,117720,113540,63340,83650,63180,41950,28820,,
MTI,MTI2201,MRPL,maraetai,Hydro,Hydro,2026-07-12,42520,24330,18000,14090,23360,25310,22910,22340,17900,34270,43270,60300,61720,73460,113940,137590,139510,152730,154950,123460,88900,62540,71750,79640,79020,77280,71820,62720,61030,45120,48340,56830,65360,89280,141220,146530,153730,143480,139500,126890,111060,98310,82670,66820,80140,59100,63020,48510,,
MTI,MTI2201,MRPL,maraetai,Hydro,Hydro,2026-07-13,21520,6130,28500,14980,5250,4050,4030,0,0,2110,25800,54150,68000,91060,114020,138310,144070,135090,117960,103650,87900,77160,74410,74960,52630,44000,46080,62420,75970,74150,76390,75540,74540,78730,101720,126910,128450,126400,111980,91570,67970,75570,62850,63910,82860,62750,74300,51750,,
MTI,MTI2201,MRPL,maraetai,Hydro,Hydro,2026-07-14,51540,57690,23310,27060,3640,0,0,0,4430,30120,22440,22160,37050,54130,63270,77350,84110,70840,71670,62010,50840,41590,45400,53050,58290,48540,50880,47360,32300,30110,34490,39380,33220,41950,60670,90910,92220,87840,60240,59980,60140,53630,40820,31500,36380,27930,31240,31490,,
MTI,MTI2201,MRPL,maraetai,Hydro,Hydro,2026-07-15,6140,23340,12730,4410,2700,0,0,0,50,0,1710,15660,42000,75340,69750,93120,117980,88100,60820,64450,49550,57160,43930,42720,32100,30990,41660,29810,18950,16970,22980,46180,40580,52200,74090,100240,111810,100110,84740,60400,57500,70390,69410,51250,34900,30910,28420,15510,,
MTI,MTI2201,MRPL,maraetai,Hydro,Hydro,2026-07-16,8560,20,0,0,0,0,0,0,0,0,0,80,23480,45700,50900,49750,63290,52420,45610,44190,46300,24230,28900,29210,30550,28620,29030,31550,28400,26010,45060,37630,38960,54420,52410,81720,106590,110550,102860,90380,76980,64380,70760,70190,63130,43140,42950,26640,,
MTI,MTI2201,MRPL,maraetai,Hydro,Hydro,2026-07-17,5110,12010,8130,180,12410,11890,12330,11370,13790,13340,3190,1970,29220,30710,41040,51570,73360,65070,59220,48130,35290,34480,35470,27350,6450,3970,20,15060,15580,15570,20120,31720,36570,31030,25130,56810,58620,63200,52050,48420,45720,45150,35120,32480,18780,26440,24830,15450,,
MTI,MTI2201,MRPL,maraetai,Hydro,Hydro,2026-07-18,890,0,3820,7410,1800,2070,2490,2580,2570,2240,200,7580,4010,980,30190,28980,37410,28810,31620,32140,32690,31640,30780,20350,15050,14990,15580,15280,15140,16010,15920,15040,28720,40510,51020,68230,72150,63170,59840,58820,45000,42490,32440,22870,37890,16170,13550,26860,,
MTI,MTI2201,MRPL,maraetai,Hydro,Hydro,2026-07-19,400,14940,5130,15780,10470,10530,0,0,0,0,0,780,2510,6300,30770,30760,28950,28220,41300,35840,45270,40960,51760,34200,33250,28560,26810,15000,29800,31570,25790,17710,27980,47260,71940,98910,118970,118850,116460,101480,88890,88270,76850,60620,63570,39280,27850,32660,,
MTI,MTI2201,MRPL,maraetai,Hydro,Hydro,2026-07-20,7060,8850,9640,2310,3960,3340,4090,4320,4190,4130,2450,13020,24510,70340,108240,137440,145500,138270,127900,91280,75930,63490,53180,46350,45290,45280,54720,60020,60160,56400,62340,57390,66810,77470,100270,140320,146220,145190,141190,131560,116770,114600,104780,86240,73570,61910,47790,31980,,
MTI,MTI2201,MRPL,maraetai,Hydro,Hydro,2026-07-21,28760,15420,15200,15190,15880,15580,14470,15140,15290,15040,21700,28080,55120,74610,112540,141400,143100,129350,105910,92000,79220,63070,42870,44130,44980,36080,44370,45120,53300,59310,73350,76440,77500,75910,80610,101130,108470,113760,109490,108820,109200,87950,77670,65560,62200,45510,45740,39820,,
MTI,MTI2201,MRPL,maraetai,Hydro,Hydro,2026-07-22,25360,14760,14690,13500,14340,13860,15180,15130,13990,14660,24030,39020,55360,61260,96920,133850,137300,136090,132210,120250,107480,79430,68710,65210,62670,84450,57990,35860,39150,46190,53550,68300,60210,66640,86570,147600,146530,149520,126720,122340,102310,78100,65500,60540,61390,43080,36680,19690,,
MTI,MTI2201,MRPL,maraetai,Hydro,Hydro,2026-07-23,22050,23400,25920,20140,18640,15630,8900,18500,19990,18170,31510,38740,49540,62450,100910,138960,140600,98530,77570,59400,46420,36930,45380,58260,57350,23970,15370,15210,37960,47280,58130,57710,59790,82960,117350,135810,132620,120830,121580,117760,103750,84370,69890,45780,61050,57460,34590,19440,,
MTI,MTI2201,MRPL,maraetai,Hydro,Hydro,2026-07-24,18920,11900,9430,11670,10060,11180,11220,10170,14310,1990,1550,5560,20660,47450,73910,103980,103100,99830,83370,68510,76520,72580,75260,63950,66410,62260,47360,48780,61000,58830,77320,74020,74450,79740,90810,100130,104350,107090,97030,83760,67430,65500,70700,40870,34270,24470,27990,18720,,
MTI,MTI2201,MRPL,maraetai,Hydro,Hydro,2026-07-25,15440,20,0,7500,0,0,0,0,0,0,10930,24910,29490,52780,65330,66650,62100,86230,100510,100790,102250,87500,95390,72820,66870,62880,61340,56640,59550,53520,55950,45580,43530,57930,94970,120930,138490,142430,137270,133120,101680,99420,79260,59910,61180,49540,38350,33250,,
MTI,MTI2201,MRPL,maraetai,Hydro,Hydro,2026-07-26,29850,13960,9800,10230,8420,5150,8350,9530,8030,8090,19080,32190,68080,88710,91890,101550,91790,105160,115860,115270,103390,92330,76870,75420,74670,72500,68700,67790,60420,42970,45980,45470,46180,49180,62490,112610,136790,137630,123730,135540,104860,101650,88910,74690,73340,61180,48060,43560,,
MTI,MTI2201,MRPL,maraetai,Hydro,Hydro,2026-07-27,47150,46950,45280,46910,45270,45420,45160,45510,45370,44310,45100,44730,53550,113610,138750,142950,142370,146840,144230,78490,64280,62130,59410,51800,50020,45310,37490,41890,42860,35670,37810,45380,46910,53130,100900,136990,128580,142150,142820,142850,127980,113110,112330,91800,86280,62960,60410,58020,,
MTI,MTI2201,MRPL,maraetai,Hydro,Hydro,2026-07-28,61410,54240,48160,32420,31080,31240,33090,30410,26290,27790,28570,42710,83080,114420,121230,130510,121140,124400,114450,104860,112660,91530,86770,70130,58630,48540,42310,44070,44610,31220,31630,29950,50560,56740,96910,131770,131560,135020,130610,136190,128320,119070,104760,87980,80690,62920,52820,62090,,
MTI,MTI2201,MRPL,maraetai,Hydro,Hydro,2026-07-29,47940,46960,58870,52540,51200,49040,47800,46780,47480,57030,61210,76050,77970,87910,117140,133850,131360,110800,90750,77460,91710,78190,74510,73830,59040,44000,45500,29800,32790,30480,37300,49700,61420,74500,78620,132000,125080,128080,121470,118120,119750,108360,85420,88280,89000,89360,73030,52210,,
MTI,MTI2201,MRPL,maraetai,Hydro,Hydro,2026-07-30,36420,28860,14230,8170,8150,4110,0,0,9960,23110,41850,50050,68130,89350,105370,118610,116960,108270,102790,97210,66820,56910,44860,31300,34090,29190,30830,30650,30520,28560,29910,31550,32030,30830,54400,91000,93310,86400,85920,81440,77770,79700,75180,58840,44850,31100,41730,10620,,
MTI,MTI2201,MRPL,maraetai,Hydro,Hydro,2026-07-31,20,0,30,0,0,0,0,0,0,0,0,9850,15700,44010,55420,83610,61650,64320,42160,31790,27960,27630,32450,32190,32130,32080,16380,15980,10960,15190,15580,15750,19740,37970,60220,98410,104430,105200,94810,77310,64850,60680,73070,58890,60070,57260,45870,23950,,
MTO,MTO0331,NPOW,papareireiā_solar_at_maungaturoto,SOL,PV,2026-07-01,0,0,0,0,0,0,0,0,0,0,0,0,0,0,0,0,0,0,0,0,0,0,0,24,45,23,509,1963,650,0,0,0,0,0,0,0,0,0,0,0,0,0,0,0,0,0,0,0,,
MTO,MTO0331,NPOW,papareireiā_solar_at_maungaturoto,SOL,PV,2026-07-02,0,0,0,0,0,0,0,0,0,0,0,0,0,0,0,0,0,0,23,1586,3011,3912,4446,4817,4706,5251,5186,4957,4356,3919,2554,53,0,0,0,0,0,0,0,0,0,0,0,0,0,0,0,0,,
MTO,MTO0331,NPOW,papareireiā_solar_at_maungaturoto,SOL,PV,2026-07-03,0,0,0,0,0,0,0,0,0,0,0,0,0,0,0,0,0,0,0,0,354,1282,1266,0,1799,680,2503,1661,1739,3170,2002,0,0,0,0,0,0,0,0,0,0,0,0,0,0,0,0,0,,
MTO,MTO0331,NPOW,papareireiā_solar_at_maungaturoto,SOL,PV,2026-07-04,0,0,0,0,0,0,0,0,0,0,0,0,0,0,0,0,0,0,108,1577,3181,3952,3084,4538,2460,1197,974,406,0,0,0,0,0,0,0,0,0,0,0,0,0,0,0,0,0,0,0,0,,
MTO,MTO0331,NPOW,papareireiā_solar_at_maungaturoto,SOL,PV,2026-07-05,0,0,0,0,0,0,0,0,0,0,0,0,0,0,0,0,0,0,161,2067,2999,4094,4225,2001,2991,714,4467,5253,495,1291,795,64,0,0,0,0,0,0,0,0,0,0,0,0,0,0,0,0,,
MTO,MTO0331,NPOW,papareireiā_solar_at_maungaturoto,SOL,PV,2026-07-06,0,0,0,0,0,0,0,0,0,0,0,0,0,0,0,0,0,0,738,167,1040,529,4143,5201,5200,4769,2930,254,40,0,0,0,0,0,0,0,0,0,0,0,0,0,0,0,0,0,0,0,,
MTO,MTO0331,NPOW,papareireiā_solar_at_maungaturoto,SOL,PV,2026-07-07,0,0,0,0,0,0,0,0,0,0,0,0,0,0,0,0,0,0,0,0,0,0,0,0,0,0,0,0,0,0,0,0,0,0,0,0,0,0,0,0,0,0,0,0,0,0,0,0,,
MTO,MTO0331,NPOW,papareireiā_solar_at_maungaturoto,SOL,PV,2026-07-08,0,0,0,0,0,0,0,0,0,0,0,0,0,0,0,0,0,0,55,1727,2362,2492,3088,4807,4272,3835,4564,4852,3268,984,708,63,0,0,0,0,0,0,0,0,0,0,0,0,0,0,0,0,,
MTO,MTO0331,NPOW,papareireiā_solar_at_maungaturoto,SOL,PV,2026-07-09,0,0,0,0,0,0,0,0,0,0,0,0,0,0,0,0,0,0,0,2,2269,2033,1567,1083,0,0,0,0,263,0,0,0,0,0,0,0,0,0,0,0,0,0,0,0,0,0,0,0,,
MTO,MTO0331,NPOW,papareireiā_solar_at_maungaturoto,SOL,PV,2026-07-10,0,0,0,0,0,0,0,0,0,0,0,0,0,0,0,0,0,0,880,3409,4302,3891,5212,4700,4764,3646,3549,2687,3111,1916,77,0,0,0,0,0,0,0,0,0,0,0,0,0,0,0,0,0,,
MTO,MTO0331,NPOW,papareireiā_solar_at_maungaturoto,SOL,PV,2026-07-11,0,0,0,0,0,0,0,0,0,0,0,0,0,0,0,0,0,0,0,737,2154,3733,5647,6810,7164,7462,7464,7125,6761,5337,4029,737,0,0,0,0,0,0,0,0,0,0,0,0,0,0,0,0,,
MTO,MTO0331,NPOW,papareireiā_solar_at_maungaturoto,SOL,PV,2026-07-12,0,0,0,0,0,0,0,0,0,0,0,0,0,0,0,0,0,0,0,131,2149,3331,5034,2306,1793,2704,4118,3065,3715,3196,1730,1,0,0,0,0,0,0,0,0,0,0,0,0,0,0,0,0,,
MTO,MTO0331,NPOW,papareireiā_solar_at_maungaturoto,SOL,PV,2026-07-13,0,0,0,0,0,0,0,0,0,0,0,0,0,0,0,0,0,0,731,3499,4837,6104,6901,7228,7134,4591,4400,3852,1857,1186,80,189,0,0,0,0,0,0,0,0,0,0,0,0,0,0,0,0,,
MTO,MTO0331,NPOW,papareireiā_solar_at_maungaturoto,SOL,PV,2026-07-14,0,0,0,0,0,0,0,0,0,0,0,0,0,0,0,0,0,0,0,844,3527,4891,5311,4553,4116,2957,4640,3831,4689,4285,3226,1148,0,0,0,0,0,0,0,0,0,0,0,0,0,0,0,0,,
MTO,MTO0331,NPOW,papareireiā_solar_at_maungaturoto,SOL,PV,2026-07-15,0,0,0,0,0,0,0,0,0,0,0,0,0,0,0,0,0,0,463,3047,4592,5399,6024,6370,6754,7161,6201,6407,5642,3737,3284,538,0,0,0,0,0,0,0,0,0,0,0,0,0,0,0,0,,
MTO,MTO0331,NPOW,papareireiā_solar_at_maungaturoto,SOL,PV,2026-07-16,0,0,0,0,0,0,0,0,0,0,0,0,0,0,0,0,0,0,0,2,1194,3268,3772,1353,0,372,1830,2301,2403,1995,1403,165,0,0,0,0,0,0,0,0,0,0,0,0,0,0,0,0,,
MTO,MTO0331,NPOW,papareireiā_solar_at_maungaturoto,SOL,PV,2026-07-17,0,0,0,0,0,0,0,0,0,0,0,0,0,0,0,0,0,0,0,324,1314,2864,490,748,1444,514,2382,562,1344,14,90,32,0,0,0,0,0,0,0,0,0,0,0,0,0,0,0,0,,
MTO,MTO0331,NPOW,papareireiā_solar_at_maungaturoto,SOL,PV,2026-07-18,0,0,0,0,0,0,0,0,0,0,0,0,0,0,0,0,0,0,0,2144,1396,105,1417,998,5,154,1259,1051,22,0,0,0,0,0,0,0,0,0,0,0,0,0,0,0,0,0,0,0,,
MTO,MTO0331,NPOW,papareireiā_solar_at_maungaturoto,SOL,PV,2026-07-19,0,0,0,0,0,0,0,0,0,0,0,0,0,0,0,0,0,0,0,6,63,3286,3283,4930,4476,3268,5093,4876,1728,0,65,10,0,0,0,0,0,0,0,0,0,0,0,0,0,0,0,0,,
MTO,MTO0331,NPOW,papareireiā_solar_at_maungaturoto,SOL,PV,2026-07-20,0,0,0,0,0,0,0,0,0,0,0,0,0,0,0,0,0,0,0,93,134,323,1483,3919,1127,421,2520,1240,241,102,594,0,0,0,0,0,0,0,0,0,0,0,0,0,0,0,0,0,,
MTO,MTO0331,NPOW,papareireiā_solar_at_maungaturoto,SOL,PV,2026-07-21,0,0,0,0,0,0,0,0,0,0,0,0,0,0,0,0,0,0,0,1532,1631,1925,4708,2345,4800,6596,6469,4413,305,69,957,628,0,0,0,0,0,0,0,0,0,0,0,0,0,0,0,0,,
MTO,MTO0331,NPOW,papareireiā_solar_at_maungaturoto,SOL,PV,2026-07-22,0,0,0,0,0,0,0,0,0,0,0,0,0,0,0,0,0,0,0,0,0,186,910,556,567,758,563,2063,447,539,0,0,0,0,0,0,0,0,0,0,0,0,0,0,0,0,0,0,,
MTO,MTO0331,NPOW,papareireiā_solar_at_maungaturoto,SOL,PV,2026-07-23,0,0,0,0,0,0,0,0,0,0,0,0,0,0,0,0,0,0,0,0,0,44,79,29,602,436,0,129,0,0,0,0,0,0,0,0,0,0,0,0,0,0,0,0,0,0,0,0,,
MTO,MTO0331,NPOW,papareireiā_solar_at_maungaturoto,SOL,PV,2026-07-24,0,0,0,0,0,0,0,0,0,0,0,0,0,0,0,0,0,0,1639,4010,3117,3146,3112,3636,6329,4010,1436,0,0,0,0,0,0,0,0,0,0,0,0,0,0,0,0,0,0,0,0,0,,
MTO,MTO0331,NPOW,papareireiā_solar_at_maungaturoto,SOL,PV,2026-07-25,0,0,0,0,0,0,0,0,0,0,0,0,0,0,0,0,0,0,0,0,40,612,1238,2642,926,1659,3729,3126,479,1085,239,3,0,0,0,0,0,0,0,0,0,0,0,0,0,0,0,0,,
MTO,MTO0331,NPOW,papareireiā_solar_at_maungaturoto,SOL,PV,2026-07-26,0,0,0,0,0,0,0,0,0,0,0,0,0,0,0,0,0,0,0,0,11,239,953,1193,883,629,2454,807,625,0,0,0,0,0,0,0,0,0,0,0,0,0,0,0,0,0,0,0,,
MTO,MTO0331,NPOW,papareireiā_solar_at_maungaturoto,SOL,PV,2026-07-27,0,0,0,0,0,0,0,0,0,0,0,0,0,0,0,0,0,0,0,0,880,288,418,47,3809,3852,5518,5738,3851,3208,754,0,0,0,0,0,0,0,0,0,0,0,0,0,0,0,0,0,,
MTO,MTO0331,NPOW,papareireiā_solar_at_maungaturoto,SOL,PV,2026-07-28,0,0,0,0,0,0,0,0,0,0,0,0,0,0,0,0,0,0,126,219,3468,4078,4618,4038,2298,4793,4546,2779,5490,4789,3339,703,0,0,0,0,0,0,0,0,0,0,0,0,0,0,0,0,,
MTO,MTO0331,NPOW,papareireiā_solar_at_maungaturoto,SOL,PV,2026-07-29,0,0,0,0,0,0,0,0,0,0,0,0,0,0,0,0,0,0,460,2551,4104,5147,5814,3106,5095,6387,5028,5373,4338,1891,3867,701,0,0,0,0,0,0,0,0,0,0,0,0,0,0,0,0,,
MTO,MTO0331,NPOW,papareireiā_solar_at_maungaturoto,SOL,PV,2026-07-30,0,0,0,0,0,0,0,0,0,0,0,0,0,0,0,0,0,0,152,1706,1048,4239,4701,4980,5482,5984,6792,5452,3713,988,2,125,0,0,0,0,0,0,0,0,0,0,0,0,0,0,0,0,,
MTO,MTO0331,NPOW,papareireiā_solar_at_maungaturoto,SOL,PV,2026-07-31,0,0,0,0,0,0,0,0,0,0,0,0,0,0,0,0,0,26,486,4111,1296,2872,1695,4943,2969,3043,6012,5442,2312,1637,2312,171,0,0,0,0,0,0,0,0,0,0,0,0,0,0,0,0,,
NAP,NAP2201,NAPJ,nap,Geo,Geo,2026-07-01,73652,73523,73549,73592,73664,73686,73692,73754,73737,73734,73803,73705,73391,73257,73116,73044,73091,73099,72982,72816,72732,72729,72951,72940,72940,72936,63558,58169,58066,62347,71732,72355,72823,72989,73159,73184,73302,73165,73353,73424,73481,73586,73668,73626,73658,73686,73720,73805,,
NAP,NAP2201,NAPJ,nap,Geo,Geo,2026-07-02,73770,73803,73749,73701,73795,73730,73748,73763,73766,73909,73868,73769,73803,73678,73643,73520,73527,73388,73356,73287,73232,73276,73301,73395,73446,51962,39532,57882,71451,71736,72241,72508,72755,72945,73005,73035,73054,73052,73034,73060,73133,73190,73203,73215,73103,73090,73146,73095,,
NAP,NAP2201,NAPJ,nap,Geo,Geo,2026-07-03,73146,73270,73426,73366,73404,73451,73484,73512,73472,73488,73527,73569,73531,73503,73585,73516,73473,73512,73458,73506,73455,73401,73392,73345,73328,73273,73197,73152,73252,73461,73360,73343,73378,73424,73451,73407,73467,73436,73474,73458,73487,73437,73438,73444,73436,73416,73398,73370,,
NAP,NAP2201,NAPJ,nap,Geo,Geo,2026-07-04,73387,73369,73360,73392,73343,73378,73364,73355,73329,73324,73411,73350,73342,73344,73330,73342,73293,73353,73374,73422,73415,73397,73406,73347,73337,73239,73294,73278,73225,73200,73225,73267,73433,73453,73391,73516,73531,73470,73460,73392,73424,73480,73463,73427,73456,73398,73329,73330,,
NAP,NAP2201,NAPJ,nap,Geo,Geo,2026-07-05,73341,73235,73129,73044,72989,73028,73164,73148,73077,73056,73123,73104,73174,73148,73094,73294,73333,73331,73274,73251,73160,73186,73077,72887,72929,72974,73000,72955,72942,72998,73015,73056,73110,73124,73177,73245,73286,73377,73492,73479,73537,73421,73504,73451,73401,73414,73401,73363,,
NAP,NAP2201,NAPJ,nap,Geo,Geo,2026-07-06,73305,73305,73361,73312,73094,72941,72901,72969,73028,73049,73080,73229,73243,73052,72986,73043,73007,72833,72905,73011,72963,72994,73012,72919,72979,72945,72988,72979,72885,72908,73001,73055,73064,73064,73071,73135,73071,73176,73311,73389,73414,73449,73408,73419,73435,73483,73454,73520,,
NAP,NAP2201,NAPJ,nap,Geo,Geo,2026-07-07,73539,73570,73519,73555,73534,73519,73473,73544,73523,73564,73530,73513,73428,73492,73473,73478,73547,73438,73506,73417,73298,73330,73252,73258,73199,73183,73175,73185,73263,73234,73315,73254,73138,73322,73354,73400,73334,73320,73322,73300,73251,73201,73146,73140,73132,73114,73192,73159,,
NAP,NAP2201,NAPJ,nap,Geo,Geo,2026-07-08,73071,73138,73124,73102,73102,73166,73084,73204,73287,73290,73212,73208,73200,73107,73123,73194,73035,73078,73079,73012,72896,72902,72841,72790,72845,72887,72822,72889,72897,72970,72979,72960,73061,72993,73024,73079,72948,73001,73030,73061,73139,73238,73235,73241,73194,73179,73067,73109,,
NAP,NAP2201,NAPJ,nap,Geo,Geo,2026-07-09,73001,73006,72913,73029,72987,72966,72902,72928,72852,72849,72900,72971,72896,72982,73002,72915,72801,72812,72759,72800,72984,73297,72967,73044,73100,72936,73014,72822,72828,73061,73207,72939,72988,72989,73073,72906,73053,73177,73271,73206,73196,73152,73275,73340,73332,73233,73343,73299,,
NAP,NAP2201,NAPJ,nap,Geo,Geo,2026-07-10,73337,73389,73349,73332,73355,73152,73229,73290,73266,73211,73211,73219,73294,73272,73306,73364,73287,73278,73035,73029,73172,73225,73318,73278,73240,73146,73195,73186,73286,73358,73375,73383,73332,73280,73311,73406,73467,73023,72773,72767,73133,73461,73172,73209,73175,73060,73174,73117,,
NAP,NAP2201,NAPJ,nap,Geo,Geo,2026-07-11,73170,73243,73232,73171,73081,73146,73100,73141,73146,73116,73133,73209,73205,73236,73244,73252,73230,73212,73179,73087,73190,73149,73073,73101,73028,72995,72996,73022,72952,72996,72991,73024,73013,73123,73244,73262,73214,73234,73207,73305,73154,73079,73091,73373,73547,73672,73648,73710,,
NAP,NAP2201,NAPJ,nap,Geo,Geo,2026-07-12,73596,73570,73568,73569,73583,73573,73564,73514,73582,73566,73643,73618,73443,73152,73540,73536,73535,73510,73486,73255,73295,73266,73419,73432,73390,73417,73412,73374,73324,73387,73403,73392,73388,73438,73104,73289,73335,73419,73477,73525,73524,73518,73450,73373,73396,73409,73407,73394,,
NAP,NAP2201,NAPJ,nap,Geo,Geo,2026-07-13,73369,73372,73276,73297,73302,73283,73317,73394,73440,73505,73257,73245,73576,73706,73513,73351,73559,73647,73327,73171,73300,73233,73304,73296,73302,73410,73414,73393,73387,73302,73328,73342,73356,73358,73236,73306,73314,73391,73381,73475,73449,73499,73449,73384,73357,73322,73374,73351,,
NAP,NAP2201,NAPJ,nap,Geo,Geo,2026-07-14,73326,73343,73355,73337,73249,73280,73282,73294,73263,73366,73361,73291,73256,73112,73044,73090,73204,73179,73155,73137,73229,73161,73209,73102,73166,73133,73246,73276,73227,73198,73047,73079,73205,73219,73295,73191,73236,73276,73374,73274,73298,73375,73430,73617,73502,73343,73399,73517,,
NAP,NAP2201,NAPJ,nap,Geo,Geo,2026-07-15,73489,73407,73396,73407,73439,73395,73296,73257,73249,73272,73129,73165,73128,73227,73310,73292,73297,73298,73127,73129,73071,73206,73122,73081,73050,72930,61599,58932,69884,72554,72827,72888,73049,73164,73423,73465,73412,73487,73391,73381,73398,73284,73350,73304,73286,73350,73284,73268,,
NAP,NAP2201,NAPJ,nap,Geo,Geo,2026-07-16,73242,73165,73147,73241,73325,73309,73270,73263,73319,73245,73203,73051,72962,73098,73142,73150,73143,73143,73091,73093,72939,72964,72940,72932,72869,72726,72365,72338,72393,72530,72475,72572,72590,72693,72712,72746,72895,72926,73119,73250,73310,73434,73230,73227,73229,73341,73320,73240,,
NAP,NAP2201,NAPJ,nap,Geo,Geo,2026-07-17,73210,73225,73223,73218,73311,73249,73254,73292,73291,73316,73190,73268,73354,73428,73422,73421,73314,72985,72859,72783,72648,72559,72565,72758,72602,72472,72540,72891,72810,72733,72819,72927,72970,73012,73136,73213,73286,73329,73355,73377,73400,73396,73358,73433,73483,73492,73533,73479,,
NAP,NAP2201,NAPJ,nap,Geo,Geo,2026-07-18,73452,73359,73435,73386,73414,73322,73191,73107,73179,73118,73188,73261,73322,73263,73352,73303,73399,73300,73265,73116,73062,73100,73067,73106,73091,73021,73010,72983,73233,73271,73262,73241,73286,73283,73387,73357,73369,73391,73355,73326,73374,73410,73464,73449,73300,73408,73465,73412,,
NAP,NAP2201,NAPJ,nap,Geo,Geo,2026-07-19,73421,73412,73488,73436,73539,73455,73421,73320,73219,73212,73155,73197,73284,73399,73325,73392,73364,73341,73268,73188,73067,73051,73160,73114,73095,73052,73121,73109,73024,73048,73123,73196,73322,73480,73392,73501,73433,73422,73414,73439,73474,73408,73469,73420,73394,73450,73362,73319,,
NAP,NAP2201,NAPJ,nap,Geo,Geo,2026-07-20,73390,73322,73285,73291,73288,73206,73096,73208,73153,73158,73097,73138,73148,73256,73177,73159,73196,73160,73132,73139,73160,73226,73269,73063,73299,73181,73076,72958,72974,72951,73052,73101,73118,73169,72860,72890,73059,73074,73097,73153,73160,73138,73095,73008,73098,73124,73102,73054,,
NAP,NAP2201,NAPJ,nap,Geo,Geo,2026-07-21,73044,73114,73132,73084,73114,73089,73090,73077,72853,72301,71846,71355,67897,67912,67074,67684,67619,67399,67292,67411,67601,67573,67475,67542,67403,67408,67382,67419,67396,67630,67638,67451,67385,67396,67393,67637,67698,67456,67293,67317,67551,67572,67631,67436,67436,67453,67407,67378,,
NAP,NAP2201,NAPJ,nap,Geo,Geo,2026-07-22,67447,67433,67429,67479,67421,67471,67425,67437,67434,67429,67438,67407,67397,67394,67296,67397,67551,67521,67535,67456,67449,67433,67348,67470,67567,70254,71503,72427,72391,72429,72834,73148,73224,73444,73610,73448,73507,73512,73509,73631,73533,73391,73345,73365,73349,73416,73438,73383,,
NAP,NAP2201,NAPJ,nap,Geo,Geo,2026-07-23,73372,73380,73361,73630,73542,73500,73454,73421,73537,73528,73530,73245,73103,73206,73116,73227,73379,73345,73386,73381,73379,73342,73243,73255,73295,73173,73236,73167,73161,73217,73283,73333,73376,73471,73406,73522,73551,73536,73517,73493,73404,73462,73466,73561,73506,73622,73665,73610,,
NAP,NAP2201,NAPJ,nap,Geo,Geo,2026-07-24,73664,73646,73504,73528,73474,73535,73564,73624,73634,73595,73489,73428,73436,73487,73502,73495,73437,73391,73333,73272,73119,72998,72975,73061,72919,72948,72975,72954,73135,73187,73242,73187,73146,73230,73181,73160,73135,73146,73019,72980,72934,73006,72975,72925,73269,73437,73434,73449,,
NAP,NAP2201,NAPJ,nap,Geo,Geo,2026-07-25,73414,73373,73308,73243,73178,73203,73230,73297,73325,73292,73255,73241,73257,73317,73296,73204,73211,73243,73358,73180,73117,73170,73079,73039,73028,73001,73040,73100,73083,73134,73114,73171,73150,73201,73131,73227,70088,69716,70734,70959,71209,71365,71366,71411,71491,71662,71986,72517,,
NAP,NAP2201,NAPJ,nap,Geo,Geo,2026-07-26,72667,72978,73031,72939,73035,72959,72971,73314,73244,73075,73102,73093,73259,73261,73284,73191,73179,73227,73163,73121,73149,73098,73082,73026,73032,72955,72980,73019,72982,72995,72993,73020,72846,72885,72894,72829,72850,72918,72988,73039,73172,73230,73289,73310,73296,73270,73306,73332,,
NAP,NAP2201,NAPJ,nap,Geo,Geo,2026-07-27,73270,73234,73253,73169,73159,73244,73212,73220,73138,73160,73152,73153,73175,73119,73140,73142,73038,72983,72933,72869,72974,72942,72971,73055,72957,72949,72875,72988,72989,72890,72901,73018,72972,73009,72926,72947,73178,73134,73244,73369,73622,73602,73612,73407,73242,73115,73121,73325,,
NAP,NAP2201,NAPJ,nap,Geo,Geo,2026-07-28,73776,73578,73291,73303,73281,73355,73292,73326,73318,73277,73265,73279,73300,73316,73327,73304,73289,73265,73266,73150,73285,73236,73445,73146,73148,73172,73345,73270,73196,73238,73323,73220,73302,73268,73348,73457,73458,73366,73331,73180,73175,73210,73241,73169,73153,73228,73303,73228,,
NAP,NAP2201,NAPJ,nap,Geo,Geo,2026-07-29,73235,73185,73146,73152,73178,73128,73136,73178,73139,73157,73199,73195,73180,73157,73165,73258,73223,73306,73235,73326,73182,73233,73221,73347,73267,73210,62212,58213,68694,73071,73164,73261,73264,73298,73376,73463,73498,73544,73380,73400,73395,73415,73319,73346,73329,73233,73193,73204,,
NAP,NAP2201,NAPJ,nap,Geo,Geo,2026-07-30,73222,73247,73169,73142,73196,73225,73206,73252,73273,73329,73239,73270,73254,73263,73265,73276,73244,73203,73143,73080,73090,73045,72924,72824,72809,73002,73028,72965,72992,72913,72802,72888,72905,72939,73134,73208,73153,72977,72984,72916,73182,73169,73186,73258,73391,73430,73383,73467,,
NAP,NAP2201,NAPJ,nap,Geo,Geo,2026-07-31,73161,73186,73166,73172,73172,73135,73080,73129,73064,73236,73256,72979,73092,72970,72892,72944,72906,72699,72879,73107,73042,72943,72640,72588,72426,72505,72815,72697,72590,72681,72491,72563,72697,72658,72924,73114,73755,73751,73555,73368,73273,73177,73150,73169,73127,73126,73057,73071,,
NAP,NAP2202,MRPL,Ngatamariki,Geo,Geo,2026-07-01,66625,66793,66839,67091,67066,67079,67119,67090,67165,67139,67209,67178,67268,67236,66278,61671,61156,61976,61826,61518,61609,61626,61424,61528,61533,61451,61394,60991,60845,60777,61181,61196,62614,63065,64705,65172,66164,66309,66452,66420,66549,67124,67149,67229,67202,67227,67166,67165,,
NAP,NAP2202,MRPL,Ngatamariki,Geo,Geo,2026-07-02,67267,67260,67279,67005,67380,67410,67471,67580,67544,67591,67273,67545,67655,67655,67607,67631,67637,67587,67590,67617,67490,67349,66750,66837,66807,66824,66804,66821,66813,66824,66819,66828,66910,66905,66892,66918,66892,66912,66885,66912,66947,66922,66972,66976,66984,67000,66937,67039,,
NAP,NAP2202,MRPL,Ngatamariki,Geo,Geo,2026-07-03,67053,67067,67073,67217,67267,67336,67520,67482,67480,67553,67531,67546,67538,67486,67494,67457,67493,67499,67520,67477,67445,67425,67350,67362,67317,67369,67350,67350,67331,67308,67316,67337,67297,67321,67331,67341,67341,67364,67353,67401,67406,67404,67419,67404,67473,67449,67510,67508,,
NAP,NAP2202,MRPL,Ngatamariki,Geo,Geo,2026-07-04,67616,67604,67593,67547,67582,67573,67558,67557,67550,67581,67538,67579,67659,67729,67654,67769,67809,67752,67741,67750,67735,67703,67624,67500,67127,67146,67095,67129,67052,67042,66974,66806,66815,66816,66841,66763,66356,66567,66650,67040,66785,66592,66648,66736,66666,66522,66387,66492,,
NAP,NAP2202,MRPL,Ngatamariki,Geo,Geo,2026-07-05,66425,66343,65909,65603,65556,65347,65289,65571,65539,65352,65090,64946,64678,64755,64715,64862,64860,65014,65216,65012,64816,65188,65198,65023,65005,64686,64738,64604,64461,64618,64158,64084,64401,64723,64816,64976,65158,65616,66081,65839,65963,65849,65995,65982,66152,66089,66284,66339,,
NAP,NAP2202,MRPL,Ngatamariki,Geo,Geo,2026-07-06,66409,66331,66338,66352,66323,65742,65530,65583,65574,65626,65524,65590,65537,65516,65645,65602,65850,65861,65882,65886,65890,65887,65902,66009,65939,65858,65900,65812,65906,65861,65927,65831,65899,65908,65918,66016,66089,66174,66281,66483,66288,66254,66510,66384,66377,66384,66541,66522,,
NAP,NAP2202,MRPL,Ngatamariki,Geo,Geo,2026-07-07,66343,66348,66472,66628,66804,66742,66726,66783,66831,66777,66797,66665,66737,66745,66724,66677,66635,66374,66305,66319,66001,65688,65650,65483,65457,65369,65461,65240,64735,64615,64495,64534,64519,64540,64636,64764,64880,64985,64965,64973,64976,65077,65199,65402,65648,65935,66067,65756,,
NAP,NAP2202,MRPL,Ngatamariki,Geo,Geo,2026-07-08,65386,65768,65807,65617,65481,65524,65673,65427,65324,65279,65360,65202,65290,65311,65343,65303,65373,65336,65387,65367,65173,64691,64084,64014,64200,63946,63724,63536,63735,64214,63943,63795,64200,64229,64147,64375,64654,64958,65043,65630,66191,66086,66208,66298,65855,66147,65662,65672,,
NAP,NAP2202,MRPL,Ngatamariki,Geo,Geo,2026-07-09,65608,65549,65435,65223,65248,65258,65407,65296,64676,64441,65151,65538,65452,65344,65224,64915,64611,64205,63794,63161,63137,62513,62108,62142,62139,62284,62204,62408,62534,62886,63068,63433,63691,63838,63740,63745,63760,63798,63641,62992,63105,63119,63239,63346,63449,63619,63918,64110,,
NAP,NAP2202,MRPL,Ngatamariki,Geo,Geo,2026-07-10,64316,64475,64395,64376,64565,64572,64654,64613,64613,64643,64754,64613,64687,64732,64682,64765,64883,64745,64813,64457,64236,64336,64252,64268,64322,64336,64430,64432,64392,64483,64482,64950,64964,64978,65079,65073,65212,65320,65389,65440,65619,65789,65766,65812,66132,66327,66379,66357,,
NAP,NAP2202,MRPL,Ngatamariki,Geo,Geo,2026-07-11,66467,66456,66477,66465,66444,66486,66450,66567,66529,66468,66547,66613,66545,66601,66577,66570,66606,66529,66493,66379,66069,65982,65777,65837,65714,65640,65503,65528,65424,65292,65391,65530,65730,65858,65884,65910,65905,65970,65931,65955,66025,66070,66468,66567,66510,66699,66966,66970,,
NAP,NAP2202,MRPL,Ngatamariki,Geo,Geo,2026-07-12,66948,66928,66959,66942,66989,66954,66963,66986,67018,67006,66989,67005,67003,67230,67472,67521,67672,67596,67561,67532,67487,67472,67383,66772,66678,66618,66560,66513,66526,66527,66598,66509,66545,66612,66546,66664,66695,66809,66934,66993,67025,67305,67053,67020,66994,67059,66977,66932,,
NAP,NAP2202,MRPL,Ngatamariki,Geo,Geo,2026-07-13,66946,66965,67000,67009,67055,67092,67083,67097,67076,67127,67071,67159,67155,67388,67548,67593,67558,67555,67562,67471,67459,67450,67350,67314,67345,67254,67239,67222,67122,66935,66687,66702,66704,66728,66755,66711,66710,66729,66923,66868,66871,66813,66862,66832,66825,66846,66857,66841,,
NAP,NAP2202,MRPL,Ngatamariki,Geo,Geo,2026-07-14,66873,66846,66863,66831,66815,66883,66820,66752,66619,66210,66152,65631,65611,65628,65961,65735,65349,65482,65455,65353,65401,65254,65403,64807,65129,64985,64718,65015,65298,65062,65657,65604,64927,64328,65281,65304,65303,65755,65946,66152,66210,66206,66326,66616,66850,66767,66593,66629,,
NAP,NAP2202,MRPL,Ngatamariki,Geo,Geo,2026-07-15,66796,66978,67057,66903,66684,66786,66727,66975,66875,66920,66995,66994,67179,67217,67567,67541,67494,67319,66908,66869,67206,66904,66269,65487,65611,64972,65173,65274,65288,64993,65155,65222,65075,65008,64794,65079,65258,65253,65212,65475,65398,65348,65371,65555,65574,65668,65709,65700,,
NAP,NAP2202,MRPL,Ngatamariki,Geo,Geo,2026-07-16,65933,66043,65977,65933,66276,66248,66376,66918,66718,66678,66742,66717,66763,66713,66761,66750,66732,66783,66708,66454,65785,65631,41413,39943,35971,29358,29355,29604,29581,29406,33185,51327,59010,61049,62239,62948,63457,63697,63737,64074,64412,64862,64875,64743,65165,65277,65256,65376,,
NAP,NAP2202,MRPL,Ngatamariki,Geo,Geo,2026-07-17,65610,65719,65580,65333,65694,65881,65764,65822,65772,65907,65752,65938,66126,66097,66085,66061,66088,66092,65835,65721,65506,64486,64455,64241,64278,64361,64316,64295,64407,64404,64420,64494,64673,64742,65174,65506,65922,66055,66269,66297,66199,66217,66269,66315,66250,66257,66271,66205,,
NAP,NAP2202,MRPL,Ngatamariki,Geo,Geo,2026-07-18,66326,66232,66308,66224,66261,66210,66290,66251,66200,66383,66318,66395,66458,66359,66450,66483,66467,66363,66007,65588,65451,65411,65361,64927,64745,64894,64732,64148,64264,64475,64121,64562,64371,64717,65233,65362,66103,66348,66373,66438,66502,66581,66651,66120,66090,66046,65975,66096,,
NAP,NAP2202,MRPL,Ngatamariki,Geo,Geo,2026-07-19,65996,66106,66096,66360,66504,66655,66706,66688,66717,66606,66549,66193,66159,66433,66242,65852,65710,65630,65712,65670,65079,64562,64326,64332,64308,64247,64143,64026,64044,64423,64624,64261,64466,64686,64964,64896,64762,64718,64795,64842,65216,65680,66079,66007,66230,66455,66720,66966,,
NAP,NAP2202,MRPL,Ngatamariki,Geo,Geo,2026-07-20,66985,66923,67050,67095,67262,67192,66790,66570,66264,66051,65975,65930,65912,65877,65881,65829,65925,65784,65939,65799,65690,65397,64650,64401,64472,64465,64399,64438,64398,64392,64340,64377,64371,64457,64517,64526,64580,64723,64738,64829,65002,65243,65960,65918,66047,66241,66625,66784,,
NAP,NAP2202,MRPL,Ngatamariki,Geo,Geo,2026-07-21,66633,66426,66164,65625,65973,65901,66008,65981,65965,65976,65931,66083,66030,66105,66110,66075,66100,66105,66098,65989,66025,65982,65926,65903,65758,64806,64593,64650,64599,64613,64692,64750,64792,64815,64836,64899,65072,65675,65559,65639,65884,65942,66012,66052,66151,66293,66387,66517,,
NAP,NAP2202,MRPL,Ngatamariki,Geo,Geo,2026-07-22,66856,66829,66983,67204,67177,67188,67198,67240,67263,67549,67502,67502,67462,67531,67475,67498,67545,67484,67388,66714,66564,66512,66406,66430,66210,64998,63893,64077,63927,63911,64047,64031,64323,64488,64636,64753,64818,64902,65222,65544,65850,66321,66656,66649,66618,66562,66649,66625,,
NAP,NAP2202,MRPL,Ngatamariki,Geo,Geo,2026-07-23,66588,66649,66587,66668,66676,66695,66750,66822,66880,66876,66836,67131,67226,67276,67268,67333,67275,67432,67510,67348,67009,67027,66944,66194,66173,66208,65899,65530,65551,65471,65504,65408,65493,65080,65630,65763,65712,65758,65842,65854,65744,65230,64786,64811,64874,64828,64840,64877,,
NAP,NAP2202,MRPL,Ngatamariki,Geo,Geo,2026-07-24,64849,64877,64939,65055,65010,64987,65018,65001,65056,65076,64988,64978,65124,65307,65450,65291,65006,65138,64957,64894,64947,64905,64950,64755,64827,64858,64691,64866,64820,64607,64569,64769,64865,64839,64876,64993,65190,65076,65095,64996,65209,65104,65011,65535,65692,65512,65674,65349,,
NAP,NAP2202,MRPL,Ngatamariki,Geo,Geo,2026-07-25,65349,65433,65454,65595,65667,65932,65835,65884,65943,66243,66317,66296,66272,66141,65974,66029,66161,66152,65979,65967,66146,66058,66141,66093,66132,65953,65989,65886,65720,66011,65826,65805,65850,65554,65003,65634,65601,65682,65743,66089,65011,65699,65661,65947,66157,66504,66420,66808,,
NAP,NAP2202,MRPL,Ngatamariki,Geo,Geo,2026-07-26,66349,66346,66469,66387,66500,66453,66517,66522,66522,66759,66884,66970,67006,66957,67068,66936,67218,67199,67250,67273,67287,67271,67263,67241,67235,67195,67200,67045,66839,66907,66912,66884,66790,66248,66168,66148,66190,66198,66171,66346,66371,66440,66388,66428,66467,66473,66632,66622,,
NAP,NAP2202,MRPL,Ngatamariki,Geo,Geo,2026-07-27,66672,66927,67376,67294,67484,67396,67426,67461,67039,67145,67175,67167,67160,67270,67181,67272,67204,67209,67155,67093,67139,67117,66706,66430,66314,65978,66410,65822,65065,63330,55936,56521,61867,62329,64974,64536,64601,64945,65186,65414,66309,66230,66429,66466,66357,66442,66032,67123,,
NAP,NAP2202,MRPL,Ngatamariki,Geo,Geo,2026-07-28,67086,66801,66284,66758,66800,66803,66855,66928,66906,66837,66958,66826,67266,67294,67317,66950,65531,65909,65889,65874,65823,65762,65647,65620,65569,65511,65522,65396,65276,65251,65343,65295,65634,65572,65534,65621,65729,65912,65962,66199,66195,66340,66529,66529,66745,66762,66931,67130,,
NAP,NAP2202,MRPL,Ngatamariki,Geo,Geo,2026-07-29,67160,67172,67258,67028,67194,67266,67204,67364,67370,67391,67413,67382,67480,67487,67554,67493,67489,67435,67523,67503,67366,66960,66674,66688,66646,66707,66829,66078,66032,66011,65888,65550,65674,65886,66051,66054,66081,66144,66193,66604,66804,66844,66932,67088,67135,67166,67181,67185,,
NAP,NAP2202,MRPL,Ngatamariki,Geo,Geo,2026-07-30,67171,67156,67155,67176,67160,67131,67227,67202,67279,67276,67282,67248,67318,67259,67262,67252,67249,67250,67250,67238,67226,67197,67132,67174,66993,66234,65659,64991,64693,64733,64556,64681,64506,64787,64991,64932,64904,65073,65142,65181,65230,65274,65297,65500,65551,65582,65659,65120,,
NAP,NAP2202,MRPL,Ngatamariki,Geo,Geo,2026-07-31,64972,65002,65013,65478,65451,65312,65368,65560,65273,64598,65223,65456,65345,65171,64851,65094,64976,65160,64960,64895,64821,64712,64869,64956,64534,64587,64829,65073,65337,65144,65216,65280,65199,65409,65489,65673,65755,66010,65863,65873,65928,65889,65975,65939,66009,66104,66216,66444,,
NMA,NMA0331,TPCO,white_hill,Wind,Wind,2026-07-01,19373,20462,19824,20543,21148,22852,22382,17596,16128,16960,20641,17510,16625,18635,21819,21476,20759,20088,19426,20431,20766,19357,19306,16881,16453,15331,15939,18274,19370,18665,19746,22395,22922,19224,19709,19206,20385,23823,24082,21454,19582,17118,17810,22223,23646,21082,18274,18949,,
NMA,NMA0331,TPCO,white_hill,Wind,Wind,2026-07-02,17820,20971,23633,20902,19628,19049,18801,18444,17655,16756,16536,16610,17896,18638,19166,18583,18255,17821,17971,17308,16979,16982,16915,16845,16795,17968,19269,19543,18487,18890,17495,18223,18716,19705,19526,19530,20827,19694,19794,19903,18995,18510,18816,18597,17981,18579,19603,20176,,
NMA,NMA0331,TPCO,white_hill,Wind,Wind,2026-07-03,22253,19025,21461,18862,19049,18264,16849,21565,22432,15749,13942,10952,12578,17246,10828,12588,18772,19770,22181,23700,21087,17955,19320,20412,19095,17729,17248,18794,19542,19922,19442,17552,17579,17749,19926,16953,20475,21522,18477,16584,17920,19440,19425,18685,18976,19302,17576,17391,,
NMA,NMA0331,TPCO,white_hill,Wind,Wind,2026-07-04,17792,18295,17827,17684,18380,18023,18888,19657,22986,20170,20415,19729,21360,18585,18326,20976,19718,19619,16412,17656,18063,18220,16795,20246,21271,20899,17977,19894,20262,17770,16152,16392,15298,11125,12792,13262,12927,13397,13218,1996,773,533,485,1809,3970,5527,6327,6860,,
NMA,NMA0331,TPCO,white_hill,Wind,Wind,2026-07-05,5872,5850,7030,9553,9168,9981,8292,7243,7625,5104,3131,2779,1153,767,262,18,233,178,545,2328,2911,2346,2546,2663,2632,2327,3254,4643,4973,3449,6539,5161,5125,6952,12617,17060,13854,10548,12783,15795,17906,16139,18734,13083,13340,17127,17346,17060,,
NMA,NMA0331,TPCO,white_hill,Wind,Wind,2026-07-06,11535,13482,16951,16350,14875,14476,12987,7421,7339,7377,9609,9135,6969,6580,7943,10178,11758,7420,5303,5866,5783,4466,3364,3560,4087,2961,3945,4663,4982,6132,3141,3597,4602,5732,5284,5587,7981,8685,9208,8317,9152,10865,10619,8064,6888,7914,9539,9748,,
NMA,NMA0331,TPCO,white_hill,Wind,Wind,2026-07-07,9015,5120,5610,4256,4681,5438,6087,5987,4758,4394,4383,4090,4060,2430,1566,953,478,419,486,435,151,16,0,0,0,0,0,145,666,381,250,66,64,1406,1785,1291,979,32,0,20,24,862,3040,4470,4200,2566,1126,490,,
NMA,NMA0331,TPCO,white_hill,Wind,Wind,2026-07-08,53,0,0,163,659,1900,1471,1180,1840,2086,2644,7812,14810,13554,9291,9799,6183,7851,5814,3608,2700,2721,2209,1948,2305,1283,2237,2956,3404,6410,15366,19528,19831,18669,16082,12910,12694,10883,8011,5770,4369,2454,1386,1746,2278,3021,2434,1390,,
NMA,NMA0331,TPCO,white_hill,Wind,Wind,2026-07-09,828,1073,646,433,532,578,816,478,268,8,8,0,0,0,0,0,0,268,516,485,691,384,0,19,27,660,734,110,179,165,76,411,1025,1228,453,75,138,19,9,67,666,803,522,475,423,976,1308,1472,,
NMA,NMA0331,TPCO,white_hill,Wind,Wind,2026-07-10,1400,263,0,0,0,0,0,0,0,6,0,0,0,0,0,0,0,119,267,630,1055,222,0,0,0,0,0,0,0,0,0,0,0,113,1401,1614,574,132,211,7,68,45,0,0,56,271,750,1797,,
NMA,NMA0331,TPCO,white_hill,Wind,Wind,2026-07-11,2719,3251,3656,3720,3672,2516,1997,1599,1151,2259,2081,2645,2750,2428,1665,1532,655,303,365,619,861,501,140,21,0,0,0,0,0,0,0,0,0,0,0,37,144,899,1187,1296,3124,4800,6269,6214,8704,12567,13777,12059,,
NMA,NMA0331,TPCO,white_hill,Wind,Wind,2026-07-12,13397,13410,10910,9671,9981,9756,9916,10334,10653,11262,8172,7132,7027,6437,4817,3874,3714,3864,4130,5421,5200,6776,6650,4645,5043,5145,4923,3768,2876,2803,2362,2234,2101,2728,3270,3713,3659,2907,3959,4501,4405,7655,7130,4984,3358,4118,5362,5279,,
NMA,NMA0331,TPCO,white_hill,Wind,Wind,2026-07-13,8112,7077,6165,8870,7476,6524,8591,10598,16195,12956,14449,18052,17846,16975,18069,16036,11983,9209,20402,21100,20603,18309,16086,16198,16412,16105,15724,16895,17251,16095,16745,18931,16830,18106,19927,20216,16394,18322,20881,21045,22038,20103,18122,17908,17962,18009,13053,18281,,
NMA,NMA0331,TPCO,white_hill,Wind,Wind,2026-07-14,19877,15651,11265,15119,14776,13144,13084,14026,18039,20550,22408,19908,18561,17984,18330,17992,14124,16474,11693,15398,16801,16494,16949,16933,16458,15240,18638,18319,18745,16687,16306,17157,17428,18965,18151,18803,18465,17359,21841,23157,19332,20629,18722,17787,18069,17319,12998,14661,,
NMA,NMA0331,TPCO,white_hill,Wind,Wind,2026-07-15,18479,17337,14779,18808,18479,18517,18327,16337,17317,18282,16770,14605,12901,13308,14772,18249,16864,14076,15333,12951,12433,12327,12322,15096,15425,19587,18100,15938,18949,21108,18449,16224,18359,21896,20041,16528,14139,17380,15685,17206,18072,17941,17899,17829,17932,17951,17560,16874,,
NMA,NMA0331,TPCO,white_hill,Wind,Wind,2026-07-16,16102,13252,7011,3320,1698,805,3226,2856,2329,4214,11218,18179,19794,19326,19026,18858,18102,19257,20591,20006,19118,17260,17743,14095,12568,12286,9454,12696,16439,12716,13206,15560,17577,22619,24096,21876,21794,23066,21903,19783,18587,18241,17885,17886,17885,17941,17901,17842,,
NMA,NMA0331,TPCO,white_hill,Wind,Wind,2026-07-17,17575,17629,17806,17854,17875,17897,17891,17876,17883,17895,17917,17919,17913,17916,17915,17868,17899,17774,17621,18619,18762,18790,18615,18595,19381,19126,17504,16900,16986,16991,16967,16765,14476,16238,16480,18614,18230,17578,16610,17466,18021,17761,17709,17531,17508,17324,16849,16791,,
NMA,NMA0331,TPCO,white_hill,Wind,Wind,2026-07-18,16658,15911,15875,17051,16096,16692,15853,16147,16476,16018,14916,15599,16337,14395,16385,18137,16915,15903,17085,17215,15074,15391,18747,16514,16969,16975,17184,15824,17307,18577,17990,17997,20017,20042,16168,17044,17114,17523,18797,19604,16231,16299,16333,17417,15643,6979,7362,2306,,
NMA,NMA0331,TPCO,white_hill,Wind,Wind,2026-07-19,2001,2458,2809,3262,5055,5486,5610,6317,4486,3386,4287,4917,4645,3293,0,768,384,485,526,573,714,2266,2553,1857,1262,380,418,466,2743,4209,4320,3630,2768,1336,1312,1332,774,156,196,74,0,0,0,0,177,385,312,401,,
NMA,NMA0331,TPCO,white_hill,Wind,Wind,2026-07-20,593,600,472,528,466,315,17,0,0,0,0,6,112,118,243,660,2480,2737,2831,2636,2026,2212,2821,1912,1212,276,0,0,0,0,183,11,1,0,260,43,0,0,5,4677,16075,18587,23572,22358,20896,21807,17907,17003,,
NMA,NMA0331,TPCO,white_hill,Wind,Wind,2026-07-21,16756,14565,14644,13814,15125,13972,15065,13194,12964,14856,14930,14585,10868,11038,14108,14834,14883,14037,13507,14464,13176,13539,14137,16902,15333,16400,16517,16046,13522,17091,16949,14749,14046,14131,17899,17864,18955,17877,17171,17349,18008,18321,19217,19340,18809,18130,15298,16130,,
NMA,NMA0331,TPCO,white_hill,Wind,Wind,2026-07-22,15687,15922,14833,14059,12923,13954,13423,7520,7123,8839,7657,5101,4468,2182,1521,2752,3688,4441,2969,4346,4974,6002,5794,7694,8083,8008,7005,6936,6166,5226,6750,7684,8141,10864,10403,14991,14202,16568,17043,16847,15722,10654,11041,13258,15110,15052,14853,16748,,
NMA,NMA0331,TPCO,white_hill,Wind,Wind,2026-07-23,16309,16248,20494,22797,20117,19378,14566,18760,19048,16652,15543,14229,16191,12177,15000,19759,20603,21051,18366,18886,18218,22120,22876,19081,17049,13932,9427,10638,12944,9293,9812,9519,14376,12705,13192,13091,9145,5708,2957,9211,18591,16107,14962,18945,12773,9706,6215,7683,,
NMA,NMA0331,TPCO,white_hill,Wind,Wind,2026-07-24,9667,18606,16557,16753,16748,16750,16604,16731,16168,16411,14905,17278,17059,14034,10793,10278,4055,6712,14658,9706,11512,17544,17531,13556,10894,7341,2291,3977,6086,8619,7109,4244,5324,5520,6291,7761,9981,6876,9171,5369,6017,16180,13630,12662,12519,6942,4603,4560,,
NMA,NMA0331,TPCO,white_hill,Wind,Wind,2026-07-25,5285,1724,850,3009,1807,3429,4197,3900,2105,3306,2302,5534,3086,3240,3351,3273,3226,2648,1639,666,560,463,444,344,341,48,0,121,331,0,0,0,0,0,0,0,67,727,2076,3887,5128,5319,6436,8539,11857,14180,15889,18168,,
NMA,NMA0331,TPCO,white_hill,Wind,Wind,2026-07-26,19045,22162,21044,21008,22635,16740,15007,10094,6786,3703,1304,859,503,609,284,481,682,797,2027,2392,3353,3675,2041,619,442,840,1418,3120,2642,1767,734,121,0,0,0,0,404,3224,4130,5607,8732,12285,18317,20461,18540,19120,21523,22736,,
NMA,NMA0331,TPCO,white_hill,Wind,Wind,2026-07-27,22099,19255,18835,19839,16797,14758,15180,15907,16061,15874,16323,16729,16685,16495,16551,16741,16937,16356,14797,14066,13508,13893,15873,14602,10327,12811,12844,12164,10692,11654,8509,11512,10859,15324,17411,14745,16606,19396,19710,18466,19484,20899,16389,13729,15660,16797,16251,13960,,
NMA,NMA0331,TPCO,white_hill,Wind,Wind,2026-07-28,11464,7244,5167,8825,11469,15432,14254,15323,17989,20130,17955,18061,16629,16704,11833,7544,5551,3511,3309,3182,3646,4037,5184,5710,5838,5588,7653,8165,5352,7834,11927,12143,13914,14176,14155,15458,17416,17521,17596,14755,13105,14848,15457,14617,13857,13649,18340,22596,,
NMA,NMA0331,TPCO,white_hill,Wind,Wind,2026-07-29,18715,16550,16555,17946,18643,19108,16132,12613,13238,15017,18713,18363,18281,18969,20403,23381,23294,23325,23118,22677,22683,21826,18434,15259,15754,18556,16097,18637,17474,20538,20995,17199,15838,18563,17557,16598,17571,15009,19752,18567,16304,18559,20170,16095,17738,17397,17285,18529,,
NMA,NMA0331,TPCO,white_hill,Wind,Wind,2026-07-30,18109,17912,18073,19713,18699,17757,15069,10109,4964,6759,10237,10232,12050,12885,11774,9369,6958,4467,3257,3384,5221,9641,8985,8208,12483,15577,20142,19620,14029,21694,19612,17694,17679,17474,20243,22233,22937,17228,8027,12143,8049,3642,7784,8136,5126,4188,10172,19864,,
NMA,NMA0331,TPCO,white_hill,Wind,Wind,2026-07-31,20989,17740,16066,17516,16925,16214,17347,18673,17796,16971,8270,1852,3542,11681,16248,13335,14853,14440,15108,14061,14226,12974,14685,16397,17751,16824,17491,18076,18520,18863,16729,13924,15463,15646,10084,10338,9649,11150,12494,8242,3684,8852,4846,6573,8691,8841,10406,8110,,
NSY,NSY0331,OTPO,paerau,Hydro,Hydro,2026-07-01,3126,3125,3126,3127,3126,3127,3127,3124,3122,3127,3128,3124,3126,3125,3899,4629,4622,4644,4708,3284,3206,3208,3206,3204,3145,2945,2954,3147,3214,3183,3141,3133,3131,3075,4488,4611,4607,4670,4686,4685,3134,3219,3221,3220,3217,3215,3216,3167,,
NSY,NSY0331,OTPO,paerau,Hydro,Hydro,2026-07-02,3144,3148,3147,3145,3133,3138,3139,3140,3141,3140,3133,3133,3142,4727,4713,4612,4611,4624,3227,3150,3150,3151,3151,3150,3148,3151,3150,3141,3125,3140,3145,3143,3145,3139,3145,3146,3122,3146,3146,3146,3145,3142,3146,3129,3127,3135,3131,3123,,
NSY,NSY0331,OTPO,paerau,Hydro,Hydro,2026-07-03,3130,3124,3128,3122,3122,3118,3127,3127,3113,3097,3086,3096,4754,4986,4973,4981,4983,4984,4980,4981,3259,3083,2583,2561,2564,2542,2569,2548,2546,2548,2466,2458,2481,2490,2466,2431,2428,2402,2402,2369,2375,2357,2363,2367,2335,2285,2268,2219,,
NSY,NSY0331,OTPO,paerau,Hydro,Hydro,2026-07-04,2188,2172,2188,2197,2195,2189,2191,2202,2203,2216,2222,2231,2248,2261,2265,2269,2265,2254,2255,2266,2252,2261,2254,2250,2231,2229,2235,2353,2505,2521,2517,2507,2496,2516,2524,2534,2600,3024,3242,3299,3579,3584,3598,3601,3582,3588,3388,3341,,
NSY,NSY0331,OTPO,paerau,Hydro,Hydro,2026-07-05,3107,3087,3109,3098,3089,3083,3083,3103,3085,3097,3108,3100,3091,3096,3092,3098,3096,3100,3100,3100,3098,3095,3085,3096,3108,3114,3131,3198,3195,3193,3206,3211,4169,4400,4406,4402,4412,4403,4402,4407,4405,4423,4396,4392,3295,3216,2998,2342,,
NSY,NSY0331,OTPO,paerau,Hydro,Hydro,2026-07-06,3118,3101,3051,3030,3050,3034,3045,3044,3063,3057,3050,3054,3067,3064,3061,3081,2920,3045,4236,4396,4235,4193,4218,4247,4275,4325,4332,4343,4362,4365,4650,4701,5555,5730,5889,5928,5943,5959,5969,5970,5972,5974,5977,5974,5979,5975,5985,4750,,
NSY,NSY0331,OTPO,paerau,Hydro,Hydro,2026-07-07,4590,4550,5000,5023,5011,5003,5193,5230,5426,5442,5438,5901,5930,5931,5933,5932,5930,5931,5931,5931,5930,5930,5929,5929,5930,5932,5934,5935,5935,5938,5936,5938,5941,5939,5940,5940,5940,5947,5966,5977,5992,5991,5959,5839,5847,5864,5850,5829,,
NSY,NSY0331,OTPO,paerau,Hydro,Hydro,2026-07-08,5854,5851,5809,5565,5592,5576,5606,5580,5415,5420,5422,5412,5394,5878,6018,6016,6012,6011,6010,6010,6009,6007,6007,6006,6005,6006,6006,6007,6007,6008,6008,6006,6006,6008,6009,6009,6008,6008,6008,6007,6007,4496,4335,4290,4970,4995,4969,4954,,
NSY,NSY0331,OTPO,paerau,Hydro,Hydro,2026-07-09,4459,4138,4084,4068,4265,4255,4224,4220,4200,4390,4466,4486,4493,4492,4515,5515,5721,5750,5773,4429,4391,4385,4383,4399,4389,4375,4396,4518,4638,4635,4636,4638,4628,4645,4629,4641,4640,4626,4628,4654,4617,4612,4609,4609,4613,4655,4867,4823,,
NSY,NSY0331,OTPO,paerau,Hydro,Hydro,2026-07-10,3825,3751,3740,3711,3778,3761,3764,3773,3763,3759,3760,4016,3859,3803,3805,3813,3819,3803,3796,3810,3818,3819,3823,3828,3827,3840,3825,3806,3903,3919,3976,4011,4010,4052,4049,4030,4053,4046,4025,4050,4026,4038,4060,4033,4027,4040,4039,4027,,
NSY,NSY0331,OTPO,paerau,Hydro,Hydro,2026-07-11,4024,4037,4013,4023,4037,4016,4037,4038,3710,3665,3678,3671,3895,3915,3922,3923,3924,3912,3916,3938,3916,3911,3796,3794,3802,3920,3932,3938,3924,3936,3935,3768,3671,3700,3692,3673,3686,3664,3669,3683,3615,3581,3583,3616,3637,3634,3647,3620,,
NSY,NSY0331,OTPO,paerau,Hydro,Hydro,2026-07-12,3639,3626,3618,3682,3728,3843,3867,3845,3838,3853,3848,3846,3892,3899,3880,3884,3892,3876,3890,3799,3786,3802,3800,3754,3681,3692,3685,3686,3682,3695,3667,3703,3694,3682,3689,4733,5566,5603,3875,3774,3794,3788,3793,3790,3776,3795,3782,3796,,
NSY,NSY0331,OTPO,paerau,Hydro,Hydro,2026-07-13,3791,3771,3782,3775,3686,3677,3691,3681,3657,3448,3396,3355,3280,3270,3253,3311,3318,3359,3366,3383,3369,3364,3382,3366,3373,3354,3342,3350,3520,3593,3492,3371,3873,3933,3923,3838,3836,3805,3614,3346,3106,3077,3070,3076,3043,2941,2843,2820,,
NSY,NSY0331,OTPO,paerau,Hydro,Hydro,2026-07-14,2812,2756,2678,2693,2713,2698,2696,2716,2700,2711,2686,2687,2705,2708,2698,2694,2705,2713,2715,2719,2710,2715,2711,2728,2702,2684,2697,2724,2721,2700,2699,2724,2724,3471,3556,3507,3518,3522,3526,3522,3546,3556,3356,3109,3016,2747,2243,2183,,
NSY,NSY0331,OTPO,paerau,Hydro,Hydro,2026-07-15,1930,1874,1853,1563,1229,1219,1206,1204,1206,1207,1210,900,842,848,867,766,26,0,0,0,0,0,0,0,0,0,0,0,0,854,1105,1121,1108,1127,1126,1120,1125,1082,750,1139,1205,1273,1324,1465,1547,1593,1624,1647,,
NSY,NSY0331,OTPO,paerau,Hydro,Hydro,2026-07-16,1659,1769,2045,4049,4362,4305,4305,4309,4333,4374,4285,4277,4584,4570,4561,4576,4575,4621,4624,4636,4667,4668,4654,4698,5203,5526,5532,5534,5541,5523,5542,5536,5841,5944,5942,5944,5943,5943,5954,5967,5971,5972,5969,5971,5970,5972,5972,5971,,
NSY,NSY0331,OTPO,paerau,Hydro,Hydro,2026-07-17,5273,5324,5504,5564,5443,5437,5474,5474,5491,5471,5451,5479,5473,5488,5721,6017,6016,6014,6011,6009,6008,6007,6006,6004,6002,6002,6003,6004,6006,5632,5480,5307,5524,5472,5341,5243,5227,5258,5198,5225,5166,4735,4372,4341,4525,4464,3779,3678,,
NSY,NSY0331,OTPO,paerau,Hydro,Hydro,2026-07-18,3631,3584,3577,3359,3063,3100,3077,3063,3061,3079,3056,3062,3047,3084,3069,3074,3069,3055,3068,3089,3087,3068,3073,3079,3060,3083,3063,3050,3060,3045,3049,3069,3054,3054,3055,3069,3055,3054,3054,3054,3053,3058,3068,3055,3049,3048,3049,3047,,
NSY,NSY0331,OTPO,paerau,Hydro,Hydro,2026-07-19,3051,3048,3047,3041,3050,3063,3061,3057,3075,3068,3072,3071,3079,3085,3084,3084,3084,3083,3083,3084,2838,2822,2825,2829,2816,2829,2826,2791,2828,2825,2824,2825,2813,2806,3061,3080,3079,3080,3081,3081,3081,3081,3081,3081,3081,3045,3016,2985,,
NSY,NSY0331,OTPO,paerau,Hydro,Hydro,2026-07-20,3009,2958,2818,2803,2787,2618,2526,2415,2281,2105,1879,1571,1400,1313,1273,1224,1226,1227,1230,1244,1231,1237,1099,1101,43,0,0,0,0,0,872,1096,1221,1237,1239,1231,1164,1125,1141,1135,1163,1193,1236,1281,1334,1543,1778,1927,,
NSY,NSY0331,OTPO,paerau,Hydro,Hydro,2026-07-21,1963,2011,2277,2607,2856,3134,3146,3193,3219,3230,3318,3664,3993,4067,4086,4118,4122,5712,5826,5824,4403,4171,4195,4162,4182,4204,5629,5747,5757,5759,5789,5877,5941,5941,5941,5941,5941,5941,5942,5942,5943,5942,5942,5942,5943,5943,5943,5943,,
NSY,NSY0331,OTPO,paerau,Hydro,Hydro,2026-07-22,5943,5944,5960,5976,5992,6005,6005,6007,6006,6007,6006,6006,6006,6005,6005,6005,6005,6003,6004,6003,6001,6002,6002,6002,6001,5183,5132,5146,5125,5139,5168,5551,6005,6006,6010,6009,6010,6012,6012,6013,6013,6015,6014,6013,6016,6016,6017,6016,,
NSY,NSY0331,OTPO,paerau,Hydro,Hydro,2026-07-23,6016,6017,6017,6018,6018,6020,6018,6017,6018,6016,6016,6015,6016,6016,6014,6015,6014,6015,6015,6013,6013,6014,6013,6012,6011,6012,6012,6011,6011,6011,6010,6011,6011,6012,6011,6011,6011,6012,6011,6010,6011,6011,6012,6012,6013,6013,6012,6012,,
NSY,NSY0331,OTPO,paerau,Hydro,Hydro,2026-07-24,6013,6014,6014,6013,6014,6015,6014,6014,6014,6016,6014,6014,6015,6014,6015,6012,6012,6012,6013,6013,6013,6014,6014,6013,6013,6013,6014,6013,6015,6015,6014,6013,6015,6016,6016,6016,6017,6018,6017,6019,6017,6018,6017,6018,6019,6018,6019,6020,,
NSY,NSY0331,OTPO,paerau,Hydro,Hydro,2026-07-25,6020,6020,6019,6021,6021,6020,6021,6020,6020,6020,6021,6021,6020,6019,6021,6020,6020,6012,5517,5536,5503,5293,5303,5205,5239,5216,5220,5222,5193,5171,5160,5138,5102,5114,5091,5072,5033,5028,5041,5063,5550,5837,5859,5882,5901,5916,5932,5950,,
NSY,NSY0331,OTPO,paerau,Hydro,Hydro,2026-07-26,5968,5986,6002,6013,6012,6012,6014,6016,6016,6015,6016,6017,6018,6017,6019,6020,6019,6018,6019,6018,6018,6017,5804,5459,5632,5595,5606,5637,5624,5627,5638,5730,5747,5735,5731,5844,6016,6015,6016,6014,6015,6014,6013,6013,6011,6012,6012,6012,,
NSY,NSY0331,OTPO,paerau,Hydro,Hydro,2026-07-27,6011,6013,6012,6011,6010,6011,6013,6012,6012,6014,6012,6013,6014,6012,6014,6013,6013,6014,6015,6013,6013,6013,6012,6011,6012,6012,6014,6017,6020,6018,4646,4131,4367,4390,5568,6020,6018,6018,6018,6019,6018,6019,6018,6019,6019,6018,6018,6018,,
NSY,NSY0331,OTPO,paerau,Hydro,Hydro,2026-07-28,5846,5689,5687,5682,5707,5690,5628,5497,5445,5450,5441,5444,5439,5425,5682,5942,5919,5910,5911,5909,5906,5229,4965,4961,4931,4964,4976,4910,4949,4958,4949,4975,4949,5804,5845,5844,5843,5842,5841,5839,5177,4920,4919,4919,4941,4940,4918,4928,,
NSY,NSY0331,OTPO,paerau,Hydro,Hydro,2026-07-29,4897,4693,4443,4405,4392,4414,4384,4411,4400,4619,4900,4931,5635,5832,5831,5830,5830,5829,5829,5001,4931,4930,4940,4732,4676,4671,4676,4017,3248,3218,3216,3410,4669,4976,5716,5750,5746,5746,5737,5699,5668,5657,4553,4544,4598,4568,4592,4572,,
NSY,NSY0331,OTPO,paerau,Hydro,Hydro,2026-07-30,4586,4572,4612,4594,4607,4587,3392,3311,3290,3279,3324,3306,3843,5591,5765,5758,5757,5752,5750,5134,5513,5651,4195,3821,3708,3466,3425,3356,3285,3081,2885,2896,2941,2950,5434,5668,5664,5660,5658,5654,5650,5674,5676,5240,2739,3329,3359,2976,,
NSY,NSY0331,OTPO,paerau,Hydro,Hydro,2026-07-31,2819,2791,2773,2770,2755,2775,2779,3264,3265,3279,3282,3279,5169,5669,5668,5665,5665,5662,4692,4278,4284,4271,4251,4259,4260,4261,4250,4280,4282,4266,4276,4276,4266,4252,4025,4002,4180,4247,4281,4256,4251,4269,4251,4268,4285,4258,4256,4262,,
OHA,OHA2201,MERI,ohau_a,Hydro,Hydro,2026-07-01,80420,56233,54746,56602,54548,52008,56100,57595,49222,56153,83562,80556,83484,99440,112892,117037,116644,118220,118521,122339,113340,107702,107183,109722,84028,81354,81490,104791,109578,116232,113384,105931,110687,111339,114003,118863,123810,119305,126659,125224,114111,126412,115482,107356,103391,90203,93241,103771,,
OHA,OHA2201,MERI,ohau_a,Hydro,Hydro,2026-07-02,84659,76375,44944,49478,51143,55900,54538,50783,45344,54917,55180,54880,55793,72364,102813,115426,120530,116284,111785,106135,111484,109906,106353,107100,109349,82056,81991,82534,82787,83300,81751,83351,69769,83786,92232,107421,79638,81885,82827,80301,80608,83311,82021,81533,84126,78615,59778,55843,,
OHA,OHA2201,MERI,ohau_a,Hydro,Hydro,2026-07-03,54139,29026,25677,27312,26342,25286,24377,24678,26858,26208,53056,52637,54919,58726,94636,113395,114481,107462,107749,108683,110916,111262,91592,81857,79440,108187,101331,106301,108728,105446,85173,84492,84282,99045,110816,109460,106606,111323,84586,99886,86210,81417,84988,72598,56556,54755,56254,52297,,
OHA,OHA2201,MERI,ohau_a,Hydro,Hydro,2026-07-04,27599,25594,24846,23467,26764,26862,26580,25975,26535,26611,25682,27027,25207,26616,25149,25164,26780,48738,50726,45930,27352,27804,27214,26381,28276,26560,23143,22746,27848,28101,28004,29462,30357,29773,36584,55708,55998,52931,54816,53358,54578,52956,52282,55779,52752,56916,27962,24965,,
OHA,OHA2201,MERI,ohau_a,Hydro,Hydro,2026-07-05,51573,29546,24437,24220,22197,21732,21702,21699,21859,24794,21929,21620,22153,2797,23097,28335,51160,52378,52992,54830,53869,56596,59000,55999,57554,58312,56538,52555,28080,27119,28367,26846,32739,37667,46285,55203,56203,54520,56615,56197,29782,28064,27272,24907,27086,27334,27541,49445,,
OHA,OHA2201,MERI,ohau_a,Hydro,Hydro,2026-07-06,51770,29123,26063,26323,27230,24701,24939,23774,25421,25652,27035,53335,56066,54609,80302,82845,83532,84940,84269,82037,112137,110911,83462,80832,82371,82260,82691,112483,109928,81927,83705,81051,80316,97676,101288,111557,112937,112450,114303,108376,110050,110499,108495,105554,107312,64772,61442,51520,,
OHA,OHA2201,MERI,ohau_a,Hydro,Hydro,2026-07-07,51708,26710,23189,24518,23761,24696,25427,25689,26894,25733,25772,27287,47483,77031,87071,85109,92568,96132,96279,96408,90743,87640,89481,86640,87040,85059,85500,86573,85181,87453,86479,85989,86183,88034,93220,95641,97311,97005,95055,96146,95597,93146,94860,95672,94916,90270,80297,56640,,
OHA,OHA2201,MERI,ohau_a,Hydro,Hydro,2026-07-08,41045,40625,55851,27439,26717,26928,26197,27698,28788,26837,27496,26926,56459,56568,83262,86542,86051,84094,85005,82266,83192,87784,81512,80636,76825,55033,53078,54402,52707,55086,56885,58278,64207,68838,81990,85749,83656,82695,85078,81903,82042,83517,84022,83473,82435,78466,52859,27111,,
OHA,OHA2201,MERI,ohau_a,Hydro,Hydro,2026-07-09,31884,52320,53041,57074,56030,54266,52118,55964,56542,53946,53785,54420,56346,55476,83130,87320,83043,85378,87467,85847,85112,83930,85402,87265,83648,83052,86137,87727,80578,86141,85015,83965,85082,101128,114600,112182,110839,110983,114229,111880,116496,126575,126328,124579,108550,77397,73319,53412,,
OHA,OHA2201,MERI,ohau_a,Hydro,Hydro,2026-07-10,53185,51469,54443,54636,54392,51835,26300,22095,23762,54353,52127,53652,50906,34442,23782,21962,22285,29027,53542,52625,51188,48353,46905,45362,45076,44342,44515,51400,52837,51867,52081,29400,26903,49376,57086,77216,83978,80471,56054,50906,79231,78636,83627,106750,109044,88656,66232,83239,,
OHA,OHA2201,MERI,ohau_a,Hydro,Hydro,2026-07-11,81243,60690,62895,47567,20947,22785,22164,22315,3640,0,0,0,0,0,0,0,0,0,0,0,0,0,0,0,0,0,0,0,0,0,0,0,336,0,0,0,0,0,0,0,0,15,0,58987,79274,77906,81877,77588,,
OHA,OHA2201,MERI,ohau_a,Hydro,Hydro,2026-07-12,89911,87856,83556,90888,86895,86011,81583,85350,85500,90714,72911,30661,2554,0,0,0,0,0,0,0,0,0,0,0,0,0,0,0,0,0,0,0,0,0,0,8647,21783,90617,113433,113922,125243,110840,121639,120303,107671,97352,83135,78948,,
OHA,OHA2201,MERI,ohau_a,Hydro,Hydro,2026-07-13,73939,72503,47502,32442,26324,31535,45105,47012,48187,48326,44692,52769,88383,113013,112236,112417,114224,111913,108936,112739,113935,116516,115983,117752,112417,117270,118861,118148,113854,114037,113759,115906,113031,111976,111686,112527,113746,111119,111461,112821,84913,82542,82105,102478,81947,59943,56871,58318,,
OHA,OHA2201,MERI,ohau_a,Hydro,Hydro,2026-07-14,53721,28626,55422,53480,25941,25039,23265,25223,25482,26920,51975,55578,53361,55966,83089,83568,84825,87302,86409,84138,82245,79622,84721,84669,86183,84298,84879,83195,84848,84161,83469,82291,77217,84903,82481,110989,83894,84408,82332,78435,81713,81573,85313,56847,55269,28731,27879,26301,,
OHA,OHA2201,MERI,ohau_a,Hydro,Hydro,2026-07-15,30187,28764,26996,50581,53527,26127,26422,25138,26173,27599,44654,52924,77965,80570,104443,111720,110737,110461,111246,105399,110412,109998,111655,85799,83580,83809,83290,108456,110708,107710,110577,111071,111704,108072,110528,109134,110318,105144,113631,105424,80666,79430,82494,82177,56653,29473,28693,26212,,
OHA,OHA2201,MERI,ohau_a,Hydro,Hydro,2026-07-16,27631,27494,27535,25681,27981,26665,26346,25211,25868,32611,48432,51765,56634,53897,77864,108850,112025,90045,80111,80176,81967,81516,81585,103367,111431,82855,81898,84472,91247,85167,83560,111845,113558,83527,96037,109414,109514,104470,110193,105226,85561,84122,82305,82385,81241,57250,29547,56004,,
OHA,OHA2201,MERI,ohau_a,Hydro,Hydro,2026-07-17,57356,56209,52760,55224,52193,53909,54377,54225,51314,55400,49077,59857,55461,58156,71092,82987,89157,88076,108811,105900,81685,82901,98341,89704,81566,82454,83485,83342,82638,84864,86050,79989,83840,81865,84333,88945,112738,111041,85127,79425,82739,107472,84734,79604,79322,82929,59134,54270,,
OHA,OHA2201,MERI,ohau_a,Hydro,Hydro,2026-07-18,53830,53260,52554,53944,52423,51002,47620,52404,50896,48505,47077,53850,50004,48550,54365,54112,73974,84653,83794,81660,82875,81789,83593,84479,70502,51643,56089,55511,55361,55228,54861,56375,58754,55018,78057,84888,83430,83920,83878,84639,84012,84431,57377,81449,58823,63303,56180,49885,,
OHA,OHA2201,MERI,ohau_a,Hydro,Hydro,2026-07-19,54642,55720,55948,51962,32970,26353,51930,51557,53584,63059,79388,56736,29772,25402,2244,2634,26688,52146,55739,56054,56657,56485,52338,52254,52729,53236,53234,56990,54278,54847,56366,58023,55775,65513,85513,104196,107564,106022,110013,103494,113940,107222,108692,96597,57116,56536,52025,80264,,
OHA,OHA2201,MERI,ohau_a,Hydro,Hydro,2026-07-20,80956,83436,56423,52979,54417,51788,57727,53050,28226,50506,81779,84275,83807,89716,97698,96759,86383,85936,86903,86868,86198,87843,87424,88648,84680,83218,84787,84223,84240,83465,85853,84638,87678,91581,89166,89207,89426,89392,88973,89019,88970,91119,92748,91295,93316,84533,89105,84013,,
OHA,OHA2201,MERI,ohau_a,Hydro,Hydro,2026-07-21,81247,56164,58009,57251,57182,56176,68000,84726,84455,82902,73622,82092,84342,83557,89764,89212,88922,89877,89627,89356,89617,94249,94393,93296,93596,93690,94113,94790,91152,94871,94381,94868,94934,94491,94647,86870,84641,89201,94554,95427,95449,95467,95334,93314,82591,81787,77131,79493,,
OHA,OHA2201,MERI,ohau_a,Hydro,Hydro,2026-07-22,93013,91531,78964,76066,73857,67847,72118,74206,77112,82844,78496,86647,91462,90704,91384,89340,89445,90155,89817,91559,91179,89219,89509,89998,89347,88515,89064,88977,88623,86617,87617,86472,96772,97087,97049,96901,96785,96813,97232,96854,97342,97563,97591,97430,84981,87203,91099,89154,,
OHA,OHA2201,MERI,ohau_a,Hydro,Hydro,2026-07-23,93398,97518,88479,83465,82282,81529,75704,74994,75716,74876,92702,94691,85400,87334,91361,96287,96547,97020,97588,97884,97872,97916,97500,96951,96883,97646,96063,94242,82107,80207,78960,81779,85202,85741,92999,120464,119395,115576,116383,112463,115074,113763,115423,112539,64903,55504,56354,75136,,
OHA,OHA2201,MERI,ohau_a,Hydro,Hydro,2026-07-24,51613,52711,27772,27759,24395,22990,23942,23432,24219,24842,26566,53519,52272,57053,83640,110884,109299,110608,113131,107536,105435,110134,84312,83131,80829,82089,81958,82348,103502,105772,94660,104533,99426,93475,110053,107682,110459,109201,110687,105749,110644,111130,111090,83393,53627,46525,25861,27978,,
OHA,OHA2201,MERI,ohau_a,Hydro,Hydro,2026-07-25,27798,27374,1567,0,0,0,0,0,0,0,26654,18547,25234,22044,27602,49338,56822,57767,57554,56624,57853,55500,54893,56640,52919,56966,57007,55942,55680,57392,56688,54677,56654,56122,62778,95156,111907,109993,110444,112162,111315,110289,111267,109449,64849,53876,54237,56228,,
OHA,OHA2201,MERI,ohau_a,Hydro,Hydro,2026-07-26,27711,27056,52008,56502,55966,53458,30105,27427,52292,55181,57460,55472,54505,53651,60324,83954,84403,82695,101928,104836,104568,107493,106847,108361,101374,95702,84813,80594,80789,55243,54945,67377,82642,84484,100898,113982,113159,113693,116872,120383,119764,118025,117756,116743,112212,110989,110169,112062,,
OHA,OHA2201,MERI,ohau_a,Hydro,Hydro,2026-07-27,95021,87344,86445,85788,97272,87232,85825,86183,98770,109159,121178,116691,121871,125157,127266,123724,123272,116376,125541,126586,126712,125587,113996,112403,105847,104485,104446,107352,108763,113463,115896,116571,119449,121589,123190,121982,120926,124390,119325,118208,118592,121996,118527,123775,116701,116653,107867,107901,,
OHA,OHA2201,MERI,ohau_a,Hydro,Hydro,2026-07-28,110267,89334,87362,88272,86628,68108,81351,85980,85596,87539,85133,86492,88622,106417,119391,119549,120060,120549,121637,121141,95498,85636,94291,96928,96411,96587,96471,106518,111268,113383,112546,110913,109790,113309,114515,120413,118649,119152,119351,113815,112230,114030,125377,120406,115954,115320,114539,110979,,
OHA,OHA2201,MERI,ohau_a,Hydro,Hydro,2026-07-29,84383,58864,57083,58163,65004,57363,57512,56742,55384,55154,83576,85880,84714,89789,113153,114648,116051,117960,117551,119719,105992,106742,106303,106624,83155,87987,84827,107005,109294,84789,85215,101191,109844,109789,109781,119733,114053,112378,114062,113797,115158,114437,114614,108700,108649,82454,81815,85274,,
OHA,OHA2201,MERI,ohau_a,Hydro,Hydro,2026-07-30,80511,55801,56698,26759,27771,27023,27254,26305,25903,27001,43790,48303,74445,76338,104788,111085,110520,113058,110173,111099,84910,107925,85508,109909,107098,86072,77311,80787,80989,75050,82111,83176,83613,84016,83764,110764,110176,113101,110488,111179,85885,84615,84443,62085,56460,53072,53069,56643,,
OHA,OHA2201,MERI,ohau_a,Hydro,Hydro,2026-07-31,49503,55661,56710,57061,55172,51981,53163,53527,52293,56408,56115,52899,55956,82938,86692,82325,85797,82959,81466,84558,79678,80647,82820,80032,75160,75142,74871,81449,81575,84786,79896,82392,57449,78300,85831,85381,81923,81120,84745,84064,79593,83247,85220,80898,57466,79627,57688,55965,,
OHB,OHB2201,MERI,ohau_b,Hydro,Hydro,2026-07-01,51903,48277,47215,47625,46747,44249,47028,48176,52152,47100,48764,48233,70674,88679,101018,104607,103893,104986,105162,102497,92884,77359,74528,69835,70411,70022,72049,95369,98882,93023,90441,94790,97934,97846,98581,101842,105208,100975,104673,104044,102527,97748,79215,78317,78909,76468,75912,76827,,
OHB,OHB2201,MERI,ohau_b,Hydro,Hydro,2026-07-02,50606,49226,50127,50835,47361,48016,47884,44602,50119,47908,46963,31172,43101,47788,90778,103027,103314,100053,95309,80029,93452,100394,94372,100906,97101,77956,48232,51108,51446,48811,47319,48881,60030,75281,75988,75073,71296,73914,74395,71735,71800,73046,71765,70626,72432,47627,37355,24107,,
OHB,OHB2201,MERI,ohau_b,Hydro,Hydro,2026-07-03,31528,26127,23088,24133,23566,22501,21542,21713,23481,23122,45767,47307,49051,54096,79569,103151,102133,98692,97838,95713,99571,98983,77569,72366,69926,72030,71819,73585,74130,70051,52206,69127,75718,74642,86677,98938,98333,76209,75552,75396,74541,71687,74338,52955,48028,47341,25297,21039,,
OHB,OHB2201,MERI,ohau_b,Hydro,Hydro,2026-07-04,22134,22861,22285,20884,24580,24692,23495,21998,22859,23138,21768,23430,22195,23173,21562,22217,23677,42344,45289,43399,26997,22993,23026,22653,22986,22713,22849,21938,23708,23215,23606,24084,24561,27523,26306,49494,49682,46402,48374,46039,47718,46523,43639,48115,43808,25903,23290,22453,,
OHB,OHB2201,MERI,ohau_b,Hydro,Hydro,2026-07-05,20992,24504,22576,21660,19459,19133,19111,19110,19242,22037,19317,23861,31281,22100,21210,24695,44439,46082,47363,49430,47784,50036,51761,49210,50454,50522,30938,45289,24903,23951,25043,23673,24075,27880,32701,47761,48992,47629,25664,23917,24857,25349,24106,22407,24385,23846,24545,42687,,
OHB,OHB2201,MERI,ohau_b,Hydro,Hydro,2026-07-06,45934,27601,22640,20188,24395,22618,21700,20532,19947,23177,23783,46169,50813,48791,72276,74698,75328,75742,75053,72726,76048,75615,75273,73768,74519,73952,74096,76155,71086,74226,75743,73929,73369,72956,75773,95680,102807,101371,99673,98529,96364,76563,95244,95228,59001,47876,44637,29552,,
OHB,OHB2201,MERI,ohau_b,Hydro,Hydro,2026-07-07,22846,23040,22073,23322,20272,21012,22847,23048,23251,22556,22452,23440,44328,72118,75180,83489,92228,90754,92045,86836,75065,70933,73731,70671,70388,68531,69443,70342,68945,71329,70762,70307,70316,72435,76388,93056,89739,83958,70841,78241,80264,78570,80578,78349,77165,71325,53643,43425,,
OHB,OHB2201,MERI,ohau_b,Hydro,Hydro,2026-07-08,15944,20226,25402,22472,23256,23292,22811,23966,24561,22614,23921,23177,49104,49735,73408,76169,74647,72043,72600,70551,70428,74607,69037,50652,45622,47154,46178,46909,45193,47325,49080,50251,49035,53400,70720,74773,72775,73695,74828,72256,71671,73027,73864,73005,48287,44226,45672,23534,,
OHB,OHB2201,MERI,ohau_b,Hydro,Hydro,2026-07-09,22907,44718,47233,50665,49214,47330,45516,23430,41734,47374,46166,47782,49118,48560,73773,75460,71922,73617,75264,73293,72742,71414,72309,74191,70361,69952,74107,74001,66645,73291,73242,72603,73903,87649,101925,99838,100497,102164,102826,99978,103761,103899,103621,102469,90184,53936,43512,23264,,
OHB,OHB2201,MERI,ohau_b,Hydro,Hydro,2026-07-10,44477,44509,47353,26989,22914,22936,22541,25077,25042,48631,48856,48668,43648,29608,19390,16118,22244,26063,48300,47414,46436,41953,35328,34816,34983,34308,33510,45099,48044,47365,47012,40284,33470,38310,50167,51632,51947,49831,52130,51546,70544,71416,74864,76239,95986,81309,72301,50712,,
OHB,OHB2201,MERI,ohau_b,Hydro,Hydro,2026-07-11,52488,53491,63788,52708,32760,28092,23578,23722,20563,22060,10939,732,0,0,0,0,0,0,0,0,0,0,0,0,0,0,0,0,0,0,0,0,0,0,0,0,0,0,0,0,2540,0,0,52457,76880,76934,76456,76610,,
OHB,OHB2201,MERI,ohau_b,Hydro,Hydro,2026-07-12,73607,67701,64470,74005,70732,70779,66645,70422,70820,74877,61696,26858,252,0,0,0,0,0,0,0,0,0,0,0,0,0,0,0,0,0,0,0,0,0,235,6393,16980,83749,104011,104972,105244,104444,102440,98898,87633,76989,67612,60760,,
OHB,OHB2201,MERI,ohau_b,Hydro,Hydro,2026-07-13,55457,45750,37653,20835,30820,21906,20777,18014,18593,30155,37983,46985,69158,96600,99959,100925,104296,104563,100166,104497,94808,96032,96204,96734,91173,96053,97242,96605,91446,76911,88123,101182,79008,80844,74316,100704,102620,98058,92908,75946,74793,73788,70195,72735,52219,48676,51221,49452,,
OHB,OHB2201,MERI,ohau_b,Hydro,Hydro,2026-07-14,24442,22882,23539,17739,25558,26113,24690,24110,21672,23882,48273,50628,48712,50578,74097,74863,75296,77185,75589,72981,72304,70221,73746,73444,74850,72449,73132,71076,49730,48379,47461,72271,70424,76062,74728,76243,74849,76332,74514,71484,73514,71413,77609,52035,46308,25216,23402,21659,,
OHB,OHB2201,MERI,ohau_b,Hydro,Hydro,2026-07-15,25164,24625,22406,21423,20008,21379,22909,22461,23242,40644,46260,45778,48470,67052,94451,99991,99516,99244,99853,94943,99205,97624,91214,77647,75555,71449,75067,70826,70637,69991,71139,70656,73838,97506,99868,98436,99132,99007,77803,75892,70802,70293,72912,47662,25348,24904,25349,23405,,
OHB,OHB2201,MERI,ohau_b,Hydro,Hydro,2026-07-16,24490,24739,24475,23095,25073,23654,23169,22135,22599,31164,52520,47106,49918,49007,69742,75715,75699,75057,74879,73222,74706,73703,74628,71031,71972,73957,74305,75812,75577,75656,74839,76650,76604,75143,85413,99703,99401,99017,99488,97015,74057,71003,69824,56317,48231,26092,23432,46978,,
OHB,OHB2201,MERI,ohau_b,Hydro,Hydro,2026-07-17,49846,49296,46470,24755,41723,47341,47173,47696,44344,48376,47926,49235,50104,50990,50168,70721,79148,78926,76144,75560,74211,74564,75806,74459,73907,74277,74625,74241,72657,74375,75485,70564,73052,71214,72596,75068,79462,73608,73985,70532,73149,75567,75676,70761,48396,47464,50458,48868,,
OHB,OHB2201,MERI,ohau_b,Hydro,Hydro,2026-07-18,47606,47873,46317,45253,44485,43511,43930,35080,21991,36005,50882,48463,46122,42302,48030,48206,65530,75513,74726,72844,73668,71913,53760,50452,50420,47050,49780,49683,49539,48890,48733,50340,50766,48152,68179,73596,72306,71757,71717,77538,72676,51360,47072,47093,49186,46288,50001,43814,,
OHB,OHB2201,MERI,ohau_b,Hydro,Hydro,2026-07-19,47573,50002,24144,19276,40281,46946,47449,46105,46929,47778,47160,50739,27642,23102,2416,2291,23773,43921,49444,49830,50404,49179,47704,47582,46954,48303,48000,50280,48408,48496,49646,51019,48610,56798,75766,76912,98453,97344,100808,96135,94237,84279,93310,77962,48972,45775,46021,47084,,
OHB,OHB2201,MERI,ohau_b,Hydro,Hydro,2026-07-20,48039,47726,49479,47797,47298,44670,25303,22011,23370,44430,71344,75367,75675,75220,80750,80434,76786,76117,76475,77949,77970,77741,77261,77398,73690,73140,73204,72905,72459,71705,73329,72058,74532,77571,76491,76358,76267,76365,76114,76109,75908,77314,79159,78844,78355,73605,71087,67728,,
OHB,OHB2201,MERI,ohau_b,Hydro,Hydro,2026-07-21,67381,51609,49362,47457,47543,46059,47560,51372,48627,48646,49655,68741,74927,74444,79032,78725,78695,78836,78639,78538,78816,80332,80260,80170,80357,80358,80751,80880,80421,80877,80563,80730,80793,80591,80666,80413,80425,80459,80599,80470,80904,80257,79324,77393,72261,49067,46549,74687,,
OHB,OHB2201,MERI,ohau_b,Hydro,Hydro,2026-07-22,73222,72756,73420,62164,61024,55864,52883,52805,58934,69150,73177,79318,79573,80050,80159,78279,78543,76263,75912,75438,76389,76557,76133,76043,75902,75076,74293,71691,72931,70860,71182,68150,75123,83917,92143,93892,93391,93438,93773,92977,88783,78120,76510,71651,50058,48425,54407,62268,,
OHB,OHB2201,MERI,ohau_b,Hydro,Hydro,2026-07-23,75908,73445,71731,47866,55400,65996,63322,62949,62117,60966,76990,80371,72929,71744,75437,89454,90827,93236,91567,80543,82092,76772,71889,78158,77668,78809,76076,77858,71486,70315,70354,71680,73116,73589,94854,100405,102723,104230,106002,100475,95009,91663,97212,78866,48272,23859,25452,45239,,
OHB,OHB2201,MERI,ohau_b,Hydro,Hydro,2026-07-24,46094,47950,27152,22533,20804,19658,20498,19736,21205,21661,23221,46106,47797,50972,72439,98389,99548,99467,100103,99820,95732,74909,73981,72308,71731,74368,70806,70864,71605,71423,71973,73979,76696,75146,85912,99729,99404,99443,99408,96982,75382,71399,74299,50983,47936,49443,24156,23557,,
OHB,OHB2201,MERI,ohau_b,Hydro,Hydro,2026-07-25,24061,24440,2315,5557,459,0,2129,2881,40,0,0,0,19760,20446,24638,43932,50290,50537,50267,49052,51327,48102,47655,48957,45597,48954,48850,48021,47455,49562,49023,48445,50697,50453,51148,84063,101910,101053,101519,101284,100107,79256,72987,72894,48489,48734,47652,28069,,
OHB,OHB2201,MERI,ohau_b,Hydro,Hydro,2026-07-26,23581,26120,46381,50173,49797,48552,26472,24835,23380,44182,52079,50138,49781,48771,49983,56288,75755,74580,93114,97792,96736,99008,98605,96633,88322,81660,64356,59571,48025,45488,45928,46119,48248,51235,86103,105489,104966,105419,104386,102425,100437,99586,96648,97744,91275,89252,72306,73342,,
OHB,OHB2201,MERI,ohau_b,Hydro,Hydro,2026-07-27,66999,68378,65010,61127,64256,64512,68064,69364,78441,85471,99297,104943,106734,106615,107309,106027,106118,106831,106612,106933,107113,106810,103618,101984,96799,96267,96423,97600,96705,90783,92798,92313,97986,99539,101495,100569,103866,106242,103135,102355,102352,101866,100910,103176,94325,96538,87522,72914,,
OHB,OHB2201,MERI,ohau_b,Hydro,Hydro,2026-07-28,73577,75424,69745,70732,64063,49916,50059,51008,73668,73607,72674,73403,72424,81382,100005,99869,100237,100623,100805,100371,99695,100223,99054,98414,93459,90731,83179,89823,72457,75281,74377,84686,96382,101697,101089,99407,97962,98395,99689,105049,104317,102580,104881,99119,88484,92979,93454,73273,,
OHB,OHB2201,MERI,ohau_b,Hydro,Hydro,2026-07-29,52295,46531,47835,49097,47648,48388,48513,48063,46815,46811,69889,72826,75997,74631,99702,100818,101728,102328,99842,98945,78368,75158,76055,74977,74258,75989,72541,74049,71374,72778,74445,71091,79762,100021,99305,99951,101484,101166,101889,100900,95374,93309,93391,92622,94835,71090,52323,49754,,
OHB,OHB2201,MERI,ohau_b,Hydro,Hydro,2026-07-30,46338,48062,25330,21035,24259,23546,23818,22408,22767,24787,44039,53357,72088,73806,91748,100209,98917,98238,95780,73917,75761,76044,73677,74088,73911,72299,62173,70201,67300,62707,47212,47417,50812,70383,73676,97508,99588,101899,99726,97802,76122,71131,51334,49664,25868,24820,20983,45327,,
OHB,OHB2201,MERI,ohau_b,Hydro,Hydro,2026-07-31,50139,49970,47685,50515,48590,45557,47212,46719,42674,49450,49640,47149,49896,49746,73300,74269,76083,74379,72866,74813,70294,70402,50492,68962,74435,75222,74725,69729,51242,49460,46860,47316,51156,76692,76414,76429,73201,71675,73292,73223,68574,70505,72343,57686,47011,47432,48739,53172,,
OHC,OHC2201,MERI,ohau_c,Hydro,Hydro,2026-07-01,51056,48147,47625,47861,46847,44306,47129,47611,51708,44872,48660,48020,70737,88717,99767,103362,101760,103945,104461,101826,92394,75689,73645,69251,70110,69639,71879,95404,98347,92558,87872,94553,97666,96661,97903,101306,103602,99616,103434,102770,100578,96897,78966,77020,78510,76061,75055,76771,,
OHC,OHC2201,MERI,ohau_c,Hydro,Hydro,2026-07-02,49942,48102,49140,50652,46773,47666,47421,44568,49719,48403,46888,30374,43085,48217,90322,101876,101863,99543,94720,80137,92999,99776,92662,99518,95523,76797,47611,49737,50931,48260,46597,47895,59539,75688,75337,73291,70808,73413,73333,71753,71798,72518,71382,69946,71474,47160,36582,23423,,
OHC,OHC2201,MERI,ohau_c,Hydro,Hydro,2026-07-03,31921,25863,22419,24401,23591,22667,21790,22588,22901,23060,46225,47107,48746,53746,79158,102652,101256,97812,96798,93377,98742,97942,76508,71061,69418,71783,71398,73336,73854,69523,51038,68874,75646,74347,86032,98210,96713,74818,74783,74343,74488,71269,74265,52058,47153,46292,24963,21094,,
OHC,OHC2201,MERI,ohau_c,Hydro,Hydro,2026-07-04,22192,22982,23023,20471,24672,24740,23671,21880,22901,23104,21865,23436,22305,23328,21556,22191,23752,42314,45615,42929,26829,22218,23602,21865,23128,22683,22924,21906,23781,23306,23653,24203,24743,27446,26093,49630,49685,46138,48159,45451,47684,46241,43326,48201,43550,25482,23217,22513,,
OHC,OHC2201,MERI,ohau_c,Hydro,Hydro,2026-07-05,21134,24629,22695,21669,19443,19342,19090,19131,19154,22082,19260,23929,31280,22463,20449,24959,44710,46189,46933,49202,47416,49670,51579,48446,50159,49889,28712,45089,24886,23868,24868,24117,24078,27814,32031,47892,48667,48207,25027,23628,24967,25677,24212,22558,24103,24193,24634,43208,,
OHC,OHC2201,MERI,ohau_c,Hydro,Hydro,2026-07-06,45932,27262,22373,20452,24970,22797,21898,20492,19888,23556,23865,46334,50363,47542,71640,74104,73684,75403,74151,72155,75687,74912,74769,73110,73859,73621,73382,74246,69692,73721,75058,72716,73022,72728,75014,95512,101739,100688,97708,96038,93909,74800,94990,95198,58283,47033,42599,27351,,
OHC,OHC2201,MERI,ohau_c,Hydro,Hydro,2026-07-07,21681,22737,21857,23256,19758,20704,22566,22676,22904,22360,22160,23127,44089,72073,74147,82880,91923,89365,91036,84571,73657,70076,73327,69983,69758,67997,69244,69986,68105,71056,70540,69025,70102,71742,75753,92634,89602,83073,70402,77494,78919,78108,79471,78019,76393,69779,53452,43064,,
OHC,OHC2201,MERI,ohau_c,Hydro,Hydro,2026-07-08,15761,19363,24750,21667,22988,23320,22345,22789,24023,22479,23966,22983,48877,49269,73293,75121,73709,70549,72097,70054,69388,74289,68364,49888,44630,46486,45755,46868,44183,47113,48876,49657,48827,53075,70554,74469,71819,73195,74130,71660,70970,71702,73569,72368,47978,42592,45138,22264,,
OHC,OHC2201,MERI,ohau_c,Hydro,Hydro,2026-07-09,22672,45346,46357,50379,48694,46533,45193,22753,41682,47010,45772,47732,48911,46901,72953,74223,71696,72546,74869,72638,71748,69356,71327,74288,69683,69034,74033,73565,65903,72823,71626,72458,72794,86835,101574,98161,98966,99920,100958,98382,102968,103170,102336,101494,89586,52747,42406,23099,,
OHC,OHC2201,MERI,ohau_c,Hydro,Hydro,2026-07-10,44416,44127,46880,26422,22477,23327,22366,24962,25008,48520,48659,47903,42971,29479,18798,15929,21982,25710,48486,47037,46050,41880,34311,34074,34127,33700,33336,44971,46955,46898,46829,39731,33316,38186,50075,51120,51047,49004,51361,50504,70532,70991,74342,75518,95185,79820,70072,49776,,
OHC,OHC2201,MERI,ohau_c,Hydro,Hydro,2026-07-11,51634,52881,63147,52450,32090,28656,23623,25263,20526,24211,12191,75,91,0,0,0,0,0,0,0,0,0,0,0,0,0,0,0,0,0,0,0,0,0,0,0,0,0,0,0,0,4,0,39147,75075,76496,76550,76341,,
OHC,OHC2201,MERI,ohau_c,Hydro,Hydro,2026-07-12,73475,68537,69475,73993,70529,70258,66082,70270,70224,74452,61742,25575,747,0,0,0,0,0,0,0,0,0,0,0,0,0,0,0,0,0,0,0,0,0,648,2451,15478,83151,102978,104277,104499,103881,102461,97983,87136,76692,67481,61287,,
OHC,OHC2201,MERI,ohau_c,Hydro,Hydro,2026-07-13,55418,45445,37686,20831,31073,21955,20839,18211,18607,30171,38484,46835,68141,96322,99288,100037,103047,103407,99510,103828,94455,95639,95749,95827,89857,95005,95959,96358,91079,76121,88203,101209,78280,80641,73963,100329,101824,97668,92651,75160,74088,71631,69144,72747,51348,49430,50852,49375,,
OHC,OHC2201,MERI,ohau_c,Hydro,Hydro,2026-07-14,23913,23089,22908,18007,25447,26483,24793,23984,21642,23934,48608,50749,48321,50188,74136,74393,74471,76424,75244,72290,71919,69983,73484,72683,74840,71976,72941,70423,48881,48439,47286,72496,69688,75703,74007,75554,74357,75403,73888,71000,73182,70996,77405,50944,46154,26997,23332,21664,,
OHC,OHC2201,MERI,ohau_c,Hydro,Hydro,2026-07-15,25305,25042,22701,21436,20000,21238,23016,22556,23277,41363,44867,45248,48441,67034,94169,98951,98985,96961,98460,94029,98524,96535,90349,76606,75143,71424,74988,70445,70276,69927,70991,70110,73417,96890,97891,97251,97485,98549,76499,75043,70406,69953,72560,46438,25045,24615,25109,23396,,
OHC,OHC2201,MERI,ohau_c,Hydro,Hydro,2026-07-16,24689,24549,24348,23036,24960,23780,23202,22227,22319,31472,50980,47930,49636,48703,69715,75272,74391,74450,74409,73597,74695,73503,74229,70427,70728,73228,72913,75838,75135,73940,73828,76208,75915,74577,84786,98704,97849,97679,98158,95397,72639,70703,69728,56000,48021,25274,22713,47420,,
OHC,OHC2201,MERI,ohau_c,Hydro,Hydro,2026-07-17,48932,49250,46005,24167,41765,47078,47276,47738,44072,47856,47543,48568,49711,50651,50283,71191,78754,78655,74348,73824,73418,73580,74331,73445,72733,73157,73626,73678,70208,73820,74483,69026,72602,70336,71929,74295,78430,72470,72741,69409,72580,74418,74551,69489,46978,46864,50067,48288,,
OHC,OHC2201,MERI,ohau_c,Hydro,Hydro,2026-07-18,47269,47400,45843,44420,44083,42429,43515,34481,21403,35812,50541,48160,45247,40207,47690,47956,65094,73699,73708,71820,72147,71871,52529,49417,49365,46473,48883,48603,48821,48153,47884,49754,50233,46750,67962,72838,71156,70831,70461,77193,71712,49951,46488,46470,48514,45663,49669,43342,,
OHC,OHC2201,MERI,ohau_c,Hydro,Hydro,2026-07-19,47215,48398,23626,18226,40516,46270,47506,45885,46813,47487,46435,49363,27013,22907,3304,1227,22816,43310,48529,48526,50008,47791,46808,46329,46932,47908,47640,49727,48137,47308,48892,50372,47693,56366,75262,75651,97948,96444,98014,95087,93856,82779,92819,77291,47613,44552,45639,46775,,
OHC,OHC2201,MERI,ohau_c,Hydro,Hydro,2026-07-20,47472,47075,48900,47279,46837,44253,24504,21016,23190,45103,70940,74222,75162,74628,78552,78485,75553,74117,74910,76457,76630,75706,75579,76752,72185,72406,72133,71251,72188,70882,72172,71954,73971,76188,75505,74396,74874,75086,75084,74947,74898,76606,78344,77309,77469,73457,71021,66527,,
OHC,OHC2201,MERI,ohau_c,Hydro,Hydro,2026-07-21,65727,50019,48896,46959,46939,45760,46983,50596,48014,48437,49075,68321,74489,73588,77183,76449,77236,77964,77156,77386,77631,79733,78959,79153,79259,79078,79886,79862,79219,80042,79498,79753,79921,79788,79595,79337,79509,79728,79770,79759,79965,79800,78158,76907,71766,48602,45818,74121,,
OHC,OHC2201,MERI,ohau_c,Hydro,Hydro,2026-07-22,72621,71895,71929,60589,60415,55101,52204,51858,58597,68701,72429,77867,78895,78739,79238,77358,77210,75270,74273,74721,75641,75480,75767,75104,75208,74478,73955,71232,72566,70393,70215,67465,74744,83242,91571,92722,92006,93696,93434,92718,88800,77724,76387,71172,48850,47471,54535,61537,,
OHC,OHC2201,MERI,ohau_c,Hydro,Hydro,2026-07-23,75790,72427,72005,46958,55551,64896,63382,61937,62240,59844,76882,79302,72009,70997,74366,88523,90023,92714,91178,79003,80854,75947,71169,77439,77292,78629,75533,77412,70974,69627,69557,71394,72529,73246,94237,98476,101990,103337,105205,100398,94507,90568,97075,77983,46995,22778,24482,45355,,
OHC,OHC2201,MERI,ohau_c,Hydro,Hydro,2026-07-24,45884,47491,26593,22510,20982,19690,20629,19771,21306,21510,23034,46409,46762,50726,71923,98350,98171,97499,98955,98947,95144,73658,73658,72117,71562,74101,70259,70574,71450,71078,71218,73760,76307,74537,84171,99213,97787,98703,98271,95675,73530,69830,73519,49797,47208,49028,23493,23280,,
OHC,OHC2201,MERI,ohau_c,Hydro,Hydro,2026-07-25,24002,24414,2420,1099,557,72,82,0,0,0,0,0,20800,21118,24733,43790,49975,49921,50336,47940,50533,47780,47555,48476,45345,48490,47900,47578,47412,48830,47943,48551,50766,49721,51474,83050,101865,99403,99593,100197,100050,78375,72201,72556,47419,48010,46870,27169,,
OHC,OHC2201,MERI,ohau_c,Hydro,Hydro,2026-07-26,23492,25766,46682,49635,49338,48402,25621,24674,23355,44249,51560,50060,49380,48731,49657,56355,75667,74382,92775,96423,95757,97037,97738,95676,87493,80126,63598,59376,47127,45198,46794,45989,47417,50867,85796,105036,103310,104620,104012,100897,100098,99103,95747,97411,90587,88972,72201,72778,,
OHC,OHC2201,MERI,ohau_c,Hydro,Hydro,2026-07-27,66643,67121,64845,60636,64017,64175,67885,68006,78449,85433,98654,103380,105204,104881,106156,104350,105188,105620,105319,105855,105984,105287,103098,101325,95581,94789,96504,96434,96526,90308,92454,92139,97799,98445,100547,99384,102242,105308,102873,101429,101750,101724,99932,102927,93984,96251,87457,72074,,
OHC,OHC2201,MERI,ohau_c,Hydro,Hydro,2026-07-28,72954,74973,68821,69732,62921,50125,49783,50434,73282,73019,72540,73002,72135,81049,98366,97258,98912,99800,100171,99251,97648,98933,98631,97304,93171,90415,83078,89444,71471,75222,74232,84179,95970,100819,100206,98245,96302,98288,99194,104515,103209,102273,104502,99117,88395,92488,93210,72710,,
OHC,OHC2201,MERI,ohau_c,Hydro,Hydro,2026-07-29,51963,46382,47662,48182,47530,47709,47714,48099,46690,46574,69890,72816,75870,74340,99328,99853,100221,101795,99281,98586,80374,76661,74740,75314,74220,75629,72249,74010,70809,72597,73653,70853,79935,99633,98161,98725,100527,100861,101098,100340,94771,93101,93044,91863,94719,69886,51525,49197,,
OHC,OHC2201,MERI,ohau_c,Hydro,Hydro,2026-07-30,46142,47494,24730,20619,24397,23363,24254,22229,22751,24584,44685,50937,72058,73609,91423,100121,98018,97056,94999,72631,77613,78788,76702,77421,76622,71057,56876,66194,63447,57533,45780,46143,50384,71221,73185,97286,98717,100933,98590,96998,74869,71107,50162,49878,25295,24589,21378,45427,,
OHC,OHC2201,MERI,ohau_c,Hydro,Hydro,2026-07-31,49662,49780,47509,50064,48231,45352,47015,46432,42353,49272,49074,47178,49637,49114,73339,72481,75851,73804,72345,74311,67020,69498,48433,66803,74400,75672,73976,69567,50186,49574,46420,46933,50798,76498,75926,75827,73029,71290,72056,72395,67860,70212,72189,57491,46886,46699,48205,52413,,
OHG,OHG1101,CNIR,patea_unit_1,HYD,HYD,2026-07-01,3859,1661,1432,115,3332,4418,4415,4416,4423,4429,13041,13797,13788,14073,14622,14870,15290,14610,13956,14188,13777,13765,13756,11494,13563,13731,13763,9179,5551,915,8710,13831,13799,13766,2262,1745,1776,1787,1814,12765,13208,13217,13235,13231,13183,13188,13159,13150,,
OHG,OHG1101,CNIR,patea_unit_1,HYD,HYD,2026-07-02,13166,13184,13185,13143,13136,13137,13129,13125,13127,13136,13148,13154,13184,13191,9836,12781,15724,2267,13483,12026,12947,11239,9989,1705,1340,1460,1459,143,260,261,262,876,13443,2467,1779,1817,1846,1841,13110,13291,13262,13270,13279,13275,13239,13205,13134,13173,,
OHG,OHG1101,CNIR,patea_unit_1,HYD,HYD,2026-07-03,13170,13162,13178,13164,13151,13146,13146,13138,13129,13142,13142,13183,13477,13777,8619,15615,15554,14924,12833,11497,12892,10010,9317,4893,4545,4435,4451,4448,4453,4454,2480,6776,8194,8334,10648,12364,11593,12707,9726,9387,8322,6918,8710,7187,4479,4432,4421,4404,,
OHG,OHG1101,CNIR,patea_unit_1,HYD,HYD,2026-07-04,3462,4306,4418,4403,4383,1854,433,1056,4295,769,399,198,6188,5909,1611,1660,3571,875,917,152,2819,3603,2994,742,1388,1391,1409,230,234,258,258,258,300,1696,518,438,1415,1433,1430,176,257,258,257,258,257,256,256,256,,
OHG,OHG1101,CNIR,patea_unit_1,HYD,HYD,2026-07-05,1298,1391,1387,281,255,256,256,257,257,258,258,257,1373,1430,1424,131,258,258,257,258,259,258,257,257,1356,1418,1405,438,114,257,258,259,258,2398,392,256,1271,1418,1410,134,257,257,257,257,257,258,258,259,,
OHG,OHG1101,CNIR,patea_unit_1,HYD,HYD,2026-07-06,1366,1422,1432,159,259,258,258,258,259,260,259,259,1158,1462,1477,140,258,258,259,260,260,261,260,260,1143,1442,1440,3866,672,3342,272,262,262,261,262,262,1443,1482,1481,115,262,1525,392,518,3101,4289,4429,4425,,
OHG,OHG1101,CNIR,patea_unit_1,HYD,HYD,2026-07-07,4442,4444,4443,177,261,260,261,259,262,261,262,262,1300,1452,1465,110,422,494,1704,4064,10245,9032,10904,5384,4484,5921,12222,13769,9143,13234,13228,9302,8283,7759,5800,13985,12914,6416,2888,4753,5554,2935,4629,2624,4870,5720,5720,6027,,
OHG,OHG1101,CNIR,patea_unit_1,HYD,HYD,2026-07-08,1419,1467,1466,172,260,259,259,259,259,260,261,261,1837,1877,1918,1907,1875,1893,136,258,256,255,255,256,1379,1452,1456,109,255,255,257,259,259,259,259,152,1476,1472,1480,133,261,261,261,261,261,260,261,261,,
OHG,OHG1101,CNIR,patea_unit_1,HYD,HYD,2026-07-09,1378,1457,1455,107,259,258,259,259,259,260,261,261,1319,1471,1469,146,260,259,261,260,261,262,262,262,1336,1417,1434,215,262,262,8156,8887,8890,8873,8871,8883,8892,1676,1462,130,262,261,263,263,263,263,263,263,,
OHG,OHG1101,CNIR,patea_unit_1,HYD,HYD,2026-07-10,1376,1420,1422,119,261,262,263,262,262,261,263,262,3356,3408,3427,4404,4415,4401,4397,4382,3425,4289,3932,2662,4385,4381,3556,1965,1504,1451,1933,3922,4389,4383,4373,4373,4379,4381,4395,2300,4082,3791,8001,8825,8806,8807,8825,8833,,
OHG,OHG1101,CNIR,patea_unit_1,HYD,HYD,2026-07-11,5174,4412,4400,4402,4390,4389,4394,4391,4384,4391,4384,4371,4395,4403,3899,5805,12435,9661,14651,11522,8077,7825,8090,4680,4365,3911,2391,1401,2822,3574,4364,5060,7279,8606,10535,10767,12455,14969,14415,15883,14447,13680,11305,9366,9156,7713,6543,7281,,
OHG,OHG1101,CNIR,patea_unit_1,HYD,HYD,2026-07-12,8677,8806,8093,4382,8719,8798,8800,8797,6626,6464,5152,7946,8793,8804,8820,10194,13314,13785,13775,12256,8349,7943,8654,7302,4366,4376,3956,1618,1389,1396,3121,4368,4605,6253,9026,13706,13712,7295,6105,4642,8765,8799,8850,8054,7994,7140,6519,4410,,
OHG,OHG1101,CNIR,patea_unit_1,HYD,HYD,2026-07-13,5139,4377,4379,4413,4394,3716,4399,1142,616,4358,3725,4383,4276,5935,5499,5328,8956,8208,3841,4178,4464,4438,4429,4418,4410,2116,2003,4837,4886,4653,4600,4364,4365,2281,2305,7716,8846,8847,8881,7914,7308,7506,8488,6082,4194,1847,3758,2843,,
OHG,OHG1101,CNIR,patea_unit_1,HYD,HYD,2026-07-14,1800,1834,1896,119,259,260,258,258,260,261,261,262,1620,1971,1537,172,262,261,261,262,262,263,264,502,1472,1531,1532,123,263,264,264,264,263,263,263,422,1387,1454,1469,141,262,261,346,1163,1596,448,152,263,,
OHG,OHG1101,CNIR,patea_unit_1,HYD,HYD,2026-07-15,1816,1935,1919,132,263,263,264,263,262,263,264,265,1451,1478,1491,165,1350,138,264,1445,221,263,263,466,1449,1471,1481,165,759,863,866,1694,1886,2584,3757,8051,6424,4348,4823,2812,2552,1950,4214,3397,187,266,266,267,,
OHG,OHG1101,CNIR,patea_unit_1,HYD,HYD,2026-07-16,1227,1479,1473,121,266,266,266,266,265,266,267,635,2415,2518,3427,379,265,1413,1509,1511,1486,1482,1485,1485,1484,8084,3739,974,245,268,12659,9212,8934,9965,4545,10104,11332,11939,13666,13298,13190,13174,13185,13173,13122,11629,12225,10520,,
OHG,OHG1101,CNIR,patea_unit_1,HYD,HYD,2026-07-17,12347,6861,5581,248,266,266,265,266,266,267,267,268,6858,6109,7148,11240,11267,11241,1856,115,265,265,265,376,1471,1476,1483,1472,1480,1479,4710,8296,12910,9830,12697,12758,11683,12290,11123,11215,5143,1947,9134,8008,4826,4801,4787,1842,,
OHG,OHG1101,CNIR,patea_unit_1,HYD,HYD,2026-07-18,1799,1810,1793,141,264,265,265,265,264,265,264,264,1400,1484,1481,1482,3403,2190,3732,3708,4464,3606,1441,1908,1968,1573,4466,4655,6210,6074,8132,7427,7956,9764,10204,8690,8623,4379,3064,2265,887,1272,2169,1998,153,264,265,264,,
OHG,OHG1101,CNIR,patea_unit_1,HYD,HYD,2026-07-19,1389,2432,2919,125,441,281,195,265,265,264,265,265,2193,1990,1881,161,266,265,264,264,2248,9509,12227,6508,9587,13057,3732,5022,1743,7704,13513,11901,10784,13673,13676,13679,13694,13702,13710,13725,13716,13712,13730,13731,12948,8063,10033,5760,,
OHG,OHG1101,CNIR,patea_unit_1,HYD,HYD,2026-07-20,1761,3807,7466,414,626,411,262,263,1445,1763,3595,6692,9778,13807,14970,15740,15991,15974,14491,13801,13785,13779,13765,13768,13751,2932,3101,2360,3091,9296,2725,13796,14554,15347,15265,15627,15925,15909,14836,14310,13842,13779,15824,15110,13711,13694,13688,12282,,
OHG,OHG1101,CNIR,patea_unit_1,HYD,HYD,2026-07-21,10511,9511,10920,654,124,261,262,260,262,263,370,4096,13761,13924,13872,15504,15066,12562,12200,13569,13488,13172,14127,14784,13361,4206,5005,12089,13705,13390,13917,15850,15555,14015,14802,15194,13869,15322,14161,12288,12241,9306,15585,13894,13810,13015,12649,7876,,
OHG,OHG1101,CNIR,patea_unit_1,HYD,HYD,2026-07-22,1846,1797,1463,112,256,260,260,258,259,260,260,288,12736,14536,14496,15788,15220,15692,15567,15373,15602,15324,13130,14008,15482,13671,15333,15603,15648,15632,15624,15614,15607,15603,15596,15534,15585,15576,15572,15562,14493,15576,15558,15545,15536,15426,14194,11158,,
OHG,OHG1101,CNIR,patea_unit_1,HYD,HYD,2026-07-23,1883,1778,1771,116,255,256,254,254,256,255,257,257,4433,13066,15464,15613,15301,3494,11023,13267,11575,10814,15242,13306,9254,12765,10880,13026,6536,11168,9023,9779,5284,3760,7351,11740,12347,12404,13213,12580,12458,9353,7503,4192,2923,1135,578,459,,
OHG,OHG1101,CNIR,patea_unit_1,HYD,HYD,2026-07-24,1401,1436,1445,413,255,255,255,255,255,255,255,256,1429,1947,3318,3307,508,475,146,1419,1470,1467,1465,1462,1460,1463,1470,1479,1485,1492,1485,1483,3805,2949,3090,3112,1567,4424,2160,1320,683,731,152,256,257,257,257,256,,
OHG,OHG1101,CNIR,patea_unit_1,HYD,HYD,2026-07-25,1343,1476,1469,148,258,258,258,259,258,257,259,259,1362,8064,5211,8812,6416,8846,8828,8824,8819,8831,13312,13685,13665,13698,13688,13683,13660,13688,13696,13701,13707,13703,13682,13699,13719,13714,13717,13711,13702,15998,15989,15953,15955,15956,15957,15963,,
OHG,OHG1101,CNIR,patea_unit_1,HYD,HYD,2026-07-26,15971,15977,15981,15993,16001,16004,16011,16016,16021,16026,16031,16029,16031,16016,16007,16004,15831,15677,15607,15572,15549,15537,15529,15522,15596,15752,15951,16030,16036,16058,16067,16070,16068,16073,16074,16073,16065,16066,16067,16067,16065,16059,16047,16043,16031,16011,16007,16009,,
OHG,OHG1101,CNIR,patea_unit_1,HYD,HYD,2026-07-27,16001,16008,16008,15998,16008,16002,15997,16005,16014,16008,16008,16017,16025,16017,16059,16057,16061,16057,16034,16036,16048,16037,16025,16026,15844,15946,16034,15583,15592,14042,14811,16049,16038,16042,16038,15943,16031,16040,16039,16040,16043,14610,15960,15859,16022,15741,14876,13706,,
OHG,OHG1101,CNIR,patea_unit_1,HYD,HYD,2026-07-28,13718,14088,16109,16049,13681,13712,13690,13702,14496,13750,13812,14379,13955,14645,15119,16018,16003,13862,15724,13839,14500,13779,11977,9256,9791,2675,2143,1343,594,5358,2114,6819,3652,4835,6575,10005,13784,13797,13791,13811,14228,13844,14016,13837,14352,14176,13783,13775,,
OHG,OHG1101,CNIR,patea_unit_1,HYD,HYD,2026-07-29,13716,13765,13772,13734,13740,13730,13731,13729,13746,12309,12096,13765,15990,15963,15953,15938,15936,11753,6420,1733,2984,7238,5834,2822,1434,1446,1435,170,632,345,1100,4939,5998,12060,7755,13478,13820,13804,13822,13845,14392,13817,13796,13821,13820,13790,12252,10830,,
OHG,OHG1101,CNIR,patea_unit_1,HYD,HYD,2026-07-30,8132,6357,3187,883,232,263,1429,1476,2444,1925,3768,8349,11729,13374,13894,13846,13841,13853,9894,11038,7701,13182,13231,11995,1472,1470,3450,3307,5335,536,6903,1122,1690,7124,11164,13826,13803,13828,13822,13804,13816,13807,13834,13809,13797,12896,13187,10581,,
OHG,OHG1101,CNIR,patea_unit_1,HYD,HYD,2026-07-31,1795,1690,1486,287,1353,1467,2054,1467,1458,1443,8009,5198,9591,10032,10066,15715,14074,7750,278,407,974,267,9297,12593,13279,7233,2856,828,13915,16164,16105,16081,16071,16067,16064,16062,16066,16072,16082,16080,16073,16077,16078,16076,16073,16071,16069,16079,,
OHG,OHG1101,CNIR,patea_unit_2,HYD,HYD,2026-07-01,3859,1661,1432,115,3332,4418,4415,4416,4423,4429,13041,13797,13788,14073,14622,14870,15290,14610,13956,14188,13777,13765,13756,11494,13563,13731,13763,9179,5551,915,8710,13831,13799,13766,2262,1745,1776,1787,1814,12765,13208,13217,13235,13231,13183,13188,13159,13150,,
OHG,OHG1101,CNIR,patea_unit_2,HYD,HYD,2026-07-02,13166,13184,13185,13143,13136,13137,13129,13125,13127,13136,13148,13154,13184,13191,9836,12781,15724,2267,13483,12026,12947,11239,9989,1705,1340,1460,1459,143,260,261,262,876,13443,2467,1779,1817,1846,1841,13110,13291,13262,13270,13279,13275,13239,13205,13134,13173,,
OHG,OHG1101,CNIR,patea_unit_2,HYD,HYD,2026-07-03,13170,13162,13178,13164,13151,13146,13146,13138,13129,13142,13142,13183,13477,13777,8619,15615,15554,14924,12833,11497,12892,10010,9317,4893,4545,4435,4451,4448,4453,4454,2480,6776,8194,8334,10648,12364,11593,12707,9726,9387,8322,6918,8710,7187,4479,4432,4421,4404,,
OHG,OHG1101,CNIR,patea_unit_2,HYD,HYD,2026-07-04,3462,4306,4418,4403,4383,1854,433,1056,4295,769,399,198,6188,5909,1611,1660,3571,875,917,152,2819,3603,2994,742,1388,1391,1409,230,234,258,258,258,300,1696,518,438,1415,1433,1430,176,257,258,257,258,257,256,256,256,,
OHG,OHG1101,CNIR,patea_unit_2,HYD,HYD,2026-07-05,1298,1391,1387,281,255,256,256,257,257,258,258,257,1373,1430,1424,131,258,258,257,258,259,258,257,257,1356,1418,1405,438,114,257,258,259,258,2398,392,256,1271,1418,1410,134,257,257,257,257,257,258,258,259,,
OHG,OHG1101,CNIR,patea_unit_2,HYD,HYD,2026-07-06,1366,1422,1432,159,259,258,258,258,259,260,259,259,1158,1462,1477,140,258,258,259,260,260,261,260,260,1143,1442,1440,3866,672,3342,272,262,262,261,262,262,1443,1482,1481,115,262,1525,392,518,3101,4289,4429,4425,,
OHG,OHG1101,CNIR,patea_unit_2,HYD,HYD,2026-07-07,4442,4444,4443,177,261,260,261,259,262,261,262,262,1300,1452,1465,110,422,494,1704,4064,10245,9032,10904,5384,4484,5921,12222,13769,9143,13234,13228,9302,8283,7759,5800,13985,12914,6416,2888,4753,5554,2935,4629,2624,4870,5720,5720,6027,,
OHG,OHG1101,CNIR,patea_unit_2,HYD,HYD,2026-07-08,1419,1467,1466,172,260,259,259,259,259,260,261,261,1837,1877,1918,1907,1875,1893,136,258,256,255,255,256,1379,1452,1456,109,255,255,257,259,259,259,259,152,1476,1472,1480,133,261,261,261,261,261,260,261,261,,
OHG,OHG1101,CNIR,patea_unit_2,HYD,HYD,2026-07-09,1378,1457,1455,107,259,258,259,259,259,260,261,261,1319,1471,1469,146,260,259,261,260,261,262,262,262,1336,1417,1434,215,262,262,8156,8887,8890,8873,8871,8883,8892,1676,1462,130,262,261,263,263,263,263,263,263,,
OHG,OHG1101,CNIR,patea_unit_2,HYD,HYD,2026-07-10,1376,1420,1422,119,261,262,263,262,262,261,263,262,3356,3408,3427,4404,4415,4401,4397,4382,3425,4289,3932,2662,4385,4381,3556,1965,1504,1451,1933,3922,4389,4383,4373,4373,4379,4381,4395,2300,4082,3791,8001,8825,8806,8807,8825,8833,,
OHG,OHG1101,CNIR,patea_unit_2,HYD,HYD,2026-07-11,5174,4412,4400,4402,4390,4389,4394,4391,4384,4391,4384,4371,4395,4403,3899,5805,12435,9661,14651,11522,8077,7825,8090,4680,4365,3911,2391,1401,2822,3574,4364,5060,7279,8606,10535,10767,12455,14969,14415,15883,14447,13680,11305,9366,9156,7713,6543,7281,,
OHG,OHG1101,CNIR,patea_unit_2,HYD,HYD,2026-07-12,8677,8806,8093,4382,8719,8798,8800,8797,6626,6464,5152,7946,8793,8804,8820,10194,13314,13785,13775,12256,8349,7943,8654,7302,4366,4376,3956,1618,1389,1396,3121,4368,4605,6253,9026,13706,13712,7295,6105,4642,8765,8799,8850,8054,7994,7140,6519,4410,,
OHG,OHG1101,CNIR,patea_unit_2,HYD,HYD,2026-07-13,5139,4377,4379,4413,4394,3716,4399,1142,616,4358,3725,4383,4276,5935,5499,5328,8956,8208,3841,4178,4464,4438,4429,4418,4410,2116,2003,4837,4886,4653,4600,4364,4365,2281,2305,7716,8846,8847,8881,7914,7308,7506,8488,6082,4194,1847,3758,2843,,
OHG,OHG1101,CNIR,patea_unit_2,HYD,HYD,2026-07-14,1800,1834,1896,119,259,260,258,258,260,261,261,262,1620,1971,1537,172,262,261,261,262,262,263,264,502,1472,1531,1532,123,263,264,264,264,263,263,263,422,1387,1454,1469,141,262,261,346,1163,1596,448,152,263,,
OHG,OHG1101,CNIR,patea_unit_2,HYD,HYD,2026-07-15,1816,1935,1919,132,263,263,264,263,262,263,264,265,1451,1478,1491,165,1350,138,264,1445,221,263,263,466,1449,1471,1481,165,759,863,866,1694,1886,2584,3757,8051,6424,4348,4823,2812,2552,1950,4214,3397,187,266,266,267,,
OHG,OHG1101,CNIR,patea_unit_2,HYD,HYD,2026-07-16,1227,1479,1473,121,266,266,266,266,265,266,267,635,2415,2518,3427,379,265,1413,1509,1511,1486,1482,1485,1485,1484,8084,3739,974,245,268,12659,9212,8934,9965,4545,10104,11332,11939,13666,13298,13190,13174,13185,13173,13122,11629,12225,10520,,
OHG,OHG1101,CNIR,patea_unit_2,HYD,HYD,2026-07-17,12347,6861,5581,248,266,266,265,266,266,267,267,268,6858,6109,7148,11240,11267,11241,1856,115,265,265,265,376,1471,1476,1483,1472,1480,1479,4710,8296,12910,9830,12697,12758,11683,12290,11123,11215,5143,1947,9134,8008,4826,4801,4787,1842,,
OHG,OHG1101,CNIR,patea_unit_2,HYD,HYD,2026-07-18,1799,1810,1793,141,264,265,265,265,264,265,264,264,1400,1484,1481,1482,3403,2190,3732,3708,4464,3606,1441,1908,1968,1573,4466,4655,6210,6074,8132,7427,7956,9764,10204,8690,8623,4379,3064,2265,887,1272,2169,1998,153,264,265,264,,
OHG,OHG1101,CNIR,patea_unit_2,HYD,HYD,2026-07-19,1389,2432,2919,125,441,281,195,265,265,264,265,265,2193,1990,1881,161,266,265,264,264,2248,9509,12227,6508,9587,13057,3732,5022,1743,7704,13513,11901,10784,13673,13676,13679,13694,13702,13710,13725,13716,13712,13730,13731,12948,8063,10033,5760,,
OHG,OHG1101,CNIR,patea_unit_2,HYD,HYD,2026-07-20,1761,3807,7466,414,626,411,262,263,1445,1763,3595,6692,9778,13807,14970,15740,15991,15974,14491,13801,13785,13779,13765,13768,13751,2932,3101,2360,3091,9296,2725,13796,14554,15347,15265,15627,15925,15909,14836,14310,13842,13779,15824,15110,13711,13694,13688,12282,,
OHG,OHG1101,CNIR,patea_unit_2,HYD,HYD,2026-07-21,10511,9511,10920,654,124,261,262,260,262,263,370,4096,13761,13924,13872,15504,15066,12562,12200,13569,13488,13172,14127,14784,13361,4206,5005,12089,13705,13390,13917,15850,15555,14015,14802,15194,13869,15322,14161,12288,12241,9306,15585,13894,13810,13015,12649,7876,,
OHG,OHG1101,CNIR,patea_unit_2,HYD,HYD,2026-07-22,1846,1797,1463,112,256,260,260,258,259,260,260,288,12736,14536,14496,15788,15220,15692,15567,15373,15602,15324,13130,14008,15482,13671,15333,15603,15648,15632,15624,15614,15607,15603,15596,15534,15585,15576,15572,15562,14493,15576,15558,15545,15536,15426,14194,11158,,
OHG,OHG1101,CNIR,patea_unit_2,HYD,HYD,2026-07-23,1883,1778,1771,116,255,256,254,254,256,255,257,257,4433,13066,15464,15613,15301,3494,11023,13267,11575,10814,15242,13306,9254,12765,10880,13026,6536,11168,9023,9779,5284,3760,7351,11740,12347,12404,13213,12580,12458,9353,7503,4192,2923,1135,578,459,,
OHG,OHG1101,CNIR,patea_unit_2,HYD,HYD,2026-07-24,1401,1436,1445,413,255,255,255,255,255,255,255,256,1429,1947,3318,3307,508,475,146,1419,1470,1467,1465,1462,1460,1463,1470,1479,1485,1492,1485,1483,3805,2949,3090,3112,1567,4424,2160,1320,683,731,152,256,257,257,257,256,,
OHG,OHG1101,CNIR,patea_unit_2,HYD,HYD,2026-07-25,1343,1476,1469,148,258,258,258,259,258,257,259,259,1362,8064,5211,8812,6416,8846,8828,8824,8819,8831,13312,13685,13665,13698,13688,13683,13660,13688,13696,13701,13707,13703,13682,13699,13719,13714,13717,13711,13702,15998,15989,15953,15955,15956,15957,15963,,
OHG,OHG1101,CNIR,patea_unit_2,HYD,HYD,2026-07-26,15971,15977,15981,15993,16001,16004,16011,16016,16021,16026,16031,16029,16031,16016,16007,16004,15831,15677,15607,15572,15549,15537,15529,15522,15596,15752,15951,16030,16036,16058,16067,16070,16068,16073,16074,16073,16065,16066,16067,16067,16065,16059,16047,16043,16031,16011,16007,16009,,
OHG,OHG1101,CNIR,patea_unit_2,HYD,HYD,2026-07-27,16001,16008,16008,15998,16008,16002,15997,16005,16014,16008,16008,16017,16025,16017,16059,16057,16061,16057,16034,16036,16048,16037,16025,16026,15844,15946,16034,15583,15592,14042,14811,16049,16038,16042,16038,15943,16031,16040,16039,16040,16043,14610,15960,15859,16022,15741,14876,13706,,
OHG,OHG1101,CNIR,patea_unit_2,HYD,HYD,2026-07-28,13718,14088,16109,16049,13681,13712,13690,13702,14496,13750,13812,14379,13955,14645,15119,16018,16003,13862,15724,13839,14500,13779,11977,9256,9791,2675,2143,1343,594,5358,2114,6819,3652,4835,6575,10005,13784,13797,13791,13811,14228,13844,14016,13837,14352,14176,13783,13775,,
OHG,OHG1101,CNIR,patea_unit_2,HYD,HYD,2026-07-29,13716,13765,13772,13734,13740,13730,13731,13729,13746,12309,12096,13765,15990,15963,15953,15938,15936,11753,6420,1733,2984,7238,5834,2822,1434,1446,1435,170,632,345,1100,4939,5998,12060,7755,13478,13820,13804,13822,13845,14392,13817,13796,13821,13820,13790,12252,10830,,
OHG,OHG1101,CNIR,patea_unit_2,HYD,HYD,2026-07-30,8132,6357,3187,883,232,263,1429,1476,2444,1925,3768,8349,11729,13374,13894,13846,13841,13853,9894,11038,7701,13182,13231,11995,1472,1470,3450,3307,5335,536,6903,1122,1690,7124,11164,13826,13803,13828,13822,13804,13816,13807,13834,13809,13797,12896,13187,10581,,
OHG,OHG1101,CNIR,patea_unit_2,HYD,HYD,2026-07-31,1795,1690,1486,287,1353,1467,2054,1467,1458,1443,8009,5198,9591,10032,10066,15715,14074,7750,278,407,974,267,9297,12593,13279,7233,2856,828,13915,16164,16105,16081,16071,16067,16064,16062,16066,16072,16082,16080,16073,16077,16078,16076,16073,16071,16069,16079,,
OHG,OHG1101,CNIR,patea_unit_3,HYD,HYD,2026-07-01,3859,1661,1432,115,3332,4418,4415,4416,4423,4429,13041,13797,13788,14073,14622,14870,15290,14610,13956,14188,13777,13765,13756,11494,13563,13731,13763,9179,5551,915,8710,13831,13799,13766,2262,1745,1776,1787,1814,12765,13208,13217,13235,13231,13183,13188,13159,13150,,
OHG,OHG1101,CNIR,patea_unit_3,HYD,HYD,2026-07-02,13166,13184,13185,13143,13136,13137,13129,13125,13127,13136,13148,13154,13184,13191,9836,12781,15724,2267,13483,12026,12947,11239,9989,1705,1340,1460,1459,143,260,261,262,876,13443,2467,1779,1817,1846,1841,13110,13291,13262,13270,13279,13275,13239,13205,13134,13173,,
OHG,OHG1101,CNIR,patea_unit_3,HYD,HYD,2026-07-03,13170,13162,13178,13164,13151,13146,13146,13138,13129,13142,13142,13183,13477,13777,8619,15615,15554,14924,12833,11497,12892,10010,9317,4893,4545,4435,4451,4448,4453,4454,2480,6776,8194,8334,10648,12364,11593,12707,9726,9387,8322,6918,8710,7187,4479,4432,4421,4404,,
OHG,OHG1101,CNIR,patea_unit_3,HYD,HYD,2026-07-04,3462,4306,4418,4403,4383,1854,433,1056,4295,769,399,198,6188,5909,1611,1660,3571,875,917,152,2819,3603,2994,742,1388,1391,1409,230,234,258,258,258,300,1696,518,438,1415,1433,1430,176,257,258,257,258,257,256,256,256,,
OHG,OHG1101,CNIR,patea_unit_3,HYD,HYD,2026-07-05,1298,1391,1387,281,255,256,256,257,257,258,258,257,1373,1430,1424,131,258,258,257,258,259,258,257,257,1356,1418,1405,438,114,257,258,259,258,2398,392,256,1271,1418,1410,134,257,257,257,257,257,258,258,259,,
OHG,OHG1101,CNIR,patea_unit_3,HYD,HYD,2026-07-06,1366,1422,1432,159,259,258,258,258,259,260,259,259,1158,1462,1477,140,258,258,259,260,260,261,260,260,1143,1442,1440,3866,672,3342,272,262,262,261,262,262,1443,1482,1481,115,262,1525,392,518,3101,4289,4429,4425,,
OHG,OHG1101,CNIR,patea_unit_3,HYD,HYD,2026-07-07,4442,4444,4443,177,261,260,261,259,262,261,262,262,1300,1452,1465,110,422,494,1704,4064,10245,9032,10904,5384,4484,5921,12222,13769,9143,13234,13228,9302,8283,7759,5800,13985,12914,6416,2888,4753,5554,2935,4629,2624,4870,5720,5720,6027,,
OHG,OHG1101,CNIR,patea_unit_3,HYD,HYD,2026-07-08,1419,1467,1466,172,260,259,259,259,259,260,261,261,1837,1877,1918,1907,1875,1893,136,258,256,255,255,256,1379,1452,1456,109,255,255,257,259,259,259,259,152,1476,1472,1480,133,261,261,261,261,261,260,261,261,,
OHG,OHG1101,CNIR,patea_unit_3,HYD,HYD,2026-07-09,1378,1457,1455,107,259,258,259,259,259,260,261,261,1319,1471,1469,146,260,259,261,260,261,262,262,262,1336,1417,1434,215,262,262,8156,8887,8890,8873,8871,8883,8892,1676,1462,130,262,261,263,263,263,263,263,263,,
OHG,OHG1101,CNIR,patea_unit_3,HYD,HYD,2026-07-10,1376,1420,1422,119,261,262,263,262,262,261,263,262,3356,3408,3427,4404,4415,4401,4397,4382,3425,4289,3932,2662,4385,4381,3556,1965,1504,1451,1933,3922,4389,4383,4373,4373,4379,4381,4395,2300,4082,3791,8001,8825,8806,8807,8825,8833,,
OHG,OHG1101,CNIR,patea_unit_3,HYD,HYD,2026-07-11,5174,4412,4400,4402,4390,4389,4394,4391,4384,4391,4384,4371,4395,4403,3899,5805,12435,9661,14651,11522,8077,7825,8090,4680,4365,3911,2391,1401,2822,3574,4364,5060,7279,8606,10535,10767,12455,14969,14415,15883,14447,13680,11305,9366,9156,7713,6543,7281,,
OHG,OHG1101,CNIR,patea_unit_3,HYD,HYD,2026-07-12,8677,8806,8093,4382,8719,8798,8800,8797,6626,6464,5152,7946,8793,8804,8820,10194,13314,13785,13775,12256,8349,7943,8654,7302,4366,4376,3956,1618,1389,1396,3121,4368,4605,6253,9026,13706,13712,7295,6105,4642,8765,8799,8850,8054,7994,7140,6519,4410,,
OHG,OHG1101,CNIR,patea_unit_3,HYD,HYD,2026-07-13,5139,4377,4379,4413,4394,3716,4399,1142,616,4358,3725,4383,4276,5935,5499,5328,8956,8208,3841,4178,4464,4438,4429,4418,4410,2116,2003,4837,4886,4653,4600,4364,4365,2281,2305,7716,8846,8847,8881,7914,7308,7506,8488,6082,4194,1847,3758,2843,,
OHG,OHG1101,CNIR,patea_unit_3,HYD,HYD,2026-07-14,1800,1834,1896,119,259,260,258,258,260,261,261,262,1620,1971,1537,172,262,261,261,262,262,263,264,502,1472,1531,1532,123,263,264,264,264,263,263,263,422,1387,1454,1469,141,262,261,346,1163,1596,448,152,263,,
OHG,OHG1101,CNIR,patea_unit_3,HYD,HYD,2026-07-15,1816,1935,1919,132,263,263,264,263,262,263,264,265,1451,1478,1491,165,1350,138,264,1445,221,263,263,466,1449,1471,1481,165,759,863,866,1694,1886,2584,3757,8051,6424,4348,4823,2812,2552,1950,4214,3397,187,266,266,267,,
OHG,OHG1101,CNIR,patea_unit_3,HYD,HYD,2026-07-16,1227,1479,1473,121,266,266,266,266,265,266,267,635,2415,2518,3427,379,265,1413,1509,1511,1486,1482,1485,1485,1484,8084,3739,974,245,268,12659,9212,8934,9965,4545,10104,11332,11939,13666,13298,13190,13174,13185,13173,13122,11629,12225,10520,,
OHG,OHG1101,CNIR,patea_unit_3,HYD,HYD,2026-07-17,12347,6861,5581,248,266,266,265,266,266,267,267,268,6858,6109,7148,11240,11267,11241,1856,115,265,265,265,376,1471,1476,1483,1472,1480,1479,4710,8296,12910,9830,12697,12758,11683,12290,11123,11215,5143,1947,9134,8008,4826,4801,4787,1842,,
OHG,OHG1101,CNIR,patea_unit_3,HYD,HYD,2026-07-18,1799,1810,1793,141,264,265,265,265,264,265,264,264,1400,1484,1481,1482,3403,2190,3732,3708,4464,3606,1441,1908,1968,1573,4466,4655,6210,6074,8132,7427,7956,9764,10204,8690,8623,4379,3064,2265,887,1272,2169,1998,153,264,265,264,,
OHG,OHG1101,CNIR,patea_unit_3,HYD,HYD,2026-07-19,1389,2432,2919,125,441,281,195,265,265,264,265,265,2193,1990,1881,161,266,265,264,264,2248,9509,12227,6508,9587,13057,3732,5022,1743,7704,13513,11901,10784,13673,13676,13679,13694,13702,13710,13725,13716,13712,13730,13731,12948,8063,10033,5760,,
OHG,OHG1101,CNIR,patea_unit_3,HYD,HYD,2026-07-20,1761,3807,7466,414,626,411,262,263,1445,1763,3595,6692,9778,13807,14970,15740,15991,15974,14491,13801,13785,13779,13765,13768,13751,2932,3101,2360,3091,9296,2725,13796,14554,15347,15265,15627,15925,15909,14836,14310,13842,13779,15824,15110,13711,13694,13688,12282,,
OHG,OHG1101,CNIR,patea_unit_3,HYD,HYD,2026-07-21,10511,9511,10920,654,124,261,262,260,262,263,370,4096,13761,13924,13872,15504,15066,12562,12200,13569,13488,13172,14127,14784,13361,4206,5005,12089,13705,13390,13917,15850,15555,14015,14802,15194,13869,15322,14161,12288,12241,9306,15585,13894,13810,13015,12649,7876,,
OHG,OHG1101,CNIR,patea_unit_3,HYD,HYD,2026-07-22,1846,1797,1463,112,256,260,260,258,259,260,260,288,12736,14536,14496,15788,15220,15692,15567,15373,15602,15324,13130,14008,15482,13671,15333,15603,15648,15632,15624,15614,15607,15603,15596,15534,15585,15576,15572,15562,14493,15576,15558,15545,15536,15426,14194,11158,,
OHG,OHG1101,CNIR,patea_unit_3,HYD,HYD,2026-07-23,1883,1778,1771,116,255,256,254,254,256,255,257,257,4433,13066,15464,15613,15301,3494,11023,13267,11575,10814,15242,13306,9254,12765,10880,13026,6536,11168,9023,9779,5284,3760,7351,11740,12347,12404,13213,12580,12458,9353,7503,4192,2923,1135,578,459,,
OHG,OHG1101,CNIR,patea_unit_3,HYD,HYD,2026-07-24,1401,1436,1445,413,255,255,255,255,255,255,255,256,1429,1947,3318,3307,508,475,146,1419,1470,1467,1465,1462,1460,1463,1470,1479,1485,1492,1485,1483,3805,2949,3090,3112,1567,4424,2160,1320,683,731,152,256,257,257,257,256,,
OHG,OHG1101,CNIR,patea_unit_3,HYD,HYD,2026-07-25,1343,1476,1469,148,258,258,258,259,258,257,259,259,1362,8064,5211,8812,6416,8846,8828,8824,8819,8831,13312,13685,13665,13698,13688,13683,13660,13688,13696,13701,13707,13703,13682,13699,13719,13714,13717,13711,13702,15998,15989,15953,15955,15956,15957,15963,,
OHG,OHG1101,CNIR,patea_unit_3,HYD,HYD,2026-07-26,15971,15977,15981,15993,16001,16004,16011,16016,16021,16026,16031,16029,16031,16016,16007,16004,15831,15677,15607,15572,15549,15537,15529,15522,15596,15752,15951,16030,16036,16058,16067,16070,16068,16073,16074,16073,16065,16066,16067,16067,16065,16059,16047,16043,16031,16011,16007,16009,,
OHG,OHG1101,CNIR,patea_unit_3,HYD,HYD,2026-07-27,16001,16008,16008,15998,16008,16002,15997,16005,16014,16008,16008,16017,16025,16017,16059,16057,16061,16057,16034,16036,16048,16037,16025,16026,15844,15946,16034,15583,15592,14042,14811,16049,16038,16042,16038,15943,16031,16040,16039,16040,16043,14610,15960,15859,16022,15741,14876,13706,,
OHG,OHG1101,CNIR,patea_unit_3,HYD,HYD,2026-07-28,13718,14088,16109,16049,13681,13712,13690,13702,14496,13750,13812,14379,13955,14645,15119,16018,16003,13862,15724,13839,14500,13779,11977,9256,9791,2675,2143,1343,594,5358,2114,6819,3652,4835,6575,10005,13784,13797,13791,13811,14228,13844,14016,13837,14352,14176,13783,13775,,
OHG,OHG1101,CNIR,patea_unit_3,HYD,HYD,2026-07-29,13716,13765,13772,13734,13740,13730,13731,13729,13746,12309,12096,13765,15990,15963,15953,15938,15936,11753,6420,1733,2984,7238,5834,2822,1434,1446,1435,170,632,345,1100,4939,5998,12060,7755,13478,13820,13804,13822,13845,14392,13817,13796,13821,13820,13790,12252,10830,,
OHG,OHG1101,CNIR,patea_unit_3,HYD,HYD,2026-07-30,8132,6357,3187,883,232,263,1429,1476,2444,1925,3768,8349,11729,13374,13894,13846,13841,13853,9894,11038,7701,13182,13231,11995,1472,1470,3450,3307,5335,536,6903,1122,1690,7124,11164,13826,13803,13828,13822,13804,13816,13807,13834,13809,13797,12896,13187,10581,,
OHG,OHG1101,CNIR,patea_unit_3,HYD,HYD,2026-07-31,1795,1690,1486,287,1353,1467,2054,1467,1458,1443,8009,5198,9591,10032,10066,15715,14074,7750,278,407,974,267,9297,12593,13279,7233,2856,828,13915,16164,16105,16081,16071,16067,16064,16062,16066,16072,16082,16080,16073,16077,16078,16076,16073,16071,16069,16079,,
OHK,OHK2201,MRPL,ohakuri,Hydro,Hydro,2026-07-01,12550,12610,13650,13680,13700,13710,13740,13760,21350,26200,35200,38770,50200,50950,51440,51510,51360,51650,52300,52180,51570,51550,51040,41240,38600,39010,39200,40470,39960,37300,40190,49520,52020,51720,51940,51530,51000,51360,50530,50290,50340,50930,50900,45570,40190,40050,40090,28020,,
OHK,OHK2201,MRPL,ohakuri,Hydro,Hydro,2026-07-02,14480,14080,14020,14090,14080,14140,14130,14170,14210,25250,29460,38850,45700,50950,51140,51030,51040,51080,51510,51140,51300,51090,47390,37410,34450,26550,31240,28960,24400,24810,28150,34170,45570,47100,48650,51100,51570,51550,51580,51540,48850,48560,48110,42900,48380,39120,33580,22980,,
OHK,OHK2201,MRPL,ohakuri,Hydro,Hydro,2026-07-03,25240,24130,17130,12220,12560,12600,12670,23840,26190,32780,36850,36830,39690,48600,51270,51800,51720,51800,51780,51760,51940,51410,50850,48570,47040,46610,47070,46960,47390,48220,48070,47960,48150,47820,49090,50410,50760,50840,49010,47770,47600,46520,36680,36330,46120,35350,16890,12370,,
OHK,OHK2201,MRPL,ohakuri,Hydro,Hydro,2026-07-04,12730,12790,16110,24750,34600,26950,22590,24750,24750,24700,33320,38980,51130,50830,49650,49900,39240,47180,47000,40200,35530,36560,33660,24840,35240,36260,35170,37210,37460,37130,37030,38710,44590,48110,49820,51070,51690,49460,49540,48670,48490,48310,48410,36590,28200,23960,21790,11990,,
OHK,OHK2201,MRPL,ohakuri,Hydro,Hydro,2026-07-05,12050,8090,4800,12730,12780,12830,12810,12830,12950,12890,12820,12800,22280,18550,24890,28450,32890,32690,36660,34880,34620,23110,22210,14970,12780,24580,23010,27180,26750,36170,28260,34470,36650,49310,51370,51500,50440,48610,48440,37400,37110,37230,32370,32480,34890,23260,22010,10460,,
OHK,OHK2201,MRPL,ohakuri,Hydro,Hydro,2026-07-06,9820,5870,160,0,0,0,0,0,0,580,18420,20490,31350,29580,36670,37380,39190,39700,39430,39500,39240,39420,39600,38780,39420,39620,39490,39140,36560,36510,38580,37760,37500,48520,51360,51460,51500,51540,51660,51090,51080,50990,42350,38490,38800,26260,25840,25200,,
OHK,OHK2201,MRPL,ohakuri,Hydro,Hydro,2026-07-07,12960,12540,12740,11380,11120,10180,0,0,10280,12510,18640,21330,25820,30070,38490,37860,46120,47200,47070,37700,43830,39000,38580,36290,46150,48130,47500,38270,37960,39240,46960,50450,50760,49580,51460,50890,51070,51250,51120,51100,50820,50310,41880,43980,35070,25020,22950,21520,,
OHK,OHK2201,MRPL,ohakuri,Hydro,Hydro,2026-07-08,12740,12310,12180,12080,12150,11490,11220,360,0,0,18250,24760,34770,36670,33320,48270,50020,48870,49970,48420,43760,45920,37120,36860,36710,34570,25140,31620,38580,36490,30450,26320,26140,37490,50460,50940,51370,51280,51180,50830,46890,38430,38200,38280,38220,22760,21290,13650,,
OHK,OHK2201,MRPL,ohakuri,Hydro,Hydro,2026-07-09,20050,14670,13800,9390,6060,0,0,0,0,3360,6240,11960,18880,32240,42170,49380,50810,51540,51570,51350,50750,50710,50680,50600,50120,50000,50330,40730,37410,36770,36620,37430,37960,49020,49770,49190,49230,49220,48730,37430,36670,37100,36970,24680,27530,22880,13430,12500,,
OHK,OHK2201,MRPL,ohakuri,Hydro,Hydro,2026-07-10,13010,12860,12540,12260,13370,12180,12220,12230,12180,11400,11750,11620,20140,23730,23730,23740,24010,23920,23780,23910,23910,23820,23880,23850,23880,23680,12210,11520,11730,11670,20750,23820,38530,47890,51330,51430,51340,51350,48410,48140,45430,39790,44050,35110,34750,34910,34960,34960,,
OHK,OHK2201,MRPL,ohakuri,Hydro,Hydro,2026-07-11,29860,12780,12410,210,0,8050,12760,12700,12660,12660,12640,18750,24600,34100,35220,49820,51200,51430,51610,51390,51300,51280,40700,40260,40320,28260,27730,27780,27790,14670,13780,24370,27260,40780,49970,50780,51430,50990,51310,51220,50950,51030,50770,50690,50330,50490,46740,38590,,
OHK,OHK2201,MRPL,ohakuri,Hydro,Hydro,2026-07-12,38490,37190,35340,26020,25380,18920,24790,23520,23020,23100,22990,24600,32680,38490,40610,47510,48060,51500,50750,50500,47960,47720,47630,37160,36430,36510,36220,36520,31350,23000,32900,35110,35230,39130,47080,50700,51010,49010,48010,47960,48170,47940,48530,37520,37260,27030,13140,12150,,
OHK,OHK2201,MRPL,ohakuri,Hydro,Hydro,2026-07-13,12090,12200,12160,12150,12240,12190,12150,12150,12190,12230,12100,12080,21890,34760,36250,44220,49070,49250,49170,49390,49420,49730,49510,49690,49590,42420,36490,37400,37510,37540,37720,37460,42610,43450,48310,48100,48330,48390,48380,48430,48500,48400,48700,37710,37360,29860,35800,23170,,
OHK,OHK2201,MRPL,ohakuri,Hydro,Hydro,2026-07-14,0,0,0,3490,12650,12730,10310,12770,12770,12790,18330,23890,33320,38470,33980,40820,47150,40070,37180,34170,25340,35490,35210,35920,26490,12890,15740,12950,12410,15450,21000,16390,14760,31730,36150,43880,48640,46750,44320,25860,27360,25470,33710,28980,31370,15590,23110,18600,,
OHK,OHK2201,MRPL,ohakuri,Hydro,Hydro,2026-07-15,3250,6990,6320,40,0,0,0,0,0,0,0,2520,17170,22110,39810,50440,50600,50830,50870,30960,27140,28710,22210,12540,12230,12230,11980,19430,13310,14600,10550,22990,24410,30830,48260,49340,50040,42420,37610,36400,34870,25940,24760,19450,15560,4230,0,0,,
OHK,OHK2201,MRPL,ohakuri,Hydro,Hydro,2026-07-16,0,0,0,0,0,0,0,0,0,0,0,0,5370,4300,12330,13030,22330,12480,12600,12720,12470,12510,12730,13990,19010,24610,22900,12000,6970,13380,12020,12350,12280,12620,23350,26210,26040,25440,25470,35540,36780,36810,36930,36990,35490,13640,4440,0,,
OHK,OHK2201,MRPL,ohakuri,Hydro,Hydro,2026-07-17,0,0,0,0,0,0,0,0,0,0,0,0,8140,11340,16000,27780,35130,35020,35140,29440,11900,10720,12570,12450,12510,12470,12500,510,0,0,0,0,7790,15540,23610,23560,23470,23460,24300,23800,11860,11170,11920,8590,1530,7930,0,510,,
OHK,OHK2201,MRPL,ohakuri,Hydro,Hydro,2026-07-18,0,0,0,0,0,0,0,0,0,0,0,0,0,0,2530,12360,13340,12920,21990,21010,13080,10960,10640,12570,6050,4790,13390,2250,50,0,0,0,0,5590,17280,25400,24960,24910,12450,12220,13690,12250,11930,13870,12450,9900,0,1610,,
OHK,OHK2201,MRPL,ohakuri,Hydro,Hydro,2026-07-19,40,0,0,0,0,0,0,0,0,0,0,0,0,0,0,11940,12090,5490,13310,12750,22370,26290,25380,25850,25890,25030,26170,25780,13740,13620,13860,21480,25340,32340,37410,39820,39620,38260,28440,35370,37560,26100,25860,22100,14770,13760,7150,1660,,
OHK,OHK2201,MRPL,ohakuri,Hydro,Hydro,2026-07-20,0,0,0,0,0,60,0,0,90,4470,18160,33640,43810,48210,48200,48270,48590,47130,37210,37510,37290,37350,32050,25230,25060,25050,24620,23970,24790,24670,18230,12400,16450,48320,50460,52000,51900,51910,51920,50780,42970,46570,50630,40510,37010,38300,39440,35120,,
OHK,OHK2201,MRPL,ohakuri,Hydro,Hydro,2026-07-21,25240,22970,23950,25150,24920,17120,13300,12370,20190,24380,21190,33850,37780,38410,43320,49850,48670,48220,41250,37260,35940,25350,25480,13870,12260,12320,13190,13830,12290,12640,5050,11670,12740,19070,46050,51200,51290,51250,50470,50030,48090,48010,47990,49180,47840,50420,36150,25620,,
OHK,OHK2201,MRPL,ohakuri,Hydro,Hydro,2026-07-22,20750,11990,11710,2100,0,0,0,11410,13860,22780,22810,25200,34510,41680,50980,51090,51780,52310,52210,52340,52280,52080,52150,50420,28390,26620,24160,24140,23990,23850,24270,23810,23940,24070,37520,47290,46970,47230,47370,47240,47530,47370,47420,47090,47170,46720,39570,32930,,
OHK,OHK2201,MRPL,ohakuri,Hydro,Hydro,2026-07-23,25030,24760,24790,19180,9100,0,0,0,0,0,9720,16660,24230,34280,35450,35090,35570,35820,40010,46790,45870,46030,45760,44970,45010,45850,35820,23760,15380,13750,25420,25680,25990,31200,40200,47410,48090,47780,48100,47860,47830,47110,47240,47140,43160,24440,21020,12570,,
OHK,OHK2201,MRPL,ohakuri,Hydro,Hydro,2026-07-24,12330,8130,3680,0,0,0,0,0,0,0,0,1200,10250,29740,42460,47770,48300,48220,48530,48250,45930,40540,42780,36690,37670,33670,25290,23250,12740,12820,13450,23670,24830,25140,34000,36460,40570,36190,36130,36070,35850,36020,32860,18930,14660,2580,0,0,,
OHK,OHK2201,MRPL,ohakuri,Hydro,Hydro,2026-07-25,0,0,0,0,0,0,0,0,0,0,0,0,1020,12660,13690,23260,23670,29680,34270,34200,34410,34260,34240,34670,34470,34890,34680,34590,34580,34710,34580,37870,44650,46470,49380,51470,42990,38430,38850,39030,38780,38640,26870,25720,25900,26000,25990,26080,,
OHK,OHK2201,MRPL,ohakuri,Hydro,Hydro,2026-07-26,26010,26130,24270,14060,13620,13490,13550,13530,13550,13510,13520,13510,16610,25890,32840,38260,38050,37970,37370,37300,37450,37560,39460,38610,37730,37870,38590,36780,35070,35260,37000,38040,36380,48650,49710,50050,47640,47650,47760,47580,47740,37140,35570,25300,25230,15280,4760,11300,,
OHK,OHK2201,MRPL,ohakuri,Hydro,Hydro,2026-07-27,430,11430,220,0,0,0,0,0,5230,12880,12880,25410,48890,50820,52280,52350,52680,53100,52790,52950,51990,51130,47900,46440,37590,36750,35930,33740,33620,33390,34820,46270,47830,47930,49890,51070,50530,51390,51370,51340,51260,49740,46990,36660,41340,36150,36160,24790,,
OHK,OHK2201,MRPL,ohakuri,Hydro,Hydro,2026-07-28,13050,13150,13230,12380,12280,12270,12340,12740,24000,24200,40330,51440,51940,51150,51500,51100,51300,51720,52440,52420,40440,40340,40410,37840,37270,29560,24410,23760,25510,21880,36690,33120,39270,50910,51150,52150,52310,52420,52540,52630,52470,52570,53020,52500,51930,48590,48080,38900,,
OHK,OHK2201,MRPL,ohakuri,Hydro,Hydro,2026-07-29,38080,38570,27680,22890,22750,22700,22680,22710,22880,24720,33750,36110,47410,50650,51630,52220,52470,52770,52220,39690,39960,40080,27810,28120,25000,24190,25550,25540,25450,14950,25050,35380,38420,38340,43150,50760,51530,51400,51680,51520,51520,51470,48870,40820,37330,17710,12840,12870,,
OHK,OHK2201,MRPL,ohakuri,Hydro,Hydro,2026-07-30,12650,11440,0,0,0,0,0,0,0,0,7150,20460,31160,33530,38980,51630,52820,45470,41350,38640,34450,25120,25330,25720,12650,13220,13010,13780,13860,11300,13000,14370,31140,38540,37250,45650,50980,51290,49000,49940,40920,28300,29610,25970,29510,17190,7480,40,,
OHK,OHK2201,MRPL,ohakuri,Hydro,Hydro,2026-07-31,0,0,0,0,0,0,0,0,0,0,0,50,9790,21100,25990,37850,34300,25100,24990,25680,25410,20960,14020,13930,13710,13940,13790,12420,7030,5530,12470,12820,16030,25570,38380,37650,39270,39250,39240,38540,35610,28740,26300,25320,28110,18720,20560,12220,,
OKI,OKI2201,CTCT,ohaaki,Geo,Geo,2026-07-01,19375,19529,19604,19697,19606,19743,19795,19381,19406,19381,19683,19618,19598,19312,19183,19422,19407,19310,19386,19187,19350,19401,19630,19775,19581,19686,19564,19049,18928,19062,19173,19501,18985,18896,18877,18850,19302,19076,18996,18623,18767,18927,19206,18798,18676,18690,18826,18857,,
OKI,OKI2201,CTCT,ohaaki,Geo,Geo,2026-07-02,19094,18869,18913,18916,19318,19429,19708,19790,19122,18637,18733,18947,18991,19355,19084,19029,18774,18771,18903,18941,18988,18709,18653,18803,18917,18940,18766,18705,18842,18947,19400,19355,19506,19389,20015,19926,19451,19524,19216,19014,18836,18945,18709,18721,18899,18864,18800,18767,,
OKI,OKI2201,CTCT,ohaaki,Geo,Geo,2026-07-03,18905,18842,19024,19030,18640,18714,18808,18563,18767,18712,18926,19058,19119,18542,18511,18576,18891,18856,18973,19225,18643,18048,18167,18361,18289,18333,18216,18238,18212,18223,17988,18154,18150,18142,18080,18218,18343,18682,18396,18180,18047,18233,18410,18700,18666,18611,18569,18811,,
OKI,OKI2201,CTCT,ohaaki,Geo,Geo,2026-07-04,18781,18811,19017,18316,18593,18829,19034,19136,19184,19200,19243,19297,19331,19490,19353,19688,19357,19060,19164,19259,19199,19276,19417,19023,19331,19199,19252,19569,20068,19745,19801,19286,18946,19402,19149,19207,18973,18954,19250,19088,18999,18795,18829,18933,19142,19056,19223,19053,,
OKI,OKI2201,CTCT,ohaaki,Geo,Geo,2026-07-05,19061,19077,19173,19122,19369,18940,19371,19038,19037,19117,19110,19102,19234,19085,18695,18596,18472,18588,18720,18759,18663,18613,18593,18752,18839,18725,18848,18744,18862,18924,18812,19097,19252,18796,18865,18639,18776,18878,19049,19272,19259,19574,19226,18835,18810,19398,19194,18913,,
OKI,OKI2201,CTCT,ohaaki,Geo,Geo,2026-07-06,18914,18941,19281,19212,19167,18834,18865,19026,18935,18795,18738,18839,18896,18883,18873,19022,19012,19219,19039,19152,19302,19844,19395,19146,19278,18780,18531,18750,18790,18871,18992,18884,18918,18920,19211,19280,18797,18827,18874,18895,19055,19385,19317,19337,19192,18895,19144,19137,,
OKI,OKI2201,CTCT,ohaaki,Geo,Geo,2026-07-07,19035,18858,18709,18998,19475,19513,19561,19794,19466,19142,19255,19520,19114,19002,19126,19156,19264,19336,19369,19092,16333,18893,19136,19106,19095,18985,18916,19113,19275,19311,19319,19188,19382,19492,19485,19506,19649,19224,18853,19121,18829,18723,18938,19274,19096,19073,19130,18978,,
OKI,OKI2201,CTCT,ohaaki,Geo,Geo,2026-07-08,19001,18602,18558,18297,18314,18266,18449,18197,18192,18232,18212,18389,18153,18212,18396,18676,18633,18538,18858,18371,17839,17831,17833,17819,17770,17800,17620,17852,18021,17932,18713,18636,18696,18739,18730,18768,18827,18876,18798,19008,18768,18918,18890,18901,19245,19349,19278,19606,,
OKI,OKI2201,CTCT,ohaaki,Geo,Geo,2026-07-09,19252,18799,18892,19048,19039,19096,19118,19143,19104,19132,19153,19062,19055,19043,19228,19412,19165,19293,19221,19686,19405,19131,18818,18999,18942,19130,19076,19038,19376,18928,18629,18651,18848,19006,18994,19078,19065,19139,19124,19196,19110,19083,19247,19220,19481,18933,18968,18918,,
OKI,OKI2201,CTCT,ohaaki,Geo,Geo,2026-07-10,18939,19103,18934,19062,19076,19281,19504,19412,19519,19525,19547,18798,18853,18950,19071,19370,19254,18897,18864,18814,18926,19040,19158,19228,19115,18926,18875,18808,19056,18950,19018,19254,18982,19069,19561,19481,19414,19303,19609,19346,19012,19007,19077,19203,19271,19531,19268,18912,,
OKI,OKI2201,CTCT,ohaaki,Geo,Geo,2026-07-11,18857,18951,18930,19110,18901,19017,19029,19145,19311,19589,19008,19061,18962,19280,19399,19225,19019,19273,19398,19427,19489,19264,18782,18740,18910,18962,18928,18995,19116,19011,19125,19137,19195,19233,19136,19221,19236,19426,19441,19459,19050,19162,19288,19361,19334,19113,19170,19428,,
OKI,OKI2201,CTCT,ohaaki,Geo,Geo,2026-07-12,19616,19563,19556,19541,19024,19319,19056,19026,18950,19322,19419,19367,19113,18994,19237,19218,19034,18892,18815,19045,18969,18967,19279,19343,19346,19263,19261,19495,19509,19415,19821,19478,18854,18484,18741,18790,18964,18985,18963,18835,18671,19007,18904,18959,18985,18981,19170,19105,,
OKI,OKI2201,CTCT,ohaaki,Geo,Geo,2026-07-13,19562,19436,19040,19034,19450,19396,19504,19100,19033,19372,19583,19393,19260,19509,18232,17777,17818,17980,18114,18076,18145,18033,18086,18148,17966,18014,17756,17814,16206,17822,17819,17470,17610,17530,17589,18142,18741,18980,19028,19296,19147,19187,19406,19362,18951,18667,18861,18851,,
OKI,OKI2201,CTCT,ohaaki,Geo,Geo,2026-07-14,18962,19042,18988,19006,18978,19085,18907,18910,18991,18882,18861,18963,18841,18903,19019,19216,18799,18929,19041,19167,19159,19004,19394,19442,19019,18710,18811,18862,18848,18871,18957,19024,19460,18774,18762,18662,18824,18896,18719,18777,18866,19132,19023,19677,18804,18831,18969,19087,,
OKI,OKI2201,CTCT,ohaaki,Geo,Geo,2026-07-15,19720,19485,19300,19394,19025,18680,18760,18996,19060,19183,19203,19171,19238,19184,19435,19285,19349,19595,19128,19158,18933,19207,19083,19017,18886,18464,18443,18312,18683,19143,19130,19019,18920,18445,18121,18371,18484,18498,18617,18702,18802,18770,18807,19168,19188,18775,18611,18802,,
OKI,OKI2201,CTCT,ohaaki,Geo,Geo,2026-07-16,18923,19238,19503,19219,19176,18970,18942,19348,19378,19351,19453,19472,19086,18782,18871,19288,19156,18900,18862,18911,18836,18925,18872,19033,19008,18848,18916,18920,19123,19347,18466,18469,18498,18772,18934,18571,18451,18582,19024,19005,18737,18898,18473,18430,18594,18635,18748,18849,,
OKI,OKI2201,CTCT,ohaaki,Geo,Geo,2026-07-17,18913,18980,18995,19311,19248,18989,18791,18883,18982,19023,19164,19163,19085,19223,19159,19730,19166,19122,19231,19553,19672,19426,19643,19200,18559,18143,18257,18339,18414,18532,18587,18550,18715,18665,19106,19132,18708,18761,18710,18850,19017,18916,19019,18990,19175,19288,19099,19259,,
OKI,OKI2201,CTCT,ohaaki,Geo,Geo,2026-07-18,19349,19865,19748,19683,19793,19451,19004,19022,19246,19188,19029,18898,18897,19013,19388,19129,18959,19377,19043,18962,18707,18709,18457,18712,18459,18574,18274,18449,18669,18417,18576,18759,19067,18984,19109,19558,18739,18433,18364,18630,18713,18655,18681,18720,18934,19028,18946,19130,,
OKI,OKI2201,CTCT,ohaaki,Geo,Geo,2026-07-19,18975,19158,19098,19224,19217,19389,19114,18975,18924,18936,19640,19525,19211,19193,19296,18836,18561,18527,18678,18699,18765,18777,18837,18807,18783,18717,18774,18757,19244,18651,18631,18571,18702,18687,19009,18914,18870,18607,18638,18909,19141,19073,19290,18872,18447,18681,18820,19014,,
OKI,OKI2201,CTCT,ohaaki,Geo,Geo,2026-07-20,19008,19184,19275,19269,19451,19375,19448,19491,19599,19207,19162,19102,19339,19385,19432,18897,18905,19046,19201,19462,19195,19270,16849,18809,18577,18724,18874,18854,18919,19061,18946,19414,18738,18730,18755,18821,18972,19014,18894,19063,19218,19251,19232,19396,19370,19401,19106,19279,,
OKI,OKI2201,CTCT,ohaaki,Geo,Geo,2026-07-21,19391,19639,19701,19653,18768,18513,18966,18994,19014,18816,18893,18977,19215,19198,19124,19125,19210,19418,19279,19239,19665,19214,19236,19168,19443,19433,19309,19262,19514,19150,18674,18637,18994,18871,19238,19115,18763,18879,18916,19225,19020,19162,18954,18946,19112,19059,18998,18929,,
OKI,OKI2201,CTCT,ohaaki,Geo,Geo,2026-07-22,18825,18865,19031,18787,18906,18985,19416,19253,19360,19654,19598,18579,18522,18757,18758,18911,18940,18920,18929,18973,19000,19052,18784,19185,18618,18408,18209,18346,18275,18816,19276,19157,19287,19046,19031,19156,19350,18681,18129,18527,18818,18842,18991,18926,19106,19176,19297,19401,,
OKI,OKI2201,CTCT,ohaaki,Geo,Geo,2026-07-23,19656,19237,19190,19236,19396,19013,19083,19219,19212,19297,19395,19321,19281,19791,19954,19617,19441,19677,19447,18934,19309,19107,19184,18992,18939,19136,19031,19005,18800,18812,18892,18836,18932,18886,18929,19047,18984,19447,18847,18778,18869,19292,19346,19266,19503,19234,18950,18801,,
OKI,OKI2201,CTCT,ohaaki,Geo,Geo,2026-07-24,19022,19143,19411,19391,18975,19015,19054,19322,19234,19142,19031,18786,19017,18896,18730,18795,18962,18828,18847,18892,19045,19342,19374,19183,19465,19192,18799,18714,19030,18861,18722,18742,18738,19143,18804,18792,18599,18537,18781,18669,18547,18650,18437,18667,18855,18851,18854,18880,,
OKI,OKI2201,CTCT,ohaaki,Geo,Geo,2026-07-25,18996,19233,19383,19389,19864,19069,18478,18530,18690,18768,18890,18938,19068,19077,19074,19081,19173,19176,19612,19198,18900,18912,18882,18970,19209,18832,19027,18976,19135,19373,19322,19249,19541,19528,18782,18713,18740,18835,19022,19001,19094,19083,19232,19322,19315,19257,19259,19540,,
OKI,OKI2201,CTCT,ohaaki,Geo,Geo,2026-07-26,19753,19243,19340,19123,19148,19263,19329,19423,19640,19688,19668,20047,19637,19148,19388,19727,19319,19162,19214,19238,19224,19333,19235,19289,19395,19250,19351,19292,19314,19304,19985,19163,19044,19115,19112,19476,19570,19537,19605,19643,19232,18950,19181,19200,19254,19533,18935,18796,,
OKI,OKI2201,CTCT,ohaaki,Geo,Geo,2026-07-27,18727,18854,18636,18886,18882,18858,19124,19136,19251,19249,19158,19297,19214,19287,19843,19757,19379,19249,19602,19283,18780,18651,18679,18817,19162,19263,19200,19247,19332,19373,19349,19625,19399,19046,19091,19041,19019,19136,19369,19171,19180,19237,19471,19742,19858,19617,19826,19259,,
OKI,OKI2201,CTCT,ohaaki,Geo,Geo,2026-07-28,18930,19592,19329,19102,19134,19192,19291,19549,19552,19456,19262,19280,19169,19176,19053,18913,18988,19257,19281,18678,18765,18667,18983,19118,19404,19569,19452,18926,18751,18842,19095,19040,19096,19249,19346,19036,19262,19275,19290,19024,19165,18924,19123,19424,19135,18843,18723,18756,,
OKI,OKI2201,CTCT,ohaaki,Geo,Geo,2026-07-29,19014,19333,19224,19106,19612,19205,18760,18866,19118,19247,19151,19199,19136,19258,19374,19202,19265,19211,19263,19416,19383,18959,18745,18732,18879,18439,18453,18368,18430,18716,18618,18862,19266,18977,18597,18815,18927,18904,19054,19152,19204,19228,19068,19379,18748,18723,18657,18629,,
OKI,OKI2201,CTCT,ohaaki,Geo,Geo,2026-07-30,18703,18790,19113,18774,18798,18929,18963,19345,19433,19317,19367,19639,19187,18715,19081,19346,18932,18968,18876,18949,19153,19241,19417,19188,19101,19101,19054,19116,18959,17447,19169,18810,18721,18598,18790,18967,18872,19016,18963,18566,18351,18492,18677,18682,18683,19132,18737,18697,,
OKI,OKI2201,CTCT,ohaaki,Geo,Geo,2026-07-31,18591,18524,18550,18648,18612,18642,18700,18696,18639,18838,18897,19109,18724,18543,18962,18936,18798,19003,18847,18454,18322,18455,18488,18506,18698,18756,18927,18449,18369,18525,18429,18483,18524,18557,18870,18698,18816,18884,18848,19006,19190,19466,19463,19608,19534,19084,18446,18536,,
PPI,PPI2201,CTCT,poihipi,Geo,Geo,2026-07-01,18350,18338,18381,18374,18333,18317,18309,18293,18285,18276,18269,18266,18254,18252,18239,18117,18092,18060,18047,18012,17930,17904,17893,17971,17930,17890,17859,17829,17866,17902,17898,18037,18097,18039,18138,18077,18256,18214,18177,18174,18173,18173,18173,18169,18169,18167,18167,18165,,
PPI,PPI2201,CTCT,poihipi,Geo,Geo,2026-07-02,18166,18161,18138,18132,18129,18126,18125,18121,18112,18099,18093,18091,18079,18075,18073,18065,18063,18065,18061,18077,18084,18069,18063,18042,18032,18019,17987,17980,17974,17970,17966,18024,18106,18023,18172,18128,18107,18280,18302,18240,18202,18197,18185,18182,18184,18184,18186,18184,,
PPI,PPI2201,CTCT,poihipi,Geo,Geo,2026-07-03,18183,18184,18196,18199,18199,18194,18199,18198,18197,18197,18191,18194,18191,18189,18194,18446,18329,18225,18198,18160,18115,18106,18096,18089,18068,18037,18012,17993,17984,17976,17975,18086,18125,18165,18186,18177,18326,18307,18263,18236,18222,18201,18200,18198,18195,18193,18202,18191,,
PPI,PPI2201,CTCT,poihipi,Geo,Geo,2026-07-04,18194,18193,18197,18197,18198,18194,18191,18192,18191,18189,18188,18184,18183,18184,18180,18171,18365,18213,18191,18176,18146,18122,18095,18076,18068,18048,18030,18013,17990,17980,18074,18078,18101,18049,18052,18229,18164,18158,18132,18116,18218,18185,18128,18099,18081,18061,18044,18035,,
PPI,PPI2201,CTCT,poihipi,Geo,Geo,2026-07-05,18036,18033,18024,18011,17998,17984,17979,17982,17979,17972,17980,17968,17961,17960,17965,17967,17971,17972,17974,17968,17966,17958,17933,17920,17917,17890,17844,17833,17828,17985,18024,17979,17996,17950,17962,18110,18034,18024,18018,18021,18024,18028,18027,18023,18022,18026,18028,18027,,
PPI,PPI2201,CTCT,poihipi,Geo,Geo,2026-07-06,18027,18029,18026,18023,18021,18013,17998,17994,17990,17981,17978,17980,17981,17966,18034,18229,18117,18108,18119,18123,18126,18098,18073,18064,18049,18009,17979,17981,17980,17976,17968,17970,17972,17970,17970,17970,18166,18144,18116,18115,18151,18147,18140,18108,18110,18116,18118,18116,,
PPI,PPI2201,CTCT,poihipi,Geo,Geo,2026-07-07,18117,18116,18115,18115,18114,18114,18111,18109,18104,18098,18096,18093,18092,18087,18090,18088,18059,17973,17966,17953,17943,17928,17908,17514,17891,17871,17862,17863,17860,17858,17855,17853,17943,17957,18053,18149,18189,18116,18094,18090,18081,18081,18079,18078,18078,18074,18080,18080,,
PPI,PPI2201,CTCT,poihipi,Geo,Geo,2026-07-08,18081,18082,18257,18280,18335,18214,18193,18187,18189,18189,18182,18170,18291,18317,18216,18202,18200,18160,18073,18033,18001,17946,17917,17907,17902,17889,17885,17876,17869,17866,17865,17940,18040,18074,18063,18087,18039,18037,18037,18129,18070,18045,18033,18035,18032,18026,18030,18032,,
PPI,PPI2201,CTCT,poihipi,Geo,Geo,2026-07-09,18028,18025,18025,18032,18033,18033,18030,18026,18021,18248,18328,18214,18189,18184,18179,18154,18135,18110,18055,18019,18005,17991,17973,17959,17953,17944,17954,18040,18042,18077,18017,18016,18133,18055,18051,18044,18047,18047,18050,18047,18069,18081,18080,18067,18062,18061,18064,18066,,
PPI,PPI2201,CTCT,poihipi,Geo,Geo,2026-07-10,18059,18051,18141,18267,18212,18190,18169,18165,18343,18308,18223,18212,18212,18212,18208,18204,18383,18193,18080,18038,18019,18002,17993,18059,18068,18056,18042,18014,18004,18106,18058,18119,18094,18087,18259,18241,18194,18192,18193,18204,18209,18334,18487,18493,18442,18382,18373,18374,,
PPI,PPI2201,CTCT,poihipi,Geo,Geo,2026-07-11,18447,18519,18547,18522,18527,18537,18527,18483,18496,18523,18515,18567,18523,18539,18548,18544,18534,18434,18367,18271,18097,18059,18039,18023,18012,18005,17973,18008,18051,18166,18085,18136,18111,18101,18202,18319,18221,18211,18211,18214,18270,18527,18514,18496,18525,18521,18521,18524,,
PPI,PPI2201,CTCT,poihipi,Geo,Geo,2026-07-12,18529,18532,18546,18540,18500,18458,18459,18478,18632,18579,18625,18553,18625,18513,18602,18790,18713,18534,18470,18415,18366,18268,18096,18225,18164,18069,18036,18027,18007,17966,17945,18044,18131,18168,18096,18287,18196,18188,18193,18447,18397,18355,18339,18339,18344,18351,18495,18470,,
PPI,PPI2201,CTCT,poihipi,Geo,Geo,2026-07-13,18445,18436,18425,18414,18449,18486,18437,18425,18407,18363,18346,18342,18323,18296,18275,18252,18226,18203,18119,18080,18077,18209,18108,18088,18088,18080,17683,18034,18040,18033,18027,18025,18120,18127,18101,18071,18067,18067,18068,18070,18069,18068,18060,18058,18056,18058,18057,18057,,
PPI,PPI2201,CTCT,poihipi,Geo,Geo,2026-07-14,18055,18052,18050,18052,18052,18049,18043,18042,18033,18022,18010,17999,17998,17998,18271,18168,18081,17885,17846,17815,17798,17794,17787,17761,17736,17728,17715,17726,17835,17788,17772,17914,18035,18096,18158,18097,18070,18064,18064,18076,18085,18129,18439,18346,18296,18206,18202,18204,,
PPI,PPI2201,CTCT,poihipi,Geo,Geo,2026-07-15,18202,18208,18215,18213,18219,18223,18222,18213,18213,18214,18207,18197,18186,18166,18132,18120,18116,18106,18088,18046,18016,17984,17965,17961,17960,17945,17945,17947,17944,18031,17979,17946,17947,18036,17994,17998,18291,18144,18145,18136,18112,18226,18449,18418,18370,18330,18282,18197,,
PPI,PPI2201,CTCT,poihipi,Geo,Geo,2026-07-16,18197,18196,18197,18203,18200,18201,18193,18175,18140,18131,18159,18613,18549,18547,18493,18518,18467,18477,18460,18410,18359,18143,18018,18005,17993,17982,17996,18070,18214,18045,18285,18307,18159,18098,18088,18090,18097,18098,18092,18089,18093,18099,18104,18486,18695,18667,18644,18634,,
PPI,PPI2201,CTCT,poihipi,Geo,Geo,2026-07-17,18636,18649,18603,18599,18604,18702,18661,18660,18662,18652,18664,18633,18620,18620,18646,18624,18613,18591,18564,18507,18460,18392,18358,18187,18054,18045,18038,18026,18017,18008,18006,18120,18187,18160,18147,18150,18149,18188,18357,18230,18211,18209,18206,18193,18167,18158,18152,18143,,
PPI,PPI2201,CTCT,poihipi,Geo,Geo,2026-07-18,18136,18129,18126,18124,18122,18115,18113,18110,18110,18108,18108,18106,18108,18115,18137,18375,18261,18169,18095,18062,18045,18022,18002,17980,17974,17943,17930,17921,17918,17915,17946,18135,18158,18142,18134,18200,18205,18157,18144,18129,18133,18251,18354,18259,18211,18208,18209,18208,,
PPI,PPI2201,CTCT,poihipi,Geo,Geo,2026-07-19,18196,18175,18175,18172,18170,18168,18166,18162,18158,18153,18140,18135,18272,18265,18204,18200,18193,18136,18076,18039,18020,18001,17994,17987,17967,17925,17907,17902,17898,17901,17900,18063,18130,18110,18139,18095,18166,18106,18095,18083,18085,18089,18092,18188,18273,18203,18204,18191,,
PPI,PPI2201,CTCT,poihipi,Geo,Geo,2026-07-20,18170,18164,18162,18155,18148,18133,18124,18115,18112,18110,18110,18108,18109,18097,18088,18091,18094,18095,18093,18064,18073,18061,18028,18016,18012,18007,18003,18000,18074,18082,17705,18117,18078,18076,18080,18239,18131,18111,18100,18099,18097,18097,18096,18097,18094,18091,18089,18089,,
PPI,PPI2201,CTCT,poihipi,Geo,Geo,2026-07-21,18084,18091,18101,18089,18086,18087,18088,18093,18285,18309,18244,18332,18387,18359,18359,18497,18434,18266,18116,18059,18038,18017,18061,18114,18098,18072,18020,17933,17921,17998,18090,18122,18142,18088,18141,18165,18127,18120,18114,18114,18112,18111,18108,18247,18352,18337,18321,18301,,
PPI,PPI2201,CTCT,poihipi,Geo,Geo,2026-07-22,18279,18265,18260,18246,18233,18221,18219,18215,18210,18207,18204,18201,18188,18181,18181,18183,18182,18176,10008,5157,4948,5063,5128,5155,5180,5136,5155,5212,5225,5234,5257,5478,5616,15605,17805,17974,17958,17953,17955,17957,17958,18019,18025,18022,18025,18027,18036,18037,,
PPI,PPI2201,CTCT,poihipi,Geo,Geo,2026-07-23,18039,18040,18042,18042,18043,18044,18043,18043,18042,18040,18039,18039,18037,18038,18037,18039,18038,18037,18046,18044,18033,18022,18030,18000,17942,17917,17916,17912,17913,17910,17912,17901,18006,17981,18009,18011,17995,17981,17968,17969,17969,17970,17973,17972,17982,17991,18034,18024,,
PPI,PPI2201,CTCT,poihipi,Geo,Geo,2026-07-24,18019,18016,18012,18012,18009,18008,18007,18007,18008,18010,18008,18004,17998,17999,18002,18000,17995,17994,17998,17992,17979,17975,17969,17967,17991,17982,17959,17947,17942,17943,17941,17933,17937,17964,17977,17968,17966,17964,17950,17943,17938,17933,17951,17969,17978,17991,17993,17990,,
PPI,PPI2201,CTCT,poihipi,Geo,Geo,2026-07-25,17993,17980,17980,17983,17982,17976,17989,17999,18022,18042,18036,18035,18033,18040,18036,18034,18042,18048,18039,18023,18019,18019,18017,18012,18015,18004,17956,17914,17907,17904,18005,17993,18017,18003,18003,18003,18010,18011,18012,18012,18012,18015,18018,18019,18022,18051,18054,18055,,
PPI,PPI2201,CTCT,poihipi,Geo,Geo,2026-07-26,18060,18062,18065,18066,18066,18067,18068,18065,18070,18069,18070,18072,18072,18071,18072,18072,18074,18073,18070,18067,18068,18066,18063,18062,18057,18043,18040,18036,18032,18022,18021,18020,18032,18061,18057,18047,18046,18047,18046,18050,18054,18056,18056,18054,18058,18057,18057,18060,,
PPI,PPI2201,CTCT,poihipi,Geo,Geo,2026-07-27,18065,18064,18186,18258,18257,18257,18253,18255,18256,18260,18265,18255,18235,18232,18233,18238,18215,18071,18060,18038,18022,18021,18018,18016,17993,17846,17827,17822,17820,17817,17816,17984,18005,18013,18018,18015,18030,18036,18028,18034,18038,18042,18040,18039,18042,18166,18089,18084,,
PPI,PPI2201,CTCT,poihipi,Geo,Geo,2026-07-28,18080,18080,18078,18080,18081,18080,18078,18078,18081,18080,18081,18079,18070,18072,18074,18073,18083,18072,18049,18040,18033,18026,18024,18018,17937,17866,17824,17816,17812,17805,17806,17995,17997,18007,18024,18026,18026,18030,18032,18057,18047,18041,18039,18040,18042,18046,18053,18055,,
PPI,PPI2201,CTCT,poihipi,Geo,Geo,2026-07-29,18054,18050,18220,18076,18078,18073,18074,18072,18071,18069,18069,18059,18055,18054,18056,18059,18057,18053,18046,18045,18039,18023,18015,18012,18007,17979,17908,17962,17603,17975,17984,17980,17986,17994,17997,18017,18033,18027,18026,18022,18022,18022,18021,18020,18024,18028,18030,18029,,
PPI,PPI2201,CTCT,poihipi,Geo,Geo,2026-07-30,18027,18026,18026,18029,18026,18026,18025,18026,18026,18027,18029,18030,18013,18000,17998,17998,17994,17993,17990,17982,17991,17979,17980,17967,17950,17944,17928,17919,17934,17933,17931,17932,17928,17923,17891,17888,17886,17883,17879,17884,17953,17953,17951,17950,17948,17943,17947,17938,,
PPI,PPI2201,CTCT,poihipi,Geo,Geo,2026-07-31,17922,17918,17912,17904,17894,17895,17895,17892,17922,17983,17991,17991,17987,17981,17977,17973,17966,17954,17941,17927,17923,17923,17923,17919,17921,17943,17950,17944,17945,17950,17945,17949,17949,17965,17967,17970,17997,18005,18009,18018,18023,18021,18022,18022,18026,18024,18024,18020,,
ROT,ROT1101,CNIR,wheao_flaxy,Hydro,Hydro,2026-07-01,4786,4784,4785,4786,4784,4781,4784,4782,4780,4782,4785,4778,4784,4784,6294,6374,6278,6729,6746,6830,6034,6241,6264,6361,6361,6370,6336,6369,6376,6375,6372,6384,6396,6396,6399,6396,6394,6393,6393,6392,6390,6391,6390,6389,6388,4491,4285,4284,,
ROT,ROT1101,CNIR,wheao_flaxy,Hydro,Hydro,2026-07-02,4284,4284,4283,4285,4283,4285,4285,4289,4285,4281,4281,4278,4293,4283,6082,6373,6368,6361,6365,6369,6384,6514,6502,6589,6728,6738,6725,6731,6734,4780,4439,4444,4442,6278,8719,8875,8880,8867,8872,8862,8853,8849,8845,8837,6884,6471,4440,4041,,
ROT,ROT1101,CNIR,wheao_flaxy,Hydro,Hydro,2026-07-03,4040,4039,4039,4041,4041,4039,4036,4042,4528,4534,4527,4533,6991,8955,8868,8866,8856,8849,8832,8836,6626,6479,6479,6476,6475,5123,4046,4044,4044,4044,4045,4040,4049,4041,5475,8743,8861,8856,8851,6753,6473,6472,6486,6468,6472,6467,6481,6556,,
ROT,ROT1101,CNIR,wheao_flaxy,Hydro,Hydro,2026-07-04,6421,6424,6420,6421,6421,6420,6419,6416,6417,6417,6417,6415,6415,6416,6412,4315,4383,4386,4733,4789,4793,4791,4754,4045,4047,4046,4046,4045,4044,4046,4045,4042,4046,4043,6544,8723,8856,8835,8605,8608,8596,6661,6347,4228,4040,4041,3568,3484,,
ROT,ROT1101,CNIR,wheao_flaxy,Hydro,Hydro,2026-07-05,3442,3447,3444,3444,3440,3440,3441,4013,4045,3807,3789,3795,3799,3801,3790,3794,3792,3799,4034,5906,6490,6495,6492,6484,6505,6496,6486,6511,6487,6490,6511,6493,6484,6498,6477,6482,6489,6492,6486,6483,6486,6484,6494,6488,4850,4040,4043,4045,,
ROT,ROT1101,CNIR,wheao_flaxy,Hydro,Hydro,2026-07-06,4042,4046,4045,4046,4049,4042,4044,4044,4048,4043,4045,4043,3872,6298,6496,6488,8122,8451,8769,8898,7243,6490,6501,6487,6486,4878,4293,4296,4838,5044,5045,5039,4660,4543,5571,8762,9128,9138,9135,9122,9113,7202,6980,6978,6978,6974,6975,5240,,
ROT,ROT1101,CNIR,wheao_flaxy,Hydro,Hydro,2026-07-07,4096,4546,4544,4543,4547,4541,4547,4544,4544,4545,4546,4549,4152,6865,7150,6829,6738,6750,6739,6739,6735,6734,6739,6739,6733,6741,6739,6739,6744,6733,6735,6752,6939,6940,6945,6955,6966,6975,6973,6971,6976,6972,6996,4774,4541,4542,4543,4544,,
ROT,ROT1101,CNIR,wheao_flaxy,Hydro,Hydro,2026-07-08,4544,4542,4539,4542,4540,4538,4539,4539,4143,4092,4091,4091,4093,6497,9133,9369,9335,9362,9372,9345,9342,7228,6966,6972,4793,4039,4038,4037,4045,4042,4040,4043,4043,4050,6490,9056,9366,8434,8386,8382,8373,8374,7021,3936,3639,3649,3645,3647,,
ROT,ROT1101,CNIR,wheao_flaxy,Hydro,Hydro,2026-07-09,4037,4042,4041,4042,4043,4042,4038,4042,4041,4039,4035,4038,4030,4029,6401,8245,8378,8396,8395,8379,8374,8367,8362,8586,7258,5154,4625,4787,4787,4788,4789,4789,4792,4785,6503,8744,8857,9066,9090,9084,9072,9072,9085,9066,9040,5582,4536,4542,,
ROT,ROT1101,CNIR,wheao_flaxy,Hydro,Hydro,2026-07-10,4546,4536,4539,4539,4540,4540,4539,4540,4540,4537,4540,4540,4540,4538,6435,6961,6987,6968,6959,6967,6973,6971,6967,6969,6979,6967,6961,6964,6970,6971,6968,6970,6972,6965,6965,6964,6966,6965,6969,6966,6966,6964,6981,4885,4536,4539,4539,4540,,
ROT,ROT1101,CNIR,wheao_flaxy,Hydro,Hydro,2026-07-11,4547,4539,4455,4291,4290,4293,4289,4291,4293,4290,4290,4288,4291,4289,6228,6969,6958,6963,6933,6729,6731,6732,6737,6727,6727,6723,6725,6731,6735,6737,6723,6722,6720,6736,6737,8544,8879,8858,8855,8849,6942,6571,6481,4565,4037,3814,3333,3295,,
ROT,ROT1101,CNIR,wheao_flaxy,Hydro,Hydro,2026-07-12,3291,3294,3294,3291,3292,3293,3293,3294,3850,4037,4046,4037,6111,6723,6736,6728,8799,9101,8943,8864,6838,6723,6730,6720,6717,6723,6710,6720,6719,6718,6721,6728,6721,6718,6713,8732,8848,8867,8841,7065,6967,6719,6736,4573,4223,4287,4289,4295,,
ROT,ROT1101,CNIR,wheao_flaxy,Hydro,Hydro,2026-07-13,4288,4289,4436,4540,4545,4535,4536,4537,4535,4536,4531,4530,4538,4534,6435,6730,9035,9169,9175,9191,7159,6484,6485,6474,6474,6481,6477,6482,6478,6475,6495,6962,6960,8808,9324,9310,9328,9311,9311,9209,8456,5579,4045,4041,4036,4039,4131,4290,,
ROT,ROT1101,CNIR,wheao_flaxy,Hydro,Hydro,2026-07-14,4287,4290,4287,4290,4287,4286,4289,4284,4287,4284,4291,4318,6330,6378,6402,8690,9268,9280,9271,8220,6389,6377,6388,6149,8711,6661,5663,5648,4326,4534,4539,4535,4537,4540,4536,6439,8853,9029,9010,9014,9006,8997,9008,8994,6927,4790,4364,4534,,
ROT,ROT1101,CNIR,wheao_flaxy,Hydro,Hydro,2026-07-15,4539,4540,4540,4537,4559,4638,4636,4635,4641,4642,4631,4638,4557,4539,6104,9036,9349,9349,9346,9339,9335,9329,6762,5152,4539,4537,4544,4541,4544,4536,4542,4540,4538,4538,5861,8725,8878,8876,8867,8864,8861,8850,8844,7039,6966,6950,4491,4043,,
ROT,ROT1101,CNIR,wheao_flaxy,Hydro,Hydro,2026-07-16,4039,4234,4541,4538,4544,4540,4538,4537,4433,4431,4446,4434,4438,4433,6023,8716,8857,8840,8881,8890,9011,9089,6708,5104,4542,4538,4539,4537,4547,4538,4535,4544,4549,4543,5972,9022,9113,9108,9115,9105,9104,9135,9333,9333,9310,9334,7071,6966,,
ROT,ROT1101,CNIR,wheao_flaxy,Hydro,Hydro,2026-07-17,4538,4539,4537,4543,4544,4544,4364,4295,4290,4282,4291,4287,4286,4295,6013,6719,8541,8643,8613,8620,8831,6843,5002,4291,4296,4534,4540,4542,4543,4542,4539,4374,4284,4294,5958,8737,8865,8864,8870,8903,9087,8989,8843,8838,8840,6849,4730,4541,,
ROT,ROT1101,CNIR,wheao_flaxy,Hydro,Hydro,2026-07-18,4536,4538,4537,4484,4295,4289,4286,4291,4290,4292,4287,4289,4291,4292,4288,5999,8909,9109,9095,9084,6855,6722,6709,6741,6699,6731,5060,4290,4291,4289,4292,4297,4334,4303,6143,8703,8841,8860,8851,8792,8603,6569,6476,4602,3790,3789,3676,3276,,
ROT,ROT1101,CNIR,wheao_flaxy,Hydro,Hydro,2026-07-19,3298,3296,3293,3290,3294,3291,3293,4128,4289,4287,4290,4102,4045,4037,5917,6495,8568,8866,8871,8863,6894,6479,6478,6483,6481,4889,4464,4541,4537,4538,4540,5932,8132,8875,8867,8860,8857,8852,8849,8846,8841,8837,8834,8826,8822,6829,4851,4323,,
ROT,ROT1101,CNIR,wheao_flaxy,Hydro,Hydro,2026-07-20,4539,4534,4538,4537,4536,4536,4539,4537,4537,5983,8833,8845,8860,8824,8828,6578,5117,4543,4535,4542,4535,4539,4539,4543,4538,4536,4539,4540,4542,4537,4539,4539,4537,4550,4537,4542,4375,4290,4292,4289,4292,4292,4294,4291,4293,4287,4297,4292,,
ROT,ROT1101,CNIR,wheao_flaxy,Hydro,Hydro,2026-07-21,4294,4289,4293,4278,4138,4143,4139,4141,4141,4142,4139,4144,4154,4134,4141,4136,4143,4141,4143,4138,4144,4139,4144,4143,4147,4146,4146,4144,4144,4142,4144,4138,4144,4142,4141,4141,4139,4139,4138,4140,4140,4143,4143,4139,4145,4142,4139,4140,,
ROT,ROT1101,CNIR,wheao_flaxy,Hydro,Hydro,2026-07-22,4141,4139,4147,4139,4144,4137,4132,4146,4138,4142,4150,4135,4138,4129,4138,4130,4132,4132,4138,4142,4139,4143,4146,4142,4143,4139,4143,4144,4142,4142,4142,4140,4139,4142,4141,4144,4138,4137,4142,4141,4140,4140,4140,4140,4140,4140,4139,4139,,
ROT,ROT1101,CNIR,wheao_flaxy,Hydro,Hydro,2026-07-23,4139,4140,4143,4140,4139,4142,4137,4141,4139,4139,4147,4138,4145,4136,4139,4137,4137,4132,4142,4150,4144,4145,4496,4522,4521,5911,6002,5999,5997,5993,8615,8905,8895,8909,8889,8873,8882,8874,8871,9339,9349,9341,6676,6484,4262,4292,4292,4290,,
ROT,ROT1101,CNIR,wheao_flaxy,Hydro,Hydro,2026-07-24,4294,4293,4291,4286,4290,4287,4280,4287,4283,4286,4286,4283,4283,6438,8555,8871,8879,8871,8880,8871,6891,6802,4660,4533,4535,4532,4537,4537,4540,4543,4541,4531,4532,4540,6267,8626,8883,8871,8879,8864,8851,6586,6492,4283,4284,4280,4283,4297,,
ROT,ROT1101,CNIR,wheao_flaxy,Hydro,Hydro,2026-07-25,4291,4299,4289,4292,4292,4288,4298,4291,4288,4293,4289,4284,4304,5921,6530,6476,6513,6492,6491,6488,6493,6486,6485,6492,5405,4290,4292,4289,6266,6975,6972,6985,6977,6976,8931,8922,8864,8867,8876,8873,8867,8858,8860,6793,4563,4289,3565,3542,,
ROT,ROT1101,CNIR,wheao_flaxy,Hydro,Hydro,2026-07-26,3541,3544,3542,3543,3547,3543,3544,3544,3545,4029,4043,4041,4040,6252,6490,6497,6481,6492,6486,6489,6485,6482,6496,6488,5600,4287,4292,4291,4289,4303,4289,4290,4288,6177,6732,8632,9122,9122,9123,9117,9116,9099,9105,9108,9102,7185,4757,4043,,
ROT,ROT1101,CNIR,wheao_flaxy,Hydro,Hydro,2026-07-27,4042,4041,4040,4041,4041,4044,4329,4540,4541,4535,4537,4555,6718,6975,8973,9123,9337,9790,9578,9380,9387,9353,9344,6887,6729,5045,4286,4292,4527,4540,4540,4535,4537,4541,5472,6340,6345,6346,6345,6198,6489,6477,6506,6481,6493,6484,6482,6502,,
ROT,ROT1101,CNIR,wheao_flaxy,Hydro,Hydro,2026-07-28,5011,4288,4294,4291,4288,4293,4291,4290,4294,4287,4293,4290,4299,4289,5614,6490,8281,8886,8885,8886,6813,6729,6745,6731,6753,5162,4538,4539,4538,4541,4438,4289,4291,4288,6073,8730,8883,8878,8642,8644,8630,8625,8712,8858,6734,6488,6494,4669,,
ROT,ROT1101,CNIR,wheao_flaxy,Hydro,Hydro,2026-07-29,4034,4042,4041,4043,4043,4041,4040,4041,4043,4035,4037,4041,5558,6227,9507,9821,9785,9342,9331,9230,6469,6481,6474,4233,4540,4375,4043,4043,4044,4048,4049,4033,4044,4037,6462,6979,8958,9097,9103,9097,9089,9085,9087,9006,6713,5017,4286,4286,,
ROT,ROT1101,CNIR,wheao_flaxy,Hydro,Hydro,2026-07-30,4277,4288,4290,4282,4288,4286,4286,4288,4287,4283,4287,4295,4319,6047,8888,9073,9324,9330,9334,9310,6717,4372,4533,4537,4537,4189,4046,4034,4046,4042,4039,4045,4043,4046,6432,8685,8852,8853,8847,8844,8840,8827,8847,8826,6825,4915,4287,4291,,
ROT,ROT1101,CNIR,wheao_flaxy,Hydro,Hydro,2026-07-31,4287,4290,4295,4292,4287,4282,4299,4288,4287,4283,4289,4285,4299,4305,6199,8515,9117,6970,6729,6739,4778,4537,4537,4536,4540,4545,4540,4520,4046,4049,4055,4038,4039,4051,6250,8585,8887,8887,8867,8875,8864,8862,8868,6560,6480,4445,4536,4539,,
ROX,ROX1101,CTCT,roxburgh,Hydro,Hydro,2026-07-01,42063,42040,42065,42031,42069,42032,42069,42045,42073,42005,42062,41975,42063,42035,42073,42069,42084,40065,40239,40042,40070,39990,40004,40005,40055,40087,40093,40434,40265,40286,39961,40064,40085,39982,40129,40012,40075,40013,40099,40039,40047,40074,40043,40047,40092,40030,40044,40048,,
ROX,ROX1101,CTCT,roxburgh,Hydro,Hydro,2026-07-02,40098,40023,40050,40058,40049,40050,40047,40051,40118,39979,39947,40110,40163,40095,40061,40043,40043,40104,40010,40636,41998,42070,42081,40677,40028,40074,40028,40064,40043,40077,40010,40102,40031,39974,40133,40044,40097,40026,40061,40034,40050,40053,40057,40004,20557,20012,19980,20056,,
ROX,ROX1101,CTCT,roxburgh,Hydro,Hydro,2026-07-03,20048,20012,20033,20018,20031,20016,20034,20021,20033,20024,20003,19989,37482,40148,39977,40079,40034,40060,40038,40041,40040,40070,40050,40047,40046,39966,40170,40032,40044,40062,40054,40006,40010,40102,40076,40005,40052,40067,40069,40049,40036,40041,41993,42080,42041,41729,40030,39710,,
ROX,ROX1101,CTCT,roxburgh,Hydro,Hydro,2026-07-04,40401,39951,40028,40042,40051,40088,40056,40003,40074,40050,40142,39944,40057,40061,40068,40053,40046,40100,39950,40096,40053,40036,40080,40071,40005,40065,40040,41568,42050,42035,42077,41956,42121,42047,42140,41977,42107,42013,42067,42045,40037,40020,40075,40068,40066,39996,40070,40062,,
ROX,ROX1101,CTCT,roxburgh,Hydro,Hydro,2026-07-05,39998,40121,20195,20015,19979,58,0,0,0,0,0,0,18613,20018,20024,20037,37619,35171,39931,31671,36466,30330,30048,30149,40011,40068,39989,40116,41453,42043,42177,41968,42052,41986,42137,42029,42086,42047,42005,42075,42029,42066,42073,42055,42070,42054,42035,42030,,
ROX,ROX1101,CTCT,roxburgh,Hydro,Hydro,2026-07-06,42107,42017,38885,36289,38056,40368,40038,39949,36562,36211,37009,36949,37158,36730,38462,40082,40103,40047,40035,40047,40025,40033,40058,40022,40137,40034,40050,40020,40067,40040,40068,40031,40083,40035,40079,40079,40055,40008,40067,40039,40078,40052,41262,42169,42108,41974,42083,40140,,
ROX,ROX1101,CTCT,roxburgh,Hydro,Hydro,2026-07-07,40141,40016,40092,40042,40066,40049,40031,40068,40045,40005,40116,39478,36112,39334,40244,40037,40029,40096,40013,40062,40044,40039,40051,40052,40066,40054,40048,40058,40057,40181,39810,40062,40457,39929,40347,39944,40060,40086,40006,40058,41158,42022,42107,42054,42062,42049,42022,42092,,
ROX,ROX1101,CTCT,roxburgh,Hydro,Hydro,2026-07-08,42056,40359,40027,40058,40068,40044,40015,40096,40044,40087,40030,40045,40042,40070,40080,40069,39923,40214,40221,39935,40093,40024,40048,40035,40080,40070,40005,40104,40052,40079,39994,40057,40038,40053,40148,39936,40114,40045,40037,40044,40055,40047,39994,40094,40042,40091,40005,40110,,
ROX,ROX1101,CTCT,roxburgh,Hydro,Hydro,2026-07-09,40012,40061,40068,40081,40038,40036,40036,40047,40041,40024,37395,40044,40010,40033,40232,40056,40048,40110,40063,39949,40159,40014,40078,40041,39996,40065,40067,40007,40143,40015,40061,40025,40133,39986,40134,39980,40063,40028,40069,40060,40018,40049,40130,40110,39924,40142,39992,40137,,
ROX,ROX1101,CTCT,roxburgh,Hydro,Hydro,2026-07-10,40067,40015,40052,40043,39999,20073,20020,20040,20022,20025,20023,20023,20015,20037,24567,39997,40083,40317,42032,42085,42006,42048,42093,41995,42063,42026,42116,42035,42042,42080,42015,42045,42033,42039,42105,42034,42067,42040,42038,40220,40055,40033,40071,40054,40066,40047,40047,40070,,
ROX,ROX1101,CTCT,roxburgh,Hydro,Hydro,2026-07-11,40050,40039,40055,40044,40065,40038,40058,40058,40035,40067,40037,40060,40015,40079,40139,39997,40039,41431,42051,42064,42055,42039,42070,42015,42057,42075,42039,42037,42059,42062,42055,42027,42047,42043,42168,42001,42137,41982,42086,42000,42095,42028,42071,42029,42078,42035,41148,40038,,
ROX,ROX1101,CTCT,roxburgh,Hydro,Hydro,2026-07-12,40068,40037,40052,20312,20033,20016,20029,20024,20021,20027,20033,20014,20030,20026,20032,20021,30714,31227,27264,20031,20047,39380,40047,40066,40039,40059,20319,20031,20022,20027,20019,20231,39988,40019,40043,40000,40138,40063,40071,40023,40056,40485,42137,42049,42060,20750,20044,20042,,
ROX,ROX1101,CTCT,roxburgh,Hydro,Hydro,2026-07-13,20012,226,0,0,0,0,0,0,0,0,0,0,2168,22728,39989,40041,40105,39939,40134,39983,40120,41040,41087,40995,41002,41119,40979,41062,41100,41015,41143,40936,41077,41048,41063,41038,41066,41031,41086,41042,41048,40995,41162,42084,42017,42090,42024,42058,,
ROX,ROX1101,CTCT,roxburgh,Hydro,Hydro,2026-07-14,41812,20390,20007,507,0,0,0,0,0,0,0,0,0,0,0,18600,37745,40080,40509,41058,41039,40986,41060,40953,41080,41069,40947,41222,41048,40913,41131,39571,40018,41047,41066,40032,40094,40033,40015,40118,40012,40034,40119,40041,40048,40012,40052,40076,,
ROX,ROX1101,CTCT,roxburgh,Hydro,Hydro,2026-07-15,40018,40086,40142,40040,40038,40086,40054,40004,40075,40124,40006,40108,40054,40081,40107,40009,40061,40069,40034,40084,39181,39958,40103,40063,40038,40024,40168,39983,40067,40045,40081,39946,40099,40092,40155,39925,40112,40058,40030,40044,40018,40094,40023,40071,40064,39930,40159,37432,,
ROX,ROX1101,CTCT,roxburgh,Hydro,Hydro,2026-07-16,38209,39787,40098,28382,28372,25088,25082,25086,25054,25020,25719,27515,38326,37729,37425,38811,39979,37580,28567,29142,28423,27457,28591,38886,40023,27615,27549,27561,27766,27470,27511,27644,27631,27667,31564,36606,40086,40048,40027,40044,40057,40059,40018,40107,39930,40096,40078,28917,,
ROX,ROX1101,CTCT,roxburgh,Hydro,Hydro,2026-07-17,29623,28650,27524,27548,27540,27649,27520,27568,27628,27555,27591,27571,40019,39831,38112,40096,40103,39988,40064,40027,31057,27540,27937,27506,27574,27572,27535,27626,27516,27546,27512,27595,27507,27585,35217,40009,40072,39990,40093,38907,37953,38268,40042,39011,40079,35159,39912,33721,,
ROX,ROX1101,CTCT,roxburgh,Hydro,Hydro,2026-07-18,37825,27613,27570,27751,27552,27574,27523,27571,27621,27614,27558,27562,39803,40101,30628,39959,40010,40075,40051,40051,38296,37987,32979,27660,27443,27652,27583,27565,27518,27528,27694,28102,29107,28355,39993,40103,40038,39092,40020,40074,36179,33088,36879,37909,39859,36133,37971,40029,,
ROX,ROX1101,CTCT,roxburgh,Hydro,Hydro,2026-07-19,39921,40106,40092,39930,40059,20074,20039,20003,20049,20018,20048,33508,40041,40050,40109,29221,31695,37596,35608,35173,39429,40046,40039,40038,40082,40029,39995,39898,39983,40004,40066,39961,40062,40035,40058,40028,40047,40072,40051,40049,40056,40062,40026,40084,40093,40024,39966,40152,,
ROX,ROX1101,CTCT,roxburgh,Hydro,Hydro,2026-07-20,40086,40012,40057,40034,40058,40050,40038,40050,40041,40076,31768,40010,40117,40063,40046,40074,40040,40029,40062,40087,40020,40072,40048,40057,40001,39845,34636,32849,40055,40013,40078,39078,40069,40062,40078,40085,40079,40008,40052,40027,40066,40075,40054,40051,40022,40011,40127,40042,,
ROX,ROX1101,CTCT,roxburgh,Hydro,Hydro,2026-07-21,40084,40029,40043,40048,40063,40068,40050,40017,40066,40052,38582,39321,40200,40087,38410,40091,40030,40088,40018,40066,40010,40064,40075,23935,0,29057,40031,40037,40635,40120,38045,40010,39583,39761,41034,40101,40522,41074,41024,41668,42110,40931,40023,40065,40048,40071,40047,39997,,
ROX,ROX1101,CTCT,roxburgh,Hydro,Hydro,2026-07-22,40052,40048,40156,40057,40070,40021,40046,40118,40001,40072,40133,40048,40132,40185,40046,40145,40157,39968,40048,40113,40001,40012,35434,35141,30072,30490,30039,30093,30027,30196,30785,34922,40035,38183,34014,39983,40110,40052,40055,40036,40067,40038,40045,40040,40077,40023,40049,40065,,
ROX,ROX1101,CTCT,roxburgh,Hydro,Hydro,2026-07-23,40039,40068,40055,40048,40056,40071,40020,40051,40055,40010,40095,40059,40162,40139,39985,40114,40019,40092,40060,40180,39962,40084,40037,40046,40040,40062,40067,40011,40113,39938,40299,39779,40190,40082,40019,39999,40077,40014,40112,40014,40055,40058,40050,40073,39985,40061,40091,39967,,
ROX,ROX1101,CTCT,roxburgh,Hydro,Hydro,2026-07-24,40137,40051,40054,39977,39947,30345,34943,30341,30027,30524,35080,40006,40016,40083,39942,40175,40057,40033,40114,39990,40069,40030,40046,40052,40039,40022,40101,40103,39986,40095,40089,39905,41884,42072,42091,42130,42035,42008,41385,41063,40578,40012,40088,40108,40017,40016,40085,40045,,
ROX,ROX1101,CTCT,roxburgh,Hydro,Hydro,2026-07-25,40055,40115,40009,20179,20058,19987,19981,20091,20030,20037,20018,20017,20106,19808,19541,16546,23404,39972,40027,40054,40096,39991,40029,40094,38985,28120,28050,28020,38494,39998,40086,40074,40033,40090,40111,39944,40047,40099,40046,40112,40006,40034,40072,40054,40099,40068,40010,40092,,
ROX,ROX1101,CTCT,roxburgh,Hydro,Hydro,2026-07-26,40018,40063,40031,40082,40047,30040,40065,40054,38820,32544,33102,40040,40065,37929,37618,37534,37565,37541,37539,37544,33490,32468,15357,12511,12530,16968,20033,20012,20024,19934,20022,20031,23755,41435,42045,42028,42030,42042,42077,42033,42066,42039,42049,42062,42021,40301,40055,40062,,
ROX,ROX1101,CTCT,roxburgh,Hydro,Hydro,2026-07-27,40051,40025,40061,40032,40008,40075,40066,40052,40044,40044,40048,40026,40088,39989,40324,39974,40084,40094,40044,40105,40024,40004,40041,40068,40054,40038,39997,40139,40041,40063,39952,40019,40049,40052,40092,39917,39523,40195,40040,40048,40040,40039,39997,40116,40089,40023,40039,40162,,
ROX,ROX1101,CTCT,roxburgh,Hydro,Hydro,2026-07-28,40079,40012,40082,40017,40094,40036,40054,40072,40050,40007,40090,40124,40036,40011,40032,40095,40049,40135,39975,40112,41965,42012,42069,42015,21269,20408,20015,20036,20056,20002,20030,20011,20566,35206,34009,38161,40073,40048,40079,40068,40007,40020,40083,40049,40031,40108,40062,40036,,
ROX,ROX1101,CTCT,roxburgh,Hydro,Hydro,2026-07-29,40040,40084,40036,40046,40045,30240,30042,30049,25620,25037,25049,25095,29996,30059,30048,39947,40090,40049,40002,36882,39405,40068,39369,39562,34940,20074,20050,20024,20010,20049,20111,34738,40156,40003,39661,40073,40094,40022,40042,40039,40060,40045,40075,39998,40068,40091,40011,40014,,
ROX,ROX1101,CTCT,roxburgh,Hydro,Hydro,2026-07-30,20420,20027,20028,19993,20036,20017,20019,20066,19954,20050,20045,20001,20121,37256,40229,39962,40045,40114,40079,39922,40210,39938,40087,40066,40012,29923,30125,30005,30071,39939,39908,40172,40025,40073,40071,39954,40169,40003,40012,40057,40048,40011,40114,40038,40071,40031,40048,40054,,
ROX,ROX1101,CTCT,roxburgh,Hydro,Hydro,2026-07-31,20295,198,0,0,0,0,0,0,0,0,18368,20026,19973,38348,36042,39978,40212,38109,27577,30730,26029,26151,26028,25952,26145,26088,25997,26224,26026,26142,30085,38274,39989,40178,40002,39969,40173,40015,40024,40093,40048,40040,40074,40064,40158,39973,40162,40036,,
ROX,ROX2201,CTCT,roxburgh,Hydro,Hydro,2026-07-01,100164,100109,100157,100079,100165,100101,100168,100115,100181,100029,100155,99911,100151,100067,100156,100169,100195,100167,100477,99990,100170,99971,100013,100004,100149,100211,100234,100950,100442,100503,99874,100168,100164,99947,100322,100016,100187,100030,100247,100091,100124,100185,100022,100121,100227,100094,100107,100122,,
ROX,ROX2201,CTCT,roxburgh,Hydro,Hydro,2026-07-02,100246,100060,100128,100141,100118,100123,100118,100114,100289,99937,99877,100289,100302,100238,100154,100085,100106,100254,80480,80551,81973,82131,82154,80731,80064,80144,80056,80124,70670,65173,85638,100229,100078,99931,100307,100107,100243,100060,100153,100087,100121,100127,100160,100013,100306,100069,99902,100250,,
ROX,ROX2201,CTCT,roxburgh,Hydro,Hydro,2026-07-03,100237,100063,100169,100088,100157,100086,100169,100102,100161,100120,100029,99981,100249,100370,99941,100182,100087,100144,100096,100101,100092,100178,100124,100120,100115,99919,100425,100086,100110,100154,100138,100017,100023,100258,100190,100006,100136,100160,100173,100118,100090,100108,102063,102208,102120,101795,100103,99301,,
ROX,ROX2201,CTCT,roxburgh,Hydro,Hydro,2026-07-04,100912,99854,100069,100101,100115,100226,100142,99986,100184,100122,100345,99850,100147,100145,100159,100131,100116,100254,99872,100228,100127,100090,100196,100173,100016,100167,100097,100134,100122,100105,100179,99929,100205,100104,100323,99949,100278,100036,100162,100152,100102,100047,100185,100168,100172,99996,100171,100151,,
ROX,ROX2201,CTCT,roxburgh,Hydro,Hydro,2026-07-05,99985,100312,100068,99468,98600,98216,97842,97000,98002,98570,97891,96884,100108,100144,100109,100173,100023,100212,100104,100128,100115,100116,100123,100162,100069,100173,99968,100300,100101,100104,100403,99868,100130,99962,100308,100079,100201,100121,100023,100185,100078,100171,100139,101391,102169,102131,102091,102075,,
ROX,ROX2201,CTCT,roxburgh,Hydro,Hydro,2026-07-06,102257,102053,101739,100077,93559,82988,80109,89503,91072,96523,98680,94912,96515,100198,100242,100207,100258,100117,100089,100118,100061,100084,100064,100037,100345,100083,99647,100048,100169,100099,100169,100075,100143,100084,100192,100193,100139,99997,100132,100090,100194,100127,101175,102411,102214,101918,102192,100198,,
ROX,ROX2201,CTCT,roxburgh,Hydro,Hydro,2026-07-07,100303,100030,100227,100103,100174,100120,96044,95168,95105,94200,99495,99551,96315,99708,100493,99994,100071,100237,100032,100154,100110,100095,100137,100128,100166,100137,100118,100152,100132,100467,99517,100144,101154,99810,100809,99819,100147,100224,100029,100155,100182,100055,100184,100131,100145,100132,100057,100225,,
ROX,ROX2201,CTCT,roxburgh,Hydro,Hydro,2026-07-08,100146,100107,100070,100141,100169,100108,100044,100238,100108,100225,100002,100107,100045,100180,100164,100094,99794,100530,100421,99790,100236,100048,100117,100038,100198,100176,100013,100254,100128,100195,99989,100141,100099,100129,100372,99832,100282,100108,100098,100113,100143,100113,99963,100231,100101,100228,100001,100277,,
ROX,ROX2201,CTCT,roxburgh,Hydro,Hydro,2026-07-09,100034,100164,100170,100200,100090,100095,100085,100123,100104,100090,100154,100055,99901,100049,100561,100093,100111,100276,100158,99778,100401,100056,100201,100103,99996,100158,100166,100019,100336,100025,100152,100065,100306,99955,100337,99940,100158,100069,100176,100151,100047,100125,100250,100277,99817,100340,99982,100311,,
ROX,ROX2201,CTCT,roxburgh,Hydro,Hydro,2026-07-10,100130,100038,100126,100113,100167,100114,100100,100198,100109,100119,100107,100118,100138,100196,95981,100024,100138,100451,102041,102215,102030,102125,102222,102007,102151,102068,102270,102090,102121,102191,102043,102103,102085,102092,101742,101086,101169,101097,101103,100248,100138,100075,100096,100131,100172,100117,100130,100183,,
ROX,ROX2201,CTCT,roxburgh,Hydro,Hydro,2026-07-11,100120,100110,100132,100114,100145,100103,100141,100146,100091,100168,100091,100137,100039,100194,100309,99970,100103,100102,102108,102156,102133,102112,102166,102040,102144,102185,102097,102101,102146,102147,102128,102072,102116,102057,102350,101959,102342,101879,102216,102010,102224,102087,102155,102058,102206,102092,101277,100092,,
ROX,ROX2201,CTCT,roxburgh,Hydro,Hydro,2026-07-12,100177,100089,100128,100085,100168,100080,100146,100121,100107,100142,100197,100075,100160,100131,100138,100066,100126,93516,87763,80245,80237,98594,100086,100173,100103,100145,100111,100151,100102,100136,100098,99972,100060,90104,100070,100002,100348,100099,100173,100060,100138,100083,100236,100111,100157,99985,100224,100205,,
ROX,ROX2201,CTCT,roxburgh,Hydro,Hydro,2026-07-13,100068,100183,100111,100017,100182,100219,99967,100232,100163,100288,100007,99996,98073,97082,100061,100105,100268,99843,100334,99959,100297,82463,82170,81991,81999,82279,102100,102656,102747,102541,102851,102343,102695,102623,102636,102588,102669,102576,102707,102612,102625,102486,100353,100199,100055,100221,100052,100145,,
ROX,ROX2201,CTCT,roxburgh,Hydro,Hydro,2026-07-14,100097,100207,100030,100196,100123,100187,100060,100166,100158,100096,98948,99271,100183,100122,100095,100363,99904,100208,101273,102646,102602,102463,102651,102408,99607,102265,102370,103058,102621,102287,102653,100183,100043,102617,102660,100084,100229,100084,100039,100289,100030,100090,100242,100134,100125,100029,100130,100185,,
ROX,ROX2201,CTCT,roxburgh,Hydro,Hydro,2026-07-15,100051,100161,100350,100100,80946,80234,70346,69999,70227,80334,80038,98596,99177,100188,100243,100023,100148,100167,100085,100211,97050,98401,95929,100144,100111,100071,100277,100002,100164,100102,100197,99850,100251,100227,100379,99745,100283,100144,100070,100111,100044,100255,100063,100175,100147,99832,100395,100078,,
ROX,ROX2201,CTCT,roxburgh,Hydro,Hydro,2026-07-16,100065,100093,100234,80206,81429,80200,80148,80189,80040,80039,81119,79520,100125,100023,100239,100078,99978,100026,86269,99895,99570,99163,83365,99657,100089,80290,80123,80110,80510,79856,80017,80278,80199,80301,86453,99798,100225,100123,100071,100113,100138,100193,100040,100268,99759,100233,100172,80562,,
ROX,ROX2201,CTCT,roxburgh,Hydro,Hydro,2026-07-17,82729,80017,80062,80121,80006,80353,80048,80167,80254,80084,80137,80148,99897,100215,100157,100242,100256,99971,100160,100061,90901,85035,80349,80012,80188,80176,80087,80310,80010,80117,80010,80231,80030,80187,80372,99961,100176,99975,100232,99952,100021,100097,100087,100166,100198,98804,100048,93110,,
ROX,ROX2201,CTCT,roxburgh,Hydro,Hydro,2026-07-18,97839,98998,98359,80340,80072,80138,80057,80111,80154,80104,80097,80086,97775,100255,100045,100098,100146,100149,100124,100129,80514,80181,79930,80279,79860,80383,80201,80158,80033,80061,80409,82418,81315,81010,80111,80254,80077,79886,80051,80178,79942,80115,80272,80083,82406,78394,80087,80194,,
ROX,ROX2201,CTCT,roxburgh,Hydro,Hydro,2026-07-19,80198,80218,60368,59784,40623,40030,40132,58140,60152,60059,60133,60048,60045,60083,78704,80122,80092,79795,84794,96027,99834,100119,100095,100085,100201,100071,100193,100105,100088,100136,100295,99980,100161,100075,100153,100067,100116,100177,100125,100125,100135,100161,100036,100202,100230,100046,99929,100372,,
ROX,ROX2201,CTCT,roxburgh,Hydro,Hydro,2026-07-20,100188,80287,80047,60082,60121,60106,60070,60103,60269,67479,87309,92348,100249,100134,100111,100149,100097,100074,100156,100216,100059,100180,100122,100147,99993,100041,99185,98641,100171,100034,100187,99196,100174,100064,100194,100212,100201,100019,100128,100061,100167,100189,100104,100121,100062,100042,100273,100107,,
ROX,ROX2201,CTCT,roxburgh,Hydro,Hydro,2026-07-21,100212,100074,100102,100121,100166,100172,100123,100042,100170,100129,100154,100044,100381,100305,100099,100237,100067,100218,100045,100168,100026,100156,100196,42186,70103,78902,80131,97388,96753,98999,98082,99999,100205,101525,102591,100229,101302,102685,102555,102535,102765,101211,100075,100176,100127,100200,100120,99990,,
ROX,ROX2201,CTCT,roxburgh,Hydro,Hydro,2026-07-22,100130,100115,100341,100138,100172,100050,100115,100293,100009,100181,99608,99669,100237,100455,100034,100348,100388,99867,100117,100279,100008,100028,98834,98499,81274,96090,87658,82192,84872,82194,85953,100127,91697,85515,96931,99883,100268,100132,100138,100091,100186,100103,100114,100102,100188,100059,100122,100163,,
ROX,ROX2201,CTCT,roxburgh,Hydro,Hydro,2026-07-23,100101,100171,100137,100120,100138,100171,100043,100132,100135,100019,100174,97626,98079,100315,99951,100284,100048,100233,100150,100357,99876,100217,80766,95626,99161,100152,100167,100030,100282,99846,96120,96993,92394,95747,100097,100004,100188,100034,100281,100034,100140,100146,100128,100175,99966,100159,100230,99916,,
ROX,ROX2201,CTCT,roxburgh,Hydro,Hydro,2026-07-24,100345,100141,100146,99943,99865,80934,80161,80054,80162,80220,87294,96706,99965,100227,99861,100485,100142,100084,100284,99966,100177,100070,100112,100132,100090,100031,100257,100257,99968,100197,100175,99753,100245,100183,101870,102812,101125,102502,102618,102660,101444,100030,100187,100271,100036,100041,100214,100061,,
ROX,ROX2201,CTCT,roxburgh,Hydro,Hydro,2026-07-25,100129,100289,100046,83949,80307,80583,82018,80467,80152,80202,99927,100091,100701,99005,83442,75300,93290,100022,100059,100140,100235,99971,100071,100233,100132,100194,100122,100026,100191,99995,100216,100184,100031,100225,100274,99842,100108,100249,100114,100282,100020,100095,100076,100130,100243,100175,100013,100232,,
ROX,ROX2201,CTCT,roxburgh,Hydro,Hydro,2026-07-26,100044,100157,100079,100116,80222,79989,80222,80137,81342,87577,87234,100085,100086,102156,102793,102536,102676,102569,102598,102613,102754,102417,95410,92530,92665,97055,100166,100067,100117,100119,100193,100155,96383,81560,82086,84287,104154,104107,104197,103296,102663,102584,102629,102655,102557,100485,100134,100165,,
ROX,ROX2201,CTCT,roxburgh,Hydro,Hydro,2026-07-27,100131,100064,100158,100085,100016,100190,100165,100126,100107,100116,100123,100071,100177,99967,100734,99934,100206,100233,100117,100260,100055,100016,100106,100166,100133,100093,100003,100353,100113,100157,99663,100047,100123,100132,100239,99793,98805,100490,100103,100124,100102,100091,99977,100276,100212,100056,80406,80345,,
ROX,ROX2201,CTCT,roxburgh,Hydro,Hydro,2026-07-28,80202,80024,80203,80048,80220,80098,80113,80180,80122,80016,80311,97453,100029,100037,100076,100244,100119,100332,99941,100278,102026,102046,102166,102044,101837,99501,94436,80216,80290,92283,82414,80140,91904,98405,95504,97091,100183,100123,100197,100176,100015,100047,100155,100118,100078,100271,80735,80112,,
ROX,ROX2201,CTCT,roxburgh,Hydro,Hydro,2026-07-29,80110,80212,80091,99901,100106,100172,100091,100130,77987,75105,94660,95216,90745,90126,90050,99903,100224,100127,100003,99755,99719,100178,100190,99981,99794,99929,100254,100125,100052,99588,100585,99684,100388,99991,100506,100182,100242,100051,100108,100099,100152,100112,100201,100002,100171,100251,100027,100025,,
ROX,ROX2201,CTCT,roxburgh,Hydro,Hydro,2026-07-30,100178,100135,100139,99954,100182,100090,100092,100339,99794,100249,100222,100042,100755,99753,100584,99887,100115,100277,100196,99802,100541,99853,100221,100178,99951,90117,90318,89975,90146,100148,99767,100432,100069,100183,100187,99863,100415,100009,100032,100141,100123,100028,100299,100096,100181,100078,100123,100154,,
ROX,ROX2201,CTCT,roxburgh,Hydro,Hydro,2026-07-31,100120,100102,100108,99923,97124,80114,80264,80205,80246,80209,96170,100123,97743,100693,96566,99948,100534,97007,72537,93425,87339,80378,85704,79875,80375,80118,80006,80564,80002,83052,90263,99838,99961,100444,100008,99923,100433,100068,100061,100198,100120,100059,100096,100161,100391,99928,100325,100079,,
RPO,RPO2201,GENE,rangipo,Hydro,Hydro,2026-07-01,43571,43570,43516,32255,32169,32180,32179,32169,32178,32177,32171,32175,32183,32022,42337,43537,43544,43535,43547,43571,43556,43559,43573,43601,39887,33692,43395,43586,43570,43556,43565,43552,43564,34865,37817,43562,43558,43553,43558,43551,43561,43564,43561,43248,33686,34007,43539,43716,,
RPO,RPO2201,GENE,rangipo,Hydro,Hydro,2026-07-02,32394,32181,32184,32181,32174,32181,32182,32177,32180,32173,32194,32191,33454,32180,32139,42681,43542,43538,43548,44524,44536,44549,44542,33315,32182,32175,32181,32181,32183,32186,32171,32492,43323,44547,44569,44551,44558,44543,44561,31899,32187,32173,32087,43361,44537,44534,44519,32732,,
RPO,RPO2201,GENE,rangipo,Hydro,Hydro,2026-07-03,32173,32176,32180,32171,32178,32178,32169,32178,32168,32176,32174,32181,32216,32182,43440,44545,44539,44549,44548,44542,44556,44543,44549,44551,32698,32187,32188,32178,32185,32178,32187,32185,32223,43275,44546,44545,44550,44542,44547,44551,44543,32851,32178,32179,32175,32168,32175,32176,,
RPO,RPO2201,GENE,rangipo,Hydro,Hydro,2026-07-04,32178,32176,32175,32183,32185,32175,32181,32182,32175,32182,32173,32181,32183,32183,32232,43594,44542,44546,44543,44555,44559,44536,44551,33110,32190,32186,32174,32179,32178,32172,32179,32172,32221,43630,44536,44544,44543,44553,44546,44547,44574,32331,32178,32184,32176,32181,32184,32175,,
RPO,RPO2201,GENE,rangipo,Hydro,Hydro,2026-07-05,32184,32185,32181,32179,32175,32176,32175,32170,32180,32169,32173,32177,32184,32201,32173,44411,44554,44564,44551,44548,44541,44552,44544,31706,32186,32176,32187,32195,32176,32187,32188,32188,32227,43624,44550,44547,44544,44549,44541,44551,44548,32158,32179,32173,32184,32183,32176,32185,,
RPO,RPO2201,GENE,rangipo,Hydro,Hydro,2026-07-06,32185,32174,32182,32179,32192,32179,32172,32181,32188,32174,32200,32183,32202,32188,32268,43862,44553,44539,44526,44545,44553,44555,44513,32236,32181,32182,32189,32180,32185,32187,32186,32185,32319,44257,44552,44547,44552,44560,44546,44548,44546,32632,32186,32175,32182,32176,32189,32190,,
RPO,RPO2201,GENE,rangipo,Hydro,Hydro,2026-07-07,32183,32185,32181,32175,32192,32180,32180,32183,32175,32186,32196,32205,32247,32172,32077,43498,44538,44546,44547,44548,44548,44544,44552,44549,44545,44551,44544,44556,44554,33239,32177,32181,32180,32187,32178,32181,32182,32175,35670,44536,44547,44551,44569,44552,44556,44547,44562,32317,,
RPO,RPO2201,GENE,rangipo,Hydro,Hydro,2026-07-08,32190,32182,32173,32178,32184,32171,32177,32170,32178,32178,32173,32189,32187,32170,32168,41648,44534,44546,44532,44544,44537,35794,35552,44558,44540,44535,44547,40466,34624,39578,44563,44539,44555,41517,35566,44566,44539,44541,44543,44540,44531,31988,32194,32198,32175,32192,32190,32189,,
RPO,RPO2201,GENE,rangipo,Hydro,Hydro,2026-07-09,32190,32178,32189,32189,32188,32191,32177,32178,32184,32186,32183,32215,32219,32192,32147,43348,44552,44551,44558,44552,44550,44554,44545,44553,44554,44548,44552,44526,44557,44552,44550,44553,44567,44549,44560,44550,44561,44549,44546,44551,44547,44556,44593,44552,44558,44558,44559,44564,,
RPO,RPO2201,GENE,rangipo,Hydro,Hydro,2026-07-10,44580,44559,44561,44551,44574,44551,44559,44559,44552,44559,44559,44562,44573,44555,44558,44558,44559,44557,44554,44556,44561,44558,44559,44553,44578,44557,44551,44574,44561,44556,44558,44552,44563,44560,44553,44560,44553,44563,44556,44556,44561,44557,44571,44558,44555,44556,44560,44553,,
RPO,RPO2201,GENE,rangipo,Hydro,Hydro,2026-07-11,44557,44546,44553,44556,44550,44551,44548,44551,44551,44543,44552,44555,44551,44551,44545,44559,44562,44552,44558,44550,44561,44562,44554,44558,44561,44552,44561,44554,44564,44571,44559,44559,44552,44562,44564,44546,44561,44547,44554,44557,44549,44555,44565,40364,40872,44554,44558,44568,,
RPO,RPO2201,GENE,rangipo,Hydro,Hydro,2026-07-12,44552,44556,44549,44555,44555,44546,44554,44553,44548,44550,44600,44550,44558,44546,44556,44550,44557,44560,44549,44560,44551,44557,44563,33173,32174,30312,42991,44551,44545,44550,44556,44569,44551,44551,44559,44556,44549,44577,44550,44551,44566,44563,44574,44568,33170,32171,32164,32175,,
RPO,RPO2201,GENE,rangipo,Hydro,Hydro,2026-07-13,43647,44551,44557,44572,44592,44568,44555,44561,44557,33079,32183,32185,43669,44588,44553,44555,44550,44539,44527,44539,44561,44543,44557,44550,44546,44560,32265,32195,32183,43670,44567,44559,44555,44571,43572,38367,44556,44547,44560,44563,44552,44591,33100,32174,32175,43328,44563,44569,,
RPO,RPO2201,GENE,rangipo,Hydro,Hydro,2026-07-14,44564,44588,44550,32373,32183,32176,32185,32179,32185,32185,32198,32212,42000,44553,44622,44557,44551,44609,44576,44555,44558,44560,44566,44549,44624,44552,44574,44564,44553,44550,44569,44550,44559,44566,44566,44575,44552,44574,44554,44561,44558,44555,44559,44549,44567,44560,44552,44554,,
RPO,RPO2201,GENE,rangipo,Hydro,Hydro,2026-07-15,32704,32184,32193,32174,32188,32180,32170,32178,32192,32187,32185,32218,43514,44570,44561,44545,44536,44565,44546,39986,35575,44555,44547,44546,44539,44544,44623,44547,44574,44551,44570,44591,44549,37009,34682,34679,43507,44548,44552,44556,44553,44550,44544,44560,44555,44547,44574,44563,,
RPO,RPO2201,GENE,rangipo,Hydro,Hydro,2026-07-16,31554,32186,32188,32188,32203,32183,32187,32206,32178,32179,32083,43898,44563,44298,43588,44515,43556,42539,33657,41463,43543,43545,43591,39370,32185,32291,39973,44186,43576,43591,43567,43569,42850,34963,38539,43564,43549,43559,43564,43556,43577,43570,43575,43572,43608,43586,31481,32187,,
RPO,RPO2201,GENE,rangipo,Hydro,Hydro,2026-07-17,32206,32189,32194,32193,32200,29800,29714,29722,29714,32140,32199,31972,42771,43622,43595,43556,43548,43544,43551,43550,43533,43572,43547,43537,32441,32172,32167,32174,32174,32164,32190,32167,32169,31992,42664,43553,43548,43564,43567,43538,43553,43564,43569,43567,43575,32045,32188,32183,,
RPO,RPO2201,GENE,rangipo,Hydro,Hydro,2026-07-18,32182,32183,32173,32192,32185,32180,32180,32175,32179,32184,32177,32183,32194,32189,32186,32177,32183,32187,32177,32184,32178,32185,32186,32190,32185,32193,32182,32191,32184,32183,32191,32210,32339,32231,32191,32183,32177,32179,32195,32189,32188,32181,32178,32187,32187,32181,32194,32176,,
RPO,RPO2201,GENE,rangipo,Hydro,Hydro,2026-07-19,32186,32184,32173,32177,32186,32168,32185,32174,32176,32175,32171,32180,32194,32176,32178,32213,42621,43553,43551,43557,43572,43546,32372,32179,32183,32182,32182,32191,32181,32181,32184,32177,32188,32211,42778,43557,43551,43561,43562,43556,32449,32184,32172,32183,32174,32182,32187,32175,,
RPO,RPO2201,GENE,rangipo,Hydro,Hydro,2026-07-20,32183,32183,32178,32178,32171,32179,32181,32175,32179,32180,32173,32186,32196,32192,42692,43550,43547,43566,43540,43558,32785,32184,32194,32183,32183,32181,32177,32182,32185,32188,32188,32174,32183,32212,42682,43547,43557,43558,43555,43548,32716,32173,32181,32181,32175,32185,32185,32172,,
RPO,RPO2201,GENE,rangipo,Hydro,Hydro,2026-07-21,32184,32172,32185,32182,32175,32182,32182,32175,32182,32175,32181,32194,32582,42990,43560,43555,43564,43487,43451,31794,32141,32147,32148,32140,32148,32140,32147,32148,32140,32148,32153,32140,32149,32140,39683,43474,43465,43468,43471,43463,32326,32141,32148,32140,32136,32142,32140,32132,,
RPO,RPO2201,GENE,rangipo,Hydro,Hydro,2026-07-22,32142,32133,32172,32142,32138,32140,32141,32146,32139,32133,32184,32145,32177,32148,32044,53891,56366,30920,32166,32148,32142,32149,32147,32139,32147,32137,32149,32148,32143,32145,32158,32139,32149,32057,42341,43536,43497,43507,43508,43501,32316,32139,32148,32146,32134,32139,32140,32135,,
RPO,RPO2201,GENE,rangipo,Hydro,Hydro,2026-07-23,32141,32128,32141,32140,32134,32141,32140,32133,32140,32129,32191,32152,32204,32175,42680,43486,43497,43492,43507,43529,31539,32144,32140,32136,32141,32134,32145,32138,32133,32142,32147,32150,32143,32012,41124,43505,43499,43503,43499,43519,31381,32136,32147,32155,32143,32150,32151,32163,,
RPO,RPO2201,GENE,rangipo,Hydro,Hydro,2026-07-24,32170,32168,32149,32152,32163,32164,32141,32146,32152,32140,32152,32143,32160,29598,42460,43500,43507,43508,43522,43524,31475,32150,32145,32140,32146,32136,32139,32142,32134,32157,32144,32135,31473,42549,43497,43489,43477,43511,43534,43498,31372,32145,32177,32169,32154,32151,32141,32167,,
RPO,RPO2201,GENE,rangipo,Hydro,Hydro,2026-07-25,32157,32161,32156,32165,32163,32141,32160,32153,32141,32147,32140,32143,32167,32135,32154,31981,42645,43502,43520,44496,44499,44507,44498,44507,44509,44507,44512,44513,44516,44516,44508,44536,44516,44509,44515,44510,44523,44517,44511,44518,44520,44508,44528,44512,44526,44519,44510,44518,,
RPO,RPO2201,GENE,rangipo,Hydro,Hydro,2026-07-26,44514,44524,44520,44509,44534,44515,44510,44516,44511,44514,44515,44510,44531,44504,44513,44514,44500,44503,44491,44496,44501,44491,44508,44498,44494,44498,44490,44502,44500,44547,44497,44496,44492,44507,44496,44514,44504,44494,44503,44494,44502,44500,44498,44514,44517,44513,43534,43529,,
RPO,RPO2201,GENE,rangipo,Hydro,Hydro,2026-07-27,43534,43526,43520,43528,43565,43559,43546,43533,43523,43530,43534,43574,43540,43526,43625,43516,43459,43481,43516,43516,43514,43511,43509,41980,37580,38973,43507,43511,43500,43510,43505,43509,43511,43511,43518,43502,43507,43509,43503,43507,43509,43503,43304,33578,42994,43517,43510,43526,,
RPO,RPO2201,GENE,rangipo,Hydro,Hydro,2026-07-28,43524,43023,43531,43517,43521,43522,31836,32137,32131,32137,32161,32140,32158,32140,46462,49419,49418,32782,32089,32127,32137,32128,41685,43495,43491,43480,43465,32496,32073,32066,32075,32324,32321,32611,43239,43524,43469,43463,43470,43469,43469,43470,43682,43466,43462,43475,43497,43492,,
RPO,RPO2201,GENE,rangipo,Hydro,Hydro,2026-07-29,43488,43490,32349,32148,31945,38663,43524,41315,33814,43507,43514,43541,43541,43502,43510,43498,43511,43501,43511,43506,31931,32171,32170,32175,32130,42440,43499,43509,43505,43536,43518,43530,32023,32173,32173,31969,42463,43482,43486,43500,43505,43497,43505,32383,32182,32184,32185,32188,,
RPO,RPO2201,GENE,rangipo,Hydro,Hydro,2026-07-30,32190,32189,32184,32178,32184,32187,32178,32191,32179,32188,32183,32197,32306,31990,42630,43495,43496,43496,43502,43505,43520,31513,32185,32178,32188,32222,42608,43508,43508,43532,43518,31736,32191,32178,36150,42653,43507,43515,43516,43510,43509,43506,32374,32190,32191,32190,32189,32165,,
RPO,RPO2201,GENE,rangipo,Hydro,Hydro,2026-07-31,32150,25241,38978,43608,43566,43559,43651,43574,43549,43534,43568,43553,43671,43597,43565,43526,46653,46985,46036,43590,45166,46516,46992,46985,47035,46997,46988,47060,47039,47038,47046,47044,46996,47028,46999,46967,46996,47001,46998,47005,46992,43667,43603,43542,43555,43535,43571,43569,,
SFD,SFD2201,CTCT,stratford,Gas,Thrml,2026-07-01,0,0,0,0,0,0,0,0,0,0,0,0,0,0,29132,47082,47094,47101,47081,47045,47054,47078,47083,47040,47030,47052,47052,47057,47062,47062,47053,47047,47025,47047,67747,77492,77496,77491,77488,77466,77459,77462,93954,94864,55033,46678,46743,7624,,
SFD,SFD2201,CTCT,stratford,Gas,Thrml,2026-07-02,0,0,0,0,0,0,0,0,0,0,0,0,20918,46317,68720,93985,94826,94846,78669,51038,47058,47150,47304,47296,47312,47315,47340,47352,47332,47273,47353,47384,47378,47367,47377,74323,94869,94899,94892,94896,94885,94861,94852,78712,50766,30594,3326,0,,
SFD,SFD2201,CTCT,stratford,Gas,Thrml,2026-07-03,0,0,0,0,0,0,0,0,0,0,0,29283,47047,47040,47042,47042,47020,47009,42156,34745,3846,0,0,0,0,0,0,0,0,0,0,0,26932,47044,47057,47046,47046,47043,47044,47041,47038,47040,47042,47036,31917,7259,0,0,,
SFD,SFD2201,CTCT,stratford,Gas,Thrml,2026-07-04,0,0,0,0,0,0,0,0,0,0,0,0,0,0,0,0,0,0,0,0,0,0,0,0,0,0,0,0,0,0,0,0,0,0,0,0,0,0,0,0,0,0,0,0,0,0,0,0,,
SFD,SFD2201,CTCT,stratford,Gas,Thrml,2026-07-05,0,0,0,0,0,0,0,0,0,0,0,0,0,0,0,0,0,0,0,0,0,0,0,0,0,0,0,0,0,0,0,0,0,0,0,0,0,0,0,0,0,0,0,0,0,0,0,0,,
SFD,SFD2201,CTCT,stratford,Gas,Thrml,2026-07-06,0,0,0,0,0,0,0,0,0,0,0,0,0,0,0,0,0,0,0,0,0,0,0,0,0,0,0,0,0,0,0,0,24690,47017,68667,77517,77514,77520,77525,94160,94880,94092,94833,86400,38204,2984,0,0,,
SFD,SFD2201,CTCT,stratford,Gas,Thrml,2026-07-07,0,0,0,0,0,0,0,0,0,0,0,0,0,0,0,29982,47000,47014,46981,46948,46944,46966,46970,46980,8247,0,0,0,0,0,0,0,0,20925,56914,93894,94887,94904,94890,62010,60390,60321,93215,94869,44687,2952,0,0,,
SFD,SFD2201,CTCT,stratford,Gas,Thrml,2026-07-08,0,0,0,0,0,0,0,0,0,0,0,0,0,0,14668,19907,19896,19902,1656,0,0,0,0,0,0,0,0,0,0,0,0,0,0,0,19937,30221,29841,29838,29834,29835,29833,29828,29833,3356,0,0,0,0,,
SFD,SFD2201,CTCT,stratford,Gas,Thrml,2026-07-09,0,0,0,0,0,0,0,0,0,0,0,0,0,0,0,0,0,0,0,0,0,0,0,0,0,0,0,0,0,0,0,0,0,0,0,0,0,0,0,0,0,0,0,0,0,0,0,0,,
SFD,SFD2201,CTCT,stratford,Gas,Thrml,2026-07-10,0,0,0,0,0,0,0,0,0,0,0,0,0,0,0,0,0,0,0,0,0,0,0,0,0,0,0,0,0,0,0,0,0,0,0,0,0,0,0,0,0,0,0,0,0,0,0,0,,
SFD,SFD2201,CTCT,stratford,Gas,Thrml,2026-07-11,0,0,0,0,0,0,0,0,0,0,0,0,0,0,0,0,0,0,0,0,0,0,0,0,0,0,0,0,0,0,0,0,0,0,0,0,0,5745,0,0,0,0,0,0,0,0,0,0,,
SFD,SFD2201,CTCT,stratford,Gas,Thrml,2026-07-12,0,0,0,0,0,0,0,0,0,0,0,0,0,0,0,0,17967,44670,47000,46992,41539,26682,1526,0,0,0,0,0,0,0,0,0,0,17961,28556,50189,50471,25169,2103,0,0,0,0,0,0,0,0,0,,
SFD,SFD2201,CTCT,stratford,Gas,Thrml,2026-07-13,0,0,0,0,0,0,0,0,0,0,0,0,0,0,0,0,0,0,0,0,0,0,0,0,0,0,0,0,0,0,0,0,0,0,0,0,0,0,0,0,0,0,0,0,0,0,0,0,,
SFD,SFD2201,CTCT,stratford,Gas,Thrml,2026-07-14,0,0,0,0,0,0,0,0,0,0,0,0,0,0,0,0,0,0,0,0,0,0,0,0,0,0,0,0,0,0,0,0,0,0,0,0,0,0,0,0,0,0,0,0,0,0,0,0,,
SFD,SFD2201,CTCT,stratford,Gas,Thrml,2026-07-15,0,0,0,0,0,0,0,0,0,0,0,0,0,0,0,0,0,0,0,0,0,0,0,0,0,0,0,0,0,0,0,0,0,0,0,0,0,0,0,0,0,0,0,0,0,0,0,0,,
SFD,SFD2201,CTCT,stratford,Gas,Thrml,2026-07-16,0,0,0,0,0,0,0,0,0,0,0,0,0,0,0,0,0,0,0,0,0,0,0,0,0,0,0,0,0,0,0,0,0,0,0,0,0,0,0,0,0,0,0,0,0,0,0,0,,
SFD,SFD2201,CTCT,stratford,Gas,Thrml,2026-07-17,0,0,0,0,0,0,0,0,0,0,0,0,0,0,0,0,0,0,0,0,0,0,0,0,0,0,0,0,0,0,0,0,0,0,0,0,0,0,0,0,0,0,0,0,0,0,0,0,,
SFD,SFD2201,CTCT,stratford,Gas,Thrml,2026-07-18,0,0,0,0,0,0,0,0,0,0,0,0,0,0,0,0,0,0,0,0,0,0,0,0,0,0,0,0,0,0,0,0,0,0,0,0,0,0,0,0,0,0,0,0,0,0,0,0,,
SFD,SFD2201,CTCT,stratford,Gas,Thrml,2026-07-19,0,0,0,0,0,0,0,0,0,0,0,0,0,0,0,0,0,0,0,0,0,0,0,0,0,0,0,0,0,0,0,0,0,0,0,0,0,0,0,0,0,0,0,0,0,0,0,0,,
SFD,SFD2201,CTCT,stratford,Gas,Thrml,2026-07-20,0,0,0,0,0,0,0,0,0,0,0,0,0,0,25112,37146,42547,31449,25085,19500,19511,19539,19532,19527,1610,0,0,0,0,0,0,0,0,30991,36580,68523,73040,74875,49171,24036,1183,0,0,0,0,0,0,0,,
SFD,SFD2201,CTCT,stratford,Gas,Thrml,2026-07-21,0,0,0,0,0,0,0,0,0,0,0,0,0,16321,38953,40019,36063,30010,30009,30011,30014,30012,4183,0,0,0,0,0,0,0,0,0,0,0,0,20177,20673,30688,21652,19856,19851,19856,34821,22921,1870,0,0,0,,
SFD,SFD2201,CTCT,stratford,Gas,Thrml,2026-07-22,0,0,0,0,0,0,0,0,0,0,0,0,0,20326,58812,63747,98744,64809,37715,37670,38231,20370,19788,19724,19717,19731,19724,19753,19744,38358,35184,46851,46931,46924,48392,71170,83790,87952,72150,69120,49991,54752,77084,81243,49595,7424,0,0,,
SFD,SFD2201,CTCT,stratford,Gas,Thrml,2026-07-23,0,0,0,0,0,0,0,0,0,0,0,0,14712,26539,39167,36002,40638,19862,26336,21937,21352,19797,33709,4094,0,0,0,0,0,0,0,0,0,0,0,19879,25139,20398,32168,23304,23405,21447,1528,0,0,0,0,0,,
SFD,SFD2201,CTCT,stratford,Gas,Thrml,2026-07-24,0,0,0,0,0,0,0,0,0,0,0,0,0,0,0,0,0,0,0,0,0,0,0,0,0,0,0,0,0,0,0,0,0,0,0,0,0,0,0,0,0,0,0,0,0,0,0,0,,
SFD,SFD2201,CTCT,stratford,Gas,Thrml,2026-07-25,0,0,0,0,0,0,0,0,0,0,0,0,0,0,0,0,0,0,0,0,0,0,0,0,0,0,0,0,0,0,0,0,0,0,0,0,0,0,0,0,0,0,0,0,0,0,0,0,,
SFD,SFD2201,CTCT,stratford,Gas,Thrml,2026-07-26,0,0,0,0,0,0,0,0,0,0,0,0,0,0,0,0,0,0,0,0,0,0,0,0,0,0,0,0,0,15367,20527,20529,20497,20502,20506,20444,19923,19900,19879,19890,19896,19913,19936,1126,0,0,0,0,,
SFD,SFD2201,CTCT,stratford,Gas,Thrml,2026-07-27,0,0,0,0,0,0,0,0,0,0,0,0,0,20420,67830,93666,88933,79736,39610,27544,19688,19878,20370,20370,20370,20371,20373,20379,20393,20206,20129,29784,32059,33916,64494,86215,83114,79556,86376,80767,94739,73301,70512,43527,20414,530,0,0,,
SFD,SFD2201,CTCT,stratford,Gas,Thrml,2026-07-28,0,0,0,0,0,0,0,0,0,0,0,0,14202,59218,84921,94780,90790,83535,74519,67496,28448,19528,19626,19758,19767,19772,19769,19771,19784,19727,19719,19842,19870,19868,34742,64828,70458,70532,70580,68281,68092,67538,67601,48081,21982,1333,0,0,,
SFD,SFD2201,CTCT,stratford,Gas,Thrml,2026-07-29,0,0,0,0,0,0,0,0,0,0,0,0,0,14441,49162,60182,60169,41704,21315,1798,0,0,0,0,0,0,0,0,0,0,0,0,0,0,14596,38842,40866,21090,19823,19902,21043,19987,19989,19998,1517,0,0,0,,
SFD,SFD2201,CTCT,stratford,Gas,Thrml,2026-07-30,0,0,0,0,0,0,0,0,0,0,0,0,0,0,0,0,0,0,0,0,0,0,0,0,0,0,0,0,0,0,0,0,0,0,0,0,0,0,0,0,0,0,0,0,0,0,0,0,,
SFD,SFD2201,CTCT,stratford,Gas,Thrml,2026-07-31,0,0,0,0,0,0,0,0,0,0,0,0,0,0,0,0,0,0,0,0,0,0,0,0,0,0,0,0,0,0,0,0,0,0,0,0,0,0,0,0,0,0,0,0,0,0,0,0,,
STK,STK0661,TASM,cobb,Hydro,Hydro,2026-07-01,8987,9265,9232,9409,9433,9534,9568,9387,9420,9246,8626,7987,6841,5711,4391,3879,4009,4187,4074,4369,5818,6916,7598,8081,8490,8810,8865,8678,8816,2494,7447,7497,6737,5517,4571,3816,3928,4122,4518,4672,5153,5500,5741,6340,7075,7708,7971,8359,,
STK,STK0661,TASM,cobb,Hydro,Hydro,2026-07-02,8753,9079,9115,9188,9286,9448,9461,9395,9356,9081,8583,7895,6764,5504,4275,4002,3636,3459,4368,4498,6220,7147,6801,2656,0,0,0,0,0,0,0,1582,6997,6135,3678,4031,4049,4369,4641,4700,5082,5413,5747,6422,6994,7705,7913,8348,,
STK,STK0661,TASM,cobb,Hydro,Hydro,2026-07-03,8807,9016,9094,9245,9242,9249,9530,9321,9224,9132,8461,7821,6650,5409,4260,3919,3639,4114,3303,3864,5398,6548,7257,7662,8349,8612,8735,8832,8899,8745,7159,7042,6474,5834,5131,4556,4594,4864,5066,5444,5765,6133,6359,6876,7352,8046,8224,8563,,
STK,STK0661,TASM,cobb,Hydro,Hydro,2026-07-04,9004,9243,9353,9502,9477,9746,9807,9744,9713,9748,9505,9209,8813,8396,7902,7287,6527,6000,5676,5829,5616,6009,5445,4727,65,4907,6725,6919,6790,6879,7202,6819,6548,5961,5574,5222,5376,5749,6391,6841,7137,5211,6728,7859,8239,8563,8853,9358,,
STK,STK0661,TASM,cobb,Hydro,Hydro,2026-07-05,9749,7344,9330,10349,10351,10450,10367,10463,10445,10374,10129,9929,9647,8453,3396,3787,6962,1565,5562,1247,657,0,0,0,0,0,2,75,738,9704,9595,9178,8608,7689,6477,5696,5769,6072,6262,6536,6769,6966,7278,6639,360,0,0,0,,
STK,STK0661,TASM,cobb,Hydro,Hydro,2026-07-06,0,0,0,0,0,0,0,0,0,0,0,0,0,0,1344,3585,4666,4549,4429,4758,5115,5785,1639,0,0,0,150,90,0,1061,1386,943,689,4130,4143,3790,4167,4618,5014,5565,5979,6395,6710,7118,7843,8465,8663,9028,,
STK,STK0661,TASM,cobb,Hydro,Hydro,2026-07-07,9489,9738,9714,9875,9904,10095,10081,10082,9998,9867,9402,5988,6914,5049,2372,5560,4918,4620,4359,4353,4551,4831,4785,4651,4821,5068,5268,5278,5185,5660,5620,5530,5107,5243,4888,4340,4500,4823,5228,5690,6176,6540,6870,7330,7991,8620,8748,9256,,
STK,STK0661,TASM,cobb,Hydro,Hydro,2026-07-08,9707,9886,9794,10040,10191,10318,10304,10329,10328,10143,9655,8981,7839,6723,1903,4510,5283,5247,5783,6327,6670,6880,7133,6926,7239,7102,6756,6931,7063,7077,6890,6483,6057,5543,4830,4463,4620,4939,5337,5563,5987,6289,6689,6955,7698,7916,8546,8579,,
STK,STK0661,TASM,cobb,Hydro,Hydro,2026-07-09,1206,0,0,0,0,0,0,0,0,0,0,0,0,0,2261,4377,3839,3689,4905,6141,7286,7937,8816,9076,9585,9688,9713,9788,9713,9457,9163,8784,7770,7060,6077,5123,5016,5107,5245,5512,5806,6117,6400,6923,7413,8085,8226,8690,,
STK,STK0661,TASM,cobb,Hydro,Hydro,2026-07-10,9173,9415,9480,9644,9816,9837,9855,9826,9706,9645,9404,9091,8653,8120,7502,6754,5969,5880,6173,7004,7847,8774,9412,9951,10185,10516,10704,10879,10633,10405,9924,9221,8048,6952,5684,4853,4877,5095,5273,5551,5822,5992,6204,6676,7153,7820,7903,8334,,
STK,STK0661,TASM,cobb,Hydro,Hydro,2026-07-11,8792,9082,9138,9332,9427,9525,9618,9504,9449,9345,9127,8900,8402,8020,7305,6728,5825,5591,5879,6553,7446,8367,8915,9630,10014,10372,10579,10635,10510,10137,9559,8710,7295,6127,5359,4799,4833,5144,5258,5497,5857,6115,6434,6840,7382,7962,8200,8660,,
STK,STK0661,TASM,cobb,Hydro,Hydro,2026-07-12,9087,9334,9469,9599,9742,9784,9844,9735,9660,9585,9310,9050,8770,8347,7737,7156,6496,6063,5933,6417,7343,8263,8760,9467,9405,9382,9390,9748,9501,9222,8879,8306,7597,6714,5683,4785,4960,5172,5398,5716,5882,6205,6563,7070,7696,8387,8474,8924,,
STK,STK0661,TASM,cobb,Hydro,Hydro,2026-07-13,9221,9538,9503,9691,9863,9783,9861,9780,9678,9636,9081,8474,7595,6706,5611,4790,4133,4012,4403,4769,5580,6281,5812,5917,6236,6801,7033,6984,6980,6961,6774,6156,5435,4866,4241,3627,3916,4323,4798,5335,5614,6194,6545,6942,7745,7181,8253,8802,,
STK,STK0661,TASM,cobb,Hydro,Hydro,2026-07-14,9495,9851,9905,10110,8038,17,0,96,8168,10035,9023,7669,8065,6196,3172,5092,4747,2672,30,639,0,332,0,6746,7566,380,0,0,0,0,0,0,0,0,0,0,0,3137,0,0,475,0,0,0,0,0,0,0,,
STK,STK0661,TASM,cobb,Hydro,Hydro,2026-07-15,0,0,0,0,0,0,0,0,0,0,0,0,0,0,4,3193,5096,4448,0,0,0,0,0,0,0,0,0,0,0,0,0,0,0,0,329,4951,5387,4537,2617,974,4,0,4948,5249,998,0,0,0,,
STK,STK0661,TASM,cobb,Hydro,Hydro,2026-07-16,0,0,67,0,0,0,0,0,0,0,0,0,0,0,0,0,0,0,0,0,0,0,0,0,0,0,0,0,0,0,0,0,0,0,0,0,0,0,0,33,4514,5888,6785,7080,7320,2087,1272,0,,
STK,STK0661,TASM,cobb,Hydro,Hydro,2026-07-17,0,0,0,0,0,0,0,0,0,0,0,0,0,0,0,0,0,0,0,0,0,0,0,0,0,0,0,0,0,0,0,0,0,0,0,0,0,0,0,0,0,0,0,0,0,0,0,0,,
STK,STK0661,TASM,cobb,Hydro,Hydro,2026-07-18,0,0,0,0,0,0,0,0,0,0,0,0,0,0,0,0,0,0,0,0,0,0,0,0,0,0,0,0,0,0,0,0,0,0,0,0,0,0,0,0,0,0,0,0,0,0,0,0,,
STK,STK0661,TASM,cobb,Hydro,Hydro,2026-07-19,0,0,0,0,0,0,0,0,0,0,0,0,0,0,0,0,0,0,0,0,0,0,0,0,0,0,0,0,0,0,0,0,0,0,0,0,0,0,0,0,0,0,0,0,0,0,0,0,,
STK,STK0661,TASM,cobb,Hydro,Hydro,2026-07-20,0,0,0,0,0,0,0,0,0,0,0,0,0,1332,941,4849,5092,5325,5001,5603,6466,4907,257,0,0,0,0,0,0,0,264,16,1945,5718,5526,4846,4787,5018,5322,5658,6038,6393,6834,7228,7937,8539,8737,8725,,
STK,STK0661,TASM,cobb,Hydro,Hydro,2026-07-21,9322,9297,9553,9843,9847,9995,9025,5541,9824,9598,7798,7931,7235,6219,3711,4641,4439,4126,3370,5071,6049,1283,1106,2329,0,0,0,0,0,0,0,0,0,192,3866,4448,4575,4706,4802,3754,5147,2048,4420,6721,7430,8044,8397,7623,,
STK,STK0661,TASM,cobb,Hydro,Hydro,2026-07-22,2991,0,0,0,0,0,0,1010,6160,1776,7196,7692,6699,6041,4357,3903,3747,4079,4806,5284,7076,6984,555,0,0,0,0,0,0,0,0,0,267,131,0,3562,4737,4811,5133,5480,5148,5538,5973,7010,7586,8211,8473,5164,,
STK,STK0661,TASM,cobb,Hydro,Hydro,2026-07-23,1058,4585,4962,0,0,0,0,0,0,0,2635,2236,2080,6020,3595,4046,3839,1109,2333,4493,5310,81,0,158,4461,5998,7826,7724,7205,7213,5193,1956,1156,1020,2265,4251,4162,4398,4592,4959,5330,4509,5684,6435,6453,2863,35,0,,
STK,STK0661,TASM,cobb,Hydro,Hydro,2026-07-24,0,0,0,0,0,0,0,0,0,0,0,0,0,0,188,4698,4866,4451,1281,0,691,0,0,0,0,0,0,0,0,0,0,0,3014,6715,6431,5904,6020,6237,6490,6787,6131,2108,1132,182,0,0,0,0,,
STK,STK0661,TASM,cobb,Hydro,Hydro,2026-07-25,0,0,0,0,0,0,0,0,0,0,0,0,0,0,0,0,0,0,0,0,0,0,0,0,0,0,0,0,0,0,0,0,2875,7246,6832,5940,5775,5992,6120,6382,6797,7053,7247,7563,8056,8546,8699,5440,,
STK,STK0661,TASM,cobb,Hydro,Hydro,2026-07-26,7595,907,0,0,0,0,0,0,0,0,0,0,0,6938,6815,7115,6314,6299,5977,5898,6119,6570,7087,7936,8927,9389,9751,9665,9366,9603,4277,8617,8184,6872,6119,5151,5023,5137,5277,5433,5641,6128,6489,7010,7628,8257,8471,8794,,
STK,STK0661,TASM,cobb,Hydro,Hydro,2026-07-27,9214,9497,9530,9614,9637,9811,9814,9752,9608,9401,8761,7964,6916,5635,4892,4432,4177,4810,5345,4822,5516,6421,7144,8110,7855,8399,8952,3829,0,0,312,7647,7596,3987,4959,4227,3902,4031,4281,4667,4893,4369,5419,6142,6809,7632,7795,8203,,
STK,STK0661,TASM,cobb,Hydro,Hydro,2026-07-28,8541,8883,8888,9050,9148,9388,9309,9252,9184,9029,8380,7731,6276,5347,3185,4325,4011,4784,4314,4803,5863,7088,7853,7379,7943,969,0,0,0,0,0,0,0,0,259,1659,3972,4061,4328,4596,5033,5529,5682,6248,6929,7671,7919,8299,,
STK,STK0661,TASM,cobb,Hydro,Hydro,2026-07-29,8746,8918,9069,9258,9127,9351,9353,9268,9216,9036,8405,7634,6281,5285,3660,3755,2687,3501,2609,381,0,4532,3956,224,0,0,0,0,0,0,0,56,418,4504,2769,3948,4204,4380,4718,5043,5350,5726,6057,6639,7256,7988,8252,8658,,
STK,STK0661,TASM,cobb,Hydro,Hydro,2026-07-30,8917,9157,6024,496,0,0,0,0,826,388,4027,7549,6943,6203,5064,4255,3889,4477,5199,5836,5389,4197,3115,46,0,0,0,0,0,0,0,0,994,1266,935,2623,3113,3256,3615,4078,3611,2109,4052,5557,6289,3581,3446,0,,
STK,STK0661,TASM,cobb,Hydro,Hydro,2026-07-31,0,0,0,0,0,0,0,0,0,0,0,0,0,0,0,0,0,0,0,0,0,0,0,0,0,0,0,0,0,0,0,0,249,800,4150,4056,4036,4133,4324,4463,4641,5090,5438,5930,6454,7020,7166,5325,,
TAB,TAB0331,HAWK,te_huka_3,GEO,GEO,2026-07-01,22474,22338,22144,22212,22346,22521,22413,22460,22470,22451,22268,21886,23034,23099,22771,22724,22278,22400,22188,22762,22439,22718,22557,22800,23080,22993,23026,23129,23135,23246,22925,22812,22607,22249,22681,22540,22434,22556,23014,22460,22509,22703,22559,22517,22459,22555,22501,22579,,
TAB,TAB0331,HAWK,te_huka_3,GEO,GEO,2026-07-02,22612,22765,22680,22744,22944,22753,22931,22970,22791,22726,22604,22701,23368,23115,21752,21395,21206,21145,20970,21183,21089,21030,20816,20968,21154,21225,21154,21357,21456,21540,21307,21305,21391,21386,21794,21364,21510,21565,22107,22237,22280,22437,22439,22463,22269,22388,22427,22415,,
TAB,TAB0331,HAWK,te_huka_3,GEO,GEO,2026-07-03,22561,22512,22603,22623,22894,22772,22873,22814,22793,22777,22470,22407,22450,22389,21917,21609,21249,21195,21232,21308,21635,21537,21209,21188,21710,21732,21468,21557,21686,21973,21777,21942,22018,22058,22179,21902,21801,22215,22492,22141,22299,22335,22254,22425,22334,22382,22433,22434,,
TAB,TAB0331,HAWK,te_huka_3,GEO,GEO,2026-07-04,22583,22422,22494,22583,22649,22701,22723,22650,22718,22648,22661,22301,22251,22248,22245,22502,22177,22058,21868,22255,21851,21914,21782,22045,22453,22524,22396,22509,22583,22792,22466,22858,22798,22682,22792,22354,22159,22322,22851,22925,22926,22931,22914,22936,22915,23043,23006,23129,,
TAB,TAB0331,HAWK,te_huka_3,GEO,GEO,2026-07-05,23147,23224,23145,23390,23407,23478,23470,23531,23423,23475,23398,23199,23307,23208,22881,22813,22842,22748,22745,22927,22545,22847,22984,22645,22749,22611,22529,22419,22448,22782,22472,22532,22376,22535,22526,22425,22456,22716,22776,22496,22434,22454,22475,22734,22602,22577,22756,22975,,
TAB,TAB0331,HAWK,te_huka_3,GEO,GEO,2026-07-06,22982,22823,22603,22687,22707,22919,22839,22771,22862,22881,22822,22360,22160,22256,22059,21800,21577,21567,21314,21767,21463,21508,21589,21690,21826,21577,21394,21408,21387,21743,21510,21473,21896,22056,22445,22035,21926,21944,21980,21975,22047,22228,22161,22586,22326,22339,22365,22277,,
TAB,TAB0331,HAWK,te_huka_3,GEO,GEO,2026-07-07,22612,22643,22487,22641,22634,22970,22736,22646,22667,22656,22645,22342,22188,22134,22386,22172,22039,21936,21743,21634,21887,21808,21688,21714,21689,21372,21630,21682,21608,21552,21695,21661,22042,22311,22356,22233,22134,22236,21976,21926,21992,21961,22046,22374,22116,22240,22265,22250,,
TAB,TAB0331,HAWK,te_huka_3,GEO,GEO,2026-07-08,22616,22757,22492,22534,22783,22863,22920,22805,22698,22629,22686,22209,22111,22016,22161,22034,22024,22248,21984,21989,22072,22056,22031,22110,22168,22185,22139,22249,22434,22779,22401,22377,22456,22557,22561,22410,22494,22477,22182,22135,22256,22255,22205,22558,22492,22663,22986,22699,,
TAB,TAB0331,HAWK,te_huka_3,GEO,GEO,2026-07-09,22874,22824,22768,22881,22976,23248,23017,22815,23246,23566,23229,22136,22018,22025,21808,21687,21700,21691,21227,21695,21571,21604,21646,21411,21758,21774,21429,21749,21949,21892,21983,22667,22671,22724,22658,22697,22623,22834,23158,23309,23413,23393,23289,23212,23090,23073,23073,23006,,
TAB,TAB0331,HAWK,te_huka_3,GEO,GEO,2026-07-10,23012,23119,22992,23107,23070,23119,23694,23316,23094,23306,23194,23180,23145,22882,22704,22939,22895,22672,22791,22785,22800,22703,22456,22411,22642,22632,22490,22513,22515,22839,22577,22611,22486,22593,22827,22638,22634,22717,23131,23098,23013,23061,23062,23315,23403,23484,23567,23585,,
TAB,TAB0331,HAWK,te_huka_3,GEO,GEO,2026-07-11,23437,23234,23246,23290,23327,23220,23313,23300,23290,23100,23220,23132,23119,22783,22620,22621,22961,22603,22426,22534,22566,22535,22608,23330,24032,23227,23084,23441,23382,23165,22535,22406,22253,22252,22381,22244,22324,22394,22309,22349,22242,22306,22257,22562,22503,22623,22584,22673,,
TAB,TAB0331,HAWK,te_huka_3,GEO,GEO,2026-07-12,22764,22670,22359,22539,22470,22683,22470,22612,22634,22608,22835,22471,22530,22566,22483,22405,22580,22341,22337,22407,22184,22882,22452,22439,22328,22396,22140,22374,22305,22644,22380,22501,22408,22347,22529,22215,22088,22208,22604,22570,22461,22427,22371,22496,22546,22798,22774,22777,,
TAB,TAB0331,HAWK,te_huka_3,GEO,GEO,2026-07-13,22686,22770,22710,22808,22732,22873,22814,22889,22802,22739,22529,22312,22605,22608,21986,21512,21051,20723,20376,20904,20713,20617,20320,20738,20769,20824,20673,20801,20766,21380,21084,21146,21203,21415,21943,21610,21661,21665,21734,21786,21897,21869,21783,21964,21876,21938,21935,21845,,
TAB,TAB0331,HAWK,te_huka_3,GEO,GEO,2026-07-14,22190,22183,22443,22729,22451,22753,22494,22510,22540,22460,22481,22180,22041,21657,21743,21773,21688,21493,21252,21604,21309,21356,21240,21241,21418,21450,21283,21398,21092,21390,21219,21245,21550,21758,22304,22013,22032,22062,22042,21943,22054,21945,21869,22179,22117,22110,22107,22122,,
TAB,TAB0331,HAWK,te_huka_3,GEO,GEO,2026-07-15,22494,22445,22300,22382,22379,22676,22467,22477,22548,22668,22752,22790,23193,23299,23724,23441,23284,23193,23183,23178,23221,23243,23147,23260,23261,23413,23283,23391,23370,23368,23424,23358,23538,23457,23106,22721,22491,23160,22809,22679,22246,22141,22269,22366,22013,22185,22199,22239,,
TAB,TAB0331,HAWK,te_huka_3,GEO,GEO,2026-07-16,22557,22468,22329,22369,22466,22704,22586,22548,22574,22572,22597,22073,22313,22193,22291,22035,21886,21830,21682,21593,21573,21760,21713,21741,21660,21827,21953,21927,21849,21710,21872,21757,21957,22198,22467,22182,22282,22324,21813,22002,22104,22040,21998,22275,21974,22152,22153,22139,,
TAB,TAB0331,HAWK,te_huka_3,GEO,GEO,2026-07-17,22404,22553,22269,22320,22279,22645,22352,22459,22455,22608,22432,22156,21902,21949,21559,21555,21400,21443,21525,21721,21770,21696,21457,21472,21788,22106,22080,21862,21724,21887,21990,21770,21949,22022,22389,22188,22243,22232,22764,22743,22866,22792,22813,22835,22887,22999,23091,23142,,
TAB,TAB0331,HAWK,te_huka_3,GEO,GEO,2026-07-18,23288,23382,23389,23154,23249,23144,23324,23326,23370,23240,23245,23032,23189,22789,22565,22388,22490,22392,22790,22622,22389,22377,22352,22355,22638,22580,22380,22444,22532,22711,22551,22557,22721,22846,23020,22667,22485,22595,23030,23090,23041,23163,23061,23059,23122,23210,23154,23143,,
TAB,TAB0331,HAWK,te_huka_3,GEO,GEO,2026-07-19,23165,23135,23179,23190,23235,23223,23238,23284,23326,23301,23315,23185,23265,23069,22732,22745,22681,22433,22588,22936,22500,22474,22364,22347,22799,23575,23018,22651,22582,22780,22547,22847,23248,22895,22938,22559,22357,22465,22564,22539,22578,22624,22378,22632,22596,22771,22783,23006,,
TAB,TAB0331,HAWK,te_huka_3,GEO,GEO,2026-07-20,23080,23136,22881,23066,23125,23420,23169,23254,23137,23078,23150,22787,22484,22363,22055,21807,21665,21641,21430,21761,21450,21655,21455,21600,21860,21819,21767,21534,21537,21824,21684,22336,22459,22349,22252,21928,21875,22014,22019,22106,22198,21989,22151,22298,22267,22257,22353,22278,,
TAB,TAB0331,HAWK,te_huka_3,GEO,GEO,2026-07-21,22639,22602,22359,22578,22637,22935,22737,22743,22512,22417,22267,22139,21968,21921,21751,21227,21187,21175,21266,21470,21385,21502,21560,21661,21720,21454,21413,21521,21522,21722,21319,21351,21465,21861,22140,21841,21828,21929,21917,21883,22007,21833,21863,22012,21974,21806,22049,21951,,
TAB,TAB0331,HAWK,te_huka_3,GEO,GEO,2026-07-22,22494,22315,22237,22310,22367,22646,22589,22712,22643,22567,22678,22232,22059,21932,21659,21366,21128,21320,21401,21807,21321,21991,21712,21623,21772,21717,21642,21602,21649,21834,21731,21613,21740,21748,22167,21774,21671,21811,21713,21815,21945,21878,21743,22041,21841,21955,22048,21925,,
TAB,TAB0331,HAWK,te_huka_3,GEO,GEO,2026-07-23,22353,22336,22368,22310,22510,22716,22645,22537,22599,22483,22536,22075,21963,21671,21962,21588,21395,21301,21328,21357,21512,21627,21705,21629,21919,21733,21865,21879,21766,21810,21815,21927,21779,22116,22291,22302,22355,22312,21996,21978,22201,22543,22189,22311,22053,22240,22443,22733,,
TAB,TAB0331,HAWK,te_huka_3,GEO,GEO,2026-07-24,23025,23142,23420,23413,23544,24011,23752,23943,23982,23632,23571,22755,22513,22007,22288,22155,22086,22091,21907,22070,22129,22079,22091,22036,21969,21930,21917,22047,22033,22046,22124,22470,22183,22304,22409,22515,22567,22555,22291,22290,22389,22378,22417,22648,22485,22420,22478,22518,,
TAB,TAB0331,HAWK,te_huka_3,GEO,GEO,2026-07-25,22691,22727,22646,22657,22599,23023,22879,22892,22901,22807,22839,22639,22985,22923,22735,22839,22658,22617,22199,22485,22415,22562,22390,22591,22750,22603,22407,22474,22443,22452,22732,22728,23123,22838,23084,22864,23160,23203,23410,23203,23008,22974,22877,22982,22964,23058,23045,23137,,
TAB,TAB0331,HAWK,te_huka_3,GEO,GEO,2026-07-26,22993,23245,23152,23275,23307,23324,23277,23225,23189,23241,23081,23139,23004,23031,22599,22489,22425,22568,22536,22835,22377,22419,22386,22368,22661,22449,22475,22478,22556,22748,22491,22500,22494,22570,22663,22455,22477,22607,23091,23183,23113,23166,23120,23151,22941,23096,22866,23133,,
TAB,TAB0331,HAWK,te_huka_3,GEO,GEO,2026-07-27,23109,23224,23218,23246,23166,23793,23629,23600,23423,23277,23145,22897,22668,22457,21690,21387,21045,21179,21071,21403,21139,21301,21530,21918,21680,21323,21232,21316,21263,21696,21343,21270,21414,21484,22011,21556,21665,21533,21730,21761,21904,21940,21886,22205,21857,22071,21949,21959,,
TAB,TAB0331,HAWK,te_huka_3,GEO,GEO,2026-07-28,22219,22321,22117,22354,22218,22690,22500,22831,22449,22400,22209,21988,21785,21670,21423,21016,21031,21300,21429,21462,21392,21358,21399,21409,21827,21388,21244,21152,21347,22012,21885,21844,21788,21554,22107,21878,21749,21776,21629,21777,21795,21727,21627,21734,21751,21694,22137,22340,,
TAB,TAB0331,HAWK,te_huka_3,GEO,GEO,2026-07-29,22500,22238,22254,22027,22356,22389,22442,22316,22386,22121,22671,22825,23045,22867,22673,22436,22205,22231,22101,22554,22220,22320,22171,22401,22616,22932,22903,22672,22697,22941,22688,22578,22425,22204,22701,22505,22201,21806,21780,21734,21749,21733,21643,22024,21788,22039,22126,22006,,
TAB,TAB0331,HAWK,te_huka_3,GEO,GEO,2026-07-30,22375,22341,22207,22279,22403,22610,22573,22551,22501,22280,22373,21889,21853,21566,21788,21229,21238,21139,20984,21241,20909,21008,20729,21103,21300,21232,20965,21135,20917,21264,21220,21080,21249,21415,21883,21630,21586,21566,21770,21823,21859,21841,21806,22044,21969,21926,22320,22245,,
TAB,TAB0331,HAWK,te_huka_3,GEO,GEO,2026-07-31,22511,22356,22293,22387,23271,23401,22961,22667,22522,22489,22415,22164,22010,21775,22166,22450,22258,22423,22331,22644,22074,21794,21663,21725,21956,21968,22031,22031,21843,22062,22059,22142,22142,22438,22551,22564,22910,23463,22798,22562,22599,23210,22913,22913,22506,22560,22649,22861,,
TAB,TAB2201,CTCT,Tauhara,Geo,Geo,2026-07-01,86599,86553,86620,86640,86698,86689,86719,86718,86723,86796,86856,86838,86829,86815,86851,86791,86639,86899,86790,86497,86266,86049,85780,85781,85563,85613,85594,85662,85559,85758,85533,85658,85648,85641,85760,85859,85830,85844,85864,85923,85863,85925,85916,86040,86082,86123,86128,86167,,
TAB,TAB2201,CTCT,Tauhara,Geo,Geo,2026-07-02,86127,86348,86385,86448,86398,86436,86466,86445,86410,86432,86504,86632,86598,86670,86661,86573,86632,86673,86632,86502,86452,86367,86372,86243,86136,86179,86252,86283,86314,86353,86388,86344,86380,86455,86634,86629,86815,86801,86957,86885,87011,87097,87005,86974,87068,87098,87206,87109,,
TAB,TAB2201,CTCT,Tauhara,Geo,Geo,2026-07-03,87231,87114,87055,87075,87155,87045,86973,86913,87013,87113,87133,87167,87361,87356,87312,87208,87228,87175,87144,87100,87093,86971,86810,86603,86473,86301,86253,86269,86190,86228,86072,86093,86181,86291,86429,86508,86743,86636,86515,86624,86713,86814,86940,87104,87149,86933,86752,86857,,
TAB,TAB2201,CTCT,Tauhara,Geo,Geo,2026-07-04,87225,87074,87000,87125,87181,87309,87229,87147,87166,87197,87154,87137,87102,86779,86789,87089,87144,87207,87079,86974,86580,86452,86272,86153,85993,85881,85805,85821,85820,85773,85690,85649,85735,85744,85764,85694,85735,85604,85608,85588,85575,85466,85606,85593,85596,85568,85598,85513,,
TAB,TAB2201,CTCT,Tauhara,Geo,Geo,2026-07-05,85510,85393,85415,85389,85411,85274,85383,85317,85396,85208,85251,85216,85287,85191,85184,85168,85206,85119,85103,85069,85041,84939,85004,84996,85105,85040,84963,84994,85116,84908,84832,84760,84737,84831,84782,85060,85131,85280,85296,85308,85286,85378,85372,85460,85414,85374,85360,85471,,
TAB,TAB2201,CTCT,Tauhara,Geo,Geo,2026-07-06,85376,85337,85267,85102,84958,85042,84960,84908,84753,84757,84726,84897,84724,84669,84888,85533,85546,85219,85028,85155,85204,85411,85314,85703,85826,85759,85265,85399,85317,85139,85026,85033,85126,85306,85331,85209,85501,85420,85383,85542,85732,85830,85725,85590,85761,85860,85860,85902,,
TAB,TAB2201,CTCT,Tauhara,Geo,Geo,2026-07-07,86109,86074,86184,86050,86062,86024,86052,85896,85867,85761,85830,85748,85749,85775,85919,85526,85469,85526,85546,85397,85357,85294,85231,85040,85003,84934,84973,84942,84975,84920,84994,84849,84888,85020,85113,85042,85106,85097,85129,85066,85134,85073,85107,85029,85049,85046,85025,85041,,
TAB,TAB2201,CTCT,Tauhara,Geo,Geo,2026-07-08,85046,85088,85107,85096,85085,85140,85046,85139,85089,85172,85501,85389,85507,85818,85861,86074,85571,85675,85386,85140,85069,85269,85057,85114,84869,85079,85013,85106,85096,85230,85118,85158,84953,84981,85130,85199,85038,84995,85013,85100,85279,85535,85631,85737,85791,85797,85767,85827,,
TAB,TAB2201,CTCT,Tauhara,Geo,Geo,2026-07-09,85842,85758,85515,85725,85845,85846,85787,85666,85407,85257,85529,85818,85927,85780,85820,85604,85584,85542,85518,85667,85741,85551,85493,85311,85376,85347,85394,85381,85513,85512,85559,85481,85721,85805,85830,85867,85912,85878,85960,85839,85742,85546,85497,85453,85400,85505,85526,85677,,
TAB,TAB2201,CTCT,Tauhara,Geo,Geo,2026-07-10,85686,85592,85774,85769,85878,85827,85904,85829,85799,85561,85566,85590,85699,85905,85817,85861,85785,85850,85920,85950,85652,85664,85582,85603,85574,85556,85464,85476,85510,85661,85681,85824,85827,85995,86129,86278,86287,86348,86470,86502,86396,86434,86580,86689,86635,86663,86667,86622,,
TAB,TAB2201,CTCT,Tauhara,Geo,Geo,2026-07-11,86554,86543,86558,86582,86619,86620,86428,86253,86250,86263,86470,86502,86593,86522,86716,86517,86616,86648,86607,86389,86401,86217,86130,85948,86037,85886,85798,85652,85658,85748,85892,85820,85960,86129,86254,86055,86021,85949,86077,86055,86083,86343,86347,86357,86453,86485,86446,86440,,
TAB,TAB2201,CTCT,Tauhara,Geo,Geo,2026-07-12,86453,86350,86327,86291,86457,86691,86700,86783,86798,86896,86845,86895,86885,86957,86872,86911,86874,86916,86764,86781,86712,86624,86465,86416,86312,86291,86174,86203,86131,86178,86170,86239,86230,86205,86231,86290,86393,86427,86365,86354,86415,86382,86426,86444,86564,86495,86600,86621,,
TAB,TAB2201,CTCT,Tauhara,Geo,Geo,2026-07-13,86694,86653,86710,86716,86868,86831,86866,86828,86890,86761,86852,86901,87078,86957,87061,86962,86987,86861,86741,86524,86458,86325,86244,86203,86100,86025,85911,85851,85794,85715,85676,85639,85553,85565,85540,85558,85559,85634,85632,85713,85574,85595,85575,85612,85535,85581,85472,85531,,
TAB,TAB2201,CTCT,Tauhara,Geo,Geo,2026-07-14,85434,85446,85346,85470,85334,85421,85602,85680,85547,85564,85521,85541,85301,85253,85281,85538,85539,85530,85698,85980,85823,85384,85416,85171,84964,85042,84914,84391,84230,84150,84198,84117,84278,84404,84494,84388,84414,84365,84457,84445,84508,84559,84752,84767,84829,84868,84924,84858,,
TAB,TAB2201,CTCT,Tauhara,Geo,Geo,2026-07-15,84951,85073,85144,85183,85248,85167,85073,85077,85148,85156,85104,85164,85261,85264,84617,85189,85184,85258,85117,85000,84986,84992,84834,84768,84583,84543,84357,84261,84142,84204,84049,84048,84000,84115,80436,51964,50899,50921,50727,68358,84953,84924,84873,85006,84944,85041,84946,85112,,
TAB,TAB2201,CTCT,Tauhara,Geo,Geo,2026-07-16,85278,85259,85120,85058,85308,85405,85245,85184,85315,85366,85303,85242,85267,85243,85269,85245,85299,85206,85179,84990,84810,84402,84421,84734,84690,84597,84888,84768,84779,84885,84886,84841,84660,84778,85079,85279,85275,85209,85232,85410,85531,85488,85671,85789,85599,85728,85793,85702,,
TAB,TAB2201,CTCT,Tauhara,Geo,Geo,2026-07-17,85646,85695,85741,85779,85715,85706,85630,85856,85849,85849,85808,85857,85795,85945,85953,86050,86017,86098,86066,85855,85537,85331,85457,85388,85358,85405,85353,85422,85267,85352,85256,85357,85386,85463,85536,85522,85528,85501,85508,85581,85576,85521,85617,85569,85663,85636,85669,85580,,
TAB,TAB2201,CTCT,Tauhara,Geo,Geo,2026-07-18,85622,85622,85698,85635,85714,85703,85743,85683,85715,85737,85794,85716,85769,85796,85815,85699,85731,85704,85491,85414,85286,85126,84945,84979,84841,85000,84960,84916,84875,85519,85511,85046,84974,85038,85020,85161,85333,85436,85458,85476,85477,85667,85753,85690,85569,85707,85830,85849,,
TAB,TAB2201,CTCT,Tauhara,Geo,Geo,2026-07-19,86006,86028,85733,85703,85748,85694,85829,85767,85607,85488,85415,85423,85633,85454,85537,85515,85575,85576,85364,85277,85312,85248,85302,85425,85389,85171,85178,84957,84893,84845,84946,85160,85238,85191,85297,85257,85040,85151,85114,85151,85131,85208,85655,85723,85680,85608,85594,85875,,
TAB,TAB2201,CTCT,Tauhara,Geo,Geo,2026-07-20,85975,85896,85826,85908,85869,85783,85482,85342,85380,85615,85553,85604,85560,85614,85628,85618,85500,85772,85861,86165,85974,86007,85980,86020,85823,85798,85454,85463,85419,85446,85462,85432,85430,85497,85552,85663,85682,85714,85682,85632,85643,85673,85753,85684,85796,85908,85972,85924,,
TAB,TAB2201,CTCT,Tauhara,Geo,Geo,2026-07-21,85974,86127,86267,86206,86307,86259,86108,86246,86420,86458,86547,86428,86448,86502,86733,86507,86565,86539,86506,86377,86299,86175,85984,85828,85755,85896,85866,85803,85836,85899,85870,85912,85914,85954,85954,86073,86118,86181,85997,86105,86131,86123,85975,86207,86285,86332,86337,86382,,
TAB,TAB2201,CTCT,Tauhara,Geo,Geo,2026-07-22,86507,86613,86584,86606,86636,86644,86616,86676,86676,86628,86642,86643,86667,86634,86651,86162,86693,86522,86541,86302,86199,86022,85991,85935,85820,85621,85650,85704,85706,85666,85738,85752,85724,85725,85687,85752,85674,85737,85824,85848,85836,85902,85912,86131,86141,86260,86324,86380,,
TAB,TAB2201,CTCT,Tauhara,Geo,Geo,2026-07-23,86362,86460,86374,86414,86509,86619,86651,86653,86676,86667,86763,86723,86749,86782,86911,86843,86958,86902,86868,86734,86539,86281,82243,82429,82131,82650,82646,82635,83403,83661,85727,85642,85594,85651,85756,85696,85712,85660,85620,85620,85613,85561,85431,85568,85645,85741,85683,85689,,
TAB,TAB2201,CTCT,Tauhara,Geo,Geo,2026-07-24,85650,85727,85676,85738,85714,85794,85701,85780,85691,85770,85714,85822,85766,85767,85657,85773,85733,85725,85734,85712,85659,85594,85558,85609,85569,85369,85306,85122,85004,85082,85208,85135,85197,85099,85198,85125,85154,85073,85099,85067,85066,84825,84848,85022,85189,85257,85241,85113,,
TAB,TAB2201,CTCT,Tauhara,Geo,Geo,2026-07-25,85360,85386,85377,85380,85374,85335,85205,85353,85370,85449,85457,85524,85454,85437,85511,85344,85360,85547,85321,85497,85489,85558,85627,85440,85009,85007,85027,85236,85174,85032,84926,84827,84958,85137,85319,84996,85151,85264,85474,85598,85635,85749,85777,85706,85852,85899,85961,85854,,
TAB,TAB2201,CTCT,Tauhara,Geo,Geo,2026-07-26,85981,85982,86139,86121,86128,86118,86116,86069,86174,86189,86220,86250,86383,86520,86514,86485,86450,86509,86461,86386,86222,86240,86119,86156,86078,86128,86006,86006,85870,85909,85742,85958,86334,86329,85863,85934,85943,85928,85977,85990,86048,85991,86060,86076,86172,86203,86409,86373,,
TAB,TAB2201,CTCT,Tauhara,Geo,Geo,2026-07-27,86378,86281,86354,86300,86376,86493,86696,86789,86833,86838,86852,86897,86919,86889,86908,86965,86866,86719,86671,86843,86723,86696,86527,86589,86553,86501,86451,86470,86393,86476,86494,86436,86314,86327,86334,86337,86423,86522,86474,86250,86584,86661,86789,86727,86857,86825,86903,86886,,
TAB,TAB2201,CTCT,Tauhara,Geo,Geo,2026-07-28,86953,87028,86956,86895,86976,87069,87120,87056,86990,87049,87024,87179,87100,87071,86899,86961,86905,87083,86940,86898,86758,86648,86437,86261,86056,86030,86086,86070,85871,85880,86022,86023,85932,85760,85919,85930,85971,85923,86063,86146,86126,86086,86142,86124,86160,86254,86305,86391,,
TAB,TAB2201,CTCT,Tauhara,Geo,Geo,2026-07-29,86431,86616,86700,86804,86713,86769,86699,86816,86751,86856,86867,86861,86835,86881,86931,86979,86975,86920,86842,86727,86611,86117,86354,86250,86269,86157,86147,85987,85939,85891,86088,86050,86125,86052,86011,86219,86272,86352,86271,86326,86316,86336,86389,86455,86548,86497,86340,86367,,
TAB,TAB2201,CTCT,Tauhara,Geo,Geo,2026-07-30,86464,86401,86460,86395,86391,86307,86436,86503,86529,86517,86522,86565,86844,86795,86968,86978,86947,86895,86831,86682,86662,86544,86367,86290,86035,86016,85923,85892,85747,85777,85518,85338,85333,85451,85464,85493,85581,85529,85664,85652,85747,85753,85778,85692,85761,85678,85810,85699,,
TAB,TAB2201,CTCT,Tauhara,Geo,Geo,2026-07-31,85728,85710,85593,85559,85519,85526,85529,85457,85398,85494,85550,85720,85752,85743,85713,85666,85743,85506,85098,85154,84924,84865,84969,84786,84579,84797,85044,85004,85219,85031,84922,84962,84966,85323,85612,85540,86073,85926,85966,86088,86057,86072,86273,86294,86388,86253,86261,86198,,
TGA,TGA0331,POCO,kaimai,Hydro,Hydro,2026-07-01,65,64,63,61,60,59,57,56,54,53,51,2543,6566,10939,16753,18604,18619,18627,18477,17846,16202,15306,15301,15239,15285,15291,7600,6605,6615,11928,13283,13405,13937,12149,11630,15406,17143,17370,16101,14373,14113,7965,7125,7097,7104,3813,3544,3538,,
TGA,TGA0331,POCO,kaimai,Hydro,Hydro,2026-07-02,406,61,58,57,56,54,56,55,53,128,3466,3555,6799,6892,15906,17535,17528,17524,17493,15820,15815,13414,13251,13271,13240,13158,6974,6650,3660,3179,7362,8237,13066,13355,13375,16943,17465,17462,15886,15787,15773,15787,15767,8842,3884,3538,3535,436,,
TGA,TGA0331,POCO,kaimai,Hydro,Hydro,2026-07-03,60,58,55,52,51,50,48,119,3489,6543,9819,10288,13554,17595,17825,17885,17668,17451,17423,17405,14016,13609,13604,13599,13590,7228,6654,6642,6636,6644,6987,7188,7201,7181,11574,13078,15353,15406,15411,15394,15380,15391,15438,15432,15746,15797,15888,15978,,
TGA,TGA0331,POCO,kaimai,Hydro,Hydro,2026-07-04,8366,696,62,61,60,58,57,55,53,52,49,51,6492,12949,13615,13594,13603,13592,13584,13653,13645,15243,15412,15428,13891,13645,13630,7176,6654,6672,6664,11142,14654,15388,15370,15365,15627,15686,15742,15708,15698,15584,15554,15533,15438,13644,8030,637,,
TGA,TGA0331,POCO,kaimai,Hydro,Hydro,2026-07-05,59,58,58,56,57,56,54,57,57,56,3237,12242,13598,13758,13520,16047,16007,16916,16890,17396,16947,16868,16887,16868,16894,12782,12538,4712,3563,3564,6535,15943,18151,18175,18177,18160,18160,18159,18152,18200,18316,13042,12895,13088,13092,10806,7012,730,,
TGA,TGA0331,POCO,kaimai,Hydro,Hydro,2026-07-06,56,55,56,59,59,58,58,56,54,52,51,2783,6326,11630,16041,16982,18200,18217,18222,18196,18165,18156,18122,18111,18109,18119,14160,12973,12979,12970,12984,15936,17846,18178,18431,18463,18464,18461,18467,18456,17189,16814,16844,16820,16831,10808,7093,3930,,
TGA,TGA0331,POCO,kaimai,Hydro,Hydro,2026-07-07,3714,579,72,72,73,72,71,69,65,3365,3960,6341,7840,11635,16231,16475,18112,18184,18191,18364,18291,18227,18205,17075,15596,15603,15601,15611,15628,7756,7390,7198,14360,15559,15558,18065,18235,18633,18653,18652,18642,15959,15691,15771,15757,15757,15758,9084,,
TGA,TGA0331,POCO,kaimai,Hydro,Hydro,2026-07-08,523,69,70,68,67,65,62,61,2775,3479,3157,3138,6028,9282,17591,18685,18686,18680,18677,18668,18673,18677,18664,13141,10572,10608,6481,6203,6213,6207,6226,6226,6228,10232,16681,18667,18677,18687,18685,18684,18694,18707,18711,18725,18715,18700,18698,9176,,
TGA,TGA0331,POCO,kaimai,Hydro,Hydro,2026-07-09,648,65,64,65,2392,3160,3152,322,58,498,3590,4605,8779,10455,16670,18274,18273,18273,18275,18266,18657,18682,18549,13780,13199,13608,7110,6105,6128,6126,6114,6119,6134,9595,17081,18553,18511,18474,18472,17648,17558,17574,17590,17567,17560,17569,8817,626,,
TGA,TGA0331,POCO,kaimai,Hydro,Hydro,2026-07-10,65,63,61,57,55,2886,3637,3628,3630,3628,3699,7032,10104,10456,10477,10483,12871,13611,13594,13594,13614,13600,13605,10222,10094,10420,6557,6175,6175,6196,6192,6190,6182,9759,16387,17713,17709,17715,17719,17729,17736,17727,17744,17737,17730,17728,8080,4071,,
TGA,TGA0331,POCO,kaimai,Hydro,Hydro,2026-07-11,3569,342,60,2995,3130,3118,3127,3121,3118,3120,3114,5419,10163,10483,13338,15601,15624,15631,15661,15646,15648,15656,13705,10813,9980,9981,7209,6407,3522,3075,3066,5392,9713,15813,17514,17483,17502,17504,17502,17421,17174,17202,17208,17201,13294,13076,8085,711,,
TGA,TGA0331,POCO,kaimai,Hydro,Hydro,2026-07-12,59,58,56,52,50,51,52,54,52,2594,6242,6816,12920,13597,13595,13604,16829,16706,16703,16709,16721,13803,8054,7195,3793,3671,3670,3667,3665,3661,3360,5783,10156,12698,17000,17383,17375,17429,17124,15901,15830,15797,15865,15810,15843,15731,8020,3692,,
TGA,TGA0331,POCO,kaimai,Hydro,Hydro,2026-07-13,347,59,58,56,56,56,55,54,51,49,2991,11642,12922,12877,15884,16410,17422,17654,17436,17364,15008,13007,12792,12702,12668,12683,12700,12690,12705,12709,12740,12729,15308,18255,18533,18523,18538,18531,18521,18223,16560,15891,15871,10799,7558,7204,4152,572,,
TGA,TGA0331,POCO,kaimai,Hydro,Hydro,2026-07-14,59,60,59,60,59,58,59,59,57,2154,3107,246,51,49,4873,9362,13361,14116,14060,13857,13577,8206,7264,7247,7266,7241,7252,7253,7243,7298,6810,6747,6750,8238,14104,18180,18142,18182,18202,18205,18210,18215,18238,18144,17740,11224,7641,4398,,
TGA,TGA0331,POCO,kaimai,Hydro,Hydro,2026-07-15,674,57,57,58,56,56,57,55,53,52,50,2761,3605,7081,9861,16644,18547,18243,16170,15812,15347,15328,15293,15322,15308,8000,801,56,54,54,53,5101,10279,15967,17282,18314,18326,18323,18313,18314,18313,18307,18294,18382,18406,10206,8350,8346,,
TGA,TGA0331,POCO,kaimai,Hydro,Hydro,2026-07-16,1021,58,59,58,57,56,55,55,53,53,50,48,48,5723,10617,14978,15168,14938,14967,14977,14936,14948,14987,14960,8041,7081,7084,3231,3091,3088,3074,5793,13663,16499,18735,18744,18740,18725,18708,18656,18450,17589,17526,17501,16877,16615,16626,10003,,
TGA,TGA0331,POCO,kaimai,Hydro,Hydro,2026-07-17,994,56,56,57,56,56,56,55,54,53,51,51,49,4973,11533,15128,15455,15433,15442,15467,8182,7112,7094,7082,6892,6593,6684,7319,7356,7341,9339,9578,13628,15163,14332,15021,17397,17400,17363,17351,17256,15990,15970,15959,15933,10705,7173,1041,,
TGA,TGA0331,POCO,kaimai,Hydro,Hydro,2026-07-18,55,55,54,54,55,53,52,51,50,50,47,47,44,2813,6051,9596,12572,15152,15475,15445,15508,15487,15456,15518,15464,14118,11191,9117,6815,6763,13282,15260,15388,15313,15322,15298,15290,15319,14411,14132,14113,14106,11113,7748,4350,3791,3785,457,,
TGA,TGA0331,POCO,kaimai,Hydro,Hydro,2026-07-19,49,49,52,55,54,53,52,51,48,47,46,45,2654,6358,8147,11521,12954,13560,13554,13541,13553,13531,14992,13619,13615,13603,13629,13615,13618,13618,13610,14840,13976,16878,16277,16739,16746,16761,16767,14154,7852,7058,7053,3663,3522,1362,58,56,,
TGA,TGA0331,POCO,kaimai,Hydro,Hydro,2026-07-20,55,51,46,45,45,47,47,46,44,43,42,39,6112,12305,13700,18346,18620,18621,18612,18618,18594,15423,15110,15101,15092,7641,6399,5973,3725,3534,3544,3530,6347,14244,18756,18732,18723,18683,16902,17813,17703,17300,17198,13955,7726,3705,3537,574,,
TGA,TGA0331,POCO,kaimai,Hydro,Hydro,2026-07-21,47,48,48,52,51,52,50,50,49,49,47,46,46,6007,13551,17765,18234,15151,15097,15104,14060,13868,14465,15660,14235,14122,7841,3931,3672,5847,13602,16862,16475,16411,17284,16773,16696,18365,16690,14643,14915,14761,7323,2396,47,45,48,53,,
TGA,TGA0331,POCO,kaimai,Hydro,Hydro,2026-07-22,52,52,52,51,49,48,46,46,44,42,41,38,36,3011,12598,18332,18691,18692,18692,18684,18431,18250,15007,14763,7573,3818,3679,3679,3682,3679,5239,15751,18331,18354,18370,18543,18553,18557,18554,18564,18237,16710,16691,16258,7620,1581,50,52,,
TGA,TGA0331,POCO,kaimai,Hydro,Hydro,2026-07-23,50,50,44,43,45,44,49,49,49,48,46,44,42,3769,16367,18745,18736,18721,18700,18702,11125,9935,9940,9938,4555,3923,3582,3528,3537,3523,6445,9957,14480,15941,15925,15877,15900,15910,15992,15946,17137,15652,15635,11272,10504,10509,6639,890,,
TGA,TGA0331,POCO,kaimai,Hydro,Hydro,2026-07-24,46,49,52,52,52,51,51,49,48,47,46,45,43,4899,11834,15137,15568,15574,15597,15588,8356,3939,3534,3527,3524,3524,3526,3521,3526,6289,7144,7108,12243,15075,15568,15595,15590,15607,15606,15578,15576,15585,15156,15118,15102,10600,6973,1127,,
TGA,TGA0331,POCO,kaimai,Hydro,Hydro,2026-07-25,55,55,55,55,55,58,58,57,56,51,49,49,47,47,8212,14978,15558,15505,15537,15602,15755,15773,15735,15811,15789,15814,15614,15602,15705,15712,10417,9461,9484,9482,14637,16154,16122,16135,16167,16164,16133,16148,8198,7370,7376,4163,3563,3564,,
TGA,TGA0331,POCO,kaimai,Hydro,Hydro,2026-07-26,578,53,53,52,48,43,42,40,36,33,31,31,2894,3496,7046,14482,15651,15695,15679,15899,15960,15967,16009,15995,11189,10559,10313,7303,7061,7094,7051,7051,7051,7129,9695,14937,17254,17525,17392,17375,17362,17386,17398,17388,17392,13762,8324,3756,,
TGA,TGA0331,POCO,kaimai,Hydro,Hydro,2026-07-27,590,44,42,41,40,36,35,32,33,31,29,65,6085,12927,17429,18804,18800,18593,17953,17991,15155,17831,16511,16449,12934,4278,3539,3559,3568,3562,3568,3568,5677,16548,17727,18770,18766,18755,18751,18746,18750,16535,15930,15598,8153,3672,568,42,,
TGA,TGA0331,POCO,kaimai,Hydro,Hydro,2026-07-28,43,42,42,42,41,42,40,41,39,37,34,35,6328,13774,18329,18777,18508,18639,18767,15466,16444,15088,12226,3886,3080,3078,3060,3066,3067,3071,3072,3071,5779,11410,18007,18651,18631,18683,18728,18712,18702,18696,16068,15399,8070,3711,578,43,,
TGA,TGA0331,POCO,kaimai,Hydro,Hydro,2026-07-29,42,41,32,31,32,31,38,44,41,42,34,28,6051,14426,18512,18670,18673,18686,18683,18587,18416,12064,9323,3123,2834,398,41,42,41,39,38,4176,10468,16979,18667,18668,18663,18656,18655,18642,18634,15370,14974,9560,3887,1297,34,38,,
TGA,TGA0331,POCO,kaimai,Hydro,Hydro,2026-07-30,43,43,42,42,41,39,39,36,34,29,27,26,22,4503,11750,18021,18678,18683,18681,18668,18674,16053,15628,15615,15661,8151,3712,3571,3573,3564,5138,13549,15685,15511,15509,18103,18540,18537,18531,18517,18497,18486,15205,8257,5921,847,44,43,,
TGA,TGA0331,POCO,kaimai,Hydro,Hydro,2026-07-31,43,35,33,33,36,45,46,44,43,42,41,42,39,2446,12581,14293,15515,15496,15495,15513,15499,15528,15534,15493,15516,15535,15492,15536,15532,15581,5050,3589,3588,3593,9093,14945,15531,15551,15537,15598,15579,10986,10077,10034,10070,7053,3998,263,,
THI,THI2201,CTCT,te_mihi,Geo,Geo,2026-07-01,83816,83845,83786,83867,83884,83818,83757,83713,83895,84008,84036,84078,84095,84047,84028,82901,82760,82721,82687,82538,82628,82679,82612,82377,82355,82443,82373,82452,83278,83758,83948,83801,83725,83665,83551,83859,83635,83771,83749,83815,83846,83898,83857,83832,83938,83877,83731,83726,,
THI,THI2201,CTCT,te_mihi,Geo,Geo,2026-07-02,83859,83975,84137,84246,84309,84345,84384,84355,84332,84286,84229,84211,84168,84175,84141,83923,83746,83802,83734,83700,73144,81415,83647,83546,83694,83593,74415,82303,83427,83573,83807,83806,83733,83866,83670,83795,83863,83492,83535,83664,83875,84104,84250,84233,84125,84045,84119,84159,,
THI,THI2201,CTCT,te_mihi,Geo,Geo,2026-07-03,84092,84119,84205,84327,84239,84107,84205,84174,84209,84132,84109,84106,84158,84267,84391,83985,84142,84298,84406,84437,84374,84323,84199,84148,84046,84014,84084,84093,84032,83985,84004,83885,83807,83775,83735,83846,83680,83832,83964,83982,84036,84163,84206,84211,84247,84314,84230,84276,,
THI,THI2201,CTCT,te_mihi,Geo,Geo,2026-07-04,84362,84335,84500,84518,84492,84446,84352,84389,84402,84326,84260,84219,84203,84221,84126,84112,83866,84062,84142,84152,84093,84094,83990,83918,83787,83815,83529,83275,82847,82723,82477,82374,82277,82710,83108,83130,83357,83377,83506,83555,83416,83379,83032,83220,83230,83027,82684,82565,,
THI,THI2201,CTCT,te_mihi,Geo,Geo,2026-07-05,83080,82657,82502,82349,82328,82238,82208,82299,82194,82151,82156,82272,82250,82209,82339,82444,82420,82484,82694,82643,82478,82535,82465,82891,83057,83016,82998,82956,83061,82775,82613,82417,82146,82144,82451,82496,82713,82770,82793,82719,82757,82862,82946,82831,82915,83314,83385,83317,,
THI,THI2201,CTCT,te_mihi,Geo,Geo,2026-07-06,83360,83395,83324,83256,83218,83095,83040,83109,83136,83063,83131,83168,83143,82890,82311,82081,82601,83105,83205,83124,82918,83005,83087,83116,83066,83080,83175,83288,83254,83223,83140,83234,83243,83210,83206,83236,82957,83071,83117,83193,83162,83054,83169,83277,83345,83329,83340,83345,,
THI,THI2201,CTCT,te_mihi,Geo,Geo,2026-07-07,83311,83369,83534,83651,83660,83640,83666,83741,83669,83748,83794,83760,83823,83798,83773,83719,83392,82628,82461,82433,82301,82234,82091,81905,81818,81768,81783,81831,81799,81755,81778,81794,81588,81741,83235,83314,83292,83543,83685,83841,83599,83754,83801,83633,83513,83634,83862,83672,,
THI,THI2201,CTCT,te_mihi,Geo,Geo,2026-07-08,83627,83664,83413,83210,83057,83336,83415,83256,83334,83297,83235,83206,83002,83175,83257,83306,83448,83262,83327,83334,83282,83137,82896,82685,82805,82926,83012,83047,83035,83203,83204,83143,82797,82608,83042,83131,83177,83201,83298,83001,82868,83204,83074,82982,82983,82954,83044,82997,,
THI,THI2201,CTCT,te_mihi,Geo,Geo,2026-07-09,83058,82967,82974,83146,83222,83092,83076,82919,82856,82601,82888,83150,83221,83133,83113,82830,82794,82842,82944,82757,82667,82629,82566,82434,82392,82398,82365,82219,82300,82297,82562,82688,82577,82923,82963,82896,82969,82970,82906,82889,83003,83190,83149,83064,83203,83127,83253,83365,,
THI,THI2201,CTCT,te_mihi,Geo,Geo,2026-07-10,83203,83099,82950,82755,83207,83723,83740,83660,83406,83554,83899,84120,84093,84017,83762,83855,83414,83666,83665,83623,83517,83384,83366,83272,83201,83175,83149,83164,83153,82968,83029,83172,83659,83813,83741,83726,83820,83860,83843,83903,84051,83820,83654,83645,83787,83949,84062,84157,,
THI,THI2201,CTCT,te_mihi,Geo,Geo,2026-07-11,84169,83994,84036,84131,84218,84177,84162,84353,84395,84264,84098,83929,83938,83894,83757,83633,83660,83797,83830,83889,84116,84360,84428,84380,84363,84310,84335,84060,84016,83831,84045,83936,84029,84068,83989,83823,84173,84150,84151,84320,84306,83646,83806,83896,83652,83673,83682,83739,,
THI,THI2201,CTCT,te_mihi,Geo,Geo,2026-07-12,83831,83970,83973,84088,84179,84282,84378,84228,83784,84093,84110,84214,83955,84309,84183,83684,83959,84203,84255,84291,84231,84337,84477,84255,84297,84347,84383,84304,84318,84367,84409,84064,83971,83919,83803,83390,83810,84034,84205,83646,83927,83988,84069,84137,84208,84209,83863,84118,,
THI,THI2201,CTCT,te_mihi,Geo,Geo,2026-07-13,84183,84185,84182,84170,84126,84024,84171,84197,84126,84232,84297,84357,84426,84525,84546,84528,84410,84441,84677,84812,84492,84352,84274,84297,84270,84164,83965,83935,83784,83678,83588,83570,83427,83521,83552,83396,83561,83635,83544,83599,83603,83555,83493,83492,83621,83645,83642,83753,,
THI,THI2201,CTCT,te_mihi,Geo,Geo,2026-07-14,83719,83546,83521,83661,83647,83599,83600,83564,83204,83102,82664,82492,82496,82415,82099,82331,81964,79939,80428,80382,80509,80543,80379,80179,80322,80380,80195,80287,80529,80972,80981,81917,82941,83210,83087,83114,83133,83200,83329,83505,83705,83777,83154,83475,83589,83734,83803,83843,,
THI,THI2201,CTCT,te_mihi,Geo,Geo,2026-07-15,83889,84014,83964,84025,84073,84139,84148,84042,83843,83846,83980,83859,83734,83720,83837,83858,83915,83850,83716,83548,83383,83319,83209,83225,83303,83140,83056,82894,83045,82827,83026,83049,82861,82831,83116,83272,82879,83379,83398,83355,83526,83366,82729,82900,83204,83369,83530,83769,,
THI,THI2201,CTCT,te_mihi,Geo,Geo,2026-07-16,83870,83833,83784,83727,83816,83649,83764,83733,83716,83648,83698,82580,82860,82870,82916,82744,82831,82839,82685,82550,72727,81180,83144,83184,83074,83025,72656,80965,83223,83096,82665,82837,82986,83049,83304,83401,83618,83679,83464,83351,83531,83686,83701,82934,82747,82928,83070,83129,,
THI,THI2201,CTCT,te_mihi,Geo,Geo,2026-07-17,83107,83012,82822,82824,83009,83009,83102,83139,83292,83280,83126,82933,83025,83073,82967,83044,83058,83289,83313,83251,83230,83202,83169,83485,83523,83516,83474,83516,83529,83452,83526,83441,83429,83661,83718,83818,83872,83883,83538,83658,83632,83765,83725,83731,83654,83593,83760,83925,,
THI,THI2201,CTCT,te_mihi,Geo,Geo,2026-07-18,84047,84073,84128,84104,84066,84078,84057,84018,83975,83887,83898,83949,83989,83999,83959,83515,83803,83923,84054,83927,83796,83710,83592,83552,83570,83562,83411,83341,83392,83353,83375,83110,83115,83312,83485,83559,83744,83836,83911,83921,84115,83940,83539,83590,83661,83936,83955,83939,,
THI,THI2201,CTCT,te_mihi,Geo,Geo,2026-07-19,84188,84213,84217,84251,84242,84175,84153,84095,84081,84058,83648,83537,83406,83592,83799,83760,83628,83635,83608,83483,83331,83363,83397,83278,83198,83275,83428,83356,83305,83316,83290,82998,82874,83100,83162,83266,83132,83447,83621,83498,83591,83711,83783,83741,83624,83833,83933,83982,,
THI,THI2201,CTCT,te_mihi,Geo,Geo,2026-07-20,84101,84167,84192,84171,84221,84269,84234,84263,84276,84295,84315,84368,84329,84268,84353,84347,83934,84019,83902,83731,83541,83694,83656,83624,83407,83452,83427,83249,83167,83716,83638,83600,83524,83596,83773,83565,83788,84149,84452,84512,84558,84546,84523,84528,84515,84482,84507,84454,,
THI,THI2201,CTCT,te_mihi,Geo,Geo,2026-07-21,84346,84351,84250,84054,83970,84049,84199,84427,84154,84092,84344,84293,84288,84233,84107,83856,83984,84192,84252,84250,84139,84069,83935,83908,84019,83810,83826,83912,83894,83698,83635,83594,83669,83564,83792,83972,84212,84330,84398,84545,84566,84594,84609,84256,84099,84148,84110,84160,,
THI,THI2201,CTCT,te_mihi,Geo,Geo,2026-07-22,84399,84427,84378,84458,84410,84432,84296,84434,84364,84583,84488,84326,84292,84311,84249,84600,84654,84658,84641,84289,83953,83927,83681,83254,83092,83166,83109,83076,82815,82848,82821,83138,83423,83571,83659,83667,83814,83906,83846,83941,84139,84244,84206,84290,84329,84338,84481,84526,,
THI,THI2201,CTCT,te_mihi,Geo,Geo,2026-07-23,84560,84593,84632,84681,84704,84684,84723,84731,84720,84602,84695,84723,84787,84760,84582,84553,84694,84628,84591,84536,84356,84272,84112,84202,84134,83999,83894,83839,83932,83948,83898,83525,83384,83465,83461,83593,83425,83318,83148,83217,83279,83159,83333,83268,83258,83440,83504,83388,,
THI,THI2201,CTCT,te_mihi,Geo,Geo,2026-07-24,83550,83499,83452,83531,83619,83653,83563,83547,83638,83677,83675,83755,83636,83581,83770,83444,83273,83492,83625,83368,83258,83148,83057,83127,82875,82488,82232,82186,82400,82587,82534,82460,82578,82636,82622,82416,82373,82405,82139,81981,82082,81919,82714,83034,82995,83013,82889,82816,,
THI,THI2201,CTCT,te_mihi,Geo,Geo,2026-07-25,82912,82691,82601,82715,82806,82834,83177,83420,83322,83256,83322,83298,83237,83347,83394,83491,83666,83795,83794,83801,83965,83780,83788,83737,83642,83627,83530,83374,83337,83310,83162,83166,83190,83203,83312,83443,83618,83733,83755,83813,83864,83862,83892,84017,84145,84300,84368,84413,,
THI,THI2201,CTCT,te_mihi,Geo,Geo,2026-07-26,84432,84465,84554,84603,84616,84711,84684,84627,84732,84826,84830,84770,84675,84699,84924,84944,84880,84846,84790,84819,84767,84787,84721,84714,84654,84601,84569,84495,84467,84427,84440,84396,84268,84274,84394,84361,84221,84366,84157,84027,84005,84020,84165,84264,84536,84528,84403,84457,,
THI,THI2201,CTCT,te_mihi,Geo,Geo,2026-07-27,84677,84821,84529,84407,84543,84747,84739,84620,84657,84675,84709,84837,84726,84421,84052,84025,84110,84674,84967,84782,84441,84556,84657,84557,84493,84717,84791,84719,84759,84778,84723,84309,84194,84204,84197,84360,84518,84254,84075,84368,84756,84811,84882,84913,85099,85021,85264,85246,,
THI,THI2201,CTCT,te_mihi,Geo,Geo,2026-07-28,85165,85236,85321,85271,85173,85066,84935,84934,85209,85264,85301,85306,85212,85238,85230,85118,85086,84949,85259,85537,85404,85321,85209,85071,84983,85053,84652,84588,84539,84483,84474,84138,83925,83942,84163,84338,84430,84487,84566,84579,84569,84620,84609,84654,84685,84768,84850,84867,,
THI,THI2201,CTCT,te_mihi,Geo,Geo,2026-07-29,84932,84932,84609,84890,84876,84873,84853,84867,84893,84927,84928,84891,84760,84696,84769,84847,84831,84893,84867,84662,84462,84369,84240,84192,84021,83853,83618,83330,83307,83416,83551,83458,83325,83421,83556,83588,83649,83725,83846,83973,84005,84177,84217,84172,84280,84416,84417,84456,,
THI,THI2201,CTCT,te_mihi,Geo,Geo,2026-07-30,84440,84426,84464,84489,84461,84485,84507,84469,84533,84554,84643,84742,84650,84641,84595,84589,84599,84493,84553,84580,73406,81973,84091,83702,83255,83132,72140,80752,82734,82723,82637,82697,82661,82751,82852,83192,83159,83090,83109,83095,83004,82907,82842,82808,82689,82704,82797,82495,,
THI,THI2201,CTCT,te_mihi,Geo,Geo,2026-07-31,82194,82201,82134,81986,81897,81957,81970,82011,82875,83479,83467,83583,83518,83676,83724,83710,83422,83328,83106,82942,82948,82980,82932,82958,82875,83231,83369,83307,83352,83314,83230,83398,83432,83653,83737,83716,83857,83937,84003,84144,84039,83940,83960,84010,84301,84307,84303,84363,,
TKA,TKA0111,GENE,tekapo_a,Hydro,Hydro,2026-07-01,13755,13838,13875,13861,13856,13818,13860,13838,13840,13846,13793,13754,13763,13862,13819,13868,13866,13836,13832,13787,13739,13667,13643,12336,12020,12018,12064,12209,12197,12266,12254,13316,14064,14007,14009,13942,13881,13847,13820,13807,13728,13763,13787,13802,13713,13671,13700,13574,,
TKA,TKA0111,GENE,tekapo_a,Hydro,Hydro,2026-07-02,13770,13851,13821,13827,13815,13811,13799,13802,13824,13773,13793,13830,13742,13842,13808,13806,13806,13821,13765,13194,12793,12737,12005,11923,12111,12201,12192,12215,12226,12252,12204,12252,13093,13642,13192,13820,13722,13569,13679,13828,13859,13834,13801,13827,13765,13781,13774,13810,,
TKA,TKA0111,GENE,tekapo_a,Hydro,Hydro,2026-07-03,13767,13793,13792,13792,13758,13800,13764,13782,13766,13774,13758,13785,13795,13791,13737,13797,13788,13776,13755,13796,13774,13772,13824,13751,13773,13756,13746,13684,13524,12226,11726,13512,14031,13903,13876,13796,13751,13785,13743,13758,13769,13732,13746,13732,13748,13765,13782,13708,,
TKA,TKA0111,GENE,tekapo_a,Hydro,Hydro,2026-07-04,13696,13747,13730,13741,13757,13730,13748,13743,13701,13778,13503,13723,13782,13731,13462,13715,13783,13726,13765,13382,12914,12580,12265,11836,11811,12067,12121,13396,13931,14001,13894,13724,13652,13719,13656,13748,13724,13774,13254,12065,11992,11998,12861,12911,12861,12530,12472,13102,,
TKA,TKA0111,GENE,tekapo_a,Hydro,Hydro,2026-07-05,13074,12210,11839,12588,13746,13695,13785,13888,12407,11674,12420,12774,12331,11914,12009,12058,12021,12107,12175,12123,12118,12155,12070,12164,12107,12080,12073,12175,12210,12560,12330,12786,13977,14002,13925,13874,13811,13354,12547,12057,12093,11898,11879,12057,12355,12162,12034,12021,,
TKA,TKA0111,GENE,tekapo_a,Hydro,Hydro,2026-07-06,12155,12070,12113,12130,12125,12143,12141,12230,12176,12122,12134,12210,12121,12185,12381,12229,12628,13175,13830,14091,13971,13899,13845,13834,13838,13803,13814,13811,13787,13797,13762,13779,13769,13777,13790,13789,13799,13799,13811,13764,13806,13802,13767,13808,13770,13785,13751,13797,,
TKA,TKA0111,GENE,tekapo_a,Hydro,Hydro,2026-07-07,13746,13780,13786,13795,13677,13127,11957,11980,13622,14046,13583,12615,12847,12870,12536,13381,14049,13978,13932,13866,13856,13813,13830,13808,13819,13791,13823,13787,13792,13818,13774,13807,13800,13815,13825,13796,13793,13814,13804,13813,13763,13786,13790,13791,13803,13779,13777,13780,,
TKA,TKA0111,GENE,tekapo_a,Hydro,Hydro,2026-07-08,13672,12743,11690,11714,11951,12067,12121,12124,12153,12113,13014,12592,12480,12380,12025,12055,12103,12139,12141,12117,12157,12132,12158,13613,14129,13997,13916,13822,13801,13792,13748,13759,13760,13784,13802,13763,13770,13806,13786,13798,13804,13771,13806,13800,13772,13797,13792,13797,,
TKA,TKA0111,GENE,tekapo_a,Hydro,Hydro,2026-07-09,12332,11570,11757,11981,12106,12080,12167,12158,12172,12153,12190,12139,12232,12465,12237,12241,12140,12164,11808,8192,174,0,0,0,0,1993,9282,11801,12262,12193,12183,12194,12161,12173,12164,12163,12177,12135,12161,12146,12172,12150,12924,12815,12325,12091,12042,12110,,
TKA,TKA0111,GENE,tekapo_a,Hydro,Hydro,2026-07-10,7016,4216,4583,5934,6068,5832,5736,5825,5788,5844,5826,5793,12184,14300,14300,13295,11862,11917,11993,12075,12122,12116,12152,12153,12141,12168,12137,12138,12168,12141,12158,12127,12158,12176,12175,12572,12516,12825,12277,13331,14040,13837,13572,13597,13747,13805,13807,13788,,
TKA,TKA0111,GENE,tekapo_a,Hydro,Hydro,2026-07-11,12771,11724,11675,11902,12063,12073,12125,12135,12112,12142,12132,12122,12111,12135,12160,12942,14092,13995,13946,13870,13596,13517,13471,12411,11710,11811,11937,12034,12130,12131,12097,12658,13349,13747,13971,14103,14094,14048,13848,13690,13724,13710,13707,13098,13564,13476,13015,13009,,
TKA,TKA0111,GENE,tekapo_a,Hydro,Hydro,2026-07-12,13598,13846,13707,12683,13332,13884,13802,13798,13505,12793,12456,13256,13903,13854,13816,13753,13773,13745,13740,13728,13723,13729,13709,13479,12449,11634,11821,12007,12006,12049,12124,12067,12586,13287,14026,14060,14068,13044,11534,11806,13699,14023,13963,13596,13467,13163,12872,11935,,
TKA,TKA0111,GENE,tekapo_a,Hydro,Hydro,2026-07-13,12074,12043,12030,12153,12095,12155,12134,12186,12172,12161,12141,12178,12420,12823,12583,12230,12010,12077,12121,12107,12180,12152,12156,12161,12149,12241,12147,12159,12165,12113,12180,12115,12106,12162,12257,13584,14033,13896,12444,11650,11874,12031,12037,12120,12113,12161,12146,12157,,
TKA,TKA0111,GENE,tekapo_a,Hydro,Hydro,2026-07-14,12139,12142,12133,12150,12164,12142,12143,12144,12135,12117,12161,12195,12121,11461,8314,4876,4295,4393,4334,3962,3762,3644,3463,3309,3255,3231,3290,3152,3152,3240,3344,3424,3536,3684,3918,4089,4354,4273,4211,4101,4029,3998,3922,3812,3575,3466,3430,3306,,
TKA,TKA0111,GENE,tekapo_a,Hydro,Hydro,2026-07-15,3180,3032,2971,2894,2791,2810,2834,2799,2833,2956,3030,3084,3277,3609,3856,4045,4220,4167,4128,3858,3639,3536,3459,3371,3376,3482,3621,3489,3557,3526,3539,3750,3852,4108,4291,4454,4663,4642,4555,4447,4323,4255,4154,9393,12720,11775,12137,11782,,
TKA,TKA0111,GENE,tekapo_a,Hydro,Hydro,2026-07-16,12160,12116,12124,12099,11960,12160,12127,12158,12155,12156,12151,12083,12157,12164,12185,12115,12172,12125,12162,12150,12118,12184,12093,12181,12155,12135,12153,12137,12160,12165,12145,12150,12134,12161,12189,12151,12179,12180,12641,13733,13916,13821,13803,13758,13726,12865,12596,12161,,
TKA,TKA0111,GENE,tekapo_a,Hydro,Hydro,2026-07-17,12131,12191,12031,11310,11763,12261,12217,12131,12193,12158,12151,12179,13610,14034,13949,13823,13765,13748,13708,12212,11590,11759,11987,12077,12090,12148,12142,12125,12191,12188,12103,12160,12121,12437,12284,12143,12093,12162,12162,12097,12187,12151,12145,12144,12153,12121,12145,12147,,
TKA,TKA0111,GENE,tekapo_a,Hydro,Hydro,2026-07-18,12155,12134,7442,4796,5175,6409,6539,6373,6217,6295,6379,6285,10749,13003,12565,12363,12257,12160,12144,12165,12145,12142,12185,8861,6584,7347,8006,6641,6001,6142,6382,10823,13283,12679,12436,12189,12201,12155,12153,12132,12177,12125,12151,12127,12448,12173,12138,7517,,
TKA,TKA0111,GENE,tekapo_a,Hydro,Hydro,2026-07-19,4775,5154,6371,6524,6375,6193,6298,6334,6308,6306,6321,6338,6292,6301,6357,10709,13012,12551,12364,12246,12189,12170,12384,12208,12064,12154,12153,12130,12107,12170,12161,12555,12633,12637,13255,13948,13882,13818,13756,13724,13706,13680,13660,13665,12996,12077,12076,12012,,
TKA,TKA0111,GENE,tekapo_a,Hydro,Hydro,2026-07-20,11875,12060,7304,4744,5169,6406,6539,6334,6203,6452,11497,13760,13849,14047,14019,13845,13731,13705,13679,13669,13675,13679,13204,12335,11715,11816,11902,12062,12356,12873,12556,12337,13156,13797,13860,13808,13737,13709,13676,13663,13673,13651,13653,13630,13641,13649,13621,13628,,
TKA,TKA0111,GENE,tekapo_a,Hydro,Hydro,2026-07-21,13644,13645,8274,5651,5668,6184,7444,7435,7254,7186,12043,14051,14136,14113,14125,13849,13640,13696,13586,13645,13609,13652,13633,13652,13493,12217,11566,13319,13881,12490,11750,11920,12385,12812,13815,13888,13792,13709,13684,13636,13633,13608,13644,13646,13579,13609,13613,13629,,
TKA,TKA0111,GENE,tekapo_a,Hydro,Hydro,2026-07-22,13307,12245,7363,5044,4768,5988,7038,7352,7311,7061,12210,14099,13989,14116,13864,13894,13926,13841,13679,13557,13536,13460,12140,11864,11823,11827,11980,12049,12059,12044,12079,12173,12509,12369,12432,13632,13883,13779,13702,13609,13630,13436,13378,13588,13625,13593,13582,13263,,
TKA,TKA0111,GENE,tekapo_a,Hydro,Hydro,2026-07-23,13272,13545,13198,12341,11661,11764,11976,12033,12007,12251,13011,13285,13234,13764,13181,13671,13643,13712,13599,13595,13429,12978,13045,13494,13616,13638,13605,13607,13560,13554,13621,13214,13559,13555,13213,13493,13626,13601,13510,13670,13465,13585,13460,13434,13408,13352,12990,12107,,
TKA,TKA0111,GENE,tekapo_a,Hydro,Hydro,2026-07-24,11512,11763,11920,11919,12027,12034,12025,12053,12007,11973,12066,12106,12265,13093,13750,13765,13703,13621,8687,6269,6291,7205,8027,7870,7756,7666,7960,8614,8036,7686,7854,7873,12130,14107,14064,13953,13857,13609,13552,13563,13445,13312,13208,12938,12383,11844,7540,4104,,
TKA,TKA0111,GENE,tekapo_a,Hydro,Hydro,2026-07-25,4245,5634,5908,5669,5550,5601,5652,5577,5589,5640,5606,5628,5674,6076,6127,6187,11096,13937,13954,14042,14057,13754,13581,9016,6367,6441,7539,8179,8092,8023,7973,8053,12042,14051,14061,14049,13824,13610,13565,13523,13546,13502,13534,13515,13547,13495,8902,6387,,
TKA,TKA0111,GENE,tekapo_a,Hydro,Hydro,2026-07-26,6425,7175,7753,7122,6861,6956,7014,7013,6993,7015,6998,7144,11707,14045,14058,14049,13862,13598,13572,13540,13518,13538,13488,13519,13510,13519,13525,13518,13524,13491,13515,13511,13519,13284,13490,13523,13534,13534,13496,13536,13498,13512,13486,13537,13499,13478,13510,13497,,
TKA,TKA0111,GENE,tekapo_a,Hydro,Hydro,2026-07-27,13494,13515,13490,13512,13474,13512,13504,13482,13478,13507,13485,13512,13478,13504,13488,13494,13495,13486,13521,13483,13469,13505,13427,13460,13204,13154,13387,12537,12413,12107,12106,13539,13783,13153,13525,13570,13537,13521,13509,13496,13474,13453,13478,13464,13488,13473,13476,13476,,
TKA,TKA0111,GENE,tekapo_a,Hydro,Hydro,2026-07-28,13476,13469,13480,13470,13454,13461,13466,13466,13471,13452,13467,13451,13348,13476,13380,13473,13465,13471,13481,13420,13512,13426,13425,13459,13312,12220,11477,12328,12042,13234,12793,12325,12354,12315,12754,13291,13681,13583,13550,13499,13471,13441,13443,13455,13424,13450,13423,13421,,
TKA,TKA0111,GENE,tekapo_a,Hydro,Hydro,2026-07-29,13439,13437,13434,13425,13420,13425,13424,13431,13418,13437,13419,13436,13424,13445,13433,13443,13418,13429,13306,12542,12431,12954,12954,13151,12206,11594,11976,11874,13063,12654,12264,13257,13039,13366,13018,13367,13530,13454,13467,13403,13422,13419,13421,13410,13360,13420,13438,13404,,
TKA,TKA0111,GENE,tekapo_a,Hydro,Hydro,2026-07-30,13365,13401,13329,13030,12064,11635,11725,11821,12456,12799,13049,13539,13324,13481,13460,13459,13379,13445,13391,13382,13422,13332,13302,12687,11792,11391,11680,11980,12375,12119,11727,12193,13276,12916,12827,13531,13511,13461,13423,13385,13181,12525,13032,13218,13096,12466,12335,11729,,
TKA,TKA0111,GENE,tekapo_a,Hydro,Hydro,2026-07-31,11570,11737,11805,11859,11848,11852,11949,11870,11878,11930,11860,11887,12357,12460,12489,13374,12634,11706,11560,11795,11846,11834,11967,12953,12805,11891,11581,11760,11897,11846,11743,11901,12338,13140,13590,13604,13526,13376,13423,13330,13368,13336,13354,13344,13379,13342,13340,12974,,
TKB,TKB2201,GENE,tekapo_b,Hydro,Hydro,2026-07-01,74334,75022,75001,74999,75000,74995,75002,74994,74997,74995,74684,74489,74544,74996,74810,75006,74999,75003,74941,74665,74153,73994,73664,62616,64435,62509,62503,62541,62508,62506,62469,71423,74231,74506,75007,74997,74921,74997,74837,74588,74568,74505,74824,74489,74386,73913,74018,73328,,
TKB,TKB2201,GENE,tekapo_b,Hydro,Hydro,2026-07-02,74995,74997,74997,75000,75002,75001,74996,75002,75004,74992,74992,74996,74893,74984,75004,74998,75000,75008,74997,68896,68972,67582,62500,62496,62500,62502,62494,62500,62500,62497,62495,62502,70198,71524,67984,74993,72282,72752,74122,74990,75001,74994,74997,74998,74999,74999,74977,75011,,
TKB,TKB2201,GENE,tekapo_b,Hydro,Hydro,2026-07-03,75001,75000,75004,74998,75001,75002,74997,74999,75000,74992,74988,75000,75008,75005,74993,74992,75004,74998,74995,74993,75007,75001,75002,75001,74835,74991,75002,74400,73159,62661,63531,74994,75002,74992,75004,74995,74999,75000,74997,75000,75001,74996,75009,74992,75000,74998,75007,74951,,
TKB,TKB2201,GENE,tekapo_b,Hydro,Hydro,2026-07-04,75021,74994,74994,75002,75003,74994,74997,74995,74995,74999,73444,74996,74996,74998,72754,74760,75000,75005,74992,70909,69522,67607,65068,62498,62235,62157,62239,71907,75007,75003,74996,74992,75007,74990,75006,74997,75008,74998,70834,63504,64792,62495,69426,66132,68341,64862,66302,68749,,
TKB,TKB2201,GENE,tekapo_b,Hydro,Hydro,2026-07-05,69023,62505,62284,66416,74792,71754,75017,75001,62782,62499,67099,66855,62523,62179,61991,62001,61997,62000,61996,62000,61997,62001,61999,61992,62010,61995,61991,62011,61999,65512,62016,69206,74915,74906,74995,75006,75002,70803,66365,64109,64901,62000,62008,62002,64046,62002,62001,61998,,
TKB,TKB2201,GENE,tekapo_b,Hydro,Hydro,2026-07-06,63214,62003,62001,61998,62002,61996,61997,61995,62005,61994,61992,61999,62023,62002,63682,62066,66316,67878,74706,75002,74996,75001,75004,74990,74998,75000,75000,74997,75002,74997,75013,74988,75008,74990,74999,75001,75005,75002,74999,74993,74997,75008,74992,75004,75000,74999,74999,74997,,
TKB,TKB2201,GENE,tekapo_b,Hydro,Hydro,2026-07-07,75014,74993,74996,74999,74152,69591,62137,65199,74405,74997,72247,64239,70901,66052,66396,72281,74990,75000,74995,74998,75002,74998,75002,74999,74998,75001,75004,74995,75000,74988,75002,75002,74994,74995,75017,74984,75000,75003,75005,74994,75001,75001,75010,75001,75003,74997,75005,75006,,
TKB,TKB2201,GENE,tekapo_b,Hydro,Hydro,2026-07-08,74156,65904,62075,62003,62001,61995,61996,62001,61996,61995,69348,62087,66044,62113,62008,62000,61973,62017,62023,61987,61996,61999,61993,74270,75004,75001,74996,74998,75006,74998,75000,75000,74998,75007,75013,74974,75004,74999,75001,75000,74999,75001,75001,75008,74993,75007,74996,75001,,
TKB,TKB2201,GENE,tekapo_b,Hydro,Hydro,2026-07-09,62881,62002,62003,62002,62003,61990,61998,61998,61999,61994,61998,62001,62655,63971,61985,62630,61978,62010,62395,55288,62831,62996,62997,62999,62991,62104,56708,61586,62003,61995,61997,62001,62012,61984,62015,61985,61998,61994,62006,61998,61994,61997,68304,64166,64163,62008,61988,62019,,
TKB,TKB2201,GENE,tekapo_b,Hydro,Hydro,2026-07-10,29317,28494,28501,28500,28501,28499,28499,28501,28499,28500,28499,28502,69664,74498,74919,62490,62166,61995,61998,62001,62000,61997,61999,62002,62004,61997,61995,62001,62001,62005,61993,61999,61998,62000,61999,65945,63102,67181,62002,72912,75001,73631,72625,72925,74999,74995,75000,75006,,
TKB,TKB2201,GENE,tekapo_b,Hydro,Hydro,2026-07-11,65824,62418,62005,61996,62001,62001,62001,62002,61993,61999,61994,61997,61997,61997,62016,69595,74997,74998,75002,74999,72907,73591,72871,64267,62345,62000,61997,62000,62008,62000,61993,66719,70867,72999,75013,77005,77012,76991,75033,74997,74998,74996,75004,69567,74898,72407,68816,70792,,
TKB,TKB2201,GENE,tekapo_b,Hydro,Hydro,2026-07-12,74598,75001,74023,65439,74894,74998,74997,75001,72490,68398,65551,73547,75003,74994,74846,74997,74995,74997,74997,75002,75002,74995,75001,72688,64871,62497,62494,62389,61999,62000,61994,62006,66533,70741,76362,76994,77007,62828,62496,62495,76822,74693,75001,73216,72930,70605,68639,62505,,
TKB,TKB2201,GENE,tekapo_b,Hydro,Hydro,2026-07-13,64707,62506,62504,62500,62507,62500,62498,62496,62496,62505,62499,62495,64521,67997,63962,62718,62505,62488,62499,62498,62509,62499,62503,62491,62496,62485,62458,62442,62501,62493,62512,62486,62502,62509,62489,74736,75006,74998,62499,62504,62496,62496,62511,62500,62497,62509,62497,62499,,
TKB,TKB2201,GENE,tekapo_b,Hydro,Hydro,2026-07-14,62495,62503,62499,62501,62494,62505,62502,62494,62498,62499,62507,62497,62521,62958,58341,60816,61481,61506,61506,61493,61505,61485,61510,61494,61513,61495,61487,61510,61501,61487,61511,61490,61495,61510,61499,61501,61505,61885,62997,63000,62999,62997,63014,63001,63000,62993,63004,62997,,
TKB,TKB2201,GENE,tekapo_b,Hydro,Hydro,2026-07-15,63006,63009,63002,62997,63000,63003,62994,62996,63006,63005,62985,63004,63003,62991,63011,62983,63005,63000,63001,62997,63006,62996,62999,63002,63000,62999,63029,62991,63002,62986,63002,62992,62992,63002,63013,62979,63008,63005,62991,63002,62995,63000,62962,59265,62449,62719,62514,62717,,
TKB,TKB2201,GENE,tekapo_b,Hydro,Hydro,2026-07-16,62499,62499,62508,62490,62713,62497,62506,62500,62490,62488,62556,62502,62513,62489,62513,62506,62479,62482,62532,62512,62493,62489,62520,62503,62500,62493,62498,62499,62515,62482,62483,62512,62523,62666,62508,62494,62501,62499,66791,73801,74734,74326,74901,75004,74977,66868,68639,64345,,
TKB,TKB2201,GENE,tekapo_b,Hydro,Hydro,2026-07-17,64667,63990,62496,56687,62434,62507,62495,62509,62501,62487,62504,62494,74949,75015,75003,74989,75019,74991,74996,62594,62497,62498,62503,62496,62505,62498,62493,62508,62500,62497,62501,62500,62488,64814,62524,62503,62491,62498,62506,62501,62496,62505,62496,62506,62503,62492,62505,62505,,
TKB,TKB2201,GENE,tekapo_b,Hydro,Hydro,2026-07-18,62496,62500,31869,31006,31005,30997,30998,31003,31004,31003,30994,31004,58760,62006,62281,62494,62498,62505,62496,62491,62508,62502,62489,39499,38735,38508,38503,31056,31000,31000,31000,59100,64139,63672,62493,62495,62493,62502,62500,62510,62501,62495,62506,62499,64616,62496,62509,32443,,
TKB,TKB2201,GENE,tekapo_b,Hydro,Hydro,2026-07-19,31010,31005,31002,30994,31005,30996,31006,30995,31004,31000,31000,31004,31003,30996,30999,58621,62000,62326,62505,62497,62501,62492,64442,62497,62501,62498,62509,62490,62490,62501,62507,66700,64007,67287,70802,74995,74997,75002,75001,74995,74998,75003,75003,74996,68546,64488,65582,62510,,
TKB,TKB2201,GENE,tekapo_b,Hydro,Hydro,2026-07-20,62510,62492,31562,30999,30999,31001,31004,30998,31000,31791,64946,70503,70850,74989,74997,74996,74996,74997,74999,75010,74990,75003,70819,65428,63151,62498,62501,62499,64746,68205,64601,64883,71480,74044,74987,75004,74994,74997,75000,74992,75005,75003,74998,74998,74992,74989,75023,75002,,
TKB,TKB2201,GENE,tekapo_b,Hydro,Hydro,2026-07-21,74997,74998,36710,35499,35498,35502,35498,35501,35500,35497,69020,75004,75035,74992,75008,74994,75004,74997,75003,74999,74999,74998,75000,74998,73911,63383,63022,74747,74994,63238,62499,63614,65768,68477,75002,74999,75002,74999,74993,74997,75003,75009,74992,75007,75003,75003,74995,74995,,
TKB,TKB2201,GENE,tekapo_b,Hydro,Hydro,2026-07-22,72280,64458,35968,32772,31003,30998,33713,35508,35497,34843,70104,74457,73140,75007,75013,76998,77016,76991,75305,75002,74998,74074,63014,65077,62506,62494,62502,62494,62505,62491,62510,63469,66394,62937,65815,75001,74997,74999,75000,74999,74999,73563,73835,75004,74996,74996,75005,71706,,
TKB,TKB2201,GENE,tekapo_b,Hydro,Hydro,2026-07-23,73916,74630,71445,65339,62846,62501,63418,62502,62497,64240,70763,70532,70809,75004,70798,74998,74999,75004,74999,75027,73751,69857,72438,74523,74998,75005,75000,74996,75002,74983,75025,72860,75008,75015,71722,74985,75012,74992,75003,75002,75001,74998,75001,75011,74983,72455,71278,63518,,
TKB,TKB2201,GENE,tekapo_b,Hydro,Hydro,2026-07-24,62509,62502,62502,62486,62491,62511,62501,62494,62496,62499,62514,62500,65812,70796,73878,75010,75004,74997,38799,38501,38495,38499,38498,38499,38499,38497,38500,38503,38499,38514,38502,38486,69232,75015,75001,75015,75001,74995,75003,74997,74228,73297,73051,69793,66791,63760,35261,28231,,
TKB,TKB2201,GENE,tekapo_b,Hydro,Hydro,2026-07-25,27994,28006,27993,27996,28001,27993,28008,28001,28002,28000,27999,27996,28031,30935,29616,30990,62535,74916,74997,75000,75006,74998,74994,40649,38997,39004,39001,38996,39002,39000,38996,39004,69042,75000,75007,74992,74994,75003,75004,75008,74991,75000,74999,74985,75008,75001,39894,38998,,
TKB,TKB2201,GENE,tekapo_b,Hydro,Hydro,2026-07-26,38998,37121,37457,34500,34501,34498,34502,34499,34501,34498,34498,35262,66959,74993,74999,75006,74988,75000,74993,75005,75003,74994,75006,75001,74997,75003,75003,74999,74997,75004,74997,74999,74992,73328,74993,75004,74994,74996,74998,75001,75002,74993,75004,75000,74997,75003,75003,75001,,
TKB,TKB2201,GENE,tekapo_b,Hydro,Hydro,2026-07-27,75001,74993,74996,74997,75000,75008,75000,74998,74994,74997,74995,75006,75008,74991,75068,74974,74998,75008,74984,75008,75005,74988,74427,74979,72179,73314,74424,66562,68914,63605,66549,74995,74994,71081,75004,75079,74994,75004,75000,75002,74999,74670,74996,75000,75007,74994,74999,75014,,
TKB,TKB2201,GENE,tekapo_b,Hydro,Hydro,2026-07-28,74996,74993,75002,75001,74997,75001,74997,74999,75002,74990,75023,75009,74097,74997,74325,75001,75001,75012,74996,75002,74995,74995,75005,74740,73633,64900,62490,68346,62574,74861,65569,67770,64228,67628,68918,72784,74995,75000,74999,75006,74991,74997,75019,74994,74997,75007,75006,75001,,
TKB,TKB2201,GENE,tekapo_b,Hydro,Hydro,2026-07-29,74981,75008,74996,74999,75003,74995,74999,74999,75000,74995,74990,75009,75017,74988,74924,74992,75005,75005,73809,66999,69934,71832,70380,73012,63400,62971,64841,62749,73227,64665,66680,73781,69408,74672,69799,74812,74999,74999,75004,74993,75005,74999,75003,74992,75001,75005,74988,74999,,
TKB,TKB2201,GENE,tekapo_b,Hydro,Hydro,2026-07-30,74974,75014,74447,72518,64237,64099,63339,62619,68949,66683,73128,73899,73264,74956,75011,74991,74991,75010,75004,74980,75017,75001,74276,68658,62489,62501,62503,64498,65647,62499,63321,65459,74668,69262,70859,74986,74999,75000,74993,75002,72917,68110,74422,72936,72967,66641,68709,62501,,
TKB,TKB2201,GENE,tekapo_b,Hydro,Hydro,2026-07-31,62502,62492,62502,62512,62492,62500,62513,62508,62497,62507,62478,62500,65715,66527,67405,74726,64688,62496,62503,62503,62493,62508,63417,71779,67149,62500,62489,62529,62485,62513,62507,62477,66581,71777,74992,74984,75018,74997,74996,75002,74997,75007,74999,74989,75012,74992,74989,71152,,
TKU,TKU2201,GENE,tokaanu,Hydro,Hydro,2026-07-01,24086,591,177,0,0,0,0,0,0,3190,27229,54408,83520,88397,111542,119875,119983,118984,106520,74976,71763,36086,13492,19821,24219,29905,13167,13562,697,0,1,18149,20031,68807,91175,117236,119976,119933,120020,119999,90274,86621,77285,49069,49647,57300,47263,47047,,
TKU,TKU2201,GENE,tokaanu,Hydro,Hydro,2026-07-02,24425,888,0,0,0,0,0,0,0,1,24983,49638,58711,74610,102413,120174,119960,95530,86627,61326,70305,70579,48269,24407,23623,881,0,0,0,0,0,20064,23486,58430,86014,115514,120022,120010,119962,119987,119962,90159,89735,88519,75986,49583,53766,24810,,
TKU,TKU2201,GENE,tokaanu,Hydro,Hydro,2026-07-03,24459,5587,0,0,0,0,0,0,0,3044,38024,65362,84332,86444,117397,119995,119975,119999,107155,84429,85705,68473,40968,20703,20107,622,0,0,0,0,2,20786,26165,46717,75426,116923,119858,104486,103493,118731,117316,87717,86871,81828,59346,34662,38168,4018,,
TKU,TKU2201,GENE,tokaanu,Hydro,Hydro,2026-07-04,0,0,0,0,0,0,0,0,0,0,0,0,1,22943,23484,23519,23534,23514,23464,23547,23520,23499,580,0,0,0,0,0,0,0,0,0,19996,44772,69122,70523,70587,70498,48836,47070,47048,46966,47209,24427,23536,834,0,0,,
TKU,TKU2201,GENE,tokaanu,Hydro,Hydro,2026-07-05,0,0,0,0,0,0,0,0,0,0,0,0,0,19456,23504,46574,47053,47018,47000,47056,46987,24094,23592,23520,529,0,0,0,0,0,21636,23500,46631,70080,93383,86764,86497,86614,115918,89076,68956,54397,55849,54812,52873,24479,23595,23566,,
TKU,TKU2201,GENE,tokaanu,Hydro,Hydro,2026-07-06,946,0,0,0,0,0,0,0,0,0,0,1,19248,23133,47429,75145,87161,89486,87803,88088,88431,93919,70264,68651,25436,25464,25119,23699,23628,23493,66050,93493,94309,118258,119925,120090,120077,119912,120019,120031,89529,86613,86669,93971,94155,71796,68460,69498,,
TKU,TKU2201,GENE,tokaanu,Hydro,Hydro,2026-07-07,25679,23609,23551,520,0,0,0,0,0,0,40830,47421,50587,62478,83337,86673,86583,85814,86964,87601,88758,93567,61442,62040,40900,42542,18953,20520,19926,21364,36799,39181,65109,85204,117378,119910,107639,119454,119954,90080,63993,63142,63404,70466,70530,48059,47082,47133,,
TKU,TKU2201,GENE,tokaanu,Hydro,Hydro,2026-07-08,23679,23069,22393,138,0,0,0,0,0,1,20455,23795,23554,43032,62927,63237,63456,64278,63480,63195,60656,72108,72135,63262,38457,39532,39550,43612,49617,44752,40065,40404,61473,66296,94663,86497,86663,86517,86484,63804,40367,39598,39560,39490,39586,20567,20072,20028,,
TKU,TKU2201,GENE,tokaanu,Hydro,Hydro,2026-07-09,1013,0,0,0,0,0,0,0,0,0,21462,23595,20110,39104,62777,62778,63021,63108,63060,62972,63087,62995,63112,63000,40635,39554,41999,21321,19918,20013,20061,38396,62493,85554,86618,117135,120002,119965,119990,120036,89451,63862,40502,39652,39482,20755,20103,19993,,
TKU,TKU2201,GENE,tokaanu,Hydro,Hydro,2026-07-10,608,0,0,0,0,0,0,0,0,0,2,0,0,19543,20054,38398,39749,39510,39515,39603,39505,39517,20448,20020,20059,19979,20026,20038,20039,20025,19982,38692,62324,85779,117474,119977,119981,119995,119988,120017,89880,86557,63900,63143,40359,39593,39565,39520,,
TKU,TKU2201,GENE,tokaanu,Hydro,Hydro,2026-07-11,1398,0,0,0,0,0,0,0,0,0,0,0,16836,20534,42206,62415,90098,117597,119957,119678,90282,73102,43173,39588,20728,20084,20030,20022,20091,20070,20043,23872,47358,57256,77334,118157,120043,120043,120002,119930,119998,107070,119144,79323,64844,44683,39569,39590,,
TKU,TKU2201,GENE,tokaanu,Hydro,Hydro,2026-07-12,1991,0,0,0,0,0,0,0,0,0,2,19978,882,19332,20021,38278,63338,84250,90414,67706,40212,39552,20821,19991,20000,21950,20028,20045,19999,20028,19978,20035,38540,61387,85891,117592,119996,120086,120063,119986,90324,64116,40893,39623,39546,39504,39546,39722,,
TKU,TKU2201,GENE,tokaanu,Hydro,Hydro,2026-07-13,39656,22507,17052,17808,19463,19565,18829,19129,22862,21610,20330,19933,20613,38472,40480,64383,70249,75634,63271,62973,63058,62981,41576,39545,39466,39722,40794,39423,39615,39501,39558,39463,39583,62500,86668,100406,94294,93899,94182,86611,86503,86543,86935,63848,40160,39665,20718,372,,
TKU,TKU2201,GENE,tokaanu,Hydro,Hydro,2026-07-14,0,0,0,2,17287,21403,20168,19088,19741,18641,20400,20432,20261,37643,62601,63198,62969,63139,63409,63002,63092,40919,39576,21467,18909,19867,19995,20121,20043,19969,20105,19996,38246,61379,83719,117013,119997,119962,119923,120020,90039,85355,86974,63785,40474,39643,20805,20270,,
TKU,TKU2201,GENE,tokaanu,Hydro,Hydro,2026-07-15,20376,19371,19111,18296,21271,19681,20429,18764,21552,19879,18702,19942,20171,38102,61932,62969,63118,62438,64428,67874,71954,40634,39657,21090,20050,20828,18751,20379,18935,19042,21446,21240,35584,70093,95472,96551,87114,86708,86387,86621,86629,86564,86544,63800,40597,39506,20699,20343,,
TKU,TKU2201,GENE,tokaanu,Hydro,Hydro,2026-07-16,18512,19498,18043,18217,18432,18504,20605,18927,20043,19251,20866,19394,20053,38984,40682,61451,82666,87233,74608,65276,40915,39489,39898,14904,20022,19922,12029,19019,20195,20040,20021,20092,39172,71211,67962,64932,84869,86545,86757,86455,65068,63145,63221,63088,40700,39717,20733,20027,,
TKU,TKU2201,GENE,tokaanu,Hydro,Hydro,2026-07-17,19897,18335,18025,17731,461,0,0,0,0,0,18328,20488,17925,38997,62533,85972,86636,86464,86595,86465,86669,63786,41077,19309,19893,19228,19468,20667,21059,19972,20339,19733,39547,62406,86079,117883,120017,119908,120038,120019,119951,120012,120096,90173,86577,62917,62779,39175,,
TKU,TKU2201,GENE,tokaanu,Hydro,Hydro,2026-07-18,19305,17427,17896,19982,18821,19036,18543,19036,19845,19655,21993,20205,19598,17592,20286,20039,20030,38194,39516,36255,20127,20240,19993,20132,19945,20122,20004,20013,20005,19319,18665,20475,20496,38321,62556,86177,86560,86669,85397,63808,63155,40301,39649,20856,20811,18278,21759,16975,,
TKU,TKU2201,GENE,tokaanu,Hydro,Hydro,2026-07-19,20684,20989,23310,18432,19951,17944,18571,18245,22029,21704,20078,21143,20577,19965,20127,20040,20039,38239,39523,39516,23407,20001,324,0,0,0,0,0,0,0,0,17135,20113,20058,39090,63075,62975,63115,63014,41863,39518,39528,21922,19949,20056,20027,20007,20024,,
TKU,TKU2201,GENE,tokaanu,Hydro,Hydro,2026-07-20,750,0,4,14537,217,0,0,0,0,0,18155,19785,20303,35504,62466,85796,86520,84496,85376,63719,63108,40323,39840,39665,38960,38719,40734,40142,40054,39796,39696,39734,39612,43229,65926,117953,119994,120011,119993,119972,119984,89713,73586,66325,40584,19812,20113,20085,,
TKU,TKU2201,GENE,tokaanu,Hydro,Hydro,2026-07-21,685,0,0,14897,199,0,0,0,0,0,19200,38934,40059,39791,62319,84047,86488,64003,64182,42081,42400,40041,37534,38601,31285,19689,20347,21596,19805,20646,20441,20259,20221,38536,61776,111672,107076,108255,107001,87401,86535,86665,64210,63174,41112,21127,20270,20287,,
TKU,TKU2201,GENE,tokaanu,Hydro,Hydro,2026-07-22,20257,20298,353,0,0,0,0,0,0,0,1,19243,39149,73125,79519,114525,114252,111852,89319,65349,64805,63172,41441,21300,20136,20068,19935,19918,20111,20012,20158,20088,26254,64351,75581,97967,106022,105196,105568,63215,65460,65284,69828,68430,42081,25507,22018,19994,,
TKU,TKU2201,GENE,tokaanu,Hydro,Hydro,2026-07-23,20049,20110,362,0,0,0,0,0,0,0,0,19980,17845,38113,39533,62289,62943,85627,89397,64489,63075,41292,21138,20115,19398,19983,20100,20054,20149,20032,38961,39613,39625,64646,82546,86571,86470,86585,86582,86515,63795,40286,39224,39257,37849,19210,20517,18462,,
TKU,TKU2201,GENE,tokaanu,Hydro,Hydro,2026-07-24,357,0,0,0,0,0,0,0,0,18724,21019,20564,18898,22729,38667,62262,86211,63566,63143,63077,40688,39583,39528,1155,1,18820,19882,20020,20012,38505,39519,39469,39697,39651,62103,86110,107093,107597,107499,87670,86504,86466,86960,86573,63889,63151,63111,62802,,
TKU,TKU2201,GENE,tokaanu,Hydro,Hydro,2026-07-25,62536,61583,61593,62573,61315,61848,37205,40509,39198,41344,41007,42259,64926,57689,63425,63123,63165,63030,86702,86504,64390,63069,62985,62985,63170,63004,63038,40260,39672,39478,62839,63268,63053,62984,86259,86539,86597,86505,86520,86609,86531,86541,86942,63673,63156,40428,62568,63021,,
TKU,TKU2201,GENE,tokaanu,Hydro,Hydro,2026-07-26,62224,62441,38693,39642,39603,39465,39544,39510,41283,40597,41030,39224,38801,62531,62959,63108,63046,85891,86576,86446,86610,86436,86822,63051,61110,60901,63029,40425,39656,39831,50319,63014,85667,88947,86398,85453,83226,84738,85467,85004,86257,86720,84690,86491,63461,49408,39666,39507,,
TKU,TKU2201,GENE,tokaanu,Hydro,Hydro,2026-07-27,39505,20395,20108,20018,20064,20012,20018,19979,20036,19991,20045,29870,60170,82828,93110,119363,113494,112533,89139,87134,86823,64022,63099,42414,45685,25486,14765,19903,20452,20212,20207,20211,39019,63296,85436,110763,116708,92377,88184,86259,85315,100808,87929,96586,64480,63043,63093,63126,,
TKU,TKU2201,GENE,tokaanu,Hydro,Hydro,2026-07-28,41041,21365,20049,19991,20003,20013,20033,19982,20066,19972,20161,35735,62374,85907,97518,120357,120054,87057,86282,66585,53487,51958,40784,39637,9674,0,0,0,0,0,0,37491,39694,39596,63750,68388,87068,86875,69184,82660,83717,97312,116961,118550,104435,72919,63090,40387,,
TKU,TKU2201,GENE,tokaanu,Hydro,Hydro,2026-07-29,40817,20893,19989,20028,20020,24873,20003,22171,30005,20140,20100,20009,38677,61952,85071,116724,119980,89991,85700,60337,41098,22337,696,0,19592,20158,20569,19560,583,0,0,19290,38183,39666,62184,94945,88533,89073,86491,86504,97546,86555,85653,86629,64223,75068,76922,41012,,
TKU,TKU2201,GENE,tokaanu,Hydro,Hydro,2026-07-30,39448,22566,22927,19009,20519,19035,21127,17547,20455,19467,20746,20448,39281,62178,100343,120188,113323,86513,86652,64262,36542,17497,298,0,0,0,0,0,0,0,0,22476,65802,70793,89031,117068,120027,120002,119956,109466,94756,93965,63405,40237,19752,20524,20399,20149,,
TKU,TKU2201,GENE,tokaanu,Hydro,Hydro,2026-07-31,17310,7719,1653,0,0,0,0,0,0,0,1,16396,39438,60274,86524,86584,83474,83060,84179,63365,39096,17933,729,0,0,0,0,0,0,0,19434,20098,38224,39684,62636,86242,86720,86688,86420,86690,84796,86511,87221,86455,64090,63486,61151,39205,,
TUI,TUI1101,EAST,waikaremoana,Hydro,Hydro,2026-07-01,0,0,0,0,0,0,0,0,0,0,0,0,0,0,0,0,0,0,0,0,0,0,0,0,0,0,0,0,0,0,0,0,0,0,0,0,0,0,0,0,0,0,0,0,0,0,0,0,,
TUI,TUI1101,EAST,waikaremoana,Hydro,Hydro,2026-07-02,0,0,0,0,0,0,0,0,0,0,0,0,0,0,0,0,0,0,0,0,0,0,0,0,0,0,0,0,0,0,0,0,0,0,0,0,0,0,0,0,0,0,0,0,0,0,0,0,,
TUI,TUI1101,EAST,waikaremoana,Hydro,Hydro,2026-07-03,0,0,0,0,0,0,0,0,0,0,0,0,0,0,0,0,0,0,0,0,0,0,0,0,0,0,0,0,0,0,0,0,0,0,0,0,0,0,0,0,0,0,0,0,0,0,0,0,,
TUI,TUI1101,EAST,waikaremoana,Hydro,Hydro,2026-07-04,0,0,0,0,0,0,0,0,0,0,0,0,0,0,0,0,0,0,0,0,0,0,0,0,0,0,0,0,0,0,0,0,0,0,0,0,0,0,0,0,0,0,0,0,0,0,0,0,,
TUI,TUI1101,EAST,waikaremoana,Hydro,Hydro,2026-07-05,0,0,0,0,0,0,0,0,0,0,0,0,0,0,0,0,0,0,0,0,0,0,0,0,0,0,0,0,0,0,0,0,0,0,0,0,0,0,0,0,0,0,0,0,0,0,0,0,,
TUI,TUI1101,EAST,waikaremoana,Hydro,Hydro,2026-07-06,0,0,0,0,0,0,0,0,0,0,0,0,0,0,0,0,0,0,0,0,0,0,0,0,0,0,0,0,0,0,0,0,0,0,0,0,0,0,0,0,0,0,0,0,0,0,0,0,,
TUI,TUI1101,EAST,waikaremoana,Hydro,Hydro,2026-07-07,0,0,0,0,0,0,0,0,0,0,0,0,0,0,0,0,0,0,0,0,0,0,0,0,0,0,0,0,0,0,0,0,0,0,0,0,0,0,0,0,0,0,0,0,0,0,0,0,,
TUI,TUI1101,EAST,waikaremoana,Hydro,Hydro,2026-07-08,0,0,0,0,0,0,0,0,0,0,0,0,0,0,0,0,0,0,0,0,0,0,0,0,0,0,0,0,0,0,0,0,0,0,0,0,0,0,0,0,0,0,0,0,0,0,0,0,,
TUI,TUI1101,EAST,waikaremoana,Hydro,Hydro,2026-07-09,0,0,0,0,0,0,0,0,0,0,0,0,0,0,0,0,0,0,0,0,0,0,0,0,0,0,0,0,0,0,0,0,0,0,0,0,0,0,0,0,0,0,0,0,0,0,0,0,,
TUI,TUI1101,EAST,waikaremoana,Hydro,Hydro,2026-07-10,0,0,0,0,0,0,0,0,0,0,0,0,0,0,0,0,0,0,0,0,0,0,0,0,0,0,0,0,0,0,0,0,0,0,0,0,0,0,0,0,0,0,0,0,0,0,0,0,,
TUI,TUI1101,EAST,waikaremoana,Hydro,Hydro,2026-07-11,0,0,0,0,0,0,0,0,0,0,0,0,0,0,0,0,0,0,0,0,0,0,0,0,0,0,0,0,0,0,0,0,0,0,0,0,0,0,0,0,0,0,0,0,0,0,0,0,,
TUI,TUI1101,EAST,waikaremoana,Hydro,Hydro,2026-07-12,0,0,0,0,0,0,0,0,0,0,0,0,0,0,0,0,0,0,0,0,0,0,0,0,0,0,0,0,0,0,0,0,0,0,0,0,0,0,0,0,0,0,0,0,0,0,0,0,,
TUI,TUI1101,EAST,waikaremoana,Hydro,Hydro,2026-07-13,0,0,0,0,0,0,0,0,0,0,0,0,0,0,0,0,0,0,0,0,0,0,0,0,0,0,0,0,0,0,0,0,0,0,0,0,0,0,0,0,0,0,0,0,0,0,0,0,,
TUI,TUI1101,EAST,waikaremoana,Hydro,Hydro,2026-07-14,0,0,0,0,0,0,0,0,0,0,0,0,0,0,0,0,0,0,0,0,0,0,0,0,0,0,0,0,0,0,0,0,0,0,0,0,0,0,0,0,0,0,0,0,0,0,0,0,,
TUI,TUI1101,EAST,waikaremoana,Hydro,Hydro,2026-07-15,0,0,0,0,0,0,0,0,0,0,0,0,0,0,0,0,0,0,0,0,0,0,0,0,0,0,0,0,0,0,0,0,0,0,0,0,0,0,0,0,0,0,0,0,0,0,0,0,,
TUI,TUI1101,EAST,waikaremoana,Hydro,Hydro,2026-07-16,0,0,0,0,0,0,0,0,0,0,0,0,0,0,0,0,0,0,0,0,0,0,0,0,0,0,0,0,0,0,0,0,0,0,0,0,0,0,0,0,0,0,0,0,0,0,0,0,,
TUI,TUI1101,EAST,waikaremoana,Hydro,Hydro,2026-07-17,0,0,0,0,0,0,0,0,0,0,0,0,0,0,0,0,0,0,0,0,0,0,0,0,0,0,0,0,0,0,0,0,0,0,0,0,0,0,0,0,0,0,0,0,0,0,0,0,,
TUI,TUI1101,EAST,waikaremoana,Hydro,Hydro,2026-07-18,0,0,0,0,0,0,0,0,0,0,0,0,0,0,0,0,0,0,0,0,0,0,0,0,0,0,0,0,0,0,0,0,0,0,0,0,0,0,0,0,0,0,0,0,0,0,0,0,,
TUI,TUI1101,EAST,waikaremoana,Hydro,Hydro,2026-07-19,0,0,0,0,0,0,0,0,0,0,0,0,0,0,0,0,0,0,0,0,0,0,0,0,0,0,0,0,0,0,0,0,0,0,0,0,0,0,0,0,0,0,0,0,0,0,0,0,,
TUI,TUI1101,EAST,waikaremoana,Hydro,Hydro,2026-07-20,0,0,0,0,0,0,0,0,0,0,0,0,0,0,0,0,0,0,0,0,0,0,0,0,0,0,0,0,0,0,0,0,0,0,0,0,0,0,0,0,0,0,0,0,0,0,0,0,,
TUI,TUI1101,EAST,waikaremoana,Hydro,Hydro,2026-07-21,0,0,0,0,0,0,0,0,0,0,0,0,0,0,0,0,0,0,0,0,0,0,0,0,0,0,0,0,0,0,0,0,0,0,0,0,0,0,0,0,0,0,0,0,0,0,0,0,,
TUI,TUI1101,EAST,waikaremoana,Hydro,Hydro,2026-07-22,0,0,0,0,0,0,0,0,0,0,0,0,0,0,0,0,0,0,0,0,0,0,0,0,0,0,0,0,0,0,0,0,0,0,0,0,0,0,0,0,0,0,0,0,0,0,0,0,,
TUI,TUI1101,EAST,waikaremoana,Hydro,Hydro,2026-07-23,0,0,0,0,0,0,0,0,0,0,0,0,0,0,0,0,0,0,0,0,0,0,0,0,0,0,0,0,0,0,0,0,0,0,0,0,0,0,0,0,0,0,0,0,0,0,0,0,,
TUI,TUI1101,EAST,waikaremoana,Hydro,Hydro,2026-07-24,0,0,0,0,0,0,0,0,0,0,0,0,0,0,0,0,0,0,0,0,0,0,0,0,0,0,0,0,0,0,0,0,0,0,0,0,0,0,0,0,0,0,0,0,0,0,0,0,,
TUI,TUI1101,EAST,waikaremoana,Hydro,Hydro,2026-07-25,0,0,0,0,0,0,0,0,0,0,0,0,0,0,0,0,0,0,0,0,0,0,0,0,0,0,0,0,0,0,0,0,0,0,0,0,0,0,0,0,0,0,0,0,0,0,0,0,,
TUI,TUI1101,EAST,waikaremoana,Hydro,Hydro,2026-07-26,0,0,0,0,0,0,0,0,0,0,0,0,0,0,0,0,0,0,0,0,0,0,0,0,0,0,0,0,0,0,0,0,0,0,0,0,0,0,0,0,0,0,0,0,0,0,0,0,,
TUI,TUI1101,EAST,waikaremoana,Hydro,Hydro,2026-07-27,0,0,0,0,0,0,0,0,0,0,0,0,0,0,0,0,0,0,0,0,0,0,0,0,0,0,0,0,0,0,0,0,0,0,0,0,0,0,0,0,0,0,0,0,0,0,0,0,,
TUI,TUI1101,EAST,waikaremoana,Hydro,Hydro,2026-07-28,0,0,0,0,0,0,0,0,0,0,0,0,0,0,0,0,0,0,0,0,0,0,0,0,0,0,0,0,0,0,0,0,0,0,0,0,0,0,0,0,0,0,0,0,0,0,0,0,,
TUI,TUI1101,EAST,waikaremoana,Hydro,Hydro,2026-07-29,0,0,0,0,0,0,0,0,0,0,0,0,0,0,0,0,0,0,0,0,0,0,0,0,0,0,0,0,0,0,0,0,0,0,0,0,0,0,0,0,0,0,0,0,0,0,0,0,,
TUI,TUI1101,EAST,waikaremoana,Hydro,Hydro,2026-07-30,0,0,0,0,0,0,0,0,0,0,0,0,0,0,0,0,0,0,0,0,0,0,0,0,0,0,0,0,0,0,0,0,0,0,0,0,0,0,0,0,0,0,0,0,0,0,0,0,,
TUI,TUI1101,EAST,waikaremoana,Hydro,Hydro,2026-07-31,0,0,0,0,0,0,0,0,0,0,0,0,0,0,0,0,0,0,0,0,0,0,0,0,0,0,0,0,0,0,0,0,0,0,0,0,0,0,0,0,0,0,0,0,0,0,0,0,,
TUI,TUI1101,GENE,waikaremoana,Hydro,Hydro,2026-07-01,27274,27289,27123,27186,27110,27096,27113,27114,26968,27063,28182,24209,26839,56075,59106,59057,59037,59267,59336,59305,59030,59055,58813,58620,58198,58490,58547,59079,59236,59178,58607,58370,58776,58574,58673,58547,58837,59017,59010,59055,59000,59117,59155,59031,58063,29204,27153,27103,,
TUI,TUI1101,GENE,waikaremoana,Hydro,Hydro,2026-07-02,27110,27132,27001,27069,27068,27066,27069,27085,27085,30468,29466,29138,31168,57319,59135,59053,59055,59049,59288,59020,29896,26987,27162,24844,25537,26999,27139,27182,27200,27206,27180,27244,27241,55923,59208,59108,59279,58244,57242,57208,57160,57234,56623,56572,56642,56922,56823,57018,,
TUI,TUI1101,GENE,waikaremoana,Hydro,Hydro,2026-07-03,31681,34414,34550,34579,34278,33150,33990,34222,34280,34299,33226,34450,31767,57409,59284,59023,58755,58773,58822,58761,58862,58814,58849,58831,58799,58716,58764,58861,58700,58860,58764,58735,58808,58609,58738,58708,58740,58763,58780,58804,58786,58765,58870,58685,58834,37374,32830,33158,,
TUI,TUI1101,GENE,waikaremoana,Hydro,Hydro,2026-07-04,32254,34403,34701,33837,27429,27154,27186,27213,27181,27139,30890,29928,24389,25045,24822,23284,27102,27307,27271,27286,27299,27261,27182,23990,27506,27351,27375,27172,25604,26938,27020,27274,28259,29521,27320,27372,27228,27212,27234,27261,27252,27218,25745,26914,27068,27112,27132,24850,,
TUI,TUI1101,GENE,waikaremoana,Hydro,Hydro,2026-07-05,27162,27114,27161,25572,26689,27058,27014,27010,27120,27057,25663,26670,27172,27146,27036,27220,25614,26980,27154,27175,27183,27169,27194,27777,28025,28997,27363,27337,27282,27264,27291,27384,27218,29625,27366,57348,57978,58966,59123,59064,59066,59085,59072,28100,26986,27205,27254,27161,,
TUI,TUI1101,GENE,waikaremoana,Hydro,Hydro,2026-07-06,25672,27344,27668,26399,26003,26133,27505,26302,28483,27612,25358,25674,55188,59076,59062,59180,59291,59336,59297,59397,59324,59235,59399,59188,59145,59331,49214,49120,49101,49122,58216,58714,58875,58666,58757,58663,58722,58832,59082,58968,58995,59045,59068,27924,27138,27298,27222,27151,,
TUI,TUI1101,GENE,waikaremoana,Hydro,Hydro,2026-07-07,27251,27973,27131,27116,27374,26923,28470,29590,27103,26930,27068,27214,55113,59171,59627,59547,59317,59321,59360,59321,59400,59366,59344,59406,59363,59381,59280,59346,59395,59322,59221,59327,59315,59309,59318,59196,59176,59325,59188,59164,59186,49523,49443,49240,49140,49242,49458,49583,,
TUI,TUI1101,GENE,waikaremoana,Hydro,Hydro,2026-07-08,49499,49312,49366,49266,49343,49300,49234,49208,49258,49120,49270,58487,59238,58867,59041,58952,58665,58893,59272,48250,48193,48288,48092,48059,48317,48334,48330,48234,48471,48143,58282,58979,59097,59072,59101,58769,59081,59180,59160,59103,59106,59163,59166,59101,59126,59144,59124,59172,,
TUI,TUI1101,GENE,waikaremoana,Hydro,Hydro,2026-07-09,28513,28292,25398,25602,26792,27639,26024,27665,27369,27438,28725,25309,56368,58639,58919,59103,58853,59591,59706,59695,59493,59552,59558,60006,59960,59888,60069,60011,59984,60051,60013,59977,60097,59694,59817,59670,59746,59776,59795,59818,59763,59854,59959,59821,59599,59898,59347,59314,,
TUI,TUI1101,GENE,waikaremoana,Hydro,Hydro,2026-07-10,59338,59204,59210,59203,59203,59201,59196,59234,59188,59212,59202,59234,59261,59428,60023,60011,60177,60016,60010,60012,60126,60095,60050,60077,60173,60100,60036,59934,60140,60095,60103,60150,60113,60084,60033,60064,60053,60075,60136,60091,60054,59193,59177,59157,59098,59139,59160,59159,,
TUI,TUI1101,GENE,waikaremoana,Hydro,Hydro,2026-07-11,59187,59155,59125,59139,57965,57925,57949,57959,57954,57967,57930,57907,58649,58986,59209,59014,59902,60266,60117,60061,60118,60107,60141,60105,60110,60041,60102,60074,60127,60194,60041,60044,60011,60125,60113,59949,60210,60095,60097,60066,59938,59996,60152,60104,59975,60087,60041,60128,,
TUI,TUI1101,GENE,waikaremoana,Hydro,Hydro,2026-07-12,59986,60120,60138,60104,60026,60104,60083,60067,60105,60087,60020,60060,60078,59983,60030,60090,60044,60070,59989,60025,60149,60104,60098,59931,60029,60042,59970,60055,60058,60053,60133,60045,60135,59989,59918,59901,60008,60312,60110,60136,60166,60037,60295,60013,60004,60041,60080,60145,,
TUI,TUI1101,GENE,waikaremoana,Hydro,Hydro,2026-07-13,60059,60098,60075,60039,60140,60000,60012,59983,60018,60045,59919,59885,60131,59950,60079,59993,59990,59923,59869,60088,60049,60183,60067,60102,60009,60031,60116,60024,60049,60008,60053,60006,59920,60129,59932,59915,60010,60073,60017,60013,60128,60097,60126,60062,60008,60108,59990,60104,,
TUI,TUI1101,GENE,waikaremoana,Hydro,Hydro,2026-07-14,60053,60062,60098,60119,59930,60028,60210,59977,59988,60025,60049,59951,60070,59882,60107,59984,59962,60024,60148,30967,27229,27118,27340,26988,26969,26936,26740,27194,27074,26989,26754,26701,55225,59294,57218,58239,58068,57086,57095,57139,57150,57102,57276,59038,59048,59053,59180,59105,,
TUI,TUI1101,GENE,waikaremoana,Hydro,Hydro,2026-07-15,59152,59189,59359,59484,59895,60098,60047,59992,60136,60069,59932,60050,60142,59855,60119,59897,59912,59997,60082,60041,59989,60064,59972,60086,60032,60031,60040,60054,60138,59826,60141,59996,59855,59990,60074,59877,60020,60093,60080,60040,60068,60020,60091,59910,60114,59922,60160,60142,,
TUI,TUI1101,GENE,waikaremoana,Hydro,Hydro,2026-07-16,60054,60213,60814,60850,60869,60752,60905,60720,60857,60027,59959,59789,59878,59698,59885,59921,59785,59448,59977,60368,59881,60006,60236,60125,60211,59953,60054,60080,60136,60038,59800,60123,60164,60084,59970,60124,60026,60522,60606,60530,60520,60531,60606,60738,60383,60906,60318,60206,,
TUI,TUI1101,GENE,waikaremoana,Hydro,Hydro,2026-07-17,60202,60001,60090,60147,60131,60138,60082,60117,60236,59884,60204,59938,59899,60129,60081,59801,60186,60103,60061,60092,60090,60167,60104,60112,60134,60117,60085,60075,60190,60111,60104,59997,59978,60113,59928,60097,59946,60069,60117,60116,60029,60075,60078,60102,60145,60148,60138,60142,,
TUI,TUI1101,GENE,waikaremoana,Hydro,Hydro,2026-07-18,60107,60106,59998,60119,60177,60093,60051,60073,60066,60157,60061,60065,60081,60037,60149,60078,60084,60109,60085,60019,60104,60113,60047,60243,60002,60099,60152,60048,60097,60095,59927,60312,60284,60167,59784,59868,59874,60073,59698,59562,59564,59528,59540,59574,59558,59389,59657,59143,,
TUI,TUI1101,GENE,waikaremoana,Hydro,Hydro,2026-07-19,59571,59739,59741,59599,59510,59580,59525,59436,59767,59942,59879,59928,60089,59942,60018,60164,60098,59986,60153,60106,60144,60119,60055,60084,60151,60133,60198,60048,60075,60120,60112,60236,60098,60071,60084,60132,60024,60083,60156,60177,60143,60154,60182,60047,60135,60021,59987,60142,,
TUI,TUI1101,GENE,waikaremoana,Hydro,Hydro,2026-07-20,60268,60141,60119,60130,60104,60135,60106,60169,60130,60127,60144,60067,60241,59965,60019,60005,60121,60104,59946,60181,60095,60110,60098,60195,60115,59984,60170,60124,60123,60038,60158,60007,59986,60356,59897,60130,59771,59131,59121,59127,59118,59213,59967,59956,59838,57975,60157,60121,,
TUI,TUI1101,GENE,waikaremoana,Hydro,Hydro,2026-07-21,60149,60091,60155,60131,60057,60100,60046,60048,60104,60091,60110,59991,60287,59756,60057,59898,60036,60096,60045,60042,60128,59969,60118,60072,60119,60108,60107,60143,60037,60058,60036,59978,60043,60043,60029,59990,60002,59963,60049,60031,60076,60100,60085,60069,60101,60125,60076,60116,,
TUI,TUI1101,GENE,waikaremoana,Hydro,Hydro,2026-07-22,60077,60048,60274,59905,60122,59998,59961,60176,59971,60065,60257,59908,60052,59894,60114,59807,60191,60184,59974,60057,60098,60031,60077,60121,60127,60029,60122,60091,60038,60039,60170,59933,59944,60041,60053,60120,59886,60064,60086,60061,60122,60138,60173,60086,60107,60024,60154,60104,,
TUI,TUI1101,GENE,waikaremoana,Hydro,Hydro,2026-07-23,60018,60105,60137,60148,60088,60084,60080,60058,60085,60050,60021,60021,59902,59953,59953,59761,60026,59974,60097,60327,60152,60170,60161,59887,59974,60090,60103,60028,60000,59970,59980,60034,59857,60165,60059,59846,60077,60024,59977,59985,60126,59983,60059,60061,59991,60019,60146,59962,,
TUI,TUI1101,GENE,waikaremoana,Hydro,Hydro,2026-07-24,60059,59981,60100,59938,59951,59970,59972,59958,60055,59955,60043,59983,60016,60035,59704,59754,60027,59992,60112,60123,60077,60056,60142,60024,59954,60049,59956,60058,60168,60216,60160,59875,59747,60069,59932,60088,60130,60015,60103,60048,59899,59980,60067,60124,60136,59936,59978,60152,,
TUI,TUI1101,GENE,waikaremoana,Hydro,Hydro,2026-07-25,60045,60059,59957,60102,59972,59948,60032,60037,60040,60094,60051,60014,60355,59731,60164,59735,60269,60020,60072,60038,60074,60057,59981,60051,60036,60141,57143,57157,57136,57203,57136,57299,57178,57123,57185,57189,56969,57047,57301,57321,57269,57175,57339,56967,57074,57176,57175,57198,,
TUI,TUI1101,GENE,waikaremoana,Hydro,Hydro,2026-07-26,57197,57200,57148,57239,57292,57199,57203,57226,57245,57221,57240,57185,58868,59021,60102,60225,60003,60219,60109,60112,60162,60127,60235,60177,60118,60162,60142,60109,60112,60267,60134,60169,60116,60229,60127,60248,60062,60140,60178,60167,60190,60034,60138,60140,60174,60017,60258,60253,,
TUI,TUI1101,GENE,waikaremoana,Hydro,Hydro,2026-07-27,60164,60254,60187,60108,60137,60137,60130,60125,60185,60079,60088,60138,60237,60051,60420,59803,59976,60158,59992,60083,60157,59983,59914,60018,60072,60043,59851,60043,60119,60060,60111,60029,59926,60039,60134,59941,59654,60066,60081,60039,60012,59901,60126,59872,60034,60005,59971,60219,,
TUI,TUI1101,GENE,waikaremoana,Hydro,Hydro,2026-07-28,60127,60134,60073,60091,60002,60037,60129,60068,59993,59943,59973,59925,60193,60026,59824,59872,59950,60069,60086,60014,59870,60077,60066,60049,60094,60118,59993,60004,60034,60091,60035,59995,59954,59911,59924,60047,59851,59962,59995,60025,60000,60015,60437,59903,59893,60044,60151,60119,,
TUI,TUI1101,GENE,waikaremoana,Hydro,Hydro,2026-07-29,59800,60110,60084,60023,60088,60069,60025,60024,60109,59881,60002,60026,60221,59739,60042,59799,59921,60123,59925,60028,60019,60012,59988,60011,60034,59985,59943,59958,59992,60027,60164,59702,59948,59899,59916,59977,59899,59922,60060,60027,60020,60027,60039,60062,59952,59999,59944,60072,,
TUI,TUI1101,GENE,waikaremoana,Hydro,Hydro,2026-07-30,35618,20180,19761,19676,19718,19692,19688,19660,19705,19627,19857,34236,55391,55350,55968,55918,55932,56115,35934,32571,21383,20263,19637,19796,19969,19732,19672,19682,19666,19546,19708,19635,33775,54057,56234,56368,56245,56417,56390,56389,56402,56350,56445,56352,34954,20311,19841,19946,,
TUI,TUI1101,GENE,waikaremoana,Hydro,Hydro,2026-07-31,19710,25626,24705,25500,26634,25178,25577,24742,27795,28579,25981,19907,19881,19706,21938,21072,19761,19819,19928,19902,19858,25989,27336,26540,24386,26737,26655,26420,19879,19920,19796,26571,29127,34411,26740,33606,34475,34524,34007,30098,22214,26357,34385,33370,33089,31991,29666,20593,,
TWC,TWC2201,TRPG,te_rere_hau,Wind,Wind,2026-07-01,0,0,0,0,0,0,0,0,0,0,0,0,0,0,0,0,0,0,0,0,0,0,0,0,0,0,0,0,0,0,0,0,0,0,0,0,0,0,12,16,113,57,161,68,22,0,0,0,,
TWC,TWC2201,TRPG,te_rere_hau,Wind,Wind,2026-07-02,0,0,0,0,0,16,80,403,1094,691,309,140,105,166,142,185,145,159,353,280,238,496,769,544,465,198,414,612,499,691,1221,1814,1513,2170,2470,3069,3345,4068,5151,4139,4270,3371,3450,3693,3215,2249,2313,3095,,
TWC,TWC2201,TRPG,te_rere_hau,Wind,Wind,2026-07-03,3655,3174,3106,2128,3187,3360,2432,1877,2381,1993,1593,1583,1699,1919,1839,1471,1699,2021,1439,1537,1049,1173,1352,874,1051,796,626,810,970,1020,514,495,79,0,0,0,0,12,41,54,52,130,155,265,416,366,613,1033,,
TWC,TWC2201,TRPG,te_rere_hau,Wind,Wind,2026-07-04,1268,1150,1293,1159,1437,2037,2093,1991,1266,1081,996,1045,1209,1781,2193,3699,3495,4026,4830,5408,4884,5222,4428,5356,4991,4409,2211,1497,1463,1615,1730,2498,3271,2953,2742,2464,1005,2480,3240,2808,2471,2558,3248,3046,2457,1914,1764,1572,,
TWC,TWC2201,TRPG,te_rere_hau,Wind,Wind,2026-07-05,578,1026,567,88,79,373,465,16,7,0,0,3,17,70,110,41,320,25,0,0,146,1249,2886,4223,5748,7347,5503,5303,3775,2899,4204,2993,1407,174,36,3,0,0,0,0,0,0,0,0,0,0,0,1,,
TWC,TWC2201,TRPG,te_rere_hau,Wind,Wind,2026-07-06,1680,4684,5130,6216,8470,11997,13347,13373,13851,13358,14021,12385,12130,12151,13473,12202,11878,10768,12134,10326,7654,7675,7933,8574,12006,11255,8719,7478,6096,6543,5137,6705,6492,6778,5551,6165,7934,8821,5600,2029,2758,439,1377,2758,4071,2687,1485,816,,
TWC,TWC2201,TRPG,te_rere_hau,Wind,Wind,2026-07-07,361,359,662,1210,2038,5650,4522,2182,478,1298,3729,6373,6217,5913,4542,2820,1091,719,1445,1071,1136,1019,1564,4886,5910,1047,1173,2328,2119,1544,1252,1786,2429,2214,1036,1496,2220,2975,1973,1218,391,12,28,7,0,9,42,351,,
TWC,TWC2201,TRPG,te_rere_hau,Wind,Wind,2026-07-08,328,572,839,1361,1002,759,3451,4164,2345,394,0,0,33,1074,1733,1900,1439,2134,2124,1483,1632,1045,262,622,1044,1742,3789,4329,5234,3162,5433,4637,2798,2921,4033,5494,7176,4460,4447,6027,6974,6846,8947,8152,7976,10778,10995,10342,,
TWC,TWC2201,TRPG,te_rere_hau,Wind,Wind,2026-07-09,7928,7700,9364,7829,8080,8859,8266,8372,10833,7505,7190,6886,6665,8621,10406,11611,10456,10826,10984,10470,11638,10346,10543,10639,9513,10692,10626,9698,9547,11098,11834,10245,10435,9269,9865,9563,10721,11396,10534,8793,11256,9948,11043,10506,12601,11851,9152,9042,,
TWC,TWC2201,TRPG,te_rere_hau,Wind,Wind,2026-07-10,7893,6068,5163,4798,5415,4835,6227,5955,7924,9353,9421,7623,6901,5034,4760,4464,5186,5085,5048,4606,3813,3097,4139,4189,2103,2147,2799,4570,3966,4145,2816,1019,537,1042,13,6,0,2,2,6,0,5,0,0,0,0,0,1,,
TWC,TWC2201,TRPG,te_rere_hau,Wind,Wind,2026-07-11,114,355,39,10,4,18,7,0,0,0,0,0,0,0,0,0,0,0,0,0,0,0,0,0,0,7,0,0,0,0,0,0,0,0,313,19,0,0,0,43,257,1350,1118,799,542,796,584,267,,
TWC,TWC2201,TRPG,te_rere_hau,Wind,Wind,2026-07-12,476,915,221,107,204,38,0,0,0,0,0,0,0,0,0,11,102,230,121,3,0,0,0,0,0,0,0,0,0,0,0,0,0,0,0,0,0,0,0,0,0,0,0,3,238,621,503,420,,
TWC,TWC2201,TRPG,te_rere_hau,Wind,Wind,2026-07-13,323,735,707,592,574,1465,2800,3096,2624,2202,2899,3883,3431,2483,2863,2234,2699,2686,3283,4372,4145,3245,3610,2533,3294,4559,3661,2391,2110,2251,3316,2615,3457,3868,3945,3290,3944,4004,5084,4804,4410,2575,3623,2641,3763,4685,4191,3872,,
TWC,TWC2201,TRPG,te_rere_hau,Wind,Wind,2026-07-14,3806,2036,2950,3154,3586,4321,4377,3648,1521,1637,2946,3943,8155,8695,8895,8887,10874,13082,12791,12891,11677,13057,12553,11251,10514,9454,5980,4517,8338,9667,9027,7634,9248,7571,8777,7046,8675,6472,6739,10475,11960,11777,10579,9136,10645,9216,10346,9339,,
TWC,TWC2201,TRPG,te_rere_hau,Wind,Wind,2026-07-15,9751,8002,6502,6516,7408,10080,10429,10884,12583,11991,10727,10181,10843,12160,12222,9720,8730,8034,7744,6640,5233,5787,7488,8059,10057,9078,9187,9569,8952,8431,8347,6873,7307,6709,5116,5702,5427,6419,8496,7928,5804,5624,3724,4134,8592,11421,10039,8721,,
TWC,TWC2201,TRPG,te_rere_hau,Wind,Wind,2026-07-16,6961,6611,8511,7698,9261,11082,11173,12078,12638,13641,14197,14129,13432,11485,12313,14077,13425,14520,13375,13045,9802,4171,4889,11622,11714,11540,12959,11869,12592,10601,9004,9689,6688,4356,2415,1281,917,616,603,419,187,18,32,0,0,57,179,159,,
TWC,TWC2201,TRPG,te_rere_hau,Wind,Wind,2026-07-17,275,685,1745,4240,6390,6604,7007,7083,7165,8186,8527,8317,9527,10346,10881,10815,10230,9944,9581,10180,9840,10369,9869,10029,10564,11370,10568,10465,6794,5965,8506,10826,11486,10789,9928,9224,8395,7749,9896,8942,8658,7264,7812,9590,9019,7703,7155,7731,,
TWC,TWC2201,TRPG,te_rere_hau,Wind,Wind,2026-07-18,8952,11247,11983,12098,11195,11461,12059,11710,10624,9802,9279,8513,8674,8912,9231,9016,9617,9848,11570,11539,10914,11464,11827,10374,9511,12685,12429,12647,12531,11466,12579,12110,11283,10972,11609,11195,9796,9907,10147,10520,10329,10538,10728,10992,11466,12023,7612,8145,,
TWC,TWC2201,TRPG,te_rere_hau,Wind,Wind,2026-07-19,6291,7307,9056,9074,10044,10628,9043,8520,8911,10729,10337,8451,8440,7275,6975,6113,5869,4960,4139,3738,2553,2137,1218,1136,533,140,16,0,0,0,0,1,499,1729,1981,2498,3957,4988,5893,6657,7832,8208,9132,9791,10073,10005,9602,9966,,
TWC,TWC2201,TRPG,te_rere_hau,Wind,Wind,2026-07-20,10072,9464,9220,9331,9416,9369,9647,9717,9525,9872,9684,8612,6810,6049,5852,6363,5701,5201,4543,5830,5846,5421,5411,5326,3367,2071,1779,1261,888,1035,1690,3657,3223,748,152,45,16,62,367,302,540,135,0,0,0,3,0,5,,
TWC,TWC2201,TRPG,te_rere_hau,Wind,Wind,2026-07-21,1155,812,680,197,102,51,9,0,0,0,0,0,0,0,0,0,0,0,0,0,9,0,167,411,866,1612,1352,1613,1073,1305,1537,1624,1002,1783,1608,1777,2784,3182,3789,5035,6179,6699,6377,7764,9021,9078,8531,8412,,
TWC,TWC2201,TRPG,te_rere_hau,Wind,Wind,2026-07-22,7543,7948,7775,7194,7421,8004,6410,4943,4449,4408,3722,2724,2540,2472,1770,1294,986,838,553,255,298,210,90,0,0,0,0,0,0,0,0,0,0,0,0,0,0,0,0,0,0,0,0,0,0,0,0,0,,
TWC,TWC2201,TRPG,te_rere_hau,Wind,Wind,2026-07-23,0,0,0,0,0,0,104,448,427,891,1541,2284,2724,3291,2832,2607,3274,3920,5316,5968,6304,6655,6892,6728,8013,8236,7794,7949,9447,6457,6449,6145,8465,9540,7441,6306,5422,5122,6028,6455,7154,6892,7028,7269,9148,9732,9105,8840,,
TWC,TWC2201,TRPG,te_rere_hau,Wind,Wind,2026-07-24,8479,7803,9065,7551,7993,8377,4666,8300,9338,7683,8947,7638,6985,6257,5533,4319,3224,4336,4525,3075,2075,1206,1466,1008,1567,4979,6551,11439,13032,11263,8218,8183,8272,10207,8907,8746,6825,7719,5659,1980,1843,3009,5622,5951,7634,7157,7224,5704,,
TWC,TWC2201,TRPG,te_rere_hau,Wind,Wind,2026-07-25,4805,9699,7664,4922,4464,4020,4945,6314,4394,3554,3699,1567,546,0,5,43,450,724,1292,606,596,489,29,0,0,0,0,0,146,895,2460,3433,3738,2842,1000,117,0,0,0,0,0,0,0,0,0,0,0,0,,
TWC,TWC2201,TRPG,te_rere_hau,Wind,Wind,2026-07-26,194,1055,1569,1600,1319,1929,1433,1613,1351,1437,1489,1064,910,1102,1408,1384,1181,1413,1301,841,934,764,793,181,1316,1445,1438,1779,1096,3561,4878,2320,2750,2476,3206,2169,2214,2928,1797,1710,2342,1479,1031,1393,994,244,277,223,,
TWC,TWC2201,TRPG,te_rere_hau,Wind,Wind,2026-07-27,296,76,0,0,0,0,0,0,0,8,75,0,0,0,0,1,4,0,2,0,0,0,0,0,0,0,0,0,0,0,0,0,0,0,0,0,0,0,0,0,0,0,0,0,0,0,0,0,,
TWC,TWC2201,TRPG,te_rere_hau,Wind,Wind,2026-07-28,0,0,0,0,0,0,0,0,0,0,0,0,0,0,0,0,0,0,0,0,0,0,0,0,0,0,0,0,0,0,54,682,1359,1034,545,1178,1677,2047,2801,2820,3295,3529,1923,1639,773,704,565,336,,
TWC,TWC2201,TRPG,te_rere_hau,Wind,Wind,2026-07-29,740,1017,689,115,3,0,0,0,66,329,1147,1239,2215,2750,3136,3363,3102,2830,3194,3653,3107,3302,3705,5293,5653,5441,4997,4055,3148,2374,2227,3060,4359,3090,2356,1013,1329,2020,1648,1126,1079,1054,1378,1426,2971,3199,3366,4217,,
TWC,TWC2201,TRPG,te_rere_hau,Wind,Wind,2026-07-30,4349,5988,6960,8140,10694,10369,8941,9281,10096,10982,11830,12022,11270,9012,6219,4861,5561,5386,3812,3375,4717,8056,9921,11109,11585,12334,11984,10255,9745,10857,12858,13255,7675,10666,8026,6159,6354,7670,9029,8803,9074,8335,9175,10902,12014,12151,12872,12571,,
TWC,TWC2201,TRPG,te_rere_hau,Wind,Wind,2026-07-31,12894,12378,13137,9027,7611,10267,11154,8882,8591,8252,9744,11879,12078,12380,11510,8264,8452,9009,10092,9713,9489,10857,12406,10774,12117,11345,10002,13291,12365,10054,12314,10997,11519,11638,11132,12200,13437,12200,12451,11358,10446,8516,5919,4756,6777,6009,8582,11168,,
TWC,TWC2201,TRPG,twf_3,Wind,Wind,2026-07-01,625,564,826,908,453,340,304,224,195,268,237,187,110,0,55,208,111,241,133,149,289,290,0,0,0,89,188,707,539,708,722,895,486,1,0,0,186,643,821,1055,2091,3222,4164,3561,2954,2514,2035,1782,,
TWC,TWC2201,TRPG,twf_3,Wind,Wind,2026-07-02,1640,1019,857,676,869,1464,2116,4214,6735,5916,5530,5056,4536,5813,5517,5404,5516,5746,6767,6319,5367,4590,4407,4567,4208,3315,3208,4033,4365,5463,6674,8422,7566,9801,11328,13115,15477,16740,18866,16960,17624,17342,18678,18749,19042,17367,15234,14563,,
TWC,TWC2201,TRPG,twf_3,Wind,Wind,2026-07-03,14185,13161,15486,14560,12385,14912,13563,11282,12686,12042,12773,12096,12224,11958,11693,11140,10815,11560,9597,8606,8040,5802,6314,6527,6779,5554,6254,6665,6047,6193,4934,3530,2747,1715,1927,1753,1345,1781,1524,1741,2920,3332,4142,5298,6611,6328,7174,8664,,
TWC,TWC2201,TRPG,twf_3,Wind,Wind,2026-07-04,9401,9097,9935,9954,10876,10800,11535,11731,8322,8878,9147,8211,9633,12787,13306,14242,16675,20170,21713,22509,22239,18027,21591,18079,21391,15549,7932,9336,8958,10674,12210,15296,15551,11629,11682,12047,12825,14687,14831,13287,13895,14502,12579,11936,10367,7335,8114,6826,,
TWC,TWC2201,TRPG,twf_3,Wind,Wind,2026-07-05,4534,6724,4474,3268,3730,5349,3914,1310,639,477,556,1217,1000,3820,3862,4709,3156,1313,1466,744,2591,7406,12507,17947,22269,24976,21953,20089,16172,13861,16477,12356,8707,4606,2107,1375,874,1014,0,0,0,0,0,0,176,303,686,2944,,
TWC,TWC2201,TRPG,twf_3,Wind,Wind,2026-07-06,12030,22583,25790,28495,34108,34507,36770,38137,38462,39939,40082,41274,41504,40407,40959,36900,35265,33765,35441,33247,29107,29077,30539,29000,38279,36814,32314,30802,28154,27919,24956,29505,26198,28575,28199,26564,27993,31982,23964,9679,13066,7771,13443,20129,15502,9414,6623,8032,,
TWC,TWC2201,TRPG,twf_3,Wind,Wind,2026-07-07,6191,3991,3049,6472,12889,22182,22549,16265,8113,10085,20911,28602,26768,29163,24883,15891,8421,5827,5761,5093,5971,6830,11515,19100,20875,7400,4142,8863,11384,8320,9031,9544,9897,9931,8222,10293,11386,12702,10432,8145,4897,1109,1256,1795,1889,3172,3606,4258,,
TWC,TWC2201,TRPG,twf_3,Wind,Wind,2026-07-08,3736,3667,5066,7454,8139,4996,11247,17424,13479,8162,2548,1341,1808,5005,6182,7899,9415,11807,9606,6688,5970,6658,3550,3003,6389,7169,10989,19050,19990,13819,13764,17997,15322,17184,15380,18881,28231,25496,23221,26153,30100,32151,39697,36593,32559,37994,36601,37685,,
TWC,TWC2201,TRPG,twf_3,Wind,Wind,2026-07-09,31647,27728,34236,38189,37659,37742,38585,37273,36642,39236,38994,37750,36558,37486,34842,35300,36618,35132,32366,31595,31026,32411,31418,30795,30646,30821,31711,31147,30607,30327,34877,36041,36844,39508,36845,33336,31752,34276,33122,31975,33927,30939,29969,31186,33966,31492,25066,26528,,
TWC,TWC2201,TRPG,twf_3,Wind,Wind,2026-07-10,24167,19843,20078,23441,19311,17470,20793,21616,21339,25465,25939,22651,24125,23680,18021,15197,18487,19770,17238,15122,12910,12645,13953,12823,10947,9636,9585,12979,15228,14911,12350,7946,5772,4934,2918,2120,1738,1969,1586,1405,1471,3981,2825,2017,1008,595,323,1085,,
TWC,TWC2201,TRPG,twf_3,Wind,Wind,2026-07-11,3644,5059,2581,3148,2786,2393,2169,2191,1737,3029,1334,664,678,570,853,1786,1543,602,477,1307,2219,1202,1067,1364,998,1804,2219,1041,748,428,2363,1086,1001,1454,3002,4057,3692,2974,3100,3373,4066,4159,4878,4932,4253,4258,4345,4201,,
TWC,TWC2201,TRPG,twf_3,Wind,Wind,2026-07-12,5964,5649,3474,1350,1531,835,484,344,689,1200,1432,1552,1450,1625,2182,4010,4259,4215,3183,2618,2651,2571,1414,65,0,0,0,0,0,0,0,0,0,0,0,0,0,0,0,0,0,155,1149,2431,3450,4928,4471,4179,,
TWC,TWC2201,TRPG,twf_3,Wind,Wind,2026-07-13,4556,6698,8392,8492,7672,9634,12558,13960,12996,13867,16390,20327,20229,17616,18510,16379,16654,15269,17748,18491,16200,13216,13656,10686,13022,17717,15852,13928,14865,18334,24328,18957,19472,19465,21034,21218,19217,21411,21393,17454,16078,14042,19055,19491,24873,27265,23924,20455,,
TWC,TWC2201,TRPG,twf_3,Wind,Wind,2026-07-14,18851,14255,13880,15387,16308,19334,18708,15478,9884,10265,13769,19126,29193,30593,31722,29990,32253,36537,34173,32928,30721,35037,34270,32609,28852,31446,25400,26027,30112,27724,22327,25162,28483,24193,26501,24156,20687,19675,26078,37237,41050,42107,42498,40505,37699,33330,30465,32197,,
TWC,TWC2201,TRPG,twf_3,Wind,Wind,2026-07-15,35083,25817,26336,26682,29616,34906,35442,37139,39017,38545,39353,37749,37311,38663,37887,34287,30129,32454,28893,25947,25520,25324,28553,29901,30942,29385,31572,30747,28916,28647,30061,25499,26560,21266,15895,15859,18004,22395,28859,23632,17206,14875,14387,21913,33360,37015,34399,32515,,
TWC,TWC2201,TRPG,twf_3,Wind,Wind,2026-07-16,29948,27414,26350,25824,24629,31414,34644,36671,37885,39317,37460,39516,38549,32710,35439,41605,40101,39054,39580,39458,40786,39745,36042,41198,41347,40724,41466,40177,38258,34757,31263,33940,29600,22659,15986,10145,7472,6048,4931,4430,4171,3039,1656,1217,1772,2767,4841,5611,,
TWC,TWC2201,TRPG,twf_3,Wind,Wind,2026-07-17,5238,7580,12311,19664,27534,28063,27096,27042,27045,27961,30980,32558,32991,34982,37756,36838,36999,34918,30812,30685,32419,34265,32294,33900,34447,34479,34894,35960,27882,24537,21633,23680,27928,30906,30170,30477,30953,31418,32687,30634,28920,29952,30640,32274,29116,26998,26712,31070,,
TWC,TWC2201,TRPG,twf_3,Wind,Wind,2026-07-18,31840,33163,36371,40316,39821,39878,39804,39198,40165,42292,42344,41452,41325,41283,41691,41596,41743,39714,38568,39463,39491,39428,39508,36720,36228,38800,40422,39511,40792,38913,39994,38189,36770,37967,39682,38665,37195,37613,39287,38819,36573,37004,34693,39519,40579,41792,43541,44108,,
TWC,TWC2201,TRPG,twf_3,Wind,Wind,2026-07-19,41395,43073,42552,43105,42175,42191,42889,42718,40867,39329,35175,30669,28165,28454,26549,26076,26058,24109,21363,19243,16684,13501,10530,9814,6593,3782,1708,322,0,0,659,1750,5835,11028,14722,16951,21656,29215,29753,29552,30454,29839,30859,32594,34392,35127,35353,35092,,
TWC,TWC2201,TRPG,twf_3,Wind,Wind,2026-07-20,34516,33763,32544,32841,33136,32847,32940,33783,34878,35779,34859,32135,26910,22265,23146,23335,22348,22618,21618,23896,22553,23645,20458,18847,18961,13866,9095,6389,6784,7562,8494,13446,22167,15664,11766,8648,5034,6264,6867,4700,5436,4232,3088,1806,2071,1969,1785,1984,,
TWC,TWC2201,TRPG,twf_3,Wind,Wind,2026-07-21,4208,6109,6277,3633,2617,2569,2037,1429,371,0,0,0,0,0,0,0,179,760,1092,1197,2047,1589,2913,4465,5347,7738,7970,8745,7042,7196,8482,8315,7567,9377,11252,10907,13284,15806,16135,20804,21414,24010,25597,28338,30595,32261,30715,28947,,
TWC,TWC2201,TRPG,twf_3,Wind,Wind,2026-07-22,27496,27266,26767,25380,26634,25962,26502,22671,22435,22058,18877,17247,14055,13754,12017,10748,10178,9200,6811,5767,5107,4742,3730,2352,1850,1956,1678,951,4,0,0,0,0,0,0,0,0,0,0,66,129,745,772,573,172,138,0,0,,
TWC,TWC2201,TRPG,twf_3,Wind,Wind,2026-07-23,0,0,358,855,1124,1208,2890,4642,5116,7151,7730,11736,15455,19023,18776,18280,19514,21014,23725,24534,24887,26139,26148,25639,27004,26333,25573,25526,26297,19900,18837,19456,24593,30486,26253,23354,18120,18388,21039,23444,24089,25033,26345,26663,27645,28358,30045,30610,,
TWC,TWC2201,TRPG,twf_3,Wind,Wind,2026-07-24,29740,25964,26522,26416,25263,27561,20895,27365,31183,29033,29567,28249,28441,23017,21113,17126,15660,14504,14849,11044,8917,12479,10344,10858,18197,26741,31544,38183,40363,38941,34154,30662,31055,34396,29394,29705,28501,34562,33065,21151,16198,12458,17250,23738,24860,26135,25715,17721,,
TWC,TWC2201,TRPG,twf_3,Wind,Wind,2026-07-25,16105,25450,29881,23231,16366,14335,17900,22264,21354,18660,15271,9483,5296,2191,1893,1944,4336,6422,8578,8064,7076,6533,7134,3199,3136,2866,1459,409,1678,11095,17854,19663,22878,21148,13607,8263,3113,2462,3843,1257,1815,892,1188,617,137,703,807,2412,,
TWC,TWC2201,TRPG,twf_3,Wind,Wind,2026-07-26,3735,9899,13420,12211,12374,11332,12602,11560,9812,11032,11542,10692,8975,8884,11123,11422,8925,10522,9446,7135,7520,6574,7325,4625,6295,8722,7879,6916,9232,13926,17328,13222,15981,16288,19235,18301,13999,14477,10838,10385,12532,11592,9805,9649,5572,4425,6784,6952,,
TWC,TWC2201,TRPG,twf_3,Wind,Wind,2026-07-27,6899,4122,1197,698,0,122,570,447,0,1065,1615,1421,2178,1734,2261,2468,2432,2067,2017,1972,1422,1170,967,658,364,475,529,441,50,0,0,0,0,0,0,0,0,0,0,0,0,0,0,603,446,382,31,0,,
TWC,TWC2201,TRPG,twf_3,Wind,Wind,2026-07-28,0,0,0,0,0,82,153,0,0,0,0,0,0,0,0,0,0,0,0,0,0,0,0,0,330,889,1376,2538,2094,2124,2733,5611,9304,11761,11212,12229,14088,15244,18114,20936,17654,16310,15052,13093,10531,9518,8996,7242,,
TWC,TWC2201,TRPG,twf_3,Wind,Wind,2026-07-29,8108,9173,6816,3142,155,0,0,299,971,3375,7408,8520,11551,13649,15615,16982,14934,14027,14726,14706,13044,13593,14196,16841,20596,21406,18463,18034,17353,16194,12355,12811,16749,14671,13563,8131,8493,10470,8134,7502,7910,8304,10139,12791,17565,21018,22107,22389,,
TWC,TWC2201,TRPG,twf_3,Wind,Wind,2026-07-30,22251,23976,28003,29884,32678,34171,34935,36224,35445,37109,38078,39022,35634,31619,28778,28675,26966,24666,22514,19041,22255,29603,32330,37523,40556,37858,38766,36318,34870,35561,39406,39572,32746,35716,29502,26439,26290,32472,35052,35959,35918,30757,32523,33789,38121,41305,42624,41807,,
TWC,TWC2201,TRPG,twf_3,Wind,Wind,2026-07-31,41768,42416,42839,43473,43094,41117,38762,38432,37298,36091,38615,39775,39752,39653,30952,27750,24819,28284,36631,31741,27165,33330,40910,37155,38810,37626,37054,39736,41274,38109,38893,39208,40614,38829,36237,36241,37207,37301,34934,34388,28008,28603,18622,15699,20854,16036,17096,30432,,
TWH,TWH0331,WAIK,te_uku,Wind,Wind,2026-07-01,2116,2373,2899,2762,1756,1983,1715,852,229,72,0,2,19,60,0,0,0,0,0,0,0,0,0,0,2,8,0,0,2,161,200,248,385,354,119,77,0,0,0,0,0,0,0,0,0,0,0,0,,
TWH,TWH0331,WAIK,te_uku,Wind,Wind,2026-07-02,0,0,0,0,0,0,0,0,0,0,3,0,293,918,1505,875,653,1444,1071,565,11,29,0,0,0,0,0,0,0,0,0,0,0,0,0,3,12,0,0,0,0,0,0,345,679,665,751,625,,
TWH,TWH0331,WAIK,te_uku,Wind,Wind,2026-07-03,153,0,0,0,0,0,0,0,0,0,0,0,0,0,0,0,54,424,624,400,242,95,0,0,0,4,27,291,395,47,5,0,0,0,0,0,0,4,0,4,158,396,942,829,737,1315,1618,2688,,
TWH,TWH0331,WAIK,te_uku,Wind,Wind,2026-07-04,3432,3398,3364,4319,4221,3459,4092,4523,4931,5269,6379,7742,9440,9860,12152,13322,13433,15220,16734,16414,17277,18569,19559,19881,17513,19416,18300,15765,16065,16416,12829,12993,13191,14349,15285,17725,20645,20279,20560,24948,24806,21090,22375,21431,20940,22147,23574,23872,,
TWH,TWH0331,WAIK,te_uku,Wind,Wind,2026-07-05,24162,22283,23053,23713,22259,18990,19351,16050,12560,9464,6636,6133,7101,9114,8084,7886,6295,4170,3249,3182,2083,1088,1522,2417,7208,5709,3482,3979,2908,3012,2883,2095,2137,1737,1079,3387,3589,5086,3132,4723,8775,11426,15111,20121,23213,23033,21821,24282,,
TWH,TWH0331,WAIK,te_uku,Wind,Wind,2026-07-06,25578,27242,27645,28008,27863,27543,27770,27722,21657,11821,12752,15028,16350,14665,14663,14663,14665,14664,14663,14663,14665,14665,14665,14666,14662,11037,10747,10051,7742,11022,13138,9452,12472,14664,14661,14663,14462,14661,12945,13696,14664,14665,14664,14666,14667,14668,14668,14672,,
TWH,TWH0331,WAIK,te_uku,Wind,Wind,2026-07-07,14672,14669,14670,14668,14672,14666,14669,14667,14667,14669,14672,14685,14712,14667,14670,14667,14663,14664,14665,14664,14665,14663,14663,14663,14664,14665,14666,14665,14666,14667,14666,14665,14665,14667,14665,14663,14664,14663,14666,14665,14666,14668,14672,14667,14671,14671,14672,14667,,
TWH,TWH0331,WAIK,te_uku,Wind,Wind,2026-07-08,14672,14672,14669,14669,13638,4720,3614,5550,7168,2997,4029,5469,5163,8338,9528,10022,10199,3966,1319,3282,1595,3129,1477,1784,8727,9148,4935,5646,5017,5154,4241,2889,4495,5578,7982,11442,9224,9511,13093,10985,10199,10250,8690,7226,10597,10790,10690,13925,,
TWH,TWH0331,WAIK,te_uku,Wind,Wind,2026-07-09,13459,14179,11071,10695,11644,12977,12653,13927,14670,14464,14667,14685,14630,14662,14666,14667,14667,14666,14666,14662,12164,8654,13266,14667,14667,12946,6613,6795,11323,14667,14667,13277,14481,14667,14669,14665,14668,14664,14665,14665,14667,14668,14675,10548,7958,12239,12353,13186,,
TWH,TWH0331,WAIK,te_uku,Wind,Wind,2026-07-10,9203,8076,11003,11358,11683,11553,9602,11051,10777,7067,9513,9391,13685,14475,13194,10557,10035,8913,6992,5710,2001,755,273,334,410,218,47,91,238,0,3,0,0,2,305,1153,1556,1649,3177,4737,9897,11021,8382,9557,13003,7505,4714,4976,,
TWH,TWH0331,WAIK,te_uku,Wind,Wind,2026-07-11,5114,5503,6746,6305,7187,5901,4501,5130,4773,3586,3640,3186,2679,1952,3410,4020,4189,5224,7181,5614,4896,4464,3268,2732,2865,1933,1106,456,160,100,95,40,52,283,1006,1096,1720,2655,3364,2595,2548,2378,2605,3482,3913,4497,6272,7620,,
TWH,TWH0331,WAIK,te_uku,Wind,Wind,2026-07-12,7085,4722,3046,3042,4720,5019,5290,4767,4475,4260,4457,3842,3053,3292,2588,2732,2687,2419,2219,1507,1257,966,530,155,0,0,0,0,0,1,0,0,0,0,0,0,0,0,252,390,326,684,887,1532,1700,2580,3897,5053,,
TWH,TWH0331,WAIK,te_uku,Wind,Wind,2026-07-13,5042,4439,3682,3171,2818,2562,2739,3066,3855,4995,5119,4728,7300,8274,7615,7507,8503,9801,10675,11993,11695,10913,10444,8611,7369,5147,3452,2414,2859,2793,3207,3382,4512,5714,7618,10838,12071,12842,13883,14663,14132,11995,13532,14665,14666,14667,14623,14672,,
TWH,TWH0331,WAIK,te_uku,Wind,Wind,2026-07-14,14667,14674,14669,14673,14566,13991,12197,7723,9028,8871,9462,7058,8701,6554,6479,7947,7009,4574,2934,2239,687,1424,2186,1887,1637,1682,1821,4019,6674,7360,7078,5677,4241,4492,5661,9298,10695,12458,11419,9069,4397,3489,3884,2739,2014,1755,1737,1401,,
TWH,TWH0331,WAIK,te_uku,Wind,Wind,2026-07-15,1402,2494,2610,3182,3582,3305,3481,2958,3379,3200,4213,4189,4114,3228,4187,6664,6858,7605,6448,7695,5188,3516,2271,2661,2234,742,1685,1853,1722,1548,2538,3308,4612,5899,5717,2460,2157,1871,1356,3992,8747,7231,6799,6156,6298,7776,7578,6990,,
TWH,TWH0331,WAIK,te_uku,Wind,Wind,2026-07-16,10858,12152,11076,10941,10745,12951,10767,11138,10907,10808,11522,11514,13496,11028,9752,6098,4755,4537,4511,4213,5536,7111,5296,6987,9057,10556,11215,11223,12884,13601,12768,12658,14243,14130,12128,13021,14339,14663,14632,14660,14661,14661,14662,14662,14662,14665,14664,14669,,
TWH,TWH0331,WAIK,te_uku,Wind,Wind,2026-07-17,14672,14673,14668,14672,14673,14673,14667,14669,14666,14657,14672,14662,14672,14679,14674,14661,14659,14660,14659,14661,14659,14665,14660,14661,14661,14661,14662,14662,14663,14663,14668,14662,14662,14670,14658,14660,14657,14666,14666,14662,14661,14659,14659,14660,14663,14666,14663,14662,,
TWH,TWH0331,WAIK,te_uku,Wind,Wind,2026-07-18,14663,14665,14665,14670,14665,14662,14662,14664,14662,14666,14665,14663,14670,14663,14661,14661,14661,14660,14659,14659,14659,14659,14660,14667,14660,14666,7828,0,0,0,0,0,0,0,1,0,13223,14659,14664,14668,14663,14660,14661,14662,14666,14665,14670,14658,,
TWH,TWH0331,WAIK,te_uku,Wind,Wind,2026-07-19,14668,14667,14664,14664,14668,14663,14668,14665,14663,14664,14664,14664,14668,14663,14657,14661,14659,14660,14661,12930,10833,11841,11678,11270,14632,14373,14177,11855,13658,12882,13382,9588,13534,12834,9395,5224,7296,5816,4010,3193,4654,5234,3690,2846,1567,651,192,0,,
TWH,TWH0331,WAIK,te_uku,Wind,Wind,2026-07-20,0,0,0,0,22,1212,2419,3252,2605,2811,5116,8718,8822,9206,12159,10725,13197,14244,14519,12500,11647,10507,8779,7874,6383,6523,5940,5914,5544,4557,6270,9142,11998,13555,14653,14661,14663,14661,13683,12424,14069,13615,12936,12442,11185,10941,8222,6985,,
TWH,TWH0331,WAIK,te_uku,Wind,Wind,2026-07-21,7645,4118,2680,1908,1489,400,54,0,0,0,0,0,0,0,0,0,2,12,20,0,0,31,389,633,1248,1426,3043,4710,6018,4476,1660,2673,5051,5740,7478,9705,19975,21902,18324,17683,11603,10834,7209,5030,5251,6099,6401,6252,,
TWH,TWH0331,WAIK,te_uku,Wind,Wind,2026-07-22,5233,3806,3955,4680,6044,5370,7043,6956,12041,9340,9198,14200,11062,14373,16035,15562,16594,12496,17137,17392,13404,12131,11504,11722,11151,16305,17547,17002,16618,18422,20093,17959,23687,23815,21822,21339,23409,21471,20742,20681,11649,4672,2210,1882,1593,985,51,338,,
TWH,TWH0331,WAIK,te_uku,Wind,Wind,2026-07-23,3,0,0,0,0,0,0,0,0,0,0,0,0,0,35,0,0,0,0,0,0,0,0,0,0,0,0,0,0,0,0,77,962,992,777,824,1227,482,79,121,11,0,141,343,436,645,2411,1829,,
TWH,TWH0331,WAIK,te_uku,Wind,Wind,2026-07-24,1234,1407,2352,3810,4905,3660,3995,7372,10783,6475,7993,9869,5108,8343,10988,8541,11573,13384,12993,14833,14653,14314,13040,10087,12706,17675,13594,12346,15418,18669,26874,27667,27348,28853,27546,24144,23934,27698,26659,28783,23474,18654,17651,12836,8812,9672,13475,17358,,
TWH,TWH0331,WAIK,te_uku,Wind,Wind,2026-07-25,16122,19149,22648,22273,14009,14834,14692,20794,15627,26184,24327,25755,18466,23148,26192,23637,13826,13084,20150,27348,27665,27308,27567,22015,28444,28259,25511,22039,18725,23832,23221,24475,23403,22714,24181,22210,21952,23539,22598,21949,21724,21484,21480,21483,21340,21219,19687,16391,,
TWH,TWH0331,WAIK,te_uku,Wind,Wind,2026-07-26,12463,11549,9339,4841,4172,6275,5675,2813,1888,4438,1487,712,363,34,0,0,0,136,1116,1768,3384,4772,7082,6517,5366,3851,3639,6028,8225,9115,10357,10421,8554,5848,7488,10321,7578,10921,11053,10141,7963,5511,7326,7833,4078,1517,1345,1421,,
TWH,TWH0331,WAIK,te_uku,Wind,Wind,2026-07-27,225,292,1331,1100,3518,3143,2842,5735,7841,7043,8896,11233,11669,15415,20317,21013,24180,16312,11505,5517,4369,4271,6893,6304,3681,5342,4450,5627,9081,15634,19707,20863,16786,14643,11678,13073,16482,14276,13528,12243,15892,15286,9567,5797,7015,4845,6075,5854,,
TWH,TWH0331,WAIK,te_uku,Wind,Wind,2026-07-28,7857,8677,10093,12110,17888,21505,16312,17255,15230,13165,14642,12759,16590,14652,13747,17919,11088,9231,8582,4302,448,48,119,779,1350,942,160,64,8,0,0,0,0,0,0,0,0,0,0,325,1658,4457,7653,8676,10059,8458,9181,11264,,
TWH,TWH0331,WAIK,te_uku,Wind,Wind,2026-07-29,12002,12479,10411,9317,7571,5225,4673,5068,6686,6415,5664,5842,5396,5088,4602,4994,4414,4251,3942,2935,2276,2668,2373,2009,1180,725,357,1295,1322,1204,1140,408,3,4,495,101,813,1991,3276,4667,4819,5852,9067,8603,8581,8910,9516,9341,,
TWH,TWH0331,WAIK,te_uku,Wind,Wind,2026-07-30,9382,8710,8618,9733,9092,8846,8998,11565,12692,13324,13773,12196,9482,8413,7801,8087,8142,8812,10000,7787,7328,7369,6516,3670,3022,5714,6561,6158,5075,4478,4299,9508,11431,10233,8341,8673,9197,8532,9021,12981,17654,18083,19890,19327,20097,21340,21730,21872,,
TWH,TWH0331,WAIK,te_uku,Wind,Wind,2026-07-31,22535,23335,23812,26517,28410,24511,11207,11814,15436,13772,14865,19106,16546,20042,17494,15340,17901,19971,28029,24189,21973,25909,26711,24340,27057,26988,28250,24751,27224,25512,25888,26454,27821,27323,23890,20423,17525,17796,21206,21536,20189,18134,20944,21765,24503,20021,14696,14985,,
WAI,WAI0331,HEDL,te_herenga_o_te_rā_solar_farm,SOL,PV,2026-07-01,0,0,0,0,0,0,0,0,0,0,0,0,0,0,0,0,0,0,0,0,0,0,0,0,0,0,0,0,0,0,0,0,0,0,0,0,0,0,0,0,0,0,0,0,0,0,0,0,,
WAI,WAI0331,HEDL,te_herenga_o_te_rā_solar_farm,SOL,PV,2026-07-02,0,0,0,0,0,0,0,0,0,0,0,0,0,0,0,0,0,0,0,0,0,0,0,0,0,0,0,0,0,0,0,0,0,0,0,0,0,0,0,0,0,0,0,0,0,0,0,0,,
WAI,WAI0331,HEDL,te_herenga_o_te_rā_solar_farm,SOL,PV,2026-07-03,0,0,0,0,0,0,0,0,0,0,0,0,0,0,0,0,0,0,0,0,0,0,0,0,0,0,0,0,0,0,0,0,0,0,0,0,0,0,0,0,0,0,0,0,0,0,0,0,,
WAI,WAI0331,HEDL,te_herenga_o_te_rā_solar_farm,SOL,PV,2026-07-04,0,0,0,0,0,0,0,0,0,0,0,0,0,0,0,0,0,0,0,0,0,0,0,0,0,0,0,0,0,0,0,0,0,0,0,0,0,0,0,0,0,0,0,0,0,0,0,0,,
WAI,WAI0331,HEDL,te_herenga_o_te_rā_solar_farm,SOL,PV,2026-07-05,0,0,0,0,0,0,0,0,0,0,0,0,0,0,0,0,0,0,0,0,0,0,0,0,0,0,0,0,0,0,0,0,0,0,0,0,0,0,0,0,0,0,0,0,0,0,0,0,,
WAI,WAI0331,HEDL,te_herenga_o_te_rā_solar_farm,SOL,PV,2026-07-06,0,0,0,0,0,0,0,0,0,0,0,0,0,0,0,0,0,0,0,0,0,0,0,0,0,0,0,0,0,0,0,0,0,0,0,0,0,0,0,0,0,0,0,0,0,0,0,0,,
WAI,WAI0331,HEDL,te_herenga_o_te_rā_solar_farm,SOL,PV,2026-07-07,0,0,0,0,0,0,0,0,0,0,0,0,0,0,0,0,0,0,0,0,0,0,0,0,0,0,0,0,0,0,0,0,0,0,0,0,0,0,0,0,0,0,0,0,0,0,0,0,,
WAI,WAI0331,HEDL,te_herenga_o_te_rā_solar_farm,SOL,PV,2026-07-08,0,0,0,0,0,0,0,0,0,0,0,0,0,0,0,0,0,0,0,0,0,0,0,0,0,0,0,0,0,0,0,0,0,0,0,0,0,0,0,0,0,0,0,0,0,0,0,0,,
WAI,WAI0331,HEDL,te_herenga_o_te_rā_solar_farm,SOL,PV,2026-07-09,0,0,0,0,0,0,0,0,0,0,0,0,0,0,0,0,0,0,0,0,0,0,0,0,0,0,0,0,0,0,0,0,0,0,0,0,0,0,0,0,0,0,0,0,0,0,0,0,,
WAI,WAI0331,HEDL,te_herenga_o_te_rā_solar_farm,SOL,PV,2026-07-10,0,0,0,0,0,0,0,0,0,0,0,0,0,0,0,0,0,0,0,0,0,0,0,0,0,0,0,0,0,0,0,0,0,0,0,0,0,0,0,0,0,0,0,0,0,0,0,0,,
WAI,WAI0331,HEDL,te_herenga_o_te_rā_solar_farm,SOL,PV,2026-07-11,0,0,0,0,0,0,0,0,0,0,0,0,0,0,0,0,0,0,0,0,0,0,0,0,0,0,0,0,0,0,0,0,0,0,0,0,0,0,0,0,0,0,0,0,0,0,0,0,,
WAI,WAI0331,HEDL,te_herenga_o_te_rā_solar_farm,SOL,PV,2026-07-12,0,0,0,0,0,0,0,0,0,0,0,0,0,0,0,0,0,0,0,0,0,0,0,0,0,0,0,0,0,0,0,0,0,0,0,0,0,0,0,0,0,0,0,0,0,0,0,0,,
WAI,WAI0331,HEDL,te_herenga_o_te_rā_solar_farm,SOL,PV,2026-07-13,0,0,0,0,0,0,0,0,0,0,0,0,0,0,0,0,0,0,0,0,0,0,0,0,0,0,0,0,0,0,0,0,0,0,0,0,0,0,0,0,0,0,0,0,0,0,0,0,,
WAI,WAI0331,HEDL,te_herenga_o_te_rā_solar_farm,SOL,PV,2026-07-14,0,0,0,0,0,0,0,0,0,0,0,0,0,0,0,0,0,0,0,0,0,0,0,0,0,0,0,0,0,0,0,0,0,0,0,0,0,0,0,0,0,0,0,0,0,0,0,0,,
WAI,WAI0331,HEDL,te_herenga_o_te_rā_solar_farm,SOL,PV,2026-07-15,0,0,0,0,0,0,0,0,0,0,0,0,0,0,0,0,0,0,0,0,0,0,0,0,0,0,0,0,0,0,0,0,0,0,0,0,0,0,0,0,0,0,0,0,0,0,0,0,,
WAI,WAI0331,HEDL,te_herenga_o_te_rā_solar_farm,SOL,PV,2026-07-16,0,0,0,0,0,0,0,0,0,0,0,0,0,0,0,0,0,0,0,0,0,0,0,0,0,0,0,0,0,0,0,0,0,0,0,0,0,0,0,0,0,0,0,0,0,0,0,0,,
WAI,WAI0331,HEDL,te_herenga_o_te_rā_solar_farm,SOL,PV,2026-07-17,0,0,0,0,0,0,0,0,0,0,0,0,0,0,0,0,0,0,0,0,0,0,0,0,0,0,0,0,0,0,0,0,0,0,0,0,0,0,0,0,0,0,0,0,0,0,0,0,,
WAI,WAI0331,HEDL,te_herenga_o_te_rā_solar_farm,SOL,PV,2026-07-18,0,0,0,0,0,0,0,0,0,0,0,0,0,0,0,0,0,0,0,0,0,0,0,0,0,0,0,0,0,0,0,0,0,0,0,0,0,0,0,0,0,0,0,0,0,0,0,0,,
WAI,WAI0331,HEDL,te_herenga_o_te_rā_solar_farm,SOL,PV,2026-07-19,0,0,0,0,0,0,0,0,0,0,0,0,0,0,0,0,0,0,0,0,0,0,0,0,0,0,0,0,0,0,0,0,0,0,0,0,0,0,0,0,0,0,0,0,0,0,0,0,,
WAI,WAI0331,HEDL,te_herenga_o_te_rā_solar_farm,SOL,PV,2026-07-20,0,0,0,0,0,0,0,0,0,0,0,0,0,0,0,0,0,0,0,0,0,0,0,0,0,0,0,0,0,0,0,0,0,0,0,0,0,0,0,0,0,0,0,0,0,0,0,0,,
WAI,WAI0331,HEDL,te_herenga_o_te_rā_solar_farm,SOL,PV,2026-07-21,0,0,0,0,0,0,0,0,0,0,0,0,0,0,0,0,0,0,0,0,0,0,0,0,0,0,0,0,0,0,0,0,0,0,0,0,0,0,0,0,0,0,0,0,0,0,0,0,,
WAI,WAI0331,HEDL,te_herenga_o_te_rā_solar_farm,SOL,PV,2026-07-22,0,0,0,0,0,0,0,0,0,0,0,0,0,0,0,0,0,0,0,0,0,0,0,0,0,0,0,0,0,0,0,0,0,0,0,0,0,0,0,0,0,0,0,0,0,0,0,0,,
WAI,WAI0331,HEDL,te_herenga_o_te_rā_solar_farm,SOL,PV,2026-07-23,0,0,0,0,0,0,0,0,0,0,0,0,0,0,0,0,0,0,0,0,0,0,0,0,0,0,0,0,0,0,0,0,0,0,0,0,0,0,0,0,0,0,0,0,0,0,0,0,,
WAI,WAI0331,HEDL,te_herenga_o_te_rā_solar_farm,SOL,PV,2026-07-24,0,0,0,0,0,0,0,0,0,0,0,0,0,0,0,0,0,0,0,0,0,0,0,0,0,0,0,0,0,0,0,0,0,0,0,0,0,0,0,0,0,0,0,0,0,0,0,0,,
WAI,WAI0331,HEDL,te_herenga_o_te_rā_solar_farm,SOL,PV,2026-07-25,0,0,0,0,0,0,0,0,0,0,0,0,0,0,0,0,0,0,0,0,0,0,0,0,0,0,0,0,0,0,0,0,0,0,0,0,0,0,0,0,0,0,0,0,0,0,0,0,,
WAI,WAI0331,HEDL,te_herenga_o_te_rā_solar_farm,SOL,PV,2026-07-26,0,0,0,0,0,0,0,0,0,0,0,0,0,0,0,0,0,0,0,0,0,0,0,0,0,0,0,0,0,0,0,0,0,0,0,0,0,0,0,0,0,0,0,0,0,0,0,0,,
WAI,WAI0331,HEDL,te_herenga_o_te_rā_solar_farm,SOL,PV,2026-07-27,0,0,0,0,0,0,0,0,0,0,0,0,0,0,0,0,0,0,0,0,0,0,0,0,0,0,0,0,0,0,0,0,0,0,0,0,0,0,0,0,0,0,0,0,0,0,0,0,,
WAI,WAI0331,HEDL,te_herenga_o_te_rā_solar_farm,SOL,PV,2026-07-28,0,0,0,0,0,0,0,0,0,0,0,0,0,0,0,0,0,0,0,0,0,0,0,0,0,0,0,0,0,0,0,0,0,0,0,0,0,0,0,0,0,0,0,0,0,0,0,0,,
WAI,WAI0331,HEDL,te_herenga_o_te_rā_solar_farm,SOL,PV,2026-07-29,0,0,0,0,0,0,0,0,0,0,0,0,0,0,0,0,0,0,0,0,0,0,0,0,0,0,0,0,0,0,0,0,0,0,0,0,0,0,0,0,0,0,0,0,0,0,0,0,,
WAI,WAI0331,HEDL,te_herenga_o_te_rā_solar_farm,SOL,PV,2026-07-30,0,0,0,0,0,0,0,0,0,0,0,0,0,0,0,0,0,0,0,0,0,0,0,0,0,0,0,0,0,0,0,0,0,0,0,0,0,0,0,0,0,0,0,0,0,0,0,0,,
WAI,WAI0331,HEDL,te_herenga_o_te_rā_solar_farm,SOL,PV,2026-07-31,0,0,0,0,0,0,0,0,0,0,0,0,0,0,0,0,0,0,0,0,0,0,0,0,0,0,0,0,0,0,0,0,0,0,0,0,0,0,0,0,0,0,0,0,0,0,0,0,,
WAI,WAI0331,LODE,te_herenga_o_te_rā_solar_farm,SOL,PV,2026-07-01,0,0,0,0,0,0,0,0,0,0,0,0,0,0,1,323,2375,5674,7913,9788,11248,11512,11422,11119,10933,10626,10404,10098,9560,8060,6835,4771,2017,254,2,0,0,0,0,0,0,0,0,0,0,0,0,0,,
WAI,WAI0331,LODE,te_herenga_o_te_rā_solar_farm,SOL,PV,2026-07-02,0,0,0,0,0,0,0,0,0,0,0,0,0,0,1,299,2246,5576,8286,10122,11339,11586,11499,11298,11091,10791,10476,10164,9750,8649,7488,5158,2256,286,5,0,0,0,0,0,0,0,0,0,0,0,0,0,,
WAI,WAI0331,LODE,te_herenga_o_te_rā_solar_farm,SOL,PV,2026-07-03,0,0,0,0,0,0,0,0,0,0,0,0,0,0,2,170,2271,4805,8227,10062,11358,11533,11454,10694,11067,10866,9672,9969,8279,7664,7588,5130,2156,291,1,0,0,0,0,0,0,0,0,0,0,0,0,0,,
WAI,WAI0331,LODE,te_herenga_o_te_rā_solar_farm,SOL,PV,2026-07-04,0,0,0,0,0,0,0,0,0,0,0,0,0,0,1,357,2401,5692,8295,10057,11333,11462,11309,6935,2481,4081,2195,1625,4591,5586,3476,2646,969,365,0,0,0,0,0,0,0,0,0,0,0,0,0,0,,
WAI,WAI0331,LODE,te_herenga_o_te_rā_solar_farm,SOL,PV,2026-07-05,0,0,0,0,0,0,0,0,0,0,0,0,0,0,0,0,40,23,580,1406,2127,2368,3415,6925,9842,10427,10918,5702,4680,5782,5347,5402,3049,695,3,0,0,0,0,0,0,0,0,0,0,0,0,0,,
WAI,WAI0331,LODE,te_herenga_o_te_rā_solar_farm,SOL,PV,2026-07-06,0,0,0,0,0,0,0,0,0,0,0,0,0,0,0,0,168,70,545,1431,995,1413,2801,1915,7416,7095,7337,1092,463,284,222,1801,1323,778,4,0,0,0,0,0,0,0,0,0,0,0,0,0,,
WAI,WAI0331,LODE,te_herenga_o_te_rā_solar_farm,SOL,PV,2026-07-07,0,0,0,0,0,0,0,0,0,0,0,0,0,0,0,245,875,1312,2215,5837,3784,4411,3874,4565,5111,3667,2610,2654,1443,696,516,68,33,10,0,0,0,0,0,0,0,0,0,0,0,0,0,0,,
WAI,WAI0331,LODE,te_herenga_o_te_rā_solar_farm,SOL,PV,2026-07-08,0,0,0,0,0,0,0,0,0,0,0,0,0,0,0,339,1153,1651,2411,4699,8673,7947,9606,8893,11022,11572,11160,7107,5950,7660,3280,2082,1584,1372,72,0,0,0,0,0,0,0,0,0,0,0,0,0,,
WAI,WAI0331,LODE,te_herenga_o_te_rā_solar_farm,SOL,PV,2026-07-09,0,0,0,0,0,0,0,0,0,0,0,0,0,0,0,351,2004,1078,3440,2579,3843,6380,9431,5681,5319,3349,4445,7106,5679,2080,1018,870,653,316,1,0,0,0,0,0,0,0,0,0,0,0,0,0,,
WAI,WAI0331,LODE,te_herenga_o_te_rā_solar_farm,SOL,PV,2026-07-10,0,0,0,0,0,0,0,0,0,0,0,0,0,0,0,93,718,1103,3511,10021,11847,12159,11987,11740,9686,10896,8353,9600,9626,9380,7896,2408,1697,632,41,0,0,0,0,0,0,0,0,0,0,0,0,0,,
WAI,WAI0331,LODE,te_herenga_o_te_rā_solar_farm,SOL,PV,2026-07-11,0,0,0,0,0,0,0,0,0,0,0,0,0,0,2,480,2809,6252,8931,10725,11871,12018,11965,11753,11566,11417,11508,10753,10196,9389,8243,5978,2842,452,14,0,0,0,0,0,0,0,0,0,0,0,0,0,,
WAI,WAI0331,LODE,te_herenga_o_te_rā_solar_farm,SOL,PV,2026-07-12,0,0,0,0,0,0,0,0,0,0,0,0,0,0,4,494,2805,6211,8871,10697,11828,11938,11860,11631,11372,11107,10807,10520,10245,9213,8118,5943,2914,513,24,0,0,0,0,0,0,0,0,0,0,0,0,0,,
WAI,WAI0331,LODE,te_herenga_o_te_rā_solar_farm,SOL,PV,2026-07-13,0,0,0,0,0,0,0,0,0,0,0,0,0,0,1,411,2733,6179,8840,10662,11935,12033,11810,11597,11372,11148,10932,10582,10571,10323,8247,5828,2349,330,8,0,0,0,0,0,0,0,0,0,0,0,0,0,,
WAI,WAI0331,LODE,te_herenga_o_te_rā_solar_farm,SOL,PV,2026-07-14,0,0,0,0,0,0,0,0,0,0,0,0,0,0,0,31,545,1142,971,2180,3122,3255,6168,6120,4490,3730,3634,4048,5060,3795,2635,4633,2890,402,21,0,0,0,0,0,0,0,0,0,0,0,0,0,,
WAI,WAI0331,LODE,te_herenga_o_te_rā_solar_farm,SOL,PV,2026-07-15,0,0,0,0,0,0,0,0,0,0,0,0,0,0,2,312,1285,3517,8295,10416,8887,8209,11620,11367,10714,8703,6921,5053,4346,4019,3263,2436,3524,721,26,0,0,0,0,0,0,0,0,0,0,0,0,0,,
WAI,WAI0331,LODE,te_herenga_o_te_rā_solar_farm,SOL,PV,2026-07-16,0,0,0,0,0,0,0,0,0,0,0,0,0,0,2,261,1105,1665,3732,7401,9274,9262,3095,9874,5984,6861,2475,5779,6196,2150,2545,2979,2576,278,2,0,0,0,0,0,0,0,0,0,0,0,0,0,,
WAI,WAI0331,LODE,te_herenga_o_te_rā_solar_farm,SOL,PV,2026-07-17,0,0,0,0,0,0,0,0,0,0,0,0,0,0,3,518,2960,6382,8968,10751,11949,12088,11804,11663,11555,11293,11048,10770,10459,9034,8218,6105,3034,662,35,0,0,0,0,0,0,0,0,0,0,0,0,0,,
WAI,WAI0331,LODE,te_herenga_o_te_rā_solar_farm,SOL,PV,2026-07-18,0,0,0,0,0,0,0,0,0,0,0,0,0,0,10,571,3087,6604,9180,10986,12129,12306,12184,11987,11806,11518,11303,10993,10576,9605,8423,6293,3244,721,33,0,0,0,0,0,0,0,0,0,0,0,0,0,,
WAI,WAI0331,LODE,te_herenga_o_te_rā_solar_farm,SOL,PV,2026-07-19,0,0,0,0,0,0,0,0,0,0,0,0,0,0,14,634,3217,6789,9378,11108,12140,12265,12283,12047,11747,11438,11123,10792,10488,9546,8407,6390,3308,813,49,0,0,0,0,0,0,0,0,0,0,0,0,0,,
WAI,WAI0331,LODE,te_herenga_o_te_rā_solar_farm,SOL,PV,2026-07-20,0,0,0,0,0,0,0,0,0,0,0,0,0,0,27,1077,1852,1667,1981,3444,5168,4881,5336,5859,8856,7154,8678,7452,5046,3836,6189,2598,1030,868,68,0,0,0,0,0,0,0,0,0,0,0,0,0,,
WAI,WAI0331,LODE,te_herenga_o_te_rā_solar_farm,SOL,PV,2026-07-21,0,0,0,0,0,0,0,0,0,0,0,0,0,0,6,451,3358,6704,9195,11022,12150,12232,12109,11942,11760,11522,11252,11064,10795,9877,8741,4867,3098,891,81,0,0,0,0,0,0,0,0,0,0,0,0,0,,
WAI,WAI0331,LODE,te_herenga_o_te_rā_solar_farm,SOL,PV,2026-07-22,0,0,0,0,0,0,0,0,0,0,0,0,0,0,22,903,1951,2147,8058,11306,12310,12404,12300,12127,11916,11665,11382,11126,10756,9735,8315,6336,3480,930,70,0,0,0,0,0,0,0,0,0,0,0,0,0,,
WAI,WAI0331,LODE,te_herenga_o_te_rā_solar_farm,SOL,PV,2026-07-23,0,0,0,0,0,0,0,0,0,0,0,0,0,0,22,759,3456,6956,9572,11434,12237,12416,9467,11846,11396,11917,9942,9924,11750,10164,8354,6334,2830,712,42,0,0,0,0,0,0,0,0,0,0,0,0,0,,
WAI,WAI0331,LODE,te_herenga_o_te_rā_solar_farm,SOL,PV,2026-07-24,0,0,0,0,0,0,0,0,0,0,0,0,0,0,11,439,1102,2430,9635,11169,12070,5887,7103,7907,6532,5211,3933,3000,4015,3042,2316,1002,736,209,0,0,0,0,0,0,0,0,0,0,0,0,0,0,,
WAI,WAI0331,LODE,te_herenga_o_te_rā_solar_farm,SOL,PV,2026-07-25,0,0,0,0,0,0,0,0,0,0,0,0,0,0,6,501,1176,1405,1832,3090,9939,12493,6385,7002,8206,7307,10197,10583,9445,1732,1205,1146,1554,1375,79,0,0,0,0,0,0,0,0,0,0,0,0,0,,
WAI,WAI0331,LODE,te_herenga_o_te_rā_solar_farm,SOL,PV,2026-07-26,0,0,0,0,0,0,0,0,0,0,0,0,0,0,107,1226,2590,2294,2357,3299,3825,5885,4817,4544,6015,5790,6330,5853,9751,5656,4045,1565,1269,504,39,0,0,0,0,0,0,0,0,0,0,0,0,0,,
WAI,WAI0331,LODE,te_herenga_o_te_rā_solar_farm,SOL,PV,2026-07-27,0,0,0,0,0,0,0,0,0,0,0,0,0,0,43,989,4046,7745,10417,12317,13203,13320,13169,12921,12603,12326,12043,11770,11448,10649,9415,7509,4227,1254,90,0,0,0,0,0,0,0,0,0,0,0,0,0,,
WAI,WAI0331,LODE,te_herenga_o_te_rā_solar_farm,SOL,PV,2026-07-28,0,0,0,0,0,0,0,0,0,0,0,0,0,0,49,1116,4139,7758,10406,12211,12957,13019,12891,12670,12405,12153,11883,7773,7125,7223,9333,7661,3948,666,90,0,0,0,0,0,0,0,0,0,0,0,0,0,,
WAI,WAI0331,LODE,te_herenga_o_te_rā_solar_farm,SOL,PV,2026-07-29,0,0,0,0,0,0,0,0,0,0,0,0,0,0,46,1053,4141,7762,10281,12029,12778,12830,12717,12502,12332,12230,12358,12176,11781,10913,9481,7619,4330,980,118,0,0,0,0,0,0,0,0,0,0,0,0,0,,
WAI,WAI0331,LODE,te_herenga_o_te_rā_solar_farm,SOL,PV,2026-07-30,0,0,0,0,0,0,0,0,0,0,0,0,0,0,39,331,816,1882,2759,3562,4076,6275,10432,9618,8515,9771,8623,10868,10194,9065,6636,6240,3240,1069,184,0,0,0,0,0,0,0,0,0,0,0,0,0,,
WAI,WAI0331,LODE,te_herenga_o_te_rā_solar_farm,SOL,PV,2026-07-31,0,0,0,0,0,0,0,0,0,0,0,0,0,0,0,382,3040,7462,10005,11883,12888,13355,14378,5052,2755,5544,8894,6640,3896,10361,7363,3599,3055,1678,126,0,0,0,0,0,0,0,0,0,0,0,0,0,,
WDV,WDV1101,MERI,te_apiti,Wind,Wind,2026-07-01,0,0,24,19,0,0,0,0,0,0,0,0,0,0,0,0,0,0,0,0,0,0,0,0,0,0,0,0,0,0,0,0,0,0,0,0,0,0,0,0,35,721,1459,1025,1232,1323,910,228,,
WDV,WDV1101,MERI,te_apiti,Wind,Wind,2026-07-02,188,39,7,3,1,78,576,2686,4869,4796,4943,4804,3930,2941,3013,3958,3857,3725,4166,3122,955,198,294,531,1013,1504,337,714,802,1981,2965,3567,5066,5927,8228,9060,10944,12025,14148,14163,13819,16182,16239,15548,16964,14365,10933,11606,,
WDV,WDV1101,MERI,te_apiti,Wind,Wind,2026-07-03,14393,16178,14222,15218,19382,21167,22086,19913,13529,19966,21458,19233,17903,17898,16643,15628,11583,12408,12085,11501,9084,10585,6809,6720,7227,8129,6020,4652,2030,2298,1566,905,279,0,0,0,0,0,0,436,1132,2996,4435,4881,6041,6197,6644,7726,,
WDV,WDV1101,MERI,te_apiti,Wind,Wind,2026-07-04,8986,9322,9529,8834,8983,9170,9482,7233,7073,7897,8439,9039,8087,10828,10866,12811,14447,18059,21039,22368,21283,20748,14462,12274,11897,5057,4947,5436,6935,7235,9654,10280,7667,5225,7237,6968,9367,11272,9821,10794,9329,8063,11020,10338,6912,4070,6208,1059,,
WDV,WDV1101,MERI,te_apiti,Wind,Wind,2026-07-05,1294,940,355,72,166,59,0,0,0,0,0,0,0,85,51,284,134,376,8,2,1162,8138,13569,15911,18262,18080,14892,12585,8294,6116,8595,5819,6656,2497,95,110,0,0,0,0,0,0,0,0,245,514,705,2584,,
WDV,WDV1101,MERI,te_apiti,Wind,Wind,2026-07-06,5066,9592,8675,11407,13973,17906,21943,26824,26177,23847,26047,27402,24864,24773,26483,20865,19000,21788,22477,14760,9166,9534,12944,17430,25103,24480,22098,23241,21222,19329,17051,20970,15395,20513,22739,26137,26686,22316,16313,6136,3674,3082,10958,19908,16171,5082,3281,3492,,
WDV,WDV1101,MERI,te_apiti,Wind,Wind,2026-07-07,4251,1495,538,4455,8071,13891,13469,12645,7346,11615,21251,22324,20742,19317,16274,9504,6060,2703,4527,3375,1981,2564,7089,7495,12440,5219,2422,4077,8041,8500,8540,6605,2799,1755,730,2691,5837,5259,2464,924,0,4,0,3,584,1444,964,881,,
WDV,WDV1101,MERI,te_apiti,Wind,Wind,2026-07-08,1415,636,1,0,0,57,605,2165,978,1604,404,0,0,0,293,991,2210,3340,1311,604,424,1180,70,217,3391,2634,4891,9973,11020,7567,10083,9271,7843,5393,10256,9607,9665,15276,15211,13828,14158,16596,22947,21926,19999,25967,23159,22521,,
WDV,WDV1101,MERI,te_apiti,Wind,Wind,2026-07-09,17308,15077,18998,25627,24810,25826,24423,22350,24476,24475,23146,25746,26708,27693,26737,24843,23293,24818,24205,22991,21035,22638,21622,21814,20702,23141,23608,23606,22740,26239,27619,25023,24042,25689,23632,23160,24886,26111,25111,26056,25521,25111,22557,26534,25535,16730,15318,16099,,
WDV,WDV1101,MERI,te_apiti,Wind,Wind,2026-07-10,13565,14006,12275,10143,14756,12928,12431,13080,13296,15686,14057,13053,11683,13032,14259,20783,17014,11736,12783,12055,11379,8598,7443,3192,6002,9053,6676,5429,9060,11595,10142,7801,4168,4028,2405,2109,179,1443,502,4,1,233,579,925,29,0,0,0,,
WDV,WDV1101,MERI,te_apiti,Wind,Wind,2026-07-11,0,37,160,19,29,4,0,0,0,193,53,0,0,44,51,0,0,0,0,0,95,247,12,0,0,0,0,0,0,0,338,92,0,0,0,0,0,0,0,61,711,1025,311,27,0,0,308,2864,,
WDV,WDV1101,MERI,te_apiti,Wind,Wind,2026-07-12,2343,1464,505,13,0,0,0,0,0,0,0,0,129,423,631,1075,904,316,474,763,986,629,6,0,0,0,0,0,0,0,0,0,0,0,0,0,0,0,0,0,0,0,235,846,1677,3555,4204,3170,,
WDV,WDV1101,MERI,te_apiti,Wind,Wind,2026-07-13,2792,5178,6239,6761,6287,7587,8968,8997,14195,18438,21725,21898,21592,17891,17581,17838,18284,17851,17266,18610,16317,11892,11855,12309,10899,13295,9493,11203,14122,20079,20876,17453,12379,12927,16101,15155,14371,12268,12082,14520,15898,14741,16549,19937,22112,22608,19652,19199,,
WDV,WDV1101,MERI,te_apiti,Wind,Wind,2026-07-14,21179,16079,13424,13738,14895,18499,18062,14042,10628,8079,12233,18115,24859,25682,26093,27125,28266,24634,22918,21954,20776,22053,19634,19918,20692,22038,19446,20072,21584,21019,18003,22186,21343,16514,17036,18211,20821,20049,26692,27542,25244,20747,17484,14741,19247,19327,19580,22252,,
WDV,WDV1101,MERI,te_apiti,Wind,Wind,2026-07-15,22485,19380,21730,21141,21749,24385,19585,20958,19603,19199,19164,19412,20853,22791,22300,23003,24350,23666,21879,22805,24228,25290,23990,24918,24100,21708,23250,21195,19724,18716,17909,14062,15958,15535,12400,13523,20278,23887,26212,24125,19988,17366,21737,26233,26985,24324,23093,22450,,
WDV,WDV1101,MERI,te_apiti,Wind,Wind,2026-07-16,25143,25072,25129,25907,25158,27514,28897,28154,26131,25764,24943,23396,22974,21961,25729,25238,21827,21861,20357,19704,18679,13473,11117,11834,13575,13883,13719,13229,13705,15065,20079,26802,24880,23517,22241,20686,14559,9330,6482,6680,5379,5475,5237,5041,5103,8304,11371,11288,,
WDV,WDV1101,MERI,te_apiti,Wind,Wind,2026-07-17,14094,14703,18898,25054,25411,24583,23258,22455,22649,23293,23995,23236,23794,23881,24233,22822,23164,22393,21477,21313,21008,21338,20499,20925,20990,21037,19915,18998,16964,20563,20850,20278,17915,18623,19580,21734,20558,23306,21642,23225,20336,21373,22263,21289,21296,23357,23655,23365,,
WDV,WDV1101,MERI,te_apiti,Wind,Wind,2026-07-18,24179,26325,25885,27819,24885,21747,21291,19953,18705,17588,17784,15850,17033,15647,15701,14118,14376,14885,15362,14465,15207,15095,15184,14698,14801,14853,14794,14992,15510,15069,15356,14954,15231,14308,14007,15079,14036,24452,24170,22913,22584,23224,22544,24062,23352,22481,20808,18573,,
WDV,WDV1101,MERI,te_apiti,Wind,Wind,2026-07-19,15838,15858,17945,16529,17545,19046,18901,19147,18930,18695,18171,18161,18654,18834,21483,20512,20405,19294,19090,15786,13512,10665,8912,6718,5866,2526,1162,54,0,0,0,0,281,2870,6887,7670,8731,12316,13551,13898,16402,18975,19874,23097,22210,21368,22912,24164,,
WDV,WDV1101,MERI,te_apiti,Wind,Wind,2026-07-20,24758,24405,22359,21479,21835,21857,20872,20322,20923,22265,21746,18836,15214,14779,13170,12225,9393,9077,7970,10798,14609,13483,12313,11426,9944,9645,6414,4413,2028,3503,7763,6655,6342,8888,6942,8223,9155,8589,8710,7524,5619,6843,3593,1397,75,222,303,97,,
WDV,WDV1101,MERI,te_apiti,Wind,Wind,2026-07-21,0,11,0,95,144,117,1,0,0,0,0,0,0,0,0,0,0,0,56,92,1629,2322,2618,4816,4874,5522,6702,7288,5312,5118,5847,6927,6619,8735,10926,15821,17343,20878,22790,23777,25064,25546,26951,26168,23943,22330,22355,23856,,
WDV,WDV1101,MERI,te_apiti,Wind,Wind,2026-07-22,23898,23139,21520,21286,22294,22510,22957,20590,20938,20112,18308,15562,13817,13739,11760,10829,9727,8639,6583,4841,4590,3015,1564,1098,1356,773,173,16,0,0,0,0,0,0,0,0,0,0,0,0,0,0,0,0,0,0,0,0,,
WDV,WDV1101,MERI,te_apiti,Wind,Wind,2026-07-23,0,0,0,12,29,50,529,710,748,1529,2334,5640,13651,17941,15410,14480,15496,19063,19610,21850,23154,23139,21607,19529,20220,21009,18736,17905,16306,16601,16360,17793,16502,19273,18013,15599,15335,16944,18564,20662,21346,22691,21778,21777,22793,23504,22583,24524,,
WDV,WDV1101,MERI,te_apiti,Wind,Wind,2026-07-24,21742,22052,23145,20847,18256,20241,20813,21105,23280,21416,21787,20834,22170,22703,20161,21173,17507,16912,15724,15364,13281,10719,6944,6448,8694,16933,20422,22545,23897,17807,16242,21977,22025,20799,19917,17873,18558,17507,17293,17915,11049,8191,11637,19354,17878,18939,20139,17685,,
WDV,WDV1101,MERI,te_apiti,Wind,Wind,2026-07-25,16068,18415,19528,15382,15461,11098,15559,18680,18386,14089,11440,5548,3566,2225,2855,3128,4040,4416,3548,7548,7636,6340,6594,6588,4529,1714,667,45,0,4349,9371,10647,8464,8751,6541,3955,586,255,1317,488,451,5,3,79,3,0,0,886,,
WDV,WDV1101,MERI,te_apiti,Wind,Wind,2026-07-26,618,2376,2563,3309,2934,3136,1609,758,655,2049,3318,2423,2478,2317,3333,2740,2796,2902,2529,2366,2267,3654,3847,3614,2059,2391,4125,4177,4692,6089,11252,8385,4400,5619,4910,5754,5710,5712,3180,3210,3864,4870,3280,1552,1646,45,361,528,,
WDV,WDV1101,MERI,te_apiti,Wind,Wind,2026-07-27,321,187,0,0,0,0,0,0,0,1,260,780,2367,2176,2052,1420,1765,1270,1334,804,383,300,442,47,10,2,0,0,0,0,0,0,0,0,0,0,0,0,0,0,0,0,0,0,0,0,0,0,,
WDV,WDV1101,MERI,te_apiti,Wind,Wind,2026-07-28,0,0,0,0,0,0,0,0,0,0,0,0,0,0,0,0,0,0,0,0,0,0,0,0,0,338,1420,2967,1923,1249,1820,4832,7381,11492,12548,9624,9641,12115,12469,9983,7793,6092,6959,6916,4890,4782,3979,2082,,
WDV,WDV1101,MERI,te_apiti,Wind,Wind,2026-07-29,2313,2859,882,48,0,0,0,0,140,3001,7068,7605,6259,6800,9829,11439,11431,10339,9707,10707,10914,11924,12452,16744,18316,16355,13716,12955,12650,11058,8102,7097,7958,6573,3517,2937,2149,4028,4179,5992,8266,11042,12287,15724,18696,23464,23213,21661,,
WDV,WDV1101,MERI,te_apiti,Wind,Wind,2026-07-30,20022,23710,24811,23533,20363,21006,21450,21843,21527,20926,20319,19533,18868,18751,19027,18607,20829,20698,19128,17601,19777,20655,20634,21556,20152,18375,20590,23040,23337,26311,23508,20020,23081,18501,14257,11021,17479,22915,22894,19742,20216,19232,21512,22525,24986,24500,24863,23979,,
WDV,WDV1101,MERI,te_apiti,Wind,Wind,2026-07-31,23179,20266,18143,17060,16941,16295,18736,19966,20121,20461,20027,19264,19427,20084,17379,19115,21500,24259,23509,18760,19567,23573,20350,20127,21113,17400,17776,17020,16338,16111,16082,16900,18507,15781,18115,20854,21691,21136,19429,20036,19977,19611,16910,19517,20315,16852,16032,21099,,
WHI,WHI2201,CTCT,whirinaki,Diesel,Thrml,2026-07-01,0,0,0,0,0,0,0,0,0,0,0,0,0,0,0,0,0,0,0,0,0,0,0,0,0,0,0,0,0,0,0,0,0,0,0,0,0,0,0,0,0,0,0,0,0,0,0,0,,
WHI,WHI2201,CTCT,whirinaki,Diesel,Thrml,2026-07-02,0,0,0,0,0,0,0,0,0,0,0,0,0,0,0,0,0,0,0,0,0,0,0,0,0,0,0,0,0,0,0,0,0,0,0,0,0,0,0,0,0,0,0,0,0,0,0,0,,
WHI,WHI2201,CTCT,whirinaki,Diesel,Thrml,2026-07-03,0,0,0,0,0,0,0,0,0,0,0,0,0,0,0,0,0,0,0,0,0,0,0,0,0,0,0,0,0,0,0,0,0,0,0,0,0,0,0,0,0,0,0,0,0,0,0,0,,
WHI,WHI2201,CTCT,whirinaki,Diesel,Thrml,2026-07-04,0,0,0,0,0,0,0,0,0,0,0,0,0,0,0,0,0,0,0,0,0,0,0,0,0,0,0,0,0,0,0,0,0,0,0,0,0,0,0,0,0,0,0,0,0,0,0,0,,
WHI,WHI2201,CTCT,whirinaki,Diesel,Thrml,2026-07-05,0,0,0,0,0,0,0,0,0,0,0,0,0,0,0,0,0,0,0,0,0,0,0,0,0,0,0,0,0,0,0,0,0,0,0,0,0,0,0,0,0,0,0,0,0,0,0,0,,
WHI,WHI2201,CTCT,whirinaki,Diesel,Thrml,2026-07-06,0,0,0,0,0,0,0,0,0,0,0,0,0,0,0,0,0,0,0,0,0,0,0,0,0,0,0,0,0,0,0,0,0,0,0,0,0,0,0,0,0,0,0,0,0,0,0,0,,
WHI,WHI2201,CTCT,whirinaki,Diesel,Thrml,2026-07-07,0,0,0,0,0,0,0,0,0,0,0,0,0,0,0,0,0,0,0,0,0,0,0,0,0,0,0,0,0,0,0,0,0,0,0,0,0,0,0,0,0,0,0,0,0,0,0,0,,
WHI,WHI2201,CTCT,whirinaki,Diesel,Thrml,2026-07-08,0,0,0,0,0,0,0,0,0,0,0,0,0,0,0,0,0,0,0,0,0,0,0,0,0,0,0,0,0,0,0,0,0,0,0,0,0,0,0,0,0,0,0,0,0,0,0,0,,
WHI,WHI2201,CTCT,whirinaki,Diesel,Thrml,2026-07-09,0,0,0,0,0,0,0,0,0,0,0,0,0,0,0,0,0,0,0,0,0,0,0,0,0,0,0,0,0,0,0,0,0,0,0,0,0,0,0,0,0,0,0,0,0,0,0,0,,
WHI,WHI2201,CTCT,whirinaki,Diesel,Thrml,2026-07-10,0,0,0,0,0,0,0,0,0,0,0,0,0,0,0,0,0,0,0,0,0,0,0,0,0,0,0,0,0,0,0,0,0,0,0,0,0,0,0,0,0,0,0,0,0,0,0,0,,
WHI,WHI2201,CTCT,whirinaki,Diesel,Thrml,2026-07-11,0,0,0,0,0,0,0,0,0,0,0,0,0,0,0,0,0,0,0,0,0,0,0,0,0,0,0,0,0,0,0,0,0,0,0,0,0,0,0,0,0,0,0,0,0,0,0,0,,
WHI,WHI2201,CTCT,whirinaki,Diesel,Thrml,2026-07-12,0,0,0,0,0,0,0,0,0,0,0,0,0,0,0,0,0,0,0,0,0,0,0,0,0,0,0,0,0,0,0,0,0,0,0,0,0,0,0,0,0,0,0,0,0,0,0,0,,
WHI,WHI2201,CTCT,whirinaki,Diesel,Thrml,2026-07-13,0,0,0,0,0,0,0,0,0,0,0,0,0,0,0,0,0,0,0,0,0,0,0,0,0,0,0,0,0,0,0,0,0,0,0,0,0,0,0,0,0,0,0,0,0,0,0,0,,
WHI,WHI2201,CTCT,whirinaki,Diesel,Thrml,2026-07-14,0,0,0,0,0,0,0,0,0,0,0,0,0,0,0,0,0,0,0,0,0,0,0,0,0,0,0,0,0,0,0,0,0,0,0,0,0,0,0,0,0,0,0,0,0,0,0,0,,
WHI,WHI2201,CTCT,whirinaki,Diesel,Thrml,2026-07-15,0,0,0,0,0,0,0,0,0,0,0,0,0,0,0,0,0,0,0,0,0,0,0,0,0,0,0,0,0,0,0,0,0,0,0,0,0,0,0,0,0,0,0,0,0,0,0,0,,
WHI,WHI2201,CTCT,whirinaki,Diesel,Thrml,2026-07-16,0,0,0,0,0,0,0,0,0,0,0,0,0,0,0,0,0,0,0,0,0,0,0,0,0,0,0,0,0,0,0,0,0,0,0,0,0,0,0,0,0,0,0,0,0,0,0,0,,
WHI,WHI2201,CTCT,whirinaki,Diesel,Thrml,2026-07-17,0,0,0,0,0,0,0,0,0,0,0,0,0,0,0,0,0,0,0,0,0,0,0,0,0,0,0,0,0,0,0,0,0,0,0,0,0,0,0,0,0,0,0,0,0,0,0,0,,
WHI,WHI2201,CTCT,whirinaki,Diesel,Thrml,2026-07-18,0,0,0,0,0,0,0,0,0,0,0,0,0,0,0,0,0,0,0,0,0,0,0,0,0,0,0,0,0,0,0,0,0,0,0,0,0,0,0,0,0,0,0,0,0,0,0,0,,
WHI,WHI2201,CTCT,whirinaki,Diesel,Thrml,2026-07-19,0,0,0,0,0,0,0,0,0,0,0,0,0,0,0,0,0,0,0,0,0,0,0,0,0,0,0,0,0,0,0,0,0,0,0,0,0,0,0,0,0,0,0,0,0,0,0,0,,
WHI,WHI2201,CTCT,whirinaki,Diesel,Thrml,2026-07-20,0,0,0,0,0,0,0,0,0,0,0,0,0,0,0,0,0,0,0,0,0,0,0,0,0,0,0,0,0,0,0,0,0,0,0,0,0,0,0,0,0,0,0,0,0,0,0,0,,
WHI,WHI2201,CTCT,whirinaki,Diesel,Thrml,2026-07-21,0,0,0,0,0,0,0,0,0,0,0,0,0,0,0,0,0,0,0,0,0,0,0,0,0,0,0,0,0,0,0,0,0,0,0,0,0,0,0,0,0,0,0,0,0,0,0,0,,
WHI,WHI2201,CTCT,whirinaki,Diesel,Thrml,2026-07-22,0,0,0,0,0,0,0,0,0,0,0,0,0,0,0,0,0,0,0,0,0,0,0,0,0,0,0,0,0,0,0,0,0,0,0,0,0,0,0,0,0,0,0,0,0,0,0,0,,
WHI,WHI2201,CTCT,whirinaki,Diesel,Thrml,2026-07-23,0,0,0,0,0,0,0,0,0,0,0,0,0,0,0,0,0,0,0,0,0,0,0,0,0,0,0,0,0,0,0,0,0,0,0,0,0,0,0,0,0,0,0,0,0,0,0,0,,
WHI,WHI2201,CTCT,whirinaki,Diesel,Thrml,2026-07-24,0,0,0,0,0,0,0,0,0,0,0,0,0,0,0,0,0,0,0,0,0,0,0,0,0,0,0,0,0,0,0,0,0,0,0,0,0,0,0,0,0,0,0,0,0,0,0,0,,
WHI,WHI2201,CTCT,whirinaki,Diesel,Thrml,2026-07-25,0,0,0,0,0,0,0,0,0,0,0,0,0,0,0,0,0,0,0,0,0,0,0,0,0,0,0,0,0,0,0,0,0,0,0,0,0,0,0,0,0,0,0,0,0,0,0,0,,
WHI,WHI2201,CTCT,whirinaki,Diesel,Thrml,2026-07-26,0,0,0,0,0,0,0,0,0,0,0,0,0,0,0,0,0,0,0,0,0,0,0,0,0,0,0,0,0,0,0,0,0,0,0,0,0,0,0,0,0,0,0,0,0,0,0,0,,
WHI,WHI2201,CTCT,whirinaki,Diesel,Thrml,2026-07-27,0,0,0,0,0,0,0,0,0,0,0,0,0,0,0,1768,4941,528,0,0,0,0,0,0,0,0,0,0,0,0,0,0,0,0,0,3921,17699,16701,16281,8902,488,0,0,0,0,0,0,0,,
WHI,WHI2201,CTCT,whirinaki,Diesel,Thrml,2026-07-28,0,0,0,0,0,0,0,0,0,0,0,0,0,0,0,12170,12432,725,0,0,0,0,0,0,0,0,0,0,0,0,0,0,0,0,0,0,0,0,0,0,0,0,0,0,0,0,0,0,,
WHI,WHI2201,CTCT,whirinaki,Diesel,Thrml,2026-07-29,0,0,0,0,0,0,0,0,0,0,0,0,0,0,0,0,0,0,0,0,0,0,0,0,0,0,0,0,0,0,0,0,0,0,0,0,0,0,0,0,0,0,0,0,0,0,0,0,,
WHI,WHI2201,CTCT,whirinaki,Diesel,Thrml,2026-07-30,0,0,0,0,0,0,0,0,0,0,0,0,0,0,0,0,0,0,0,0,0,0,0,0,0,0,0,0,0,0,0,0,0,0,0,0,0,0,0,0,0,0,0,0,0,0,0,0,,
WHI,WHI2201,CTCT,whirinaki,Diesel,Thrml,2026-07-31,0,0,0,0,0,0,0,0,0,0,0,0,0,0,0,0,0,0,0,0,0,0,0,0,0,0,0,0,0,0,0,0,0,0,0,0,0,0,0,0,0,0,0,0,0,0,0,0,,
WHU,WHU1101,HENZ,tauhei_solar_farm,SOL,PV,2026-07-01,0,0,0,0,0,0,0,0,0,0,0,0,0,0,0,0,0,0,0,204,146,282,0,0,0,0,0,0,0,0,0,0,0,0,0,0,0,0,0,0,0,0,0,0,0,0,0,0,,
WHU,WHU1101,HENZ,tauhei_solar_farm,SOL,PV,2026-07-02,0,0,0,0,0,0,0,0,0,0,0,0,0,0,0,0,0,0,0,39,0,0,0,0,1327,1528,0,0,1174,1743,1750,1245,1093,392,0,0,0,0,0,0,0,0,0,0,0,0,0,0,,
WHU,WHU1101,HENZ,tauhei_solar_farm,SOL,PV,2026-07-03,0,0,0,0,0,0,0,0,0,0,0,0,0,0,0,0,0,0,0,277,93,71,0,0,0,0,0,0,0,0,0,0,0,0,0,0,0,0,0,0,0,0,0,0,0,0,0,0,,
WHU,WHU1101,HENZ,tauhei_solar_farm,SOL,PV,2026-07-04,0,0,0,0,0,0,0,0,0,0,0,0,0,0,0,0,0,0,0,0,0,0,0,0,0,0,0,0,0,0,0,0,0,0,0,0,0,0,0,0,0,0,0,0,0,0,0,0,,
WHU,WHU1101,HENZ,tauhei_solar_farm,SOL,PV,2026-07-05,0,0,0,0,0,0,0,0,0,0,0,0,0,0,0,0,0,0,0,0,0,0,0,0,0,0,0,0,0,0,0,0,0,0,0,0,0,0,0,0,0,0,0,0,0,0,0,0,,
WHU,WHU1101,HENZ,tauhei_solar_farm,SOL,PV,2026-07-06,0,0,0,0,0,0,0,0,0,0,0,0,0,0,0,0,0,0,0,0,0,833,303,0,495,13,0,0,87,0,0,1088,325,339,0,0,0,0,0,0,0,0,0,0,0,0,0,0,,
WHU,WHU1101,HENZ,tauhei_solar_farm,SOL,PV,2026-07-07,0,0,0,0,0,0,0,0,0,0,0,0,0,0,0,0,18,100,1250,748,787,664,680,397,197,448,448,448,448,448,417,405,310,147,0,0,0,0,0,0,0,0,0,0,0,0,0,0,,
WHU,WHU1101,HENZ,tauhei_solar_farm,SOL,PV,2026-07-08,0,0,0,0,0,0,0,0,0,0,0,0,0,0,0,0,162,448,219,187,380,1797,741,387,885,1476,1174,829,132,97,97,97,63,0,0,0,0,0,0,0,0,0,0,0,0,0,0,0,,
WHU,WHU1101,HENZ,tauhei_solar_farm,SOL,PV,2026-07-09,0,0,0,0,0,0,0,0,0,0,0,0,0,0,0,0,0,0,0,0,0,0,0,0,0,588,1491,1452,1413,1491,1491,1492,1491,954,0,0,0,0,0,0,0,0,0,0,0,0,0,0,,
WHU,WHU1101,HENZ,tauhei_solar_farm,SOL,PV,2026-07-10,0,0,0,0,0,0,0,0,0,0,0,0,0,0,0,0,114,288,304,269,268,267,267,328,332,332,330,280,272,268,270,269,197,65,26,0,0,0,0,0,0,0,0,0,0,0,0,0,,
WHU,WHU1101,HENZ,tauhei_solar_farm,SOL,PV,2026-07-11,0,0,0,0,0,0,0,0,0,0,0,0,0,0,0,0,118,294,297,269,267,267,275,331,330,330,325,265,264,265,267,309,207,62,0,0,0,0,0,0,0,0,0,0,0,0,0,0,,
WHU,WHU1101,HENZ,tauhei_solar_farm,SOL,PV,2026-07-12,0,0,0,0,0,0,0,0,0,0,0,0,0,0,0,0,123,293,298,269,267,267,274,330,331,332,327,275,269,270,272,310,220,67,0,0,0,0,0,0,0,0,0,0,0,0,0,0,,
WHU,WHU1101,HENZ,tauhei_solar_farm,SOL,PV,2026-07-13,0,0,0,0,0,0,0,0,0,0,0,0,0,0,0,0,106,300,303,57,12,0,2,519,363,0,574,1161,0,0,1008,11,19,16,0,0,0,0,0,0,0,0,0,0,0,0,0,0,,
WHU,WHU1101,HENZ,tauhei_solar_farm,SOL,PV,2026-07-14,0,0,0,0,0,0,0,0,0,0,0,0,0,0,0,15,15,17,16,8,0,6,5,5,3,0,0,0,0,0,0,392,151,0,0,0,0,0,0,0,0,0,0,0,0,0,0,0,,
WHU,WHU1101,HENZ,tauhei_solar_farm,SOL,PV,2026-07-15,0,0,0,0,0,0,0,0,0,0,0,0,0,0,0,42,321,965,2408,3396,3046,3382,3311,3486,3486,3486,3293,3486,2539,1991,1991,1990,1266,420,0,0,0,0,0,0,0,0,0,0,0,0,0,0,,
WHU,WHU1101,HENZ,tauhei_solar_farm,SOL,PV,2026-07-16,0,0,0,0,0,0,0,0,0,0,0,0,0,0,0,140,1442,1993,1993,1993,1993,1993,1993,1993,1992,1993,1995,1990,1739,1851,1992,1992,2443,2481,220,0,0,0,0,0,0,0,0,0,0,0,0,0,,
WHU,WHU1101,HENZ,tauhei_solar_farm,SOL,PV,2026-07-17,0,0,0,0,0,0,0,0,0,0,0,0,0,0,0,179,1205,2458,2567,3236,3464,3464,3464,3464,3464,3464,3464,3464,3371,2628,1749,1398,838,316,0,0,0,0,0,0,0,0,0,0,0,0,0,0,,
WHU,WHU1101,HENZ,tauhei_solar_farm,SOL,PV,2026-07-18,0,0,0,0,0,0,0,0,0,0,0,0,0,0,0,143,610,1286,2010,2557,3487,3464,3464,3464,3464,3464,3464,3464,3448,3348,2471,1899,2191,778,41,0,0,0,0,0,0,0,0,0,0,0,0,0,,
WHU,WHU1101,HENZ,tauhei_solar_farm,SOL,PV,2026-07-19,0,0,0,0,0,0,0,0,0,0,0,0,0,0,0,124,682,1563,2647,3416,3464,3464,3465,3464,3464,3415,3464,3447,3110,3346,2589,1656,1043,620,81,0,0,0,0,0,0,0,0,0,0,0,0,0,,
WHU,WHU1101,HENZ,tauhei_solar_farm,SOL,PV,2026-07-20,0,0,0,0,0,0,0,0,0,0,0,0,0,0,0,231,1048,1721,1919,3320,3418,3356,3465,3464,3464,3269,2481,2230,1475,1212,718,877,499,301,8,0,0,0,0,0,0,0,0,0,0,0,0,0,,
WHU,WHU1101,HENZ,tauhei_solar_farm,SOL,PV,2026-07-21,0,0,0,0,0,0,0,0,0,0,0,0,0,0,0,124,712,3175,3465,3465,3465,3319,3398,2211,454,1873,761,1320,1465,243,0,0,1265,841,46,0,0,0,0,0,0,0,0,0,0,0,0,0,,
WHU,WHU1101,HENZ,tauhei_solar_farm,SOL,PV,2026-07-22,0,0,0,0,0,0,0,0,0,0,0,0,0,0,0,0,0,0,648,1853,1190,340,876,919,906,88,171,932,500,1003,1092,664,756,0,0,0,0,0,0,0,0,0,0,0,0,0,0,0,,
WHU,WHU1101,HENZ,tauhei_solar_farm,SOL,PV,2026-07-23,0,0,0,0,0,0,0,0,0,0,0,0,0,0,0,0,0,0,0,0,36,740,621,376,419,465,285,643,1047,1383,1437,802,1687,445,0,0,0,0,0,0,0,0,0,0,0,0,0,0,,
WHU,WHU1101,HENZ,tauhei_solar_farm,SOL,PV,2026-07-24,0,0,0,0,0,0,0,0,0,0,0,0,0,0,0,91,683,1743,2149,2920,3371,3474,3363,1133,0,423,3172,940,0,628,1206,795,256,33,0,0,0,0,0,0,0,0,0,0,0,0,0,0,,
WHU,WHU1101,HENZ,tauhei_solar_farm,SOL,PV,2026-07-25,0,0,0,0,0,0,0,0,0,0,0,0,0,0,0,131,1664,1750,705,1307,530,549,1189,2180,537,698,244,375,414,615,813,77,583,48,0,0,0,0,0,0,0,0,0,0,0,0,0,0,,
WHU,WHU1101,HENZ,tauhei_solar_farm,SOL,PV,2026-07-26,0,0,0,0,0,0,0,0,0,0,0,0,0,0,0,0,0,0,0,0,0,0,93,400,400,119,615,1074,784,498,499,509,441,120,0,0,0,0,0,0,0,0,0,0,0,0,0,0,,
WHU,WHU1101,HENZ,tauhei_solar_farm,SOL,PV,2026-07-27,0,0,0,0,0,0,0,0,0,0,0,0,0,0,0,0,0,0,0,950,1359,425,667,861,389,191,54,542,589,1915,1986,348,782,477,65,0,0,0,0,0,0,0,0,0,0,0,0,0,,
WHU,WHU1101,HENZ,tauhei_solar_farm,SOL,PV,2026-07-28,0,0,0,0,0,0,0,0,0,0,0,0,0,0,0,0,0,472,525,0,5,24,376,955,145,7,0,0,14,12,1728,3141,2185,2362,616,0,0,0,0,0,0,0,0,0,0,0,0,0,,
WHU,WHU1101,HENZ,tauhei_solar_farm,SOL,PV,2026-07-29,0,0,0,0,0,0,0,0,0,0,0,0,0,0,0,0,0,2660,4586,4579,4575,4651,152,5595,16261,3979,24186,19887,16761,18013,3356,3302,2665,2379,832,0,0,0,0,0,0,0,0,0,0,0,0,0,,
WHU,WHU1101,HENZ,tauhei_solar_farm,SOL,PV,2026-07-30,0,0,0,0,0,0,0,0,0,0,0,0,0,0,0,694,2921,2633,2874,3358,10217,21764,27705,31871,31521,36674,36167,27921,28349,27640,21291,14951,11168,2946,341,0,0,0,0,0,0,0,0,0,0,0,0,0,,
WHU,WHU1101,HENZ,tauhei_solar_farm,SOL,PV,2026-07-31,0,0,0,0,0,0,0,0,0,0,0,0,0,0,0,629,4002,9539,16236,24241,29289,31559,27912,30000,28673,18158,9148,15638,28133,27979,15283,13664,10036,3938,630,0,0,0,0,0,0,0,0,0,0,0,0,0,,
WIL,WIL0331,CKHK,mill_creek,Wind,Wind,2026-07-01,1,3,0,0,3,131,1882,2713,1983,2162,3303,2515,2506,2474,1924,1417,1673,3227,2516,2542,3247,3720,3749,3230,3175,3014,2917,2441,2127,2196,2037,2490,1822,1635,2410,2679,3509,3617,3903,4291,4046,3357,3169,3388,3568,5013,6363,6951,,
WIL,WIL0331,CKHK,mill_creek,Wind,Wind,2026-07-02,7989,7982,9250,10297,10701,11505,13112,12949,13664,14742,16010,15898,16521,16939,18089,17896,18060,17456,18317,19262,18212,18011,17116,16000,16446,15746,16384,15970,17160,18378,19308,20251,19639,18880,19571,18351,19798,18318,16945,17620,18577,19877,19595,21645,22061,22400,24241,25178,,
WIL,WIL0331,CKHK,mill_creek,Wind,Wind,2026-07-03,25185,25061,26308,26732,27295,25651,25851,26770,25409,25202,24998,24306,23993,21980,23012,23583,22647,23571,19424,22933,22952,23073,24917,24984,23274,23839,23709,26123,26660,26080,24487,25599,25423,25004,23228,25588,25582,25830,24982,25086,25424,25454,25366,25294,26082,26469,26693,26628,,
WIL,WIL0331,CKHK,mill_creek,Wind,Wind,2026-07-04,26634,27161,24900,25728,26501,26596,27361,26751,25740,24154,25495,26890,26586,27030,26945,26825,27513,27012,27354,27748,27396,27022,27732,27808,27889,27791,27794,27814,27809,27734,27361,27548,27476,27483,27755,27636,27522,27373,26979,27285,27439,27304,26988,27123,27094,27216,27209,27356,,
WIL,WIL0331,CKHK,mill_creek,Wind,Wind,2026-07-05,27190,27514,27550,27241,27201,27167,27249,27063,26614,26791,27629,26806,26958,25035,24712,23599,24218,22846,23589,25555,24680,25357,23025,22285,19980,23647,18152,18662,16678,17796,19264,15843,12957,12227,16340,11384,5987,3911,1925,516,324,428,313,0,31,735,4687,6740,,
WIL,WIL0331,CKHK,mill_creek,Wind,Wind,2026-07-06,9167,10559,17153,22410,24458,25691,27864,27412,27705,27804,27474,26646,26832,27469,27688,27682,27606,27393,26541,27419,27228,26793,25783,24054,24362,25510,26788,27187,25368,24004,24145,24940,24984,24778,25483,25317,24230,18759,13707,13030,8803,10632,6598,10237,9198,11941,10022,15889,,
WIL,WIL0331,CKHK,mill_creek,Wind,Wind,2026-07-07,21903,12209,6451,5321,8848,11462,12658,11503,3828,3192,11770,7949,20914,25468,27099,21030,17506,16880,19132,12828,5419,3953,5339,9362,9255,13556,21548,20838,18291,23005,26305,26661,22227,20862,14196,7245,6504,6562,13903,17093,18706,15642,23029,26054,26191,23304,21695,23571,,
WIL,WIL0331,CKHK,mill_creek,Wind,Wind,2026-07-08,26113,27675,27762,27685,27078,27346,27515,27660,28030,27809,26398,24267,22497,24598,24978,24698,20284,21516,22168,22571,25351,27036,26823,26963,27060,26832,27555,27337,27582,27765,27739,27730,27379,26458,26727,27008,26865,27205,26889,26728,26672,26888,26305,26797,25819,25920,25717,25028,,
WIL,WIL0331,CKHK,mill_creek,Wind,Wind,2026-07-09,25317,25540,25392,24448,22418,23249,24004,24467,24240,25730,24114,26268,25755,26970,27089,26380,26470,26743,26934,27079,26217,25513,25296,25983,26444,25969,26848,26802,27274,27148,27433,27181,26815,26496,25945,26122,26474,26774,25970,25890,25818,25522,25311,25475,25536,24604,23404,22800,,
WIL,WIL0331,CKHK,mill_creek,Wind,Wind,2026-07-10,22481,22031,20900,22549,22124,21469,21306,21038,21336,21966,19767,17527,18494,19775,19792,20885,21852,21126,23369,22836,21351,21193,21163,19986,19036,18539,18967,18992,19533,17118,14861,17502,16500,12132,10176,9621,11082,10380,10692,12460,11632,12154,9947,8321,9189,7693,9277,6755,,
WIL,WIL0331,CKHK,mill_creek,Wind,Wind,2026-07-11,6330,5172,5927,3623,2932,4023,5338,6056,6218,7148,6680,5770,3834,5915,6984,4304,4650,4914,4989,3534,3282,4201,2071,1507,1944,4210,5902,5723,3643,3892,2648,3095,2883,2234,1891,1684,3102,2820,4020,2510,1089,1372,1404,323,0,0,0,0,,
WIL,WIL0331,CKHK,mill_creek,Wind,Wind,2026-07-12,0,0,0,0,0,0,13,0,0,0,0,0,0,0,0,0,0,0,0,0,0,0,12,25,117,3,0,1,185,412,857,880,541,616,974,979,1161,1638,1915,2669,3262,4083,5931,8318,10226,11584,12836,13359,,
WIL,WIL0331,CKHK,mill_creek,Wind,Wind,2026-07-13,13265,13332,12532,12937,15505,17003,16597,20127,19691,21580,23375,23087,22654,24981,24083,22991,25015,24953,23989,25224,24866,25709,25783,25802,27682,28009,27472,27704,27667,28006,27956,28084,27046,26714,27513,26946,28092,27987,27424,27940,27881,27142,27412,27562,27470,27611,27648,27498,,
WIL,WIL0331,CKHK,mill_creek,Wind,Wind,2026-07-14,26800,26880,26847,27242,27752,27934,26956,27236,24877,27309,26617,27593,26793,27000,25662,26481,19848,20882,25467,25001,26831,26894,28098,28321,27248,27784,27093,26106,26452,25834,23736,21611,27099,27935,27567,26425,26422,26441,25214,27369,27681,28793,28310,28561,27538,28612,28908,28818,,
WIL,WIL0331,CKHK,mill_creek,Wind,Wind,2026-07-15,28032,24931,28038,27275,27044,25587,25408,24286,25743,26071,25253,25041,25425,24266,22373,22603,25646,22791,23273,25740,25622,25519,27749,27258,27886,27934,22336,17679,21597,26469,27765,26726,26261,26514,28083,26889,27138,26367,25601,28525,28676,27991,27908,27592,27984,28610,27872,27715,,
WIL,WIL0331,CKHK,mill_creek,Wind,Wind,2026-07-16,28135,27152,26794,27136,27825,28026,26752,27417,27475,27598,26153,27095,27720,26220,25085,27347,26052,25591,23747,20708,15553,19539,9035,3038,3992,1091,8143,10944,6260,4830,3708,3216,2319,2078,1698,907,208,153,57,13,0,0,0,0,0,0,0,0,,
WIL,WIL0331,CKHK,mill_creek,Wind,Wind,2026-07-17,1,354,503,1132,1990,2929,4445,5999,5455,6531,7382,11522,15773,18323,18294,14955,13568,11315,12782,10734,11595,14988,18126,18241,19551,22116,25498,26952,25710,22483,19175,18732,19511,20566,21214,18315,14804,17760,20454,23681,22956,21530,22590,23578,25059,24858,16839,15855,,
WIL,WIL0331,CKHK,mill_creek,Wind,Wind,2026-07-18,20314,21214,19400,21971,22036,24325,23082,21213,19246,22300,21712,19870,19748,18416,15901,15179,13183,10729,9388,8619,8918,11216,8337,5710,5561,6018,7915,9515,9002,10559,15074,16577,23247,27536,28566,26301,27336,27142,27015,26940,28484,28477,27004,27816,27313,24037,27066,22959,,
WIL,WIL0331,CKHK,mill_creek,Wind,Wind,2026-07-19,21168,11512,8170,6800,2866,2244,4345,5160,10272,16405,14503,13088,12984,12768,10159,6593,6693,4635,2062,130,0,985,3302,4285,9657,9138,9219,9780,13657,9414,7518,7862,7741,7026,6490,5327,5816,5676,6415,5961,5760,5841,6109,7260,5162,4476,5732,5897,,
WIL,WIL0331,CKHK,mill_creek,Wind,Wind,2026-07-20,4055,3940,3847,8939,7867,7743,6595,5888,4789,6220,5351,4734,4929,4789,4885,5729,6430,6487,5476,9165,5715,5365,5578,7211,5330,6340,6658,6093,5587,5982,3003,2856,1175,753,706,1153,1368,1760,1874,2009,1206,825,919,850,258,874,332,0,,
WIL,WIL0331,CKHK,mill_creek,Wind,Wind,2026-07-21,0,74,82,10,0,0,0,0,0,167,768,1310,2704,3734,4261,4787,5261,5816,8494,8475,8840,9692,9296,11019,11837,12016,11929,11538,11864,13869,16204,16709,17165,16777,17667,14889,13188,13152,11652,12995,13793,12877,11048,11698,10911,10418,9677,8524,,
WIL,WIL0331,CKHK,mill_creek,Wind,Wind,2026-07-22,9350,9386,9458,7761,5076,6362,6122,5356,5496,5140,4694,2993,2484,3513,3302,1944,1145,1207,708,656,195,0,0,0,0,0,1,16,0,0,0,0,0,0,0,0,0,0,0,0,6,14,13,46,402,459,510,367,,
WIL,WIL0331,CKHK,mill_creek,Wind,Wind,2026-07-23,1240,1559,2860,3762,4759,7334,9241,9943,11297,16009,19414,20635,19424,20985,20160,18878,17624,16534,18582,20804,23327,24195,25184,24876,23009,25240,25196,25494,25751,22902,24999,26101,26625,25492,24695,25577,25800,24625,26722,27311,27278,26883,26248,25850,27068,27026,26404,26060,,
WIL,WIL0331,CKHK,mill_creek,Wind,Wind,2026-07-24,26614,26344,26638,27193,27144,26371,27176,27031,27368,26485,25709,26570,27505,27020,26916,27101,26603,26632,26709,25992,25401,26086,26613,26548,26315,26030,25476,25734,26366,26475,26683,26683,26668,26527,26663,26632,26485,26540,26137,25996,25286,25627,25887,27115,25555,25126,23708,21367,,
WIL,WIL0331,CKHK,mill_creek,Wind,Wind,2026-07-25,21242,21432,21162,25532,20852,22528,10360,8533,7435,2313,297,1108,2159,441,16,111,339,83,133,19,1191,2094,7704,14522,21784,19126,23987,20844,22486,21816,22956,22802,23121,23867,22119,23209,23508,22337,22849,21341,20662,17760,16958,15208,10126,8926,4723,4249,,
WIL,WIL0331,CKHK,mill_creek,Wind,Wind,2026-07-26,4683,7692,9106,9265,4594,2964,2964,1603,1989,1535,313,378,667,484,225,66,232,151,13,123,0,0,0,1799,1054,4327,2655,2185,5357,7862,7803,4273,4908,5135,5686,5617,4842,2681,2037,934,703,511,37,321,408,597,677,267,,
WIL,WIL0331,CKHK,mill_creek,Wind,Wind,2026-07-27,9,139,365,7,198,66,316,687,881,732,512,432,260,181,86,2,12,0,0,1,0,0,0,0,0,16,11,0,3,136,661,177,20,0,0,0,0,0,0,0,0,0,0,0,0,0,0,0,,
WIL,WIL0331,CKHK,mill_creek,Wind,Wind,2026-07-28,0,0,0,20,144,11,108,271,68,549,832,292,37,442,877,664,349,11,0,0,0,0,0,0,0,0,3,294,62,0,0,0,0,0,0,0,0,0,0,0,0,0,0,0,0,0,0,0,,
WIL,WIL0331,CKHK,mill_creek,Wind,Wind,2026-07-29,1,62,157,775,705,953,1958,2730,3657,5381,7510,6833,6167,8445,12310,16272,15350,16162,18562,17685,16528,17180,20081,20563,20364,19563,19793,21564,21671,22105,21472,22169,21993,22204,20991,21338,21180,21825,22519,23130,23228,22476,24699,25555,26426,25545,25610,23678,,
WIL,WIL0331,CKHK,mill_creek,Wind,Wind,2026-07-30,24382,25102,24698,25767,24921,25822,25291,23240,23996,22979,19933,19959,21647,26151,27164,27530,27713,26317,26226,26380,27191,27704,27705,27652,27696,27509,27201,27337,27411,27428,27480,27556,26771,26503,26329,26783,27325,27549,27581,27181,26371,25985,25754,24783,26474,26506,27192,26104,,
WIL,WIL0331,CKHK,mill_creek,Wind,Wind,2026-07-31,26061,27284,26858,25539,25100,25204,25480,24672,24607,23450,23877,24497,26233,26738,26234,26556,27118,27144,27303,27022,26452,25861,24717,22767,21901,22080,24791,24693,25003,25709,25907,25415,24663,25254,21972,14407,15510,17439,16600,18176,18294,11257,10947,7435,8612,8093,7534,13047,,
WKM,WKM2201,MRPL,whakamaru,Hydro,Hydro,2026-07-01,31530,24480,15400,15370,15390,15390,15390,15390,15380,25990,42340,54370,61300,61060,62020,61970,62080,62300,47600,46920,46670,46780,46440,46630,46520,46080,45960,51630,62300,62360,58880,60710,61480,61080,61350,61010,61290,61180,61290,61280,61200,61410,61380,61110,57640,56780,57870,56790,,
WKM,WKM2201,MRPL,whakamaru,Hydro,Hydro,2026-07-02,53690,42310,42790,41480,41420,28580,17740,15370,15430,24510,30580,40040,60450,61680,61870,61880,61840,61790,61880,61840,61890,60420,59960,56780,48100,32770,30050,30230,23410,15400,13940,25850,45600,51900,59470,60860,61350,61260,61330,61220,61200,61300,58010,39990,44660,43260,44820,43120,,
WKM,WKM2201,MRPL,whakamaru,Hydro,Hydro,2026-07-03,31200,30300,30090,30640,30690,30680,27820,27720,27710,28610,30590,30560,39430,58730,61260,61790,62210,62180,62210,62180,62260,62240,62290,60250,59210,59040,44970,44560,43590,26320,28640,31710,43410,45830,59610,61070,61220,61300,61280,61290,56060,57650,61440,61060,61320,43830,30560,30330,,
WKM,WKM2201,MRPL,whakamaru,Hydro,Hydro,2026-07-04,23510,22850,22740,25860,23490,18420,27120,24210,28470,28960,29220,30630,30600,27390,30680,42940,46650,44700,44530,46290,45890,41710,38990,34940,25270,26660,29720,27060,30200,31190,39320,55340,58140,58420,62250,62090,62390,62210,61800,61020,60550,57260,43930,43750,45770,44690,39600,34730,,
WKM,WKM2201,MRPL,whakamaru,Hydro,Hydro,2026-07-05,30540,29350,22590,14830,15370,15380,15380,15380,15440,15390,15370,15350,25880,30750,28170,30580,38430,36570,43690,39310,34530,26720,25820,21290,13080,15530,26780,29690,31160,31140,28180,41430,46700,50190,61230,62110,57750,57940,58670,61060,59300,59420,50820,43590,40030,29870,28720,17390,,
WKM,WKM2201,MRPL,whakamaru,Hydro,Hydro,2026-07-06,14760,12080,0,0,0,0,0,0,0,0,11270,12900,22820,29900,37900,53080,59100,58390,57490,59670,59320,58720,46120,43800,45860,46110,45970,57960,57210,43030,51070,58640,57510,60320,61990,62090,62080,62110,62080,61800,61850,61800,59860,49760,46740,46780,37300,37010,,
WKM,WKM2201,MRPL,whakamaru,Hydro,Hydro,2026-07-07,32300,27290,23690,23870,22200,14000,12670,10830,15530,12290,14510,15010,28950,38800,44510,55070,60200,57590,59200,59300,59050,59950,60260,60230,56550,59620,61450,61270,48900,45280,44470,48420,60280,59830,62150,62100,62180,62270,62230,62220,61230,46660,46370,45460,42750,43590,36920,31170,,
WKM,WKM2201,MRPL,whakamaru,Hydro,Hydro,2026-07-08,29960,24730,24750,26350,25690,21790,21690,31010,24760,29690,27980,29650,33420,39500,35840,45980,57430,61320,60240,45940,45760,46060,45910,46000,45890,39380,45960,31900,30800,30620,30640,30670,30760,45880,61450,61820,62340,62380,60890,60170,56980,56700,45380,45800,44790,35620,38620,26030,,
WKM,WKM2201,MRPL,whakamaru,Hydro,Hydro,2026-07-09,25630,15310,15330,7880,3180,6320,13620,9030,14430,330,6040,11390,24070,30370,39500,51800,61050,61540,61610,61480,46000,44530,36210,29740,29780,29390,21380,28620,46110,46470,46760,46700,46890,59960,62330,62210,62200,62300,59610,59330,59230,61260,45670,43500,41630,30800,30520,30050,,
WKM,WKM2201,MRPL,whakamaru,Hydro,Hydro,2026-07-10,30760,30670,29780,30660,15760,14900,14880,14910,14880,14520,14410,15410,15290,15370,15400,15380,28820,30710,44450,57350,61310,61260,61330,61290,61340,45250,26890,22340,15420,12210,15250,40680,45980,57050,61210,61290,61270,61410,59510,59310,59310,55570,45110,43140,42970,44100,38680,29690,,
WKM,WKM2201,MRPL,whakamaru,Hydro,Hydro,2026-07-11,30680,30690,28890,30670,28810,27690,30690,30330,15390,15400,15380,15420,26470,30670,45480,61090,55870,61110,61400,61320,61310,61340,60810,41830,41580,41560,41570,31290,30730,30770,28730,30240,30650,31360,46210,60180,62400,62190,62340,62350,62110,62240,55760,49840,49240,38670,44320,45970,,
WKM,WKM2201,MRPL,whakamaru,Hydro,Hydro,2026-07-12,45890,45980,43210,41490,41530,41540,37900,37040,36240,34140,34020,35990,44290,45880,45510,53720,61300,61290,61160,61250,61510,61320,61350,61240,61220,61340,52320,42080,31990,30660,37050,46220,46100,43340,49130,60930,61200,61610,61400,61290,61420,61220,61620,61250,61170,61130,43490,15650,,
WKM,WKM2201,MRPL,whakamaru,Hydro,Hydro,2026-07-13,15410,15430,15340,11210,12800,12410,10890,10930,10940,10970,10910,10900,23790,37240,46100,45900,46010,58860,48530,45930,45960,42080,44400,43490,45070,42820,45980,45860,53960,55320,56690,61220,61220,60530,60440,61100,61260,61270,61270,61340,61340,60540,44760,37880,28530,26290,27310,28610,,
WKM,WKM2201,MRPL,whakamaru,Hydro,Hydro,2026-07-14,27370,15410,12520,13120,8530,0,0,0,0,10470,27090,28590,39850,43830,42560,45260,42910,43180,40230,30610,28940,27550,30400,29360,28940,28150,26330,13180,12420,13500,15430,13970,13840,13630,23870,43020,46270,60610,56430,47840,44890,41290,44040,40180,30600,22740,12780,0,,
WKM,WKM2201,MRPL,whakamaru,Hydro,Hydro,2026-07-15,0,0,0,0,0,0,0,0,0,0,0,900,23780,29800,32860,56380,61160,61250,61380,57750,39680,36140,27660,25630,14790,14820,15390,14120,14950,12710,13280,15380,15330,15010,25010,60440,62260,58560,61000,61300,56530,42720,44380,30470,13930,13840,12970,340,,
WKM,WKM2201,MRPL,whakamaru,Hydro,Hydro,2026-07-16,0,0,0,0,0,0,0,0,0,0,0,0,1110,15330,27560,29900,30000,29490,29190,15860,14970,15080,15560,15330,16170,29820,25690,14810,14850,15150,14300,14580,15380,16280,33220,57720,57980,60620,59540,59270,55410,56350,54310,38080,36490,34210,29110,17140,,
WKM,WKM2201,MRPL,whakamaru,Hydro,Hydro,2026-07-17,14520,2870,0,0,0,0,0,0,0,0,0,0,0,12520,30590,34040,46080,45990,39590,27820,23200,15300,15310,15270,15290,15280,380,0,0,0,0,0,0,8510,28690,44610,57390,45490,30020,24760,13820,15360,15410,14790,9950,0,0,0,,
WKM,WKM2201,MRPL,whakamaru,Hydro,Hydro,2026-07-18,0,0,0,0,0,0,0,0,0,0,0,0,0,0,15240,25160,20370,26910,26840,29300,28250,21400,14560,17000,15090,360,0,13860,14730,15290,14880,14830,17840,29770,30440,38320,35300,30630,29120,21940,15560,12180,14780,15330,13430,12590,13670,14260,,
WKM,WKM2201,MRPL,whakamaru,Hydro,Hydro,2026-07-19,6720,0,0,0,0,0,0,0,0,0,0,0,0,0,0,17780,14410,14720,19460,15100,26110,30370,30670,30670,30690,20410,15410,15200,14430,19070,30680,30710,30150,36490,47860,61350,61080,59220,59250,56160,42730,39090,38050,34490,25250,19160,15280,13200,,
WKM,WKM2201,MRPL,whakamaru,Hydro,Hydro,2026-07-20,2370,6300,14350,11660,11920,12410,12440,13910,14840,14880,14680,30930,45300,48790,60190,61190,61320,61270,61070,61430,58800,49940,38750,35700,36890,42810,40000,38710,29480,30650,30810,43880,45900,46130,59660,62140,61990,62260,62140,59840,59170,43450,45960,45740,32970,15640,15480,15420,,
WKM,WKM2201,MRPL,whakamaru,Hydro,Hydro,2026-07-21,15380,19010,28430,17920,16100,18530,14400,4070,17060,21070,25610,30230,44690,60990,61270,61140,61200,61400,61280,62150,61720,53790,50140,45430,43060,38180,34290,45250,41880,26160,21140,27110,29940,29660,42320,54240,51840,61160,46100,45910,46050,45120,59620,44970,44440,45870,42470,28200,,
WKM,WKM2201,MRPL,whakamaru,Hydro,Hydro,2026-07-22,15370,100,11350,2350,0,0,0,0,14510,4230,25750,30260,48090,61180,61210,61950,62370,62260,62140,62230,62360,62200,62260,56950,46790,46640,32990,31220,23300,14950,15410,22710,60030,61940,62220,62040,62070,62210,62250,62180,62340,62330,59670,46280,45950,41450,32760,25260,,
WKM,WKM2201,MRPL,whakamaru,Hydro,Hydro,2026-07-23,24030,21650,13270,13470,13540,11440,11420,11430,13190,13910,14830,15390,21810,40620,60120,61350,61650,61770,38340,31120,24780,15270,14630,15500,15620,23720,30790,30700,30680,31370,41050,37780,48990,62090,61940,61440,61840,61650,61820,61670,61780,61700,57400,49580,44130,30770,23160,22650,,
WKM,WKM2201,MRPL,whakamaru,Hydro,Hydro,2026-07-24,12620,10150,0,0,0,0,0,0,0,0,0,1520,24250,38570,44980,59990,61310,61290,49300,46090,45890,47830,50050,40530,30300,30650,42430,40730,46040,30510,36490,45610,45650,46010,45900,46150,46100,45980,46000,45950,43480,30640,28440,27810,15410,15340,15410,15420,,
WKM,WKM2201,MRPL,whakamaru,Hydro,Hydro,2026-07-25,15360,2600,0,0,0,0,0,0,0,0,0,0,600,22940,26160,33960,43900,45990,57610,61240,61390,61150,61100,55220,60860,56000,47220,45440,42390,30810,24270,27170,26210,30690,30740,44340,55680,61080,61450,61650,61380,61300,61540,60860,53810,35920,30640,23270,,
WKM,WKM2201,MRPL,whakamaru,Hydro,Hydro,2026-07-26,15380,15370,12540,15400,15410,15350,15400,12500,12410,12410,12430,12410,17550,30600,44560,45770,45710,56200,57420,59140,45760,45790,46080,45930,44960,33280,30850,32280,45150,31430,30440,43460,43580,47620,61340,61000,61110,57720,57400,58570,61340,61090,61280,61360,53320,46220,46120,28710,,
WKM,WKM2201,MRPL,whakamaru,Hydro,Hydro,2026-07-27,25770,22930,21780,14950,15390,15410,15400,15390,13950,15370,29770,37660,49460,61490,62200,61650,61980,62320,62130,62290,61520,59990,49860,45900,43500,37010,36650,30050,28810,28530,30790,40390,46390,46810,59510,62140,61650,62270,62270,62290,62260,61180,61230,61100,60680,44800,44420,44230,,
WKM,WKM2201,MRPL,whakamaru,Hydro,Hydro,2026-07-28,36400,31120,30750,30720,17300,12980,12460,15340,28830,42770,38470,42650,46160,57200,61650,61980,62090,62200,62250,60720,57900,52040,49370,44080,42390,28830,28610,25760,31130,24900,31180,29570,30620,45070,60710,62070,61990,62160,62220,62270,62190,62160,62070,59950,58870,50990,40160,38480,,
WKM,WKM2201,MRPL,whakamaru,Hydro,Hydro,2026-07-29,39650,29700,30360,31200,31250,31220,31180,31190,31240,31090,31260,44770,48760,60080,62250,62000,62000,62380,61270,59920,60450,46790,42150,29730,28370,28040,27890,26040,27140,29200,30820,30150,31160,44360,50140,61980,62180,62160,62340,62220,62210,62190,62230,62180,59890,59220,49550,27550,,
WKM,WKM2201,MRPL,whakamaru,Hydro,Hydro,2026-07-30,30390,25750,11070,10870,80,0,0,0,0,0,3700,28890,44910,58490,59840,60620,59760,61060,51030,45160,40200,29910,30460,15990,15470,15380,15420,15390,15420,15190,15170,15250,15380,20210,44020,51020,60640,59440,54530,52210,46170,43710,41550,29110,29840,18290,15650,14140,,
WKM,WKM2201,MRPL,whakamaru,Hydro,Hydro,2026-07-31,2210,0,0,0,0,0,0,0,0,0,0,0,8060,18710,36310,45220,37700,20450,15390,15400,15340,15090,17020,15280,15310,15390,15320,15290,9170,0,7790,14490,20390,31320,44560,45750,59890,58000,51080,43130,39250,40220,41700,33760,24320,24380,29220,17630,,
WKM,WKM2201,TUAR,mokai,Geo,Geo,2026-07-01,38386,38342,38392,38776,38994,39006,38828,38730,38712,38674,38595,38422,38359,38043,37742,37541,37529,37768,37800,37738,37390,37612,36729,36366,35832,36073,36198,36679,36848,36721,36052,36032,36364,36660,38317,38367,38770,39197,39538,40089,40362,40558,40353,40054,40109,40133,39581,39134,,
WKM,WKM2201,TUAR,mokai,Geo,Geo,2026-07-02,38993,39024,39120,39231,39149,39241,39206,39252,39492,39272,39446,39263,39242,38879,38552,37441,35783,35822,35719,37136,38086,38291,37927,37564,37411,37065,37049,36956,36884,37022,37086,37068,36008,36898,38362,38742,39194,39361,39560,39655,39967,40327,40599,40576,40806,40862,40224,40070,,
WKM,WKM2201,TUAR,mokai,Geo,Geo,2026-07-03,39864,39857,40654,41012,40847,40477,40382,39921,39705,39535,39005,38386,37993,37842,38091,38376,38199,38171,38020,37792,37094,37087,37210,36826,36457,35984,35915,35837,35823,35829,35785,36257,36750,37271,38594,39153,39645,40013,40085,40299,40627,40624,40587,40677,40925,41026,40682,39869,,
WKM,WKM2201,TUAR,mokai,Geo,Geo,2026-07-04,40615,40386,40440,40588,40669,40790,40508,40324,40214,40114,40050,39173,38986,38567,38377,38283,38036,37869,37794,37759,37673,37581,37536,37311,36949,36619,36284,36068,36121,35896,35979,35782,35583,35954,37035,37220,37629,37778,38076,37645,37649,38142,38105,38081,38032,38607,38329,37446,,
WKM,WKM2201,TUAR,mokai,Geo,Geo,2026-07-05,37121,37144,36462,36449,36116,35950,35786,35912,35793,35631,35586,35416,35791,35738,35717,35882,35945,35942,36050,36150,36402,36183,36146,35772,35734,35658,35626,35465,35740,35548,35790,35393,35669,36407,37356,37311,37617,38305,38491,38995,38910,38598,38518,38697,38179,38676,38071,38055,,
WKM,WKM2201,TUAR,mokai,Geo,Geo,2026-07-06,37873,38392,37876,37685,37609,37319,37151,37234,36893,36567,36214,36100,35886,36587,36798,36489,36169,35828,36364,36435,36157,35187,35046,35044,34700,35006,34639,34474,34768,35375,35849,35755,35927,36227,37441,37075,37199,37466,37660,38050,38267,38271,38263,38629,38614,38868,38661,38389,,
WKM,WKM2201,TUAR,mokai,Geo,Geo,2026-07-07,38549,38547,38691,38628,38580,38476,38193,38156,38220,38013,37567,37623,37958,38502,38555,38379,37908,38081,37757,37312,36824,36400,36367,36620,36631,36461,36291,36271,36194,35964,35919,35845,35872,36401,37437,37348,37433,37627,37631,37750,37768,37816,37701,37875,37807,38383,37507,36909,,
WKM,WKM2201,TUAR,mokai,Geo,Geo,2026-07-08,36837,36910,36926,36979,37571,37538,37093,37148,37358,37174,37260,37303,36829,36598,36648,36488,36174,37632,40475,40554,40030,39262,38174,37121,36567,36469,36390,36083,36107,36079,36159,36989,36596,36980,37827,37883,38397,38398,38767,38942,38971,38974,38766,39419,39108,39627,38748,38534,,
WKM,WKM2201,TUAR,mokai,Geo,Geo,2026-07-09,38432,38554,38656,38608,38474,38332,38730,38588,38407,38623,38988,39692,39401,39539,39458,39557,38521,38070,37518,37220,37183,36765,36648,36233,35946,35720,35896,35397,33487,33139,33375,33259,33454,33520,34241,34789,34816,34661,34721,34762,34856,35018,35241,35342,35381,35769,35145,35068,,
WKM,WKM2201,TUAR,mokai,Geo,Geo,2026-07-10,34847,34906,35218,35252,35497,35369,35575,35599,35633,35519,35451,35419,35681,35942,36283,36166,35428,35046,34126,33741,33611,33710,33867,33828,34111,33998,34263,34029,34352,34242,34153,34346,34539,35128,35952,35804,35967,36161,36447,36667,37009,37017,37220,37334,38133,38425,38518,37912,,
WKM,WKM2201,TUAR,mokai,Geo,Geo,2026-07-11,37902,38043,38223,39098,39147,39009,38932,38732,38995,39090,39683,39546,39656,39564,38576,38151,38036,37975,37603,37371,37143,37166,36907,36738,36615,37585,37509,37225,36483,36225,36423,36170,36661,37489,38473,38511,38440,38618,38819,39002,39131,38989,39440,39559,39756,39833,39251,39078,,
WKM,WKM2201,TUAR,mokai,Geo,Geo,2026-07-12,38845,39013,39118,39248,39183,38983,39103,38773,38908,38882,39020,39325,39798,39706,39472,38996,38613,38001,37528,37576,37539,37161,37313,37005,36576,36304,36340,36186,36251,36536,36856,36758,36827,37075,38494,38805,39036,39406,39820,40172,40087,40142,40072,40363,40619,40891,40361,40189,,
WKM,WKM2201,TUAR,mokai,Geo,Geo,2026-07-13,40057,39899,39740,39615,39712,39674,39365,39401,39447,39594,40083,40294,40194,39687,38945,38844,38505,38299,38151,38280,37466,36888,36769,36429,36661,37008,36439,36183,36011,35850,35329,35376,36021,36842,37562,37918,38399,38949,39629,39340,39286,39192,39430,39655,39805,39692,39198,38841,,
WKM,WKM2201,TUAR,mokai,Geo,Geo,2026-07-14,38707,38611,38548,38501,38278,38303,38132,38071,38055,38022,37509,37180,36527,36608,36618,36741,36610,36044,35455,35802,35544,35374,35932,35700,36529,36840,36738,36871,36618,36579,36776,36698,36852,37179,37816,37764,38031,38386,38608,38946,39198,38797,38782,39381,39818,40135,39736,39585,,
WKM,WKM2201,TUAR,mokai,Geo,Geo,2026-07-15,39940,40562,40567,40796,40907,40933,40916,40795,41036,41251,41122,40712,39994,39764,39693,39331,39235,39539,39300,38976,38770,38996,39286,39351,39653,39891,39446,39917,40146,39586,39300,39319,39394,39984,40822,40689,41248,41046,41370,41482,41956,41820,42128,43023,43216,42949,42235,41606,,
WKM,WKM2201,TUAR,mokai,Geo,Geo,2026-07-16,41520,42016,42405,42201,42537,42554,42642,42560,42483,42172,41895,41662,41406,40888,40523,40709,40708,40820,40349,39904,39567,39953,40018,39791,38612,38635,38334,37875,38093,38045,38426,38830,38725,39540,40777,40878,40643,40621,40033,40098,40905,41346,41444,42669,43216,43327,42168,41689,,
WKM,WKM2201,TUAR,mokai,Geo,Geo,2026-07-17,41090,40732,40510,39970,40308,40103,39801,39084,39042,38610,38427,38367,38244,38343,38499,38355,38048,37968,37889,37683,37593,37451,37719,37497,37118,36743,36897,36957,36874,36742,37193,37977,38187,38947,39985,39964,40396,41221,41711,41828,42548,42818,42443,42313,42398,42739,42394,42093,,
WKM,WKM2201,TUAR,mokai,Geo,Geo,2026-07-18,42009,42070,42532,42183,41468,41629,41438,40923,40835,41363,40691,40651,40985,40783,40806,41189,41437,41001,40394,40139,39468,39459,39735,39254,38732,38365,38011,37863,38233,38166,38177,38637,38587,39251,40323,40889,41745,42434,42475,42744,42871,43477,43019,42611,41831,41735,41567,41726,,
WKM,WKM2201,TUAR,mokai,Geo,Geo,2026-07-19,41744,41731,41970,42638,42515,42528,42021,42041,41766,41517,41494,40769,40390,39863,39710,39492,39464,39756,39446,39394,39006,38325,38318,38248,38624,38255,38111,38014,38280,38326,38037,38280,38226,38230,39541,39181,39746,40008,40161,40525,40807,41072,40629,40737,40744,41001,40744,40303,,
WKM,WKM2201,TUAR,mokai,Geo,Geo,2026-07-20,40395,40261,40287,39984,39950,40006,40064,40047,40083,40517,40537,40234,39790,39390,39204,39206,39256,39410,39388,38980,38745,38132,38009,38031,38058,38053,38168,38026,39164,38942,38920,39384,39225,39671,40632,40607,40359,40396,40944,41210,41832,41740,41748,42166,42143,42698,42230,41861,,
WKM,WKM2201,TUAR,mokai,Geo,Geo,2026-07-21,41788,42066,41810,41804,41859,41828,41738,41809,41926,41331,41793,41665,41259,40887,40531,40526,40563,40508,39927,39136,39206,34064,14903,14126,17623,19551,21623,26206,29453,32391,32254,32383,32604,33233,34454,34789,34994,35400,36081,36709,37938,38488,38818,38998,39657,39852,39506,38929,,
WKM,WKM2201,TUAR,mokai,Geo,Geo,2026-07-22,38687,38452,38429,38642,38787,38770,38763,38720,38477,38937,38705,38423,37873,37437,37259,37050,37026,36887,36953,36956,36185,35475,35321,35347,35034,34966,35252,35029,35407,35615,35300,35162,35114,35435,36648,37623,39371,40607,41344,41661,42276,42300,42432,42396,42370,42428,41955,42039,,
WKM,WKM2201,TUAR,mokai,Geo,Geo,2026-07-23,41809,41688,41778,41924,42072,41772,41763,42141,42532,42291,42282,42114,41493,41212,40437,40422,40473,40391,40662,40182,40318,39571,38878,38469,37940,38161,38518,38671,38540,38282,38435,38310,38419,38727,39509,39830,39743,40125,40517,40641,41008,41022,41135,41011,40990,40985,40645,40241,,
WKM,WKM2201,TUAR,mokai,Geo,Geo,2026-07-24,40140,40040,39734,40021,40247,40240,40247,40202,40188,40697,40272,39838,39514,39134,38641,38571,38843,38910,38899,38628,38497,38286,38438,38197,37935,37653,37461,37510,37768,37880,37402,37091,36910,37147,37887,38080,38081,38261,38451,38503,38564,38664,40226,40820,40576,40331,39705,39300,,
WKM,WKM2201,TUAR,mokai,Geo,Geo,2026-07-25,38998,38894,39204,39544,39714,39988,40283,40182,40079,40337,39968,39700,39042,38857,38685,38683,38964,39502,39291,39164,39187,39185,39114,39086,38745,39135,38161,38644,38863,37770,37741,37476,37566,38028,39335,39451,39484,39256,39455,39795,40068,40175,40846,41265,41461,41594,41322,41090,,
WKM,WKM2201,TUAR,mokai,Geo,Geo,2026-07-26,40857,40557,40792,41133,42282,42607,42524,42427,42339,42428,42398,42329,42081,42162,41862,41790,41656,41889,41796,41763,41728,41524,41441,41715,41696,41470,41289,41400,41240,40516,40270,40011,40499,40897,41698,41369,41401,41422,41875,41692,41879,42424,42435,42163,42565,42799,42468,41732,,
WKM,WKM2201,TUAR,mokai,Geo,Geo,2026-07-27,41539,42004,41920,41877,42486,42592,42700,42730,42907,43010,43108,43227,42608,41996,41239,40832,40738,40954,41169,41077,40702,40775,40501,39909,39394,39291,39146,39105,39101,38822,38575,38334,38374,38889,40330,40716,40625,40680,40895,41173,41565,42299,42633,42911,43198,43473,43080,42692,,
WKM,WKM2201,TUAR,mokai,Geo,Geo,2026-07-28,42798,42668,42501,42490,41909,42019,41822,41901,42018,42194,42571,42119,41550,41079,40653,40386,40629,40859,40923,40926,40916,40183,39809,39049,38589,38297,36676,36913,36835,36443,36409,39099,38560,38778,40156,40461,40896,41104,41818,42265,42395,42182,42174,42346,42490,42721,42433,42175,,
WKM,WKM2201,TUAR,mokai,Geo,Geo,2026-07-29,42262,42620,42700,42544,42328,42268,42443,42395,42517,42867,42548,42206,41528,40872,40707,40866,41191,41403,41343,41262,41153,40604,39946,39821,39466,39076,39344,39323,39637,39445,39162,38690,38581,39254,40125,40643,41062,41620,42320,42371,42477,42546,42694,42707,43006,43292,43013,42729,,
WKM,WKM2201,TUAR,mokai,Geo,Geo,2026-07-30,42739,42946,42887,42398,42622,42643,42653,42752,42638,42801,43088,42839,42017,41480,41060,40872,40990,40865,40836,40358,40091,39028,38352,37903,37892,37498,37761,37678,38150,37856,37477,37264,37470,38037,39149,39324,39270,39318,39642,39798,39890,39944,40489,40074,40010,40058,39353,38612,,
WKM,WKM2201,TUAR,mokai,Geo,Geo,2026-07-31,38467,38638,38520,38662,38599,38644,39004,39818,40808,41032,40800,40015,40098,39164,38744,38543,38740,38586,38645,38234,38426,37927,38056,37743,37798,37892,38588,38550,38571,37979,37216,37176,37525,38663,39536,40218,40607,40447,40785,41567,41751,41675,41782,41973,42030,41995,41300,41137,,
WPA,WPA2201,MRPL,waipapa,Hydro,Hydro,2026-07-01,22030,21050,14720,12220,9780,9750,9770,9750,9750,14120,15950,16630,19960,24630,25030,25030,25020,25030,25040,25050,25030,25010,25000,24990,24980,24970,24960,24970,24910,24900,24620,24490,24030,19820,21210,24950,25070,25050,25060,25050,25050,25040,25010,24970,24990,19070,17650,14980,,
WPA,WPA2201,MRPL,waipapa,Hydro,Hydro,2026-07-02,9920,12470,13700,13690,13670,13700,13690,13710,13940,15310,18760,21270,22090,22090,22110,23870,25040,25040,25040,25020,24980,24980,24950,24930,24240,21530,19240,14510,13170,16810,16560,14700,18450,19120,21630,24900,25050,25040,25050,25020,24990,24970,23330,22330,22020,17830,16140,14570,,
WPA,WPA2201,MRPL,waipapa,Hydro,Hydro,2026-07-03,12720,11570,11730,11860,13670,11850,12350,15550,11740,12160,13860,13140,14360,16670,16680,16690,17470,25000,25050,25020,25030,24510,23520,23500,23500,23490,23500,23500,22990,18930,20220,23490,23550,23460,24510,25050,25040,25040,25030,25020,25000,24980,19530,16210,16180,18920,24930,24940,,
WPA,WPA2201,MRPL,waipapa,Hydro,Hydro,2026-07-04,23470,22030,22000,17090,13400,11480,10740,11060,10730,10920,11800,11720,12840,11720,15620,18120,19090,17650,17660,17660,18850,18210,16660,14700,14710,14690,14710,14700,14690,14730,15530,17470,17660,17650,20450,24970,25040,24800,17720,19080,19130,19120,19110,19110,20020,18550,14700,14680,,
WPA,WPA2201,MRPL,waipapa,Hydro,Hydro,2026-07-05,16350,10740,10020,10740,13350,10160,11170,11220,11240,11210,11220,11240,9580,10110,11720,13670,16160,14840,15410,16190,16200,15250,13230,13570,11080,10550,11380,14310,15590,15460,16110,16170,17410,19560,22030,24950,25040,25030,25010,25000,24950,17720,17640,17150,14690,16310,8770,10180,,
WPA,WPA2201,MRPL,waipapa,Hydro,Hydro,2026-07-06,8700,4370,4660,7170,5860,4840,6670,4430,4370,4800,6020,7810,9040,11980,11830,12640,17590,19120,19140,19670,19140,21840,19200,20210,22050,22070,22070,22060,22060,22060,22550,22780,23170,24690,24990,25040,25040,25040,25050,24910,24970,25070,24870,24550,20820,18740,16190,14710,,
WPA,WPA2201,MRPL,waipapa,Hydro,Hydro,2026-07-07,15820,16170,13240,13180,13530,13480,12090,10030,12680,10250,9450,9640,11470,13180,14390,17560,21930,22090,22080,22080,22880,23020,22310,23510,23490,23510,24990,24990,22290,23410,22090,20620,20460,23530,25040,25050,25030,25040,25040,25040,25020,25010,25040,24960,23670,23520,22150,18980,,
WPA,WPA2201,MRPL,waipapa,Hydro,Hydro,2026-07-08,15410,13200,12740,12450,12460,12450,12460,12450,12460,12440,12480,12460,13210,14650,16450,18850,21960,20230,16730,16180,16180,16160,16160,16190,16160,16170,17540,18180,16180,15680,18690,17880,15640,13840,14740,22700,24220,24050,22080,21550,17150,15010,15430,13250,16250,15000,14650,13200,,
WPA,WPA2201,MRPL,waipapa,Hydro,Hydro,2026-07-09,10120,10620,8070,4980,4370,4710,4450,4450,4390,4360,4440,4420,9450,14110,14670,14700,22830,23540,23550,22680,22060,22020,22030,22060,22040,22040,22030,22050,22020,22040,22030,22040,22050,22030,23430,23500,23530,23520,22270,22070,22070,22080,18120,18850,19130,17950,17620,14510,,
WPA,WPA2201,MRPL,waipapa,Hydro,Hydro,2026-07-10,11780,9850,9810,8830,8830,8830,8820,8820,8820,8040,8800,8820,8840,12580,17410,17640,20770,22040,22080,22050,22070,22050,22040,22030,20020,17630,15750,14700,14680,11320,11740,11750,11770,13920,24810,25030,25010,25020,25010,25000,24720,23540,23530,23530,23000,20360,14670,12250,,
WPA,WPA2201,MRPL,waipapa,Hydro,Hydro,2026-07-11,9770,9750,9770,9770,14550,15380,15630,12750,12710,12710,12710,12700,13380,16060,16180,16380,17640,21970,24480,25010,24990,24950,17820,17630,17620,17640,17650,17640,18440,20560,20570,20590,20580,20630,21720,25060,25100,25080,25060,25000,24820,24910,24930,23950,23550,23470,22000,18900,,
WPA,WPA2201,MRPL,waipapa,Hydro,Hydro,2026-07-12,17600,15340,13170,13180,8970,8750,8760,10110,10730,10730,10140,12910,15230,15670,15740,16690,16710,16710,16630,16620,16690,16630,16630,16640,16620,16630,16630,16620,16610,17220,24740,24950,24930,24940,25040,25080,25080,25100,25050,25040,25010,25000,24990,21700,14730,14660,14700,14680,,
WPA,WPA2201,MRPL,waipapa,Hydro,Hydro,2026-07-13,9770,9740,9740,9750,9760,9730,9740,9740,9710,9740,9720,9750,9780,10190,16190,19870,24480,25030,25010,25000,24980,24950,21750,19120,20810,22350,16190,16150,16170,16160,16180,16160,16160,17100,22890,24790,25040,25020,25010,24980,24960,24970,24940,16910,11730,11730,11740,11730,,
WPA,WPA2201,MRPL,waipapa,Hydro,Hydro,2026-07-14,11720,14610,14660,12280,7590,4130,0,0,0,0,2710,4940,12330,15100,17050,19110,19140,19090,18420,19120,16940,14150,11500,10930,9580,11000,11260,11240,11220,11120,14410,9490,10600,11430,13330,14710,14720,16630,16660,16650,16650,14340,10990,12630,13250,11390,11310,11680,,
WPA,WPA2201,MRPL,waipapa,Hydro,Hydro,2026-07-15,6150,0,0,0,0,0,0,0,0,0,0,1280,10380,17240,22110,23520,23580,23560,22280,17440,14820,14700,14120,12950,8670,7190,7500,7340,4480,4370,5280,8830,12940,15740,20810,24340,25050,23860,23520,19580,11530,12710,13360,12530,10740,9180,6310,5060,,
WPA,WPA2201,MRPL,waipapa,Hydro,Hydro,2026-07-16,2280,0,0,0,0,0,0,0,0,0,0,170,9430,15310,13660,13190,12170,13080,10190,10800,10490,8980,9830,9040,9120,8820,8830,9010,8940,9510,8880,8990,9850,12010,15880,21250,22150,22110,23400,23540,23510,21390,15010,14690,20000,14130,11540,9980,,
WPA,WPA2201,MRPL,waipapa,Hydro,Hydro,2026-07-17,5870,5070,4930,300,3650,4830,4810,4820,4820,4800,1590,4810,8570,11720,12720,16590,19360,20570,20560,18750,15690,11720,11710,11720,11710,5940,5840,260,0,0,0,0,0,2810,7340,13500,16640,16680,11350,9760,9020,8760,9320,9760,6670,4370,4370,4370,,
WPA,WPA2201,MRPL,waipapa,Hydro,Hydro,2026-07-18,1550,0,0,0,0,0,0,0,0,0,0,0,940,3910,7090,8170,12300,11410,12400,9010,10670,11090,9010,7790,7540,4560,6290,4420,4220,4520,4500,5290,9490,10610,16060,18610,19090,17930,17640,14820,15870,13980,12640,9840,10870,9020,6290,7190,,
WPA,WPA2201,MRPL,waipapa,Hydro,Hydro,2026-07-19,2410,0,0,0,4140,5070,10,0,0,0,0,0,680,6640,4820,9430,8530,8180,9800,9150,9330,11580,11740,11760,10800,9170,8370,5350,4470,4600,5680,6160,8830,13180,15930,21280,23370,23560,23570,23540,23530,23530,22230,20210,17140,13600,13180,10390,,
WPA,WPA2201,MRPL,waipapa,Hydro,Hydro,2026-07-20,5300,4770,5570,4700,4370,4380,4370,4800,6640,7110,7270,13100,14400,14690,19150,24810,25070,25050,25030,25000,24960,24950,23870,19670,17540,16840,16160,16160,16180,16160,16160,22200,23870,24980,24960,25050,25050,25070,24560,22120,19690,19180,19150,19140,19120,18790,17690,13920,,
WPA,WPA2201,MRPL,waipapa,Hydro,Hydro,2026-07-21,8550,4780,5110,4440,4460,4370,4370,4280,5120,8500,8810,8850,14510,19630,24210,25030,25060,25040,25020,24980,24970,24960,24930,24940,24930,24590,20270,16170,16140,13880,15600,18200,19700,19120,19740,24460,23860,23560,22670,19170,19150,15760,14720,14000,13230,11800,11800,10710,,
WPA,WPA2201,MRPL,waipapa,Hydro,Hydro,2026-07-22,7600,4380,4160,4290,4380,4380,4380,4390,4380,4380,6830,10630,15500,20810,24990,25030,25070,25040,18170,16630,16590,16620,16630,16600,16680,16660,16620,16610,16600,16680,16630,17800,22000,22030,22050,24620,25060,25080,25050,25030,25010,24980,24960,22130,21360,14790,12680,12570,,
WPA,WPA2201,MRPL,waipapa,Hydro,Hydro,2026-07-23,11180,9200,5810,5850,5860,5550,5350,5370,5350,5370,6610,9000,14800,15660,15700,18550,21570,22070,22070,22070,22020,21990,18140,15750,11720,11720,11720,11710,11720,11720,11740,11740,11730,13270,18470,24320,25060,25030,25020,25040,25020,24990,24960,24930,22900,19150,15250,9300,,
WPA,WPA2201,MRPL,waipapa,Hydro,Hydro,2026-07-24,6540,4690,4370,6490,7390,4860,4650,3880,3870,3870,3870,3860,5810,11580,11390,17190,21860,20260,19130,16810,16570,17640,17660,18710,19110,19090,20900,21460,20020,17430,17630,17640,21790,19580,19120,21370,22100,22060,19230,19130,12850,14320,14720,14680,10900,5300,7330,7370,,
WPA,WPA2201,MRPL,waipapa,Hydro,Hydro,2026-07-25,7320,2480,0,0,0,0,0,0,0,0,0,2430,8680,16080,22940,23730,23530,24180,22980,22080,22090,22070,22080,22040,22060,22040,20620,15920,14690,14700,14330,14080,13740,16170,18020,23150,23590,23600,23610,23600,23550,23550,23530,23490,23500,23470,20780,11830,,
WPA,WPA2201,MRPL,waipapa,Hydro,Hydro,2026-07-26,10850,5860,5830,5860,5860,5850,5860,5850,5850,5850,5860,5860,7330,10560,13720,18070,18470,22000,23530,23550,23520,23520,23510,23480,22810,22020,22040,21720,19100,16490,14420,14670,14670,17710,18870,23120,25030,25050,25020,25040,25000,24990,24970,24970,24970,24940,24920,22600,,
WPA,WPA2201,MRPL,waipapa,Hydro,Hydro,2026-07-27,22000,22000,21580,18640,16180,16130,16130,12280,10520,10890,12720,12710,13010,20490,25100,25050,25050,25050,25020,24970,23500,23500,22590,22010,22020,20640,19540,16570,13210,11980,12650,15220,20140,19740,19060,25000,25040,25080,25070,25060,25040,25000,25030,24960,24190,17770,17600,11480,,
WPA,WPA2201,MRPL,waipapa,Hydro,Hydro,2026-07-28,10750,10740,10740,10730,10100,8760,8760,8760,8770,9510,10640,11500,17170,24610,25010,25020,25010,25010,25000,25000,25000,22750,21870,19180,18450,13820,13200,13120,13220,13210,13220,13210,13210,14640,17020,24490,25030,25050,25020,25030,25030,25010,25090,24980,24960,24240,21390,19080,,
WPA,WPA2201,MRPL,waipapa,Hydro,Hydro,2026-07-29,20400,18520,15230,13230,13190,11790,11700,11700,11690,14480,19360,19660,20390,21690,22630,24990,25030,24990,22120,22010,22040,21210,19130,19090,17070,14730,13480,13190,9810,8900,8770,12630,13350,15510,16680,24220,25020,25020,25020,25000,25010,25000,24960,22370,16670,16650,16430,14660,,
WPA,WPA2201,MRPL,waipapa,Hydro,Hydro,2026-07-30,11140,7350,7320,7350,7330,230,0,0,0,0,7600,14700,14780,20110,21980,22330,22590,22970,23280,23320,19870,16240,15280,11680,9160,9290,8830,8820,8820,8820,9630,9650,9670,8890,11110,21480,23520,23510,23510,22820,22030,22020,21600,19110,19080,13970,9590,9530,,
WPA,WPA2201,MRPL,waipapa,Hydro,Hydro,2026-07-31,6800,0,0,0,0,0,0,0,0,0,0,3050,7120,9780,11300,15650,15170,15040,11840,9290,8770,7640,5800,7480,7730,9090,8810,8310,4290,4220,4380,4360,5380,10120,17220,23490,23570,23560,23550,23510,20910,19120,18910,17190,14690,14680,13980,10350,,
WPG,WPG0331,TRPG,waipori,Hydro,Hydro,2026-07-01,2028,2050,2036,2220,2457,2702,2576,3581,4056,3476,3496,3308,2453,2817,4830,4980,4575,4097,4065,3985,4331,4184,4574,4252,3841,3493,3623,2921,2613,3038,2715,2705,2321,2669,4197,3860,3251,3236,3021,2274,2962,3783,3626,3370,4624,5605,5048,5061,,
WPG,WPG0331,TRPG,waipori,Hydro,Hydro,2026-07-02,5846,7953,6596,7660,7906,7842,8475,7731,6206,3421,4244,4531,3545,3263,5265,6674,5917,6964,7893,9915,8152,4841,3950,3871,2334,2183,2510,2751,4507,5559,5203,2504,1449,3050,4416,5421,5719,7102,7503,5069,4606,8749,8142,9079,10721,11829,8462,8234,,
WPG,WPG0331,TRPG,waipori,Hydro,Hydro,2026-07-03,6545,9956,9956,11632,12035,13965,14461,13927,12414,13115,11081,9100,9951,14104,15521,10426,7028,10639,12068,14110,14385,14407,15306,17203,16885,15524,16529,17132,17010,15898,15516,16468,15958,15887,16267,16671,15409,14590,13973,14926,13949,13091,15155,16727,16897,16651,17179,17068,,
WPG,WPG0331,TRPG,waipori,Hydro,Hydro,2026-07-04,17342,17343,17342,17226,16172,16540,15835,16715,17175,17327,16983,15470,13680,16201,12846,5757,1711,2398,4517,6002,3865,2427,5528,12635,14643,15130,16144,16227,12094,7247,5548,3234,3358,6425,11834,11218,8541,6836,7089,3063,2036,1900,2670,2033,3142,2774,2601,2283,,
WPG,WPG0331,TRPG,waipori,Hydro,Hydro,2026-07-05,1629,1464,1601,1830,2030,2090,2225,2299,2877,3074,15074,15335,16319,15440,13525,14701,13046,13469,12335,12318,12157,13173,13322,13457,11731,10796,8810,11913,12456,12134,13616,10996,11025,11761,13477,14971,18264,14999,15291,17795,17977,18129,17993,17743,16108,13837,14923,14152,,
WPG,WPG0331,TRPG,waipori,Hydro,Hydro,2026-07-06,12950,13132,12056,8378,6814,6514,4816,6486,11564,10040,7289,8491,7515,7497,8104,7978,7049,6497,7528,5302,6691,7924,14641,16538,9853,8367,8718,9591,8012,7621,8440,6621,4667,4229,3485,2879,2804,2935,2392,2190,2306,2202,2013,1993,1452,1442,1426,1451,,
WPG,WPG0331,TRPG,waipori,Hydro,Hydro,2026-07-07,1425,1408,1402,1407,1409,1398,1391,1396,1385,1401,1396,1406,1405,1389,1434,1431,1383,1436,3290,3895,3732,4101,4531,4894,5083,5522,5966,5996,5743,7105,8273,8493,9495,9786,12307,13051,12254,10848,12353,15228,14919,10973,9859,10033,7774,4625,2724,1786,,
WPG,WPG0331,TRPG,waipori,Hydro,Hydro,2026-07-08,1436,1405,1399,1402,1407,1421,1404,1394,1400,1483,3039,5136,4903,4452,7983,8230,7495,7831,7801,7670,7838,6667,5687,4893,5463,4003,4069,5247,4584,4611,5044,3409,2724,2856,3951,4195,4323,3780,3842,3128,5189,3644,3236,3256,2058,2301,1740,1805,,
WPG,WPG0331,TRPG,waipori,Hydro,Hydro,2026-07-09,1318,1230,1287,1468,1291,1350,1275,1097,1004,964,881,820,786,759,759,821,1101,1418,1102,1144,1049,1061,1059,1048,1046,1028,1035,998,1018,1020,1007,1023,1038,1014,1019,1008,1004,1006,991,992,996,986,1198,1144,1008,1005,968,965,,
WPG,WPG0331,TRPG,waipori,Hydro,Hydro,2026-07-10,960,971,947,954,957,963,966,963,972,962,953,968,965,955,951,922,917,905,903,913,909,908,891,906,956,1243,1521,1639,1367,1486,1610,1559,1198,1087,1263,1753,2910,3455,3753,4531,4196,3960,3860,3382,4116,3713,3658,1907,,
WPG,WPG0331,TRPG,waipori,Hydro,Hydro,2026-07-11,569,369,425,763,495,550,430,737,1644,1859,2247,2066,3402,4502,5477,5701,6124,5307,11802,13463,12206,11429,9211,4674,1764,1548,1617,1868,1392,626,412,370,361,358,368,359,433,658,395,367,361,618,857,1057,1657,1543,1309,1545,,
WPG,WPG0331,TRPG,waipori,Hydro,Hydro,2026-07-12,1945,2245,2430,2165,2068,1733,1441,1093,913,1876,5958,7447,6927,5945,4225,3649,3161,1794,804,504,746,675,681,1269,1652,2044,1335,1326,2048,2862,2814,3150,4348,5749,5171,5913,5696,3505,8105,9633,10838,13901,14698,14505,14506,12414,12669,13594,,
WPG,WPG0331,TRPG,waipori,Hydro,Hydro,2026-07-13,12825,11951,14778,15724,15807,15841,15870,15822,15856,15897,15890,15884,15873,15882,15886,15879,15854,15848,15420,15854,15504,10704,9523,4140,4367,7133,4260,4177,12257,5995,5458,7425,15624,15220,17491,17085,4433,3902,8166,8474,8402,8467,7318,7231,7770,7645,7626,8810,,
WPG,WPG0331,TRPG,waipori,Hydro,Hydro,2026-07-14,8403,8035,6502,5494,10197,10156,8795,11646,13376,10297,11298,12233,11591,15084,15037,15149,12521,10904,14077,12844,13226,13265,14754,15084,14417,15716,15513,15769,15982,16014,16066,16182,15622,7520,13064,10388,4476,10702,8752,6220,4434,5278,7613,3616,2923,5939,5730,4266,,
WPG,WPG0331,TRPG,waipori,Hydro,Hydro,2026-07-15,5963,5351,5625,7380,6139,6643,7270,5917,6365,6551,5937,6186,5858,6050,5809,5797,6497,6327,5733,4506,2448,2818,2341,2320,2313,2952,4750,7184,11300,12599,12998,10551,8166,7999,12941,11674,9389,9447,9561,10400,9073,12150,15439,17558,17361,17674,17678,17674,,
WPG,WPG0331,TRPG,waipori,Hydro,Hydro,2026-07-16,17643,17651,15493,16935,16585,17395,17722,17684,17649,17671,17589,17539,17663,17692,17716,17711,17706,17661,17695,17708,17702,17711,17715,17709,17696,17706,17640,17638,17689,17634,17685,17678,17450,17559,17694,17791,17754,17137,16015,16488,19028,16318,13476,11356,10532,11750,15366,16722,,
WPG,WPG0331,TRPG,waipori,Hydro,Hydro,2026-07-17,17542,17682,17685,17682,17633,17640,17651,17456,17260,17637,17670,17658,17666,17820,18075,17576,15726,14780,12292,8893,9177,8305,7270,8701,10409,11133,12882,14409,16080,15163,9319,8955,9237,8899,11630,8432,4007,8072,12436,12215,9543,9647,9463,10225,8812,6943,7340,8439,,
WPG,WPG0331,TRPG,waipori,Hydro,Hydro,2026-07-18,10379,11305,15052,14660,13821,9287,11216,13292,12538,12284,11885,12174,12384,13747,14358,14239,9617,9967,12977,12044,8991,10489,13215,11888,10480,10407,9359,7903,6636,5156,2976,2644,1234,1595,4471,7540,10093,11855,15079,16029,16745,16486,14132,12882,12889,13879,17484,17718,,
WPG,WPG0331,TRPG,waipori,Hydro,Hydro,2026-07-19,17444,15937,16258,13179,11289,7323,5983,7858,6535,5288,7361,13619,14719,15624,15583,15884,17094,17656,17688,17666,17697,17697,17677,17614,17625,17620,17571,17370,17208,16147,16167,16034,14788,15184,14104,15832,14906,15789,13571,12672,11667,10374,10289,3941,3274,4123,5860,5314,,
WPG,WPG0331,TRPG,waipori,Hydro,Hydro,2026-07-20,5812,6865,6361,6922,5675,3593,3257,3885,4348,3996,3013,2491,2816,5278,6919,7042,5777,5843,4557,3149,2339,2274,2307,2504,3369,3685,3364,3137,3433,3157,2715,2525,2314,3468,3925,4494,4659,4814,4430,3937,3565,3014,3917,4339,4770,5487,10780,10337,,
WPG,WPG0331,TRPG,waipori,Hydro,Hydro,2026-07-21,9534,9913,11642,12132,10814,9957,11836,10116,9370,8936,8994,10076,16190,17147,16932,18129,19076,18898,18204,18060,17655,18264,18770,19634,19439,20466,23612,23143,20600,16740,18394,17476,15060,11870,12660,13496,10863,7589,6806,7700,9711,6528,3832,2693,6195,7960,9136,10426,,
WPG,WPG0331,TRPG,waipori,Hydro,Hydro,2026-07-22,10450,10656,9255,7376,5081,3506,3268,2960,2916,4631,5561,4945,3498,4223,4448,5278,5097,5250,5000,2650,2715,2342,2280,2128,1797,1412,1027,716,492,494,427,637,553,862,1800,4176,4962,5279,5779,5105,4053,4787,7981,7754,8922,10033,11153,9819,,
WPG,WPG0331,TRPG,waipori,Hydro,Hydro,2026-07-23,9382,11173,11494,10997,12001,14123,11673,10022,11941,9680,9084,7517,7663,10100,10741,14711,14132,12048,16105,9841,8044,7811,12619,12699,9607,6890,8165,5544,8809,8640,10040,7006,6702,8978,5785,5539,6899,8745,8442,13097,9424,6950,5758,7825,8800,8185,5731,7485,,
WPG,WPG0331,TRPG,waipori,Hydro,Hydro,2026-07-24,4891,5573,4560,5554,3947,6192,7691,3912,4165,10096,13811,5408,2692,4010,3854,4882,3198,3756,3499,3765,5752,4873,3414,3531,3420,3675,5190,8225,8748,6403,5618,7303,7940,7891,8002,7923,6102,6239,5846,5733,5608,4570,10704,15286,13352,14035,13856,11636,,
WPG,WPG0331,TRPG,waipori,Hydro,Hydro,2026-07-25,15155,16768,15856,17101,16560,15546,16776,17693,17644,17630,17369,17416,17505,17661,17638,17327,17150,18481,19100,16495,12711,14628,17224,19068,16340,13761,15066,14587,11305,5773,6678,6735,6476,7070,6301,10201,8567,6508,5670,6887,4908,5671,8523,8588,8640,9943,10067,9525,,
WPG,WPG0331,TRPG,waipori,Hydro,Hydro,2026-07-26,8227,7374,5624,6295,5841,8523,11415,13709,12476,10093,10999,12966,14022,13850,11190,13204,14000,14110,15138,13713,13052,13755,12550,14253,12591,12273,11413,10505,10539,7544,6094,5779,5783,5266,6391,7263,8093,8631,7778,7637,7166,7264,8449,7652,7923,10573,10794,9456,,
WPG,WPG0331,TRPG,waipori,Hydro,Hydro,2026-07-27,7413,7155,8078,8739,8541,8006,7863,8907,6285,6728,6309,6555,6841,6599,8812,16862,16787,12641,11545,9872,7006,10896,9505,8614,8218,7150,6454,6238,4300,4808,4268,4263,5267,4906,6309,11045,9879,8559,12007,15472,18302,15025,19069,16682,15095,7111,5698,5330,,
WPG,WPG0331,TRPG,waipori,Hydro,Hydro,2026-07-28,5769,6043,5947,6724,9184,9838,9605,8031,6161,8440,9433,8753,9376,5184,2790,3897,4416,5478,5808,5411,5531,5527,4525,3994,2918,2814,2439,2341,2018,1725,1478,1350,1443,1828,1751,2961,4873,3851,3460,4344,4628,3421,4262,4206,4159,4727,5553,5786,,
WPG,WPG0331,TRPG,waipori,Hydro,Hydro,2026-07-29,5330,4458,6695,7096,9492,8577,8280,11688,11852,10120,11207,12559,12655,12654,10840,11690,12703,13277,13807,11773,9259,2149,72,120,125,118,122,23,3159,5151,6342,6297,7546,6441,5917,8653,10969,9647,9232,9003,9285,7511,9538,13418,10920,10968,8536,7960,,
WPG,WPG0331,TRPG,waipori,Hydro,Hydro,2026-07-30,5401,7102,8701,6831,8966,6620,8930,9266,11704,16707,17375,17274,16807,16320,16964,18623,19773,18064,18202,19488,16487,13026,11330,8322,10458,8056,6777,5892,6835,7218,10627,11279,8774,3232,3258,6475,14064,11753,10560,9797,9903,6654,9017,8266,9716,16589,17511,18555,,
WPG,WPG0331,TRPG,waipori,Hydro,Hydro,2026-07-31,17600,17074,17643,17327,17378,17346,14167,14414,12902,7511,10168,5856,7011,14327,17576,17419,16810,14173,6127,4198,3911,4042,6080,6964,9165,12068,11939,11509,12261,11680,12234,11701,11663,11020,13812,15529,17107,18334,17961,16866,16571,16503,14251,14502,17383,16434,15414,11814,,
WRK,WRK0331,HAWK,rotokawa,Geo,Geo,2026-07-01,11086,11098,11092,11116,11108,11129,11159,11207,11193,11204,11218,11151,10923,10947,11005,11042,11131,11220,11212,11192,11108,11097,11054,10955,10912,10891,10829,10746,10688,10688,10691,10690,10721,10781,10854,10873,10920,10603,10622,10664,10717,10750,10748,10803,10856,10882,10881,10862,,
WRK,WRK0331,HAWK,rotokawa,Geo,Geo,2026-07-02,10866,10889,10895,10871,10891,10899,10886,10889,10904,10901,10901,10849,10841,10865,10876,10855,10876,10866,10839,10812,10793,10759,10742,10706,10616,10610,10609,10574,10571,10561,10593,10586,10582,10612,10649,10668,10689,10712,10724,10734,10738,10750,10760,10769,10773,10792,10805,10795,,
WRK,WRK0331,HAWK,rotokawa,Geo,Geo,2026-07-03,10802,10840,10835,10858,10850,10852,10851,10848,10839,10850,10859,10871,10869,10881,10895,10900,10900,10894,10897,10815,10847,10826,10805,10769,10751,10701,10612,10605,10603,10604,10583,10572,10609,10657,10662,10692,10726,10748,10759,10766,10779,10783,10788,10800,10802,10813,10825,10826,,
WRK,WRK0331,HAWK,rotokawa,Geo,Geo,2026-07-04,10831,10831,10854,10862,10857,10869,10880,10861,10867,10875,10863,10843,10838,10849,10864,10853,10827,10836,10852,10832,10808,10770,10748,10724,10666,10574,10586,10537,10521,10533,10502,10507,10510,10515,10532,10581,10605,10585,10588,10599,10640,10634,10605,10579,10555,10447,10375,10453,,
WRK,WRK0331,HAWK,rotokawa,Geo,Geo,2026-07-05,10460,10380,10332,10253,10236,10278,10289,10259,10227,10214,10178,10169,10168,10206,10271,10296,10313,10274,10222,10252,10262,10225,10176,10104,10084,10052,10049,10012,10057,10033,10073,10077,10142,10198,10238,10284,10312,10314,10420,10466,10441,10401,10416,10429,10369,10418,10405,10328,,
WRK,WRK0331,HAWK,rotokawa,Geo,Geo,2026-07-06,10309,10373,10431,10293,10150,10159,10112,10123,10034,10040,10081,10076,10024,10036,10251,10348,10224,10097,10103,10246,10153,10173,10286,10169,10180,10119,10147,10102,10068,10025,10123,10146,10183,10172,10217,10370,10253,10300,10374,10383,10391,10428,10396,10373,10395,10421,10390,10479,,
WRK,WRK0331,HAWK,rotokawa,Geo,Geo,2026-07-07,10479,10513,10504,10523,10529,10543,10529,10581,10594,10584,10590,10540,10544,10560,10563,10565,10585,10537,10537,10493,10419,10339,10170,10197,10093,10057,10054,10039,10067,10064,10078,10080,10120,10196,10287,10305,10208,10277,10193,10309,10288,10240,10228,10208,10197,10346,10356,10291,,
WRK,WRK0331,HAWK,rotokawa,Geo,Geo,2026-07-08,10202,10328,10267,10268,10248,10255,10257,10396,10425,10502,10521,10503,10474,10453,10447,10507,10495,10457,10347,10210,10163,10067,10036,10089,10109,10075,10062,10037,9995,9994,9894,9805,9787,9775,10015,10153,10186,10227,10197,10327,10435,10452,10501,10512,10502,10484,10475,10435,,
WRK,WRK0331,HAWK,rotokawa,Geo,Geo,2026-07-09,10408,10376,10370,10414,10388,10384,10376,10367,10263,10389,10441,10396,10371,10385,10313,10260,10162,10098,9825,9879,11091,11319,11319,11363,11390,11424,11571,11538,11542,11660,11935,12080,12152,12261,12280,12319,12329,12245,12176,12153,12133,12102,12175,12157,12089,12085,12151,12108,,
WRK,WRK0331,HAWK,rotokawa,Geo,Geo,2026-07-10,12169,12302,12359,12480,12574,12447,12618,12781,12631,12606,12538,12530,12476,12484,12484,12515,12681,12429,12204,12105,12100,12115,12226,12148,12008,11997,12025,11976,12014,12113,12137,12123,12173,12260,12273,12278,12443,12609,12755,12843,12735,12934,13068,13117,13139,13201,13225,13214,,
WRK,WRK0331,HAWK,rotokawa,Geo,Geo,2026-07-11,13262,13339,13315,13380,13369,13399,13394,13422,13404,13418,13416,13436,13423,13427,13452,13443,13428,13393,13302,13098,12861,12742,12455,12324,12290,12164,12183,12095,12070,12051,12119,12135,12229,12309,12382,12452,12560,12694,12648,13097,13191,13326,13369,13367,13437,13444,13465,13468,,
WRK,WRK0331,HAWK,rotokawa,Geo,Geo,2026-07-12,13456,13501,13494,13484,13528,13533,13532,13556,13589,13626,13643,13676,13672,13683,13705,13742,13739,13704,13664,13497,13389,13316,13215,13077,12964,12864,12788,12727,12712,12690,12704,12713,12728,12840,12955,13043,13125,13204,13307,13381,13438,13492,13512,13533,13580,13615,13636,13625,,
WRK,WRK0331,HAWK,rotokawa,Geo,Geo,2026-07-13,13621,13647,13644,13651,13644,13656,13686,13610,13639,13574,13549,13555,13570,13560,13576,13636,13636,13624,13644,13587,13480,13344,13265,13157,13043,13091,13002,12950,12864,12864,12856,12834,12856,12863,12892,12954,13040,12979,13049,13109,13120,13140,13139,13123,13077,13082,13114,13082,,
WRK,WRK0331,HAWK,rotokawa,Geo,Geo,2026-07-14,13076,13100,13038,13054,13013,13013,12989,12898,12875,12911,12852,12829,12839,12759,12803,12854,12865,12840,12815,12734,12716,12711,12668,12539,12488,12493,12530,12525,12530,12511,12490,12510,12538,12605,12673,12728,12756,12775,12805,12872,12971,13085,13123,13202,13192,13174,13258,13239,,
WRK,WRK0331,HAWK,rotokawa,Geo,Geo,2026-07-15,13279,13224,13306,13340,13362,13290,13262,13226,13218,13248,13251,13206,13207,13263,13265,13289,13279,13228,13159,12993,12976,12890,12825,12683,12751,12663,12602,12580,12451,12507,12562,12479,12464,12522,12662,12753,12840,12833,12879,12976,12977,12992,13091,13104,13174,13203,13223,13267,,
WRK,WRK0331,HAWK,rotokawa,Geo,Geo,2026-07-16,13336,13355,13321,13353,13259,13265,13254,13221,13196,13177,13179,13180,13141,13143,13142,13139,13132,13117,13105,13072,12923,12843,12802,12740,12606,12402,12311,12307,12379,12377,12502,12502,12464,12509,12588,12667,12691,12632,12646,12748,12852,12885,12769,12763,12841,12892,12964,12923,,
WRK,WRK0331,HAWK,rotokawa,Geo,Geo,2026-07-17,12941,12980,13016,13000,13109,13192,13087,13314,13407,13441,13399,13357,13355,13310,13274,13232,13246,13168,13219,13089,12787,12657,12623,12692,12606,12543,12518,12543,12546,12557,12556,12592,12650,12762,12882,12922,12908,12993,12995,13090,13053,13098,13173,13233,13202,13236,13227,13196,,
WRK,WRK0331,HAWK,rotokawa,Geo,Geo,2026-07-18,13190,13139,13150,13158,13145,13036,12995,12888,12894,12854,12887,12878,12877,12916,12944,12950,12981,12913,12826,12759,12707,12621,12558,12530,12507,12425,12420,12416,12461,12483,12522,12542,12582,12608,12730,12781,12779,12862,12873,12885,12944,12992,13057,13123,12995,13044,13057,13045,,
WRK,WRK0331,HAWK,rotokawa,Geo,Geo,2026-07-19,13091,13146,13162,13084,13224,13100,13110,13012,12991,13029,12996,12898,12929,12912,12851,12924,12884,12875,12789,12758,12677,12582,12583,12536,12468,12465,12453,12436,12428,12474,12474,12503,12516,12614,12655,12806,12773,12827,12964,12983,13005,13071,13137,13202,13224,13208,13234,13234,,
WRK,WRK0331,HAWK,rotokawa,Geo,Geo,2026-07-20,13288,13341,13367,13381,13349,13220,13290,13241,13224,13160,12859,12976,13044,13091,12945,12632,12617,12707,12649,12613,12593,12517,12417,12452,12482,12390,12284,12316,12318,12338,12317,12327,12351,12444,12511,12554,12567,12604,12607,12685,12969,12822,12712,13015,13181,13215,13169,13092,,
WRK,WRK0331,HAWK,rotokawa,Geo,Geo,2026-07-21,12944,13242,13133,13133,13145,13071,13059,13053,12987,13040,13221,13269,11816,6844,231,0,0,0,0,0,0,0,0,0,0,0,0,0,0,0,0,0,0,0,0,0,0,0,0,0,0,0,0,0,0,0,0,0,,
WRK,WRK0331,HAWK,rotokawa,Geo,Geo,2026-07-22,0,0,0,0,0,0,0,0,0,0,0,0,0,0,0,0,0,0,0,0,0,0,166,434,2958,7690,8546,10689,11401,11357,11496,11821,11951,12117,12333,12529,12667,12721,12841,12937,12971,13108,13132,13123,13226,13266,13256,13292,,
WRK,WRK0331,HAWK,rotokawa,Geo,Geo,2026-07-23,13273,13300,13349,13387,13399,13486,13501,13499,13499,13493,13497,13484,13504,13521,13494,13524,13501,13457,13441,13337,13281,12991,11928,13039,12961,12808,12653,12569,12571,12589,12734,12787,12798,12772,12868,12938,12998,12961,12991,13023,12984,12989,12975,12998,12998,12969,13005,12944,,
WRK,WRK0331,HAWK,rotokawa,Geo,Geo,2026-07-24,13016,13017,12955,12998,12968,12925,13023,13034,13066,13043,13052,13029,13036,13126,13193,13185,13203,13211,13204,13079,12890,12794,12792,12722,12721,12723,12673,12650,12773,12665,12682,12676,12692,12741,12685,12693,12693,12682,12629,12659,12612,12635,12582,12871,12853,12881,12973,12898,,
WRK,WRK0331,HAWK,rotokawa,Geo,Geo,2026-07-25,12798,12762,12800,12830,12841,12916,12814,12909,12929,12950,12895,12920,12907,13022,12978,12864,12920,12942,12924,12874,12923,12901,12832,12819,12751,12681,12619,12615,12615,12669,12690,12691,12697,12779,12789,12852,8849,8886,10777,10914,11128,11267,11299,11380,11450,11506,11504,11527,,
WRK,WRK0331,HAWK,rotokawa,Geo,Geo,2026-07-26,11575,11712,11774,11853,11844,11861,11958,11994,12000,11985,11974,12068,12070,12093,12057,11979,12018,12005,11950,11904,11861,11809,11748,11675,11629,11534,11507,11515,11398,11131,11295,11203,11216,11406,11376,11302,11423,11581,11782,11779,11648,11600,11782,11820,11836,11798,11733,11681,,
WRK,WRK0331,HAWK,rotokawa,Geo,Geo,2026-07-27,11771,11930,12030,11876,11958,12074,12078,12087,12064,12090,12096,12109,12121,12116,12120,12141,12171,12148,12087,11950,11855,11725,11605,11527,11466,11436,11393,11379,11356,11347,11289,11298,11371,11166,11245,11402,11580,11602,11601,11776,11959,12062,12181,12348,12323,12353,12449,12736,,
WRK,WRK0331,HAWK,rotokawa,Geo,Geo,2026-07-28,13399,13449,13539,13521,13532,13503,13522,13561,13557,13538,13527,13491,13603,13576,13578,13606,13618,13542,13438,13357,13241,13128,12945,12489,12380,12363,12337,12238,12228,12303,12391,12365,12384,12314,12428,12560,12844,12955,12925,12989,13042,12995,13055,13076,13152,13286,13377,13441,,
WRK,WRK0331,HAWK,rotokawa,Geo,Geo,2026-07-29,13462,13417,13485,13544,13527,13577,13572,13525,13565,13624,13612,13614,13623,13681,13719,13735,13715,13710,13658,13621,13514,13407,13264,13133,13024,12906,12858,12827,12787,12722,12695,12688,12732,12807,12878,12992,13056,13166,13259,13284,13367,13371,13411,13464,13448,13454,13439,13445,,
WRK,WRK0331,HAWK,rotokawa,Geo,Geo,2026-07-30,13464,13428,13405,13435,13449,13424,13467,13421,13511,13525,13516,13487,13508,13511,13535,13518,13496,13428,13443,13394,13314,13288,13259,13176,13099,13025,12849,12732,12671,12545,12454,12497,12556,12594,12644,12670,12688,12733,12716,12717,12750,12746,12706,12856,12852,12812,12865,12811,,
WRK,WRK0331,HAWK,rotokawa,Geo,Geo,2026-07-31,12718,12814,12867,12867,12857,12746,12747,12844,12685,12730,12766,12795,12817,12830,12823,12825,12858,12732,12644,12624,12639,12607,12478,12520,12515,12736,12701,12572,12687,12582,12560,12572,12600,12662,12809,12851,12888,12922,12953,12959,13045,12971,12999,13050,13196,13198,13224,13190,,
WRK,WRK0331,HAWK,tehuka,Geo,Geo,2026-07-01,13611,13615,13664,13641,13554,13587,13597,13554,13606,13827,13636,13602,13646,13625,13525,13643,13455,13483,13555,13581,13738,13715,13700,13556,13640,13605,13400,13375,13402,13365,13341,13419,13456,13670,13814,13801,13754,13730,13766,13719,13751,13775,13677,13707,13731,13682,13770,13738,,
WRK,WRK0331,HAWK,tehuka,Geo,Geo,2026-07-02,13693,13681,13807,13767,13624,13760,13757,13683,13625,13396,13553,13711,13733,13768,13696,13515,13644,13812,13742,13529,13618,13735,13750,13719,13599,13665,13664,13557,13611,13815,13786,13726,13713,13818,13842,13711,13663,13691,13631,13552,13615,13621,13706,13768,13648,13724,13778,13708,,
WRK,WRK0331,HAWK,tehuka,Geo,Geo,2026-07-03,13711,13802,13678,13714,13661,13698,13772,13715,13755,13646,13760,13826,13781,13771,13703,13695,13766,13759,13658,13537,13569,13643,13554,13385,13550,13552,13641,13686,13680,13681,13692,13707,13830,13784,13761,13802,13850,13799,13848,13738,13726,13716,13607,13684,13688,13660,13737,13663,,
WRK,WRK0331,HAWK,tehuka,Geo,Geo,2026-07-04,13564,13665,13676,13728,13539,13710,13687,13584,13734,13623,13756,13664,13642,13697,13726,13679,13669,13685,13669,13644,13610,13543,13511,13400,13447,13545,13443,13424,13516,13532,13468,13466,13576,13708,13644,13634,13660,13596,13587,13606,13633,13654,13661,13572,13603,13690,13600,13645,,
WRK,WRK0331,HAWK,tehuka,Geo,Geo,2026-07-05,13573,13584,13562,13608,13597,13591,13629,13544,13481,13398,13370,13500,13392,13260,13186,13212,13192,13351,13411,13367,13264,13181,13242,12862,12948,13078,12939,12982,12817,12764,12602,12589,12704,12786,12888,13007,13094,13263,13594,13607,13685,13604,13616,13646,13580,13497,13644,13612,,
WRK,WRK0331,HAWK,tehuka,Geo,Geo,2026-07-06,13661,13611,13593,13329,13415,13478,13378,13295,13111,13104,13172,13150,12976,12998,13528,13561,13565,13257,13186,13357,13403,13409,13341,13265,13306,13230,13229,13270,13301,13169,13079,13028,13184,13409,13273,13181,13659,13349,13449,13517,13691,13557,13676,13589,13656,13761,13679,13679,,
WRK,WRK0331,HAWK,tehuka,Geo,Geo,2026-07-07,13599,13652,13675,13657,13648,13662,13588,13657,13607,13379,13587,13673,13579,13549,13619,13466,13548,13089,12836,12967,12936,12949,12596,12478,12479,12555,12641,12524,12582,12555,12782,12747,12541,12274,12314,12515,12233,12318,12444,12512,12381,12186,12216,12357,12761,13225,13265,13336,,
WRK,WRK0331,HAWK,tehuka,Geo,Geo,2026-07-08,13510,13435,13447,13435,13631,13532,13449,13217,13301,13524,13353,13388,13560,13480,13420,13275,13349,13164,13088,12969,12871,12915,13159,13046,12870,12971,12810,12615,12611,12577,12578,12607,12546,12618,12983,13249,13375,13398,13416,13456,13462,13508,13732,13745,13644,13429,13507,13509,,
WRK,WRK0331,HAWK,tehuka,Geo,Geo,2026-07-09,13462,13362,13305,13649,13532,13355,13420,13348,13460,13685,13860,13478,13382,13460,13410,13316,13376,13312,13016,12925,12792,12581,12290,12019,11948,12062,12228,12268,12406,12400,12849,12870,13134,13264,13246,13253,13219,13226,13292,13250,13210,13127,12983,13032,13108,13241,13347,13285,,
WRK,WRK0331,HAWK,tehuka,Geo,Geo,2026-07-10,13205,13323,13669,13417,13607,13737,13465,13620,13502,13458,13515,13385,13529,13382,13539,13477,13572,13362,13349,12927,12670,12755,12997,12613,12446,12436,12623,12719,12624,12825,13056,13084,12938,13091,13367,13342,13431,13648,13733,13615,13507,13616,13882,13682,13740,13619,13559,13637,,
WRK,WRK0331,HAWK,tehuka,Geo,Geo,2026-07-11,13589,13574,13659,13626,13603,13422,13663,13643,13747,13686,13161,12685,12638,12513,12430,12493,12505,12425,12498,12563,12528,12414,12165,12005,12206,12251,12045,12059,12316,12301,12335,12251,12378,12510,12680,12750,12644,12599,12578,12559,12590,12567,12511,12510,12420,12472,12607,12532,,
WRK,WRK0331,HAWK,tehuka,Geo,Geo,2026-07-12,12515,12523,12499,12510,12529,12535,12559,12591,12534,12537,12496,12530,12541,12562,12555,12583,12544,12555,12517,12531,12343,12514,12529,12504,12552,12526,12436,12515,12523,12513,12567,12500,12527,12618,12696,12684,12697,12632,12537,12581,12531,12574,12577,12539,12585,12588,12549,12597,,
WRK,WRK0331,HAWK,tehuka,Geo,Geo,2026-07-13,12587,12540,12560,12573,12605,12660,12538,12538,12565,12537,12551,12568,12664,12615,12629,12601,12651,12559,12543,12565,12392,12315,12372,12492,12498,12523,12535,12468,12478,12497,12437,12501,12573,12535,12495,12561,12548,12597,12578,12590,12438,12504,12560,12546,12543,12553,12520,12467,,
WRK,WRK0331,HAWK,tehuka,Geo,Geo,2026-07-14,12538,12514,12552,12422,12498,12316,12516,12329,12519,12536,12575,12544,12501,12458,12330,12385,12468,12557,12440,12450,12354,12314,12232,12201,12163,12100,12105,12167,12152,12218,12167,12108,12214,12292,12458,12413,12279,12302,12426,12415,12464,12538,12398,12716,12596,12471,12501,12559,,
WRK,WRK0331,HAWK,tehuka,Geo,Geo,2026-07-15,12551,12531,12602,12498,12593,12490,12583,12550,12488,12475,12560,12543,12589,12573,12555,12597,12488,12464,12419,12339,12515,12464,12483,12302,12175,12178,12101,11928,12075,12227,12009,11923,11933,12191,12356,12480,12559,12465,12366,12444,12575,12537,12508,12451,12523,12517,12490,12572,,
WRK,WRK0331,HAWK,tehuka,Geo,Geo,2026-07-16,12585,12514,12470,12313,12796,12617,12555,12597,12579,12542,12544,12484,12432,12591,12459,12380,12662,12556,12352,12211,12239,12028,12069,11942,12070,11967,11997,12074,12196,12269,12335,12276,12228,12280,12416,12377,12362,12362,12235,12420,12348,12401,12198,12368,12357,12269,12251,12366,,
WRK,WRK0331,HAWK,tehuka,Geo,Geo,2026-07-17,12557,12661,12445,12309,12336,12318,12513,12431,12405,12377,12367,12336,12338,12397,12289,12331,12411,12360,12361,12342,12428,12213,12381,12082,12056,12099,12139,12162,11991,12107,12224,12329,12441,12375,12397,12707,12434,12578,12526,12229,12491,12530,12491,12393,12217,12192,12300,12354,,
WRK,WRK0331,HAWK,tehuka,Geo,Geo,2026-07-18,12349,12647,12534,12489,12399,12506,12422,12404,12565,12353,12208,12391,12566,12529,12385,12633,12680,12175,12225,12276,12261,12056,12039,12249,12205,12095,12175,12162,12098,12136,12003,12078,12268,12315,12255,12511,12501,12436,12518,12418,12229,12540,12430,12300,12215,12497,12769,12600,,
WRK,WRK0331,HAWK,tehuka,Geo,Geo,2026-07-19,12316,12274,12519,12579,12490,12487,12439,12527,12572,12527,12266,12249,12307,12425,12522,12620,12453,12507,12292,12277,12010,12077,12145,12099,11955,12007,12014,11839,11960,11995,11979,11940,11995,12188,12196,12066,11920,11941,12201,12425,12597,12372,12535,12600,12476,12563,12482,12545,,
WRK,WRK0331,HAWK,tehuka,Geo,Geo,2026-07-20,12415,12530,12626,12565,12630,12469,12535,12478,12621,12527,12552,12549,12474,12522,12464,12466,12361,12505,12414,12502,12340,12383,12372,12148,11984,12291,12061,12225,12071,12218,11871,12162,12108,12406,12644,12573,12623,12587,12547,12558,12585,12554,12521,12620,12526,12348,12550,12545,,
WRK,WRK0331,HAWK,tehuka,Geo,Geo,2026-07-21,12534,12525,12459,12548,12524,12571,12722,12640,12569,12582,12633,12556,12590,12540,12542,12568,12531,12553,12192,12195,12275,12377,12487,12464,12168,12005,12211,12183,11965,11914,12025,12111,12150,12303,12312,12628,12717,12619,12309,12488,12495,12571,12399,12602,12698,12603,12599,12531,,
WRK,WRK0331,HAWK,tehuka,Geo,Geo,2026-07-22,12459,12392,12568,12505,12441,12422,12526,12388,12542,12460,12482,12390,12417,12382,12526,12648,12393,12289,12265,12327,12226,12087,12236,12123,12042,12063,12067,11910,11967,11953,11976,11928,12067,12184,12241,12160,12256,12371,12557,12741,12652,12479,12568,12505,12461,12391,12488,12526,,
WRK,WRK0331,HAWK,tehuka,Geo,Geo,2026-07-23,12601,12447,12500,12475,12522,12494,12481,12555,12511,12478,12496,12498,12597,12550,12380,12634,12471,12259,12315,12348,12378,12243,12298,12435,12251,12344,12253,12247,12282,12206,12105,12237,12606,12611,12549,12431,12466,12458,12375,12269,12237,12349,12396,12404,12379,12426,12563,12484,,
WRK,WRK0331,HAWK,tehuka,Geo,Geo,2026-07-24,12358,12456,12529,12518,12562,12484,12537,12480,12547,12500,12525,12542,12471,12489,12338,12432,12510,12299,12329,12267,12424,12511,12521,12390,12263,12275,12165,12071,12170,12173,12263,12210,12244,12335,12306,12261,12236,12229,12205,12297,12249,12241,12705,12617,12410,12304,12124,12272,,
WRK,WRK0331,HAWK,tehuka,Geo,Geo,2026-07-25,12537,12424,12330,12457,12434,12500,12418,12378,12384,12436,12515,12481,12516,12506,12463,12390,12526,12340,12580,12456,12469,12460,12550,12430,12329,12336,12230,12244,12168,12392,12316,12272,12266,12304,12391,12437,12428,12576,12493,12468,12438,12470,12431,12480,12717,12563,12375,12541,,
WRK,WRK0331,HAWK,tehuka,Geo,Geo,2026-07-26,12499,12548,12393,12691,12633,12530,12582,12344,12280,12499,12292,12226,12487,12690,12716,12488,12466,12376,12422,12499,12209,12355,12440,12644,12527,12437,12351,12249,12352,12217,12207,12230,12296,12198,12166,12344,12901,12598,12616,12383,12433,12490,12418,12470,12322,12470,12469,12641,,
WRK,WRK0331,HAWK,tehuka,Geo,Geo,2026-07-27,12492,12457,12592,12543,12551,12452,12789,12517,12261,12654,12735,12647,12285,12340,12462,12245,12284,12339,12462,12374,12397,12341,12299,12333,12354,12345,12469,12323,12252,12299,12230,12280,12372,12479,12703,12687,12531,12577,12545,12691,12573,12479,12294,12578,12592,12484,12494,12584,,
WRK,WRK0331,HAWK,tehuka,Geo,Geo,2026-07-28,12448,12317,12944,12775,12551,12350,12382,12668,12736,12561,12600,12447,12504,12543,12424,12367,12630,12457,12310,12314,12353,12371,12315,12248,12133,12409,12255,12224,11997,12133,12124,12106,12070,12334,12369,12452,12488,12604,12683,12608,12352,12535,12476,12219,12386,12473,12660,12897,,
WRK,WRK0331,HAWK,tehuka,Geo,Geo,2026-07-29,12859,12611,12645,12504,12457,12555,12569,12460,12521,12456,12579,12573,12528,12465,12350,12881,12553,12547,12291,12326,12275,12321,12400,12277,12337,12399,12432,12490,12413,12245,12183,12228,12219,12263,12383,12483,12539,12561,12583,12550,12561,12529,12690,12440,12669,12525,12544,12435,,
WRK,WRK0331,HAWK,tehuka,Geo,Geo,2026-07-30,12516,12445,12493,12558,12627,12518,12540,12473,12578,12856,12526,12520,12582,12571,12492,12496,12469,12444,12586,12411,12394,12330,12414,12202,12309,12291,12177,12296,12311,11897,11921,11995,12096,12144,12184,12247,12269,12321,12383,12477,12444,12398,12400,12379,12440,12472,12507,12502,,
WRK,WRK0331,HAWK,tehuka,Geo,Geo,2026-07-31,12312,12416,12415,12408,12316,12295,12452,12513,12337,12317,12369,12515,12475,12298,12562,12473,12303,12237,12305,12123,12092,12151,12033,11838,12008,12075,11462,11542,11460,11799,12067,12039,12192,12361,12418,12522,12507,12511,12583,12446,12361,12487,12510,12512,12422,12453,12521,12464,,
WRK,WRK2201,CTCT,wairakei,Geo,Geo,2026-07-01,64169,64151,64144,64178,64152,64212,64360,64569,64503,64403,64320,64197,64149,64111,64118,64114,64145,64284,64518,64579,64479,64312,64101,63954,63776,63593,63501,63421,59175,63223,63739,63612,63497,63471,63867,63953,64006,64090,64045,64251,64503,64537,64464,64350,64343,64198,64184,64179,,
WRK,WRK2201,CTCT,wairakei,Geo,Geo,2026-07-02,64212,64199,64275,64458,64537,64555,64419,64351,64246,64226,64224,64293,64279,64290,64479,64433,64394,64287,64119,63964,63892,63819,63709,63782,63666,63757,63990,63986,63557,63758,63837,63895,64006,64090,64147,64178,64393,64603,64590,64560,64402,64350,64324,64441,64636,64586,64625,64831,,
WRK,WRK2201,CTCT,wairakei,Geo,Geo,2026-07-03,64822,64738,64652,64522,64441,64444,64437,64485,64450,64479,64625,64800,64809,64695,64622,64443,64218,64130,64219,64293,64320,64642,64727,64680,64438,64211,64094,63881,63790,63860,63889,63855,64235,64532,64734,64646,64615,64565,64552,64591,64616,64592,64605,64649,64916,64857,64832,64720,,
WRK,WRK2201,CTCT,wairakei,Geo,Geo,2026-07-04,64668,64584,64606,64570,64594,64643,64729,64821,64852,64892,64838,64652,64602,64579,64604,64616,64568,64568,64821,64998,64900,64652,64439,64213,64003,63919,63936,63926,63934,64039,64174,64061,63975,63939,63928,63976,64216,64296,64377,64407,64545,64706,64659,64424,64158,63925,63830,63810,,
WRK,WRK2201,CTCT,wairakei,Geo,Geo,2026-07-05,63838,63797,63827,63916,64058,64005,63903,63788,63649,63528,63407,63466,63509,63502,63758,63984,63945,63793,63741,63599,63573,63675,63467,63271,63014,63379,63367,63456,63417,63250,63091,63114,63369,63404,63532,63745,63987,64268,64441,64442,64357,64228,64065,63811,63880,63899,63998,64148,,
WRK,WRK2201,CTCT,wairakei,Geo,Geo,2026-07-06,64278,64276,64229,64044,63960,63809,63653,63620,63577,63542,63582,63801,63915,63862,62567,62474,63660,63546,63537,63651,58561,60638,63590,63648,63573,63524,63474,63424,63330,63270,63389,63462,63447,63631,63833,63814,63826,63929,63791,63770,63909,64051,64112,64125,64084,64295,64376,64362,,
WRK,WRK2201,CTCT,wairakei,Geo,Geo,2026-07-07,64464,64351,64357,64284,64334,64285,64486,64661,64876,64967,64799,64703,64508,64449,64469,64559,64488,64336,64380,64495,64324,64049,63968,63822,63598,63588,63539,63540,63196,63614,63799,63887,63996,64031,63993,63862,63860,63810,63831,63926,63856,63900,64038,64037,64103,63900,63939,63811,,
WRK,WRK2201,CTCT,wairakei,Geo,Geo,2026-07-08,63878,64005,63923,64175,64413,64622,64788,64760,64671,64570,64538,64546,64578,64573,64558,64607,64652,64565,64193,63773,63354,63230,63112,62990,62944,62909,63031,63156,63088,63130,63055,62985,62983,63118,63758,64023,64066,64159,64371,64441,64404,64481,64385,64148,63994,63851,63769,63736,,
WRK,WRK2201,CTCT,wairakei,Geo,Geo,2026-07-09,63873,63786,63896,64024,64139,64199,64070,64013,63532,63645,63660,63751,63860,64176,64155,64128,63814,63760,63647,63317,62888,62920,62909,62943,63123,63059,62927,62937,62861,62931,63203,63364,63311,63659,63648,63748,63641,63489,63510,63761,63718,63551,63504,63630,63759,63844,64063,64145,,
WRK,WRK2201,CTCT,wairakei,Geo,Geo,2026-07-10,64105,64104,63952,63877,63962,64036,63975,64193,64306,64633,64906,64977,64442,63949,63860,63662,63607,63618,63479,63505,63622,63630,63633,63553,63300,63250,63134,63127,63320,63237,63589,63553,63941,63894,64063,64109,63959,63844,63912,63927,63939,64027,64026,64221,64383,64424,64281,64123,,
WRK,WRK2201,CTCT,wairakei,Geo,Geo,2026-07-11,64129,64128,64435,64402,64557,64740,65014,65104,64941,64771,64511,64551,64548,64592,64594,64606,64636,64775,64617,64245,64002,63958,63856,63846,63772,63542,63444,63539,63774,63860,63934,63754,63620,63523,63655,63931,64079,64338,64498,64727,64797,64790,64723,64535,64468,64439,64471,64494,,
WRK,WRK2201,CTCT,wairakei,Geo,Geo,2026-07-12,64554,64625,64822,64916,64909,64809,64638,64583,64644,64614,64605,64624,64669,64855,64970,64861,64929,65247,65245,65228,65176,65620,65563,65400,65286,65317,65410,65478,65365,65086,64840,64885,64947,64962,65271,65543,65694,65875,66127,66154,66036,65920,65816,65775,65791,65754,65779,65799,,
WRK,WRK2201,CTCT,wairakei,Geo,Geo,2026-07-13,65794,66050,66556,66483,66374,66273,66134,66065,66129,66107,66147,66152,66221,66412,66486,66455,66241,66057,66014,66013,65830,65714,65569,65548,65623,65140,65803,65651,65449,65278,65161,65145,65180,65179,65375,65476,65559,65690,65746,65769,65851,65768,65752,65749,65648,65720,65541,65395,,
WRK,WRK2201,CTCT,wairakei,Geo,Geo,2026-07-14,65527,65672,65688,65590,65459,65330,65266,65192,65233,65192,65247,65339,65666,65638,65699,62561,58770,57542,57596,57605,57607,57630,57593,57528,57774,57986,57914,57796,57663,56966,56859,56871,56916,56970,57662,60595,60940,61007,61034,60919,60823,60898,60958,61002,61042,61074,61095,61200,,
WRK,WRK2201,CTCT,wairakei,Geo,Geo,2026-07-15,61375,61410,61363,61220,61019,61018,61081,60978,61046,61094,61154,61344,61347,61426,61301,61189,60984,60911,60878,60798,60605,60515,60763,60952,60987,60855,60767,60590,60760,63904,64132,64316,64123,64425,64998,65380,65522,65555,65520,65523,65440,65486,65587,65694,65692,65765,65844,65995,,
WRK,WRK2201,CTCT,wairakei,Geo,Geo,2026-07-16,66070,66015,65909,65859,65711,65753,65684,65574,65453,65578,65807,65868,65732,65715,65664,65558,65390,65477,65459,65410,65237,65207,60275,63450,64249,63930,63770,63849,63806,63942,64210,64113,64357,64602,65194,65130,64893,64596,64301,64743,64996,65041,65101,65274,65397,65523,65664,65601,,
WRK,WRK2201,CTCT,wairakei,Geo,Geo,2026-07-17,65423,65312,64973,65043,65169,65240,65410,65715,65916,66131,66146,66068,66039,65881,65670,65597,65427,65320,65013,64791,64677,64776,64697,64637,64439,64164,64117,64107,64086,64037,64206,64344,64579,64758,65061,65075,64955,64933,65137,65129,65447,65358,65495,65642,65850,65950,65825,65675,,
WRK,WRK2201,CTCT,wairakei,Geo,Geo,2026-07-18,65519,65353,65068,64807,64790,64664,64701,64776,65004,65059,64945,64837,64773,63447,62732,62748,62743,62667,62593,62428,62373,62176,62180,64311,64164,64064,63938,64148,64169,64069,64044,64292,64540,64512,64593,64839,64803,64879,64673,64775,64966,65026,65209,65200,65565,65560,65515,65087,,
WRK,WRK2201,CTCT,wairakei,Geo,Geo,2026-07-19,65250,65322,65386,65213,65147,65205,65076,65186,65111,65053,65023,64733,64624,64481,64632,65064,65164,64656,64712,64845,64780,64575,64440,64216,64184,64093,64041,63952,63980,64012,64134,64262,64578,64582,64761,64696,64873,65094,65241,65341,65330,65404,65629,65913,65959,65837,65743,65654,,
WRK,WRK2201,CTCT,wairakei,Geo,Geo,2026-07-20,65656,65674,65699,65722,65661,65746,65909,65996,65913,65749,60750,60175,60147,60211,60261,60468,60602,60472,60967,61401,61266,61041,60514,60493,60715,60713,60489,60499,60773,60861,60948,61125,61043,61041,61078,61049,61078,60977,61081,61075,60865,61177,61501,61516,61576,61484,61425,61369,,
WRK,WRK2201,CTCT,wairakei,Geo,Geo,2026-07-21,61303,61323,61353,61396,61205,61403,61639,61642,61776,61671,61597,61553,61634,61565,61413,60904,61029,61168,61667,61696,61318,60962,60774,60691,60540,60389,60365,60193,60140,60600,60648,60599,60500,60624,61097,61137,61313,61367,61425,61620,61752,61889,62082,62042,61931,61923,61881,61865,,
WRK,WRK2201,CTCT,wairakei,Geo,Geo,2026-07-22,61877,61858,61853,61920,62060,62220,62246,62128,62144,61940,61898,61924,61861,61783,61893,61928,62009,62198,62113,61855,61510,61081,60972,60817,60680,60537,60410,60444,60593,60682,60642,60549,60514,60440,64661,65315,65588,65732,65823,66085,66281,66411,66267,66071,65983,65997,65978,66040,,
WRK,WRK2201,CTCT,wairakei,Geo,Geo,2026-07-23,66088,66062,66087,66223,66333,66342,66324,66246,66151,66113,66153,66188,66175,66238,66343,66492,66544,66367,66248,65996,65809,65664,65603,65494,65399,65259,65022,65746,65722,65516,65334,65190,65165,65218,65222,65376,65579,65764,65972,65971,65684,65548,65490,65452,65416,65456,65565,65496,,
WRK,WRK2201,CTCT,wairakei,Geo,Geo,2026-07-24,65636,65673,65827,65887,65925,65847,65630,65627,65477,65538,65626,65590,65743,65989,66206,66120,66111,65954,65670,65325,65236,65187,65204,65194,65336,65469,65272,65218,65075,64969,64909,64907,64859,64881,64901,64865,65092,65131,65082,65027,64885,64689,64784,65047,65076,65187,65290,65509,,
WRK,WRK2201,CTCT,wairakei,Geo,Geo,2026-07-25,65589,65509,65429,65305,65125,65191,65315,65422,65438,65427,65416,65615,65798,65665,65760,65452,65179,65125,65452,65212,65211,64972,65146,65329,65345,65096,64986,64658,64181,54621,53391,63570,63983,64022,64286,64425,64477,64467,64094,63824,63932,63911,63623,63201,63295,63549,63824,64332,,
WRK,WRK2201,CTCT,wairakei,Geo,Geo,2026-07-26,64111,64169,64181,64037,64030,64205,64251,64259,64317,64385,64654,64793,64807,64648,64530,64401,64370,64236,64182,64196,64124,64211,64186,64164,64062,63936,63748,63664,63662,63712,63572,63771,63920,64140,64362,64232,64197,64028,63969,64144,64309,64325,64261,64326,64416,64739,64724,64617,,
WRK,WRK2201,CTCT,wairakei,Geo,Geo,2026-07-27,64528,64372,64285,64274,64321,64316,64330,64316,64495,64672,64742,64573,64473,64335,64300,64283,64225,64157,63825,64131,64236,64027,63674,63569,63378,63285,61917,61602,61564,61546,61937,61935,62244,62608,62782,63837,63945,63787,63838,63862,63848,63886,63982,64135,64333,64330,64238,64144,,
WRK,WRK2201,CTCT,wairakei,Geo,Geo,2026-07-28,63974,63894,63837,63889,63971,63939,64008,64174,64397,64388,64248,64081,63904,63848,63823,63832,63787,63867,63820,63965,63909,63761,63564,63210,62994,62945,62934,62863,62771,62788,62926,63017,63236,63349,63345,63229,63111,63248,63378,63464,63418,63498,63541,63816,64024,63983,63896,63771,,
WRK,WRK2201,CTCT,wairakei,Geo,Geo,2026-07-29,63709,63691,63690,63845,63929,63907,64111,64350,64374,64239,64150,64040,63953,63984,63973,63953,63958,64006,64123,64287,64180,63909,63493,63151,63029,62966,62940,62937,63017,62964,63173,63220,63258,63295,63306,63502,63597,63650,63750,63774,63849,63979,64166,64498,64722,64530,64354,64183,,
WRK,WRK2201,CTCT,wairakei,Geo,Geo,2026-07-30,64220,64144,64210,64263,64331,64424,64618,64659,64610,64669,64527,64332,64122,64260,64268,64240,64267,61827,55643,59354,60198,59872,60989,62797,63375,63309,63279,63211,63009,63159,63372,63469,63373,63300,63210,63250,63372,63393,63401,63405,63524,63578,63730,63743,63654,63562,63305,63249,,
WRK,WRK2201,CTCT,wairakei,Geo,Geo,2026-07-31,63154,63129,63243,63272,63337,63452,63486,63577,63639,63542,63587,63520,63709,63664,63870,63917,60601,59788,59502,59415,59401,59273,59230,59103,59200,59021,59050,59010,59200,59846,59885,60973,61012,61146,61745,64311,64941,64905,65137,65525,65614,65765,66436,66344,66315,66097,66071,66128,,
WTK,WTK0111,MERI,waitaki,Hydro,Hydro,2026-07-01,33485,32614,32720,32604,32646,32627,32666,32645,32627,32588,32721,32453,32761,32581,32570,32564,32535,32692,33108,32949,32661,32792,32562,32652,32202,32467,32546,33455,33477,33492,32643,32345,33077,32619,32707,32486,32665,32603,32683,32638,32589,32739,32711,32565,32672,32638,32672,32643,,
WTK,WTK0111,MERI,waitaki,Hydro,Hydro,2026-07-02,35185,35163,35048,37047,37042,37097,37075,37089,37141,37025,36978,36972,37399,37141,37254,37024,37057,37060,37320,37090,37140,37062,37148,37267,37236,37351,37126,37202,37229,37269,37232,37286,37255,37191,37297,37123,37313,37207,37149,37090,37075,37131,37077,37002,37188,37139,36973,37178,,
WTK,WTK0111,MERI,waitaki,Hydro,Hydro,2026-07-03,36686,36090,35166,34110,33203,32159,31242,30198,29198,28180,28139,28186,28333,28362,28307,28265,28296,28303,29255,29754,29639,29692,29699,29393,29636,29638,29838,29773,29623,29788,29756,29713,29823,29724,29748,29545,29780,29801,29786,29802,29755,29777,29794,29556,29672,29576,29713,29247,,
WTK,WTK0111,MERI,waitaki,Hydro,Hydro,2026-07-04,29103,28778,27859,26896,25812,24743,23811,22793,21819,20741,20040,18743,17776,17779,17762,17770,17754,17821,17663,17855,17787,17771,17797,17772,17788,17782,17773,17786,17766,17790,17762,17760,17863,17758,17787,17681,17832,17746,17773,17841,17789,17755,17809,17793,17763,17771,17831,17723,,
WTK,WTK0111,MERI,waitaki,Hydro,Hydro,2026-07-05,19070,19338,19247,19273,19244,19247,19227,19241,19351,19261,19231,19188,19284,19363,19238,19349,19287,19342,19317,19326,19304,19320,19356,19267,19351,19366,19282,19362,19307,19289,19394,19295,19243,19306,19185,19214,19236,19271,19228,19249,19279,19328,19776,19717,19675,19771,19767,19764,,
WTK,WTK0111,MERI,waitaki,Hydro,Hydro,2026-07-06,21920,22241,22252,22190,22233,22201,22206,22196,22234,22198,22856,23199,23310,23171,23118,23201,23335,23355,23303,23337,23227,23183,23322,23121,23205,23319,23244,23206,23206,25546,25792,27091,27286,27101,27244,27182,27186,27224,27298,27078,27139,27166,27224,27242,27365,27139,27172,27140,,
WTK,WTK0111,MERI,waitaki,Hydro,Hydro,2026-07-07,29644,29610,31535,32107,32834,34080,34117,34233,34171,34014,34192,34156,33928,34092,34634,34309,34051,34160,34082,34108,34116,34097,34095,34137,34161,34214,34047,34147,34229,34128,34092,34320,34323,34141,34344,33979,34063,34188,34138,34758,34839,34296,34891,34310,34143,34149,34095,34214,,
WTK,WTK0111,MERI,waitaki,Hydro,Hydro,2026-07-08,36377,36666,38943,39106,41562,41601,41503,41584,41605,41627,41554,41547,41898,41428,41715,41620,41060,41606,42157,41547,41540,41681,41572,41778,41675,41765,40723,39753,39912,39674,39721,38845,38385,38324,38401,36781,36242,35246,34358,32533,31762,31804,31724,30759,29142,28216,27240,25880,,
WTK,WTK0111,MERI,waitaki,Hydro,Hydro,2026-07-09,25655,24904,23737,22814,22760,22271,22205,22226,22204,22246,22243,22230,22304,22083,22290,22370,22208,22417,22450,22364,22260,22323,22333,22356,22252,22262,22361,22284,22375,22334,22316,22285,22374,22225,22275,22131,22192,22197,22234,22236,22272,22330,22413,22271,22054,22318,22102,22316,,
WTK,WTK0111,MERI,waitaki,Hydro,Hydro,2026-07-10,24133,24065,24047,23999,24008,23976,23948,23996,23956,23977,23945,23940,23915,23877,23947,23897,23968,23911,23841,22952,22476,22007,22014,21954,21957,21863,21894,21800,21942,21927,21907,23314,22629,21908,21916,22028,23030,23091,23141,23152,23176,23145,23197,23210,24565,24558,26415,27195,,
WTK,WTK0111,MERI,waitaki,Hydro,Hydro,2026-07-11,29499,30917,31762,33252,35814,36617,38384,39206,41485,43760,43697,43952,44104,46734,47868,49298,49292,49391,49500,49611,49780,49838,49893,49689,48325,47502,47555,47604,37146,29769,29634,30105,32106,34205,45532,50302,50717,50569,50567,50555,48589,47693,44900,42508,39020,37665,36246,34731,,
WTK,WTK0111,MERI,waitaki,Hydro,Hydro,2026-07-12,33692,33671,33687,33654,35079,35161,35146,35117,35119,35205,37249,38594,40244,43884,47420,48918,48955,48972,48867,49117,49320,49277,49277,49230,49263,49337,48921,49088,49085,48978,49144,49058,49186,49185,49159,49006,47880,46092,44321,42194,40468,38216,36720,34295,32684,30235,27999,25374,,
WTK,WTK0111,MERI,waitaki,Hydro,Hydro,2026-07-13,22548,20048,19782,19337,19338,18867,18768,18802,18829,18899,18771,18753,18910,18804,18862,18726,18794,18640,18686,18737,18775,18856,18795,18763,18729,18808,18782,18744,18774,18741,18843,18723,18744,18850,18760,18707,18754,18757,18761,18762,18777,18728,18835,18771,18728,18802,18732,18780,,
WTK,WTK0111,MERI,waitaki,Hydro,Hydro,2026-07-14,21119,21248,21211,22809,23130,23290,23346,23196,23222,23227,23236,23275,23387,23253,22512,22379,22216,22372,22404,22330,22365,22260,22420,22213,22272,22229,22166,22390,22310,22153,24438,24711,27055,27899,28807,28714,28788,28760,28740,28856,28805,28710,28836,28710,28595,28597,28739,28697,,
WTK,WTK0111,MERI,waitaki,Hydro,Hydro,2026-07-15,31037,31314,31063,33446,33704,36199,36145,37024,37228,37127,37076,37127,37280,36966,37169,36963,37018,37091,37190,37120,37134,36225,35174,34342,33188,33147,33174,33192,33240,32997,33312,33133,32971,33179,33307,32911,33146,33218,33213,33171,33204,33277,33317,33172,33318,33067,33419,33237,,
WTK,WTK0111,MERI,waitaki,Hydro,Hydro,2026-07-16,35424,35620,35584,36915,37169,37024,37167,37044,37157,37021,37124,37028,37097,36930,36903,37022,36943,36720,37203,37556,37179,37134,37244,37099,37188,36931,37047,37277,37348,37224,36947,37334,37311,37305,37144,37205,37044,37101,37127,37110,37085,37092,37093,37287,36663,37239,37373,37256,,
WTK,WTK0111,MERI,waitaki,Hydro,Hydro,2026-07-17,37218,36999,37051,37082,37078,37149,37065,37067,37199,36943,37185,36988,36837,37018,36975,36827,37114,37106,37117,37164,37177,37256,37221,37186,37214,37234,37216,37250,37340,37251,37248,37188,37070,37218,37038,37171,37043,37058,37153,37205,37219,37226,37279,37131,37143,37113,37157,37142,,
WTK,WTK0111,MERI,waitaki,Hydro,Hydro,2026-07-18,36214,36045,34986,34256,33182,32170,31098,30200,29752,29741,29672,29671,29702,29733,29880,29764,29705,29688,29679,29583,29733,29686,29635,29843,29592,29742,29736,29710,29688,29677,29600,29968,30233,29804,29596,29632,29662,29814,29835,29837,29856,29748,29715,29714,29695,29585,29793,29447,,
WTK,WTK0111,MERI,waitaki,Hydro,Hydro,2026-07-19,29669,29850,29892,29612,29636,29644,29630,29535,29760,29683,29678,29715,29812,29572,29661,29739,29703,29596,29708,29689,29667,29676,29681,29688,29750,29708,29772,29653,29747,29863,29800,29886,29742,29704,29741,29733,29590,29613,29673,29693,29678,29737,29769,29627,29725,29598,29495,29790,,
WTK,WTK0111,MERI,waitaki,Hydro,Hydro,2026-07-20,32138,32265,32232,34671,34740,37193,37169,39038,39668,40737,40760,40640,40831,40473,40505,40564,40638,40614,40490,40830,40702,40826,40790,40922,40722,40705,40849,40778,40874,40735,40978,40607,40579,40861,40471,40705,40560,40608,40609,40547,40718,41155,43654,43129,44834,44289,43563,42583,,
WTK,WTK0111,MERI,waitaki,Hydro,Hydro,2026-07-21,41359,41270,40882,40787,40792,40830,40779,40753,40844,40808,40896,40534,40904,40326,40603,40515,40541,40694,40604,40674,40617,40584,40700,40671,40819,40835,40804,40871,40685,40874,40772,40775,40887,40791,40808,40778,41577,43174,43301,45342,45028,47256,47303,47293,47200,47109,47111,47031,,
WTK,WTK0111,MERI,waitaki,Hydro,Hydro,2026-07-22,47149,47010,47457,46770,47107,46887,47005,47284,46858,47043,47285,46949,46003,44693,44085,42987,42556,42255,42161,42278,42314,42236,42307,42169,42251,42108,42191,42228,42161,42093,42386,42034,42117,42209,42356,42158,42003,42087,42130,42056,44174,47138,46990,46795,45335,44354,44397,43584,,
WTK,WTK0111,MERI,waitaki,Hydro,Hydro,2026-07-23,42342,42167,41186,40218,39754,38215,37461,37141,37198,37158,37151,37149,37048,37143,37120,36867,37086,37155,36503,36316,34610,33530,32915,32605,32648,32788,32781,32695,32815,32596,32894,32499,32628,32920,32858,32517,32785,32657,32800,32661,32761,32705,32779,32873,32661,32775,32966,32650,,
WTK,WTK0111,MERI,waitaki,Hydro,Hydro,2026-07-24,31918,31694,30831,29753,28597,28294,28221,28136,28265,28201,28300,28302,28260,28321,27986,28079,28230,28301,28431,28351,28356,28263,28381,28281,28187,28260,28234,28338,28363,28442,28475,28102,28086,28351,28159,28333,28285,28202,28213,28255,28201,28279,28331,28400,28358,28198,28231,28256,,
WTK,WTK0111,MERI,waitaki,Hydro,Hydro,2026-07-25,30557,30785,30596,33205,33181,35231,35575,37854,38125,40172,40177,40172,40727,39569,40589,39822,40431,40100,40143,40085,40176,39975,39959,40207,40030,40302,40141,40086,40109,40160,40083,40341,40117,40111,40254,40073,39837,39956,40237,40390,40169,40136,40294,39953,40104,40225,40167,40318,,
WTK,WTK0111,MERI,waitaki,Hydro,Hydro,2026-07-26,39232,39754,38630,37789,37243,37018,37114,37113,37103,37087,37117,37105,37169,36919,37018,37083,36977,37041,37025,36981,37089,37066,37864,37648,37630,38114,38229,38063,38114,38068,38183,38188,38043,38405,37145,37946,38029,37180,37177,37147,37270,37133,37277,37316,35904,34602,33693,33253,,
WTK,WTK0111,MERI,waitaki,Hydro,Hydro,2026-07-27,32205,31362,29975,29360,28207,28222,28201,28203,28174,28143,28235,28280,28339,28123,28502,27853,29714,30777,33022,33281,35287,35618,37415,38189,40633,40629,41602,42242,42328,42202,42344,42165,42063,42253,42361,42035,43475,44630,44602,44608,44582,43962,43541,42596,42129,42200,42216,42560,,
WTK,WTK0111,MERI,waitaki,Hydro,Hydro,2026-07-28,43647,43676,43700,43614,43545,43568,43718,43597,43575,43420,43486,43562,43949,43767,43504,43486,43596,43838,43808,43772,43560,43685,43785,43705,43729,43812,43596,43729,43749,43792,43776,43696,43673,43660,43634,43861,43527,43641,43710,43772,44974,46511,48640,49376,47760,46687,45212,43810,,
WTK,WTK0111,MERI,waitaki,Hydro,Hydro,2026-07-29,42326,41667,40651,40603,40670,40644,40561,40589,40688,40455,40703,40847,41011,40360,40765,40465,40589,40802,40489,40851,40544,40677,40552,40589,40758,40725,40844,40823,40793,40919,41275,40232,40843,40579,40574,40679,40623,40506,40711,40612,40622,40584,40635,40546,40700,40728,40572,40702,,
WTK,WTK0111,MERI,waitaki,Hydro,Hydro,2026-07-30,39383,38880,37898,36552,36317,36139,36184,36208,36084,36060,36288,36299,36742,35644,36332,35972,35971,36353,36268,35962,36388,36123,36040,36331,36533,36292,36444,36335,36411,36184,36210,36423,36287,36406,36386,36192,36314,36392,36293,36325,36348,36227,36324,36146,36227,36223,36174,36314,,
WTK,WTK0111,MERI,waitaki,Hydro,Hydro,2026-07-31,35107,37111,36199,35169,34161,33078,32271,31186,30016,29299,29033,29227,28760,28839,28812,28757,29027,29136,29304,29376,29292,29288,29203,29114,29139,29317,29144,29279,29028,29427,29236,29099,29214,29248,29232,29067,29232,29271,29278,29336,29264,28449,27327,26198,25441,24311,23112,23517,,
WTK,WTK0111,WATA,waitaki,Hydro,Hydro,2026-07-01,0,0,0,0,0,0,0,0,0,0,0,0,0,0,0,0,0,0,0,0,0,0,0,0,0,0,0,0,0,0,0,0,0,0,0,0,0,0,0,0,0,0,0,0,0,0,0,0,,
WTK,WTK0111,WATA,waitaki,Hydro,Hydro,2026-07-02,0,0,0,0,0,0,0,0,0,0,0,0,0,0,0,0,0,0,0,0,0,0,0,0,0,0,0,0,0,0,0,0,0,0,0,0,0,0,0,0,0,0,0,0,0,0,0,0,,
WTK,WTK0111,WATA,waitaki,Hydro,Hydro,2026-07-03,0,0,0,0,0,0,0,0,0,0,0,0,0,0,0,0,0,0,0,0,0,0,0,0,0,0,0,0,0,0,0,0,0,0,0,0,0,0,0,0,0,0,0,0,0,0,0,0,,
WTK,WTK0111,WATA,waitaki,Hydro,Hydro,2026-07-04,0,0,0,0,0,0,0,0,0,0,0,0,0,0,0,0,0,0,0,0,0,0,0,0,0,0,0,0,0,0,0,0,0,0,0,0,0,0,0,0,0,0,0,0,0,0,0,0,,
WTK,WTK0111,WATA,waitaki,Hydro,Hydro,2026-07-05,0,0,0,0,0,0,0,0,0,0,0,0,0,0,0,0,0,0,0,0,0,0,0,0,0,0,0,0,0,0,0,0,0,0,0,0,0,0,0,0,0,0,0,0,0,0,0,0,,
WTK,WTK0111,WATA,waitaki,Hydro,Hydro,2026-07-06,0,0,0,0,0,0,0,0,0,0,0,0,0,0,0,0,0,0,0,0,0,0,0,0,0,0,0,0,0,0,0,0,0,0,0,0,0,0,0,0,0,0,0,0,0,0,0,0,,
WTK,WTK0111,WATA,waitaki,Hydro,Hydro,2026-07-07,0,0,0,0,0,0,0,0,0,0,0,0,0,0,0,0,0,0,0,0,0,0,0,0,0,0,0,0,0,0,0,0,0,0,0,0,0,0,0,0,0,0,0,0,0,0,0,0,,
WTK,WTK0111,WATA,waitaki,Hydro,Hydro,2026-07-08,0,0,0,0,0,0,0,0,0,0,0,0,0,0,0,0,0,0,0,0,0,0,0,0,0,0,0,0,0,0,0,0,0,0,0,0,0,0,0,0,0,0,0,0,0,0,0,0,,
WTK,WTK0111,WATA,waitaki,Hydro,Hydro,2026-07-09,0,0,0,0,0,0,0,0,0,0,0,0,0,0,0,0,0,0,0,0,0,0,0,0,0,0,0,0,0,0,0,0,0,0,0,0,0,0,0,0,0,0,0,0,0,0,0,0,,
WTK,WTK0111,WATA,waitaki,Hydro,Hydro,2026-07-10,0,0,0,0,0,0,0,0,0,0,0,0,0,0,0,0,0,0,0,0,0,0,0,0,0,0,0,0,0,0,0,0,0,0,0,0,0,0,0,0,0,0,0,0,0,0,0,0,,
WTK,WTK0111,WATA,waitaki,Hydro,Hydro,2026-07-11,0,0,0,0,0,0,0,0,0,0,0,0,0,0,0,0,0,0,0,0,0,0,0,0,0,0,0,0,0,0,0,0,0,0,0,0,0,0,0,0,0,0,0,0,0,0,0,0,,
WTK,WTK0111,WATA,waitaki,Hydro,Hydro,2026-07-12,0,0,0,0,0,0,0,0,0,0,0,0,0,0,0,0,0,0,0,0,0,0,0,0,0,0,0,0,0,0,0,0,0,0,0,0,0,0,0,0,0,0,0,0,0,0,0,0,,
WTK,WTK0111,WATA,waitaki,Hydro,Hydro,2026-07-13,0,0,0,0,0,0,0,0,0,0,0,0,0,0,0,0,0,0,0,0,0,0,0,0,0,0,0,0,0,0,0,0,0,0,0,0,0,0,0,0,0,0,0,0,0,0,0,0,,
WTK,WTK0111,WATA,waitaki,Hydro,Hydro,2026-07-14,0,0,0,0,0,0,0,0,0,0,0,0,0,0,0,0,0,0,0,0,0,0,0,0,0,0,0,0,0,0,0,0,0,0,0,0,0,0,0,0,0,0,0,0,0,0,0,0,,
WTK,WTK0111,WATA,waitaki,Hydro,Hydro,2026-07-15,0,0,0,0,0,0,0,0,0,0,0,0,0,0,0,0,0,0,0,0,0,0,0,0,0,0,0,0,0,0,0,0,0,0,0,0,0,0,0,0,0,0,0,0,0,0,0,0,,
WTK,WTK0111,WATA,waitaki,Hydro,Hydro,2026-07-16,0,0,0,0,0,0,0,0,0,0,0,0,0,0,0,0,0,0,0,0,0,0,0,0,0,0,0,0,0,0,0,0,0,0,0,0,0,0,0,0,0,0,0,0,0,0,0,0,,
WTK,WTK0111,WATA,waitaki,Hydro,Hydro,2026-07-17,0,0,0,0,0,0,0,0,0,0,0,0,0,0,0,0,0,0,0,0,0,0,0,0,0,0,0,0,0,0,0,0,0,0,0,0,0,0,0,0,0,0,0,0,0,0,0,0,,
WTK,WTK0111,WATA,waitaki,Hydro,Hydro,2026-07-18,0,0,0,0,0,0,0,0,0,0,0,0,0,0,0,0,0,0,0,0,0,0,0,0,0,0,0,0,0,0,0,0,0,0,0,0,0,0,0,0,0,0,0,0,0,0,0,0,,
WTK,WTK0111,WATA,waitaki,Hydro,Hydro,2026-07-19,0,0,0,0,0,0,0,0,0,0,0,0,0,0,0,0,0,0,0,0,0,0,0,0,0,0,0,0,0,0,0,0,0,0,0,0,0,0,0,0,0,0,0,0,0,0,0,0,,
WTK,WTK0111,WATA,waitaki,Hydro,Hydro,2026-07-20,0,0,0,0,0,0,0,0,0,0,0,0,0,0,0,0,0,0,0,0,0,0,0,0,0,0,0,0,0,0,0,0,0,0,0,0,0,0,0,0,0,0,0,0,0,0,0,0,,
WTK,WTK0111,WATA,waitaki,Hydro,Hydro,2026-07-21,0,0,0,0,0,0,0,0,0,0,0,0,0,0,0,0,0,0,0,0,0,0,0,0,0,0,0,0,0,0,0,0,0,0,0,0,0,0,0,0,0,0,0,0,0,0,0,0,,
WTK,WTK0111,WATA,waitaki,Hydro,Hydro,2026-07-22,0,0,0,0,0,0,0,0,0,0,0,0,0,0,0,0,0,0,0,0,0,0,0,0,0,0,0,0,0,0,0,0,0,0,0,0,0,0,0,0,0,0,0,0,0,0,0,0,,
WTK,WTK0111,WATA,waitaki,Hydro,Hydro,2026-07-23,0,0,0,0,0,0,0,0,0,0,0,0,0,0,0,0,0,0,0,0,0,0,0,0,0,0,0,0,0,0,0,0,0,0,0,0,0,0,0,0,0,0,0,0,0,0,0,0,,
WTK,WTK0111,WATA,waitaki,Hydro,Hydro,2026-07-24,0,0,0,0,0,0,0,0,0,0,0,0,0,0,0,0,0,0,0,0,0,0,0,0,0,0,0,0,0,0,0,0,0,0,0,0,0,0,0,0,0,0,0,0,0,0,0,0,,
WTK,WTK0111,WATA,waitaki,Hydro,Hydro,2026-07-25,0,0,0,0,0,0,0,0,0,0,0,0,0,0,0,0,0,0,0,0,0,0,0,0,0,0,0,0,0,0,0,0,0,0,0,0,0,0,0,0,0,0,0,0,0,0,0,0,,
WTK,WTK0111,WATA,waitaki,Hydro,Hydro,2026-07-26,0,0,0,0,0,0,0,0,0,0,0,0,0,0,0,0,0,0,0,0,0,0,0,0,0,0,0,0,0,0,0,0,0,0,0,0,0,0,0,0,0,0,0,0,0,0,0,0,,
WTK,WTK0111,WATA,waitaki,Hydro,Hydro,2026-07-27,0,0,0,0,0,0,0,0,0,0,0,0,0,0,0,0,0,0,0,0,0,0,0,0,0,0,0,0,0,0,0,0,0,0,0,0,0,0,0,0,0,0,0,0,0,0,0,0,,
WTK,WTK0111,WATA,waitaki,Hydro,Hydro,2026-07-28,0,0,0,0,0,0,0,0,0,0,0,0,0,0,0,0,0,0,0,0,0,0,0,0,0,0,0,0,0,0,0,0,0,0,0,0,0,0,0,0,0,0,0,0,0,0,0,0,,
WTK,WTK0111,WATA,waitaki,Hydro,Hydro,2026-07-29,0,0,0,0,0,0,0,0,0,0,0,0,0,0,0,0,0,0,0,0,0,0,0,0,0,0,0,0,0,0,0,0,0,0,0,0,0,0,0,0,0,0,0,0,0,0,0,0,,
WTK,WTK0111,WATA,waitaki,Hydro,Hydro,2026-07-30,0,0,0,0,0,0,0,0,0,0,0,0,0,0,0,0,0,0,0,0,0,0,0,0,0,0,0,0,0,0,0,0,0,0,0,0,0,0,0,0,0,0,0,0,0,0,0,0,,
WTK,WTK0111,WATA,waitaki,Hydro,Hydro,2026-07-31,0,0,0,0,0,0,0,0,0,0,0,0,0,0,0,0,0,0,0,0,0,0,0,0,0,0,0,0,0,0,0,0,0,0,0,0,0,0,0,0,0,0,0,0,0,0,0,0,,
WVY,WVY1101,WPWF,waipipi,Wind,Wind,2026-07-01,3254,2794,3458,3668,2945,2502,1690,2804,3163,1623,717,716,1120,559,27,1,3,1,1,1,3,0,0,0,0,0,0,0,0,0,0,0,0,0,0,0,0,0,0,0,0,0,0,0,0,0,0,0,,
WVY,WVY1101,WPWF,waipipi,Wind,Wind,2026-07-02,0,0,1,45,27,17,343,1371,1485,2236,1845,2154,1664,1083,1481,1206,1020,1406,1640,2439,2875,3831,2114,804,547,1905,2948,3206,1799,85,49,227,8,3,2,1,2,36,82,948,2192,5024,7732,11281,15778,16132,14190,18075,,
WVY,WVY1101,WPWF,waipipi,Wind,Wind,2026-07-03,31276,28696,25370,23839,26455,22669,25546,27966,25908,27510,27576,25212,27284,25426,24219,21941,21580,22682,24448,23981,18125,14349,13666,12105,12963,9926,8556,6341,5511,5792,6083,6176,7347,8984,11543,14438,23381,28861,34210,39944,40100,39485,34956,30326,31453,36118,33796,40523,,
WVY,WVY1101,WPWF,waipipi,Wind,Wind,2026-07-04,38604,24698,10897,10654,19384,36933,47963,38887,35412,40284,40227,40007,43147,46181,55927,55134,53681,56561,46145,24327,21474,19515,20022,35255,41182,44660,54326,54515,44733,29257,40631,40986,36559,36863,29199,35311,46064,53602,57784,54285,57639,56281,44109,58543,61521,59234,57818,59392,,
WVY,WVY1101,WPWF,waipipi,Wind,Wind,2026-07-05,57078,52854,51526,55698,36466,16493,10392,9066,9014,4870,7343,8269,14232,16794,24652,24979,23165,22305,19488,22145,18096,18162,24400,18686,30001,20494,18852,14492,16010,2241,155,1730,2801,1736,2051,3418,2283,1923,633,64,45,1033,8282,10855,7501,7307,10909,16689,,
WVY,WVY1101,WPWF,waipipi,Wind,Wind,2026-07-06,27163,27995,24168,28795,30300,37804,41158,39845,47970,57058,58606,59866,62690,62734,62740,62754,62728,61854,62571,61911,62224,60873,60533,54702,46212,45115,26086,18419,25084,48669,56373,59445,54431,50714,46773,43304,38242,34595,31869,26133,16399,12600,14299,14759,16595,15381,9998,7565,,
WVY,WVY1101,WPWF,waipipi,Wind,Wind,2026-07-07,8243,7421,6008,7828,9580,9139,2559,3204,798,1721,809,2224,6150,6275,5908,3532,2914,12746,9218,10762,11011,8383,12214,11782,16355,16237,13997,13144,12049,11982,19808,33375,38579,41979,34428,35606,37822,32933,32633,31795,34686,25864,22776,14014,11575,7612,6739,12551,,
WVY,WVY1101,WPWF,waipipi,Wind,Wind,2026-07-08,9482,5216,4542,3021,1306,956,1557,4568,7086,8334,6146,748,5341,52642,62816,62821,62813,62792,61638,62787,62751,62684,62758,62781,62691,62793,62791,62797,62747,61742,60296,62601,62776,62790,62789,62786,62792,62788,62794,62794,62798,62799,62783,62789,62787,62216,60674,62252,,
WVY,WVY1101,WPWF,waipipi,Wind,Wind,2026-07-09,62309,62539,62765,62795,62780,62159,61392,61229,60415,60013,61421,60130,56601,57147,56568,51431,44469,43022,46495,48434,54770,55255,54449,53672,51649,56339,55875,59427,62146,62428,62799,62781,61903,61235,62792,62787,62781,62231,60460,60535,61057,62444,62691,62805,62674,62802,62803,62815,,
WVY,WVY1101,WPWF,waipipi,Wind,Wind,2026-07-10,62801,62813,62809,62819,62818,62822,62816,62820,62823,62821,62817,62816,62812,62809,62793,62786,62614,48522,15722,11802,8553,10274,6479,9006,12664,15517,15305,17502,16796,14716,10122,8655,6933,6980,6033,5451,2712,4298,5973,6979,5302,6349,9787,9830,9458,9253,6762,5908,,
WVY,WVY1101,WPWF,waipipi,Wind,Wind,2026-07-11,4722,3980,2347,779,12,86,1611,1152,1626,854,183,112,212,88,471,681,514,496,188,342,510,236,305,2433,3881,4799,6036,6269,5648,5309,4396,4533,4204,4304,3667,4839,6829,4257,3675,2616,1998,4435,9642,13721,15101,20697,21611,19488,,
WVY,WVY1101,WPWF,waipipi,Wind,Wind,2026-07-12,16540,17517,17946,16137,12080,9672,13231,16075,16467,12694,9395,7279,5709,4690,3025,2206,2036,1517,424,19,0,0,0,0,0,0,0,0,0,0,0,0,0,0,0,0,0,0,0,0,0,0,868,7196,9147,7767,15462,17958,,
WVY,WVY1101,WPWF,waipipi,Wind,Wind,2026-07-13,12995,10561,14760,27494,38207,30657,29827,32053,29744,24971,30357,26238,35627,34100,37746,35432,35868,48872,59042,50991,49282,56965,52037,44887,48291,53645,50951,47050,52695,48377,49304,50182,52678,52122,50908,55982,52937,53767,44637,41763,37233,41826,58812,61820,58821,49384,47509,57602,,
WVY,WVY1101,WPWF,waipipi,Wind,Wind,2026-07-14,61533,62155,56500,57880,56329,55126,48927,40443,39305,28373,25893,21331,20520,22854,24293,21578,17138,20988,22794,21319,20909,19146,18777,18267,21546,19663,18466,27631,20027,29073,36927,35631,38073,39501,27784,30680,28839,19310,19522,20935,28968,31490,25074,17921,22100,21125,27981,22838,,
WVY,WVY1101,WPWF,waipipi,Wind,Wind,2026-07-15,31510,29897,25976,19734,13530,10652,11153,9988,8404,9070,11481,23870,11521,9496,11973,9939,8021,7517,8879,9213,7497,7260,8196,9207,10921,14084,21736,24837,29512,31085,25888,24024,22925,13250,5127,10383,16215,21417,18562,16156,13286,15648,18411,21297,17889,20963,22486,19450,,
WVY,WVY1101,WPWF,waipipi,Wind,Wind,2026-07-16,18145,18582,24460,31579,42831,44898,40131,43907,43656,34285,33881,34013,35689,39839,36985,41926,43967,41665,45015,53623,56432,58979,48158,54695,48975,37683,36403,37524,33445,36185,40787,47998,39916,33236,37495,41181,40441,31802,19423,16999,17707,14932,13483,20566,38189,40357,41562,34295,,
WVY,WVY1101,WPWF,waipipi,Wind,Wind,2026-07-17,38075,33819,33730,29233,26358,36027,34798,41940,39688,45859,49914,51433,51680,48547,45380,51289,55838,58253,57901,59410,54725,51599,53032,50677,52440,57327,59066,57814,53519,56739,51415,53469,53235,44797,49247,52075,48962,40800,46931,34315,43329,44724,38790,44342,46901,47300,53401,60482,,
WVY,WVY1101,WPWF,waipipi,Wind,Wind,2026-07-18,58807,60516,60065,59887,62332,61828,59654,58609,60535,54989,58532,60988,56352,53621,57325,57652,53524,57229,58344,58078,58173,59116,60263,56582,58800,58699,59330,56371,57415,53202,52968,48590,40192,48939,52276,48017,43773,49174,50518,61095,61784,60478,61020,56894,58298,59827,54417,49682,,
WVY,WVY1101,WPWF,waipipi,Wind,Wind,2026-07-19,54219,50178,40632,43373,52312,49344,49974,49307,57764,52848,37597,45980,47567,48084,48559,44937,36109,32754,28311,28191,32592,32647,28467,24105,19771,15424,12837,11081,11219,12041,6604,2983,385,1,0,0,0,0,2476,7211,5817,6238,1893,3,323,12308,28022,38504,,
WVY,WVY1101,WPWF,waipipi,Wind,Wind,2026-07-20,34680,38032,33903,38391,39161,44693,43029,24690,21526,25837,29654,32569,20574,23492,25512,20999,15979,14468,20531,27607,21134,20498,20017,22029,21702,28479,32059,36206,37492,30727,27507,25817,25560,15203,10687,10841,10573,20352,24625,16561,15382,14106,10123,8997,10696,11379,13678,10758,,
WVY,WVY1101,WPWF,waipipi,Wind,Wind,2026-07-21,9727,10306,11375,13743,7215,465,0,0,0,0,0,0,3,9,1,0,0,0,0,0,0,0,0,0,0,0,0,0,81,1045,3595,2407,1658,4700,6830,9478,13213,12084,20456,33457,37803,28230,25989,19373,14374,13239,13857,12500,,
WVY,WVY1101,WPWF,waipipi,Wind,Wind,2026-07-22,17207,15888,14777,19306,16440,15217,13521,16990,17968,20710,20169,26684,20282,19110,9861,6356,2866,4480,2200,1615,10121,10449,7125,5889,3656,2725,981,25,1113,1,0,0,0,0,0,0,0,0,0,60,19,0,0,0,0,5,528,1131,,
WVY,WVY1101,WPWF,waipipi,Wind,Wind,2026-07-23,3931,4878,5039,5987,7738,11074,10387,13111,16616,24680,31082,30739,27928,20221,17673,17250,16174,15375,13664,13818,10990,8564,9753,11118,10547,12504,9403,5962,12426,18232,13630,9134,8192,10359,11065,11733,13818,13097,14997,17670,15848,21914,17566,20237,18391,14943,17875,17237,,
WVY,WVY1101,WPWF,waipipi,Wind,Wind,2026-07-24,18689,25095,29337,28041,28794,45422,31458,31362,31716,34911,37120,38864,37930,52829,55955,53899,54495,55284,57774,59833,61542,62158,61666,62126,53334,58425,61764,50676,48265,48887,37012,42690,47493,50131,48565,53331,52256,3923,2578,24537,29896,29991,30300,24594,17181,18472,35706,36302,,
WVY,WVY1101,WPWF,waipipi,Wind,Wind,2026-07-25,25774,27557,25255,19128,34219,13705,10506,2484,4880,5485,5684,17673,11477,6005,18398,30805,20753,25740,17024,11392,3863,45,6913,11420,31849,37861,45751,55861,62474,62805,62800,62798,62775,62623,62704,62550,62097,62078,61511,47730,37770,28233,23487,20928,22559,17447,12630,14337,,
WVY,WVY1101,WPWF,waipipi,Wind,Wind,2026-07-26,13516,7946,7211,5317,1341,327,137,2,72,0,0,0,0,1,1,826,1505,854,1480,2247,2436,3400,1796,230,1190,10037,16991,20689,23995,35524,38706,30452,26072,18810,12790,8010,6425,5804,13140,15003,10543,6383,4382,3975,1538,3974,1680,89,,
WVY,WVY1101,WPWF,waipipi,Wind,Wind,2026-07-27,99,235,0,0,0,0,0,0,0,0,0,0,0,0,0,0,0,0,0,0,1,1,0,0,0,0,0,0,0,5,52,1092,2180,2932,2184,1981,911,570,13,0,0,0,0,0,0,0,0,0,,
WVY,WVY1101,WPWF,waipipi,Wind,Wind,2026-07-28,0,0,0,0,0,0,0,0,0,0,0,0,0,0,0,0,0,0,0,0,0,0,0,0,0,0,0,0,0,0,0,0,0,0,0,0,0,0,0,0,0,0,0,0,0,0,0,0,,
WVY,WVY1101,WPWF,waipipi,Wind,Wind,2026-07-29,0,0,0,0,0,0,0,0,0,0,0,0,0,0,0,0,0,0,0,0,0,0,0,0,0,0,0,0,0,0,0,0,0,0,0,0,0,0,0,0,0,0,0,0,0,185,14448,31817,,
WVY,WVY1101,WPWF,waipipi,Wind,Wind,2026-07-30,33752,26738,29295,31844,41787,43834,38963,42876,35879,37259,35729,36903,38689,38948,38028,31617,37250,45015,41335,34344,36138,38116,49988,55629,54496,55605,54500,48466,43889,42209,46252,48737,38090,41791,44778,51369,54762,54045,52341,55849,61193,55031,52575,48890,41133,60444,52634,58522,,
WVY,WVY1101,WPWF,waipipi,Wind,Wind,2026-07-31,52910,46950,32850,31937,46334,42988,35204,45039,38135,32018,37534,41860,37160,52913,47446,43361,46050,36907,33820,41466,49529,45316,52277,60795,55580,58584,62407,61583,61857,61359,62502,62688,62467,62719,62693,62469,59981,59738,62202,62491,62158,56994,52132,58720,61680,57376,56615,56462,,
WWD,WWD1102,MERI,west_wind,Wind,Wind,2026-07-01,4,58,123,183,41,241,1432,2338,3474,3424,3807,2973,2932,2865,2900,2958,3199,3478,3555,3617,4492,4044,4200,4146,4283,3952,3900,3512,4027,3906,3243,4056,3407,3194,3315,4085,4913,5027,4687,5145,5133,4920,4149,3452,4272,4711,7498,7495,,
WWD,WWD1102,MERI,west_wind,Wind,Wind,2026-07-02,7620,7802,9395,9397,10309,11799,13925,12100,11209,12151,13120,12211,12618,17088,19061,18618,18884,18194,19446,21435,22288,21157,20654,19894,19152,19759,18885,19330,21299,21126,22165,23331,22745,22434,22651,25673,25588,22925,21957,19877,20389,20370,23850,25895,26168,27161,28243,28878,,
WWD,WWD1102,MERI,west_wind,Wind,Wind,2026-07-03,29105,28866,28233,27786,27444,27592,26797,27212,26771,25915,23761,23116,20321,18963,22814,23356,22568,21896,20928,21353,23281,25001,25297,26414,26284,25113,27758,27438,27127,26245,27134,28061,27162,27153,26183,27037,28292,28411,27998,27569,28034,28350,27792,28735,29768,30095,30789,31157,,
WWD,WWD1102,MERI,west_wind,Wind,Wind,2026-07-04,31204,31111,31062,30693,30960,30567,30576,30931,31192,31017,30360,30339,30008,30192,30612,30629,30291,30139,30126,30484,30267,30470,30953,31510,31295,30954,30819,30807,30710,30602,30252,31189,31112,30752,31336,31263,30608,30604,30209,30667,31425,31382,31296,31409,31188,31305,30568,30769,,
WWD,WWD1102,MERI,west_wind,Wind,Wind,2026-07-05,30784,31411,31505,31480,30757,30483,29443,31167,31211,30530,30602,30981,30071,29461,29523,27474,24891,24154,24754,28549,28383,28497,19892,25272,21682,22585,19995,22016,18138,17698,21039,17184,14606,15605,16815,12412,11471,8731,3208,2749,806,263,19,10,1212,6894,7901,7941,,
WWD,WWD1102,MERI,west_wind,Wind,Wind,2026-07-06,10601,18319,21164,25119,28392,29458,31710,31112,32095,32237,32344,32375,32279,32477,31208,32123,32235,32245,32152,31788,31412,30524,30021,28785,29084,29017,30533,30397,27804,25459,28534,31303,30957,31133,29917,29193,26696,19658,11806,16511,9701,10359,8805,13582,9328,10253,12138,12725,,
WWD,WWD1102,MERI,west_wind,Wind,Wind,2026-07-07,16839,17402,12240,9731,14877,17583,20392,18413,14908,11807,8545,6054,15486,25520,26486,22073,16053,19046,12588,6586,6574,6419,4575,8471,12941,14553,12948,8728,13604,23865,27691,28482,26122,24081,17967,14755,8894,14942,17272,21711,23235,26544,28579,29479,29531,27428,25792,27478,,
WWD,WWD1102,MERI,west_wind,Wind,Wind,2026-07-08,29360,29452,28166,26113,25967,23777,24396,27744,29489,28760,28091,26884,29417,29605,26976,26083,26505,26194,25109,24942,22753,22915,21716,23719,25407,26742,27254,25810,27112,28590,1970,36,27,21,22,31,36,31,35,40,46,34,39,41,50,50,46,32,,
WWD,WWD1102,MERI,west_wind,Wind,Wind,2026-07-09,35,36,34,33,34,34,35,33,31,32,37,32,36,49,56,44,23,39,47,25,19,24,33,24,23,45,37,28,26,32,34,33,36,45,35,26,34,44,45,35,34,47,46,38,10093,29084,28956,28606,,
WWD,WWD1102,MERI,west_wind,Wind,Wind,2026-07-10,27968,26536,26779,26386,26300,26186,26121,24534,23946,22365,23924,23202,22460,22259,22137,21181,22529,23321,24011,22605,19166,18108,20233,18459,21920,22207,21415,22332,22754,22018,22164,16913,13303,14094,14325,12375,13128,14157,15475,12852,8978,7733,7564,7465,6349,6114,10269,8992,,
WWD,WWD1102,MERI,west_wind,Wind,Wind,2026-07-11,8917,7829,5804,4070,5098,7253,7015,5754,3563,3569,3194,4950,2387,3288,1925,1421,1729,2886,2946,1936,1978,1007,684,1723,3088,3361,3297,2367,2256,1817,1754,1947,2536,1780,1418,913,1100,920,964,386,69,187,0,0,0,0,29,9,,
WWD,WWD1102,MERI,west_wind,Wind,Wind,2026-07-12,0,1,41,429,383,189,371,274,299,570,2,0,0,0,0,0,2,0,0,0,0,4,176,150,325,226,285,351,174,311,366,655,738,883,1272,1662,1981,2234,2294,2403,2746,3484,5366,7696,8542,10317,12859,13791,,
WWD,WWD1102,MERI,west_wind,Wind,Wind,2026-07-13,13130,14097,12266,12230,13493,16406,17570,17338,19907,21184,23166,22389,21544,23984,24000,22612,23189,24688,23610,23262,26763,27418,27848,26556,27951,27637,26177,27664,29542,29715,30061,29348,30324,29985,30263,30276,29739,28666,28998,29002,30437,30098,29844,30467,30341,30770,30316,30273,,
WWD,WWD1102,MERI,west_wind,Wind,Wind,2026-07-14,29363,29195,29433,30115,30112,30124,27131,27840,25690,25504,24227,25462,22974,23077,22673,20760,17432,23313,19962,20639,26171,28021,28835,28285,28708,28191,27626,28208,27254,25960,24885,26201,25029,29925,28462,27971,29802,28268,29823,30436,29797,30664,29522,30596,28560,29907,31315,31484,,
WWD,WWD1102,MERI,west_wind,Wind,Wind,2026-07-15,29140,23539,20575,22635,23954,21165,21026,19049,17035,18678,22490,23432,23846,20604,23910,23694,24547,22353,19362,17007,18569,20325,23496,22060,22117,23889,23310,20292,18015,21108,25973,28116,26787,26674,23820,21928,24726,23075,24275,27078,27152,25571,24693,23717,24287,23186,19536,15630,,
WWD,WWD1102,MERI,west_wind,Wind,Wind,2026-07-16,23290,27815,25865,25581,25684,24698,24413,23419,26991,27578,26133,24100,22802,22824,12227,21554,22306,20065,19926,16026,14100,5825,1786,678,154,10017,15798,13317,11437,9161,8347,7571,6141,6175,6453,5337,1994,1152,810,544,308,322,0,0,0,0,0,0,,
WWD,WWD1102,MERI,west_wind,Wind,Wind,2026-07-17,0,0,200,689,1557,2476,3803,6003,6573,6406,8565,11970,14174,18250,17079,17354,15908,15745,15092,12348,13217,14840,18329,18965,19232,21549,26115,28264,27850,22364,20299,19128,18191,20787,25771,26912,23411,22626,25486,27177,24758,24711,27354,27921,29497,30023,20725,21466,,
WWD,WWD1102,MERI,west_wind,Wind,Wind,2026-07-18,22701,27039,24390,26452,28131,29356,26474,20910,20617,23063,21936,21848,21193,20004,17198,16429,13778,10888,11341,10407,10723,11120,9410,8351,7721,7769,10215,11178,9292,10998,14144,16770,23346,25592,23766,23108,26627,25313,24753,25023,28353,26950,26373,23669,13029,21332,25346,17766,,
WWD,WWD1102,MERI,west_wind,Wind,Wind,2026-07-19,17047,8500,3459,127,97,750,1050,1322,1544,4784,5401,3943,4347,3731,2707,1658,1725,886,12,0,1,3001,2824,8744,8977,6850,7636,9723,12785,9690,8541,9031,11102,11838,14160,13335,10815,9677,12677,13426,14875,17540,18424,19066,18875,17602,18343,17296,,
WWD,WWD1102,MERI,west_wind,Wind,Wind,2026-07-20,12564,10553,6022,9202,8491,9616,7822,7994,7858,6572,3966,5492,6654,6822,6626,6632,6462,6294,5965,7255,8240,7360,4527,6836,6126,6662,6122,5829,3227,2994,3112,4015,2604,1651,1904,2127,3620,2821,2570,2047,1199,648,398,1,3,8,2,0,,
WWD,WWD1102,MERI,west_wind,Wind,Wind,2026-07-21,1,1,152,0,0,0,0,0,0,330,786,1393,3024,5106,5627,8036,10589,12170,11969,12576,11892,12949,13982,15446,16424,16360,16275,15246,16062,18889,20140,21221,19226,17162,16473,18676,17633,13736,13084,13021,15133,15070,15462,14756,14550,14048,12675,11717,,
WWD,WWD1102,MERI,west_wind,Wind,Wind,2026-07-22,11528,12354,11809,10140,7396,8087,8278,7320,7110,6691,5667,4172,2508,3269,2558,929,728,765,675,552,171,81,1,0,1,0,0,0,0,0,0,0,0,0,0,0,0,0,0,0,22,38,0,8,544,559,594,470,,
WWD,WWD1102,MERI,west_wind,Wind,Wind,2026-07-23,849,1543,2106,3307,6210,7731,9125,11041,10047,12621,15402,14948,14860,14900,17537,17277,17200,16932,16070,19773,21160,21060,20271,22069,23012,22646,22712,22526,22715,25930,25488,27802,28795,28966,28868,26880,27191,23955,26762,28715,29462,28581,28735,28668,28541,28386,28378,29097,,
WWD,WWD1102,MERI,west_wind,Wind,Wind,2026-07-24,30015,30111,30017,28809,28395,28395,29223,28318,28402,28142,29213,27713,26175,29054,29389,28515,28951,26923,25751,25982,25957,26401,24469,25014,25627,24229,24091,25764,27298,28283,29921,29428,28959,29231,28689,28280,28035,27704,26674,28021,27005,23557,24066,26127,25678,22454,18260,12118,,
WWD,WWD1102,MERI,west_wind,Wind,Wind,2026-07-25,16128,24518,23919,19432,22454,16630,10508,7660,6695,3042,19,151,626,14,0,0,0,434,874,2846,2339,9836,17333,24532,27847,29148,28932,28799,27313,27600,29063,28487,28741,28844,28263,28441,26646,26760,24530,24406,21265,22094,22846,23577,22176,23037,20251,15321,,
WWD,WWD1102,MERI,west_wind,Wind,Wind,2026-07-26,7519,6560,7280,8494,3232,5112,5233,2491,2905,2511,892,653,842,946,250,1,62,696,373,19,0,0,166,1131,825,1772,2667,4034,5294,6228,7143,4270,3836,5057,4065,3224,2669,2309,2213,924,708,103,909,1547,1214,1702,774,817,,
WWD,WWD1102,MERI,west_wind,Wind,Wind,2026-07-27,801,419,198,96,607,595,675,1219,881,829,1460,1812,1921,1570,1859,1939,1573,791,550,365,217,89,250,93,1,2,8,443,428,782,161,14,0,0,0,0,0,0,0,0,0,0,0,0,0,0,0,0,,
WWD,WWD1102,MERI,west_wind,Wind,Wind,2026-07-28,3,4,19,3,4,0,3,82,8,353,503,186,119,539,1049,1243,949,592,188,55,1,0,0,0,0,0,0,8,5,0,0,0,0,0,0,0,0,0,0,0,0,0,0,0,0,0,0,31,,
WWD,WWD1102,MERI,west_wind,Wind,Wind,2026-07-29,54,157,286,929,1438,1907,2594,3283,3776,5159,6113,9157,10252,10935,11030,13110,15182,15255,14474,15782,15695,16526,17518,18742,21745,20753,20610,19796,19761,20888,21662,26012,25353,23339,24217,23133,24686,24120,25432,26224,25715,25695,26212,26550,27360,28138,27097,27226,,
WWD,WWD1102,MERI,west_wind,Wind,Wind,2026-07-30,27868,26438,26592,27775,27610,27715,26280,25505,24815,26286,24381,23640,24378,26127,27482,28210,26018,25589,25769,25894,24091,23893,24615,23762,23445,23558,23059,23053,21762,24112,27140,27386,27448,27181,26925,25109,24681,24728,26322,28499,28374,27690,27566,26901,27682,27919,27532,26822,,
WWD,WWD1102,MERI,west_wind,Wind,Wind,2026-07-31,25394,26851,25611,24768,24892,24741,25314,24718,23709,21416,20392,23790,24761,25925,26412,26372,26032,24811,24327,25015,23905,21991,23246,22454,20473,18526,23270,24175,24316,25017,26593,27117,22797,19753,12646,11374,15095,16949,16534,17367,19726,14052,8995,4925,18919,17607,23560,25206,,
WWD,WWD1103,MERI,west_wind,Wind,Wind,2026-07-01,631,949,1437,2002,1894,2130,2827,3801,4324,4343,4673,3773,3911,4368,4485,4571,4698,4877,5391,4873,3843,3742,3724,3939,4245,3957,3693,3949,4049,3798,3112,3779,3442,3303,3876,4093,4727,5112,5155,6153,5804,5348,5921,4454,5406,5084,7857,9046,,
WWD,WWD1103,MERI,west_wind,Wind,Wind,2026-07-02,8207,7467,9959,11974,12512,12129,11578,11806,11804,11550,11913,13069,16584,18846,18541,17648,18045,20025,18898,18712,18934,17712,17117,18661,19158,20525,21003,21030,22111,22638,22232,22536,24675,23883,24563,25632,25345,25010,22951,21854,21925,20878,22074,24422,25327,26296,27169,26875,,
WWD,WWD1103,MERI,west_wind,Wind,Wind,2026-07-03,26629,25018,25883,25778,27360,26614,26470,26500,25923,24964,25182,24042,23588,24605,22288,17832,17652,17902,14293,14509,16094,18079,17040,15931,17295,18795,21982,22215,22347,23154,26069,27037,27147,27975,26301,26434,27275,26861,28170,27978,27900,28574,27953,27533,27798,27348,28267,26721,,
WWD,WWD1103,MERI,west_wind,Wind,Wind,2026-07-04,26978,27591,27466,27824,27066,28118,27435,26953,27106,27006,26706,26656,25713,25995,26229,26458,25491,24890,25056,25607,26528,27157,27267,28446,28133,28601,29458,29167,28816,28493,28113,27626,27522,28117,28040,27612,27019,26090,25816,24790,26322,25425,25032,26629,26818,26133,26007,25798,,
WWD,WWD1103,MERI,west_wind,Wind,Wind,2026-07-05,25599,26081,25672,25678,24981,24423,24395,26509,26882,26770,25858,26133,25858,24516,24158,23107,21490,21354,23164,21292,22816,25474,23307,22580,22847,23536,23814,22201,21026,20258,20599,17921,15812,17006,14240,10999,10032,7348,4406,4310,1711,1735,243,103,2095,4737,6578,8226,,
WWD,WWD1103,MERI,west_wind,Wind,Wind,2026-07-06,9114,12709,17458,20462,22030,23409,24904,24139,24681,24792,25205,24646,25179,25533,26082,25695,24312,20858,18799,16825,17162,16377,15463,17876,18071,18067,19208,16797,14741,16296,21365,23146,22549,22571,22682,21525,20327,15095,14215,13409,7121,6882,10504,7869,5877,8005,7989,7047,,
WWD,WWD1103,MERI,west_wind,Wind,Wind,2026-07-07,7678,10416,8614,10327,16057,18583,19393,18573,16848,14389,12475,14962,13222,15679,17429,17443,14468,11973,7859,3301,4552,4729,3593,4363,6871,7503,6557,4972,7673,14655,22098,22484,22476,19249,17254,9660,8466,14450,17424,18648,21577,21994,22322,22031,22286,20396,18823,20792,,
WWD,WWD1103,MERI,west_wind,Wind,Wind,2026-07-08,20641,20374,18636,18745,21019,20857,21282,23637,23948,23632,23042,22869,23164,25115,23891,24246,22232,20195,18579,19652,18705,15261,15235,17846,18380,20291,20240,21162,22535,22781,1510,45,38,31,45,46,46,29,30,44,45,37,41,47,45,53,45,36,,
WWD,WWD1103,MERI,west_wind,Wind,Wind,2026-07-09,34,33,40,36,41,39,37,35,36,37,33,50,49,39,38,33,37,31,25,30,38,27,26,31,40,31,29,30,30,23,25,27,38,41,29,15,20,19,16,16,20,35,42,44,8968,25227,24422,24708,,
WWD,WWD1103,MERI,west_wind,Wind,Wind,2026-07-10,24691,24228,24018,24074,23338,23590,23736,23488,23064,22434,22790,22869,22630,22417,22023,21378,21559,21793,21498,20063,19653,19601,18548,19809,20395,19893,20536,20331,20289,20403,18955,17358,16265,16463,15896,16893,17048,16028,14548,14482,14902,13196,10677,10314,10788,9691,11242,8603,,
WWD,WWD1103,MERI,west_wind,Wind,Wind,2026-07-11,10643,9886,8445,9133,11039,9385,8470,9299,8081,6932,7536,8142,6809,7454,5067,5114,4502,5380,4799,4099,3033,2607,3133,4315,4092,3988,4317,4617,4133,3115,3313,3732,3729,3302,2866,3172,2749,2538,2173,2634,2489,1138,540,709,1315,1545,1392,1396,,
WWD,WWD1103,MERI,west_wind,Wind,Wind,2026-07-12,857,631,336,430,323,83,90,382,699,700,186,0,0,0,0,0,77,88,36,0,1,18,110,107,392,388,365,361,293,419,556,889,1048,1473,2344,2508,3059,3983,5019,5906,7122,7041,7622,7861,10239,10252,11818,12724,,
WWD,WWD1103,MERI,west_wind,Wind,Wind,2026-07-13,14018,15066,15053,16507,16487,18251,18629,18840,18233,17313,16725,16202,18529,21018,21748,23670,21685,20027,20840,21855,24081,23812,22748,24525,25307,25861,25250,25403,25694,26604,27116,27985,28632,28079,27433,27912,27141,27947,28858,27470,28497,28052,27554,27008,26548,26841,26651,27134,,
WWD,WWD1103,MERI,west_wind,Wind,Wind,2026-07-14,27613,27693,27172,28038,28575,27731,27011,27696,26778,27110,24945,23974,23739,20431,20356,22563,21282,21873,21379,20857,24489,24256,24379,24810,26498,27595,25301,24687,24616,28070,29273,29384,29855,30193,30216,30371,29536,29065,28434,29393,30523,29734,30419,29042,26996,27192,28494,28806,,
WWD,WWD1103,MERI,west_wind,Wind,Wind,2026-07-15,26130,23259,23271,23985,22059,20566,21418,19992,19081,21217,21846,20939,22502,19765,21451,23779,26149,25231,23399,20378,19639,18159,18534,16035,17962,20491,20858,20184,20853,23513,25409,26142,26540,25981,25886,27928,27139,27738,28559,29349,30351,29277,29010,28621,28585,27742,26391,27431,,
WWD,WWD1103,MERI,west_wind,Wind,Wind,2026-07-16,28990,27560,27777,27488,27741,26056,28004,27752,26797,27506,24259,22088,24576,23553,19128,24193,21043,18517,16954,16451,13086,8491,7063,5215,4578,13557,9941,7356,5492,4307,3805,2567,2812,2610,2033,1957,1093,390,37,7,6,3,0,0,0,0,0,0,,
WWD,WWD1103,MERI,west_wind,Wind,Wind,2026-07-17,13,436,572,1245,2156,3406,6374,9124,9852,10959,12398,16031,17714,20153,22010,23407,21171,19529,20145,17231,18425,17952,18843,19245,18863,19409,21566,23187,23041,22207,22715,21255,20320,21889,23394,24384,23879,22650,24962,26632,25280,25996,27947,28616,28562,28461,24440,25526,,
WWD,WWD1103,MERI,west_wind,Wind,Wind,2026-07-18,21798,22490,21611,24974,25377,25998,26179,23496,21715,19671,18893,20337,18058,17172,16769,15793,14832,11223,11055,9800,11940,12591,11486,11210,10617,10731,14287,14897,16040,17533,21801,22688,25988,26030,25108,22058,24411,25625,23756,23714,22617,20986,20244,15646,9958,12561,15711,13813,,
WWD,WWD1103,MERI,west_wind,Wind,Wind,2026-07-19,11225,5783,1549,718,1000,1129,1754,2194,2362,3975,5746,7263,7824,7186,5190,4555,4013,3032,493,0,827,4115,4080,7980,9395,6626,7905,11753,15269,11750,8296,8946,7900,7998,8090,9517,10194,9643,10406,10254,10197,11791,9555,9209,10253,11485,12569,11798,,
WWD,WWD1103,MERI,west_wind,Wind,Wind,2026-07-20,10070,7886,6101,7182,8038,9853,8435,9801,9904,7712,5835,6943,7656,7808,9170,8780,8633,7323,7116,5929,5535,5457,6458,5189,3965,4400,4910,3779,3166,2710,2213,2362,1723,1510,1776,2334,2869,2637,1967,1848,1186,746,664,152,0,0,0,0,,
WWD,WWD1103,MERI,west_wind,Wind,Wind,2026-07-21,0,0,0,0,0,0,0,0,239,908,2136,3742,5965,9230,10567,12899,14738,15038,14169,14453,13443,11916,13066,14099,16862,16307,16027,14987,16640,17606,18272,18240,18530,18325,17116,16137,16990,15144,15626,16004,16932,16037,15077,13191,13873,12727,11217,12250,,
WWD,WWD1103,MERI,west_wind,Wind,Wind,2026-07-22,11112,12222,12107,9138,8424,8582,8036,7751,7644,7215,5498,4866,3767,4566,3260,1268,1195,1103,903,814,322,100,7,5,15,0,0,0,0,0,0,0,0,0,0,0,0,0,73,329,1119,757,737,954,1527,1785,2258,2488,,
WWD,WWD1103,MERI,west_wind,Wind,Wind,2026-07-23,3276,3808,4424,5373,8128,11659,12935,14602,17541,19573,20731,21922,20812,21331,21947,21828,22544,22056,23530,23034,21659,22606,24674,26404,27284,28044,28132,27424,27655,27349,27386,28293,27836,27963,28504,28316,28425,27902,26575,29156,29411,29499,29988,30383,29703,28678,29994,29597,,
WWD,WWD1103,MERI,west_wind,Wind,Wind,2026-07-24,28937,29769,29369,29003,29526,30336,30503,30466,30237,30301,28435,27794,26682,28454,29210,29036,28821,28668,28456,28207,27905,27457,27113,27920,26707,24591,23307,24098,25590,26233,26678,26491,25746,26089,26200,26756,26095,25950,25506,27437,26745,25352,26068,27658,25706,23965,22208,18250,,
WWD,WWD1103,MERI,west_wind,Wind,Wind,2026-07-25,21975,23677,22455,21293,22100,15950,10923,8546,7697,3853,227,579,1245,92,3,26,321,1741,4191,7131,9942,16851,22319,26067,27065,27162,26413,27096,27051,27711,27022,27550,27900,27225,26817,26038,25572,25286,25726,25001,23429,22513,21388,19541,19449,19107,17335,15446,,
WWD,WWD1103,MERI,west_wind,Wind,Wind,2026-07-26,12855,11728,11072,11166,7255,5419,4383,2882,2446,2106,1203,1130,977,1131,1053,1879,2061,2162,1768,575,311,1002,1628,1137,1575,2281,3115,3862,5125,5901,5254,3815,4450,4100,3040,3212,2727,2370,2218,1503,1287,775,887,1342,1307,2615,2541,2140,,
WWD,WWD1103,MERI,west_wind,Wind,Wind,2026-07-27,1748,1842,1500,1032,1478,1261,1479,1793,1316,1202,1961,1629,1634,1168,1691,1787,941,751,579,320,159,205,671,196,223,166,131,597,864,999,84,2,0,0,0,0,0,0,0,0,0,0,0,0,0,0,1,164,,
WWD,WWD1103,MERI,west_wind,Wind,Wind,2026-07-28,689,1126,877,313,673,647,675,1085,436,1090,1326,829,775,1327,1407,2077,1605,1013,792,653,227,2,0,0,0,0,0,0,0,0,0,0,0,0,0,0,0,0,0,0,0,0,0,0,0,0,23,797,,
WWD,WWD1103,MERI,west_wind,Wind,Wind,2026-07-29,956,1048,1377,2121,3225,4554,6186,7848,8221,10160,12762,17615,18286,18096,20169,21113,20150,20010,20612,21873,23797,21773,20409,21716,23733,22837,23662,25112,26705,27367,27628,28548,27880,28222,28181,27575,27918,26414,27003,25903,26059,26592,27506,28735,28396,27082,27309,27461,,
WWD,WWD1103,MERI,west_wind,Wind,Wind,2026-07-30,27370,29188,29563,28660,29163,27936,28354,27995,27643,26154,26038,25920,26910,26767,28790,29816,28432,28525,28951,28941,28003,27459,27201,27699,28600,28884,28914,27943,27598,27738,27664,27548,27396,27497,26798,23914,24987,24951,25123,24091,23770,22837,23220,22953,22364,23328,24624,24434,,
WWD,WWD1103,MERI,west_wind,Wind,Wind,2026-07-31,23804,24445,23610,23740,23644,23650,23954,23811,23159,21650,18519,20843,22283,22527,23304,22112,23098,22825,24777,22469,21151,16645,13955,12422,12384,13861,15410,14041,16055,20247,23156,19794,15409,15455,13575,11526,14174,16901,18585,19941,19000,16291,12171,11201,18388,20965,22730,23552,,
